index,tiras,negatividade,neutralidade,positividade,sentimento_dominante,toxicity,severe_toxicity,obscene,identity_attack,insult,threat,sexual_explicit,p_toxicity,Creator Name,Game Environment,Video Name,toxicidade,class_detoxify,class_perspective,classificacao_ia,texto_exibicao,Anotador_1,Anotador_2
4,"Pra janta, olha eu não sei cara, umas 3 maçãs talvez, umas 3 maçãs vai, vá para casa, por que eu tô olhando para baixo? Vá para casa, é comigo mesmo, vou levar minhas três maçãs para casa, essa vai ser minha janta. Não quero comer nada muito pesado, porque já tá tarde da noite, não vai dar para fazer a digestão direito e tal, eu disse que não é bom comer nada muito pesado a noite né, antes de dormir, quem ouve eu falando acho que eu faço isso, eu não bato uma pratada a noite, não tá nem aí, a minha casa era uma das últimas? Era essa aqui? Meu Deus cara, que susto, o cara tá me stalkeando aqui em casa, o Ismaelimã, o que está fazendo da sua vida cara? O que está fazendo? Vai morar na sua casa lá cara, vai dormir, tá tarde da noite e você fica stalkeando os outros aqui meu?",0.1922368854284286,0.7737963199615479,0.0339668504893779,NEU,0.0448640398681163,0.000611393013969,0.0083371736109256,0.0035559320822358,0.011781339533627,0.0020847059786319,0.0012549494858831,0.1104733,Tex HS,Roblox,cuidado com o SMILING MAN [5A4NyBJFqYI],,NT,NT,NT,"🎬 Canal: Tex HS | 🎥 Vídeo: cuidado com o SMILING MAN [5A4NyBJFqYI]
⏱️ Segmento/Index: 4
🤖 Consenso de IA: NT (Detoxify: 0.045 | Perspective: 0.11)
──────────────────────────────────────────────────
Fala transcrita:
""Pra janta, olha eu não sei cara, umas 3 maçãs talvez, umas 3 maçãs vai, vá para casa, por que eu tô olhando para baixo? Vá para casa, é comigo mesmo, vou levar minhas três maçãs para casa, essa vai ser minha janta. Não quero comer nada muito pesado, porque já tá tarde da noite, não vai dar para fazer a digestão direito e tal, eu disse que não é bom comer nada muito pesado a noite né, antes de dormir, quem ouve eu falando acho que eu faço isso, eu não bato uma pratada a noite, não tá nem aí, a minha casa era uma das últimas? Era essa aqui? Meu Deus cara, que susto, o cara tá me stalkeando aqui em casa, o Ismaelimã, o que está fazendo da sua vida cara? O que está fazendo? Vai morar na sua casa lá cara, vai dormir, tá tarde da noite e você fica stalkeando os outros aqui meu?""",Avaliador_A,Avaliador_B
15,"É isso, mesa de encantamentos, tá na hora, eu vou pegar a fiação 1 aqui pra minha espada, ah, eu tirei da mesa de encantamentos, ela já virou outra coisa, mas eu ainda vou encantar o meu peitoral e a minha calça, inclusive eu já vou deixar o meu peitoral aqui no meu inventário, porque aí quando eu ver a próxima mesa de encantamentos eu já tô prontinho pra colocar o peitoral na mesa. Aham, beleza, cadê? Eu tô andando um monte aqui, até agora não vi um bloco de lápis lazuli, diamante eu não preciso mais! Eu acho que nem é necessário tanto assim encantar, David, porque você não vai conseguir coisas tão boas, o que eu preciso, que eu tô precisando muito, é uma mesa de trabalho, mas eu não encontro! O Creeper apareceu aqui bem na hora que eu encontrei mais um bloco de diamante, eu também tô precisando de uma mesa de trabalho agora! Ah, eu tô com um bloco de lápis lazuli, calma! Não, não, Creeper, não, meu bloco, cara! Ah, veio lápis! Fiz a armadura completa de diamante, finalmente! Robin, você quer diamante? Eu já tenho diamante, só falta a mesa de trabalho, só falta eu ficar com o diamante aqui, você e o David já ficaram! É, mas cadê a mesa de encantamentos? Achei, eu preciso só encostar nela, não, ela virou outra coisa!",0.0503536090254783,0.6892471313476562,0.2603992819786072,NEU,0.3070980906486511,0.0074313543736934,0.0590021349489688,0.0037928211968392,0.0343584194779396,0.011044418439269,0.0139926085248589,0.21642438,Robin Hood Gamer,Minecraft,Minecraft mas onde você olha blocos aleatórios aparecem... [vTfvO00a6CI],,GZ,GZ,GZ,"🎬 Canal: Robin Hood Gamer | 🎥 Vídeo: Minecraft mas onde você olha blocos aleatórios aparecem... [vTfvO00a6CI]
⏱️ Segmento/Index: 15
🤖 Consenso de IA: GZ (Detoxify: 0.307 | Perspective: 0.216)
──────────────────────────────────────────────────
Fala transcrita:
""É isso, mesa de encantamentos, tá na hora, eu vou pegar a fiação 1 aqui pra minha espada, ah, eu tirei da mesa de encantamentos, ela já virou outra coisa, mas eu ainda vou encantar o meu peitoral e a minha calça, inclusive eu já vou deixar o meu peitoral aqui no meu inventário, porque aí quando eu ver a próxima mesa de encantamentos eu já tô prontinho pra colocar o peitoral na mesa. Aham, beleza, cadê? Eu tô andando um monte aqui, até agora não vi um bloco de lápis lazuli, diamante eu não preciso mais! Eu acho que nem é necessário tanto assim encantar, David, porque você não vai conseguir coisas tão boas, o que eu preciso, que eu tô precisando muito, é uma mesa de trabalho, mas eu não encontro! O Creeper apareceu aqui bem na hora que eu encontrei mais um bloco de diamante, eu também tô precisando de uma mesa de trabalho agora! Ah, eu tô com um bloco de lápis lazuli, calma! Não, não, Creeper, não, meu bloco, cara! Ah, veio lápis! Fiz a armadura completa de diamante, finalmente! Robin, você quer diamante? Eu já tenho diamante, só falta a mesa de trabalho, só falta eu ficar com o diamante aqui, você e o David já ficaram! É, mas cadê a mesa de encantamentos? Achei, eu preciso só encostar nela, não, ela virou outra coisa!""",Avaliador_A,Avaliador_B
2,"Cadê, vai! Vai pra essa... Não, tem que matar ela mesmo, mata você primeiro pra você testar, Eduardo Meu Deus... Eduardo, acerta tudo, menos a galinha Matei! Tadinha da galinha, gente! Agora o que que eu faço? Agora, vê se desbloqueou, pra mim não desbloqueou, né? Porque não fui eu que matei a galinha Desbloqueou, desbloqueou, desbloqueou! Vai, Eduardo, testa esse negócio aí então Tem que apertar... Olha, tudo que sobe é... Não sei se você sabe, desce Pera, você tá descendo... Eu pensei que ia descer igual a galinha Não desceu Eduardo, eu não vou dar mole e já vou pegar aqui uma madeira que eu também quero pegar uma galinha Vou te ajudar Pega a outra madeira, não pega a mesma que eu não, né, maluca? Isso aqui é craft interval, vou fazer uma picareta porque eu vou pegar emprestado, né? A casa do amigo aqui, ó Porque...",0.9290189146995544,0.0551084242761135,0.0158727131783962,NEG,0.9297595620155334,0.0090491734445095,0.0414635241031646,0.0041811717674136,0.0504553951323032,0.2445729374885559,0.0093729207292199,0.584095,Marcelodrv,Minecraft,COMO GANHAR os PODERES dos MOBS DO MINECRAFT [aT6dun2i92g],,T,T,T,"🎬 Canal: Marcelodrv | 🎥 Vídeo: COMO GANHAR os PODERES dos MOBS DO MINECRAFT [aT6dun2i92g]
⏱️ Segmento/Index: 2
🤖 Consenso de IA: T (Detoxify: 0.93 | Perspective: 0.584)
──────────────────────────────────────────────────
Fala transcrita:
""Cadê, vai! Vai pra essa... Não, tem que matar ela mesmo, mata você primeiro pra você testar, Eduardo Meu Deus... Eduardo, acerta tudo, menos a galinha Matei! Tadinha da galinha, gente! Agora o que que eu faço? Agora, vê se desbloqueou, pra mim não desbloqueou, né? Porque não fui eu que matei a galinha Desbloqueou, desbloqueou, desbloqueou! Vai, Eduardo, testa esse negócio aí então Tem que apertar... Olha, tudo que sobe é... Não sei se você sabe, desce Pera, você tá descendo... Eu pensei que ia descer igual a galinha Não desceu Eduardo, eu não vou dar mole e já vou pegar aqui uma madeira que eu também quero pegar uma galinha Vou te ajudar Pega a outra madeira, não pega a mesma que eu não, né, maluca? Isso aqui é craft interval, vou fazer uma picareta porque eu vou pegar emprestado, né? A casa do amigo aqui, ó Porque...""",Avaliador_A,Avaliador_B
2,Onde é que é? Onde é que é? Onde é que é? Onde é que é? Onde é que é? Onde é que é? Onde é que é?,0.1368171423673629,0.8278830647468567,0.0352998040616512,NEU,0.0011380949290469,0.0035878394264727,0.0283036213368177,0.0037463172338902,0.0215559061616659,0.001693672616966,0.0008003447437658,0.0068799187,Luluca Games,Roblox,Roblox - FUI PRESA COM MINHA MÃE NA PRISÃO DO SR. BOOMER Escape Mr. Boomers Prison  Luluca Games [ZF-hWVvBXA0],0.1368171870708465,NT,NT,NT,"🎬 Canal: Luluca Games | 🎥 Vídeo: Roblox - FUI PRESA COM MINHA MÃE NA PRISÃO DO SR. BOOMER Escape Mr. Boomers Prison  Luluca Games [ZF-hWVvBXA0]
⏱️ Segmento/Index: 2
🤖 Consenso de IA: NT (Detoxify: 0.001 | Perspective: 0.007)
──────────────────────────────────────────────────
Fala transcrita:
""Onde é que é? Onde é que é? Onde é que é? Onde é que é? Onde é que é? Onde é que é? Onde é que é?""",Avaliador_A,Avaliador_B
4,"Pronto. Nossa, lá vai. Lá vai. Tem que bater a hundi pra responder. Mano, você... eu vou botar aqui, ó, vou botar o botão aqui, ó. Pera aí. Então, beleza, vai. Quem está de vermelho é o Lipão, não é isso? Isso, vai. Passa ou repassa ao vivo? Quem está de branco, quem é que está de branco? Sou eu, sou eu, bibi. Boa. Bibi, muito bem. Pergunta. Atenção, mão na orelha. Mão na orelha. Mão na orelha. Mão na orelha, bota... Ai, meu Deus. Tira a mão do mouse, Lipão, tira a mão do mouse. Eu tire a mão do mouse, estou aqui com a mão na orelha já. Como é que se diz arco-íris em inglês? A bibi. A bibi. Foi a bibi, foi a bibi. Bibi. Arco-íris... Rainbow. Certa a resposta. A gente não sabia. Bota na cara do Bibi. Bibi! Não vou lhe dar uma tratada, não. Não vou lhe dar uma tratada, não. Bota na cara do Bibi. Vai, espoque Kauê agora, hein, mano? Vai lá, espoque Kauêzinho no passo ou repassa no Minecraft. Assim, Kauê. Levanta a mão, os dois levantam a mão. A gente está aqui, eu sou o juiz dos dois, mano. Ó, a galera vai ver, mano. O primeiro, ó, eu vou ter que me mear meu pontinho. Isso aqui é apertar, né? Quem está de verde? É, quem é apertar?",0.0584390312433242,0.5512672066688538,0.3902937769889831,NEU,0.2248035371303558,0.0031983412336558,0.0456046499311924,0.0049427603371441,0.0299373343586921,0.0097682094201445,0.0258393250405788,0.295883,AuthenticGames,Minecraft,SURVIVAL COM CELSO PORTIOLLI E BIBI [Bs1767uhq84],,GZ,GZ,GZ,"🎬 Canal: AuthenticGames | 🎥 Vídeo: SURVIVAL COM CELSO PORTIOLLI E BIBI [Bs1767uhq84]
⏱️ Segmento/Index: 4
🤖 Consenso de IA: GZ (Detoxify: 0.225 | Perspective: 0.296)
──────────────────────────────────────────────────
Fala transcrita:
""Pronto. Nossa, lá vai. Lá vai. Tem que bater a hundi pra responder. Mano, você... eu vou botar aqui, ó, vou botar o botão aqui, ó. Pera aí. Então, beleza, vai. Quem está de vermelho é o Lipão, não é isso? Isso, vai. Passa ou repassa ao vivo? Quem está de branco, quem é que está de branco? Sou eu, sou eu, bibi. Boa. Bibi, muito bem. Pergunta. Atenção, mão na orelha. Mão na orelha. Mão na orelha. Mão na orelha, bota... Ai, meu Deus. Tira a mão do mouse, Lipão, tira a mão do mouse. Eu tire a mão do mouse, estou aqui com a mão na orelha já. Como é que se diz arco-íris em inglês? A bibi. A bibi. Foi a bibi, foi a bibi. Bibi. Arco-íris... Rainbow. Certa a resposta. A gente não sabia. Bota na cara do Bibi. Bibi! Não vou lhe dar uma tratada, não. Não vou lhe dar uma tratada, não. Bota na cara do Bibi. Vai, espoque Kauê agora, hein, mano? Vai lá, espoque Kauêzinho no passo ou repassa no Minecraft. Assim, Kauê. Levanta a mão, os dois levantam a mão. A gente está aqui, eu sou o juiz dos dois, mano. Ó, a galera vai ver, mano. O primeiro, ó, eu vou ter que me mear meu pontinho. Isso aqui é apertar, né? Quem está de verde? É, quem é apertar?""",Avaliador_A,Avaliador_B
20,"a esmeralda, vê se da pra comprar uma pelo menos pra você ir lá aham, da comprei uma só que eu não preciso de eles não colocaram a desidia? eu acho que era você acha? eu acho que sim ai gente como eu quase quebrei a cama deles só tava com uma mãe você tem alguma coisa? porque eu não tenho nada mãe ele ta vindo pra cá ai meu deus ali ali a que que é isso? ai ele jogou um monte de bicho na gente socorro ai ai ai sai dai sai dai não, mata esse bicho onde? ali, construindo ponte ai ele ta aqui? sim, ta é que tem um que ta invisível, ele deve ta tentando quebrar a nossa cama ai, to indo pra deles cadê você?",0.7186915278434753,0.221496045589447,0.0598124340176582,NEG,0.343061238527298,0.0019494021544232,0.055209957063198,0.0014474893687292,0.0529225207865238,0.0226462166756391,0.0032681049779057,0.34757367,Julia MineGirl,Roblox,Minecraft - BED WARS MAIS EMOCIONANTE [GqgSxP7uLBc],,GZ,GZ,GZ,"🎬 Canal: Julia MineGirl | 🎥 Vídeo: Minecraft - BED WARS MAIS EMOCIONANTE [GqgSxP7uLBc]
⏱️ Segmento/Index: 20
🤖 Consenso de IA: GZ (Detoxify: 0.343 | Perspective: 0.348)
──────────────────────────────────────────────────
Fala transcrita:
""a esmeralda, vê se da pra comprar uma pelo menos pra você ir lá aham, da comprei uma só que eu não preciso de eles não colocaram a desidia? eu acho que era você acha? eu acho que sim ai gente como eu quase quebrei a cama deles só tava com uma mãe você tem alguma coisa? porque eu não tenho nada mãe ele ta vindo pra cá ai meu deus ali ali a que que é isso? ai ele jogou um monte de bicho na gente socorro ai ai ai sai dai sai dai não, mata esse bicho onde? ali, construindo ponte ai ele ta aqui? sim, ta é que tem um que ta invisível, ele deve ta tentando quebrar a nossa cama ai, to indo pra deles cadê você?""",Avaliador_A,Avaliador_B
1,"Eles estão todos aqui nesses mini baús Se eu abro o baú... Ai! Ai, eu não consigo abrir o baú de tão pequeno que ele é Mas se vocês olharem ali tem os móveis Só que agora eu preciso colocar todos esses móveis dentro da minha casa E eu não tô com muita vontade de fazer isso Eu preciso conseguir alguém pra colocar os mini móveis dentro da minha casa Eu já tenho uma ideia, os meus amigos estão lá embaixo e eu vou chamar eles pra brincar comigo Mas na verdade o que eu vou fazer eles é colocar na minha casinha de boneca e vou colocar eles pra trabalhar Ô Bala! Oi, oi, oi, eu tô afim de brincar na casa do Atus Ah, eu quero ir também, olha essa casona, deve ser muito legal brincar lá Bora, bora brincar, ô Naru, bora! Bora, Naru, bora! Não dá, gente, pra ir agora, o cachorro tá latindo e chorando, eu não sei o que que ele quer Bora, bora brincar com o Atus Bora lá, bora lá, olha também essa casona Mas agora não dá, ele tá chorando Toque, toque Toque, toque, toque Olha só, acho que meus amigos chegaram, e aí o Bala e o Furious, eu vou abrir a porta pra eles Oi, Bala, Furious!",0.1456707417964935,0.5870258212089539,0.2673034369945526,NEU,0.0348536223173141,0.0037000668235123,0.0372898429632186,0.0031085666269063,0.0293555073440074,0.0034352717921137,0.0018213798757642,0.1641865,Athos,Minecraft,TRANQUEI MEUS AMIGOS EM UMA CASA DE BONECAS NO MINECRAFT [a0byNXW8BJQ],,NT,NT,NT,"🎬 Canal: Athos | 🎥 Vídeo: TRANQUEI MEUS AMIGOS EM UMA CASA DE BONECAS NO MINECRAFT [a0byNXW8BJQ]
⏱️ Segmento/Index: 1
🤖 Consenso de IA: NT (Detoxify: 0.035 | Perspective: 0.164)
──────────────────────────────────────────────────
Fala transcrita:
""Eles estão todos aqui nesses mini baús Se eu abro o baú... Ai! Ai, eu não consigo abrir o baú de tão pequeno que ele é Mas se vocês olharem ali tem os móveis Só que agora eu preciso colocar todos esses móveis dentro da minha casa E eu não tô com muita vontade de fazer isso Eu preciso conseguir alguém pra colocar os mini móveis dentro da minha casa Eu já tenho uma ideia, os meus amigos estão lá embaixo e eu vou chamar eles pra brincar comigo Mas na verdade o que eu vou fazer eles é colocar na minha casinha de boneca e vou colocar eles pra trabalhar Ô Bala! Oi, oi, oi, eu tô afim de brincar na casa do Atus Ah, eu quero ir também, olha essa casona, deve ser muito legal brincar lá Bora, bora brincar, ô Naru, bora! Bora, Naru, bora! Não dá, gente, pra ir agora, o cachorro tá latindo e chorando, eu não sei o que que ele quer Bora, bora brincar com o Atus Bora lá, bora lá, olha também essa casona Mas agora não dá, ele tá chorando Toque, toque Toque, toque, toque Olha só, acho que meus amigos chegaram, e aí o Bala e o Furious, eu vou abrir a porta pra eles Oi, Bala, Furious!""",Avaliador_A,Avaliador_B
5,"Olha pra tu ver se tem arma aqui É mesmo aqui, não tem arma não Não tem não, só achei essa daqui mandando pra cima É verdade, é verdade Eu tive aqui ó, quero atravessar rios e mares pra pegar essa arma aqui Ah é verdade, não tem arma aqui não Tu é uma ótima du, tu é sincero, extrovertido, confiável Eu gosto de jogar com tu por causa disso Ó, mas se tu tivesse... se tu tivesse arma tu me dava né? Dava pô, é porque eu só tenho essa daqui Tu quer que eu dê ela pra tu e eu fico sem arma? Não, é melhor tu ficar com ela, tu joga melhor, derdável Tá vendo? Pois é, mas se eu tivesse ela tu dava Ó pô, eu vou lá na frente tentar pegar a arma e tu me protege viu Pode ir pô, pode ir Tu vai olhando Tu vai nas minhas costas Quase de olho fechado meu parceiro Tu vai nas minhas costas, tá vendo?",0.140211284160614,0.6487056016921997,0.211083173751831,NEU,0.64927077293396,0.0096057951450347,0.05893175303936,0.0032611363567411,0.0482086353003978,0.0277335811406373,0.0160062927752733,0.30514878,meu nome é david,Roblox,FREE FIRE NA VIDA REAL - EXPECTATIVA VS REALIDADE 3 [mP0M-3P1Ae4],,GZ,GZ,GZ,"🎬 Canal: meu nome é david | 🎥 Vídeo: FREE FIRE NA VIDA REAL - EXPECTATIVA VS REALIDADE 3 [mP0M-3P1Ae4]
⏱️ Segmento/Index: 5
🤖 Consenso de IA: GZ (Detoxify: 0.649 | Perspective: 0.305)
──────────────────────────────────────────────────
Fala transcrita:
""Olha pra tu ver se tem arma aqui É mesmo aqui, não tem arma não Não tem não, só achei essa daqui mandando pra cima É verdade, é verdade Eu tive aqui ó, quero atravessar rios e mares pra pegar essa arma aqui Ah é verdade, não tem arma aqui não Tu é uma ótima du, tu é sincero, extrovertido, confiável Eu gosto de jogar com tu por causa disso Ó, mas se tu tivesse... se tu tivesse arma tu me dava né? Dava pô, é porque eu só tenho essa daqui Tu quer que eu dê ela pra tu e eu fico sem arma? Não, é melhor tu ficar com ela, tu joga melhor, derdável Tá vendo? Pois é, mas se eu tivesse ela tu dava Ó pô, eu vou lá na frente tentar pegar a arma e tu me protege viu Pode ir pô, pode ir Tu vai olhando Tu vai nas minhas costas Quase de olho fechado meu parceiro Tu vai nas minhas costas, tá vendo?""",Avaliador_A,Avaliador_B
1,"Esse aqui é o meu segundo livro, é um livrão de atividades. Olha que demais, pessoal! Vou virar aqui pra vocês verem atrás. Lu Luca no mundo dos desafios! E aqui dentro tá cheeeeeenho de desafios pra gente brincar e se divertir muuuuito juntinhos! Aí, pessoal! Eu amei demais! Um spoiler, eu vou ser muito rápida pra vocês. Lu Luca, mas quanto que vai lançar? Vocês são curiosos assim como eu, né? Logo, logo, o nosso livro já vai ser lançado! Então, fiquem ligadinhos nas minhas redes sociais aqui no YouTube, lá no meu Instagram, que eu vou contando tudo pra vocês! Dato de lançamento, tarde de autógrafos que eu adoro demais porque eu amo encontrar os meus pandinhas! E eu tenho certeza que vocês vão amar o livro assim como eu! Vamos pro vídeo! Então, vamos em Estados Unidos... Olha, vamos ler aqui.",0.013051439076662,0.1982917785644531,0.7886567115783691,POS,0.0346302837133407,0.0013229658361524,0.0281647201627492,0.0015586428344249,0.0099259726703166,0.0008255374850705,0.001769024413079,0.058490243,Luluca Games,Roblox,Roblox - A COZINHEIRA MALUCA Restaurant Tycoon 2  Luluca Games [BDXD1EzOWOg],0.0130514064803719,NT,NT,NT,"🎬 Canal: Luluca Games | 🎥 Vídeo: Roblox - A COZINHEIRA MALUCA Restaurant Tycoon 2  Luluca Games [BDXD1EzOWOg]
⏱️ Segmento/Index: 1
🤖 Consenso de IA: NT (Detoxify: 0.035 | Perspective: 0.058)
──────────────────────────────────────────────────
Fala transcrita:
""Esse aqui é o meu segundo livro, é um livrão de atividades. Olha que demais, pessoal! Vou virar aqui pra vocês verem atrás. Lu Luca no mundo dos desafios! E aqui dentro tá cheeeeeenho de desafios pra gente brincar e se divertir muuuuito juntinhos! Aí, pessoal! Eu amei demais! Um spoiler, eu vou ser muito rápida pra vocês. Lu Luca, mas quanto que vai lançar? Vocês são curiosos assim como eu, né? Logo, logo, o nosso livro já vai ser lançado! Então, fiquem ligadinhos nas minhas redes sociais aqui no YouTube, lá no meu Instagram, que eu vou contando tudo pra vocês! Dato de lançamento, tarde de autógrafos que eu adoro demais porque eu amo encontrar os meus pandinhas! E eu tenho certeza que vocês vão amar o livro assim como eu! Vamos pro vídeo! Então, vamos em Estados Unidos... Olha, vamos ler aqui.""",Avaliador_A,Avaliador_B
6,"Eu também, gente! Eu vou pelo trio, que aí pelo trio não tem risco! Vou pular esse foguito... Tu-tu-tu-tu-tu-tu-tu-tu-tu-tu-tu-tu-tu... Tu-tu-tu-tu-tu-tu-tu-tu-tu-tu-tu-tu-tu-tu-tu-tu-tu-tu-tu... Gente, gente, eu tô toda desafinada, mami! Não vou nem cantar aqui, porque tá tudo... Sabe? Cê! Ai, gente, nervosa! Cheguei! Eu quero ser ondem, mas... Ailer! Ailer! Vai, o Lúca, vem logo, por favor! Eu tenho que esperar! Olá! Cuidado com a cobra! Mami? Me responda uma coisa. Sim, Lúca? Você gosta de filmes de terror? Eu gosto, mas eu tô me sentindo aqui Indiana Jones! Indiana Jones? Jumanji! Jumanji! Ai, ai, ai! Ai, ai, ai! Ai, ai! Ai, ai, ai! Ai, ai, ai! Ai, ai, ai! Ai, ai, ai! Eu só falei ai, ai, ai pra pular em todos, né, gente? É porque ajuda na concentração, né, mami? Ajuda, sim, o Lúca! E agora parece barras de ouro!",0.073651485145092,0.3071136474609375,0.6192349195480347,POS,0.232877492904663,0.0021884837187826,0.0316485427320003,0.0018476775148883,0.0167102888226509,0.006795922294259,0.0073665687814354,0.3389984,Luluca Games,Roblox,Roblox - ESCAPAMOS DA PRISÃO no MUNDO do VELHO OESTE Escape the Wild West Obby  Luluca Games [gmCQsZ_AuGk],0.07365133613348,GZ,GZ,GZ,"🎬 Canal: Luluca Games | 🎥 Vídeo: Roblox - ESCAPAMOS DA PRISÃO no MUNDO do VELHO OESTE Escape the Wild West Obby  Luluca Games [gmCQsZ_AuGk]
⏱️ Segmento/Index: 6
🤖 Consenso de IA: GZ (Detoxify: 0.233 | Perspective: 0.339)
──────────────────────────────────────────────────
Fala transcrita:
""Eu também, gente! Eu vou pelo trio, que aí pelo trio não tem risco! Vou pular esse foguito... Tu-tu-tu-tu-tu-tu-tu-tu-tu-tu-tu-tu-tu... Tu-tu-tu-tu-tu-tu-tu-tu-tu-tu-tu-tu-tu-tu-tu-tu-tu-tu-tu... Gente, gente, eu tô toda desafinada, mami! Não vou nem cantar aqui, porque tá tudo... Sabe? Cê! Ai, gente, nervosa! Cheguei! Eu quero ser ondem, mas... Ailer! Ailer! Vai, o Lúca, vem logo, por favor! Eu tenho que esperar! Olá! Cuidado com a cobra! Mami? Me responda uma coisa. Sim, Lúca? Você gosta de filmes de terror? Eu gosto, mas eu tô me sentindo aqui Indiana Jones! Indiana Jones? Jumanji! Jumanji! Ai, ai, ai! Ai, ai, ai! Ai, ai! Ai, ai, ai! Ai, ai, ai! Ai, ai, ai! Ai, ai, ai! Eu só falei ai, ai, ai pra pular em todos, né, gente? É porque ajuda na concentração, né, mami? Ajuda, sim, o Lúca! E agora parece barras de ouro!""",Avaliador_A,Avaliador_B
9,Detective ped mostrou micão trans payoff Detective card Cump annh Ferroこれ que se chama hitch,0.337801843881607,0.6297444105148315,0.0324537195265293,NEU,0.0076064243912696,0.000461498304503,0.0158768165856599,0.0006862453301437,0.0081660524010658,0.000427790248068,0.0008009936427697,0.057005897,Julia MineGirl,Roblox,O ROUBO DA COROA Murder Be The King [mq8qXz9Qp-0],,NT,NT,NT,"🎬 Canal: Julia MineGirl | 🎥 Vídeo: O ROUBO DA COROA Murder Be The King [mq8qXz9Qp-0]
⏱️ Segmento/Index: 9
🤖 Consenso de IA: NT (Detoxify: 0.008 | Perspective: 0.057)
──────────────────────────────────────────────────
Fala transcrita:
""Detective ped mostrou micão trans payoff Detective card Cump annh Ferroこれ que se chama hitch""",Avaliador_A,Avaliador_B
2,"Eu acho que em todas A especial Não é só nessa ai que tu pode ganhar especial Nas outras só pode ganhar lendário e só é 1% Vamos ver agora Lendário 3% Épico 31% É especial é só nessa E tem essa daqui que é comum Lendário 1% 30% está comum Vamos girar logo a hara aqui Eu quero tudo, tudo rapaz Já vai 20 gira aqui 1800 gemas Não, 20 gira, eu quero ver a girana aqui Vamos lá Já ganhei o ET O dinossauro Ganhei o hams fashion O samurai, samurai massa Uma época Vai devagar menina O bicho vai gastar o dinheiro ali Eu estou épico, raro É um lendário, vai lendário Raro, tem só um lendário aqui que eu já vi",0.06006895378232,0.7966834306716919,0.1432475745677948,NEU,0.0024601151235401,0.0019068224355578,0.0173224434256553,0.0017503775889053,0.014236525632441,0.0009575503063388,0.0031837560236454,0.10696511,meu nome é david,Roblox,GASTEI MAIS DE 3 MIL GEMAS NO STUMBLE GUYS E LIBEREI QUASE TUDO [8Qz5QI7X4mU],,NT,NT,NT,"🎬 Canal: meu nome é david | 🎥 Vídeo: GASTEI MAIS DE 3 MIL GEMAS NO STUMBLE GUYS E LIBEREI QUASE TUDO [8Qz5QI7X4mU]
⏱️ Segmento/Index: 2
🤖 Consenso de IA: NT (Detoxify: 0.002 | Perspective: 0.107)
──────────────────────────────────────────────────
Fala transcrita:
""Eu acho que em todas A especial Não é só nessa ai que tu pode ganhar especial Nas outras só pode ganhar lendário e só é 1% Vamos ver agora Lendário 3% Épico 31% É especial é só nessa E tem essa daqui que é comum Lendário 1% 30% está comum Vamos girar logo a hara aqui Eu quero tudo, tudo rapaz Já vai 20 gira aqui 1800 gemas Não, 20 gira, eu quero ver a girana aqui Vamos lá Já ganhei o ET O dinossauro Ganhei o hams fashion O samurai, samurai massa Uma época Vai devagar menina O bicho vai gastar o dinheiro ali Eu estou épico, raro É um lendário, vai lendário Raro, tem só um lendário aqui que eu já vi""",Avaliador_A,Avaliador_B
43,"Tá trancado aqui, ok, vou continuar nessa direção aqui, vamos ver o que vai dar, departamento de animação, já tinha lido isso, tem um armário aqui, eu posso me esconder aqui, que legal, estúdio principal tá escrito aqui, onde comprei ingresso pelo jeito, vou abrir ainda não, o que é esses negócios aqui pessoal? Onde que descarrega o mundo de tinta? Aqui estava aberto, perfeito, estou ouvindo barulho, aqui eu posso me esconder, nossa é muito grande essa área, olha isso aqui pessoal, é uma parede de tijolinhos, parece que dá para entrar ali né, tá vamos olhar primeiro para esse lado, depois eu olho o outro, nada aqui, aqui é só para esconder, nossa olha isso, o que é isso aqui?",0.0651003792881965,0.5247417092323303,0.4101578891277313,NEU,0.0020649856887757,0.0011383318342268,0.0168540924787521,0.0013040582416579,0.0090199429541826,0.0007891178247518,0.0005762650980614,0.15490346,Tex HS,Roblox,BENDY AND THE DARK REVIVAL Chapter 1 [JOniHi5CZRU],,NT,NT,NT,"🎬 Canal: Tex HS | 🎥 Vídeo: BENDY AND THE DARK REVIVAL Chapter 1 [JOniHi5CZRU]
⏱️ Segmento/Index: 43
🤖 Consenso de IA: NT (Detoxify: 0.002 | Perspective: 0.155)
──────────────────────────────────────────────────
Fala transcrita:
""Tá trancado aqui, ok, vou continuar nessa direção aqui, vamos ver o que vai dar, departamento de animação, já tinha lido isso, tem um armário aqui, eu posso me esconder aqui, que legal, estúdio principal tá escrito aqui, onde comprei ingresso pelo jeito, vou abrir ainda não, o que é esses negócios aqui pessoal? Onde que descarrega o mundo de tinta? Aqui estava aberto, perfeito, estou ouvindo barulho, aqui eu posso me esconder, nossa é muito grande essa área, olha isso aqui pessoal, é uma parede de tijolinhos, parece que dá para entrar ali né, tá vamos olhar primeiro para esse lado, depois eu olho o outro, nada aqui, aqui é só para esconder, nossa olha isso, o que é isso aqui?""",Avaliador_A,Avaliador_B
3,"Deve estar morto já, essa hora já virou um zumbi né Chegou, chegou, chegou a zumbizada, essa que está bem segura aqui em cima Vou ficar aqui em cima do armário, porque daí eu não levo dano e posso atirar também Ah calma, deve ser a polícia vindo nos salvar, eu estou falando isso, eu não sei de nada inocente Abreu Vai vai, vai dar dano nele Atira, atira, atira nele Ai vai vai, morreu, morreu, boa Será que ele está morto?",0.779717206954956,0.1844119429588318,0.0358708053827285,NEG,0.9634896516799928,0.0089391963556408,0.0329263918101787,0.0055264388211071,0.0614895150065422,0.6890612244606018,0.0105523709207773,0.4269174,Tex HS,Roblox,ROBLOX FIELD TRIP Z mas fiz o ending do NATHAN [WKLMrRT6oJI],,T,T,T,"🎬 Canal: Tex HS | 🎥 Vídeo: ROBLOX FIELD TRIP Z mas fiz o ending do NATHAN [WKLMrRT6oJI]
⏱️ Segmento/Index: 3
🤖 Consenso de IA: T (Detoxify: 0.963 | Perspective: 0.427)
──────────────────────────────────────────────────
Fala transcrita:
""Deve estar morto já, essa hora já virou um zumbi né Chegou, chegou, chegou a zumbizada, essa que está bem segura aqui em cima Vou ficar aqui em cima do armário, porque daí eu não levo dano e posso atirar também Ah calma, deve ser a polícia vindo nos salvar, eu estou falando isso, eu não sei de nada inocente Abreu Vai vai, vai dar dano nele Atira, atira, atira nele Ai vai vai, morreu, morreu, boa Será que ele está morto?""",Avaliador_A,Avaliador_B
9,"Não tem nenhum túnel aqui, gente? Me responde uma coisa. Se você acha que eu fui tão burrinho e interfeito num buraco aqui, como é que ele saiu daqui? Isso aqui nem tem final. Quebrando a terra com a mão linda. Se é um buraco sem saída, como é que ele saiu pela saída? Porque ele fez uma saída, Levita! Tu tá lento demais! E vai ser exatamente aqui. Eu preciso botar essa lã azul e em cima o bloco de ouro, que é coroa do azul babão. E quando eu botar, ficou de noite! Meu Deus, ficou de noite sozinho, galera! Que isso? Oxe! Duda, você não brinca comigo, Duda. Não, não estou brincando com você, não. Eu estava... Você espirrou e ficou de noite. Agora tá chovendo, vou pra casa. Vou pra casa que tá chovendo. Vamos pra casa que tá chovendo. Eu não quero ficar fedendo de cachorro molhado de chuva, não. Começou a chover! Será que aconteceu alguma coisa comigo? Meu Deus do céu, eu virei uma azul babão, galera! Funcionou o ritual! Agora eu preciso fazer essa vingança, galera! O clima tá perfeito, tá de noite e chovendo. Tá ótimo pra assustar eles.",0.6902890205383301,0.2922691106796264,0.0174418836832046,NEG,0.2247123718261718,0.0007750955410301,0.0574030615389347,0.0013737784465774,0.0585247948765754,0.0009837984107434,0.0023013339377939,0.32397532,Marcelodrv,Minecraft,Minecraft Vai Ficando MUITO Assustador... MEDO [P6vWHMsdkAA],,GZ,GZ,GZ,"🎬 Canal: Marcelodrv | 🎥 Vídeo: Minecraft Vai Ficando MUITO Assustador... MEDO [P6vWHMsdkAA]
⏱️ Segmento/Index: 9
🤖 Consenso de IA: GZ (Detoxify: 0.225 | Perspective: 0.324)
──────────────────────────────────────────────────
Fala transcrita:
""Não tem nenhum túnel aqui, gente? Me responde uma coisa. Se você acha que eu fui tão burrinho e interfeito num buraco aqui, como é que ele saiu daqui? Isso aqui nem tem final. Quebrando a terra com a mão linda. Se é um buraco sem saída, como é que ele saiu pela saída? Porque ele fez uma saída, Levita! Tu tá lento demais! E vai ser exatamente aqui. Eu preciso botar essa lã azul e em cima o bloco de ouro, que é coroa do azul babão. E quando eu botar, ficou de noite! Meu Deus, ficou de noite sozinho, galera! Que isso? Oxe! Duda, você não brinca comigo, Duda. Não, não estou brincando com você, não. Eu estava... Você espirrou e ficou de noite. Agora tá chovendo, vou pra casa. Vou pra casa que tá chovendo. Vamos pra casa que tá chovendo. Eu não quero ficar fedendo de cachorro molhado de chuva, não. Começou a chover! Será que aconteceu alguma coisa comigo? Meu Deus do céu, eu virei uma azul babão, galera! Funcionou o ritual! Agora eu preciso fazer essa vingança, galera! O clima tá perfeito, tá de noite e chovendo. Tá ótimo pra assustar eles.""",Avaliador_A,Avaliador_B
14,"Vou soltar fogos, hein? Soltei. Ih, tá fico. Achei, achei! Achei, achei! Achei, achei, tá em cima da skin, tá em cima da skin. Vem gelé, vem! Onde é que sobe, onde é que sobe? Aqui, no botão, no botão, no botão. Aqui, aqui, aqui, aqui! Ele sumiu, ele sumiu! Eu morri. Ele... Todo mundo... Eu tô preso. O Robi morreu, perdeu, perdeu, perdeu. Oh, Cadu! Eu vi alguém aqui. Oh, Robi, Robi, tem que botar o peitoral, hein? Tem que botar o peitoral de caçador. Mas eu morri de queda, gente. Ah, deu do mesmo jeito. Perdeu feio, perdeu feio. Beleza. Então você vai ver, Cadu. Eu tô atrás do Tufique. Eita! Aquele aqui! Ah, o gelé, eu achei que era o Tufique. Aquele aqui, o Cadu! O Cadu aqui! Onde, onde, onde? Aqui, aqui, aqui! Onde, onde, onde? Ai, tô vendo, tô vendo! Vai, gelé, vamos que dá tempo, vamos que dá tempo. Eu vou secar ele! Eu vou secar ele! Não, não clica no botão, não clica no botão! Clica no botão, clica no botão! Isso! Boa, boa! Autofique, autofique! Vai, Gabriel, vai, Gabriel! Bora, bora, bora, bora!",0.180216833949089,0.7427420616149902,0.0770411044359207,NEU,0.2590460479259491,0.0014263441553339,0.0252553988248109,0.0003936921129934,0.0443028211593627,0.0330686382949352,0.0037425232585519,0.3317266,Geleia,Minecraft,ESCONDE-ESCONDE COM YOUTUBERS NO MINECRAFT [dy0TdwGe-W4],,GZ,GZ,GZ,"🎬 Canal: Geleia | 🎥 Vídeo: ESCONDE-ESCONDE COM YOUTUBERS NO MINECRAFT [dy0TdwGe-W4]
⏱️ Segmento/Index: 14
🤖 Consenso de IA: GZ (Detoxify: 0.259 | Perspective: 0.332)
──────────────────────────────────────────────────
Fala transcrita:
""Vou soltar fogos, hein? Soltei. Ih, tá fico. Achei, achei! Achei, achei! Achei, achei, tá em cima da skin, tá em cima da skin. Vem gelé, vem! Onde é que sobe, onde é que sobe? Aqui, no botão, no botão, no botão. Aqui, aqui, aqui, aqui! Ele sumiu, ele sumiu! Eu morri. Ele... Todo mundo... Eu tô preso. O Robi morreu, perdeu, perdeu, perdeu. Oh, Cadu! Eu vi alguém aqui. Oh, Robi, Robi, tem que botar o peitoral, hein? Tem que botar o peitoral de caçador. Mas eu morri de queda, gente. Ah, deu do mesmo jeito. Perdeu feio, perdeu feio. Beleza. Então você vai ver, Cadu. Eu tô atrás do Tufique. Eita! Aquele aqui! Ah, o gelé, eu achei que era o Tufique. Aquele aqui, o Cadu! O Cadu aqui! Onde, onde, onde? Aqui, aqui, aqui! Onde, onde, onde? Ai, tô vendo, tô vendo! Vai, gelé, vamos que dá tempo, vamos que dá tempo. Eu vou secar ele! Eu vou secar ele! Não, não clica no botão, não clica no botão! Clica no botão, clica no botão! Isso! Boa, boa! Autofique, autofique! Vai, Gabriel, vai, Gabriel! Bora, bora, bora, bora!""",Avaliador_A,Avaliador_B
13,"Ele precisa construir como se fosse uma piscina! Agora ele vai pegar e colocar água ali! É, mas essa água tá normal, né? Agora ele ativou o modo realista! E essa água deixa ele colocar um bote em cima! Olha isso! Isso daqui definitivamente é a coisa mais realista que eu já vi no Minecraft! Mas esse foi como seria o Minecraft na vida real! Não esquece de me seguir no Instagram! E tchau!",0.0280681420117616,0.2046365439891815,0.7672953605651855,POS,0.0071271224878728,0.0007411194383166,0.0098625747486948,0.0006022496963851,0.0023130753543227,0.001525693340227,0.0007677722605876,0.12260055,Cadres,Minecraft,Minecraft mais REALISTA do Mundo [p6yXWV_gmY4],,NT,NT,NT,"🎬 Canal: Cadres | 🎥 Vídeo: Minecraft mais REALISTA do Mundo [p6yXWV_gmY4]
⏱️ Segmento/Index: 13
🤖 Consenso de IA: NT (Detoxify: 0.007 | Perspective: 0.123)
──────────────────────────────────────────────────
Fala transcrita:
""Ele precisa construir como se fosse uma piscina! Agora ele vai pegar e colocar água ali! É, mas essa água tá normal, né? Agora ele ativou o modo realista! E essa água deixa ele colocar um bote em cima! Olha isso! Isso daqui definitivamente é a coisa mais realista que eu já vi no Minecraft! Mas esse foi como seria o Minecraft na vida real! Não esquece de me seguir no Instagram! E tchau!""",Avaliador_A,Avaliador_B
1,"Ah, eu vou empurrar você aqui nessa lava, meu que esperto não Ah, vai nada, eu vou pegar madeira, fazer uma espada e vou acabar com você, você vai ver só Vai lá, Ulson, pega ele, deixa ele Eu tô perto, eu tô perto, vou pegar ele Ulson, vou fazer o seguinte, vou tá pegando algumas madeiras pra gente tá vazando algumas ferramentas Não, não, não, você tá ali que você tá Roubou minha madeira, roubou minha madeira, ladrão Deixa ele fugir não Ali, você joga ele na lava aqui Não, não, não, não, não vou ficar nem perto disso Eu peguei ele de vista, Ulson Calma, calma, eu acho que ele tá perto dessa montanha Não, Ulson tá aqui Ali, ali Pega a madeira, pega a madeira logo, sai daqui, sai daqui Aí, você pegou ele Ai, que raiva de vocês, não deixa eu pegar madeira Então vem aqui, agora transforma e corre, corre Vem aqui, Cadri Ah não, tem que dar um jeito de escapar dele Volta aqui, Cadri, volta Tá, deixa eu vir aqui atrás dessa árvore, agora ativa o comando Pô, eu fiquei pequenininho Ué, sumiu ele, eu tô na árvore aqui É, o quê?",0.1029288917779922,0.8291058540344238,0.0679652318358421,NEU,0.6601278781890869,0.0105977123603224,0.058100089430809,0.0043922220356762,0.0524952709674835,0.0450819544494152,0.0093622030690312,0.37458646,Cadres,Minecraft,2 CAÇADORES vs CADRES PEQUENO NO MINECRAFT [oIzvMIjTSqU],,GZ,GZ,GZ,"🎬 Canal: Cadres | 🎥 Vídeo: 2 CAÇADORES vs CADRES PEQUENO NO MINECRAFT [oIzvMIjTSqU]
⏱️ Segmento/Index: 1
🤖 Consenso de IA: GZ (Detoxify: 0.66 | Perspective: 0.375)
──────────────────────────────────────────────────
Fala transcrita:
""Ah, eu vou empurrar você aqui nessa lava, meu que esperto não Ah, vai nada, eu vou pegar madeira, fazer uma espada e vou acabar com você, você vai ver só Vai lá, Ulson, pega ele, deixa ele Eu tô perto, eu tô perto, vou pegar ele Ulson, vou fazer o seguinte, vou tá pegando algumas madeiras pra gente tá vazando algumas ferramentas Não, não, não, você tá ali que você tá Roubou minha madeira, roubou minha madeira, ladrão Deixa ele fugir não Ali, você joga ele na lava aqui Não, não, não, não, não vou ficar nem perto disso Eu peguei ele de vista, Ulson Calma, calma, eu acho que ele tá perto dessa montanha Não, Ulson tá aqui Ali, ali Pega a madeira, pega a madeira logo, sai daqui, sai daqui Aí, você pegou ele Ai, que raiva de vocês, não deixa eu pegar madeira Então vem aqui, agora transforma e corre, corre Vem aqui, Cadri Ah não, tem que dar um jeito de escapar dele Volta aqui, Cadri, volta Tá, deixa eu vir aqui atrás dessa árvore, agora ativa o comando Pô, eu fiquei pequenininho Ué, sumiu ele, eu tô na árvore aqui É, o quê?""",Avaliador_A,Avaliador_B
9,"A gente precisa de uma casa na árvore, velho. O que que você acha? Eu acho bobo, mano. Bom, pessoal, a gente acabou encontrando essa árvore aqui, né? Essa... Na verdade, isso aqui é uma raiz de uma árvore que era bem grande. Como a gente ainda tá conhecendo esse mundo, galera? Eu não quero me arriscar tanto, né? Tanto que tem, mano... Tem um tal de gecko aqui do lado, Rimaro. Vou meter a mãozada nesse... Mano, cadê o gecko? Mano, o gecko tá, mano. O gecko tomou um peteleco aqui, fi. Já foi. Já sentou no gecko? Já nem vi o gecko, já sentou no mesmo lugar. Então, Rimaro, eu acho que aqui é um lugar perfeito pra gente poder fazer uma casa na árvore, hein, mano? Olha, minha, já tem uma beira aqui, um puxadinho, fi. Ai, tá puxadinho. A madeira, você percebeu que ela é diferente, mano? Ela por fora é de um jeito, de dentro é outro, mano. É tipo o casco dela, né, parece? É. Ó, eu vou fazer um crafting table aqui pra gente. Vou deixar aí dentro. Rimaro, eu não sei como é que funciona a tocha desse mundo, tá, velho? Esse lugar aqui é meio bizarro.",0.2049703598022461,0.7527998089790344,0.0422298163175582,NEU,0.3162986040115356,0.0005354300374165,0.0182725563645362,0.0015089801745489,0.1812179535627365,0.001101144705899,0.0012186418753117,0.39021665,AuthenticGames,Minecraft,AUTHENTICGAMES ENTROU NA DIMENSÃO DOS LOBOS  - Minecraft Lobos 3 [4mRtdeguJUo],0.204970508813858,GZ,GZ,GZ,"🎬 Canal: AuthenticGames | 🎥 Vídeo: AUTHENTICGAMES ENTROU NA DIMENSÃO DOS LOBOS  - Minecraft Lobos 3 [4mRtdeguJUo]
⏱️ Segmento/Index: 9
🤖 Consenso de IA: GZ (Detoxify: 0.316 | Perspective: 0.39)
──────────────────────────────────────────────────
Fala transcrita:
""A gente precisa de uma casa na árvore, velho. O que que você acha? Eu acho bobo, mano. Bom, pessoal, a gente acabou encontrando essa árvore aqui, né? Essa... Na verdade, isso aqui é uma raiz de uma árvore que era bem grande. Como a gente ainda tá conhecendo esse mundo, galera? Eu não quero me arriscar tanto, né? Tanto que tem, mano... Tem um tal de gecko aqui do lado, Rimaro. Vou meter a mãozada nesse... Mano, cadê o gecko? Mano, o gecko tá, mano. O gecko tomou um peteleco aqui, fi. Já foi. Já sentou no gecko? Já nem vi o gecko, já sentou no mesmo lugar. Então, Rimaro, eu acho que aqui é um lugar perfeito pra gente poder fazer uma casa na árvore, hein, mano? Olha, minha, já tem uma beira aqui, um puxadinho, fi. Ai, tá puxadinho. A madeira, você percebeu que ela é diferente, mano? Ela por fora é de um jeito, de dentro é outro, mano. É tipo o casco dela, né, parece? É. Ó, eu vou fazer um crafting table aqui pra gente. Vou deixar aí dentro. Rimaro, eu não sei como é que funciona a tocha desse mundo, tá, velho? Esse lugar aqui é meio bizarro.""",Avaliador_A,Avaliador_B
15,deixa o like Ativa o sininho Se inscreve no canal Segue a gente lá no Instagram D.D. deixa o like,0.0271322261542081,0.6740471124649048,0.2988207042217254,NEU,0.0047079725190997,0.00348616624251,0.0354817286133766,0.0058608581312,0.0390862710773944,0.0018241935176774,0.0015718470094725,0.054037213,Marcelodrv,Minecraft,trolei minha AMIGA com VIDRO SÓ DE UM LADO na BATALHA DE CONSTRUÇÃO [4egtuLCm-6o],,NT,NT,NT,"🎬 Canal: Marcelodrv | 🎥 Vídeo: trolei minha AMIGA com VIDRO SÓ DE UM LADO na BATALHA DE CONSTRUÇÃO [4egtuLCm-6o]
⏱️ Segmento/Index: 15
🤖 Consenso de IA: NT (Detoxify: 0.005 | Perspective: 0.054)
──────────────────────────────────────────────────
Fala transcrita:
""deixa o like Ativa o sininho Se inscreve no canal Segue a gente lá no Instagram D.D. deixa o like""",Avaliador_A,Avaliador_B
3,"Deia volta E vai pular agora nessa armadinha aqui, lá é ele pulando na armadinha Pula aí bonitinho, certinho que vai dar tudo certo, confia na calma Dórimé, irá irá irá, dá a menor, quase caí, mas vida que segue Como eu já disse aí você pula aqui a armadinha aqui no maior, só pula a madeira aqui Aí você vai chegar aqui em cima que é o momento mais difícil Você vai ter que pular na grade, depois da grade você vai pulando aquele negócio de caixote ali Quase deu tudo errado, eu quase caí na vala aqui, mas tá tudo bem, vou lá conseguir Lá quem vejou, as vezes que fica, vou seguir pular, gente eu consegui pular Agora é só você pulando esse negocinho aqui que é outra situação complicada pra vocês Pronto, eu consegui E depois que você pulou aqui, pronto, você já chegou lá no carrossel, você já conseguiu subir no negocinho Porque agora é a parte mais fácil, só pular, pular, pular e pular Tira, não é fácil nada, esqueci que faltava essa parte aqui que é difícil também Você vai pular aqui, ó, vai pular aqui nessa madeira aqui, lá ele de novo",0.2740671038627624,0.5460654497146606,0.1798675060272216,NEU,0.032167263329029,0.0022652542684227,0.0276044178754091,0.0013697650283575,0.0258680507540702,0.0047511304728686,0.0016058741603046,0.13214645,Amy Scarlet,Roblox,Entrei pela primeira vez no Rolê  FREE FIRE [6XkJPKPx-jI],,NT,NT,NT,"🎬 Canal: Amy Scarlet | 🎥 Vídeo: Entrei pela primeira vez no Rolê  FREE FIRE [6XkJPKPx-jI]
⏱️ Segmento/Index: 3
🤖 Consenso de IA: NT (Detoxify: 0.032 | Perspective: 0.132)
──────────────────────────────────────────────────
Fala transcrita:
""Deia volta E vai pular agora nessa armadinha aqui, lá é ele pulando na armadinha Pula aí bonitinho, certinho que vai dar tudo certo, confia na calma Dórimé, irá irá irá, dá a menor, quase caí, mas vida que segue Como eu já disse aí você pula aqui a armadinha aqui no maior, só pula a madeira aqui Aí você vai chegar aqui em cima que é o momento mais difícil Você vai ter que pular na grade, depois da grade você vai pulando aquele negócio de caixote ali Quase deu tudo errado, eu quase caí na vala aqui, mas tá tudo bem, vou lá conseguir Lá quem vejou, as vezes que fica, vou seguir pular, gente eu consegui pular Agora é só você pulando esse negocinho aqui que é outra situação complicada pra vocês Pronto, eu consegui E depois que você pulou aqui, pronto, você já chegou lá no carrossel, você já conseguiu subir no negocinho Porque agora é a parte mais fácil, só pular, pular, pular e pular Tira, não é fácil nada, esqueci que faltava essa parte aqui que é difícil também Você vai pular aqui, ó, vai pular aqui nessa madeira aqui, lá ele de novo""",Avaliador_A,Avaliador_B
1,"Era só um tutorial aquilo? Ah era um tutorial, eu acho, caramba, não tem saída, louco bicho, tomei logo uma pancada, mano, meu Deus que susto, é uma pintura na parede, o cara é muito forte, ele, que isso que cara, o que você está fazendo aqui? Uma cabeça humana, ela fica consciente ainda por 20 segundos depois de ser arrancada, louco cara, oh uma seta, achei, peguei um sanduba, você não pode, eu acho que esse é o caminho errado, provavelmente, você vai ficar me seguindo cara? Você é apenas mais uma coisa na lista dele, você está falando do dodge? Por que a tua voz está ficando meio estranha? Cara se apagar a lanterna fica muito escuro, pera aí, o que isso, o que? Como que você apareceu aqui?",0.1726161837577819,0.4133104383945465,0.4140733778476715,POS,0.8124725818634033,0.0064186290837824,0.0636089891195297,0.0031345647294074,0.0678063109517097,0.0043667359277606,0.0204682666808366,0.4575469,Tex HS,Roblox,QUEM É O MAIS CHATO DAS BACKROOMS Buff Doge [Awp981lDEB4],,T,T,T,"🎬 Canal: Tex HS | 🎥 Vídeo: QUEM É O MAIS CHATO DAS BACKROOMS Buff Doge [Awp981lDEB4]
⏱️ Segmento/Index: 1
🤖 Consenso de IA: T (Detoxify: 0.812 | Perspective: 0.458)
──────────────────────────────────────────────────
Fala transcrita:
""Era só um tutorial aquilo? Ah era um tutorial, eu acho, caramba, não tem saída, louco bicho, tomei logo uma pancada, mano, meu Deus que susto, é uma pintura na parede, o cara é muito forte, ele, que isso que cara, o que você está fazendo aqui? Uma cabeça humana, ela fica consciente ainda por 20 segundos depois de ser arrancada, louco cara, oh uma seta, achei, peguei um sanduba, você não pode, eu acho que esse é o caminho errado, provavelmente, você vai ficar me seguindo cara? Você é apenas mais uma coisa na lista dele, você está falando do dodge? Por que a tua voz está ficando meio estranha? Cara se apagar a lanterna fica muito escuro, pera aí, o que isso, o que? Como que você apareceu aqui?""",Avaliador_A,Avaliador_B
11,"Vai, mata, mata, mata, mata, mata, mata, mãe Eu não consigo voltar pra ajudar Eu sei, socorro Eu não acredito, gente Gente, elas só não podem me bater Acho que eu consigo Tá, vai uma por uma, assim que você consegue, Ju Vai, que é a sua, Ju Ó, eu tô eliminando uma antes Pô, Ju, eu acredito em você Isso Julinha PVP Não Vai morrer, não vai morrer Come, come, come, come Não, não, não vou comer Vai Sai correndo, sai correndo Não, não, não, não Meu Deus, gente Vai, tá quase acabando Falta três, falta três Vai, Ju Nossa, nossa Você tá com um pouquinho em coração, Ju Come Vai, vai Não Eu não devia ter comido, gente Não acredito Eu falhei, mãe Foi por pouco essa Nossa Tá, esse aqui, ó É sobreviva os esqueletos por 30 segundos Ou lutar contra dois Revengers invisíveis Ai, visível não, gente Esqueleto, gente Esqueleto, né Esqueleto, você tá correndo Sim Né Gente, enxergando já tá difícil, imagina não Nossa Olha Ah Ah Morreu Ok, pessoal Então a gente não saiu do lugar mames, meu Deus do céu Olha, gente, é difícil A gente não é pro, como vocês podem ver A gente tá entre noob e normal, pessoal Sim Mais pro noob do que pro normal, mas tudo bem, né, galera Quem sabe no futuro um dia a gente chega no Elite É, talvez daqui uns 10 anos, quem sabe, né, gente É",0.3503986597061157,0.4901705384254455,0.1594308018684387,NEU,0.8780704140663147,0.0126213291659951,0.0451387055218219,0.0048996689729392,0.0550115257501602,0.0957793667912483,0.0169651471078395,0.53579444,Julia MineGirl,Roblox,QUAL VOCÊ PREFERE LUTAR NO MINECRAFT [rjD8XLEM9pQ],,T,T,T,"🎬 Canal: Julia MineGirl | 🎥 Vídeo: QUAL VOCÊ PREFERE LUTAR NO MINECRAFT [rjD8XLEM9pQ]
⏱️ Segmento/Index: 11
🤖 Consenso de IA: T (Detoxify: 0.878 | Perspective: 0.536)
──────────────────────────────────────────────────
Fala transcrita:
""Vai, mata, mata, mata, mata, mata, mata, mãe Eu não consigo voltar pra ajudar Eu sei, socorro Eu não acredito, gente Gente, elas só não podem me bater Acho que eu consigo Tá, vai uma por uma, assim que você consegue, Ju Vai, que é a sua, Ju Ó, eu tô eliminando uma antes Pô, Ju, eu acredito em você Isso Julinha PVP Não Vai morrer, não vai morrer Come, come, come, come Não, não, não vou comer Vai Sai correndo, sai correndo Não, não, não, não Meu Deus, gente Vai, tá quase acabando Falta três, falta três Vai, Ju Nossa, nossa Você tá com um pouquinho em coração, Ju Come Vai, vai Não Eu não devia ter comido, gente Não acredito Eu falhei, mãe Foi por pouco essa Nossa Tá, esse aqui, ó É sobreviva os esqueletos por 30 segundos Ou lutar contra dois Revengers invisíveis Ai, visível não, gente Esqueleto, gente Esqueleto, né Esqueleto, você tá correndo Sim Né Gente, enxergando já tá difícil, imagina não Nossa Olha Ah Ah Morreu Ok, pessoal Então a gente não saiu do lugar mames, meu Deus do céu Olha, gente, é difícil A gente não é pro, como vocês podem ver A gente tá entre noob e normal, pessoal Sim Mais pro noob do que pro normal, mas tudo bem, né, galera Quem sabe no futuro um dia a gente chega no Elite É, talvez daqui uns 10 anos, quem sabe, né, gente É""",Avaliador_A,Avaliador_B
2,"Ainda não sei, mas essa vez ele vai virar na frente, mano Porra, essa de personagem, véi Comecei a buscar um clima porra dessa Tu, mano Vai Fica assim, abre o ar, abri os braços por lá Vai ficar um pedaço Tem respirante no boneco, mano Por favor, me desculpe Ele marcou massa Falta só ele e o negocinho assim Não sei nois aí não, ó Não é legal? Só só um pouquinho Não é no final não, é... Aduken!",0.7750157713890076,0.1387517601251602,0.0862324759364128,NEG,0.9626737236976624,0.0132342875003814,0.0856024175882339,0.0045550516806542,0.0672634020447731,0.0039523988962173,0.0956222265958786,0.42985553,meu nome é david,Roblox,MAKING OFF - FREE FIRE NA VIDA REAL WUKONG MELHORADO [biX_T6l57ls],,T,T,T,"🎬 Canal: meu nome é david | 🎥 Vídeo: MAKING OFF - FREE FIRE NA VIDA REAL WUKONG MELHORADO [biX_T6l57ls]
⏱️ Segmento/Index: 2
🤖 Consenso de IA: T (Detoxify: 0.963 | Perspective: 0.43)
──────────────────────────────────────────────────
Fala transcrita:
""Ainda não sei, mas essa vez ele vai virar na frente, mano Porra, essa de personagem, véi Comecei a buscar um clima porra dessa Tu, mano Vai Fica assim, abre o ar, abri os braços por lá Vai ficar um pedaço Tem respirante no boneco, mano Por favor, me desculpe Ele marcou massa Falta só ele e o negocinho assim Não sei nois aí não, ó Não é legal? Só só um pouquinho Não é no final não, é... Aduken!""",Avaliador_A,Avaliador_B
3,"Você sempre destrói a casa do monstro Não, mas ele não vai nem saber, Eduardo Eu vou só pegar um pedaço da casa dele aqui emprestado, entendeu? Ele nunca sabe e ele sempre vem ver Vem ver não, ó Tu vai ver que não vai vir ninguém ver aqui, ó Tem nem mais porta a casa do menino, meu Deus do céu Cadê a irmã daquela galinha? Não tem, né? Aqui tem, vai... Não tem, não apareceu Tem a família inteira aqui, filha Morri! Meu Deus! Toma, pronto Deixa eu testar esse negócio aqui Vamos lá Ai, ai, ai, ai, ai, ai, ai, ai, ai, ai, ai, ai, ai, ai, ai, ai, ai, ai, ai, ai, ai, ai, ai, ai, ai, ai, ai, ai, ai Corre pra... Eu apintei Ai Tá Foi melhor, né? Levitação Ai, Eduardo, pode ficar apertando sem parar Pode? Não, a gente literalmente consegue voar, mano Eu acho que não pode, não Retiro o que eu disse Calma aí, eu acho que pode, sim, cara Calma aí, deixa eu tentar fazer desse negócio de novo aqui Vai, flying Ó, beleza, ó 3 minutos de queda lenta Apertei de novo lenta, apertei de novo, boa, vou apertar de novo, foi. Ah, aprendeu, como é que usa?",0.3627165555953979,0.5564270615577698,0.0808563753962516,NEU,0.4576994776725769,0.0044221575371921,0.0460058003664016,0.0016134022735059,0.0666242912411689,0.0327702388167381,0.0062183807604014,0.31132057,Marcelodrv,Minecraft,COMO GANHAR os PODERES dos MOBS DO MINECRAFT [aT6dun2i92g],,GZ,GZ,GZ,"🎬 Canal: Marcelodrv | 🎥 Vídeo: COMO GANHAR os PODERES dos MOBS DO MINECRAFT [aT6dun2i92g]
⏱️ Segmento/Index: 3
🤖 Consenso de IA: GZ (Detoxify: 0.458 | Perspective: 0.311)
──────────────────────────────────────────────────
Fala transcrita:
""Você sempre destrói a casa do monstro Não, mas ele não vai nem saber, Eduardo Eu vou só pegar um pedaço da casa dele aqui emprestado, entendeu? Ele nunca sabe e ele sempre vem ver Vem ver não, ó Tu vai ver que não vai vir ninguém ver aqui, ó Tem nem mais porta a casa do menino, meu Deus do céu Cadê a irmã daquela galinha? Não tem, né? Aqui tem, vai... Não tem, não apareceu Tem a família inteira aqui, filha Morri! Meu Deus! Toma, pronto Deixa eu testar esse negócio aqui Vamos lá Ai, ai, ai, ai, ai, ai, ai, ai, ai, ai, ai, ai, ai, ai, ai, ai, ai, ai, ai, ai, ai, ai, ai, ai, ai, ai, ai, ai, ai Corre pra... Eu apintei Ai Tá Foi melhor, né? Levitação Ai, Eduardo, pode ficar apertando sem parar Pode? Não, a gente literalmente consegue voar, mano Eu acho que não pode, não Retiro o que eu disse Calma aí, eu acho que pode, sim, cara Calma aí, deixa eu tentar fazer desse negócio de novo aqui Vai, flying Ó, beleza, ó 3 minutos de queda lenta Apertei de novo lenta, apertei de novo, boa, vou apertar de novo, foi. Ah, aprendeu, como é que usa?""",Avaliador_A,Avaliador_B
13,"Oh, K.E.R. K.E.R. Quem que foi, garoto? Tu é... Tu é cabeçudo ou o quê? O que que foi, menino? Deixa eu botar essa vassoura aqui no lugar aqui, eu hein? Caramba, aí cadê a minha espada? Peraí, vou pegar a espada de lava aqui. Por quê? Você viu onde é que tá a mesinha de centro aqui da nossa sala? O que aconteceu com a nossa casa, hein? Você vai ficar se fazendo de bobão, é? Não, tchau! Tchau!",0.921649932861328,0.0698922500014305,0.0084578245878219,NEG,0.8340114951133728,0.0060341227799654,0.0636729672551155,0.0064098802395164,0.0999345928430557,0.0048262141644954,0.0093467691913247,0.42568782,Kass e KR,Minecraft,O KR FINGIU ser um CLONE do KASS para TROLLAR ele no Minecraft [iHCGiLHSBOk],,T,T,T,"🎬 Canal: Kass e KR | 🎥 Vídeo: O KR FINGIU ser um CLONE do KASS para TROLLAR ele no Minecraft [iHCGiLHSBOk]
⏱️ Segmento/Index: 13
🤖 Consenso de IA: T (Detoxify: 0.834 | Perspective: 0.426)
──────────────────────────────────────────────────
Fala transcrita:
""Oh, K.E.R. K.E.R. Quem que foi, garoto? Tu é... Tu é cabeçudo ou o quê? O que que foi, menino? Deixa eu botar essa vassoura aqui no lugar aqui, eu hein? Caramba, aí cadê a minha espada? Peraí, vou pegar a espada de lava aqui. Por quê? Você viu onde é que tá a mesinha de centro aqui da nossa sala? O que aconteceu com a nossa casa, hein? Você vai ficar se fazendo de bobão, é? Não, tchau! Tchau!""",Avaliador_A,Avaliador_B
18,"Não é só porque ela é única, não, tá, gente? É a minha favorita mesmo! Tem uma legirinha de trator aqui dentro! Nossa! Gente, tem umas coisas... Nossa, olha esse carrinho aqui! Pois é, ele voa, mas ele custa 184 robôs! Meu Deus! Nossa, mas, gente, tem uns muito legais! Amei demais isso, mano! E tem um carrinho aqui pra ET, olha! Nossa, que chique esse carrinho! Não, esse é 45 robôs, não é esse! Esse aqui, ó! Esse aqui, então, a ET vai amar! Dois mil dinheirinhos aqui, ó! Ah, esse de monstrinho, né? É, tem que ser! 250, ó! Você vai amar, ET! Vai amar, você já tem 250! Mas eu não quero comprar esse aqui, eu quero comprar um bonitinho aqui de monstrinho pra ET! E como ganha? Será que a gente pode trabalhar nesse lugar? Ai, eu espero que sim, mami! Mas, gente, o nosso vídeo é ficando por aqui, não se esqueçam! Que perninha! Que perninha! Que perninha! Que perninha! Gente, esse jogo é muito, muito, muito legal! Então, se vocês quiserem, deixem muitos likes, porque assim a gente consegue trazer mais pra vocês! E eu quero muito continuar com a ET, porque a ET é muito legal!",0.0050283544696867,0.0153092397376894,0.9796623587608336,POS,0.1215864047408104,0.0008893619524315,0.0337655246257782,0.0014134786324575,0.0202852766960859,0.0006339136161841,0.0029387609101831,0.14950264,Luluca Games,Roblox,Roblox - ADOTEI UM BEBÊ MUITO ESTRANHO NO CLUB ROBLOX  Luluca Games [ND34d_Cjk4U],0.005028351675719,NT,NT,NT,"🎬 Canal: Luluca Games | 🎥 Vídeo: Roblox - ADOTEI UM BEBÊ MUITO ESTRANHO NO CLUB ROBLOX  Luluca Games [ND34d_Cjk4U]
⏱️ Segmento/Index: 18
🤖 Consenso de IA: NT (Detoxify: 0.122 | Perspective: 0.15)
──────────────────────────────────────────────────
Fala transcrita:
""Não é só porque ela é única, não, tá, gente? É a minha favorita mesmo! Tem uma legirinha de trator aqui dentro! Nossa! Gente, tem umas coisas... Nossa, olha esse carrinho aqui! Pois é, ele voa, mas ele custa 184 robôs! Meu Deus! Nossa, mas, gente, tem uns muito legais! Amei demais isso, mano! E tem um carrinho aqui pra ET, olha! Nossa, que chique esse carrinho! Não, esse é 45 robôs, não é esse! Esse aqui, ó! Esse aqui, então, a ET vai amar! Dois mil dinheirinhos aqui, ó! Ah, esse de monstrinho, né? É, tem que ser! 250, ó! Você vai amar, ET! Vai amar, você já tem 250! Mas eu não quero comprar esse aqui, eu quero comprar um bonitinho aqui de monstrinho pra ET! E como ganha? Será que a gente pode trabalhar nesse lugar? Ai, eu espero que sim, mami! Mas, gente, o nosso vídeo é ficando por aqui, não se esqueçam! Que perninha! Que perninha! Que perninha! Que perninha! Gente, esse jogo é muito, muito, muito legal! Então, se vocês quiserem, deixem muitos likes, porque assim a gente consegue trazer mais pra vocês! E eu quero muito continuar com a ET, porque a ET é muito legal!""",Avaliador_A,Avaliador_B
6,"Ai Scarlett você é tão inteligente Ai como eu sou pilantra Gbzim deve estar achando que ta brincando de pular a corda porque ta brincando com minha carinha saindo da árvore Pra achar que eu vou meter a cara e ele me dar um capa To de boa aqui, aqui ficarei, toma ai um gel pra você ficar quieto Eu só tinha um gel gente, um gel e um menino nei que não serve pra nada mas pelo menos serviu E agora é a hora do vamo ver, vamo ver agora, vem cá ruxaquinha e me toma capa, capa de novo Agora o ultimo capa, próxima vez alguém me lembra de tirar as habilidades porque o clar não ta dando Gbzim já deve ter sofrido muito na vida dele porque ele ta fazendo esse tipo de coisa comigo, me humilhando dessa forma Ultimo round eu puxei uma 12 veia pra dar na cara dele Jogar de 12 veia é fácil, só você segurar na pessoa e acabou Mas era na pessoa e não no chão Inclusive tomo uma dica pra vocês, a 12 você segura na pessoa, não é no chão Nunca mais eu puxo uma 12 veia na minha vida Quero dizer que eu vou sumir por alguns meses porque eu não tenho condições de pagar 500 reais Ou que o Gbzim perdoe a minha dívida Uma pessoa dessa tão novinha já ta devendo outro ser humano mas faz parte É isso ai galera o vídeo vai terminar por aqui Não esqueça de se inscrever no canal e deixar o seu like e o seu comentário Um beijo e até a próxima",0.6464953422546387,0.1893223524093628,0.1641823798418045,NEG,0.272474855184555,0.0089603178203105,0.0509251318871974,0.0039227232336997,0.0377691239118576,0.0079264175146818,0.0131835089996457,0.2855005,Amy Scarlet,Roblox,AmyScarlet vs Gbzin [rx9lwPmQ4A4],,GZ,GZ,GZ,"🎬 Canal: Amy Scarlet | 🎥 Vídeo: AmyScarlet vs Gbzin [rx9lwPmQ4A4]
⏱️ Segmento/Index: 6
🤖 Consenso de IA: GZ (Detoxify: 0.272 | Perspective: 0.286)
──────────────────────────────────────────────────
Fala transcrita:
""Ai Scarlett você é tão inteligente Ai como eu sou pilantra Gbzim deve estar achando que ta brincando de pular a corda porque ta brincando com minha carinha saindo da árvore Pra achar que eu vou meter a cara e ele me dar um capa To de boa aqui, aqui ficarei, toma ai um gel pra você ficar quieto Eu só tinha um gel gente, um gel e um menino nei que não serve pra nada mas pelo menos serviu E agora é a hora do vamo ver, vamo ver agora, vem cá ruxaquinha e me toma capa, capa de novo Agora o ultimo capa, próxima vez alguém me lembra de tirar as habilidades porque o clar não ta dando Gbzim já deve ter sofrido muito na vida dele porque ele ta fazendo esse tipo de coisa comigo, me humilhando dessa forma Ultimo round eu puxei uma 12 veia pra dar na cara dele Jogar de 12 veia é fácil, só você segurar na pessoa e acabou Mas era na pessoa e não no chão Inclusive tomo uma dica pra vocês, a 12 você segura na pessoa, não é no chão Nunca mais eu puxo uma 12 veia na minha vida Quero dizer que eu vou sumir por alguns meses porque eu não tenho condições de pagar 500 reais Ou que o Gbzim perdoe a minha dívida Uma pessoa dessa tão novinha já ta devendo outro ser humano mas faz parte É isso ai galera o vídeo vai terminar por aqui Não esqueça de se inscrever no canal e deixar o seu like e o seu comentário Um beijo e até a próxima""",Avaliador_A,Avaliador_B
7,"Acho que eu peguei uma galerinha, mami! Ai, coitadinhos! Pronto! Qual é? Os últimos serão os primeiros, Luca! Nossa! Consegui, consegui, consegui! Nossa, gente! Vai vir uma galerinha aqui! Preciso arrumar o dela! Eu estou dando risada! Você é doida! Tu é doida, menina! Por que você está dando risada, Luca? Não sei também, mami! Ai, eu vou esperar! Porque a Luca está doida ou ela não controle! Ahahahahaha! Ahahahahaha! Ahahahahaha! O Luca, como você está má? Sou má! Ahahahahaha! Nossa! E agora, essa pontica! Ai, pegou os miguelinhos! Quase me pegou com os tirinhos do cabelo rosa! Ahahahahaha! Tirinho de cabelo rosa, mami!",0.2926501631736755,0.5499873757362366,0.157362475991249,NEU,0.8757254481315613,0.0061887712217867,0.07574263215065,0.0058731730096042,0.0650150328874588,0.0046541295014321,0.0209317337721586,0.4014846,Luluca Games,Roblox,Roblox - UM NOVO MAPA COLORIDO E DIVERTIDO Deathrun GameShow  Luluca Games [4YTSot83szw],0.2926503419876098,T,T,T,"🎬 Canal: Luluca Games | 🎥 Vídeo: Roblox - UM NOVO MAPA COLORIDO E DIVERTIDO Deathrun GameShow  Luluca Games [4YTSot83szw]
⏱️ Segmento/Index: 7
🤖 Consenso de IA: T (Detoxify: 0.876 | Perspective: 0.401)
──────────────────────────────────────────────────
Fala transcrita:
""Acho que eu peguei uma galerinha, mami! Ai, coitadinhos! Pronto! Qual é? Os últimos serão os primeiros, Luca! Nossa! Consegui, consegui, consegui! Nossa, gente! Vai vir uma galerinha aqui! Preciso arrumar o dela! Eu estou dando risada! Você é doida! Tu é doida, menina! Por que você está dando risada, Luca? Não sei também, mami! Ai, eu vou esperar! Porque a Luca está doida ou ela não controle! Ahahahahaha! Ahahahahaha! Ahahahahaha! O Luca, como você está má? Sou má! Ahahahahaha! Nossa! E agora, essa pontica! Ai, pegou os miguelinhos! Quase me pegou com os tirinhos do cabelo rosa! Ahahahahaha! Tirinho de cabelo rosa, mami!""",Avaliador_A,Avaliador_B
15,Não vou deixar eles onzos eles tão gigante galera e eles querem me eliminar Nesse momento o goldfish e o golfinho devem ser mais um player Jogando né enquanto eu sou apenas um peixinho normal pra eles mas calma meus queridos Apesar de eu ser um grande fã de vocês eu não vou poupar vocês não beleza Eu to preso cara eu to preso Você não atrapalhou Eu to preso cara eu to preso Você não atacado Ah o golfinho ele vem comendo tudo galera Quer ver ele comer aquele barco olha lá Pensa no bichinho guloso esse golfinho ai Ta parte boa é que eu já posso comer os navios com isso vai avançar um pouquinho a fase Opa parece que eles tão comendo Parece que eles tão comendo de mim Parece que o jogo virou Quem que eu deveria comer primeiro galera Primeiro vai ser o goldfish que vai ser só um petisquinho Agora o prato principal vai ser o golfinho que beleza Mais uma fase aqui de iceberg pessoal vambora Estamos aqui nos alimentando das baleias beluga olha que beleza Cadinha delas Eu preciso ficar comendo aqui baleia até que eu seja grandinho o suficiente pra começar a engolir iceberg né Acho que não vai demorar muito não,0.1638475507497787,0.4261226654052734,0.4100298285484314,NEU,0.4701603353023529,0.0103899221867322,0.0566282719373703,0.0066932248882949,0.0412170253694057,0.0146231427788734,0.0245646201074123,0.2853768,Tex HS,Roblox,MEU TUBARÃO COMEU O BRASIL e o resto do mundo também Tasty Blue  Parte 3 [kVtqjz5fKi8],,GZ,GZ,GZ,"🎬 Canal: Tex HS | 🎥 Vídeo: MEU TUBARÃO COMEU O BRASIL e o resto do mundo também Tasty Blue  Parte 3 [kVtqjz5fKi8]
⏱️ Segmento/Index: 15
🤖 Consenso de IA: GZ (Detoxify: 0.47 | Perspective: 0.285)
──────────────────────────────────────────────────
Fala transcrita:
""Não vou deixar eles onzos eles tão gigante galera e eles querem me eliminar Nesse momento o goldfish e o golfinho devem ser mais um player Jogando né enquanto eu sou apenas um peixinho normal pra eles mas calma meus queridos Apesar de eu ser um grande fã de vocês eu não vou poupar vocês não beleza Eu to preso cara eu to preso Você não atrapalhou Eu to preso cara eu to preso Você não atacado Ah o golfinho ele vem comendo tudo galera Quer ver ele comer aquele barco olha lá Pensa no bichinho guloso esse golfinho ai Ta parte boa é que eu já posso comer os navios com isso vai avançar um pouquinho a fase Opa parece que eles tão comendo Parece que eles tão comendo de mim Parece que o jogo virou Quem que eu deveria comer primeiro galera Primeiro vai ser o goldfish que vai ser só um petisquinho Agora o prato principal vai ser o golfinho que beleza Mais uma fase aqui de iceberg pessoal vambora Estamos aqui nos alimentando das baleias beluga olha que beleza Cadinha delas Eu preciso ficar comendo aqui baleia até que eu seja grandinho o suficiente pra começar a engolir iceberg né Acho que não vai demorar muito não""",Avaliador_A,Avaliador_B
3,"Bora David Vai David David, David Atira, atira, atira Morri Que diabo de vida é essa Eu comprou o jogo eu ganhei 30 de vida Tu é doido Tu é doido, eu ia dar direito só a peste no monstro que o bicho não morreu Vou comprar fama Desgraçada só tem 2 Vou me reclamar no final pra jogando de quê? De fama De fama O cara chegou nae, o cara chegou nae Vai, vai, vai, vamos, vamos Ah, é doido Ah é doido Vou jogar esse capacete não, tu é doido Tem um só pra ir tão Ah mano Vocês são vergonhosos Ele fez capo moleque Ele fez, olha Pode jogar cedo?",0.9411283135414124,0.0389269962906837,0.0199447106570005,NEG,0.9855661392211914,0.0274358950555324,0.0633596926927566,0.0122497882694005,0.1014553979039192,0.0298332851380109,0.0640911161899566,0.50789946,meu nome é david,Roblox,VIRAMOS O CLUB DAS WINX NO FREE FIRE COM VOZ DE GALINHA [pkPqDqLmL7o],,T,T,T,"🎬 Canal: meu nome é david | 🎥 Vídeo: VIRAMOS O CLUB DAS WINX NO FREE FIRE COM VOZ DE GALINHA [pkPqDqLmL7o]
⏱️ Segmento/Index: 3
🤖 Consenso de IA: T (Detoxify: 0.986 | Perspective: 0.508)
──────────────────────────────────────────────────
Fala transcrita:
""Bora David Vai David David, David Atira, atira, atira Morri Que diabo de vida é essa Eu comprou o jogo eu ganhei 30 de vida Tu é doido Tu é doido, eu ia dar direito só a peste no monstro que o bicho não morreu Vou comprar fama Desgraçada só tem 2 Vou me reclamar no final pra jogando de quê? De fama De fama O cara chegou nae, o cara chegou nae Vai, vai, vai, vamos, vamos Ah, é doido Ah é doido Vou jogar esse capacete não, tu é doido Tem um só pra ir tão Ah mano Vocês são vergonhosos Ele fez capo moleque Ele fez, olha Pode jogar cedo?""",Avaliador_A,Avaliador_B
5,"Então deixa eu ver aqui a primeira câmera Que é do lado de dentro da casa dele e até agora não tem nada Deixa eu ver do lado de fora! Ih, é o quê? O Atus ali! Mas o Atus tá diferente, o que ele tá usando? Ah, eu preciso pensar outro jeito! Eu tentei me atirar de montanha, tentei atirar bigorna na minha cabeça Talvez fornalha! Se eu entrar na fornalha e me queimar dentro dela! Ah, o Atus entrou dentro da casa! Deixa eu ver o que ele tá fazendo ali! Ah, não é possível! É isso mesmo que eu tô vendo? Ha ha! Nossa, tá de biquíni, velho! Que coisa feia! Não, não, não! O quê? Ele tá colocando fogo! Ha ha! Que coisa feia, velho, mano! Eu preciso muito ver o Atus aqui agora! Nossa, ele tá muito esquisito! Deve ser por isso que ele não queria vir pra praia, ele tava enrolando muito! Nossa, tá, tá, tá! Eu vou tirar uma foto, vou tirar uma print, vou mostrar pra todo mundo! Eu não consigo! Isso não sai de jeito nenhum! E se eu tentar colocar uma roupa por cima? Já sei! Uma armadura! Eu vou descer até a caverna e vou pegar uns ferros pra fazer uma armadura de ferro! Talvez isso dê certo! Ah, não! Eu vou ligar pro Atus! Eu quero ver a cara dele!",0.1681826412677765,0.8088322281837463,0.0229850802570581,NEU,0.4494920670986175,0.0039957193657755,0.0357637554407119,0.0017170746577903,0.0340209193527698,0.0865107625722885,0.0062978225760161,0.32764325,Athos,Minecraft,ATHOS FOI PARA A PRAIA NO MINECRAFT [2Q6pUqS-jyA],,GZ,GZ,GZ,"🎬 Canal: Athos | 🎥 Vídeo: ATHOS FOI PARA A PRAIA NO MINECRAFT [2Q6pUqS-jyA]
⏱️ Segmento/Index: 5
🤖 Consenso de IA: GZ (Detoxify: 0.449 | Perspective: 0.328)
──────────────────────────────────────────────────
Fala transcrita:
""Então deixa eu ver aqui a primeira câmera Que é do lado de dentro da casa dele e até agora não tem nada Deixa eu ver do lado de fora! Ih, é o quê? O Atus ali! Mas o Atus tá diferente, o que ele tá usando? Ah, eu preciso pensar outro jeito! Eu tentei me atirar de montanha, tentei atirar bigorna na minha cabeça Talvez fornalha! Se eu entrar na fornalha e me queimar dentro dela! Ah, o Atus entrou dentro da casa! Deixa eu ver o que ele tá fazendo ali! Ah, não é possível! É isso mesmo que eu tô vendo? Ha ha! Nossa, tá de biquíni, velho! Que coisa feia! Não, não, não! O quê? Ele tá colocando fogo! Ha ha! Que coisa feia, velho, mano! Eu preciso muito ver o Atus aqui agora! Nossa, ele tá muito esquisito! Deve ser por isso que ele não queria vir pra praia, ele tava enrolando muito! Nossa, tá, tá, tá! Eu vou tirar uma foto, vou tirar uma print, vou mostrar pra todo mundo! Eu não consigo! Isso não sai de jeito nenhum! E se eu tentar colocar uma roupa por cima? Já sei! Uma armadura! Eu vou descer até a caverna e vou pegar uns ferros pra fazer uma armadura de ferro! Talvez isso dê certo! Ah, não! Eu vou ligar pro Atus! Eu quero ver a cara dele!""",Avaliador_A,Avaliador_B
5,"Olha o que acontece, galera Tá, aqui vai ser a nossa pachada em secreta Agora a gente tem que construir aqui um local para a gente ficar Vamos pelo menos botar uma luz aqui nesse local, né? Beleza, agora ficou um pouquinho mais completo, galera A gente já consegue se enxergar Então deixa eu só ver como está do lado de fora Para ver se está realmente... Ela voltou Ela voltou, beleza, a árvore está normal Está normal, está normal Agora a Eduardo tem que apertar esse botão aqui para ela me descobrir Ah, galera, vamos combinar Dá nem para ver que tem um botão ali, filho Só se você chegar do lado e ficar assim aí Dá para ver que tem um botão ali, filho Só se você chegar do lado e ficar assim aí Dá para ver que tem um botão ali, filho Só se você chegar do lado e ficar assim aí Dá para ver que tem um botão Vamos voltar para o nosso esconderijo, pronto E vamos esperar O moço está saindo da jaula Marcelo Oi, Eduardo, tudo bom? Vou te achar, hein Ai, ai, você agora é piadista, comediante Isso aí é uma piada, né? Você me achar? Calma, assim, calma, assim Nunca, nunca na história Eu vou te achar Eduardo, a única coisa que você vai aqui É perder... Na cama, galera, ela está procurando lá na cama Não, aqui vai ser a minha cozinha, tá? Porque eu estou montando uma casa, tá, Eduardo?",0.0214330926537513,0.1523051261901855,0.8262618184089661,POS,0.0375379547476768,0.0061794025823473,0.0477778539061546,0.0029950463213026,0.0302408169955015,0.0031445110216736,0.0061384821310639,0.1893425,Marcelodrv,Minecraft,24 HORAS TROLLANDO minha amiga no Esconde-Esconde - O FILME [S5Bfat_1vdc],,NT,NT,NT,"🎬 Canal: Marcelodrv | 🎥 Vídeo: 24 HORAS TROLLANDO minha amiga no Esconde-Esconde - O FILME [S5Bfat_1vdc]
⏱️ Segmento/Index: 5
🤖 Consenso de IA: NT (Detoxify: 0.038 | Perspective: 0.189)
──────────────────────────────────────────────────
Fala transcrita:
""Olha o que acontece, galera Tá, aqui vai ser a nossa pachada em secreta Agora a gente tem que construir aqui um local para a gente ficar Vamos pelo menos botar uma luz aqui nesse local, né? Beleza, agora ficou um pouquinho mais completo, galera A gente já consegue se enxergar Então deixa eu só ver como está do lado de fora Para ver se está realmente... Ela voltou Ela voltou, beleza, a árvore está normal Está normal, está normal Agora a Eduardo tem que apertar esse botão aqui para ela me descobrir Ah, galera, vamos combinar Dá nem para ver que tem um botão ali, filho Só se você chegar do lado e ficar assim aí Dá para ver que tem um botão ali, filho Só se você chegar do lado e ficar assim aí Dá para ver que tem um botão ali, filho Só se você chegar do lado e ficar assim aí Dá para ver que tem um botão Vamos voltar para o nosso esconderijo, pronto E vamos esperar O moço está saindo da jaula Marcelo Oi, Eduardo, tudo bom? Vou te achar, hein Ai, ai, você agora é piadista, comediante Isso aí é uma piada, né? Você me achar? Calma, assim, calma, assim Nunca, nunca na história Eu vou te achar Eduardo, a única coisa que você vai aqui É perder... Na cama, galera, ela está procurando lá na cama Não, aqui vai ser a minha cozinha, tá? Porque eu estou montando uma casa, tá, Eduardo?""",Avaliador_A,Avaliador_B
13,"escapatória, escapatória escapatória eu vou quebrar aqui, porque eu sei que tem uma coisa que eu não sabia eu sabia, tem uma passagem secreta mas essa passagem secreta tem só dois blocos de alto, McFly, eu sou seu amigo e você construiu uma passagem secreta onde eu não posso entrar exatamente, porque eu fiquei muito medo de você, eu fiz tipo um bunker secreto, mas agora você descobriu é, agora eu acabei de descobrir aqui o seu bunker secreto de dois blocos de altura, você devia ter feito de obsidian, porque eu tenho, não é machado eu posso quebrar, e agora ele não é mais tão secreto desculpa, mas cara, eu não acredito eu tô tentando ser um Endermin jovinho é, é que as vezes assustaram de saber o que eu tomei com a porta achei que você era meio malvado, sei lá McFly, eu sou um Endermin do bem eu tô realmente tentando te ajudar e você, tá só desconfiado eu não tô gostando, cara tem razão, depois que você veio começar a tacar fogo na minha casa inteira fiquei, nossa, fiquei assustado não entendi, é, beleza vou fingir que eu acredito não, mas vai ver só, só porque você não confiou em mim, sabe, eu te dei uma casa de presente você não tá gravando isso? olha, e eu ainda sou bonzinho, eu sou tão bonzinho que eu vou te dar uma espada e é bom você usar ela com sabedoria mais tarde guarde o que eu tô falando, mais tarde você vai ter que usar essa espada com sabedoria você não tá gravando isso, né?",0.0830858945846557,0.7792468667030334,0.1376672536134719,NEU,0.3517678678035736,0.0116143785417079,0.0462323203682899,0.0061162328347563,0.0465116091072559,0.0099855121225118,0.0087614664807915,0.37751234,JP Plays,Minecraft,JOGUEI MINECRAFT SENDO UM ENDERMAN DO BEM [3j31U5ZRjRk],,GZ,GZ,GZ,"🎬 Canal: JP Plays | 🎥 Vídeo: JOGUEI MINECRAFT SENDO UM ENDERMAN DO BEM [3j31U5ZRjRk]
⏱️ Segmento/Index: 13
🤖 Consenso de IA: GZ (Detoxify: 0.352 | Perspective: 0.378)
──────────────────────────────────────────────────
Fala transcrita:
""escapatória, escapatória escapatória eu vou quebrar aqui, porque eu sei que tem uma coisa que eu não sabia eu sabia, tem uma passagem secreta mas essa passagem secreta tem só dois blocos de alto, McFly, eu sou seu amigo e você construiu uma passagem secreta onde eu não posso entrar exatamente, porque eu fiquei muito medo de você, eu fiz tipo um bunker secreto, mas agora você descobriu é, agora eu acabei de descobrir aqui o seu bunker secreto de dois blocos de altura, você devia ter feito de obsidian, porque eu tenho, não é machado eu posso quebrar, e agora ele não é mais tão secreto desculpa, mas cara, eu não acredito eu tô tentando ser um Endermin jovinho é, é que as vezes assustaram de saber o que eu tomei com a porta achei que você era meio malvado, sei lá McFly, eu sou um Endermin do bem eu tô realmente tentando te ajudar e você, tá só desconfiado eu não tô gostando, cara tem razão, depois que você veio começar a tacar fogo na minha casa inteira fiquei, nossa, fiquei assustado não entendi, é, beleza vou fingir que eu acredito não, mas vai ver só, só porque você não confiou em mim, sabe, eu te dei uma casa de presente você não tá gravando isso? olha, e eu ainda sou bonzinho, eu sou tão bonzinho que eu vou te dar uma espada e é bom você usar ela com sabedoria mais tarde guarde o que eu tô falando, mais tarde você vai ter que usar essa espada com sabedoria você não tá gravando isso, né?""",Avaliador_A,Avaliador_B
6,"Deixa eu tentar despistar ele. Tá, estou aqui dentro, estou aqui dentro. Ele está me vendo, ele está dropando. Ele está dropando peixe, eu não posso pegar. Eu tenho que fingir que eu estou com medo dele. Ele não desiste, ele quer muito domesticar, mano. Meu Deus do céu. Ele não para de sair de trás de mim. Espera, eu vou tentar fazer algo arriscado. Eu acho que eu não tomo dano de queda, né? Espera, deixa eu testar. Tá, eu não tomo dano de queda. Eu vou tentar fazer um negócio. Não, eu pesquei errado, eu pesquei o peixe. Tá, mas eu não tomo dano de queda, mas ele toma. Então eu vou tentar pescar ele. Ele vai ver só um peixe tentando pescar ele. Eu pesquei, eu pesquei. Foi, vem. Não, ele não caiu. Eu vou tentar matar ele sendo um gato. Ele não deve estar entendendo nada. Um gato assassino tentando matar ele. Será que eu pesquei ele? Não, eu não consegui pescar. Tá, quer saber? Eu vou desaparecer aqui, senão ele vai descobrir que sou eu. Ele já deve estar pensando que tem alguma coisa estranha. Só por estar um gato tentando pescar ele.",0.3651661574840545,0.5928511023521423,0.0419827215373516,NEU,0.5419256687164307,0.002257129875943,0.0237432848662138,0.001314096734859,0.0233645401895046,0.3092540502548218,0.0032994009088724,0.31547862,Cadres,Minecraft,trollei meus amigos me disfarçando de animais no minecraft [gzwA9RRLu1A],,GZ,GZ,GZ,"🎬 Canal: Cadres | 🎥 Vídeo: trollei meus amigos me disfarçando de animais no minecraft [gzwA9RRLu1A]
⏱️ Segmento/Index: 6
🤖 Consenso de IA: GZ (Detoxify: 0.542 | Perspective: 0.315)
──────────────────────────────────────────────────
Fala transcrita:
""Deixa eu tentar despistar ele. Tá, estou aqui dentro, estou aqui dentro. Ele está me vendo, ele está dropando. Ele está dropando peixe, eu não posso pegar. Eu tenho que fingir que eu estou com medo dele. Ele não desiste, ele quer muito domesticar, mano. Meu Deus do céu. Ele não para de sair de trás de mim. Espera, eu vou tentar fazer algo arriscado. Eu acho que eu não tomo dano de queda, né? Espera, deixa eu testar. Tá, eu não tomo dano de queda. Eu vou tentar fazer um negócio. Não, eu pesquei errado, eu pesquei o peixe. Tá, mas eu não tomo dano de queda, mas ele toma. Então eu vou tentar pescar ele. Ele vai ver só um peixe tentando pescar ele. Eu pesquei, eu pesquei. Foi, vem. Não, ele não caiu. Eu vou tentar matar ele sendo um gato. Ele não deve estar entendendo nada. Um gato assassino tentando matar ele. Será que eu pesquei ele? Não, eu não consegui pescar. Tá, quer saber? Eu vou desaparecer aqui, senão ele vai descobrir que sou eu. Ele já deve estar pensando que tem alguma coisa estranha. Só por estar um gato tentando pescar ele.""",Avaliador_A,Avaliador_B
14,"Que espertinho. Parece que ele sabe que eu tô com a chave na minha mão. E tá indo cuidar ali pra ver se eu não vou fugir. Ô bonitão! Ô bonitão! Vai lá ver se não tá a comida queimando no fogão, alguma coisa assim. Eu vou ter que dar o dibre nele, pessoal. Vou dar uma volta na casa, tentar me afastar dele, pra dar a e abrir o portão. Beleza, pessoal. O caminho tá livre. Vamos ver se eu consigo abrir rapidinho, rapidinho, rapidinho. Aí, abriu. Completamos o ato dois. O ato três agora vai ser o apartamento. O apartamento, pessoal, é quando o nosso personagem, até alguém batendo aqui, vai deixar uma carta. Cadê a carta? Isso! O ato três, pessoal, do apartamento, é quando a gente tinha saído daquela vizinhança, o nosso personagem aqui, e ido morar num apartamento. Ali, ó! Ali o nosso personagem, quem quer? Vou dar foto ali, ó, que legal! Dá pra ler a cartinha? Eu estou trancado na minha própria casa, é uma beleza.",0.1714982241392135,0.6066899299621582,0.2218118607997894,NEU,0.2615711987018585,0.0004111502494197,0.0242333617061376,0.0004442414210643,0.1526530534029007,0.0057471971958875,0.0045748217962682,0.3561489,Tex HS,Roblox,O VIZINHO ESTÁ DE VOLTA Roblox Hello Neighbor The New Neighborhood [vjyF80mQiSo],,GZ,GZ,GZ,"🎬 Canal: Tex HS | 🎥 Vídeo: O VIZINHO ESTÁ DE VOLTA Roblox Hello Neighbor The New Neighborhood [vjyF80mQiSo]
⏱️ Segmento/Index: 14
🤖 Consenso de IA: GZ (Detoxify: 0.262 | Perspective: 0.356)
──────────────────────────────────────────────────
Fala transcrita:
""Que espertinho. Parece que ele sabe que eu tô com a chave na minha mão. E tá indo cuidar ali pra ver se eu não vou fugir. Ô bonitão! Ô bonitão! Vai lá ver se não tá a comida queimando no fogão, alguma coisa assim. Eu vou ter que dar o dibre nele, pessoal. Vou dar uma volta na casa, tentar me afastar dele, pra dar a e abrir o portão. Beleza, pessoal. O caminho tá livre. Vamos ver se eu consigo abrir rapidinho, rapidinho, rapidinho. Aí, abriu. Completamos o ato dois. O ato três agora vai ser o apartamento. O apartamento, pessoal, é quando o nosso personagem, até alguém batendo aqui, vai deixar uma carta. Cadê a carta? Isso! O ato três, pessoal, do apartamento, é quando a gente tinha saído daquela vizinhança, o nosso personagem aqui, e ido morar num apartamento. Ali, ó! Ali o nosso personagem, quem quer? Vou dar foto ali, ó, que legal! Dá pra ler a cartinha? Eu estou trancado na minha própria casa, é uma beleza.""",Avaliador_A,Avaliador_B
5,que tava com o barrio andando no medo aberto achando que ninguém ia me ver ou se foi o cara que passou na minha frente e não me viu ou é aquilo né acho que ele me viu mas ele falou pobre coitada correndo deve ta sem vida nenhuma tentando segurar os pontos acho que ele ficou com pena de mim não é possível porque como é que aquele cara não me viu gente pelo amor de Deus a tela dele deve ta quebrada ele deve ta vendo só um pontinho assim na tela que não é possível o cara não me viu ali passando na frente dele atirei sem querer entreguei minha localização falei pronto e agora aquele rusha em mim eu vou perder todos os meus pontos só que eu sou mais esperta mirei na cabeça ai TAYLOR famoso de dois capinhas é agora eu nunca vou ter que correr no inimigo pra ver se ele tem alguma vida alguma coisa eu tenho que me proteger tem outro inimigo me atirando o cara começou a me atirar eu pego lute pego lute pego lute sai correndo agora eu tenho que rilar minha vida toda agora é a única chance que eu tenho de sair desse lugar aqui tão frio aqui tão frio preciso sair daqui correndo mas agora uma coisa é certa tem um cara lá no fundo que ta me marcando,0.7121138572692871,0.1600098609924316,0.12787626683712,NEG,0.4502874314785003,0.0021086621563881,0.0348169095814228,0.0019296234240755,0.0547246597707271,0.086826205253601,0.0031062562484294,0.27750343,Amy Scarlet,Roblox,Não consigo pegar MESTRE no Free Fire [1ZL1HFdBvD8],,GZ,GZ,GZ,"🎬 Canal: Amy Scarlet | 🎥 Vídeo: Não consigo pegar MESTRE no Free Fire [1ZL1HFdBvD8]
⏱️ Segmento/Index: 5
🤖 Consenso de IA: GZ (Detoxify: 0.45 | Perspective: 0.278)
──────────────────────────────────────────────────
Fala transcrita:
""que tava com o barrio andando no medo aberto achando que ninguém ia me ver ou se foi o cara que passou na minha frente e não me viu ou é aquilo né acho que ele me viu mas ele falou pobre coitada correndo deve ta sem vida nenhuma tentando segurar os pontos acho que ele ficou com pena de mim não é possível porque como é que aquele cara não me viu gente pelo amor de Deus a tela dele deve ta quebrada ele deve ta vendo só um pontinho assim na tela que não é possível o cara não me viu ali passando na frente dele atirei sem querer entreguei minha localização falei pronto e agora aquele rusha em mim eu vou perder todos os meus pontos só que eu sou mais esperta mirei na cabeça ai TAYLOR famoso de dois capinhas é agora eu nunca vou ter que correr no inimigo pra ver se ele tem alguma vida alguma coisa eu tenho que me proteger tem outro inimigo me atirando o cara começou a me atirar eu pego lute pego lute pego lute sai correndo agora eu tenho que rilar minha vida toda agora é a única chance que eu tenho de sair desse lugar aqui tão frio aqui tão frio preciso sair daqui correndo mas agora uma coisa é certa tem um cara lá no fundo que ta me marcando""",Avaliador_A,Avaliador_B
32,meu deus vei que silêncio ta tenso mano ta muito mano tipo assim eu não sei você mas o que eu to nervoso não é brincadeira tipo assim será que é melhor caraca eu não pensei nisso é melhor fazer isso cadu oi sinto de informar não sente nada ah foi você? cara eu vi isso foi você? foi você? ah velho do nada do nada ah velho lhe falta ódio cadu me faltava em derpil mano não tinha derpil você é fraco carlos eduardo ah ah ah ah jump do,0.9487076997756958,0.0282743964344263,0.0230178982019424,NEG,0.8319954872131348,0.0093471128493547,0.0472096316516399,0.0107866739854216,0.0639494210481643,0.0042551890946924,0.0241848286241292,0.52007306,Geleia,Minecraft,então eu fiz uma BATALHA de LUCKY BLOCK de TIKTOK no minecraft com 4 YOUTUBERS [nqKFiMvykU4],,T,T,T,"🎬 Canal: Geleia | 🎥 Vídeo: então eu fiz uma BATALHA de LUCKY BLOCK de TIKTOK no minecraft com 4 YOUTUBERS [nqKFiMvykU4]
⏱️ Segmento/Index: 32
🤖 Consenso de IA: T (Detoxify: 0.832 | Perspective: 0.52)
──────────────────────────────────────────────────
Fala transcrita:
""meu deus vei que silêncio ta tenso mano ta muito mano tipo assim eu não sei você mas o que eu to nervoso não é brincadeira tipo assim será que é melhor caraca eu não pensei nisso é melhor fazer isso cadu oi sinto de informar não sente nada ah foi você? cara eu vi isso foi você? foi você? ah velho do nada do nada ah velho lhe falta ódio cadu me faltava em derpil mano não tinha derpil você é fraco carlos eduardo ah ah ah ah jump do""",Avaliador_A,Avaliador_B
20,manda e aí bonitão ele tá descendo de volta galera vou usar mais uma cama toma a flechada ele quebrou quebrou quem tá me batendo era ele ou era o enderman não sei minha vontade era deixar uma cama aqui já mas ele parece que ele bate as asas ele quebra né a cama não vale muito a pena não pegar essa minha flecha espectral aqui ó essa aqui não é infinita ele tá descendo quando ele começa a fazer isso aqui essas pirueta dele ó tipo a dança né a dança do agora fica aí fica aí bonitão nossa tirou a vida dele mas tirou,0.2976882457733154,0.4448860585689544,0.2574256956577301,NEU,0.274375170469284,0.0023190383799374,0.0335971526801586,0.0022929126862436,0.0325470454990863,0.0125696528702974,0.0051172478124499,0.3666224,Tex HS,Roblox,DISSERAM QUE EU NÃO IA CONSEGUIR Minecraft Zero Mortes  E49 [2MmW0icYsK4],,GZ,GZ,GZ,"🎬 Canal: Tex HS | 🎥 Vídeo: DISSERAM QUE EU NÃO IA CONSEGUIR Minecraft Zero Mortes  E49 [2MmW0icYsK4]
⏱️ Segmento/Index: 20
🤖 Consenso de IA: GZ (Detoxify: 0.274 | Perspective: 0.367)
──────────────────────────────────────────────────
Fala transcrita:
""manda e aí bonitão ele tá descendo de volta galera vou usar mais uma cama toma a flechada ele quebrou quebrou quem tá me batendo era ele ou era o enderman não sei minha vontade era deixar uma cama aqui já mas ele parece que ele bate as asas ele quebra né a cama não vale muito a pena não pegar essa minha flecha espectral aqui ó essa aqui não é infinita ele tá descendo quando ele começa a fazer isso aqui essas pirueta dele ó tipo a dança né a dança do agora fica aí fica aí bonitão nossa tirou a vida dele mas tirou""",Avaliador_A,Avaliador_B
2,"AAAAAH! Yes! Você era você mesma, eu não acredito! Ah, gente, como assim? Texinho, texinho, você é o texinho mesmo? Não, não sou eu esse aí não, pode atacar ele! Não! Ai, eu tô perdendo o coração, não era! Nossa! O que aconteceu com a Cris? O que aconteceu comigo? Hahahaha! Ali, ó, o texinho! Volta aqui! Volta aqui! Morreu! Morreu! Nossa, ele tá correndo! Oloco! Ah, morri! Morreu! Ah, parou! Você se transformou bem na hora, texinho! Você não soube disfarçar bem! Não teve como não! Tá, falta quantas pessoas, será? Deixa eu ver! Não, eu não consigo saber! Não dá pra ver, né? Não dá pra ver! Só dá pra ver quem é policial! Eu tô vendo um que tá ali disfarçando muito bem! Não! Ah, eu só tenho dois corações! Deixa eu ver, deixa eu ver as pessoas! Ai, esse daqui tá correndo demais!",0.9514204859733582,0.0345208048820495,0.0140586020424962,NEG,0.5306761860847473,0.0018476292025297,0.040294624865055,0.0009028280619531,0.0745581462979316,0.0263898130506277,0.0045430893078446,0.3827457,Julia MineGirl,Roblox,Roblox - JULIA MINEGIRL DISFARÇADA Incognito [hVRTGUTr3a4],,GZ,GZ,GZ,"🎬 Canal: Julia MineGirl | 🎥 Vídeo: Roblox - JULIA MINEGIRL DISFARÇADA Incognito [hVRTGUTr3a4]
⏱️ Segmento/Index: 2
🤖 Consenso de IA: GZ (Detoxify: 0.531 | Perspective: 0.383)
──────────────────────────────────────────────────
Fala transcrita:
""AAAAAH! Yes! Você era você mesma, eu não acredito! Ah, gente, como assim? Texinho, texinho, você é o texinho mesmo? Não, não sou eu esse aí não, pode atacar ele! Não! Ai, eu tô perdendo o coração, não era! Nossa! O que aconteceu com a Cris? O que aconteceu comigo? Hahahaha! Ali, ó, o texinho! Volta aqui! Volta aqui! Morreu! Morreu! Nossa, ele tá correndo! Oloco! Ah, morri! Morreu! Ah, parou! Você se transformou bem na hora, texinho! Você não soube disfarçar bem! Não teve como não! Tá, falta quantas pessoas, será? Deixa eu ver! Não, eu não consigo saber! Não dá pra ver, né? Não dá pra ver! Só dá pra ver quem é policial! Eu tô vendo um que tá ali disfarçando muito bem! Não! Ah, eu só tenho dois corações! Deixa eu ver, deixa eu ver as pessoas! Ai, esse daqui tá correndo demais!""",Avaliador_A,Avaliador_B
1,"Eduarda, inclusive, eu tenho uma missão pra você, Eduarda! O quê? Calma aí, deixa eu fazer uma espada aqui. Calma aí. Pronto, fiz uma espada de pedra aqui pra você, e eu duvido você matar o Aeron Golem, Eduarda, porque ele dá experiência, garota! Dá, dá, dá. Isso aí é fácil, deixa eu vir aqui. Acho que pra você... Vai lá, Eduarda. E aí, Fih, vem cá! Chega aí, mano! Chega aí! Bom, Eduarda! Eu nem conheço ela, Aeron Golem, sei nem quem é, falar a verdade. Eduarda, nunca vi na minha vida. É assim que se mata Aeron Golem, Eduarda! Ó, Fih, ele nunca vai me destruir, ó! Me dá teu fome! Vai, Marcelo! Vai, Marcelo! Já faz cinco anos que eu tô... Opa! Não ganhei nenhuma experiência, que legal. Tive uma ideia, Eduarda, eu tenho uma picareta de ferro aqui, e aqui tem, ó, carvão, Fih, carvão da experiência. Opa! Duas, três... Eu quero ver como que eu vou ficar assustador. Deixa eu pegar. Ferro é bom demais! Ó, uma experiência! O que será que deve ter mudado, Eduarda? Ai! O que foi, garota? Que susto, Marcelo! Você tá de azul babão! Eu sou azul babão... Eu sou azul babão! Eu amo azul babão, eu sou azul babão.",0.0720192119479179,0.7845116257667542,0.1434691697359085,NEU,0.5713868737220764,0.0074618123471736,0.0491663180291652,0.0032272296957671,0.0313986539840698,0.0269356537610292,0.0116489641368389,0.3127066,Marcelodrv,Minecraft,A Cada XP eu fico mais ASSUSTADOR [05E8b9zbHQU],,GZ,GZ,GZ,"🎬 Canal: Marcelodrv | 🎥 Vídeo: A Cada XP eu fico mais ASSUSTADOR [05E8b9zbHQU]
⏱️ Segmento/Index: 1
🤖 Consenso de IA: GZ (Detoxify: 0.571 | Perspective: 0.313)
──────────────────────────────────────────────────
Fala transcrita:
""Eduarda, inclusive, eu tenho uma missão pra você, Eduarda! O quê? Calma aí, deixa eu fazer uma espada aqui. Calma aí. Pronto, fiz uma espada de pedra aqui pra você, e eu duvido você matar o Aeron Golem, Eduarda, porque ele dá experiência, garota! Dá, dá, dá. Isso aí é fácil, deixa eu vir aqui. Acho que pra você... Vai lá, Eduarda. E aí, Fih, vem cá! Chega aí, mano! Chega aí! Bom, Eduarda! Eu nem conheço ela, Aeron Golem, sei nem quem é, falar a verdade. Eduarda, nunca vi na minha vida. É assim que se mata Aeron Golem, Eduarda! Ó, Fih, ele nunca vai me destruir, ó! Me dá teu fome! Vai, Marcelo! Vai, Marcelo! Já faz cinco anos que eu tô... Opa! Não ganhei nenhuma experiência, que legal. Tive uma ideia, Eduarda, eu tenho uma picareta de ferro aqui, e aqui tem, ó, carvão, Fih, carvão da experiência. Opa! Duas, três... Eu quero ver como que eu vou ficar assustador. Deixa eu pegar. Ferro é bom demais! Ó, uma experiência! O que será que deve ter mudado, Eduarda? Ai! O que foi, garota? Que susto, Marcelo! Você tá de azul babão! Eu sou azul babão... Eu sou azul babão! Eu amo azul babão, eu sou azul babão.""",Avaliador_A,Avaliador_B
1,"O tempo tá passando Aí eu terminei de quebrar tudo Agora eu venho aqui em cima e coloco essa lava totalmente diferente Que dá muito mais dano Já que essa daqui é a lava de zinco Tá, mas agora você deve estar pensando como que eu vou fazer pra passar pra minha casa E vai ser de um jeito muito Nubi Porque aqui desse lado vai ter essa escada E no final dessa escada vai ter uma ponte que vai levar direto pra casa Ah, mas agora faltam 20 segundos, deixa eu correr Porque eu vou pegar e colocar teia aqui em tudo E pra me ajudar eu vou bater esse machadinho aqui Agora eu venho aqui do outro lado da minha casa e clico aqui de novo Agora é só dar esse comando e pronto! Tem um monte de teia aqui Ah, mas eu esqueci desse lugar, deixa eu colocar rápido Ah, mas o tempo tá acabando Acabou o tempo, eu não posso construir mais nada E esse foi só o nível Nubi Mas eu ainda vou fazer o nível Pro e até o nível Hacker Será que o Naru vai conseguir passar e ganhar uns mil reais?",0.1109848320484161,0.4457480907440185,0.4432671368122101,NEU,0.0122153228148818,0.0063160494901239,0.044533010572195,0.0068530435673892,0.0393786281347274,0.0034943793434649,0.0013751212973147,0.18554166,Cadres,Minecraft,CASA SEGURA de NOOB vs PRO vs HACKER no Minecraft [UW_4Oo2MH2s],,NT,NT,NT,"🎬 Canal: Cadres | 🎥 Vídeo: CASA SEGURA de NOOB vs PRO vs HACKER no Minecraft [UW_4Oo2MH2s]
⏱️ Segmento/Index: 1
🤖 Consenso de IA: NT (Detoxify: 0.012 | Perspective: 0.186)
──────────────────────────────────────────────────
Fala transcrita:
""O tempo tá passando Aí eu terminei de quebrar tudo Agora eu venho aqui em cima e coloco essa lava totalmente diferente Que dá muito mais dano Já que essa daqui é a lava de zinco Tá, mas agora você deve estar pensando como que eu vou fazer pra passar pra minha casa E vai ser de um jeito muito Nubi Porque aqui desse lado vai ter essa escada E no final dessa escada vai ter uma ponte que vai levar direto pra casa Ah, mas agora faltam 20 segundos, deixa eu correr Porque eu vou pegar e colocar teia aqui em tudo E pra me ajudar eu vou bater esse machadinho aqui Agora eu venho aqui do outro lado da minha casa e clico aqui de novo Agora é só dar esse comando e pronto! Tem um monte de teia aqui Ah, mas eu esqueci desse lugar, deixa eu colocar rápido Ah, mas o tempo tá acabando Acabou o tempo, eu não posso construir mais nada E esse foi só o nível Nubi Mas eu ainda vou fazer o nível Pro e até o nível Hacker Será que o Naru vai conseguir passar e ganhar uns mil reais?""",Avaliador_A,Avaliador_B
5,"A qual é esse aqui? Ae, a minha chance, coloca creeper! Um creeper! Eu explodi ele! Explodi de novo esse berço que ele reconstruiu! Nossa, agora sim que ele vai ficar morrendo de raiva de mim! Quer saber, eu ainda não vou virar Cadres! Porque eu tenho mais uma ideia pra trollar ele fingindo ser a namorada! Ele vai ficar louco de raiva! Ai, porque os creepers explodiram em minha casa e onde eles vieram? Eu perdi até minha roupa na explosão! O que aconteceu com o Naru? Ele ficou sem rola! Ai, namorada, explodiu de ver o creeper! Não olha pra minha casa, eu tinha acabado de reconstruir! Ah, pra você, não foi? Ele tá perguntando se foi eu? Eu vou falar que foi o Cadres! E se foi o Naru? Eu vou falar que foi o Cadres! E se for ver bem, eu nem tô mentindo! Não foi eu, foi o Cadres! Como que foi o Cadres? O Cadres nem aqui tava, foi você! Ah, quer saber, tchuma, vai embora! Ele tá me mandando ir embora! Que menino chato!",0.8795939087867737,0.0944182500243187,0.0259878914803266,NEG,0.8750303387641907,0.0043709543533623,0.0637068599462509,0.004740344826132,0.0818829461932182,0.0795848071575164,0.0084706526249647,0.4013387,Cadres,Minecraft,15 Jeitos de Irritar um Bebê no Minecraft [nHiiyigE5rA],,T,T,T,"🎬 Canal: Cadres | 🎥 Vídeo: 15 Jeitos de Irritar um Bebê no Minecraft [nHiiyigE5rA]
⏱️ Segmento/Index: 5
🤖 Consenso de IA: T (Detoxify: 0.875 | Perspective: 0.401)
──────────────────────────────────────────────────
Fala transcrita:
""A qual é esse aqui? Ae, a minha chance, coloca creeper! Um creeper! Eu explodi ele! Explodi de novo esse berço que ele reconstruiu! Nossa, agora sim que ele vai ficar morrendo de raiva de mim! Quer saber, eu ainda não vou virar Cadres! Porque eu tenho mais uma ideia pra trollar ele fingindo ser a namorada! Ele vai ficar louco de raiva! Ai, porque os creepers explodiram em minha casa e onde eles vieram? Eu perdi até minha roupa na explosão! O que aconteceu com o Naru? Ele ficou sem rola! Ai, namorada, explodiu de ver o creeper! Não olha pra minha casa, eu tinha acabado de reconstruir! Ah, pra você, não foi? Ele tá perguntando se foi eu? Eu vou falar que foi o Cadres! E se foi o Naru? Eu vou falar que foi o Cadres! E se for ver bem, eu nem tô mentindo! Não foi eu, foi o Cadres! Como que foi o Cadres? O Cadres nem aqui tava, foi você! Ah, quer saber, tchuma, vai embora! Ele tá me mandando ir embora! Que menino chato!""",Avaliador_A,Avaliador_B
40,jogo tá chega de ladybug chega de bicho feio aqui será que a ladybug faz o poder dele gente esse jogo é doido você pode fazer o poder de outro personagem com por exemplo estou de ladybug mas posso fazer o poder que eu quiser então eu podia voar esse tempo inteiro também ai eu sou boba mas a minha primeira vez no mapa né como que eu ia saber 1700 likes na live então ótimo perfeito então vamos lá agora a gente vai se transformar de novo vamos tirar essa asa e a gente vai virar a chloe primeiro vamos virar chloe super chata metida né ela é chata não é do mal essa aqui é do mal ou ela ou é só a marinete que não gosta dela por causa do menino alguém me informa se ela é do mal,0.1923121064901352,0.2707633972167969,0.5369245409965515,POS,0.9599687457084656,0.0156560260802507,0.0662801712751388,0.012082165107131,0.0688120946288108,0.0044784392230212,0.0606644190847873,0.47622904,Papile,Roblox,VIVENDO COMO LADYBUG NO ROBLOX  Miraculous Ladybug Roleplay [eRXfd-9imtQ],,T,T,T,"🎬 Canal: Papile | 🎥 Vídeo: VIVENDO COMO LADYBUG NO ROBLOX  Miraculous Ladybug Roleplay [eRXfd-9imtQ]
⏱️ Segmento/Index: 40
🤖 Consenso de IA: T (Detoxify: 0.96 | Perspective: 0.476)
──────────────────────────────────────────────────
Fala transcrita:
""jogo tá chega de ladybug chega de bicho feio aqui será que a ladybug faz o poder dele gente esse jogo é doido você pode fazer o poder de outro personagem com por exemplo estou de ladybug mas posso fazer o poder que eu quiser então eu podia voar esse tempo inteiro também ai eu sou boba mas a minha primeira vez no mapa né como que eu ia saber 1700 likes na live então ótimo perfeito então vamos lá agora a gente vai se transformar de novo vamos tirar essa asa e a gente vai virar a chloe primeiro vamos virar chloe super chata metida né ela é chata não é do mal essa aqui é do mal ou ela ou é só a marinete que não gosta dela por causa do menino alguém me informa se ela é do mal""",Avaliador_A,Avaliador_B
7,"Eu tava tentando fazer um helicóptero aqui, mas não deu tempo Nossa, mas isso aqui não é um helicóptero, isso parece um barco Para de falar assim, do meu helicóptero ele tá muito bonito Muito bonito Olha o que que eu faço com o seu helicóptero, quebrei todo ele, subiu Inveja, que inveja?",0.5603774785995483,0.1313306242227554,0.3082919120788574,NEG,0.160978227853775,0.0060345381498336,0.0434558354318141,0.0041629853658378,0.031895026564598,0.0168488547205925,0.0033087723422795,0.06500591,Cadres,Minecraft,Trolei meu AMIGO com HEROI PRONTO na BATALHA DE CONSTRUÇÃO do MINECRAFT [H4kuFznwZpc],,NT,NT,NT,"🎬 Canal: Cadres | 🎥 Vídeo: Trolei meu AMIGO com HEROI PRONTO na BATALHA DE CONSTRUÇÃO do MINECRAFT [H4kuFznwZpc]
⏱️ Segmento/Index: 7
🤖 Consenso de IA: NT (Detoxify: 0.161 | Perspective: 0.065)
──────────────────────────────────────────────────
Fala transcrita:
""Eu tava tentando fazer um helicóptero aqui, mas não deu tempo Nossa, mas isso aqui não é um helicóptero, isso parece um barco Para de falar assim, do meu helicóptero ele tá muito bonito Muito bonito Olha o que que eu faço com o seu helicóptero, quebrei todo ele, subiu Inveja, que inveja?""",Avaliador_A,Avaliador_B
8,"Tá suave essas armas, mano. Cara, olha o Bruno! Oi, mano! Sabe o que eu tô fazendo aqui em casa também? A roupa que eu tô usando, perfume, cara. O cara tá com o olho no peixe, o outro no gato ali, lindão. E fala o que eu tenho que fazer aqui mais, ó. Eu tenho que andar pra direita ou pra esquerda. A gente vai pra esquerda. Eu tô indo, tô indo. Bota pra correr, faz a movimentação própria, ó. Aqui? Já pulou aí? Atirou, correu, voltou, deu meia volta, voltou pra cá, sem sentido nenhum, voltou, voltou nada na mão, tirou, tentou, sem sentido nenhum, correu, acelerou, andando. Matou no alto, matou o fomo lá no alto, aqui, fingiu que ia pra ver se ia o correndo, pegou e repetiu. Que viagem é essa, velho? Ali, ó, tem um cara na esquerda, tem um cara na esquerda, família, hein? Amo vocês, mas tem um cara na esquerda, hein, mano? Ali tem um cara atrás do muro ali. Aí, ó, vou matar, vou matar meu primeiro cara, velho. Ô, ô, mano, eu tô um absurdo, galera. Já pode aposentar, ô, Bru, que eu já tô um absurdo. Ó, Lindão, ó, olha aí na live, ó, ó, ó, ó.",0.054610252380371,0.3198720812797546,0.6255176067352295,POS,0.5216365456581116,0.0020889621227979,0.0166462641209363,0.0031322797294706,0.0602362975478172,0.0753696113824844,0.0060113095678389,0.3367073,AuthenticGames,Minecraft,AUTHENTICGAMES JOGANDO FREE FIRE COM O NOBRU [Hw9i4H8krwc],,GZ,GZ,GZ,"🎬 Canal: AuthenticGames | 🎥 Vídeo: AUTHENTICGAMES JOGANDO FREE FIRE COM O NOBRU [Hw9i4H8krwc]
⏱️ Segmento/Index: 8
🤖 Consenso de IA: GZ (Detoxify: 0.522 | Perspective: 0.337)
──────────────────────────────────────────────────
Fala transcrita:
""Tá suave essas armas, mano. Cara, olha o Bruno! Oi, mano! Sabe o que eu tô fazendo aqui em casa também? A roupa que eu tô usando, perfume, cara. O cara tá com o olho no peixe, o outro no gato ali, lindão. E fala o que eu tenho que fazer aqui mais, ó. Eu tenho que andar pra direita ou pra esquerda. A gente vai pra esquerda. Eu tô indo, tô indo. Bota pra correr, faz a movimentação própria, ó. Aqui? Já pulou aí? Atirou, correu, voltou, deu meia volta, voltou pra cá, sem sentido nenhum, voltou, voltou nada na mão, tirou, tentou, sem sentido nenhum, correu, acelerou, andando. Matou no alto, matou o fomo lá no alto, aqui, fingiu que ia pra ver se ia o correndo, pegou e repetiu. Que viagem é essa, velho? Ali, ó, tem um cara na esquerda, tem um cara na esquerda, família, hein? Amo vocês, mas tem um cara na esquerda, hein, mano? Ali tem um cara atrás do muro ali. Aí, ó, vou matar, vou matar meu primeiro cara, velho. Ô, ô, mano, eu tô um absurdo, galera. Já pode aposentar, ô, Bru, que eu já tô um absurdo. Ó, Lindão, ó, olha aí na live, ó, ó, ó, ó.""",Avaliador_A,Avaliador_B
6,"Aí snow Meu Deus Olha que cachorro lindo Que lindo cara, que cachorro lindo Tomei tempo de pegar uma moto ali que um parceiro nosso Te instacionou na hora da gravação Ali vimos os equipamentos também da gravação Não, ninguém viu nada Tô pra mostrar detalhes aqui, ó, tem uns trabalhadores vindo ali no trem Bastão pro lado Ó, quando bate, quando bate E o guardinha chega mais fácil, ó É isso, acompanhou, agora ó, corrida e insana É a mais bonita do vídeo, papo reto Corrida e insana, ó, Rávei Maria Snow, venha cá pra me limpegar Seu saco de osso A motinha ali atrás Batei logo com a cabeça E agora, Zé Paul vindo E o ponto contando, viu? O ponto contando ali Foi puxindo em drog, Zé Paul vindo puxando em drog Acordou Era tudo sonho, trocou Poxe, tu lá deitada aí do nada, quem foi sair? O guarda, mano, tu viu? Guardo o espistouelo Que guarda, Zé Paul vindo O guarda, mano Tá sonhando, né, bora Ó, ó Não, pô, eu tava Eu tava andando ali, tá ligado? Aí eu vi um portal aqui dentro Mas aí eu fui mandar... Nunca teve portal Aquele joguinho da Zé Paul, tá ligado? Aí eu já comecei ali com uns sprays Com uns sprays na mão Vai mentir em outro grupo, porque aqui todo mundo conhece a tua história Para, para, para, para Porque, mas é certo, mano Tá ficando doido, tá ficando doido Fica aí no pensamento, tá ficando doido, era de verdade Ele correu no correu Você acha que ele tava ficando doido?",0.0146238096058368,0.0854314491152763,0.8999447226524353,POS,0.2822175323963165,0.0082791550084948,0.047181662172079,0.0045086066238582,0.0450494475662708,0.003380563808605,0.0082665886729955,0.26104406,meu nome é david,Roblox,10 DETALHES que você PERDEU em SUBWAY SURFERS NA VIDA REAL [-P2WLwHCLBM],,GZ,GZ,GZ,"🎬 Canal: meu nome é david | 🎥 Vídeo: 10 DETALHES que você PERDEU em SUBWAY SURFERS NA VIDA REAL [-P2WLwHCLBM]
⏱️ Segmento/Index: 6
🤖 Consenso de IA: GZ (Detoxify: 0.282 | Perspective: 0.261)
──────────────────────────────────────────────────
Fala transcrita:
""Aí snow Meu Deus Olha que cachorro lindo Que lindo cara, que cachorro lindo Tomei tempo de pegar uma moto ali que um parceiro nosso Te instacionou na hora da gravação Ali vimos os equipamentos também da gravação Não, ninguém viu nada Tô pra mostrar detalhes aqui, ó, tem uns trabalhadores vindo ali no trem Bastão pro lado Ó, quando bate, quando bate E o guardinha chega mais fácil, ó É isso, acompanhou, agora ó, corrida e insana É a mais bonita do vídeo, papo reto Corrida e insana, ó, Rávei Maria Snow, venha cá pra me limpegar Seu saco de osso A motinha ali atrás Batei logo com a cabeça E agora, Zé Paul vindo E o ponto contando, viu? O ponto contando ali Foi puxindo em drog, Zé Paul vindo puxando em drog Acordou Era tudo sonho, trocou Poxe, tu lá deitada aí do nada, quem foi sair? O guarda, mano, tu viu? Guardo o espistouelo Que guarda, Zé Paul vindo O guarda, mano Tá sonhando, né, bora Ó, ó Não, pô, eu tava Eu tava andando ali, tá ligado? Aí eu vi um portal aqui dentro Mas aí eu fui mandar... Nunca teve portal Aquele joguinho da Zé Paul, tá ligado? Aí eu já comecei ali com uns sprays Com uns sprays na mão Vai mentir em outro grupo, porque aqui todo mundo conhece a tua história Para, para, para, para Porque, mas é certo, mano Tá ficando doido, tá ficando doido Fica aí no pensamento, tá ficando doido, era de verdade Ele correu no correu Você acha que ele tava ficando doido?""",Avaliador_A,Avaliador_B
6,"Ô, da hora o quartão cheio de beliche ó Muitos brinquedos e tudo mais Eu vou escolher essa cama aqui pra mim, pode ser né Se vocês quiserem a gente pode se divertir aqui um pouquinho né Por mais tempo, daí a galera gostou da ideia ó Eu vou ficar com o meu sonubinho aqui, por que não? Acabou Então tá, vamos lá pra cima Eu vou ficar com o meu sonubinho aqui, por que não? Acabou Primeiro socorro, se alguém precisar Se alguém passar mal, é isso Certo Jerry? Com certeza Vou esperar pra ver o que vai acontecer próximo aí pessoal Aí ele falou assim, ok pessoal, eu tô ficando um pouco Cansado aí sobre vocês, daí o Daniel aqui Falou que ele também tá cansado ó Por acaso sua avó já chegou em casa?",0.1315868943929672,0.5805102586746216,0.28790283203125,NEU,0.0300460085272789,0.0022657015360891,0.0347414053976535,0.0031844794284552,0.0212871935218572,0.0010896178428083,0.0038545047864317,0.1641865,Tex HS,Roblox,A VOVÓ SONÂMBULA NÃO GOSTA DE MIM Roblox Grandma Visit Story [yxQXpP_eDrY],,NT,NT,NT,"🎬 Canal: Tex HS | 🎥 Vídeo: A VOVÓ SONÂMBULA NÃO GOSTA DE MIM Roblox Grandma Visit Story [yxQXpP_eDrY]
⏱️ Segmento/Index: 6
🤖 Consenso de IA: NT (Detoxify: 0.03 | Perspective: 0.164)
──────────────────────────────────────────────────
Fala transcrita:
""Ô, da hora o quartão cheio de beliche ó Muitos brinquedos e tudo mais Eu vou escolher essa cama aqui pra mim, pode ser né Se vocês quiserem a gente pode se divertir aqui um pouquinho né Por mais tempo, daí a galera gostou da ideia ó Eu vou ficar com o meu sonubinho aqui, por que não? Acabou Então tá, vamos lá pra cima Eu vou ficar com o meu sonubinho aqui, por que não? Acabou Primeiro socorro, se alguém precisar Se alguém passar mal, é isso Certo Jerry? Com certeza Vou esperar pra ver o que vai acontecer próximo aí pessoal Aí ele falou assim, ok pessoal, eu tô ficando um pouco Cansado aí sobre vocês, daí o Daniel aqui Falou que ele também tá cansado ó Por acaso sua avó já chegou em casa?""",Avaliador_A,Avaliador_B
3,"Meu Deus Tá, eu vou pegar essas duas aqui primeiro então e fazer uma carrinha de terra com pedra Mas a gente tem alguns blocos aqui como diamante, quartzo e obsidiana Eu vou começar a nossa casinha aqui com quartzo e com diamante Vou fazer uma casinha não muito grande galera, porque é só o início Galera, a base inicial da nossa casa tá ficando bem assim, eu só preciso fechar esse teto aqui E ver se eu vou fazer um tetozinho diferente ou se esse quadradinho aqui já está bom E depois de tudo fechado eu tenho esse portão aqui E eu vou colocar esse portão como se fosse a entrada da casa mano Então a gente só coloca aqui e olha só que coisa mais maluca E a gente pode abrir ele bem dessa forma mano E é um portão muito tecnológico, então isso aqui é muito muito pro velho E pra fechar é a mesma coisa galera, eu acho que é a mesma coisa né cadê?",0.074248693883419,0.6020427942276001,0.3237085044384002,NEU,0.0102829132229089,0.0042174980044364,0.0471943505108356,0.0031818046700209,0.025276431813836,0.0023794567678123,0.0022840024903416,0.13908891,Kass e KR,Minecraft,Batalha de construção de BASE SEGURA de NOOB vs PRO no minecraft [k0-ptJjUy3o],,NT,NT,NT,"🎬 Canal: Kass e KR | 🎥 Vídeo: Batalha de construção de BASE SEGURA de NOOB vs PRO no minecraft [k0-ptJjUy3o]
⏱️ Segmento/Index: 3
🤖 Consenso de IA: NT (Detoxify: 0.01 | Perspective: 0.139)
──────────────────────────────────────────────────
Fala transcrita:
""Meu Deus Tá, eu vou pegar essas duas aqui primeiro então e fazer uma carrinha de terra com pedra Mas a gente tem alguns blocos aqui como diamante, quartzo e obsidiana Eu vou começar a nossa casinha aqui com quartzo e com diamante Vou fazer uma casinha não muito grande galera, porque é só o início Galera, a base inicial da nossa casa tá ficando bem assim, eu só preciso fechar esse teto aqui E ver se eu vou fazer um tetozinho diferente ou se esse quadradinho aqui já está bom E depois de tudo fechado eu tenho esse portão aqui E eu vou colocar esse portão como se fosse a entrada da casa mano Então a gente só coloca aqui e olha só que coisa mais maluca E a gente pode abrir ele bem dessa forma mano E é um portão muito tecnológico, então isso aqui é muito muito pro velho E pra fechar é a mesma coisa galera, eu acho que é a mesma coisa né cadê?""",Avaliador_A,Avaliador_B
0,"Nesse vídeo o Minecraft vai ficar muito comprido. Olha como eu fiquei longo! Mobs vão ficar esticados, itens vão ficar compridos e até as estruturas vão ser totalmente esticadas. Até a crafting table vai ficar assim. Nela poderemos fazer a armadura de diamante mais longa do jogo ou até uma picareta muito comprida. Deixa o like e se inscreva antes que o golem esticado te ataque. Fala galera, aqui é o Atus e hoje... Cadris, Cadris, onde você está? Eu vou te amaldiçoar e vou amaldiçoar essa vila também. E ainda vou roubar a ovelha do villager. Como assim me amaldiçoar? O quê? Eu estou mais esticado? E vai amaldiçoar a vila também? Olha o tamanho da casa do villager. O que o Cadris fez? Mas o Cadris falou que ia amaldiçoar a vila também. O que será que ele fez com eles? Olha só o que ele fez com o aldeão. Ele deixou o aldeão comprido. Como o Cadris conseguiu esses poderes? Tem um golem na vila e parece que o golem está atacando os aldeões. Não, para de atacar esses aldeões. Sai, sai, você não vai matar os aldeões.",0.1397451609373092,0.7740139365196228,0.0862408801913261,NEU,0.8398914933204651,0.0081250043585896,0.0966083630919456,0.005515924654901,0.0397935397922992,0.0119672082364559,0.0163725633174181,0.4977744,Athos,Minecraft,Deixei o Minecraft Esticadoooooooooooooooooooooooooooooooooo [AOm7F7Oek0I],,T,T,T,"🎬 Canal: Athos | 🎥 Vídeo: Deixei o Minecraft Esticadoooooooooooooooooooooooooooooooooo [AOm7F7Oek0I]
⏱️ Segmento/Index: 0
🤖 Consenso de IA: T (Detoxify: 0.84 | Perspective: 0.498)
──────────────────────────────────────────────────
Fala transcrita:
""Nesse vídeo o Minecraft vai ficar muito comprido. Olha como eu fiquei longo! Mobs vão ficar esticados, itens vão ficar compridos e até as estruturas vão ser totalmente esticadas. Até a crafting table vai ficar assim. Nela poderemos fazer a armadura de diamante mais longa do jogo ou até uma picareta muito comprida. Deixa o like e se inscreva antes que o golem esticado te ataque. Fala galera, aqui é o Atus e hoje... Cadris, Cadris, onde você está? Eu vou te amaldiçoar e vou amaldiçoar essa vila também. E ainda vou roubar a ovelha do villager. Como assim me amaldiçoar? O quê? Eu estou mais esticado? E vai amaldiçoar a vila também? Olha o tamanho da casa do villager. O que o Cadris fez? Mas o Cadris falou que ia amaldiçoar a vila também. O que será que ele fez com eles? Olha só o que ele fez com o aldeão. Ele deixou o aldeão comprido. Como o Cadris conseguiu esses poderes? Tem um golem na vila e parece que o golem está atacando os aldeões. Não, para de atacar esses aldeões. Sai, sai, você não vai matar os aldeões.""",Avaliador_A,Avaliador_B
6,"Acertei odeão. Calma aí, vou tentar acertar de novo. Ai, de novo odeão. Calma, tô pegando o jeito aqui com a mira. Tô pegando o jeito. Mas a minha flecha vai acabar desse... Ai, acertei odeão de novo. Meu, é horrível a mira, né, pessoal? Vou ser sincero com vocês. Ó, acabei com odeão. A mira não é a das melhores, tá? A mira com certeza não é a das melhores. Vamos lá. Vai, vai cavalinho. Aí, acertei o cavalinho. Bula, derrubou o cavalinho. Agora o Iron Golem, Iron Golem. Vai lá, McFly, metralha ele. Aê, aê. Acho que eu vou pegar a espada, sussinho. Moço, olha que da hora. Tô acertando um monte de flecha nele. Beleza, vou pegar a espada também. Vou pegar a espada. Pera aí, vamos colocar a espada na cabeça. Eu costumei com a flecha, não sei qual é a espada. O McFly acabou já com o Golem. Aê, bastante ferro. Mano, que da hora, velho. Demais, eu tô impressionado com o Luis. Olha aqui, olha aqui, ele sapiou. Tá olhando o quê? Tá olhando o quê, hein? Aê. Dá pra colocar a tocha na cabeça? Será? Eu já não sei, vai ser um teste aleatório. É, a tocha não dá pra colocar na cabeça. Ó, aqui tem outra casinha com pá.",0.6380270719528198,0.3125771880149841,0.0493957176804542,NEG,0.2113002836704254,0.0030034319497644,0.0321941077709198,0.0010439318139106,0.0331842377781868,0.023739106953144,0.0076114968396723,0.2854937,JP Plays,Minecraft,MINECRAFT MAS.. SÓ PODEMOS USAR OS ITENS NA CABEÇA [LmDy_uFVWVY],,GZ,GZ,GZ,"🎬 Canal: JP Plays | 🎥 Vídeo: MINECRAFT MAS.. SÓ PODEMOS USAR OS ITENS NA CABEÇA [LmDy_uFVWVY]
⏱️ Segmento/Index: 6
🤖 Consenso de IA: GZ (Detoxify: 0.211 | Perspective: 0.285)
──────────────────────────────────────────────────
Fala transcrita:
""Acertei odeão. Calma aí, vou tentar acertar de novo. Ai, de novo odeão. Calma, tô pegando o jeito aqui com a mira. Tô pegando o jeito. Mas a minha flecha vai acabar desse... Ai, acertei odeão de novo. Meu, é horrível a mira, né, pessoal? Vou ser sincero com vocês. Ó, acabei com odeão. A mira não é a das melhores, tá? A mira com certeza não é a das melhores. Vamos lá. Vai, vai cavalinho. Aí, acertei o cavalinho. Bula, derrubou o cavalinho. Agora o Iron Golem, Iron Golem. Vai lá, McFly, metralha ele. Aê, aê. Acho que eu vou pegar a espada, sussinho. Moço, olha que da hora. Tô acertando um monte de flecha nele. Beleza, vou pegar a espada também. Vou pegar a espada. Pera aí, vamos colocar a espada na cabeça. Eu costumei com a flecha, não sei qual é a espada. O McFly acabou já com o Golem. Aê, bastante ferro. Mano, que da hora, velho. Demais, eu tô impressionado com o Luis. Olha aqui, olha aqui, ele sapiou. Tá olhando o quê? Tá olhando o quê, hein? Aê. Dá pra colocar a tocha na cabeça? Será? Eu já não sei, vai ser um teste aleatório. É, a tocha não dá pra colocar na cabeça. Ó, aqui tem outra casinha com pá.""",Avaliador_A,Avaliador_B
1,"É melhor você morar junto comigo porque lá você vai estar super protegido, vem! É por aqui. Eu tenho que ir embora, tchau! Eu vou correr, eu vou correr! Não, não! Onde vai? Onde os meus amigos vão? Corre, corre, corre! Tá, tá, tá bom! Tá, beleza. Eu não vou ser devorado por você. Eu nem sei que tipo de monstro você é, eu nunca vi algo parecido antes. Eu sou o PJ Bugapillar. Você não me conhece? Não, eu não conheço e eu preferia continuar sem conhecer. Então quer dizer que essa é a sua casa? Não tem como eu entrar, olha só, um monte de laser na frente. Eu tô indo embora, tá? Tchau, eu vou... Claro que não! O laser serve pra pessoa não escapar da minha casa, entendeu? Eu consigo entrar tranquilamente. Então quer dizer que eu vou ficar preso nessa casa? Não, eu tenho que ir embora, eu vou correr. Tchau, eu vou correr! Pera, pera, pera! Ah não, laser, laser, laser! Ah, ai! Não, tinha que ter ido pro outro lado, agora eu tô aqui dentro!",0.1164963990449905,0.7171064615249634,0.1663971096277237,NEU,0.4365900456905365,0.0018411856144666,0.0531038977205753,0.0011709025129675,0.0884992405772209,0.0176325906068086,0.0022060878109186,0.3625127,JP Plays,Minecraft,Fui ADOTADO pelo CACHORRO LAGARTA PJ PUG-A-PILLAR [e7HnoZ19Gfo],,GZ,GZ,GZ,"🎬 Canal: JP Plays | 🎥 Vídeo: Fui ADOTADO pelo CACHORRO LAGARTA PJ PUG-A-PILLAR [e7HnoZ19Gfo]
⏱️ Segmento/Index: 1
🤖 Consenso de IA: GZ (Detoxify: 0.437 | Perspective: 0.363)
──────────────────────────────────────────────────
Fala transcrita:
""É melhor você morar junto comigo porque lá você vai estar super protegido, vem! É por aqui. Eu tenho que ir embora, tchau! Eu vou correr, eu vou correr! Não, não! Onde vai? Onde os meus amigos vão? Corre, corre, corre! Tá, tá, tá bom! Tá, beleza. Eu não vou ser devorado por você. Eu nem sei que tipo de monstro você é, eu nunca vi algo parecido antes. Eu sou o PJ Bugapillar. Você não me conhece? Não, eu não conheço e eu preferia continuar sem conhecer. Então quer dizer que essa é a sua casa? Não tem como eu entrar, olha só, um monte de laser na frente. Eu tô indo embora, tá? Tchau, eu vou... Claro que não! O laser serve pra pessoa não escapar da minha casa, entendeu? Eu consigo entrar tranquilamente. Então quer dizer que eu vou ficar preso nessa casa? Não, eu tenho que ir embora, eu vou correr. Tchau, eu vou correr! Pera, pera, pera! Ah não, laser, laser, laser! Ah, ai! Não, tinha que ter ido pro outro lado, agora eu tô aqui dentro!""",Avaliador_A,Avaliador_B
9,"Os maiores canais de Minecraft na época, só faziam Minecraft no PC, e no celular não tinha tudo o que o computador tinha, então eu ficava meio limitado, não tinha muita coisa pra gravar. Só que, mesmo jogando apenas no celular, chegamos a 1 milhão, 2 milhões e 3 milhões de inscritos, quando eu decidi mudar, pra começar a jogar no PC, fazer vários vídeos diferentes, começar a aparecer aqui no canal, e foi aí que tudo deu certo, foi aí que o Davi começou a aparecer, o Betão começou a aparecer em todos os vídeos comigo, e aí o canal só foi crescendo mais e mais, sempre com muita diversão, isso é incrível. Chegamos a 10 milhões, 10 milhões, passamos de 3 milhões pra 4 milhões, 5 milhões, e sempre inovando, sempre tentando melhorar, trazer conteúdo diferente aqui pra vocês, e estamos chegando a 11 milhões agora, isso é muito louco, eu tô com medo, eu já tô na minha última vida aqui, se eu morrer eu vou ter que fazer o desafio dos 10 milhões, vai ser na vida real, meu cabelo, o cabelo, o que que vai acontecer com ele?",0.1136131361126899,0.821553111076355,0.0648336932063102,NEU,0.0044152517803013,0.0004120218509342,0.0067362328991293,0.0004747838829644,0.0060335281305015,0.0005977345863357,0.0002490726474206,0.104795754,Robin Hood Gamer,Minecraft,FIZ O CABELO DE GRAMA MINECRAFT NA VIDA REAL CABELO ESPECIAL 10 MILHÕES DE INSCRITOS [uzfP-xrcVUA],,NT,NT,NT,"🎬 Canal: Robin Hood Gamer | 🎥 Vídeo: FIZ O CABELO DE GRAMA MINECRAFT NA VIDA REAL CABELO ESPECIAL 10 MILHÕES DE INSCRITOS [uzfP-xrcVUA]
⏱️ Segmento/Index: 9
🤖 Consenso de IA: NT (Detoxify: 0.004 | Perspective: 0.105)
──────────────────────────────────────────────────
Fala transcrita:
""Os maiores canais de Minecraft na época, só faziam Minecraft no PC, e no celular não tinha tudo o que o computador tinha, então eu ficava meio limitado, não tinha muita coisa pra gravar. Só que, mesmo jogando apenas no celular, chegamos a 1 milhão, 2 milhões e 3 milhões de inscritos, quando eu decidi mudar, pra começar a jogar no PC, fazer vários vídeos diferentes, começar a aparecer aqui no canal, e foi aí que tudo deu certo, foi aí que o Davi começou a aparecer, o Betão começou a aparecer em todos os vídeos comigo, e aí o canal só foi crescendo mais e mais, sempre com muita diversão, isso é incrível. Chegamos a 10 milhões, 10 milhões, passamos de 3 milhões pra 4 milhões, 5 milhões, e sempre inovando, sempre tentando melhorar, trazer conteúdo diferente aqui pra vocês, e estamos chegando a 11 milhões agora, isso é muito louco, eu tô com medo, eu já tô na minha última vida aqui, se eu morrer eu vou ter que fazer o desafio dos 10 milhões, vai ser na vida real, meu cabelo, o cabelo, o que que vai acontecer com ele?""",Avaliador_A,Avaliador_B
4,"Ai meu Deus, que caralho Espera aí Ben, quanto é 9 mais 10? Ele não é bom de matemática, não Não Eu acho que ele só responde perguntas De sim ou não Será, Tommy? Ok, você pode dirigir? Só faz essa cara de mal Você me... Você gosta de mim? Ai meu Deus, você é um gentil Você pode fazer uma travessura? Nossa, você é muito brava, gente Você é secretamente mal? Ai, o que você falou aí? O que tá acontecendo com meu celular? O Tommy falou Lu, eu também não sei Ai, o que pisou no celular do Tommy?",0.7679606676101685,0.1916401237249374,0.0403992645442485,NEG,0.8829725980758667,0.0086158774793148,0.0826143249869346,0.0046294587664306,0.0544165782630443,0.0033926682081073,0.017800061032176,0.55739564,Luluca Games,Roblox,Roblox - A HISTÓRIA DO URSO MALVADO BEN Ben Story Roblox Luluca Games [it71jcF99dY],0.7679603695869446,T,T,T,"🎬 Canal: Luluca Games | 🎥 Vídeo: Roblox - A HISTÓRIA DO URSO MALVADO BEN Ben Story Roblox Luluca Games [it71jcF99dY]
⏱️ Segmento/Index: 4
🤖 Consenso de IA: T (Detoxify: 0.883 | Perspective: 0.557)
──────────────────────────────────────────────────
Fala transcrita:
""Ai meu Deus, que caralho Espera aí Ben, quanto é 9 mais 10? Ele não é bom de matemática, não Não Eu acho que ele só responde perguntas De sim ou não Será, Tommy? Ok, você pode dirigir? Só faz essa cara de mal Você me... Você gosta de mim? Ai meu Deus, você é um gentil Você pode fazer uma travessura? Nossa, você é muito brava, gente Você é secretamente mal? Ai, o que você falou aí? O que tá acontecendo com meu celular? O Tommy falou Lu, eu também não sei Ai, o que pisou no celular do Tommy?""",Avaliador_A,Avaliador_B
10,"preciso matar rápido não, não matei matei, não matei, matei não sei se eu matei opa, alguém tá chegando aqui é, desce morre meu querido o que você tá fazendo aí 28 a 30 vai texil, acelera meu querido matei matei matei, errei, matei 31 a 29 a batalha tá muito boa, mas tá difícil de alcançar ele aqui nossa, eu não acredito tinha 3, se eu matasse aqueles 3 ia ser sucesso mata, mata o texil esse aqui tá com pouca vida tinha que matar todo mundo ali ó aaa boa galera, ele chegou com 33 kills, eu fiquei só com 30 cheguei muito perto deixa eu fazer a dancinha da vitória aqui ó dancinha da quase vitória esse mapa aqui, tô sentindo que vai ser aqui galera vou com o azul de volta, não tá me dando sorte não tá, mas eu vou tentar mesmo assim ó o revolvinho que eu nasci aqui já nossa, tô com um negócio de feitiçaria aqui ó aí, toma, toma aaaaa aaaaa tô com 2 kills opa, ganhei uma aqui, acho que eu ganhei assistência né morrem, morrem, morrem morrem minha querida pra cá, tem alguém aqui? ah, eu tenho que mirar em um, não adianta eu mirar em todos uma vez que não vai dar, tem um amigão voando ó beleza como que você não morre hein?",0.1746153831481933,0.7122809290885925,0.1131037175655365,NEU,0.9250970482826232,0.0092341946437954,0.0257658325135707,0.00464598974213,0.0452422201633453,0.3205519616603851,0.0094217220321297,0.6852916,Tex HS,Roblox,Roblox - O MESTRE DAS ARMAS Arsenal [i4Y7R3eeQyM],,T,T,T,"🎬 Canal: Tex HS | 🎥 Vídeo: Roblox - O MESTRE DAS ARMAS Arsenal [i4Y7R3eeQyM]
⏱️ Segmento/Index: 10
🤖 Consenso de IA: T (Detoxify: 0.925 | Perspective: 0.685)
──────────────────────────────────────────────────
Fala transcrita:
""preciso matar rápido não, não matei matei, não matei, matei não sei se eu matei opa, alguém tá chegando aqui é, desce morre meu querido o que você tá fazendo aí 28 a 30 vai texil, acelera meu querido matei matei matei, errei, matei 31 a 29 a batalha tá muito boa, mas tá difícil de alcançar ele aqui nossa, eu não acredito tinha 3, se eu matasse aqueles 3 ia ser sucesso mata, mata o texil esse aqui tá com pouca vida tinha que matar todo mundo ali ó aaa boa galera, ele chegou com 33 kills, eu fiquei só com 30 cheguei muito perto deixa eu fazer a dancinha da vitória aqui ó dancinha da quase vitória esse mapa aqui, tô sentindo que vai ser aqui galera vou com o azul de volta, não tá me dando sorte não tá, mas eu vou tentar mesmo assim ó o revolvinho que eu nasci aqui já nossa, tô com um negócio de feitiçaria aqui ó aí, toma, toma aaaaa aaaaa tô com 2 kills opa, ganhei uma aqui, acho que eu ganhei assistência né morrem, morrem, morrem morrem minha querida pra cá, tem alguém aqui? ah, eu tenho que mirar em um, não adianta eu mirar em todos uma vez que não vai dar, tem um amigão voando ó beleza como que você não morre hein?""",Avaliador_A,Avaliador_B
2,"Senta mami, senta! Eu não consegui desentrar! Ah, tadinha! Meu Deus, ela tá com problema! Chegou, chegou gente! Olha! Tem que fazer cara de bonzinho! Tem que fazer cara de bonzinho! Oi crianças! Eu sou a mãe! Eu sou a mãe e essa é a mãe! Vocês todos merecem um mar! Nós vamos adotar bem crianças! Uhul! Mami não para de adotar você, você sabe né? É porque eu não tô sentada! É! O mãe vai ter que ficar para trás! Ai meu Deus! Meu Deus! Vamos deixar as crianças decidirem que vai... Ai gente que maldade! As crianças não votam em mim não! Gente, meu Deus! Vamos tirar! Eu vou fazer a minha votação! Minha mãe mandou e eu escolhi a minha escolha! Eu não sei como você tem mais escolha se dá aqui! Gente, ela mandou! Gente! Ela mandou a lista! Meu Deus! Ai não! É o Marisa! Não gente, não faz isso! Mas eu não votei para ela sair! Eu também não votei nela! Eu não votei em ninguém porque eu nem tinha... Ah! E agora? Poxa vida! Vamos cuidar da papelagem! Vamos cuidar da papelagem! Vamos cuidar da papelagem! Vamos cuidar da papelagem! Vamos cuidar da papelagem!",0.0584655590355396,0.2536800503730774,0.6878544688224792,POS,0.2307773679494857,0.0018054026877507,0.0812362059950828,0.0012834137305617,0.0212167035788297,0.0055604935623705,0.0095512131229043,0.2855005,Luluca Games,Roblox,Roblox - FOMOS ADOTADAS POR UMA FAMÍLIA MALVADA Adoption Story  Luluca Games [v8tUZYOKG1s],0.0584657378494739,GZ,GZ,GZ,"🎬 Canal: Luluca Games | 🎥 Vídeo: Roblox - FOMOS ADOTADAS POR UMA FAMÍLIA MALVADA Adoption Story  Luluca Games [v8tUZYOKG1s]
⏱️ Segmento/Index: 2
🤖 Consenso de IA: GZ (Detoxify: 0.231 | Perspective: 0.286)
──────────────────────────────────────────────────
Fala transcrita:
""Senta mami, senta! Eu não consegui desentrar! Ah, tadinha! Meu Deus, ela tá com problema! Chegou, chegou gente! Olha! Tem que fazer cara de bonzinho! Tem que fazer cara de bonzinho! Oi crianças! Eu sou a mãe! Eu sou a mãe e essa é a mãe! Vocês todos merecem um mar! Nós vamos adotar bem crianças! Uhul! Mami não para de adotar você, você sabe né? É porque eu não tô sentada! É! O mãe vai ter que ficar para trás! Ai meu Deus! Meu Deus! Vamos deixar as crianças decidirem que vai... Ai gente que maldade! As crianças não votam em mim não! Gente, meu Deus! Vamos tirar! Eu vou fazer a minha votação! Minha mãe mandou e eu escolhi a minha escolha! Eu não sei como você tem mais escolha se dá aqui! Gente, ela mandou! Gente! Ela mandou a lista! Meu Deus! Ai não! É o Marisa! Não gente, não faz isso! Mas eu não votei para ela sair! Eu também não votei nela! Eu não votei em ninguém porque eu nem tinha... Ah! E agora? Poxa vida! Vamos cuidar da papelagem! Vamos cuidar da papelagem! Vamos cuidar da papelagem! Vamos cuidar da papelagem! Vamos cuidar da papelagem!""",Avaliador_A,Avaliador_B
9,"É o Atinhos, ele tá falando. Da onde que você tá, Atinhos? Eu tô perto da água, vem aqui. Ai, será que ele tá aqui no meio desse mar? Atinhos, você tá aqui no mar? Não, eu não caí no mar, eu tô em um buraco cheio da água. Um buraco cheio da água? Peraí, eu acabei de passar por um e ele ficava bem aqui. Será que o Atinhos tá aqui dentro? Atinhos, cadê você? Você tá aqui esse tempo todo. Se ele salvar, me salva, tá cheio da água. Eu não gosto dela. Ai, tá bom, eu vou te salvar. Até porque só tem 3 segundos, seu pai tá chegando. Quebra! Ufa, consegui pegar você a tempo. Ai, olha, o Atos já tá ligando de novo. Ele deve ter chegado. Deixa eu atender pra falar pra ele que eu tô com o filhinho dele. Aí atendi. Oi, Atos, eu já tô aqui com seu filho. Cadê você? Ah, Cados, eu fiquei com preguiça. Não vou mais aí nos brinquedos, não. Que? Ele não vai vir mais? Eu fiquei igual doido pra conseguir achar o filho dele. Ah, Atinhos, o seu pai é muito chato. Que? Eu não falo assim no meu pai, não. Você vai ver. Ah, o que eu vou ver? Você não pode fazer nada. Eu tô te segurando. Ah, não posso, é? Olha pra cima.",0.2442802488803863,0.7075536251068115,0.0481661520898342,NEU,0.4507781565189361,0.0057492242194712,0.0590710826218128,0.0023999139666557,0.0766095444560051,0.0083373626694083,0.0041019641794264,0.20973456,Cadres,Minecraft,PERDI MEU FILHO BEBÊ NO MINECRAFT [FSjTUb0Jkio],,GZ,GZ,GZ,"🎬 Canal: Cadres | 🎥 Vídeo: PERDI MEU FILHO BEBÊ NO MINECRAFT [FSjTUb0Jkio]
⏱️ Segmento/Index: 9
🤖 Consenso de IA: GZ (Detoxify: 0.451 | Perspective: 0.21)
──────────────────────────────────────────────────
Fala transcrita:
""É o Atinhos, ele tá falando. Da onde que você tá, Atinhos? Eu tô perto da água, vem aqui. Ai, será que ele tá aqui no meio desse mar? Atinhos, você tá aqui no mar? Não, eu não caí no mar, eu tô em um buraco cheio da água. Um buraco cheio da água? Peraí, eu acabei de passar por um e ele ficava bem aqui. Será que o Atinhos tá aqui dentro? Atinhos, cadê você? Você tá aqui esse tempo todo. Se ele salvar, me salva, tá cheio da água. Eu não gosto dela. Ai, tá bom, eu vou te salvar. Até porque só tem 3 segundos, seu pai tá chegando. Quebra! Ufa, consegui pegar você a tempo. Ai, olha, o Atos já tá ligando de novo. Ele deve ter chegado. Deixa eu atender pra falar pra ele que eu tô com o filhinho dele. Aí atendi. Oi, Atos, eu já tô aqui com seu filho. Cadê você? Ah, Cados, eu fiquei com preguiça. Não vou mais aí nos brinquedos, não. Que? Ele não vai vir mais? Eu fiquei igual doido pra conseguir achar o filho dele. Ah, Atinhos, o seu pai é muito chato. Que? Eu não falo assim no meu pai, não. Você vai ver. Ah, o que eu vou ver? Você não pode fazer nada. Eu tô te segurando. Ah, não posso, é? Olha pra cima.""",Avaliador_A,Avaliador_B
17,"Ela tá falando Vamos tentar abrir as caixas Ai Saiu um pássaro Pássaro, menos mal Eu não tenho medo de pássaro Eu tenho medo daquela menina Ele saiu pela janela E eu também quero sair pela janela Ué A tela tá ficando escura Meu telo tá ficando escuro Porque eu não enxergo nada AAAAAAA Eu vou voltar por onde eu vim Mas esse não é o mesmo lugar Isso aqui é um banheiro Eu não quero ficar nesse banheiro Tá piscando a luz Ai, tem alguém ali atrás Ele vai abrir a cortina Ai AAAAAAA É... É um bicho? E... E tá saindo água da privada Desliga Desliga, vai inundar tudo Quem é esse? É... É o nosso amigo É o Bob Oi, Bob Eu vou ficar aqui escondido com você, Bob Fecha essa cortina Ai Eu tô levando dano É... Eu acho que o Bob não era nosso amigo Vamos ver onde isso aqui nos leva É uma biblioteca E eu vou vim... AAAAAAA AAAAAAA AAAAAAAA A menina! A menina tá ali! É ela! Tá ali na minha frente! Que medo! Então é ela Ela que tava falando no telefone Esse tempo todo O que ela tá fazendo com a minha tela? Eu não consigo me mexer Ai Tem vários brinquedos vindo na minha direção Sai SAI SAI DAQUI AAAAAAA Ah Apareceu em outro lugar Você não gostou dos meus amigos?",0.3659643232822418,0.34442138671875,0.2896142601966858,NEG,0.5708693861961365,0.0081704715266823,0.0458554439246654,0.0064852023497223,0.0349697023630142,0.0062004257924854,0.0243900176137685,0.2330714,Athos,Minecraft,tem uma criatura estranha atrás da porta no minecraft MEDO [iN1zfrMn4R8],,GZ,GZ,GZ,"🎬 Canal: Athos | 🎥 Vídeo: tem uma criatura estranha atrás da porta no minecraft MEDO [iN1zfrMn4R8]
⏱️ Segmento/Index: 17
🤖 Consenso de IA: GZ (Detoxify: 0.571 | Perspective: 0.233)
──────────────────────────────────────────────────
Fala transcrita:
""Ela tá falando Vamos tentar abrir as caixas Ai Saiu um pássaro Pássaro, menos mal Eu não tenho medo de pássaro Eu tenho medo daquela menina Ele saiu pela janela E eu também quero sair pela janela Ué A tela tá ficando escura Meu telo tá ficando escuro Porque eu não enxergo nada AAAAAAA Eu vou voltar por onde eu vim Mas esse não é o mesmo lugar Isso aqui é um banheiro Eu não quero ficar nesse banheiro Tá piscando a luz Ai, tem alguém ali atrás Ele vai abrir a cortina Ai AAAAAAA É... É um bicho? E... E tá saindo água da privada Desliga Desliga, vai inundar tudo Quem é esse? É... É o nosso amigo É o Bob Oi, Bob Eu vou ficar aqui escondido com você, Bob Fecha essa cortina Ai Eu tô levando dano É... Eu acho que o Bob não era nosso amigo Vamos ver onde isso aqui nos leva É uma biblioteca E eu vou vim... AAAAAAA AAAAAAA AAAAAAAA A menina! A menina tá ali! É ela! Tá ali na minha frente! Que medo! Então é ela Ela que tava falando no telefone Esse tempo todo O que ela tá fazendo com a minha tela? Eu não consigo me mexer Ai Tem vários brinquedos vindo na minha direção Sai SAI SAI DAQUI AAAAAAA Ah Apareceu em outro lugar Você não gostou dos meus amigos?""",Avaliador_A,Avaliador_B
0,"Você decide a minha boca ou a do litrão Você prefere jogar sefia no ruxador Eita! Meu Dima, vai, vai, vai Sai da frente, marginais, vou pegar meu Dima Calma aí, pessoal, que eu falo com vocês agora aqui é a guerra A guerra de pegar o meu Dimas, que ódio Fica bugado, eu não consigo pegar Antes de não pegar, se por que é melhor que eu pegar 10 reais só Que eu não sei nem o que é 10, né?",0.7427824139595032,0.2084687352180481,0.0487488731741905,NEG,0.5035831928253174,0.0058721709065139,0.0579518936574459,0.0054223071783781,0.0512577854096889,0.0056557529605925,0.0142658250406384,0.25462922,Amy Scarlet,Roblox,Não use o portal do Free Fire [BwSrIqzeJVE],,GZ,GZ,GZ,"🎬 Canal: Amy Scarlet | 🎥 Vídeo: Não use o portal do Free Fire [BwSrIqzeJVE]
⏱️ Segmento/Index: 0
🤖 Consenso de IA: GZ (Detoxify: 0.504 | Perspective: 0.255)
──────────────────────────────────────────────────
Fala transcrita:
""Você decide a minha boca ou a do litrão Você prefere jogar sefia no ruxador Eita! Meu Dima, vai, vai, vai Sai da frente, marginais, vou pegar meu Dima Calma aí, pessoal, que eu falo com vocês agora aqui é a guerra A guerra de pegar o meu Dimas, que ódio Fica bugado, eu não consigo pegar Antes de não pegar, se por que é melhor que eu pegar 10 reais só Que eu não sei nem o que é 10, né?""",Avaliador_A,Avaliador_B
9,"Pera aí, ele ficou pra trás. Beleza, eu tenho que pegar aqueles itens antes que ele veja, porque senão ele vai ver que o Utsu morreu e ele vai vir atrás de mim. Tá, tá. Apesar que ele vai subir aqui ele vai ver que eu escapei também, mas ele não vai saber que o Utsu morreu. Eu tô sem item. Deixa eu jogar tudo isso daqui na lava, tá? Beleza, joguei, joguei. Cadê ele? Deixa eu tirar isso. Ele apareceu. Que isso? Ele apareceu. Eu já vi a lava ali, mano. O que é isso aqui? O Cadres morreu, será? Caiu a lava na cabeça dele, mano. Mas quem jogou lava na cabeça dele? Tá, pera aí, pera aí, que eu tenho que pegar ele pelas costas. Lembro isso aqui, calma. Não é pro Cadres morrer não, veio. Só vai ter o esqueleto dele ali embaixo fritado. Ué, que isso? Quando ele sair dali eu vou nas costas dele e tento pegar ele de surpresa. Tá, cadê ele? Será que ele já desceu? Será que ele tá ali em cima? Vou tentar subir ali. Ué, cara. Não. Ele tá aqui ainda. Ué, o Cadres não tá aqui. Tá, ele tá aqui ainda. Só que eu tô invisível. Deixa eu ver a minha posição se não vai acabar.",0.3150294125080108,0.5968214869499207,0.0881491303443908,NEU,0.3119029402732849,0.0037236826028674,0.0345426648855209,0.0021990332752466,0.0372589640319347,0.0385729558765888,0.0071195750497281,0.30427247,Cadres,Minecraft,Meus Amigos me PRENDERAM na OBSIDIAN então eu fiz VINGANÇA no Minecraft [Wf_G7z2mNYQ],,GZ,GZ,GZ,"🎬 Canal: Cadres | 🎥 Vídeo: Meus Amigos me PRENDERAM na OBSIDIAN então eu fiz VINGANÇA no Minecraft [Wf_G7z2mNYQ]
⏱️ Segmento/Index: 9
🤖 Consenso de IA: GZ (Detoxify: 0.312 | Perspective: 0.304)
──────────────────────────────────────────────────
Fala transcrita:
""Pera aí, ele ficou pra trás. Beleza, eu tenho que pegar aqueles itens antes que ele veja, porque senão ele vai ver que o Utsu morreu e ele vai vir atrás de mim. Tá, tá. Apesar que ele vai subir aqui ele vai ver que eu escapei também, mas ele não vai saber que o Utsu morreu. Eu tô sem item. Deixa eu jogar tudo isso daqui na lava, tá? Beleza, joguei, joguei. Cadê ele? Deixa eu tirar isso. Ele apareceu. Que isso? Ele apareceu. Eu já vi a lava ali, mano. O que é isso aqui? O Cadres morreu, será? Caiu a lava na cabeça dele, mano. Mas quem jogou lava na cabeça dele? Tá, pera aí, pera aí, que eu tenho que pegar ele pelas costas. Lembro isso aqui, calma. Não é pro Cadres morrer não, veio. Só vai ter o esqueleto dele ali embaixo fritado. Ué, que isso? Quando ele sair dali eu vou nas costas dele e tento pegar ele de surpresa. Tá, cadê ele? Será que ele já desceu? Será que ele tá ali em cima? Vou tentar subir ali. Ué, cara. Não. Ele tá aqui ainda. Ué, o Cadres não tá aqui. Tá, ele tá aqui ainda. Só que eu tô invisível. Deixa eu ver a minha posição se não vai acabar.""",Avaliador_A,Avaliador_B
14,"Muito, muito fofo Eu achei muito legal, gente Eu amei, olha aqui Uhul Olha, gente E agora vamos lá de novo aqui, passar a câmera, passar a câmera, passar a câmera Este De novo passar a câmera E aqui é o oso De novo? É Tá bom Escavamos Chegamos os bandinhas Que bonitinhos Muito obrigada, Chloe e a Mofinha A gente amou o seu escape Vamos para o próximo vídeo Vamos para o próximo, Luca Bora lá Esse aqui, gente, eu encontrei com a Luca O criador foi o João Le...",0.0022172788158059,0.0115757174789905,0.9862070083618164,POS,0.00574087863788,0.0041643590666353,0.0378603488206863,0.0050867772661149,0.0332950539886951,0.0014781132340431,0.0014710733667016,0.025320992,Luluca Games,Roblox,Roblox - JOGAMOS MAPAS do ROBLOX CRIADOS por PANDINHAS  Luluca Games [N7T2Mt2cNwc],0.0022172869648784,NT,NT,NT,"🎬 Canal: Luluca Games | 🎥 Vídeo: Roblox - JOGAMOS MAPAS do ROBLOX CRIADOS por PANDINHAS  Luluca Games [N7T2Mt2cNwc]
⏱️ Segmento/Index: 14
🤖 Consenso de IA: NT (Detoxify: 0.006 | Perspective: 0.025)
──────────────────────────────────────────────────
Fala transcrita:
""Muito, muito fofo Eu achei muito legal, gente Eu amei, olha aqui Uhul Olha, gente E agora vamos lá de novo aqui, passar a câmera, passar a câmera, passar a câmera Este De novo passar a câmera E aqui é o oso De novo? É Tá bom Escavamos Chegamos os bandinhas Que bonitinhos Muito obrigada, Chloe e a Mofinha A gente amou o seu escape Vamos para o próximo vídeo Vamos para o próximo, Luca Bora lá Esse aqui, gente, eu encontrei com a Luca O criador foi o João Le...""",Avaliador_A,Avaliador_B
0,"Nossa, Iago! Não acho, mano! Não acho, velho! Impossível! Impossível achar isso aqui, mano. Iagão, o craft tem bom não, Iagão. Impossível, mano. Eu não acho! Eu não acho! Esse cara eu jogo muito, família! O mano autêntico joga demais, Iagão! Pega, pega esse continho, Iagão. Fala, galera! Mais um vídeo aqui do canal... Não, tem Steam Games e dessas aqui, pessoal, trazendo pra vocês. Mais um vídeo de sconch, sconch, sconch face junto com o Iago, ó! Ô, tudo bom! Fala como é que cês tão. Fala, Iagão! Fala, potrão! Ô, vai aqui, ó! Ó, ó, ó! Tomperra, ó. Tomperra, ó. Fala, coé! E aí, galera! Olha o que tá aqui, mano! Isso, isso. Tão do troncho. Morri. Fala aí, galera! Tô aqui, ó, o negócio aqui. Pô, pessoal!",0.2497402131557464,0.5662745237350464,0.1839852482080459,NEU,0.2046519815921783,0.000956047035288,0.0135262040421366,0.0008061082335188,0.0314380563795566,0.0166906099766492,0.0029286833014339,0.37576625,AuthenticGames,Minecraft,DISFARCE de FORNALHA 5 FACECAMS - Minecraft Esconde-Esconde EP.04 [IPqijigvxJM],,GZ,GZ,GZ,"🎬 Canal: AuthenticGames | 🎥 Vídeo: DISFARCE de FORNALHA 5 FACECAMS - Minecraft Esconde-Esconde EP.04 [IPqijigvxJM]
⏱️ Segmento/Index: 0
🤖 Consenso de IA: GZ (Detoxify: 0.205 | Perspective: 0.376)
──────────────────────────────────────────────────
Fala transcrita:
""Nossa, Iago! Não acho, mano! Não acho, velho! Impossível! Impossível achar isso aqui, mano. Iagão, o craft tem bom não, Iagão. Impossível, mano. Eu não acho! Eu não acho! Esse cara eu jogo muito, família! O mano autêntico joga demais, Iagão! Pega, pega esse continho, Iagão. Fala, galera! Mais um vídeo aqui do canal... Não, tem Steam Games e dessas aqui, pessoal, trazendo pra vocês. Mais um vídeo de sconch, sconch, sconch face junto com o Iago, ó! Ô, tudo bom! Fala como é que cês tão. Fala, Iagão! Fala, potrão! Ô, vai aqui, ó! Ó, ó, ó! Tomperra, ó. Tomperra, ó. Fala, coé! E aí, galera! Olha o que tá aqui, mano! Isso, isso. Tão do troncho. Morri. Fala aí, galera! Tô aqui, ó, o negócio aqui. Pô, pessoal!""",Avaliador_A,Avaliador_B
3,"Agora vai fazer kabum! Kabum! Que maluquice, né, gente? Que maluquice. A Niki mostrou a faquinha! Ô Niki, você mostrou a faquinha, Niki? Sim! É a Niki! Ai, ai! Ô Niki, não pode pegar a gente com a faquinha, não, Niki, não pode, não! Ai, ai, ai, ai! A Niki é traidora! Se a Niki chegar perto da gente, ela vai pegar a gente com a faquinha. Sim, vai pegar! Mas a gente não vai deixar! Não vou deixar não, Niki! Não! Sim, eu vou pegar todo mundo! A Bandinha, a Mandinha, vem cá, vem cá, Mandinha. Oi, oi, oi! Se a Niki aparecer, você pega o seu sapo e joga nela! Ela vai assustada, volta, volta! Eu tô colocando várias armadilhas. Ah, não! O quê? Você tá colocando uma armadilha, Niki? Sim! Ô Niki, eu não gostei, não!",0.9527850151062012,0.0389199927449226,0.0082950331270694,NEG,0.6974264979362488,0.0022940167691558,0.0698481425642967,0.0052222111262381,0.109351061284542,0.0108503270894289,0.0027742732781916,0.39231625,Lokis,Roblox,QUEM É O TRAIDOR DO SENHOR BATATA  Roblox - Piggy [V1kDMKk8ar8],,GZ,GZ,GZ,"🎬 Canal: Lokis | 🎥 Vídeo: QUEM É O TRAIDOR DO SENHOR BATATA  Roblox - Piggy [V1kDMKk8ar8]
⏱️ Segmento/Index: 3
🤖 Consenso de IA: GZ (Detoxify: 0.697 | Perspective: 0.392)
──────────────────────────────────────────────────
Fala transcrita:
""Agora vai fazer kabum! Kabum! Que maluquice, né, gente? Que maluquice. A Niki mostrou a faquinha! Ô Niki, você mostrou a faquinha, Niki? Sim! É a Niki! Ai, ai! Ô Niki, não pode pegar a gente com a faquinha, não, Niki, não pode, não! Ai, ai, ai, ai! A Niki é traidora! Se a Niki chegar perto da gente, ela vai pegar a gente com a faquinha. Sim, vai pegar! Mas a gente não vai deixar! Não vou deixar não, Niki! Não! Sim, eu vou pegar todo mundo! A Bandinha, a Mandinha, vem cá, vem cá, Mandinha. Oi, oi, oi! Se a Niki aparecer, você pega o seu sapo e joga nela! Ela vai assustada, volta, volta! Eu tô colocando várias armadilhas. Ah, não! O quê? Você tá colocando uma armadilha, Niki? Sim! Ô Niki, eu não gostei, não!""",Avaliador_A,Avaliador_B
20,o villager louco aaaa alguém me ajuda aaaa eu já to a meia hora correndo de você volta aqui agora eu vou te pegar zumbi,0.5336341857910156,0.3055367171764374,0.1608290821313858,NEG,0.9783201217651368,0.0163132399320602,0.0718995183706283,0.0133976889774203,0.1120026782155036,0.041945744305849,0.0273409858345985,0.44039994,Kass e KR,Minecraft,TROLEI meu amigo fazendo uma PASSAGEM SECRETA no minecraft [sF9V7fo7cr0],,T,T,T,"🎬 Canal: Kass e KR | 🎥 Vídeo: TROLEI meu amigo fazendo uma PASSAGEM SECRETA no minecraft [sF9V7fo7cr0]
⏱️ Segmento/Index: 20
🤖 Consenso de IA: T (Detoxify: 0.978 | Perspective: 0.44)
──────────────────────────────────────────────────
Fala transcrita:
""o villager louco aaaa alguém me ajuda aaaa eu já to a meia hora correndo de você volta aqui agora eu vou te pegar zumbi""",Avaliador_A,Avaliador_B
0,"Ele é feioso! Gente, nasceu outro! Pega! Outro! Abre aí a mãe! A mantinha, você subiu na cabeça dele a mantinha! Subi, mas ele me pegou! Fica na parede! Aaaaaaah! Ai, ele não pega! Não! Viu a mantinha? Não, eu tô vivo a mantinha! Tem três perto e eu tô vivo! Ele pegou! Geeeeeente! Olha! É o menininho cara enrugada! Ai! Ai! Aaaaaaah! Ele é roxo! Ele é roxinho! Vocês viram? Eu vi! Eu vi! Vamos chamar ele de novo? Vamos chamar! Cadê? Eu já vi! Menininho cara enrugada!",0.5221940875053406,0.4186644852161407,0.0591414347290992,NEG,0.9039183259010316,0.0037666766438633,0.067002922296524,0.0028963896911591,0.1221182569861412,0.0066916146315634,0.020657330751419,0.4394682,Lokis,Roblox,CABEÇA ROXA GIGANTE  Roblox - Purple Monster [Xxa91SxNqYY],,T,T,T,"🎬 Canal: Lokis | 🎥 Vídeo: CABEÇA ROXA GIGANTE  Roblox - Purple Monster [Xxa91SxNqYY]
⏱️ Segmento/Index: 0
🤖 Consenso de IA: T (Detoxify: 0.904 | Perspective: 0.439)
──────────────────────────────────────────────────
Fala transcrita:
""Ele é feioso! Gente, nasceu outro! Pega! Outro! Abre aí a mãe! A mantinha, você subiu na cabeça dele a mantinha! Subi, mas ele me pegou! Fica na parede! Aaaaaaah! Ai, ele não pega! Não! Viu a mantinha? Não, eu tô vivo a mantinha! Tem três perto e eu tô vivo! Ele pegou! Geeeeeente! Olha! É o menininho cara enrugada! Ai! Ai! Aaaaaaah! Ele é roxo! Ele é roxinho! Vocês viram? Eu vi! Eu vi! Vamos chamar ele de novo? Vamos chamar! Cadê? Eu já vi! Menininho cara enrugada!""",Avaliador_A,Avaliador_B
1,"Fui eu que fiz o barquinho afundar? Tá fumaça! Fui eu? Tá fumaça! Desculpa, gente, desculpa! Desconcerto! Afeiçam, todos pensaram no chapéu! Tá fundando! Tá fundando o navio e vai ter tutu! Tutu lá embaixo, tutu! O Lox não sabe ser capitão não! Desculpa, eu pensei que sabia ser capitão porque eu coloquei roupinha! O barquinho tá fundando! Tá fundando! Agora tá subindo! Pera! Calma! Eu sei o que eu vou fazer! Eu sei! Eu vou fazer o gato! O gato? O gatinho!",0.3781147599220276,0.5720200538635254,0.049865148961544,NEU,0.0598570741713047,0.0005733643774874,0.0202337708324193,0.0004292125813663,0.0144972223788499,0.0048532932996749,0.0028553144074976,0.17631748,Lokis,Roblox,RESGATE DO BARCO AFUNDANDO  Roblox - Sinking Ships [-F2k1uhX0l8],,NT,NT,NT,"🎬 Canal: Lokis | 🎥 Vídeo: RESGATE DO BARCO AFUNDANDO  Roblox - Sinking Ships [-F2k1uhX0l8]
⏱️ Segmento/Index: 1
🤖 Consenso de IA: NT (Detoxify: 0.06 | Perspective: 0.176)
──────────────────────────────────────────────────
Fala transcrita:
""Fui eu que fiz o barquinho afundar? Tá fumaça! Fui eu? Tá fumaça! Desculpa, gente, desculpa! Desconcerto! Afeiçam, todos pensaram no chapéu! Tá fundando! Tá fundando o navio e vai ter tutu! Tutu lá embaixo, tutu! O Lox não sabe ser capitão não! Desculpa, eu pensei que sabia ser capitão porque eu coloquei roupinha! O barquinho tá fundando! Tá fundando! Agora tá subindo! Pera! Calma! Eu sei o que eu vou fazer! Eu sei! Eu vou fazer o gato! O gato? O gatinho!""",Avaliador_A,Avaliador_B
8,"Mas tá tão diferenciada que parece até uma pessoa assim, ó. Agora o monstro pode vir, que eu tô equipada. Eduarda, olha o tamanho dessa espada, garota. Cadê? O meu tá aqui, Eduarda. Olha, cadê o monstro, fi? Pode, hein? Vou bater em você, fi. Vai, Eduarda, tem um zumbi aí, garota. Mata ele. Espera, calma. Eduarda, você me matou. Pode vir, pode vir. Vai, Eduarda, mata ele, Eduarda. Bate nele, Eduarda. Sai, sai. Meu Deus! Sai daqui. Mata a galinha. Aí a galinha tá te humilhando aí, ó. Bate nela. Meu, meu, minha arma. Que isso? Tu... E aqui, Eduarda? Ah, é? Ah, é? Então vem, então... Vem, vem, vem. Ah, você vai embora! Meu Deus do céu. Você vai embora! Tadinho deles, gente. Eu só vi a fumacinha daqui, hein. Foi sempre sem querer, Edu... Edu... Meu Deus. Nossa, sai daqui. Não! Vem cá, Eduarda. Vem cá. Não se mexe.",0.6290480494499207,0.2678874731063843,0.1030644699931144,NEG,0.8043740391731262,0.0037875513080507,0.0364783592522144,0.0016801992896944,0.0636480078101158,0.3641149401664734,0.0068459236063063,0.4269174,Marcelodrv,Minecraft,Tudo Que Eu Construir no Minecraft eu ganho [v5hb5_07fJM],,T,T,T,"🎬 Canal: Marcelodrv | 🎥 Vídeo: Tudo Que Eu Construir no Minecraft eu ganho [v5hb5_07fJM]
⏱️ Segmento/Index: 8
🤖 Consenso de IA: T (Detoxify: 0.804 | Perspective: 0.427)
──────────────────────────────────────────────────
Fala transcrita:
""Mas tá tão diferenciada que parece até uma pessoa assim, ó. Agora o monstro pode vir, que eu tô equipada. Eduarda, olha o tamanho dessa espada, garota. Cadê? O meu tá aqui, Eduarda. Olha, cadê o monstro, fi? Pode, hein? Vou bater em você, fi. Vai, Eduarda, tem um zumbi aí, garota. Mata ele. Espera, calma. Eduarda, você me matou. Pode vir, pode vir. Vai, Eduarda, mata ele, Eduarda. Bate nele, Eduarda. Sai, sai. Meu Deus! Sai daqui. Mata a galinha. Aí a galinha tá te humilhando aí, ó. Bate nela. Meu, meu, minha arma. Que isso? Tu... E aqui, Eduarda? Ah, é? Ah, é? Então vem, então... Vem, vem, vem. Ah, você vai embora! Meu Deus do céu. Você vai embora! Tadinho deles, gente. Eu só vi a fumacinha daqui, hein. Foi sempre sem querer, Edu... Edu... Meu Deus. Nossa, sai daqui. Não! Vem cá, Eduarda. Vem cá. Não se mexe.""",Avaliador_A,Avaliador_B
4,"Podia ter tentado testar tudo sozinho, mas não. Eu tinha que convidar você. Eu sou um testador de jogos, galera. É isso que eu sou. Ele me contratou para isso. Eu tenho que achar os bugs, por isso que eu tenho que fazer tudo errado de verdade. E depois eu vou andar por online apenas para encontrar a melhor maneira de ser o pior. Você não está fazendo isso! Não no meu jogo! Você maldito pedaço de... Espera. Eu peguei muito pesado com você? Pegou. Talvez você só não sabia o que fazer. Ou um gato pisou no teclado. Ou não tinha soluções boas. Ou foi um acidente. É, coisas acontecem. Eu preciso te punir, ele falou. Não leve para o lado do pessoal, é só que você foi mal. E eu quero te desencorajar a fazer isso de novo. Tá, ele tem que me punir por um erro que eu cometi, né? Para comemorar, tire o da lixeira, é seu. O troféu, o meu troféu, ele me deu. Cheira como o troféu de lixo.",0.6542001366615295,0.3046932518482208,0.0411066487431526,NEG,0.9465914368629456,0.0062237279489636,0.1287995427846908,0.0018415757222101,0.3053279817104339,0.0131084285676479,0.0043804147280752,0.61223894,Tex HS,Roblox,RESPONDENDO AS PERGUNTAS MAIS DIFÍCEIS [5Gldj6yZTIM],,T,T,T,"🎬 Canal: Tex HS | 🎥 Vídeo: RESPONDENDO AS PERGUNTAS MAIS DIFÍCEIS [5Gldj6yZTIM]
⏱️ Segmento/Index: 4
🤖 Consenso de IA: T (Detoxify: 0.947 | Perspective: 0.612)
──────────────────────────────────────────────────
Fala transcrita:
""Podia ter tentado testar tudo sozinho, mas não. Eu tinha que convidar você. Eu sou um testador de jogos, galera. É isso que eu sou. Ele me contratou para isso. Eu tenho que achar os bugs, por isso que eu tenho que fazer tudo errado de verdade. E depois eu vou andar por online apenas para encontrar a melhor maneira de ser o pior. Você não está fazendo isso! Não no meu jogo! Você maldito pedaço de... Espera. Eu peguei muito pesado com você? Pegou. Talvez você só não sabia o que fazer. Ou um gato pisou no teclado. Ou não tinha soluções boas. Ou foi um acidente. É, coisas acontecem. Eu preciso te punir, ele falou. Não leve para o lado do pessoal, é só que você foi mal. E eu quero te desencorajar a fazer isso de novo. Tá, ele tem que me punir por um erro que eu cometi, né? Para comemorar, tire o da lixeira, é seu. O troféu, o meu troféu, ele me deu. Cheira como o troféu de lixo.""",Avaliador_A,Avaliador_B
9,"Porque a gente tava tentando achar uma fortaleza de Piglin. Porém não achamos. Então a gente vai dar início aqui no nosso projeto da sala de baús. Que vai ser subterrâneo aqui. E pra quem não sabe, além daqui da parte de cima, a gente quer fazer uma base subterrânea também. Então vamos dar início. Vai ser bem aqui onde tá os baús. Vai dar um outro aspecto, hein, cara? Porque olha o jeito que tá aqui agora. Não que tá feio, mas vai ficar muito mais... Não, vai ficar muito irado, cara. Não faz interessante. Entrando assim na Terra, eu gosto demais.",0.0680584609508514,0.8463839888572693,0.0855575948953628,NEU,0.026498744264245,0.000876176985912,0.0160865038633346,0.0009039440192282,0.0173648558557033,0.0011753002181649,0.0020621714647859,0.11450345,Marcelodrv,Minecraft,CONSTRUÍMOS NOSSA SALA DE BAÚS SUBTERRÂNEA FICOU LINDA - NOSSO MUNDO 06 [JryHKEe7J54],,NT,NT,NT,"🎬 Canal: Marcelodrv | 🎥 Vídeo: CONSTRUÍMOS NOSSA SALA DE BAÚS SUBTERRÂNEA FICOU LINDA - NOSSO MUNDO 06 [JryHKEe7J54]
⏱️ Segmento/Index: 9
🤖 Consenso de IA: NT (Detoxify: 0.026 | Perspective: 0.115)
──────────────────────────────────────────────────
Fala transcrita:
""Porque a gente tava tentando achar uma fortaleza de Piglin. Porém não achamos. Então a gente vai dar início aqui no nosso projeto da sala de baús. Que vai ser subterrâneo aqui. E pra quem não sabe, além daqui da parte de cima, a gente quer fazer uma base subterrânea também. Então vamos dar início. Vai ser bem aqui onde tá os baús. Vai dar um outro aspecto, hein, cara? Porque olha o jeito que tá aqui agora. Não que tá feio, mas vai ficar muito mais... Não, vai ficar muito irado, cara. Não faz interessante. Entrando assim na Terra, eu gosto demais.""",Avaliador_A,Avaliador_B
14,"Sim, sim A mantinha, desce, a mantinha Está na hora do seu papai pegar você para ir embora Vem, desce que eu vou te pegar Pula Pula, vem Dá um pulinho Não, não Eu vou te segurar aqui embaixo, pula logo, vem Põe, caiu Tá louco Aí a mantinha, pode ir para o seu papai, tá bom? Tá bom Você não vai ganhar chocolate porque se comportou mal Ela foi bagunceira, papai Ela ficou fazendo tudo de errado, tá bom? Tá bom Tá bom, tchau Tchau Ufa, ainda bem, ainda bem Já foi quase todo mundo embora Agora está faltando só a Nath embora A Nath Por que você está com essa carinha triste, Nath? Por quê? Douzinho na cabecinha Olha para mim, você está com um douzinho na cabecinha? Cabeçinha? Sim Vem aqui que eu vou ouvir o seu coração, tá bom?",0.4510549008846283,0.4465233087539673,0.1024218425154686,NEG,0.5396879315376282,0.007091021630913,0.0543618761003017,0.0064278771169483,0.047357190400362,0.0053218686953186,0.0142236100509762,0.24603334,Lokis,Roblox,LOKIS CUIDADOR DA CRECHE  Roblox - Brookhaven [FQiYYcelqc4],,GZ,GZ,GZ,"🎬 Canal: Lokis | 🎥 Vídeo: LOKIS CUIDADOR DA CRECHE  Roblox - Brookhaven [FQiYYcelqc4]
⏱️ Segmento/Index: 14
🤖 Consenso de IA: GZ (Detoxify: 0.54 | Perspective: 0.246)
──────────────────────────────────────────────────
Fala transcrita:
""Sim, sim A mantinha, desce, a mantinha Está na hora do seu papai pegar você para ir embora Vem, desce que eu vou te pegar Pula Pula, vem Dá um pulinho Não, não Eu vou te segurar aqui embaixo, pula logo, vem Põe, caiu Tá louco Aí a mantinha, pode ir para o seu papai, tá bom? Tá bom Você não vai ganhar chocolate porque se comportou mal Ela foi bagunceira, papai Ela ficou fazendo tudo de errado, tá bom? Tá bom Tá bom, tchau Tchau Ufa, ainda bem, ainda bem Já foi quase todo mundo embora Agora está faltando só a Nath embora A Nath Por que você está com essa carinha triste, Nath? Por quê? Douzinho na cabecinha Olha para mim, você está com um douzinho na cabecinha? Cabeçinha? Sim Vem aqui que eu vou ouvir o seu coração, tá bom?""",Avaliador_A,Avaliador_B
8,"Meu Deus, vamos para a próxima. Opa, achei. Aqui ó. Beleza, beleza. Mas tem monstro também. Eu acho que acabei te acertando, foi sem querer. Sem problema, eu tô muito forte, mano. Que isso? Pera, o ferro já veio esquentado? Pera, por que eu tô quebrando as coisas tão rápido assim, KR? Eu também não sei. A gente tá com pressa, sai daqui. Por que eu tô com pressa? Que louco, mano. Meu Deus, que maneiro. O que aconteceu? Ai, é isso, socorro. Mano, pera aí, mano, o ferro já tá vindo dropado já. A barrinha. O que que aconteceu? Cara, ele tá caindo nos negócios... Legal, morri. Tô voltando para aí. Mano, tá caindo nos negócios esquisitos do ferro. Será que foi porque... Mano, isso tá muito esquisito. Alguém me ajuda, galera. Meu Deus, mano, que bizarro. Eu tô doido. Calma aí. Mano, mas tá cheio de creeper aqui, que doideira. O que que é isso? Void Fusion. Que louco, mano.",0.3840453922748565,0.456464022397995,0.1594906151294708,NEU,0.5829894542694092,0.0008745610248297,0.028444604948163,0.001538292155601,0.2142733931541443,0.0014149277703836,0.0021926215849816,0.3389984,Kass e KR,Minecraft,TUDO que eu TOCAR vira VOID no Minecraft [UgJMZDRhINQ],,GZ,GZ,GZ,"🎬 Canal: Kass e KR | 🎥 Vídeo: TUDO que eu TOCAR vira VOID no Minecraft [UgJMZDRhINQ]
⏱️ Segmento/Index: 8
🤖 Consenso de IA: GZ (Detoxify: 0.583 | Perspective: 0.339)
──────────────────────────────────────────────────
Fala transcrita:
""Meu Deus, vamos para a próxima. Opa, achei. Aqui ó. Beleza, beleza. Mas tem monstro também. Eu acho que acabei te acertando, foi sem querer. Sem problema, eu tô muito forte, mano. Que isso? Pera, o ferro já veio esquentado? Pera, por que eu tô quebrando as coisas tão rápido assim, KR? Eu também não sei. A gente tá com pressa, sai daqui. Por que eu tô com pressa? Que louco, mano. Meu Deus, que maneiro. O que aconteceu? Ai, é isso, socorro. Mano, pera aí, mano, o ferro já tá vindo dropado já. A barrinha. O que que aconteceu? Cara, ele tá caindo nos negócios... Legal, morri. Tô voltando para aí. Mano, tá caindo nos negócios esquisitos do ferro. Será que foi porque... Mano, isso tá muito esquisito. Alguém me ajuda, galera. Meu Deus, mano, que bizarro. Eu tô doido. Calma aí. Mano, mas tá cheio de creeper aqui, que doideira. O que que é isso? Void Fusion. Que louco, mano.""",Avaliador_A,Avaliador_B
1,"A gente vê é coisa antes da partida começar Mas pelo que eu vi, ela que tava gadeando, mas vamos deixar pra lá, né? Caia, Estael e o bonde todo nesse avião Imagina se ele resolve cair Eu já fiz logo a marcação pra cair em pique, que foi o combinado Só que a gente percebe que ninguém subiu o combinado, né?",0.2125461846590042,0.7236084938049316,0.0638453140854835,NEU,0.0055096610449254,0.0008636740385554,0.0142046203836798,0.0007339976727962,0.0073070242069661,0.001333357184194,0.000820615212433,0.042657252,Amy Scarlet,Roblox,Salinha com Influencers e Seguidores [LudXFCWvr2s],,NT,NT,NT,"🎬 Canal: Amy Scarlet | 🎥 Vídeo: Salinha com Influencers e Seguidores [LudXFCWvr2s]
⏱️ Segmento/Index: 1
🤖 Consenso de IA: NT (Detoxify: 0.006 | Perspective: 0.043)
──────────────────────────────────────────────────
Fala transcrita:
""A gente vê é coisa antes da partida começar Mas pelo que eu vi, ela que tava gadeando, mas vamos deixar pra lá, né? Caia, Estael e o bonde todo nesse avião Imagina se ele resolve cair Eu já fiz logo a marcação pra cair em pique, que foi o combinado Só que a gente percebe que ninguém subiu o combinado, né?""",Avaliador_A,Avaliador_B
3,"E com os pontos eu posso comprar habilidades especiais que vão me fazer destruir essa cidade! Com mais velocidade! E vou causar uma grande destruição, pode apostar! Sai daqui! Toma isso robô nojento! Foi eliminado! A minha vida tá muito baixa, tem muitos robôs pelas ruas, tá na hora de me recuperar! Pra isso, eu tenho que comer alguma coisa, afinal eu tô com fome e a única maneira de recuperar a vida é ficando sem fome! Eu não posso comer os prédios e também não posso comer partes de automóveis! Então eu não tenho outra escolha a não ser devorar todos os pedestres dessa cidade! Eu preciso encontrar mais algumas pessoas, pois eu ainda tô com fome! Mesmo depois de comer um aldeão! Olha aqui mais um aldeão! Toma isso! Vou me esconder agora pra me alimentar! Beleza! E agora eu tenho que esperar a minha vida encher! A minha vida tá muito baixa! Só posso voltar pra cidade depois que ela estiver cheia! Eu não acredito, eu já cheguei no nível 10!",0.9561977386474608,0.0319059155881404,0.0118963392451405,NEG,0.6602462530136108,0.0026841992512345,0.0388885773718357,0.0025318409316241,0.0571034550666809,0.0931896492838859,0.0026355993468314,0.37751234,Robin Hood Gamer,Minecraft,VIREI UM MONSTRO GIGANTE E QUEBREI A CIDADE DO MINECRAFT [TIcJ2R-mZ-0],,GZ,GZ,GZ,"🎬 Canal: Robin Hood Gamer | 🎥 Vídeo: VIREI UM MONSTRO GIGANTE E QUEBREI A CIDADE DO MINECRAFT [TIcJ2R-mZ-0]
⏱️ Segmento/Index: 3
🤖 Consenso de IA: GZ (Detoxify: 0.66 | Perspective: 0.378)
──────────────────────────────────────────────────
Fala transcrita:
""E com os pontos eu posso comprar habilidades especiais que vão me fazer destruir essa cidade! Com mais velocidade! E vou causar uma grande destruição, pode apostar! Sai daqui! Toma isso robô nojento! Foi eliminado! A minha vida tá muito baixa, tem muitos robôs pelas ruas, tá na hora de me recuperar! Pra isso, eu tenho que comer alguma coisa, afinal eu tô com fome e a única maneira de recuperar a vida é ficando sem fome! Eu não posso comer os prédios e também não posso comer partes de automóveis! Então eu não tenho outra escolha a não ser devorar todos os pedestres dessa cidade! Eu preciso encontrar mais algumas pessoas, pois eu ainda tô com fome! Mesmo depois de comer um aldeão! Olha aqui mais um aldeão! Toma isso! Vou me esconder agora pra me alimentar! Beleza! E agora eu tenho que esperar a minha vida encher! A minha vida tá muito baixa! Só posso voltar pra cidade depois que ela estiver cheia! Eu não acredito, eu já cheguei no nível 10!""",Avaliador_A,Avaliador_B
7,"Eu amo esse famoso aqui, é o melhor famoso que eu já vi na minha vida! Pode vir aqui, dá! Deu muito trabalho pra fazer, tá? Porque fiz bloco, bloco, cansei meu braço, tá, ó! Pode apreciar, é o problem, sabe, se tu não entendeu quem é, tá? Marcelo, o que é isso, Marcelo? Minha filha, tu quer que eu desenhe? É o problem, viu, tudo, é famosão! Por que você foi lá e copiou... Ahn, pode falar, começou, vai! A minha construção! Eu, Eduarda! Você é tão falso que nem consegue... Não consegue, não consegue disfarçar! Eu não copiei com a sua de ninguém, não! Eu fiz sozinha, só sozinha! Marcelo, o que a sua voz mudou agora? Tu tá mentindo? Você tá mentindo! Cuidado com essa espada aí, meu Deus! Você tá mentindo! Mas, Eduarda, olha que lindo meu problema, agora eu quero ver o teu! Vem cá, vem então! Vem aqui, vem então! Deixa eu ver... Ah, vem!",0.0082775354385375,0.0343141369521617,0.957408368587494,POS,0.4886898696422577,0.0043127811513841,0.0439000725746154,0.0045810537412762,0.0454043857753276,0.0021180615294724,0.005220818798989,0.30527395,Marcelodrv,Minecraft,Trolei minha AMIGA com MOTO na BATALHA DE CONSTRUÇÃO do MINECRAFT [MvIPXCA0ZNs],,GZ,GZ,GZ,"🎬 Canal: Marcelodrv | 🎥 Vídeo: Trolei minha AMIGA com MOTO na BATALHA DE CONSTRUÇÃO do MINECRAFT [MvIPXCA0ZNs]
⏱️ Segmento/Index: 7
🤖 Consenso de IA: GZ (Detoxify: 0.489 | Perspective: 0.305)
──────────────────────────────────────────────────
Fala transcrita:
""Eu amo esse famoso aqui, é o melhor famoso que eu já vi na minha vida! Pode vir aqui, dá! Deu muito trabalho pra fazer, tá? Porque fiz bloco, bloco, cansei meu braço, tá, ó! Pode apreciar, é o problem, sabe, se tu não entendeu quem é, tá? Marcelo, o que é isso, Marcelo? Minha filha, tu quer que eu desenhe? É o problem, viu, tudo, é famosão! Por que você foi lá e copiou... Ahn, pode falar, começou, vai! A minha construção! Eu, Eduarda! Você é tão falso que nem consegue... Não consegue, não consegue disfarçar! Eu não copiei com a sua de ninguém, não! Eu fiz sozinha, só sozinha! Marcelo, o que a sua voz mudou agora? Tu tá mentindo? Você tá mentindo! Cuidado com essa espada aí, meu Deus! Você tá mentindo! Mas, Eduarda, olha que lindo meu problema, agora eu quero ver o teu! Vem cá, vem então! Vem aqui, vem então! Deixa eu ver... Ah, vem!""",Avaliador_A,Avaliador_B
10,"Eita, quanto monstro, quanto monstro. Nossa, quanto esqueleto, na verdade. Ainda bem que a aranha já foi brigar com o esqueleto ali. A aranha já foi nos ajudar, fez um time com a gente, sem querer mais seis. E agora vamos continuar aqui. E sem deixar que os monstros nos atrapalhem. Rubi, é bom a gente prender alguns esqueletos por aqui, depois vai parar de aparecer estes monstros depois do Halloween. Sim, somente no Halloween que os monstros aparecem com cabeça de abóbora. Depois a gente só consegue isso, a gente jogar a abóbora para eles, eles aceitarem. Já estamos chegando no pântano, fica atento. Se vê um slime, já me avisa que a gente precisa de gosma de slime. Calma aí, Rubi, eu só quero melhorar um pouco essa árvore. É que está uma vergonha que isso. Não, não, não! Sem tempo para isso, sem tempo para isso. A gente pode fazer em qualquer outro horário, mas durante a noite a gente tem que aproveitar, porque é a hora que aparecem os monstros. É, eu explodi aqui uma parte, mas está bom, ninguém liga. Você não explodiu, foi o Creeper, então fica mais atento com eles. Nada de slime aqui! É verdade, Rubi, cadê os slimes?",0.5226916074752808,0.2397285103797912,0.2375798672437667,NEG,0.2282428294420242,0.0005819890648126,0.0402589961886405,0.0005726109957322,0.0878136977553367,0.0035216526594012,0.0011107748141512,0.2855005,Robin Hood Gamer,Minecraft,ARMADILHAS ASSUSTADORAS DE HALLOWEEN MINECRAFT ERA DA REDSTONE 22 [9S5qEe-BswM],,GZ,GZ,GZ,"🎬 Canal: Robin Hood Gamer | 🎥 Vídeo: ARMADILHAS ASSUSTADORAS DE HALLOWEEN MINECRAFT ERA DA REDSTONE 22 [9S5qEe-BswM]
⏱️ Segmento/Index: 10
🤖 Consenso de IA: GZ (Detoxify: 0.228 | Perspective: 0.286)
──────────────────────────────────────────────────
Fala transcrita:
""Eita, quanto monstro, quanto monstro. Nossa, quanto esqueleto, na verdade. Ainda bem que a aranha já foi brigar com o esqueleto ali. A aranha já foi nos ajudar, fez um time com a gente, sem querer mais seis. E agora vamos continuar aqui. E sem deixar que os monstros nos atrapalhem. Rubi, é bom a gente prender alguns esqueletos por aqui, depois vai parar de aparecer estes monstros depois do Halloween. Sim, somente no Halloween que os monstros aparecem com cabeça de abóbora. Depois a gente só consegue isso, a gente jogar a abóbora para eles, eles aceitarem. Já estamos chegando no pântano, fica atento. Se vê um slime, já me avisa que a gente precisa de gosma de slime. Calma aí, Rubi, eu só quero melhorar um pouco essa árvore. É que está uma vergonha que isso. Não, não, não! Sem tempo para isso, sem tempo para isso. A gente pode fazer em qualquer outro horário, mas durante a noite a gente tem que aproveitar, porque é a hora que aparecem os monstros. É, eu explodi aqui uma parte, mas está bom, ninguém liga. Você não explodiu, foi o Creeper, então fica mais atento com eles. Nada de slime aqui! É verdade, Rubi, cadê os slimes?""",Avaliador_A,Avaliador_B
13,"Eu vou apertar o botão. Ah, ela vai matar. Que eu? Que eu o quê? Eu não tava vendo nada. Ah, não vem não. Não, não, não. Sai fora daqui. Sai fora daqui. Sai fora daqui. Não, não, não. Sai daqui. Sai daqui, Cass. Não, não. Sai daqui. Sai daqui, Cass. Eu vou apertar o botão. Sai, sai, sai, sai, sai. Não vem não. Eu vou fazer igual o Rossi aquela vez. Vai acusar por sem nada. Vou falar que você quase me matou. Não vale. Vou falar que você quase me matou. Não vale, não. Não vale. Isso é mentira. Que não vale o quê? Quase me matou mesmo de susto, mas quase me matou. Ah, não vale. Quase te matou de susto. Não é quase te matou no jogo. Mas não queria. Eu é cara doido, rapaz. Eu sei que é você. Eu sei que é você. E é o quê? Sai daí. Tenho certeza que é você. Tenho certeza que sou o quê? Sai daí, Cass. Vou apertar o botão. Quem apertar o botão? Vai tirar o inocente à toa. Não vou tirar o inocente nenhum. Já estamos com seis pessoas. Ah, galera, tá quase me matando aqui.",0.8404846787452698,0.1366093158721923,0.0229059308767318,NEG,0.9410893321037292,0.0134847955778241,0.0429780334234237,0.0046652378514409,0.0790654048323631,0.0923031345009803,0.0138381225988268,0.45761138,Kass e KR,Minecraft,TODO MUNDO VIROU VILLAGER NO AMONG US [0DeuA7JDAT8],,T,T,T,"🎬 Canal: Kass e KR | 🎥 Vídeo: TODO MUNDO VIROU VILLAGER NO AMONG US [0DeuA7JDAT8]
⏱️ Segmento/Index: 13
🤖 Consenso de IA: T (Detoxify: 0.941 | Perspective: 0.458)
──────────────────────────────────────────────────
Fala transcrita:
""Eu vou apertar o botão. Ah, ela vai matar. Que eu? Que eu o quê? Eu não tava vendo nada. Ah, não vem não. Não, não, não. Sai fora daqui. Sai fora daqui. Sai fora daqui. Não, não, não. Sai daqui. Sai daqui, Cass. Não, não. Sai daqui. Sai daqui, Cass. Eu vou apertar o botão. Sai, sai, sai, sai, sai. Não vem não. Eu vou fazer igual o Rossi aquela vez. Vai acusar por sem nada. Vou falar que você quase me matou. Não vale. Vou falar que você quase me matou. Não vale, não. Não vale. Isso é mentira. Que não vale o quê? Quase me matou mesmo de susto, mas quase me matou. Ah, não vale. Quase te matou de susto. Não é quase te matou no jogo. Mas não queria. Eu é cara doido, rapaz. Eu sei que é você. Eu sei que é você. E é o quê? Sai daí. Tenho certeza que é você. Tenho certeza que sou o quê? Sai daí, Cass. Vou apertar o botão. Quem apertar o botão? Vai tirar o inocente à toa. Não vou tirar o inocente nenhum. Já estamos com seis pessoas. Ah, galera, tá quase me matando aqui.""",Avaliador_A,Avaliador_B
7,Ele é liquidificador! Não! Ele é liquidificador! Não! Ele é liquidificador! Agora ninguém sabe quem sou eu! Eu tô dispassassada! Você é errado! Você é quem? Ninguém vai saber quem sou eu! Ninguém vai saber quem sou eu! Oi Loxy! Não sou eu não! Só que você é o que é! Eu não sou o Loxy não! Olha gente veio um menininho aqui! Uma menininha! Olha! Oi! Oi! É o Karol! Ele veio de outra dimensão! Ela veio de outra dimensão! É o Karol! É porque o elevador dela quebrou! Ele veio pra cá! Ai! Ele veio aqui! Outra dimensão! Olha! São os noobs dançarinos! Dá oi pra ele gente!,0.2418680042028427,0.734980046749115,0.0231519099324941,NEU,0.2115212976932525,0.0017440476221963,0.0283341854810714,0.0063360417261719,0.0329824574291706,0.0015445402823388,0.0058360779657959,0.3302291,Lokis,Roblox,100 NOOBS DANÇANDO NO ELEVADOR  Roblox - BIG Noob Elevator [ZsGB73IzxwE],,GZ,GZ,GZ,"🎬 Canal: Lokis | 🎥 Vídeo: 100 NOOBS DANÇANDO NO ELEVADOR  Roblox - BIG Noob Elevator [ZsGB73IzxwE]
⏱️ Segmento/Index: 7
🤖 Consenso de IA: GZ (Detoxify: 0.212 | Perspective: 0.33)
──────────────────────────────────────────────────
Fala transcrita:
""Ele é liquidificador! Não! Ele é liquidificador! Não! Ele é liquidificador! Agora ninguém sabe quem sou eu! Eu tô dispassassada! Você é errado! Você é quem? Ninguém vai saber quem sou eu! Ninguém vai saber quem sou eu! Oi Loxy! Não sou eu não! Só que você é o que é! Eu não sou o Loxy não! Olha gente veio um menininho aqui! Uma menininha! Olha! Oi! Oi! É o Karol! Ele veio de outra dimensão! Ela veio de outra dimensão! É o Karol! É porque o elevador dela quebrou! Ele veio pra cá! Ai! Ele veio aqui! Outra dimensão! Olha! São os noobs dançarinos! Dá oi pra ele gente!""",Avaliador_A,Avaliador_B
2,"Assista ao final e vê se a gente vai conseguir sobreviver antes do nosso PC destruir aqui, colapsar, né? Porque, mano, imagina várias ações dessas acontecendo no mundo inteiro, cara. Minecraft já é pesado. Fazendo isso aqui, man, man. É muito louco, velho. Vamos lá, ó. Já tô descendo aqui pra coletar uns ferrinhos, mano. E será que a gente consegue encontrar uma vila? Eu quero ver como que vai ficar o portal do Nether replicado em todas as chunks, cara. Vai ficar muito, muito louco. Ó, deixa eu abrir aqui um espacinho. Dá pra pular aqui? Dá pra pular aqui. Beleza. Agora eu vou fazer uma picreta de pedregulho. Da hora, vou jogar essa de pedra aqui fora. Eu queria ver como que tá ficando o mundo. E também vamos tentar encontrar diamantes, porque deve ser bem facinho, né? É só fazer um túnel em uma chunk e eles replicam pelo mundo inteiro, cara. Isso é muito louco. Ó, deixa eu fazer uma fornalha aqui de verdade. Beleza. Ok, vem cá ferro.",0.3867993354797363,0.4221307635307312,0.1910699009895324,NEU,0.4023507833480835,0.0032714600674808,0.0359973534941673,0.0049443081952631,0.0672177001833915,0.0084226811304688,0.0089774066582322,0.34328604,Geleia,Minecraft,esse mod vai destruir seu computador no minecraft [_BeAPw-Pikk],,GZ,GZ,GZ,"🎬 Canal: Geleia | 🎥 Vídeo: esse mod vai destruir seu computador no minecraft [_BeAPw-Pikk]
⏱️ Segmento/Index: 2
🤖 Consenso de IA: GZ (Detoxify: 0.402 | Perspective: 0.343)
──────────────────────────────────────────────────
Fala transcrita:
""Assista ao final e vê se a gente vai conseguir sobreviver antes do nosso PC destruir aqui, colapsar, né? Porque, mano, imagina várias ações dessas acontecendo no mundo inteiro, cara. Minecraft já é pesado. Fazendo isso aqui, man, man. É muito louco, velho. Vamos lá, ó. Já tô descendo aqui pra coletar uns ferrinhos, mano. E será que a gente consegue encontrar uma vila? Eu quero ver como que vai ficar o portal do Nether replicado em todas as chunks, cara. Vai ficar muito, muito louco. Ó, deixa eu abrir aqui um espacinho. Dá pra pular aqui? Dá pra pular aqui. Beleza. Agora eu vou fazer uma picreta de pedregulho. Da hora, vou jogar essa de pedra aqui fora. Eu queria ver como que tá ficando o mundo. E também vamos tentar encontrar diamantes, porque deve ser bem facinho, né? É só fazer um túnel em uma chunk e eles replicam pelo mundo inteiro, cara. Isso é muito louco. Ó, deixa eu fazer uma fornalha aqui de verdade. Beleza. Ok, vem cá ferro.""",Avaliador_A,Avaliador_B
12,"Eu passei Senão ninguém vai querer chegar perto de você Eu vou te mostrar que querem ficar perto de você Vem cá Vamos ver esse cu, porco, mesmo Vamos ver se alguma coisa muda nada Vem, o Luca Oi, tô indo, moça, você não me conhece, né? Eu conheço, sim, eu sou sua mãe Ah, eu queria que você fosse outra pessoa Vem aqui atrás de mim Por favor, eu vou te provar que não é o que você tá pensando Tá bom, tá bom É... Acho que a galera ainda tava lá em cima do pédio É room Room Oi, galera Oi, galera, tudo bem? Oi, Pikachu Tudo bem? Oi, gente, tudo bom? Eu vou escrever oi Será que vão entender? Oi? Acho que não, né? Oi, já escristeu bom, né, o Luca? Já entrou aí Tô falando que tô dormindo, dormi também Hã?",0.2088808566331863,0.7075785398483276,0.0835405811667442,NEU,0.9353829622268676,0.0164116360247135,0.0786304473876953,0.0078473491594195,0.0550599917769432,0.0045597590506076,0.126175582408905,0.47173777,Luluca Games,Roblox,Roblox - UM DIA MUITO DOIDO NO GACHA LIFE ONLINE  Luluca Games [uHLaSsDEY8Y],0.2088810354471206,T,T,T,"🎬 Canal: Luluca Games | 🎥 Vídeo: Roblox - UM DIA MUITO DOIDO NO GACHA LIFE ONLINE  Luluca Games [uHLaSsDEY8Y]
⏱️ Segmento/Index: 12
🤖 Consenso de IA: T (Detoxify: 0.935 | Perspective: 0.472)
──────────────────────────────────────────────────
Fala transcrita:
""Eu passei Senão ninguém vai querer chegar perto de você Eu vou te mostrar que querem ficar perto de você Vem cá Vamos ver esse cu, porco, mesmo Vamos ver se alguma coisa muda nada Vem, o Luca Oi, tô indo, moça, você não me conhece, né? Eu conheço, sim, eu sou sua mãe Ah, eu queria que você fosse outra pessoa Vem aqui atrás de mim Por favor, eu vou te provar que não é o que você tá pensando Tá bom, tá bom É... Acho que a galera ainda tava lá em cima do pédio É room Room Oi, galera Oi, galera, tudo bem? Oi, Pikachu Tudo bem? Oi, gente, tudo bom? Eu vou escrever oi Será que vão entender? Oi? Acho que não, né? Oi, já escristeu bom, né, o Luca? Já entrou aí Tô falando que tô dormindo, dormi também Hã?""",Avaliador_A,Avaliador_B
2,"Como sempre, da melhor qualidade. O que mais tem nessas casas aqui? E eles fizeram igualzinho como se fosse o mapa do Minecraft, que massa. Esse Minecraft catonado. Dá para arrastar, galera. Dá para jogar no mar, na fornalha, se a gente quiser, né? Só não vai passar na porta, eu acho. Vai passar, passa. Passou. Vamos jogar a fornalha no mar. Quando o villager voltar, ele vai falar assim, cadê aquele franguinho que eu deixei assando? Mas está dando trabalho fazer isso aqui, hein? O que eu vou inventar isso? Cara, essa moita aqui, meu. Ela é muito forte. Olha isso, olha a fornalha. Alguém não vai almoçar um franguinho hoje. O louco! Vocês viram? Nossa. Que da hora, deu uma piquada na água e voltou com tudo, né? Ah, beleza. Então é isso galera. Aqui é como se fosse o mapa do Minecraft, mas é o teardown. Ah, biblioteca, que massa.",0.5138435363769531,0.3659887909889221,0.1201676204800605,NEG,0.228904440999031,0.0033009159378707,0.0376712307333946,0.0048417318612337,0.039141584187746,0.0022512313444167,0.006976862438023,0.32128486,Tex HS,Roblox,O QUE TEM DENTRO DO ZUMBI [aH90spPqc8M],,GZ,GZ,GZ,"🎬 Canal: Tex HS | 🎥 Vídeo: O QUE TEM DENTRO DO ZUMBI [aH90spPqc8M]
⏱️ Segmento/Index: 2
🤖 Consenso de IA: GZ (Detoxify: 0.229 | Perspective: 0.321)
──────────────────────────────────────────────────
Fala transcrita:
""Como sempre, da melhor qualidade. O que mais tem nessas casas aqui? E eles fizeram igualzinho como se fosse o mapa do Minecraft, que massa. Esse Minecraft catonado. Dá para arrastar, galera. Dá para jogar no mar, na fornalha, se a gente quiser, né? Só não vai passar na porta, eu acho. Vai passar, passa. Passou. Vamos jogar a fornalha no mar. Quando o villager voltar, ele vai falar assim, cadê aquele franguinho que eu deixei assando? Mas está dando trabalho fazer isso aqui, hein? O que eu vou inventar isso? Cara, essa moita aqui, meu. Ela é muito forte. Olha isso, olha a fornalha. Alguém não vai almoçar um franguinho hoje. O louco! Vocês viram? Nossa. Que da hora, deu uma piquada na água e voltou com tudo, né? Ah, beleza. Então é isso galera. Aqui é como se fosse o mapa do Minecraft, mas é o teardown. Ah, biblioteca, que massa.""",Avaliador_A,Avaliador_B
22,"Meu Deus, que jogo difícil Beleza, pessoal Então, quando a gente conseguir achar alguma coisa a gente volta Beleza, pessoal Última relíquia Gente, muito difícil Coloquei Tá, e agora? O que que vai acontecer? Tem que achar a saída Tem que achar a saída, mames Ah, você tá de brincadeira Gente, eu não sei onde que é a saída E agora? Oh, oh Oh, não Eu achei que quando colocasse a gente já ia acabar, gente Ó, objetivo Beleza, a gente colocou ali as três relíquias, certo? Certo Beleza, agora tem que achar a saída, mames Ah, que divertido Com uma doida correndo atrás de gente Ah, pessoal, mas ela não dá medo O que deu medo, pessoal, foi aquele moço lá com a mão Aquele dos bração, gente, tava Olha, só dava muito pânico, né, gente? Gente, dava muito pânico aquele bicho, meu Deus Exato Porque ele tinha a mão tão grande Ah A boa Aqui É a saída Por que que eu tô vendo tudo isso? Aonde eu realmente estou?",0.9421402812004088,0.0458960905671119,0.0119635798037052,NEG,0.2051610350608825,0.0057773180305957,0.0475862734019756,0.0044812420383095,0.0343046225607395,0.0021634744480252,0.0135211665183305,0.2820025,Julia MineGirl,Roblox,Roblox - PESADELOS NA CASA NOVA Bewildered [mr-bzXRN9Zo],,GZ,GZ,GZ,"🎬 Canal: Julia MineGirl | 🎥 Vídeo: Roblox - PESADELOS NA CASA NOVA Bewildered [mr-bzXRN9Zo]
⏱️ Segmento/Index: 22
🤖 Consenso de IA: GZ (Detoxify: 0.205 | Perspective: 0.282)
──────────────────────────────────────────────────
Fala transcrita:
""Meu Deus, que jogo difícil Beleza, pessoal Então, quando a gente conseguir achar alguma coisa a gente volta Beleza, pessoal Última relíquia Gente, muito difícil Coloquei Tá, e agora? O que que vai acontecer? Tem que achar a saída Tem que achar a saída, mames Ah, você tá de brincadeira Gente, eu não sei onde que é a saída E agora? Oh, oh Oh, não Eu achei que quando colocasse a gente já ia acabar, gente Ó, objetivo Beleza, a gente colocou ali as três relíquias, certo? Certo Beleza, agora tem que achar a saída, mames Ah, que divertido Com uma doida correndo atrás de gente Ah, pessoal, mas ela não dá medo O que deu medo, pessoal, foi aquele moço lá com a mão Aquele dos bração, gente, tava Olha, só dava muito pânico, né, gente? Gente, dava muito pânico aquele bicho, meu Deus Exato Porque ele tinha a mão tão grande Ah A boa Aqui É a saída Por que que eu tô vendo tudo isso? Aonde eu realmente estou?""",Avaliador_A,Avaliador_B
12,"Calma, Robin, eu tinha conseguido fazer uma cama, só que eu já me perdi dela. Vamos tentar atacar alguma ovelha pra conseguir lan. Ah, Beto, não ataque as ovelhas, não ataque, não ataque. A gente pode estar fazendo uma tesoura e a gente consegue mais lãs. É, agora eu acho que aquela lá já partiu. Mas olha só, tem aqui, tem aqui Robin, pega aí o ferro e pega a lã dessa, porque a minha cama já tá aqui próxima. Ah, você já tem uma cama, isso é ótimo. Ei, eu já tenho duas lãs aqui, eu poderia ter ido matar a ovelha, que eu ia conseguir mais uma lã, o suficiente pra criar uma cama. Mas tudo bem, vou fazer uma tesoura que daí eu já consigo mais de uma lã também. Vai ser importante, a gente tem que se preocupar com os nossos recursos. E cadê essa ovelha? Robin, socorro, a bruxa me envenenou! Eu até tentei utilizar a estratégia do pulo contra ela, eu fui e pulei pra ela pegar fogo. Mas e aí, funcionou? Não deu muito certo. Tá, eu tô chegando, eu tô chegando, eu vou te salvar.",0.1585391461849212,0.7943114638328552,0.0471494197845459,NEU,0.2599652409553528,0.0015739924274384,0.0459920652210712,0.0006792787462472,0.0249273795634508,0.037661001086235,0.0021852403879165,0.23812068,Robin Hood Gamer,Minecraft,Minecraft mas se PULAR você EXPLODE... [Gv6nVxXIUnU],,GZ,GZ,GZ,"🎬 Canal: Robin Hood Gamer | 🎥 Vídeo: Minecraft mas se PULAR você EXPLODE... [Gv6nVxXIUnU]
⏱️ Segmento/Index: 12
🤖 Consenso de IA: GZ (Detoxify: 0.26 | Perspective: 0.238)
──────────────────────────────────────────────────
Fala transcrita:
""Calma, Robin, eu tinha conseguido fazer uma cama, só que eu já me perdi dela. Vamos tentar atacar alguma ovelha pra conseguir lan. Ah, Beto, não ataque as ovelhas, não ataque, não ataque. A gente pode estar fazendo uma tesoura e a gente consegue mais lãs. É, agora eu acho que aquela lá já partiu. Mas olha só, tem aqui, tem aqui Robin, pega aí o ferro e pega a lã dessa, porque a minha cama já tá aqui próxima. Ah, você já tem uma cama, isso é ótimo. Ei, eu já tenho duas lãs aqui, eu poderia ter ido matar a ovelha, que eu ia conseguir mais uma lã, o suficiente pra criar uma cama. Mas tudo bem, vou fazer uma tesoura que daí eu já consigo mais de uma lã também. Vai ser importante, a gente tem que se preocupar com os nossos recursos. E cadê essa ovelha? Robin, socorro, a bruxa me envenenou! Eu até tentei utilizar a estratégia do pulo contra ela, eu fui e pulei pra ela pegar fogo. Mas e aí, funcionou? Não deu muito certo. Tá, eu tô chegando, eu tô chegando, eu vou te salvar.""",Avaliador_A,Avaliador_B
10,da um tiro nesse roxo aqui pega ele foi ele mesmo vai ele fugiu ta carregando é o roxo mano ele vai matar outro cara era pra você ir atrás do roxo e deixar o ciano faz a missão ai ciano ele vai matar outro cara mano faz a sala de reunião e já sai todo mundo perto ai tu já tem um pipoco eu disse nós ganhamos menino fala dele nós terminamos de derrota pra me derrota aqui ah eu fui eu virei hipnologo meu deus ta ai trapinha ultima partidinha agora se cai impostou caiu se cai tripulante caiu vamos ver agora o que nós vamos ser acho que nós estamos com cara nessa de ser tripulante tripulante você hack eu vou veterano veterano você hack o que o hack faz?,0.6942948698997498,0.2177050709724426,0.0880000442266464,NEG,0.8502562642097473,0.0047812634147703,0.0316277258098125,0.0117412023246288,0.0622937567532062,0.3800714612007141,0.0055459863506257,0.55739564,meu nome é david,Roblox,1 DISTRAI E O OUTRO PASSA A FACA   HIPNOLOGO MATOU GERAL NO SUPER SUS  NOVO AMONG US [wyOAtnhpK6A],,T,T,T,"🎬 Canal: meu nome é david | 🎥 Vídeo: 1 DISTRAI E O OUTRO PASSA A FACA   HIPNOLOGO MATOU GERAL NO SUPER SUS  NOVO AMONG US [wyOAtnhpK6A]
⏱️ Segmento/Index: 10
🤖 Consenso de IA: T (Detoxify: 0.85 | Perspective: 0.557)
──────────────────────────────────────────────────
Fala transcrita:
""da um tiro nesse roxo aqui pega ele foi ele mesmo vai ele fugiu ta carregando é o roxo mano ele vai matar outro cara era pra você ir atrás do roxo e deixar o ciano faz a missão ai ciano ele vai matar outro cara mano faz a sala de reunião e já sai todo mundo perto ai tu já tem um pipoco eu disse nós ganhamos menino fala dele nós terminamos de derrota pra me derrota aqui ah eu fui eu virei hipnologo meu deus ta ai trapinha ultima partidinha agora se cai impostou caiu se cai tripulante caiu vamos ver agora o que nós vamos ser acho que nós estamos com cara nessa de ser tripulante tripulante você hack eu vou veterano veterano você hack o que o hack faz?""",Avaliador_A,Avaliador_B
0,"É o... Eduardo. Eu? É... cuidado aí, minha filha. Meu Deus, sai, sai, sai. Oh! É... Eduardo? Meu Deus, olha o... Gente, o cavalo tá bugado pra mim, gente. Que isso, cara? O que você fez? Não, tu não tá entendendo. O cavalo pra mim, ele tá... Eu não sei nem explicar como que ele tá. Não, não é nem o... Tô nem... O cavalo fica parado, mas isso aqui. Isso aqui é um bloco... bloco branco. Novo bloco do Minecraft. Extra branco. Vê-lo de pertinho aí, que fica melhor. Não, não! Gente... Eu tô meio susto, Eduardo. Eu tô meio susto, eu mesmo. E olha, eu que explodi, tá? Ih, gente, cadê o cavalo? Morri! Ai, meu Deus do céu. Acontece, isso acontece. Calma, calma, calma. Antes de começar o vídeo, você deixa o seu like. E claro, tem que se inscrever também. Obviamente. E também compartilha o vídeo para um amigo. Assim você vai ajudar a gente a bater 300 mil inscritos. Valeu! Uhul! Galera, hoje tá eu e a Eduardo aqui. E a gente vai testar o mod do Minecraft, que é o mod Time Mod.",0.6828261613845825,0.257655918598175,0.0595178827643394,NEG,0.2437389343976974,0.0029940968379378,0.0301745533943176,0.0048335003666579,0.0253814831376075,0.0021864583250135,0.0111737204715609,0.3308965,Marcelodrv,Minecraft,MINECRAFT porém podemos CONTROLAR o TEMPO [peFnqbdmtBo],,GZ,GZ,GZ,"🎬 Canal: Marcelodrv | 🎥 Vídeo: MINECRAFT porém podemos CONTROLAR o TEMPO [peFnqbdmtBo]
⏱️ Segmento/Index: 0
🤖 Consenso de IA: GZ (Detoxify: 0.244 | Perspective: 0.331)
──────────────────────────────────────────────────
Fala transcrita:
""É o... Eduardo. Eu? É... cuidado aí, minha filha. Meu Deus, sai, sai, sai. Oh! É... Eduardo? Meu Deus, olha o... Gente, o cavalo tá bugado pra mim, gente. Que isso, cara? O que você fez? Não, tu não tá entendendo. O cavalo pra mim, ele tá... Eu não sei nem explicar como que ele tá. Não, não é nem o... Tô nem... O cavalo fica parado, mas isso aqui. Isso aqui é um bloco... bloco branco. Novo bloco do Minecraft. Extra branco. Vê-lo de pertinho aí, que fica melhor. Não, não! Gente... Eu tô meio susto, Eduardo. Eu tô meio susto, eu mesmo. E olha, eu que explodi, tá? Ih, gente, cadê o cavalo? Morri! Ai, meu Deus do céu. Acontece, isso acontece. Calma, calma, calma. Antes de começar o vídeo, você deixa o seu like. E claro, tem que se inscrever também. Obviamente. E também compartilha o vídeo para um amigo. Assim você vai ajudar a gente a bater 300 mil inscritos. Valeu! Uhul! Galera, hoje tá eu e a Eduardo aqui. E a gente vai testar o mod do Minecraft, que é o mod Time Mod.""",Avaliador_A,Avaliador_B
9,"Dão leve Ai, achamos Vai, minguinha Não, mas... Ai, é isso mesmo Vai, minguinha, vai, minguinha Vai, minguinha Vai, Lulu, volta pra lá, Loh Peraí, vamos voltar E eu sei o código de uma porta É 1-2-2 Eu vi também essa placa A porta Ai, não, não, não, não Vai, foge dela Não pode pegar, minguinha Minguinha, tá com a peça Olha, essa bonequinha é tenebrosa Será que ela pode vir pra cá? Acho que não Acho que ela não pega nesse círculo Vem, vem, vem Não, não pega Vai, minguinha, vem, minguinha Eu vou lá naquela porta Que eu acho que lá é um código Alguma coisa assim, mami 1-2-2, mas que porta, Lulu Cuidado, ela tá vindo do seu lado Eu sei, eu tô vendo Vai, minguinha, leva o negocinho lá Gente, desculpa Eu tô brindada aqui, eu tô muito nervosa Será que a minguinha morreu? Não, porque ninguém viu Ai Ela tá vindo atrás de mim, mami? Não, eu tô vendo ela atrás de você Mas encontre quatro códigos, entendeu?",0.1449782848358154,0.810171365737915,0.0448504202067852,NEU,0.0329544916749,0.0056683947332203,0.0460453033447265,0.0061643831431865,0.0384662970900535,0.0022898274473845,0.0033299790229648,0.15711457,Luluca Games,Roblox,Roblox - VIREI UMA MOMMY MALVADA NO ROBLOX Mommy Survival Horror  Luluca Games [j_laNXuUPbY],0.1449781507253646,NT,NT,NT,"🎬 Canal: Luluca Games | 🎥 Vídeo: Roblox - VIREI UMA MOMMY MALVADA NO ROBLOX Mommy Survival Horror  Luluca Games [j_laNXuUPbY]
⏱️ Segmento/Index: 9
🤖 Consenso de IA: NT (Detoxify: 0.033 | Perspective: 0.157)
──────────────────────────────────────────────────
Fala transcrita:
""Dão leve Ai, achamos Vai, minguinha Não, mas... Ai, é isso mesmo Vai, minguinha, vai, minguinha Vai, minguinha Vai, Lulu, volta pra lá, Loh Peraí, vamos voltar E eu sei o código de uma porta É 1-2-2 Eu vi também essa placa A porta Ai, não, não, não, não Vai, foge dela Não pode pegar, minguinha Minguinha, tá com a peça Olha, essa bonequinha é tenebrosa Será que ela pode vir pra cá? Acho que não Acho que ela não pega nesse círculo Vem, vem, vem Não, não pega Vai, minguinha, vem, minguinha Eu vou lá naquela porta Que eu acho que lá é um código Alguma coisa assim, mami 1-2-2, mas que porta, Lulu Cuidado, ela tá vindo do seu lado Eu sei, eu tô vendo Vai, minguinha, leva o negocinho lá Gente, desculpa Eu tô brindada aqui, eu tô muito nervosa Será que a minguinha morreu? Não, porque ninguém viu Ai Ela tá vindo atrás de mim, mami? Não, eu tô vendo ela atrás de você Mas encontre quatro códigos, entendeu?""",Avaliador_A,Avaliador_B
16,"Mano Que isso, velho Sai, velho Vem cá, Pedro, vem cá, Pedro Aí, galera Vamos lá, mano, vamos lá Vamos lá Vamos lá Vamos lá Ai, velho, o cara tá perguntando o que eu tô fazendo Mas eu tô jogando, mano, desculpa, eu não te dei vácuo Eita, velho, o Pedro... Ah, mano, o meu jogo sumiu, Pedro, velho Não gostei, mano, não gostei Ah, que delícia Ah Oxe Olha o verde fazendo... Você caiu Ó, ó Pera, pera, vamos conversar Ah, que que foi, mano? Vamos conversar, se isso não gosta de sua mão Mano, nossa Ah, o cara me deu dois hits e acabou com a minha vida, velho Pera Jere, eu tô indo pro verde Te encontro lá Que que é, Shears? Tesoura? Nossa, meu Deus, seu...",0.3717344105243683,0.3212175071239471,0.3070480823516845,NEG,0.0838090702891349,0.0018406922463327,0.0248771589249372,0.002038334030658,0.0245209764689207,0.0015344942221418,0.0058150896802544,0.015393426,Geleia,Minecraft,eu coloquei BARREIRA INVISÍVEL no minecraft bedwars... [x5Oq2cHdeLM],,NT,NT,NT,"🎬 Canal: Geleia | 🎥 Vídeo: eu coloquei BARREIRA INVISÍVEL no minecraft bedwars... [x5Oq2cHdeLM]
⏱️ Segmento/Index: 16
🤖 Consenso de IA: NT (Detoxify: 0.084 | Perspective: 0.015)
──────────────────────────────────────────────────
Fala transcrita:
""Mano Que isso, velho Sai, velho Vem cá, Pedro, vem cá, Pedro Aí, galera Vamos lá, mano, vamos lá Vamos lá Vamos lá Vamos lá Ai, velho, o cara tá perguntando o que eu tô fazendo Mas eu tô jogando, mano, desculpa, eu não te dei vácuo Eita, velho, o Pedro... Ah, mano, o meu jogo sumiu, Pedro, velho Não gostei, mano, não gostei Ah, que delícia Ah Oxe Olha o verde fazendo... Você caiu Ó, ó Pera, pera, vamos conversar Ah, que que foi, mano? Vamos conversar, se isso não gosta de sua mão Mano, nossa Ah, o cara me deu dois hits e acabou com a minha vida, velho Pera Jere, eu tô indo pro verde Te encontro lá Que que é, Shears? Tesoura? Nossa, meu Deus, seu...""",Avaliador_A,Avaliador_B
12,"Aí o cachorrinho tá meio bravo comigo Se vocês tem alguma ideia de nome pro cachorrinho, diga aí nos comentários Antes que o cachorrinho me morta Oi Pilatier, eu não sou um convidado nessa casa Eu não tô sendo muito bem recebido Sai Pilatier, toma, matei, matei ele Ah, é assim, é assim vocês vão ficar todos me atacando Então eu tenho outra solução, eu vou comer isso aqui Coma minha posta avançada dos Pilatiers Nossa, e tem três Pilatiers me atacando Ai, ai, ai, ai, ai, corre pra cá Porque vejam o que eu ganhei Eu tenho a torre deles aqui e essa que eu vou comer pra ganhar o maior recompensa Eu preciso correr Vai embora, vai embora Nossa, é muita gente me perseguindo Eles não param de me perseguir e tem zumbis de todos os lados Eu acho que a única opção que eu tenho é ir pro Nether Vamos tentar fazer um portal pro Nether rapidão Pra cá, ai, eles me acertaram, me acertaram Não, não, não, não, não, eu queria tanto completar esse portal, corre Tem uma maçã dourada que eu ganhei, eu posso comer ela pra recuperar um pouco minha vida Ela já me deu mais alguns corações e agora eu completei o portal Vou ligar ele, tem muita gente, tem muita gente me atacando Ai, ai, ai, ai, ai, eu zumbi, pilatiers é todo mundo Aqui, entra no portal, eu consegui, eu cheguei no Nether Agora escapei deles, já vou fazer a boa e comer esse portal Pronto, tá na minha mão o portal, vou só comer ele e... Eu ganhei um tanque de oxigênio Eu já ganhei um foguete e já ganhei um tanque de oxigênio Será que é pra ir pro espaço e comer a terra?",0.391673743724823,0.5292907357215881,0.0790355056524276,NEU,0.6169032454490662,0.0123375467956066,0.0525628365576267,0.0059075141325592,0.0459405146539211,0.0231106560677289,0.0118821365758776,0.3127066,Athos,Minecraft,Minecraft mas pode COMER ESTRUTURAS [vCqN1XrYKps],,GZ,GZ,GZ,"🎬 Canal: Athos | 🎥 Vídeo: Minecraft mas pode COMER ESTRUTURAS [vCqN1XrYKps]
⏱️ Segmento/Index: 12
🤖 Consenso de IA: GZ (Detoxify: 0.617 | Perspective: 0.313)
──────────────────────────────────────────────────
Fala transcrita:
""Aí o cachorrinho tá meio bravo comigo Se vocês tem alguma ideia de nome pro cachorrinho, diga aí nos comentários Antes que o cachorrinho me morta Oi Pilatier, eu não sou um convidado nessa casa Eu não tô sendo muito bem recebido Sai Pilatier, toma, matei, matei ele Ah, é assim, é assim vocês vão ficar todos me atacando Então eu tenho outra solução, eu vou comer isso aqui Coma minha posta avançada dos Pilatiers Nossa, e tem três Pilatiers me atacando Ai, ai, ai, ai, ai, corre pra cá Porque vejam o que eu ganhei Eu tenho a torre deles aqui e essa que eu vou comer pra ganhar o maior recompensa Eu preciso correr Vai embora, vai embora Nossa, é muita gente me perseguindo Eles não param de me perseguir e tem zumbis de todos os lados Eu acho que a única opção que eu tenho é ir pro Nether Vamos tentar fazer um portal pro Nether rapidão Pra cá, ai, eles me acertaram, me acertaram Não, não, não, não, não, eu queria tanto completar esse portal, corre Tem uma maçã dourada que eu ganhei, eu posso comer ela pra recuperar um pouco minha vida Ela já me deu mais alguns corações e agora eu completei o portal Vou ligar ele, tem muita gente, tem muita gente me atacando Ai, ai, ai, ai, ai, eu zumbi, pilatiers é todo mundo Aqui, entra no portal, eu consegui, eu cheguei no Nether Agora escapei deles, já vou fazer a boa e comer esse portal Pronto, tá na minha mão o portal, vou só comer ele e... Eu ganhei um tanque de oxigênio Eu já ganhei um foguete e já ganhei um tanque de oxigênio Será que é pra ir pro espaço e comer a terra?""",Avaliador_A,Avaliador_B
18,"É que eu não sei se vale a pena chegar ali, porque a gente vai coisar os negócios, mano. É uma danada, velho. Eles não vão bater na gente? Ó. Não, bater eles vão, mas não vão dar muito dano. Então, sai... Ah, matei tão de uma vez só. Que? Tá, velho. Aí a gente tem que encontrar todo o ouro deles. Tem coisinha de Netherite aí. Pega aí pra gente, Robin. Exato. Tá, pega essas flechas também. Será que tem arco largo? Calma. Robin, a gente tem que achar todo o ouro desse negócio, velho. Tá bom, certo. Vou fazer isso. Porque a gente precisa de muito ouro pra fazer uma maçã dourada pra cada um. Uou. Larga. É, velho. Ah, eu acho que o Sebastião é aquele que não tem muito ouro, velho. É, pequenininho. Eu só caí de uma altura muito gigantesca e ele me deu dois coraçãozinhos de dano. É, velho. Muito opa esse aqui, mano. As coisas largas são boas. Aqui onde eu moro, o povo fala que quem é sortudo é largo, mano. É mais estranho. É largo. Ah, tu é largo. Ah, não sei o que lá é largo. Quem ganha um sorteio. Aí a gente é largo aqui, ó, pra ver. Ganha o sorteio. Sim.",0.1681350916624069,0.7552040815353394,0.0766608417034149,NEU,0.5697946548461914,0.0032385974191129,0.4091066420078277,0.001290559885092,0.0812204629182815,0.0135388849303126,0.0039728847332298,0.35186127,Geleia,Minecraft,minecraft mas posso criar SUPER FERRAMENTAS ESTICADAS... [sxEw5hsbfpQ],,GZ,GZ,GZ,"🎬 Canal: Geleia | 🎥 Vídeo: minecraft mas posso criar SUPER FERRAMENTAS ESTICADAS... [sxEw5hsbfpQ]
⏱️ Segmento/Index: 18
🤖 Consenso de IA: GZ (Detoxify: 0.57 | Perspective: 0.352)
──────────────────────────────────────────────────
Fala transcrita:
""É que eu não sei se vale a pena chegar ali, porque a gente vai coisar os negócios, mano. É uma danada, velho. Eles não vão bater na gente? Ó. Não, bater eles vão, mas não vão dar muito dano. Então, sai... Ah, matei tão de uma vez só. Que? Tá, velho. Aí a gente tem que encontrar todo o ouro deles. Tem coisinha de Netherite aí. Pega aí pra gente, Robin. Exato. Tá, pega essas flechas também. Será que tem arco largo? Calma. Robin, a gente tem que achar todo o ouro desse negócio, velho. Tá bom, certo. Vou fazer isso. Porque a gente precisa de muito ouro pra fazer uma maçã dourada pra cada um. Uou. Larga. É, velho. Ah, eu acho que o Sebastião é aquele que não tem muito ouro, velho. É, pequenininho. Eu só caí de uma altura muito gigantesca e ele me deu dois coraçãozinhos de dano. É, velho. Muito opa esse aqui, mano. As coisas largas são boas. Aqui onde eu moro, o povo fala que quem é sortudo é largo, mano. É mais estranho. É largo. Ah, tu é largo. Ah, não sei o que lá é largo. Quem ganha um sorteio. Aí a gente é largo aqui, ó, pra ver. Ganha o sorteio. Sim.""",Avaliador_A,Avaliador_B
2,"Sabe o que é mais engraçado? Não. Eu não acredito em você, Marcelo. Ai, Eduarda! Galera, por enquanto, Eduarda, tu tá muito fria, fí. Eu não tô nem te vendo. Tu não tá nem me vendo, então, né? Então tá bom. Não, não tô te vendo. Agora talvez eu esteja te vendo. Calma aí... Tomou um susto aí, fí? Tem uma cabeça aqui do homem aqui, fí. Eduarda, tá muito fácil, garota! Cadê você? Não sei, tô achando um buraco aqui meio escondido aqui que tu não tá aqui, não. Nem a Eduarda sabe onde ela tá, galera. Vocês estão entendendo isso. Isso é muito grave. Tá difícil, hein? Ai, ai... Olha lá a arma de fogo dela, galera. Arma de fogo da Eduarda. Tá esquisito, enarigudo. Ô, não bate nos village não. Eles são legais, Eduarda, não bate nem o village não, pelo amor de Deus. Que isso... E foi, Eduarda, o que tá acontecendo com esse village aí que tu tá olhando? Sei lá, tá rosa, olhando pra minha cara. Ó, ó... Essa cena tá engraçada. Que isso? Tadinho dele, garota. É daqui, hein? Meu Deus, galera, a Eduarda é maluca da cabeça.",0.2174646407365799,0.5234974026679993,0.2590379416942596,NEU,0.2600823044776916,0.0006647728732787,0.0317768901586532,0.0014151582727208,0.0768406391143798,0.0009583932114765,0.0070494650863111,0.25915736,Marcelodrv,Minecraft,Virei AR no Esconde-Esconde para Trapacear [dT4RUQ94V1c],,GZ,GZ,GZ,"🎬 Canal: Marcelodrv | 🎥 Vídeo: Virei AR no Esconde-Esconde para Trapacear [dT4RUQ94V1c]
⏱️ Segmento/Index: 2
🤖 Consenso de IA: GZ (Detoxify: 0.26 | Perspective: 0.259)
──────────────────────────────────────────────────
Fala transcrita:
""Sabe o que é mais engraçado? Não. Eu não acredito em você, Marcelo. Ai, Eduarda! Galera, por enquanto, Eduarda, tu tá muito fria, fí. Eu não tô nem te vendo. Tu não tá nem me vendo, então, né? Então tá bom. Não, não tô te vendo. Agora talvez eu esteja te vendo. Calma aí... Tomou um susto aí, fí? Tem uma cabeça aqui do homem aqui, fí. Eduarda, tá muito fácil, garota! Cadê você? Não sei, tô achando um buraco aqui meio escondido aqui que tu não tá aqui, não. Nem a Eduarda sabe onde ela tá, galera. Vocês estão entendendo isso. Isso é muito grave. Tá difícil, hein? Ai, ai... Olha lá a arma de fogo dela, galera. Arma de fogo da Eduarda. Tá esquisito, enarigudo. Ô, não bate nos village não. Eles são legais, Eduarda, não bate nem o village não, pelo amor de Deus. Que isso... E foi, Eduarda, o que tá acontecendo com esse village aí que tu tá olhando? Sei lá, tá rosa, olhando pra minha cara. Ó, ó... Essa cena tá engraçada. Que isso? Tadinho dele, garota. É daqui, hein? Meu Deus, galera, a Eduarda é maluca da cabeça.""",Avaliador_A,Avaliador_B
4,"Eu tô com dois corações Nossa, só fui por pouco, eu fiquei com meio, coração Ai, agora eu não posso cair nenhuma vez Mas vamos lá, pula, pula Eu acho que eu já tô na metade É só fazer esses últimos pulos Ah, é aqui que começa a prisão e eu acho que eu tenho que começar quebrando essas grades Por que tem um bloco de comando ali? Quebra, quebra, quebra, quebra, quebra Aí quebrou e vamos quebrar esse aqui debaixo também Nossa, só aqui eu já perdi mais tempo que ele vai demorar pra passar o meu Beleza, aqui que é esse bloco de comando Não faço a menor ideia, mas eu apertei Vamos pular pra cá e pra cá Ai, quase que eu... Não, não, cai na lava Eu caí na lava Vamos tudo de novo e agora eu vi que tinha um funil ali em cima Eu podia até pegar o botão daquele funil Eu não precisava quebrar nada Ai, não, não, eu caí na lava de novo Vamos lá, tô bem no final E parece que o Atus morreu e ele vai ter que voltar desde o começo Agora a gente deve estar na frente dele Vamos lá, último pulo, boa E enquanto isso o Atus tá morrendo sem parar Vamos lá, tem um alçapão aqui na frente O que que eu tenho que fazer com esse alçapão? Olha, tem um buraco ali embaixo Mas pera, eu tô com o meu coração, se eu cair ali eu vou morrer Ah, mas eu vou tentar mesmo assim Pula...",0.3379772007465362,0.5883565545082092,0.0736662447452545,NEU,0.3332246243953705,0.0087902154773473,0.0508956313133239,0.0040625408291816,0.0409000180661678,0.0177457462996244,0.0050474470481276,0.24924077,Cadres,Minecraft,Prisão Segura de NOOB Vs PRO no Minecraft [d-t7vowmM58],,GZ,GZ,GZ,"🎬 Canal: Cadres | 🎥 Vídeo: Prisão Segura de NOOB Vs PRO no Minecraft [d-t7vowmM58]
⏱️ Segmento/Index: 4
🤖 Consenso de IA: GZ (Detoxify: 0.333 | Perspective: 0.249)
──────────────────────────────────────────────────
Fala transcrita:
""Eu tô com dois corações Nossa, só fui por pouco, eu fiquei com meio, coração Ai, agora eu não posso cair nenhuma vez Mas vamos lá, pula, pula Eu acho que eu já tô na metade É só fazer esses últimos pulos Ah, é aqui que começa a prisão e eu acho que eu tenho que começar quebrando essas grades Por que tem um bloco de comando ali? Quebra, quebra, quebra, quebra, quebra Aí quebrou e vamos quebrar esse aqui debaixo também Nossa, só aqui eu já perdi mais tempo que ele vai demorar pra passar o meu Beleza, aqui que é esse bloco de comando Não faço a menor ideia, mas eu apertei Vamos pular pra cá e pra cá Ai, quase que eu... Não, não, cai na lava Eu caí na lava Vamos tudo de novo e agora eu vi que tinha um funil ali em cima Eu podia até pegar o botão daquele funil Eu não precisava quebrar nada Ai, não, não, eu caí na lava de novo Vamos lá, tô bem no final E parece que o Atus morreu e ele vai ter que voltar desde o começo Agora a gente deve estar na frente dele Vamos lá, último pulo, boa E enquanto isso o Atus tá morrendo sem parar Vamos lá, tem um alçapão aqui na frente O que que eu tenho que fazer com esse alçapão? Olha, tem um buraco ali embaixo Mas pera, eu tô com o meu coração, se eu cair ali eu vou morrer Ah, mas eu vou tentar mesmo assim Pula...""",Avaliador_A,Avaliador_B
1,"É verdade, e, Geler, o cara é brabo mesmo, mano, o cara corre e faz parkour, não, esse cara que faz tudo, galera É realmente o melhor jogador de Minecraft do mundo Exato, mano, então gente, se você quer ver isso deixa muito like aí embaixo, se inscreve no canal, ativa as notificações e passa no canal do Guizão que tá aí na descrição Então, bora lá, mano Vamos lá, vamos começar o negócio aqui Beleza, Guizão, bora começar aqui, mano, pegando um pouco de madeira, velho, a gente tem que zerar esse jogo aqui Mano, a gente tem que zerar o mais rápido possível e seguinte, mano, daqui a pouco o Dream chega Galera, olha só quem tá logo aqui no mapa, mano, tá o Guizão, o Geleão e o Dream, a qualquer momento ele pode chegar aqui e vai começar a perseguir a gente E, velho, ele é muito... a gente já tentou gravar isso aqui, só que assim, a gente não pode morrer e a gente morreu, então a gente tá aí gravando E é muito difícil, mano Não, e ainda bem que o Dream topou participar, né, velho? É, velho, claro Ó mano, o Geleão, fica ligado aqui, o Nick dele pode aparecer qualquer momento por perto, mano É, velho, vamos fazer o seguinte, eu vou vir aqui, descer aqui no lugar mais baixo e vou fazer uma picareta uns negócios Mano, a gente tem que pelo menos ter algumas coisas antes dele aparecer, mano, um escudo, tá ligado? Porque ele é muito forte, mano, ele é muito forte, ele quebra bloco, ele faz tudo, mano Só que escudo, mano, o cara tem que ter ferro, né, velho, até agora não encontrei nenhum É, não, não, velho, isso é meio difícil, mas relaxa, relaxa Eu gosto de estar fazendo as ferramentas aqui de madeira mesmo, eu sei que odeio madeira, só que esse vídeo vai ter que ser de madeira mesmo, né, bosta?",0.0177876763045787,0.2192105203866958,0.7630017995834351,POS,0.3339667618274688,0.0091080060228705,0.053300991654396,0.006575611885637,0.0492097325623035,0.0052504818886518,0.0141885904595255,0.24924077,Geleia,Minecraft,minecraft mas o DREAM NOS PERSEGUE  Impossível zerar [y8dxpAoj0YE],,GZ,GZ,GZ,"🎬 Canal: Geleia | 🎥 Vídeo: minecraft mas o DREAM NOS PERSEGUE  Impossível zerar [y8dxpAoj0YE]
⏱️ Segmento/Index: 1
🤖 Consenso de IA: GZ (Detoxify: 0.334 | Perspective: 0.249)
──────────────────────────────────────────────────
Fala transcrita:
""É verdade, e, Geler, o cara é brabo mesmo, mano, o cara corre e faz parkour, não, esse cara que faz tudo, galera É realmente o melhor jogador de Minecraft do mundo Exato, mano, então gente, se você quer ver isso deixa muito like aí embaixo, se inscreve no canal, ativa as notificações e passa no canal do Guizão que tá aí na descrição Então, bora lá, mano Vamos lá, vamos começar o negócio aqui Beleza, Guizão, bora começar aqui, mano, pegando um pouco de madeira, velho, a gente tem que zerar esse jogo aqui Mano, a gente tem que zerar o mais rápido possível e seguinte, mano, daqui a pouco o Dream chega Galera, olha só quem tá logo aqui no mapa, mano, tá o Guizão, o Geleão e o Dream, a qualquer momento ele pode chegar aqui e vai começar a perseguir a gente E, velho, ele é muito... a gente já tentou gravar isso aqui, só que assim, a gente não pode morrer e a gente morreu, então a gente tá aí gravando E é muito difícil, mano Não, e ainda bem que o Dream topou participar, né, velho? É, velho, claro Ó mano, o Geleão, fica ligado aqui, o Nick dele pode aparecer qualquer momento por perto, mano É, velho, vamos fazer o seguinte, eu vou vir aqui, descer aqui no lugar mais baixo e vou fazer uma picareta uns negócios Mano, a gente tem que pelo menos ter algumas coisas antes dele aparecer, mano, um escudo, tá ligado? Porque ele é muito forte, mano, ele é muito forte, ele quebra bloco, ele faz tudo, mano Só que escudo, mano, o cara tem que ter ferro, né, velho, até agora não encontrei nenhum É, não, não, velho, isso é meio difícil, mas relaxa, relaxa Eu gosto de estar fazendo as ferramentas aqui de madeira mesmo, eu sei que odeio madeira, só que esse vídeo vai ter que ser de madeira mesmo, né, bosta?""",Avaliador_A,Avaliador_B
6,"Na padinha, eu tenho porra da padinha! Não, não, não! Na padinha, para! Para a padinha! Não, não, não! Para a padinha! Não, não, não! Brrrr! Brrrr! Aaaaaaah! A padinha me jogou! Não, já sei! Eu sei como que passa! Para passar, tem que pegar impulso! Assim! Pá, pá! Não vai, essa hora tudo vai! Turbina! Hummm! Hummm! Hummm! Aaaaaah! Brrrr! Whee! Viu? Turbina! Ah! Uau! Whee! Aaaaaah! Cuidado! Ah não! Agora a gente vai ter que ir de macharrê! Eu vou! Vocês sabem o barulho do carro de macharrê?",0.3014594912528991,0.6154135465621948,0.083126962184906,NEU,0.932659924030304,0.0104639595374464,0.1488506644964218,0.0051338453777134,0.0493760928511619,0.007232517004013,0.06925780326128,0.4269174,Lokis,Roblox,ESTRADINHA DO GIGANTE AMARELO  Roblox [Q8Drd68l0sA],,T,T,T,"🎬 Canal: Lokis | 🎥 Vídeo: ESTRADINHA DO GIGANTE AMARELO  Roblox [Q8Drd68l0sA]
⏱️ Segmento/Index: 6
🤖 Consenso de IA: T (Detoxify: 0.933 | Perspective: 0.427)
──────────────────────────────────────────────────
Fala transcrita:
""Na padinha, eu tenho porra da padinha! Não, não, não! Na padinha, para! Para a padinha! Não, não, não! Para a padinha! Não, não, não! Brrrr! Brrrr! Aaaaaaah! A padinha me jogou! Não, já sei! Eu sei como que passa! Para passar, tem que pegar impulso! Assim! Pá, pá! Não vai, essa hora tudo vai! Turbina! Hummm! Hummm! Hummm! Aaaaaah! Brrrr! Whee! Viu? Turbina! Ah! Uau! Whee! Aaaaaah! Cuidado! Ah não! Agora a gente vai ter que ir de macharrê! Eu vou! Vocês sabem o barulho do carro de macharrê?""",Avaliador_A,Avaliador_B
2,"Cada um pro lado. Sabe o que eu acho? Que a gente não deve fazer as coisas aqui em cima, velho. Vamos, tipo, esperar dar a primeira... vamos pegar muita madeira. Um real. E aí quando der a primeira vez a gente desce e faz tudo lá embaixo, tá ligado? Já peguei a crafting table aqui. Mult, você é muito inteligente, parabéns. Acabou de criar ideia do século. A gente tem que pensar por aqui. Nossa, o Cacá já me falou isso duas vezes hoje. Está vendo, é? É porque hoje está muito inteligente. É igual o Caher, eu falo que o Caher é muito bom em matemática. Olha, 7 segundos, bora, gente. Bora, bora, bora, bora, bora, bora, bora. Vamos, juntos, juntos, juntos, juntos. Só desce, só desce, só desce, só desce. Vai, vai, vai, vai, vai. 2, 3, 0. Vai. Aqui, eu já juntei uma aqui e achei ferro, galera. Já estou tendo ferro. Achei aqui, achei aqui. Ah, dá pra descer mais. Aqui, Boto, aqui. Ah, dá pra descer. Aqui tem ferro aqui, vou ficar aqui. Ravina, ravina, ravina. Já encontrei ouro, velho. Nossa, muito bom. Eu estou vendo o seu nome. Boa, eu estou logo aqui embaixo.",0.1274371296167373,0.5207274556159973,0.3518353700637817,NEU,0.0040227705612778,0.0003512995899654,0.0064755138009786,0.0002078918041661,0.0067340661771595,0.0004254609229974,0.0005071954801678,0.17285149,Kass e KR,Minecraft,MINECRAFT MAS A CADA 1 MINUTO VIRAMOS FANTASMA Part. MultiGirlBR [uflArzdDXPg],,NT,NT,NT,"🎬 Canal: Kass e KR | 🎥 Vídeo: MINECRAFT MAS A CADA 1 MINUTO VIRAMOS FANTASMA Part. MultiGirlBR [uflArzdDXPg]
⏱️ Segmento/Index: 2
🤖 Consenso de IA: NT (Detoxify: 0.004 | Perspective: 0.173)
──────────────────────────────────────────────────
Fala transcrita:
""Cada um pro lado. Sabe o que eu acho? Que a gente não deve fazer as coisas aqui em cima, velho. Vamos, tipo, esperar dar a primeira... vamos pegar muita madeira. Um real. E aí quando der a primeira vez a gente desce e faz tudo lá embaixo, tá ligado? Já peguei a crafting table aqui. Mult, você é muito inteligente, parabéns. Acabou de criar ideia do século. A gente tem que pensar por aqui. Nossa, o Cacá já me falou isso duas vezes hoje. Está vendo, é? É porque hoje está muito inteligente. É igual o Caher, eu falo que o Caher é muito bom em matemática. Olha, 7 segundos, bora, gente. Bora, bora, bora, bora, bora, bora, bora. Vamos, juntos, juntos, juntos, juntos. Só desce, só desce, só desce, só desce. Vai, vai, vai, vai, vai. 2, 3, 0. Vai. Aqui, eu já juntei uma aqui e achei ferro, galera. Já estou tendo ferro. Achei aqui, achei aqui. Ah, dá pra descer mais. Aqui, Boto, aqui. Ah, dá pra descer. Aqui tem ferro aqui, vou ficar aqui. Ravina, ravina, ravina. Já encontrei ouro, velho. Nossa, muito bom. Eu estou vendo o seu nome. Boa, eu estou logo aqui embaixo.""",Avaliador_A,Avaliador_B
44,"Vamos tentar, vamos subir lá pra gente ver se a gente consegue finalizar isso daqui. Ai, mano, eu tô tomando uma coça. Aí galera, conseguimos fazer o nosso telhado! Eba! Mano, tá difícil a nossa situação, hein. Mano, tá muito difícil, cara. O que que é isso, moço? Bom, eu tô passando a fazer o seguinte, como vocês podem ver, faltou esse pedacinho aqui e lá na frente também. E a gente não vai ter bloco vermelho pra preencher essa parte de cima todinha aqui. Então eu acho que eu vou colocar esse bloquinho azul, mano. Não sei, deixa eu quebrar aqui esse pedaço e ver qual que vai ficar mais legal, né. Assim, desse jeito assim, acho que pode ficar bem interessante. Vou fazer isso lá do outro lado também. E alá galera, a casinha do KR até que tá ficando bonitinha, mano. Só que assim, tá uma mistura de cores que eu vou te contar, hein. Que casa esquisita. E agora aqui eu vou pôr uma TV de verdade e um hack de verdade. Olha só o hackzinho bem bonitinho e uma TV que eu vou te contar, hein. Belezinha, belezinha. Olha só isso, mano. Aqui fora eu não vou mexer não, galera. Até que eu gostei. Olha só, tem uma piscininha aqui, mano.",0.6565659046173096,0.3038975894451141,0.0395364314317703,NEG,0.3193581402301788,0.0066249133087694,0.0560935549437999,0.0045110001228749,0.0340796746313571,0.0049951528199017,0.0217587798833847,0.25462922,Kass e KR,Minecraft,100 CONTRUÇÕES de NOOB vs. PRO vs. HACKER em 24 horas no Minecraft [wZa0YUasGy4],,GZ,GZ,GZ,"🎬 Canal: Kass e KR | 🎥 Vídeo: 100 CONTRUÇÕES de NOOB vs. PRO vs. HACKER em 24 horas no Minecraft [wZa0YUasGy4]
⏱️ Segmento/Index: 44
🤖 Consenso de IA: GZ (Detoxify: 0.319 | Perspective: 0.255)
──────────────────────────────────────────────────
Fala transcrita:
""Vamos tentar, vamos subir lá pra gente ver se a gente consegue finalizar isso daqui. Ai, mano, eu tô tomando uma coça. Aí galera, conseguimos fazer o nosso telhado! Eba! Mano, tá difícil a nossa situação, hein. Mano, tá muito difícil, cara. O que que é isso, moço? Bom, eu tô passando a fazer o seguinte, como vocês podem ver, faltou esse pedacinho aqui e lá na frente também. E a gente não vai ter bloco vermelho pra preencher essa parte de cima todinha aqui. Então eu acho que eu vou colocar esse bloquinho azul, mano. Não sei, deixa eu quebrar aqui esse pedaço e ver qual que vai ficar mais legal, né. Assim, desse jeito assim, acho que pode ficar bem interessante. Vou fazer isso lá do outro lado também. E alá galera, a casinha do KR até que tá ficando bonitinha, mano. Só que assim, tá uma mistura de cores que eu vou te contar, hein. Que casa esquisita. E agora aqui eu vou pôr uma TV de verdade e um hack de verdade. Olha só o hackzinho bem bonitinho e uma TV que eu vou te contar, hein. Belezinha, belezinha. Olha só isso, mano. Aqui fora eu não vou mexer não, galera. Até que eu gostei. Olha só, tem uma piscininha aqui, mano.""",Avaliador_A,Avaliador_B
22,"Pra cá, boa Agora aqui, não Você é um Axolot com super poderes, é isso? Ih, beleza, agora é só acabar com ele Vamos lá Só falta acabar com o dragão? Só falta acabar com ele Ah, não, olha, tem mais um ali do outro lado Mas eu não consigo descer da torre, McFly Eu não consigo descer da torre Não consegue, o problema é seu, então assiste de platé Aqui, fecha Eu tô de platé aqui assistindo McFly Tentando derrotar o Ender Dragon O Axolot voador Boa Ai, não, não, o dragão me acertou aqui Olha, o dragão não dá Assim não dá, pessoal, o McFly estragou a gente Falta uma torre, falta uma torre aqui Pronto, agora sim Gente, vocês viram que maluquice é essa, né? O que aconteceu, né? McFly, segundo McFly, ele tá com super poderes chamado Criativo, né, McFly? Será que o McFly conseguiu derrotar o Ender Dragon, pessoal? Olha isso, eu tô cercado aqui por poderes do Ender Dragon Beleza, vamos ver a situação da batalha ali embaixo, pessoal Olha o Axolot perseguindo o Ender Dragon, né?",0.3900502622127533,0.5332589745521545,0.0766907706856727,NEU,0.2151557356119156,0.009288833476603,0.050879992544651,0.0055795866064727,0.0492120943963527,0.0082926647737622,0.0054154358804225,0.2853768,JP Plays,Minecraft,VIDA DE AXOLOTE POR 1 DIA NO MINECRAFT [SdYx2uBeBj0],,GZ,GZ,GZ,"🎬 Canal: JP Plays | 🎥 Vídeo: VIDA DE AXOLOTE POR 1 DIA NO MINECRAFT [SdYx2uBeBj0]
⏱️ Segmento/Index: 22
🤖 Consenso de IA: GZ (Detoxify: 0.215 | Perspective: 0.285)
──────────────────────────────────────────────────
Fala transcrita:
""Pra cá, boa Agora aqui, não Você é um Axolot com super poderes, é isso? Ih, beleza, agora é só acabar com ele Vamos lá Só falta acabar com o dragão? Só falta acabar com ele Ah, não, olha, tem mais um ali do outro lado Mas eu não consigo descer da torre, McFly Eu não consigo descer da torre Não consegue, o problema é seu, então assiste de platé Aqui, fecha Eu tô de platé aqui assistindo McFly Tentando derrotar o Ender Dragon O Axolot voador Boa Ai, não, não, o dragão me acertou aqui Olha, o dragão não dá Assim não dá, pessoal, o McFly estragou a gente Falta uma torre, falta uma torre aqui Pronto, agora sim Gente, vocês viram que maluquice é essa, né? O que aconteceu, né? McFly, segundo McFly, ele tá com super poderes chamado Criativo, né, McFly? Será que o McFly conseguiu derrotar o Ender Dragon, pessoal? Olha isso, eu tô cercado aqui por poderes do Ender Dragon Beleza, vamos ver a situação da batalha ali embaixo, pessoal Olha o Axolot perseguindo o Ender Dragon, né?""",Avaliador_A,Avaliador_B
2,"Estou preparada, gente, vamos ver o que que vai acontecer Então, ó, estamos aqui, ó, tá ativado Mames, então, tá aqui, ó O que você prefere é lutar contra 20 pequenininhos Ravagers Ah, não é aquele... Aquele tipo um búfalo do Minecraft? A gente ainda não viu ele na nossa série, por exemplo É, pessoal Eu acho que é ele E daí aqui, ou é pra lutar contra uma bruxa, se você quer um boss Uma bruxa, ah, eu quero uns pequenininhos Ah, eu também quero uns pequenininhos, gente Não é que está tão difícil, né? Acho que não, né? Acho que não, né, galera? Então, ó, bora lá e vê o que que você tem Tá, gente, tem uma areia Tchututá, tchututá Ah Tchututá Ah Que pequenininho Ah, que bonitinho, só que não, corre Ah, corre Bate, bate, bate Ah, tem que matar, tem que matar, gente, calma Meu Deus, eles são muitos Eles são rápidos, né? Tá, tá, tá, tá, tá, tá Meu Deus Será que eles são grandes, né, no Mine?",0.0582363978028297,0.8844795823097229,0.0572839714586734,NEU,0.7402130365371704,0.004488930106163,0.0426036305725574,0.0022144534159451,0.0672806799411773,0.0832621827721595,0.0081206327304244,0.37751234,Julia MineGirl,Roblox,QUAL VOCÊ PREFERE LUTAR NO MINECRAFT [rjD8XLEM9pQ],,GZ,GZ,GZ,"🎬 Canal: Julia MineGirl | 🎥 Vídeo: QUAL VOCÊ PREFERE LUTAR NO MINECRAFT [rjD8XLEM9pQ]
⏱️ Segmento/Index: 2
🤖 Consenso de IA: GZ (Detoxify: 0.74 | Perspective: 0.378)
──────────────────────────────────────────────────
Fala transcrita:
""Estou preparada, gente, vamos ver o que que vai acontecer Então, ó, estamos aqui, ó, tá ativado Mames, então, tá aqui, ó O que você prefere é lutar contra 20 pequenininhos Ravagers Ah, não é aquele... Aquele tipo um búfalo do Minecraft? A gente ainda não viu ele na nossa série, por exemplo É, pessoal Eu acho que é ele E daí aqui, ou é pra lutar contra uma bruxa, se você quer um boss Uma bruxa, ah, eu quero uns pequenininhos Ah, eu também quero uns pequenininhos, gente Não é que está tão difícil, né? Acho que não, né? Acho que não, né, galera? Então, ó, bora lá e vê o que que você tem Tá, gente, tem uma areia Tchututá, tchututá Ah Tchututá Ah Que pequenininho Ah, que bonitinho, só que não, corre Ah, corre Bate, bate, bate Ah, tem que matar, tem que matar, gente, calma Meu Deus, eles são muitos Eles são rápidos, né? Tá, tá, tá, tá, tá, tá Meu Deus Será que eles são grandes, né, no Mine?""",Avaliador_A,Avaliador_B
21,"Hã? É, armadura contra explosões, no caso. Achei! Achei! Achei, achei, achei! Boa! Acou o spawn point? Muito obrigado por lembrar, Jaleia. Você é um grande amigo, amigo. Eu sou um grande amigo. Além de ser roubado, eu ainda faço a boa. Vamos embora, dragão. Muito obrigado, Jaleia. Por favor, dragão. Por favor, dragão. Morre fazendo favor. Morre nada enquanto eu estou chegando. Cadê, cadê, cadê? Morre nada enquanto eu estou chegando, dragão. É meu, é meu, é meu! É meu! Eu disse! Honesto, honestidade sempre ganha, Robby. Não! Eu vou te matar também. Cadê você? Não vai, não vai. Ah, velho! Botou um hitzinho, eu vi que eu estava na frente dele, você acertou, eu vi você acertando. Ah, que triste. Mano, se você gostou desse vídeo, não esquece de se inscrever no meu canal, se inscreva no Robby também, beijando para o próximo vídeo e tchau, tchau!",0.0662052407860755,0.3391870260238647,0.5946077108383179,POS,0.6331356167793274,0.005049159284681,0.0384415797889232,0.0027400413528084,0.0649517998099327,0.1487635523080825,0.0057472977787256,0.3250515,Geleia,Minecraft,Minecraft se os MOBS dropassem CRIATIVO... [RoTLiVtm-hQ],,GZ,GZ,GZ,"🎬 Canal: Geleia | 🎥 Vídeo: Minecraft se os MOBS dropassem CRIATIVO... [RoTLiVtm-hQ]
⏱️ Segmento/Index: 21
🤖 Consenso de IA: GZ (Detoxify: 0.633 | Perspective: 0.325)
──────────────────────────────────────────────────
Fala transcrita:
""Hã? É, armadura contra explosões, no caso. Achei! Achei! Achei, achei, achei! Boa! Acou o spawn point? Muito obrigado por lembrar, Jaleia. Você é um grande amigo, amigo. Eu sou um grande amigo. Além de ser roubado, eu ainda faço a boa. Vamos embora, dragão. Muito obrigado, Jaleia. Por favor, dragão. Por favor, dragão. Morre fazendo favor. Morre nada enquanto eu estou chegando. Cadê, cadê, cadê? Morre nada enquanto eu estou chegando, dragão. É meu, é meu, é meu! É meu! Eu disse! Honesto, honestidade sempre ganha, Robby. Não! Eu vou te matar também. Cadê você? Não vai, não vai. Ah, velho! Botou um hitzinho, eu vi que eu estava na frente dele, você acertou, eu vi você acertando. Ah, que triste. Mano, se você gostou desse vídeo, não esquece de se inscrever no meu canal, se inscreva no Robby também, beijando para o próximo vídeo e tchau, tchau!""",Avaliador_A,Avaliador_B
9,"Naru, ele quebrou. Eu vou fechar aqui. E agora a gente precisa encontrar o camisa 10. Camisa 10, você está no banheiro. O camisa 10 não está aqui atrás. Ele deve estar mais para frente. Aqui, nessa sala. Camisa 10, que encontrei. Olá, eu vim te trazer lá para o jogo. O time está esperando. Eles querem iniciar a partida. É contra os Pilagers. Papai, papai, eu estava na cabine do piloto. E eu encontrei o camisa 10. Ele está aqui. Você é seu ele. Vamos levar ele para a cabine do piloto. Papai, para falar com o piloto. Não pode entrar na cabine do piloto. É proibido. Mas eu entrei lá. Você entrou? Naru, isso é proibido. Camisa 10, vem comigo aqui. Eu vou te apresentar lá para o piloto. Para o piloto? Quem é que está pilotando esse avião? Não, Naru. Agora sou eu. Isso é uma prisão de Bedrock. Você prendeu ele ali dentro, Naru. Prendi. De onde é que você tinha Bedrock? E agora? Como é que a gente vai tirar ele daqui? Ah, não. Ele deixou o camisa 10 preso aqui dentro. Ele não tem. Ele acabou de quebrar o... O alano de cima do avião. Vai todo mundo cair. Nada importa mais. O camisa 10 está preso aqui dentro.",0.0636891424655914,0.911754548549652,0.024556316435337,NEU,0.0335656590759754,0.0004136132774874,0.0085179330781102,0.0003464330511633,0.0091585079208016,0.0037139584310352,0.001308383885771,0.15048122,Athos,Minecraft,QUEM VENCEU A COPA DO MUNDO DOS MOBS NO MINECRAFT [d01666UsKfU],,NT,NT,NT,"🎬 Canal: Athos | 🎥 Vídeo: QUEM VENCEU A COPA DO MUNDO DOS MOBS NO MINECRAFT [d01666UsKfU]
⏱️ Segmento/Index: 9
🤖 Consenso de IA: NT (Detoxify: 0.034 | Perspective: 0.15)
──────────────────────────────────────────────────
Fala transcrita:
""Naru, ele quebrou. Eu vou fechar aqui. E agora a gente precisa encontrar o camisa 10. Camisa 10, você está no banheiro. O camisa 10 não está aqui atrás. Ele deve estar mais para frente. Aqui, nessa sala. Camisa 10, que encontrei. Olá, eu vim te trazer lá para o jogo. O time está esperando. Eles querem iniciar a partida. É contra os Pilagers. Papai, papai, eu estava na cabine do piloto. E eu encontrei o camisa 10. Ele está aqui. Você é seu ele. Vamos levar ele para a cabine do piloto. Papai, para falar com o piloto. Não pode entrar na cabine do piloto. É proibido. Mas eu entrei lá. Você entrou? Naru, isso é proibido. Camisa 10, vem comigo aqui. Eu vou te apresentar lá para o piloto. Para o piloto? Quem é que está pilotando esse avião? Não, Naru. Agora sou eu. Isso é uma prisão de Bedrock. Você prendeu ele ali dentro, Naru. Prendi. De onde é que você tinha Bedrock? E agora? Como é que a gente vai tirar ele daqui? Ah, não. Ele deixou o camisa 10 preso aqui dentro. Ele não tem. Ele acabou de quebrar o... O alano de cima do avião. Vai todo mundo cair. Nada importa mais. O camisa 10 está preso aqui dentro.""",Avaliador_A,Avaliador_B
2,"Eu tenho muita chance, vamos ver. O Beto foi escolhido pra ser o gigante. Deu ruim. Eu tenho que me esconder. O Beto, ele vai ficar parado por 10 segundos. É o tempo que eu tenho pra ficar escondido. É o tempo que eu tenho pra encontrar o esconderijo. Mas se prepara, se prepara que agora tá na hora. O caminho ninja não tem volta, Robin. Olha aquilo ali. É uma coisa mais assustadora que eu já vi. Eu vou atacar, Robin. Tá vendo isso aqui na minha mão? Isso aqui é conhecido como? Tô querendo isso aqui, Robin. O Beto, isso daí é uma chave, é uma ferramenta. Verdade. Mas Robin, essa não é uma simples ferramenta. O Beto, ele tá muito curioso. Ô meu Deus, eu não consigo eliminar essa pessoa. Pronto, pisei nela. Robin, agora eu preciso eliminar uns três jogadores que estão aqui atrás do dados. Eu tô bem escondido, tô bem tranquilo. Acho que o Beto não vai me encontrar. Beto, você tá muito assustador gigante usando essa roupa, esse óculos.",0.0669483393430709,0.7151265740394592,0.2179250419139862,NEU,0.2284427732229232,0.0038637344259768,0.0303293820470571,0.0021826291922479,0.037563219666481,0.0227205734699964,0.0028405112680047,0.27047762,Robin Hood Gamer,Minecraft,VIREI O SONIC GIGANTE NO ESCONDE-ESCONDE DO ROBLOX Minies Vs Giant [Nj-ruOx29Pw],,GZ,GZ,GZ,"🎬 Canal: Robin Hood Gamer | 🎥 Vídeo: VIREI O SONIC GIGANTE NO ESCONDE-ESCONDE DO ROBLOX Minies Vs Giant [Nj-ruOx29Pw]
⏱️ Segmento/Index: 2
🤖 Consenso de IA: GZ (Detoxify: 0.228 | Perspective: 0.27)
──────────────────────────────────────────────────
Fala transcrita:
""Eu tenho muita chance, vamos ver. O Beto foi escolhido pra ser o gigante. Deu ruim. Eu tenho que me esconder. O Beto, ele vai ficar parado por 10 segundos. É o tempo que eu tenho pra ficar escondido. É o tempo que eu tenho pra encontrar o esconderijo. Mas se prepara, se prepara que agora tá na hora. O caminho ninja não tem volta, Robin. Olha aquilo ali. É uma coisa mais assustadora que eu já vi. Eu vou atacar, Robin. Tá vendo isso aqui na minha mão? Isso aqui é conhecido como? Tô querendo isso aqui, Robin. O Beto, isso daí é uma chave, é uma ferramenta. Verdade. Mas Robin, essa não é uma simples ferramenta. O Beto, ele tá muito curioso. Ô meu Deus, eu não consigo eliminar essa pessoa. Pronto, pisei nela. Robin, agora eu preciso eliminar uns três jogadores que estão aqui atrás do dados. Eu tô bem escondido, tô bem tranquilo. Acho que o Beto não vai me encontrar. Beto, você tá muito assustador gigante usando essa roupa, esse óculos.""",Avaliador_A,Avaliador_B
27,"Aqui, ó, do olho Está meio estranho, né, mas quem decide é o público Aí aqui tem o detalhe que eu estava botando Que é a gravatinha dele Ah, gravata... Eduardo, ficou lindo, Eduardo Só faltou sabe o quê? Obrigada, o quê? Fica bonito, mas, ó, vem cá, Eduardo, vem cá ver o meu O meu, Eduardo, eu não tive muito tempo para terminar, tá? Então ele está um pouco pequeno Mas eu queria fazer ele um pouco maior Olha aí, o Bob Esponja, tá? Não ri, não, por favor, sério, deu um pouquinho de trabalho É, só um pouquinho Mas zelo do céu O que foi, dona? Eu acho que essa é a melhor esquemática que você já usou Por quê? Está bonita? Ah, te peguei, você afirmou Não é esquemática, não Você confirmou Não, não é Você confirmou Eu fiz na mão, ó, aqui, o olho Olha, você confirmou Não, é longe de mim, gente Eu nunca usaria o Adedit Schemática Sou palhaço Mas, Eduardo, quem decide isso aqui é o pessoal que está assistindo, tá? Inclusive, já vão botar óculos do like aqui Se você chegou agora, já deixa o like no vídeo embaixo para ajudar, beleza?",0.1004507765173912,0.5086818337440491,0.3908673524856567,NEU,0.0421952866017818,0.0083919167518615,0.0450521148741245,0.0074716261588037,0.0414074249565601,0.0025459029711782,0.0032367631793022,0.07450261,Marcelodrv,Minecraft,Trollei minha AMIGA na BATALHA DE CONSTRUÇÃO - O FILME 2 [k5xNOqryBkA],,NT,NT,NT,"🎬 Canal: Marcelodrv | 🎥 Vídeo: Trollei minha AMIGA na BATALHA DE CONSTRUÇÃO - O FILME 2 [k5xNOqryBkA]
⏱️ Segmento/Index: 27
🤖 Consenso de IA: NT (Detoxify: 0.042 | Perspective: 0.075)
──────────────────────────────────────────────────
Fala transcrita:
""Aqui, ó, do olho Está meio estranho, né, mas quem decide é o público Aí aqui tem o detalhe que eu estava botando Que é a gravatinha dele Ah, gravata... Eduardo, ficou lindo, Eduardo Só faltou sabe o quê? Obrigada, o quê? Fica bonito, mas, ó, vem cá, Eduardo, vem cá ver o meu O meu, Eduardo, eu não tive muito tempo para terminar, tá? Então ele está um pouco pequeno Mas eu queria fazer ele um pouco maior Olha aí, o Bob Esponja, tá? Não ri, não, por favor, sério, deu um pouquinho de trabalho É, só um pouquinho Mas zelo do céu O que foi, dona? Eu acho que essa é a melhor esquemática que você já usou Por quê? Está bonita? Ah, te peguei, você afirmou Não é esquemática, não Você confirmou Não, não é Você confirmou Eu fiz na mão, ó, aqui, o olho Olha, você confirmou Não, é longe de mim, gente Eu nunca usaria o Adedit Schemática Sou palhaço Mas, Eduardo, quem decide isso aqui é o pessoal que está assistindo, tá? Inclusive, já vão botar óculos do like aqui Se você chegou agora, já deixa o like no vídeo embaixo para ajudar, beleza?""",Avaliador_A,Avaliador_B
57,"É a minha chance de colocar a cama e explodir ela. Olha o tanto de vida que ele perdeu! Mas olha a minha chance, ele desceu de novo. Venha aqui, cama! Nossa, quase que é o meu fim. Melhor eu vim aqui rápido e colocar mais uma cama. Você deve estar vindo. Não, de novo, de novo, Underpill! Nossa, essa foi por muito pouco. Que sorte que eu consegui pegar Underpill no meu inventário. Aí ele está descendo de novo. É a minha chance, venha aqui. Agora coloca a cama, não! A cama bugou, agora sim! Aí, boa! Consegui derrotar ele. E agora eu consegui um Morph! Deixa eu pegar e me transformar no Underdragão correndo. O Atus já deve estar vindo. E aí, é melhor eu esconder esse ovo aqui também. Senão o Atus vai descobrir tudo. Espera, mas aqui tem terra. Isso quer dizer que o Caduceus já passou por aqui, sim. Ele já chegou. Será que ele já matou o dragão? A barra do dragão não está aparecendo aqui em cima. Vamos ver. Ah, o dragão está ali. Menos mal, e ainda tem alguns cristais. Provavelmente o Cadres veio matar o dragão e morreu para ele. Aí, agora eu estou pronto para encontrar o Atus.",0.1033135056495666,0.680774986743927,0.2159114927053451,NEU,0.3066756725311279,0.0020810132846236,0.0251510702073574,0.0015492183156311,0.0140146920457482,0.0412912182509899,0.0087910629808902,0.36095104,Cadres,Minecraft,24 Horas Trolando o meu Amigo no Minecraft - O FILME [UJJnyYK5qvI],,GZ,GZ,GZ,"🎬 Canal: Cadres | 🎥 Vídeo: 24 Horas Trolando o meu Amigo no Minecraft - O FILME [UJJnyYK5qvI]
⏱️ Segmento/Index: 57
🤖 Consenso de IA: GZ (Detoxify: 0.307 | Perspective: 0.361)
──────────────────────────────────────────────────
Fala transcrita:
""É a minha chance de colocar a cama e explodir ela. Olha o tanto de vida que ele perdeu! Mas olha a minha chance, ele desceu de novo. Venha aqui, cama! Nossa, quase que é o meu fim. Melhor eu vim aqui rápido e colocar mais uma cama. Você deve estar vindo. Não, de novo, de novo, Underpill! Nossa, essa foi por muito pouco. Que sorte que eu consegui pegar Underpill no meu inventário. Aí ele está descendo de novo. É a minha chance, venha aqui. Agora coloca a cama, não! A cama bugou, agora sim! Aí, boa! Consegui derrotar ele. E agora eu consegui um Morph! Deixa eu pegar e me transformar no Underdragão correndo. O Atus já deve estar vindo. E aí, é melhor eu esconder esse ovo aqui também. Senão o Atus vai descobrir tudo. Espera, mas aqui tem terra. Isso quer dizer que o Caduceus já passou por aqui, sim. Ele já chegou. Será que ele já matou o dragão? A barra do dragão não está aparecendo aqui em cima. Vamos ver. Ah, o dragão está ali. Menos mal, e ainda tem alguns cristais. Provavelmente o Cadres veio matar o dragão e morreu para ele. Aí, agora eu estou pronto para encontrar o Atus.""",Avaliador_B,Avaliador_C
22,"até baixei aqui um pouquinho o volume, velho aí, boa nossa, eu te matei, rimarão, foi sem querer a galera tá falando que o rimarão sumiu, velho uai, galera rimarão, mas você tá aqui com a gente, velho só um minuto peraí, mano INSCREVA-SE NO CANAL E aí E aí E aí E aí E aí E aí E aí E aí E aí E aí e aí E aí E aí Volta meu áudio, volta meu áudio aí, porque eu só quero saber de uma coisa. Quando o meu café vai ficar pronto, mano, só preciso saber... Ô, Rimarão, tá aí, velho? Rimaro? Alô, alô, Rimaro? Rimaro, você tá aí, velho? Eu tô vendo que o Rimaro não tá aqui sempre. Putz. O Rimarão... Acho que, mano... Galera, o Rimaro caiu da live, Fih. O Rimaro largou a gente, tá louco. Ô, Rimarão, volta aí, Fih! Volta pra cá! Ah! Ah! Pelo menos a gente conseguiu já, galera. A gente deu... Ô, mano, eu tô te ouvindo. Parece que tá vivo ainda, Fih. Ele tá mandando assim... Ufa, que cansaço! Meu Deus, aí. Ai, meu... Ai, socorro. Socorro, velho. Ah! Nossa. Alô? Aí, Rimarão, tá vivo? Cadê o Rimaro, mano? Galera, você tá doido, velho. O Rimaro largou a gente aqui.",0.2023251354694366,0.673369824886322,0.1243050545454025,NEU,0.8521982431411743,0.006138171069324,0.0397274605929851,0.0058396812528371,0.1004214137792587,0.0167487934231758,0.010371396318078,0.42349213,AuthenticGames,Minecraft,AUTHENTICGAMES VIROU o BEN 10 no MINECRAFT - Livestream [38hilB0RKrU],,T,T,T,"🎬 Canal: AuthenticGames | 🎥 Vídeo: AUTHENTICGAMES VIROU o BEN 10 no MINECRAFT - Livestream [38hilB0RKrU]
⏱️ Segmento/Index: 22
🤖 Consenso de IA: T (Detoxify: 0.852 | Perspective: 0.423)
──────────────────────────────────────────────────
Fala transcrita:
""até baixei aqui um pouquinho o volume, velho aí, boa nossa, eu te matei, rimarão, foi sem querer a galera tá falando que o rimarão sumiu, velho uai, galera rimarão, mas você tá aqui com a gente, velho só um minuto peraí, mano INSCREVA-SE NO CANAL E aí E aí E aí E aí E aí E aí E aí E aí E aí E aí e aí E aí E aí Volta meu áudio, volta meu áudio aí, porque eu só quero saber de uma coisa. Quando o meu café vai ficar pronto, mano, só preciso saber... Ô, Rimarão, tá aí, velho? Rimaro? Alô, alô, Rimaro? Rimaro, você tá aí, velho? Eu tô vendo que o Rimaro não tá aqui sempre. Putz. O Rimarão... Acho que, mano... Galera, o Rimaro caiu da live, Fih. O Rimaro largou a gente, tá louco. Ô, Rimarão, volta aí, Fih! Volta pra cá! Ah! Ah! Pelo menos a gente conseguiu já, galera. A gente deu... Ô, mano, eu tô te ouvindo. Parece que tá vivo ainda, Fih. Ele tá mandando assim... Ufa, que cansaço! Meu Deus, aí. Ai, meu... Ai, socorro. Socorro, velho. Ah! Nossa. Alô? Aí, Rimarão, tá vivo? Cadê o Rimaro, mano? Galera, você tá doido, velho. O Rimaro largou a gente aqui.""",Avaliador_B,Avaliador_C
15,"Agora eu tenho dois gatos! Os aldeões estão dormindo. E acho melhor eu dormir também, porque se não vai ter um ataque zumbi aqui na vila. Seu maldito! Malditão! Para de atacar esse aldeo! Nossa! Toma isso! Tive que salvar ali o aldeão. Cadê os gatos? Cadê os gatos? Ai caraca. É melhor dormir. A minha cama ficou lá! Cadê os meus gatos? Cadê a faísca? Era pra aparecer junto comigo. Nossa! Desse jeito eu vou morrer durante a noite. Assim não vou conseguir. Não vou conseguir sobreviver. Tô preocupado com os meus gatos. Eles ficaram na vila. Mas era pros gatos ficarem comigo. Eu não deixei nenhum deles sentados. Gatinho só fica longe quando deixa sentado. Ai ele para de seguir. Ah! Olha eles aí! Apareceram! Agora eu vou dormir. Porque eu não quero que essa vila seja destruída. Sai da minha cama! Sai pra lá! Essa cama é minha! Agora sim! Durante o dia vai ser bem melhor.",0.9512532949447632,0.0278778932988643,0.0208688173443079,NEG,0.938743770122528,0.0132046611979603,0.8791120648384094,0.0053774523548781,0.128358706831932,0.0109132397919893,0.0100262938067317,0.54823303,Robin Hood Gamer,Minecraft,Minecraft mas a cada minuto você mudará de lugar... [G13Gryk4350],,T,T,T,"🎬 Canal: Robin Hood Gamer | 🎥 Vídeo: Minecraft mas a cada minuto você mudará de lugar... [G13Gryk4350]
⏱️ Segmento/Index: 15
🤖 Consenso de IA: T (Detoxify: 0.939 | Perspective: 0.548)
──────────────────────────────────────────────────
Fala transcrita:
""Agora eu tenho dois gatos! Os aldeões estão dormindo. E acho melhor eu dormir também, porque se não vai ter um ataque zumbi aqui na vila. Seu maldito! Malditão! Para de atacar esse aldeo! Nossa! Toma isso! Tive que salvar ali o aldeão. Cadê os gatos? Cadê os gatos? Ai caraca. É melhor dormir. A minha cama ficou lá! Cadê os meus gatos? Cadê a faísca? Era pra aparecer junto comigo. Nossa! Desse jeito eu vou morrer durante a noite. Assim não vou conseguir. Não vou conseguir sobreviver. Tô preocupado com os meus gatos. Eles ficaram na vila. Mas era pros gatos ficarem comigo. Eu não deixei nenhum deles sentados. Gatinho só fica longe quando deixa sentado. Ai ele para de seguir. Ah! Olha eles aí! Apareceram! Agora eu vou dormir. Porque eu não quero que essa vila seja destruída. Sai da minha cama! Sai pra lá! Essa cama é minha! Agora sim! Durante o dia vai ser bem melhor.""",Avaliador_B,Avaliador_C
29,"Consegui, Atus! Achei! O quê? Achei os seus diamantes e a sua base secreta Eu vencei! Ah, aquela casa foi só pra me trollar É óbvio, né, Atus? Lá dentro não tinha nada Na verdade, o esconderijo tava aqui do lado Era só você vinha andando Olha o baú aqui, ó Tá cheio de terra dentro É o baú certo! Ah não, não acredito nisso! Ainda bem que o Atus é bobão e eu consegui vencer ele Bobão é você! Volta aqui! Volta aqui! Ai, fode!",0.1770592927932739,0.6026282906532288,0.2203124165534973,NEU,0.9816640615463256,0.0141187822446227,0.0810896828770637,0.0075865630060434,0.0758199170231819,0.0056772730313241,0.0560891069471836,0.5921536,Cadres,Minecraft,CASA SEGURA de R1 vs R1.000.00000 no minecraft [F3MP_yS_1SM],,T,T,T,"🎬 Canal: Cadres | 🎥 Vídeo: CASA SEGURA de R1 vs R1.000.00000 no minecraft [F3MP_yS_1SM]
⏱️ Segmento/Index: 29
🤖 Consenso de IA: T (Detoxify: 0.982 | Perspective: 0.592)
──────────────────────────────────────────────────
Fala transcrita:
""Consegui, Atus! Achei! O quê? Achei os seus diamantes e a sua base secreta Eu vencei! Ah, aquela casa foi só pra me trollar É óbvio, né, Atus? Lá dentro não tinha nada Na verdade, o esconderijo tava aqui do lado Era só você vinha andando Olha o baú aqui, ó Tá cheio de terra dentro É o baú certo! Ah não, não acredito nisso! Ainda bem que o Atus é bobão e eu consegui vencer ele Bobão é você! Volta aqui! Volta aqui! Ai, fode!""",Avaliador_B,Avaliador_C
11,"Vamos treinar o cavalo. Aí ele fica andando em círculos, em círculos. Tá, vamos! Olha, o cavalinho vai ficando andando em círculos. Anda em círculos o cavalinho. Assim? É, aí ele fica andando em círculos. É porque o cavalinho, é porque quando o cavalinho não tá treinado, ele não consegue andar direito. Aí fica difícil, né? Olha, agora ele aumentou de nível. Aumentou. Também aumentou. É, aumentou, aumentou. Gente, mas agora ele tá com fome. Fome. Como é que tá com fome? Tadinho. Lá, diz ele que eu tenho. O que você tem, amantinha? Aqui. Cadê? Aqui. Que isso? É um peixe, amante? Um peixe?",0.7921345829963684,0.1796600073575973,0.0282054655253887,NEG,0.0136605994775891,0.0001692859368631,0.0111307902261614,0.0002336937759537,0.0038400038611143,0.0002091080677928,0.0015283011598512,0.17285149,Lokis,Roblox,CAVALO DO LOKIS  Roblox - Horse Valley [Iey1gNSA7cc],,NT,NT,NT,"🎬 Canal: Lokis | 🎥 Vídeo: CAVALO DO LOKIS  Roblox - Horse Valley [Iey1gNSA7cc]
⏱️ Segmento/Index: 11
🤖 Consenso de IA: NT (Detoxify: 0.014 | Perspective: 0.173)
──────────────────────────────────────────────────
Fala transcrita:
""Vamos treinar o cavalo. Aí ele fica andando em círculos, em círculos. Tá, vamos! Olha, o cavalinho vai ficando andando em círculos. Anda em círculos o cavalinho. Assim? É, aí ele fica andando em círculos. É porque o cavalinho, é porque quando o cavalinho não tá treinado, ele não consegue andar direito. Aí fica difícil, né? Olha, agora ele aumentou de nível. Aumentou. Também aumentou. É, aumentou, aumentou. Gente, mas agora ele tá com fome. Fome. Como é que tá com fome? Tadinho. Lá, diz ele que eu tenho. O que você tem, amantinha? Aqui. Cadê? Aqui. Que isso? É um peixe, amante? Um peixe?""",Avaliador_B,Avaliador_C
13,"Olha, meu Deus, derrubou a menina zumbi! Ai, sai, Sofia, sai! Eu sou uma zumbi! Eu vou virar zumbizinho também no laquinho. Joga, joga, joga, joga, joga o arzinho de zumbizinho. Vira o zumbizinho. Mica, a mandinha. Não, não! Olha a minha cabeça, a gente tá mexendo muito! Fica rolando, ha, ha, ha, ha, ha, ha! Ai, tá rolando muito o meu cabeçal, gente! Ai, tá rolando muito! Nossa mãe! Eu vou ficar tontinho. Vamos nessa máquina! Vai, Mica, sua vez nessa máquina, vai. Vai, pá, pá, pá, pá! Essa é a máquina aumenta a cabeça. Ficou o cabeço gigante! Essa é a cabeça, a cabeça de ficar com cabeção, né? Cabeção. Aí, gostei, gostei, foi legal, né? Legal, né? É! Vamos nessa aqui, agora essa aqui? Ih, legal! É o liquidificador, rapaz! É o liquidificador! Ai, tô preso!",0.2557813227176666,0.5922734141349792,0.1519452184438705,NEU,0.3364222645759582,0.0013838459271937,0.0291003752499818,0.002467252779752,0.0523613579571247,0.0061730425804853,0.0124564561992883,0.37751234,Lokis,Roblox,MÁQUINA MALUCA DE AMASSAR  Roblox - Squish [0h8dUvuk1i0],,GZ,GZ,GZ,"🎬 Canal: Lokis | 🎥 Vídeo: MÁQUINA MALUCA DE AMASSAR  Roblox - Squish [0h8dUvuk1i0]
⏱️ Segmento/Index: 13
🤖 Consenso de IA: GZ (Detoxify: 0.336 | Perspective: 0.378)
──────────────────────────────────────────────────
Fala transcrita:
""Olha, meu Deus, derrubou a menina zumbi! Ai, sai, Sofia, sai! Eu sou uma zumbi! Eu vou virar zumbizinho também no laquinho. Joga, joga, joga, joga, joga o arzinho de zumbizinho. Vira o zumbizinho. Mica, a mandinha. Não, não! Olha a minha cabeça, a gente tá mexendo muito! Fica rolando, ha, ha, ha, ha, ha, ha! Ai, tá rolando muito o meu cabeçal, gente! Ai, tá rolando muito! Nossa mãe! Eu vou ficar tontinho. Vamos nessa máquina! Vai, Mica, sua vez nessa máquina, vai. Vai, pá, pá, pá, pá! Essa é a máquina aumenta a cabeça. Ficou o cabeço gigante! Essa é a cabeça, a cabeça de ficar com cabeção, né? Cabeção. Aí, gostei, gostei, foi legal, né? Legal, né? É! Vamos nessa aqui, agora essa aqui? Ih, legal! É o liquidificador, rapaz! É o liquidificador! Ai, tô preso!""",Avaliador_B,Avaliador_C
5,"Eu já deixei um joinha e me inscrevi no canal e eu sou lindo. Ou linda, né? Então, beleza, já tem essa informação mega passada aqui, Pacão. Descobri que os meus inscritos são lindos, aí. Eu já tinha certeza. É, putz. Eu acho que eu tava com delay a minha informação. Paco, onde que é o nosso vestiário? Aqui é o meu quarto. Onde? Aqui, ó. Eita, pai! Nossa, mano! Vai brincando. Olha aqui meus tenezinhos, se bem que eu sou descalço, né? Nossa, Pacão, você fica com o pé barrindo porque você quer, né, velho? Exatamente. Eu tô querendo ir no vestiário porque eu não sinto que essa nossa roupa é uma roupa muito de espião, né, velho? Fica meio, sei lá. A gente precisa de uma roupa, galera, que seja mais característica da série. Tipo, o meu óculos, ele deu esse pano, né, velho? Porque é um óculos de espião, não sei a gente, né, mano? Mas o tchan, tchan, tchan não foi, Pacão. O seu quarto deve ser em cima. Não, meu quarto é aqui, ó. Uhul! Pula na cama! Pula! Cara, meu quarto tá... Você vê que em todo lugar tem um telefone para eu atender e falar assim...",0.040640577673912,0.1894792020320892,0.7698802947998047,POS,0.2362208813428878,0.0032603647559881,0.0420004241168499,0.0056692063808441,0.0414608530700206,0.0024423946160823,0.017774386331439,0.36456755,AuthenticGames,Minecraft,AGENTE SECRETO AUTHENTICGAMES  - Minecraft Espiões Vs Espiões 01 [L_o0RVfVNjM],,GZ,GZ,GZ,"🎬 Canal: AuthenticGames | 🎥 Vídeo: AGENTE SECRETO AUTHENTICGAMES  - Minecraft Espiões Vs Espiões 01 [L_o0RVfVNjM]
⏱️ Segmento/Index: 5
🤖 Consenso de IA: GZ (Detoxify: 0.236 | Perspective: 0.365)
──────────────────────────────────────────────────
Fala transcrita:
""Eu já deixei um joinha e me inscrevi no canal e eu sou lindo. Ou linda, né? Então, beleza, já tem essa informação mega passada aqui, Pacão. Descobri que os meus inscritos são lindos, aí. Eu já tinha certeza. É, putz. Eu acho que eu tava com delay a minha informação. Paco, onde que é o nosso vestiário? Aqui é o meu quarto. Onde? Aqui, ó. Eita, pai! Nossa, mano! Vai brincando. Olha aqui meus tenezinhos, se bem que eu sou descalço, né? Nossa, Pacão, você fica com o pé barrindo porque você quer, né, velho? Exatamente. Eu tô querendo ir no vestiário porque eu não sinto que essa nossa roupa é uma roupa muito de espião, né, velho? Fica meio, sei lá. A gente precisa de uma roupa, galera, que seja mais característica da série. Tipo, o meu óculos, ele deu esse pano, né, velho? Porque é um óculos de espião, não sei a gente, né, mano? Mas o tchan, tchan, tchan não foi, Pacão. O seu quarto deve ser em cima. Não, meu quarto é aqui, ó. Uhul! Pula na cama! Pula! Cara, meu quarto tá... Você vê que em todo lugar tem um telefone para eu atender e falar assim...""",Avaliador_B,Avaliador_C
8,"Calma, Neymar, eu tô até com a camisa do Brasil, filho. Ele tá avançando muito rápido, Marcelo. Olha onde ele chegou, Eduarda, no tapete vermelho. E eu acho que ele vai andar, porque ele é bobo, ele é bobo, ele é bobo. Ele vai com certeza. O cabelo dele, o cabelo dele tá vermelho. Menino, sai daí. Sai daí, Neymar, você tá doente, tem que jogar na seleção, menino. Eduarda, calma, cara. Tu acha que o Neymar vai sumir aqui, vai morrer? Não vai. O Neymar é o melhor jogador do Brasil. Então ele não tem como ficar... Eu também acho, Marcelo, que o Neymar é o melhor jogador do Brasil. Sabe por quê? Porque ele é o Camisa 10. Ele é o Camisa 10. Cadê o Neymar, Eduarda? Mas eu fiquei com pena do Neymar. Cheguei! Quem chegou aqui é o Richard Alisson. E agora vocês vão levar um gol e eu ainda vou pegar o meu troféu de volta. Agora ferrou, Eduarda. Olha quem tá aí, Richard Alisson. Meu Deus do céu, ele... O Richard... Minha filha, ele fez gol na Copa do Mundo. Ó o Pombo, vem, Pombo! Vem, Pombo! Eduarda, fala baixo, vamos ver se ele vai saber se isso aqui é ou não.",0.7707512378692627,0.2041960656642913,0.0250527132302522,NEG,0.4603275954723358,0.0001768513320712,0.0044052731245756,0.0007800473831593,0.3630391955375671,0.0003044344484806,0.0006659681675955,0.3827457,Marcelodrv,Minecraft,7 Hacks de construção SEGURA contra os JOGADORES DO BRASIL [IZVs7iDC5qM],,GZ,GZ,GZ,"🎬 Canal: Marcelodrv | 🎥 Vídeo: 7 Hacks de construção SEGURA contra os JOGADORES DO BRASIL [IZVs7iDC5qM]
⏱️ Segmento/Index: 8
🤖 Consenso de IA: GZ (Detoxify: 0.46 | Perspective: 0.383)
──────────────────────────────────────────────────
Fala transcrita:
""Calma, Neymar, eu tô até com a camisa do Brasil, filho. Ele tá avançando muito rápido, Marcelo. Olha onde ele chegou, Eduarda, no tapete vermelho. E eu acho que ele vai andar, porque ele é bobo, ele é bobo, ele é bobo. Ele vai com certeza. O cabelo dele, o cabelo dele tá vermelho. Menino, sai daí. Sai daí, Neymar, você tá doente, tem que jogar na seleção, menino. Eduarda, calma, cara. Tu acha que o Neymar vai sumir aqui, vai morrer? Não vai. O Neymar é o melhor jogador do Brasil. Então ele não tem como ficar... Eu também acho, Marcelo, que o Neymar é o melhor jogador do Brasil. Sabe por quê? Porque ele é o Camisa 10. Ele é o Camisa 10. Cadê o Neymar, Eduarda? Mas eu fiquei com pena do Neymar. Cheguei! Quem chegou aqui é o Richard Alisson. E agora vocês vão levar um gol e eu ainda vou pegar o meu troféu de volta. Agora ferrou, Eduarda. Olha quem tá aí, Richard Alisson. Meu Deus do céu, ele... O Richard... Minha filha, ele fez gol na Copa do Mundo. Ó o Pombo, vem, Pombo! Vem, Pombo! Eduarda, fala baixo, vamos ver se ele vai saber se isso aqui é ou não.""",Avaliador_B,Avaliador_C
27,"Nível 60! A cópia do nível 1! É a mesma coisa do nível 1! Só que agora, em vez de lava ali, tem água! Vamos pular ali em cima e pronto! Só esperar eu morrer! E morri! Afogado! Nível 61! Só uma janela está aberta! Qual delas? Aquelas lá de cima! Ah, eu ganhei superpulo! E agora eu vou vir aqui! Ou talvez nessa! Ou nessa aqui! Eu tenho que conseguir! Talvez seja essa aqui! Vai! Uuuuuuuh! Achei a janela! Que isso! Eu sobrevivi! Nossa, então eu tenho que acertar o vácuo! Pulei muito alto e agora eu quero cair no vácuo! Vai! Acertei! Adeus mundo! Nível 62! A corrida da TNT! Vamos ativar todas as TNTs e chegar até o final! Antes delas explodirem! Boa! Nível 63! O botão não está no labirinto! Se ele não está no labirinto, onde ele está? Eu acho que eu sei! Eles estão no teto! Morri! Acertei o botão! Encontre o buraco da cegueira!",0.1059175059199333,0.8478492498397827,0.0462332256138324,NEU,0.220404252409935,0.0009086532518267,0.0086101647466421,0.0007046436076052,0.0046030306257307,0.0956373587250709,0.0014673441182821,0.36095104,Athos,Minecraft,75 Maneiras de Morrer no Minecraft... [xuA47pExwmc],,GZ,GZ,GZ,"🎬 Canal: Athos | 🎥 Vídeo: 75 Maneiras de Morrer no Minecraft... [xuA47pExwmc]
⏱️ Segmento/Index: 27
🤖 Consenso de IA: GZ (Detoxify: 0.22 | Perspective: 0.361)
──────────────────────────────────────────────────
Fala transcrita:
""Nível 60! A cópia do nível 1! É a mesma coisa do nível 1! Só que agora, em vez de lava ali, tem água! Vamos pular ali em cima e pronto! Só esperar eu morrer! E morri! Afogado! Nível 61! Só uma janela está aberta! Qual delas? Aquelas lá de cima! Ah, eu ganhei superpulo! E agora eu vou vir aqui! Ou talvez nessa! Ou nessa aqui! Eu tenho que conseguir! Talvez seja essa aqui! Vai! Uuuuuuuh! Achei a janela! Que isso! Eu sobrevivi! Nossa, então eu tenho que acertar o vácuo! Pulei muito alto e agora eu quero cair no vácuo! Vai! Acertei! Adeus mundo! Nível 62! A corrida da TNT! Vamos ativar todas as TNTs e chegar até o final! Antes delas explodirem! Boa! Nível 63! O botão não está no labirinto! Se ele não está no labirinto, onde ele está? Eu acho que eu sei! Eles estão no teto! Morri! Acertei o botão! Encontre o buraco da cegueira!""",Avaliador_B,Avaliador_C
6,"Oi, Atus, Atus, eu não tá fazendo nada, não Volta lá pro seu Voltei, voltei, voltei Olha o tamanho do Venom dele Nossa, o Atus me viu espionando Mas agora ele vai ver só Ele ainda tem dois minutos pra procurar a Esquimetic E eu não vou deixar ele ficar procurando não Eu vou entrar aqui no espectador e vou trollar ele nesse tempo Nossa, olha a construção dele Não, mas agora ele vai ver só A primeira coisa que eu vou fazer vai ser cair TNT aqui embaixo Então vem aqui e coloca TNT em tudo Tá caindo Cainhos Para de cair Cainhos na minha construção Eu vou colar de novo Eu vou colar a Esquimetic de novo, vai Ah, mas não, ele tá colando a construção dele, olha isso Ele tá conseguindo regenerar ela Ah, mas se ele pensa que vai ser fácil assim Ele tá muito enganado, ele ainda tem um minuto E eu não vou deixar ele procurar mais nenhuma Então eu vou pegar e vim aqui agora e tirar a Esquimetic dele Barra Esquem, agora eu digito remove e digito Coringa E depois Atus E agora eu só preciso dar um enter E pronto, eu removi a construção dele E agora ele vai ver só Eu vou pegar e sumanar um raio aqui só pra pegar fogo Ai, e agora estão aparecendo raios, tá pegando fogo E eu vou ativar um comando pra pegar fogo muito mais rápido Rando o Stick Pistol mil Vai lá, pega fogo em tudo, pega fogo em tudo Eu vou até fazer cair mais raio pra pegar ainda mais fogo Ah, tá caindo raio na minha construção e tá tudo pegando fogo Mas eu não preciso me preocupar porque eu tenho Esquemetic do Coringa salvo Pode cair raio em tudo, eu não me importo Ah, quer saber? Por que não colocar lava de uma vez? Ai, olha ali na direita o Atus só tem mais 10 segundos Ele não tem mais tempo pra fazer nada, eu vou voltar pra casinha Tem lava, tá aparecendo lava Nada disso importa, sabe por quê? Eu vou vir aqui e vou carregar o Coringa de novo, pronto E agora eu vou colar ele aqui Ué, ué, é só um bloco? Não, cadê meu Coringa?",0.138858675956726,0.7606607675552368,0.1004804968833923,NEU,0.2920220196247101,0.0110353855416178,0.0523905865848064,0.0069492519833147,0.0488498136401176,0.0065208710730075,0.0052590458653867,0.3302291,Cadres,Minecraft,Trolei meu AMIGO com PIKACHU PRONTO na BATALHA DE CONSTRUÇÃO do MINECRAFT [XgtJEOSJDgs],,GZ,GZ,GZ,"🎬 Canal: Cadres | 🎥 Vídeo: Trolei meu AMIGO com PIKACHU PRONTO na BATALHA DE CONSTRUÇÃO do MINECRAFT [XgtJEOSJDgs]
⏱️ Segmento/Index: 6
🤖 Consenso de IA: GZ (Detoxify: 0.292 | Perspective: 0.33)
──────────────────────────────────────────────────
Fala transcrita:
""Oi, Atus, Atus, eu não tá fazendo nada, não Volta lá pro seu Voltei, voltei, voltei Olha o tamanho do Venom dele Nossa, o Atus me viu espionando Mas agora ele vai ver só Ele ainda tem dois minutos pra procurar a Esquimetic E eu não vou deixar ele ficar procurando não Eu vou entrar aqui no espectador e vou trollar ele nesse tempo Nossa, olha a construção dele Não, mas agora ele vai ver só A primeira coisa que eu vou fazer vai ser cair TNT aqui embaixo Então vem aqui e coloca TNT em tudo Tá caindo Cainhos Para de cair Cainhos na minha construção Eu vou colar de novo Eu vou colar a Esquimetic de novo, vai Ah, mas não, ele tá colando a construção dele, olha isso Ele tá conseguindo regenerar ela Ah, mas se ele pensa que vai ser fácil assim Ele tá muito enganado, ele ainda tem um minuto E eu não vou deixar ele procurar mais nenhuma Então eu vou pegar e vim aqui agora e tirar a Esquimetic dele Barra Esquem, agora eu digito remove e digito Coringa E depois Atus E agora eu só preciso dar um enter E pronto, eu removi a construção dele E agora ele vai ver só Eu vou pegar e sumanar um raio aqui só pra pegar fogo Ai, e agora estão aparecendo raios, tá pegando fogo E eu vou ativar um comando pra pegar fogo muito mais rápido Rando o Stick Pistol mil Vai lá, pega fogo em tudo, pega fogo em tudo Eu vou até fazer cair mais raio pra pegar ainda mais fogo Ah, tá caindo raio na minha construção e tá tudo pegando fogo Mas eu não preciso me preocupar porque eu tenho Esquemetic do Coringa salvo Pode cair raio em tudo, eu não me importo Ah, quer saber? Por que não colocar lava de uma vez? Ai, olha ali na direita o Atus só tem mais 10 segundos Ele não tem mais tempo pra fazer nada, eu vou voltar pra casinha Tem lava, tá aparecendo lava Nada disso importa, sabe por quê? Eu vou vir aqui e vou carregar o Coringa de novo, pronto E agora eu vou colar ele aqui Ué, ué, é só um bloco? Não, cadê meu Coringa?""",Avaliador_B,Avaliador_C
1,"Sai daqui, você é pobre, você não tem dinheiro. Ai, ele me ofendeu, ele falou que eu não tenho dinheiro, falou que era pra eu sair daqui. Mas eu vou provar pro seu Zé que eu posso ficar rico também. Tem um lugar que os bebês ficam no mapa, é uma creche. Eu fui pra creche pra ver se as professorinhas de lá me dão banho, porque eu tô muito sujinho e tô fedorentinho. Ai, eu não aguento mais esse cheiro. É esse lugar aqui. Vamos tentar abrir esse alçapão e cair lá dentro. Ah, tem vários bebezatos. E o pior de tudo, eles estão vestindo um casaco de cadres. Mas que casaco horroroso é esse que vocês estão usando? Tira isso! Eles tem um martelão. Olha só, esse martelão que eu peguei. E eu posso usar pra atacar animais, ou até atacar eles que estão usando essa coisa horrorosa. Ai, eles estão me batendo. Ah, quer saber de uma coisa? Deixa esses bebês trancados aí. Eles que esperem os pais deles virem buscar eles. E eu vou agora usar o meu machadão pra conseguir comida, porque eu preciso comer pra crescer. Então eu encontrei várias vaquinhas. Só que elas estão no lugar errado.",0.9640562534332277,0.0263707153499126,0.0095731131732463,NEG,0.2794621586799621,0.0005437844665721,0.0165760144591331,0.0021283603273332,0.0715002492070198,0.0231949687004089,0.0038377775344997,0.36095104,Athos,Minecraft,24 Horas pra Ficar Milionário no Minecraft [3On8cuGxnE0],,GZ,GZ,GZ,"🎬 Canal: Athos | 🎥 Vídeo: 24 Horas pra Ficar Milionário no Minecraft [3On8cuGxnE0]
⏱️ Segmento/Index: 1
🤖 Consenso de IA: GZ (Detoxify: 0.279 | Perspective: 0.361)
──────────────────────────────────────────────────
Fala transcrita:
""Sai daqui, você é pobre, você não tem dinheiro. Ai, ele me ofendeu, ele falou que eu não tenho dinheiro, falou que era pra eu sair daqui. Mas eu vou provar pro seu Zé que eu posso ficar rico também. Tem um lugar que os bebês ficam no mapa, é uma creche. Eu fui pra creche pra ver se as professorinhas de lá me dão banho, porque eu tô muito sujinho e tô fedorentinho. Ai, eu não aguento mais esse cheiro. É esse lugar aqui. Vamos tentar abrir esse alçapão e cair lá dentro. Ah, tem vários bebezatos. E o pior de tudo, eles estão vestindo um casaco de cadres. Mas que casaco horroroso é esse que vocês estão usando? Tira isso! Eles tem um martelão. Olha só, esse martelão que eu peguei. E eu posso usar pra atacar animais, ou até atacar eles que estão usando essa coisa horrorosa. Ai, eles estão me batendo. Ah, quer saber de uma coisa? Deixa esses bebês trancados aí. Eles que esperem os pais deles virem buscar eles. E eu vou agora usar o meu machadão pra conseguir comida, porque eu preciso comer pra crescer. Então eu encontrei várias vaquinhas. Só que elas estão no lugar errado.""",Avaliador_B,Avaliador_C
59,"Se você matar, vai multiplicando, velho! Caiu, caiu, caiu. Não, Iago, joga ele dentro do buraco. Não, não, joga ele dentro do buraco. Aqui, ele tá vindo atrás de mim, ó. Tem que deixar esses bichos tudo aí dentro. Vai, Pokão. Aí, ó, pronto. Mano, você tá doido, velho. Pokão, Iago, eu vou fazer um balde aqui agora pra gente, pra gente poder dar um fora daqui. Joga a lava aí! Vem, vem, puxa, porra ele, Pokão, porra ele, porra ele. Ai, seu arvore! Essa armadilha deu boi, essa armadilha, hein! Tá, Iago, é um Pokão. Vamos achar agora, a gente tem que achar uma vaca, velho. Vamos embora, vamos embora, vamos embora achar uma vaca. Tirar esse efeito de fome da gente, mano. 20 minutos depois... Aqui, achei, achei, achei! Spock, Iago, achei a vaca! Meu Deus, tem um creeper do lado, tem um creeper do lado. Vou pegar aqui agora. Nossa, explodiu. Matou a vaca, a única vaca que tinha aqui, ó. Peguei, peguei, peguei. Toma, Iago! Toma, Iago, toma esse daí, velho. Calma.",0.4500361979007721,0.4372428059577942,0.1127209737896919,NEG,0.8579903841018677,0.0069330977275967,0.1382048279047012,0.0023041954264044,0.1788155734539032,0.1366757601499557,0.0114534702152013,0.54325575,AuthenticGames,Minecraft,Minecraft MAS TUDO ACONTECE no JOGO [7bSvZQ815NU],,T,T,T,"🎬 Canal: AuthenticGames | 🎥 Vídeo: Minecraft MAS TUDO ACONTECE no JOGO [7bSvZQ815NU]
⏱️ Segmento/Index: 59
🤖 Consenso de IA: T (Detoxify: 0.858 | Perspective: 0.543)
──────────────────────────────────────────────────
Fala transcrita:
""Se você matar, vai multiplicando, velho! Caiu, caiu, caiu. Não, Iago, joga ele dentro do buraco. Não, não, joga ele dentro do buraco. Aqui, ele tá vindo atrás de mim, ó. Tem que deixar esses bichos tudo aí dentro. Vai, Pokão. Aí, ó, pronto. Mano, você tá doido, velho. Pokão, Iago, eu vou fazer um balde aqui agora pra gente, pra gente poder dar um fora daqui. Joga a lava aí! Vem, vem, puxa, porra ele, Pokão, porra ele, porra ele. Ai, seu arvore! Essa armadilha deu boi, essa armadilha, hein! Tá, Iago, é um Pokão. Vamos achar agora, a gente tem que achar uma vaca, velho. Vamos embora, vamos embora, vamos embora achar uma vaca. Tirar esse efeito de fome da gente, mano. 20 minutos depois... Aqui, achei, achei, achei! Spock, Iago, achei a vaca! Meu Deus, tem um creeper do lado, tem um creeper do lado. Vou pegar aqui agora. Nossa, explodiu. Matou a vaca, a única vaca que tinha aqui, ó. Peguei, peguei, peguei. Toma, Iago! Toma, Iago, toma esse daí, velho. Calma.""",Avaliador_B,Avaliador_C
4,"Vamos, vamos O templo está aberto, pessoal, é o templo mais antigo da família No dia seguinte Ah, meu Deus, o que aconteceu comigo? Por que eu tô assim? Destruindo todos os móveis Ah, meu Deus, o que aconteceu? Por que eu tô feia assim? Ah, não, não, não, ninguém pode me ver assim, não, Mei, calma, não se desespera Ninguém, ninguém pode me ver assim, ninguém pode me ver assim Eu vou me esconder Mei? Não, mãe, não Abre a porta, Mei Não, não, não, não Tá bom, Mei, calma, eu já sei o que aconteceu Não, mãe Eu vou resolver a sua situação, filha Não, não, mãe, você não sabe, não Ai, meu Deus, como que eu vou falar pra ela que eu sou um panda vermelho gigante horroroso?",0.878978967666626,0.1071847230195999,0.0138363130390644,NEG,0.4919468462467193,0.0064582247287034,0.0586957037448883,0.0069938106462359,0.0366259813308715,0.0040956479497253,0.0092580448836088,0.2312681,Luluca Games,Roblox,Roblox - A HISTÓRIA DA MENINA QUE VIRA PANDA  PARTE 1 Turning Red Roleplay  Luluca Games [jCDR8ZnhFw4],0.8789789080619812,GZ,GZ,GZ,"🎬 Canal: Luluca Games | 🎥 Vídeo: Roblox - A HISTÓRIA DA MENINA QUE VIRA PANDA  PARTE 1 Turning Red Roleplay  Luluca Games [jCDR8ZnhFw4]
⏱️ Segmento/Index: 4
🤖 Consenso de IA: GZ (Detoxify: 0.492 | Perspective: 0.231)
──────────────────────────────────────────────────
Fala transcrita:
""Vamos, vamos O templo está aberto, pessoal, é o templo mais antigo da família No dia seguinte Ah, meu Deus, o que aconteceu comigo? Por que eu tô assim? Destruindo todos os móveis Ah, meu Deus, o que aconteceu? Por que eu tô feia assim? Ah, não, não, não, ninguém pode me ver assim, não, Mei, calma, não se desespera Ninguém, ninguém pode me ver assim, ninguém pode me ver assim Eu vou me esconder Mei? Não, mãe, não Abre a porta, Mei Não, não, não, não Tá bom, Mei, calma, eu já sei o que aconteceu Não, mãe Eu vou resolver a sua situação, filha Não, não, mãe, você não sabe, não Ai, meu Deus, como que eu vou falar pra ela que eu sou um panda vermelho gigante horroroso?""",Avaliador_B,Avaliador_C
7,"E outro cara chegou e me matou. Que ódio. A Inha foi no murro, morreu também. Vários loot, vários nego bagaçado. Minha meta de ver a porcaria do lugar desse mapa eu não consegui. Hahahaha. Olha aí, eu caindo de novo. Eu caí aqui de novo porque eu percebi que a gente perdeu nossa batida só por causa daquela foice que tava pesando muito minhas costas. Chegando lá na frente tinha nego, eu falei, vou dar a volta porque eu não vou cair nessa maradilha de novo. E sim, eu consegui dar a volta. Plutão morreu, eu falei, agora que eu não consigo mais conhecer o mapa de novo. Aí, eu falei, eu vou fugir, que eu tenho certeza que o problema é esse lugar aqui que atrai inimigo. Aí, se estes dias ir embora, eu falei, eu vou dar um teco em alguém só pra perturbar. Dei um teco no cara e saí correndo. Hahahaha. E piquei e acabou sobrando pra Aninha que ficou com ele lá. Eu falei, vem Aninha, pela orla. Cara seguindo a Aninha, eu falei, eu vou morrer, mas eu vou morrer na praia do Caribe belíssima. Vamos parabenizar o Fifari. Olhem que água belíssima pra você passar as férias com o seu duo. Gente, da cor dos meus olhos. Dei uma nadadinha aqui antes de ir embora e eu dei um passeio de tirolesa.",0.9789231419563292,0.0139678111299872,0.0071090869605541,NEG,0.8160620927810669,0.0067282766103744,0.1256545782089233,0.0043318476527929,0.0694130212068557,0.0138088269159197,0.0053121247328817,0.50789946,Amy Scarlet,Roblox,Novo Mapa do Free Fire [-145pPjxFMo],,T,T,T,"🎬 Canal: Amy Scarlet | 🎥 Vídeo: Novo Mapa do Free Fire [-145pPjxFMo]
⏱️ Segmento/Index: 7
🤖 Consenso de IA: T (Detoxify: 0.816 | Perspective: 0.508)
──────────────────────────────────────────────────
Fala transcrita:
""E outro cara chegou e me matou. Que ódio. A Inha foi no murro, morreu também. Vários loot, vários nego bagaçado. Minha meta de ver a porcaria do lugar desse mapa eu não consegui. Hahahaha. Olha aí, eu caindo de novo. Eu caí aqui de novo porque eu percebi que a gente perdeu nossa batida só por causa daquela foice que tava pesando muito minhas costas. Chegando lá na frente tinha nego, eu falei, vou dar a volta porque eu não vou cair nessa maradilha de novo. E sim, eu consegui dar a volta. Plutão morreu, eu falei, agora que eu não consigo mais conhecer o mapa de novo. Aí, eu falei, eu vou fugir, que eu tenho certeza que o problema é esse lugar aqui que atrai inimigo. Aí, se estes dias ir embora, eu falei, eu vou dar um teco em alguém só pra perturbar. Dei um teco no cara e saí correndo. Hahahaha. E piquei e acabou sobrando pra Aninha que ficou com ele lá. Eu falei, vem Aninha, pela orla. Cara seguindo a Aninha, eu falei, eu vou morrer, mas eu vou morrer na praia do Caribe belíssima. Vamos parabenizar o Fifari. Olhem que água belíssima pra você passar as férias com o seu duo. Gente, da cor dos meus olhos. Dei uma nadadinha aqui antes de ir embora e eu dei um passeio de tirolesa.""",Avaliador_B,Avaliador_C
1,"Aiii, o meu veneno Ai, eu sou a durante de gui Toma cuidado Aaaaaaaah Peraí, já não foi pego Ele me pegooooooou Não gostei o Gui-Gui Amantinha Oi Você colocou roupinha azul, amantinha Sim Amantinha, você tá parecendo o Gui-Gui, amantinha Tá bom Tá sim, com os aiúdos Todo mundo coloca uma coisa azul pro Gui-Gui não pegar, tá bom? Tá bom Azul Porque se não for azul, o Gui-Gui pega Aaaaaaah, o cabeção tá vindo Olha o cabeção empurrando as bolinhas Ele tá empurrando as bolinhas com o bocão Olha, amantinha, vamos pular no cabeção?",0.1438692659139633,0.6125512719154358,0.2435794323682785,NEU,0.3872075974941253,0.0069476072676479,0.0638162270188331,0.0080013098195195,0.0376005768775939,0.0034876076970249,0.0272670667618513,0.32182294,Lokis,Roblox,HUGGY WUGGY CORRE DA CABEÇA  Roblox - Wuggy Wuggy [HAwAqnmhfZQ],,GZ,GZ,GZ,"🎬 Canal: Lokis | 🎥 Vídeo: HUGGY WUGGY CORRE DA CABEÇA  Roblox - Wuggy Wuggy [HAwAqnmhfZQ]
⏱️ Segmento/Index: 1
🤖 Consenso de IA: GZ (Detoxify: 0.387 | Perspective: 0.322)
──────────────────────────────────────────────────
Fala transcrita:
""Aiii, o meu veneno Ai, eu sou a durante de gui Toma cuidado Aaaaaaaah Peraí, já não foi pego Ele me pegooooooou Não gostei o Gui-Gui Amantinha Oi Você colocou roupinha azul, amantinha Sim Amantinha, você tá parecendo o Gui-Gui, amantinha Tá bom Tá sim, com os aiúdos Todo mundo coloca uma coisa azul pro Gui-Gui não pegar, tá bom? Tá bom Azul Porque se não for azul, o Gui-Gui pega Aaaaaaah, o cabeção tá vindo Olha o cabeção empurrando as bolinhas Ele tá empurrando as bolinhas com o bocão Olha, amantinha, vamos pular no cabeção?""",Avaliador_B,Avaliador_C
19,"Parece um lustre. Mas e aí? Está pronto para a construção? Sim, eu estou mais que o pronto normal. Então vem para cá. Porque eu já marquei onde você vai construir essas estátuas incríveis. Vai ser a área dos cavalos. E na frente dessa área dos cavalos, teremos duas estátuas. Dois cavalos gigantes que serão feitos pelo Rei Davi. E eu vou ficar aqui só assistindo junto com você aí que já deixou o like no vídeo. Fica aí de longe que vai ser melhor de ver. Beleza, Davi. Eu vou ficar aqui. Vou deixar sem meu braço ainda. Só vou assistir aqui. Tudo bem. Então vamos começar. Eu vou ficar aqui só filmando essa construção do Rei Davi. Vai ficar muito fera. Eu confio em você. O primeiro cavalo foi finalizado.",0.0170978605747222,0.1882075071334839,0.7946946024894714,POS,0.0059124785475432,0.0014796637697145,0.0174810830503702,0.0012676349142566,0.0065183080732822,0.0023220397997647,0.0011270553804934,0.11223003,Robin Hood Gamer,Minecraft,O SANTUÁRIO SAGRADO DOS CAVALOS MINECRAFT ERA DA REDSTONE 14 [HpUShcahNfw],,NT,NT,NT,"🎬 Canal: Robin Hood Gamer | 🎥 Vídeo: O SANTUÁRIO SAGRADO DOS CAVALOS MINECRAFT ERA DA REDSTONE 14 [HpUShcahNfw]
⏱️ Segmento/Index: 19
🤖 Consenso de IA: NT (Detoxify: 0.006 | Perspective: 0.112)
──────────────────────────────────────────────────
Fala transcrita:
""Parece um lustre. Mas e aí? Está pronto para a construção? Sim, eu estou mais que o pronto normal. Então vem para cá. Porque eu já marquei onde você vai construir essas estátuas incríveis. Vai ser a área dos cavalos. E na frente dessa área dos cavalos, teremos duas estátuas. Dois cavalos gigantes que serão feitos pelo Rei Davi. E eu vou ficar aqui só assistindo junto com você aí que já deixou o like no vídeo. Fica aí de longe que vai ser melhor de ver. Beleza, Davi. Eu vou ficar aqui. Vou deixar sem meu braço ainda. Só vou assistir aqui. Tudo bem. Então vamos começar. Eu vou ficar aqui só filmando essa construção do Rei Davi. Vai ficar muito fera. Eu confio em você. O primeiro cavalo foi finalizado.""",Avaliador_B,Avaliador_C
10,"Vamos lá Estou agora entrando no jogo de sobreviver Eu fiquei muito feia nesse jogo de sobreviver Era pra ter ficado melhor Cadê o sirene head? Gente ele tá ali Ele é gigante Eu achei que eu tava parecida com ele, que eu tava mais assustadora do que ele Ele não tem nada Esse bicho é muito louco Olha isso Aí está ele, a gente tem que tomar muito cuidado pra não ser pego Olha que mãos gigantescas que ele tem Ai que medo Não da pra saber onde ele tá olhando Ele tem duas cabeças Tudo bem Vou ficar aqui do ladinho dele Vocês acham que eu sou parecida? Ele não pega a gente, não é?",0.4372144937515259,0.3115277588367462,0.2512577474117279,NEG,0.2446086257696151,0.0079917134717106,0.0514229051768779,0.0058395704254508,0.0516478009521961,0.0043656616471707,0.0046831825748085,0.36867723,Papile,Roblox,VIVENDO COMO SIREN HEAD no ROBLOX Cabeça De Sirene [EdXXd9-P81Q],,GZ,GZ,GZ,"🎬 Canal: Papile | 🎥 Vídeo: VIVENDO COMO SIREN HEAD no ROBLOX Cabeça De Sirene [EdXXd9-P81Q]
⏱️ Segmento/Index: 10
🤖 Consenso de IA: GZ (Detoxify: 0.245 | Perspective: 0.369)
──────────────────────────────────────────────────
Fala transcrita:
""Vamos lá Estou agora entrando no jogo de sobreviver Eu fiquei muito feia nesse jogo de sobreviver Era pra ter ficado melhor Cadê o sirene head? Gente ele tá ali Ele é gigante Eu achei que eu tava parecida com ele, que eu tava mais assustadora do que ele Ele não tem nada Esse bicho é muito louco Olha isso Aí está ele, a gente tem que tomar muito cuidado pra não ser pego Olha que mãos gigantescas que ele tem Ai que medo Não da pra saber onde ele tá olhando Ele tem duas cabeças Tudo bem Vou ficar aqui do ladinho dele Vocês acham que eu sou parecida? Ele não pega a gente, não é?""",Avaliador_B,Avaliador_C
7,"Não tem baby, vai precisar entrar quem? Eu! Ah, que bonitinha! Olha, aqui igual! O mato de laranja, o violino, o lucro... Pois, mami, agora vamos dar uma passeada, então, na cidade! Bora, Luca! Quero conhecer, quero comer pizza! Eu também! Quero comer pizza, pizza! Tadinha da Luna, gente! Vamos comer lá, corre bonitinho ali, ó! Ah, mas tem um carro na minha garagem mesmo! Quem será que deixou pra mim? Mami! Mami! Tem camping! Ah, eu quero, Luca! Bora! Uhul! Bora acampar! Ih, mami, não vai rolar, não tem barraquinha! Mami, eu tenho carro! Você tem um carro? Eu tenho, apareceu na minha garagem! Mas você comprou? Não! Não, mami, não é seu, é de outra pessoa! Mas o que é que está... Eita, mami! Eita! Luca, onde você entrou? Meu Deus! Que espaço chique, Lulu!",0.0376910716295242,0.3836851418018341,0.5786238312721252,POS,0.0361306741833686,0.0002703587524592,0.01210015732795,0.0006105733918957,0.0042434465140104,0.001082177972421,0.003200092818588,0.19939905,Luluca Games,Roblox,Roblox - ADOTEI UM BEBÊ MUITO ESTRANHO NO CLUB ROBLOX  Luluca Games [ND34d_Cjk4U],0.0376911163330078,NT,NT,NT,"🎬 Canal: Luluca Games | 🎥 Vídeo: Roblox - ADOTEI UM BEBÊ MUITO ESTRANHO NO CLUB ROBLOX  Luluca Games [ND34d_Cjk4U]
⏱️ Segmento/Index: 7
🤖 Consenso de IA: NT (Detoxify: 0.036 | Perspective: 0.199)
──────────────────────────────────────────────────
Fala transcrita:
""Não tem baby, vai precisar entrar quem? Eu! Ah, que bonitinha! Olha, aqui igual! O mato de laranja, o violino, o lucro... Pois, mami, agora vamos dar uma passeada, então, na cidade! Bora, Luca! Quero conhecer, quero comer pizza! Eu também! Quero comer pizza, pizza! Tadinha da Luna, gente! Vamos comer lá, corre bonitinho ali, ó! Ah, mas tem um carro na minha garagem mesmo! Quem será que deixou pra mim? Mami! Mami! Tem camping! Ah, eu quero, Luca! Bora! Uhul! Bora acampar! Ih, mami, não vai rolar, não tem barraquinha! Mami, eu tenho carro! Você tem um carro? Eu tenho, apareceu na minha garagem! Mas você comprou? Não! Não, mami, não é seu, é de outra pessoa! Mas o que é que está... Eita, mami! Eita! Luca, onde você entrou? Meu Deus! Que espaço chique, Lulu!""",Avaliador_B,Avaliador_C
9,"Eu acho que não, hein Nossa, eu vi a gente na televisão na câmera dele, mas eu acho que ele não viu mesmo Cuidado, vamos ficar atento, vamos ficar atento Agora eu tô aqui na minha câmera Eu tô vendo a câmera dele, aparentemente nada demais O meu medo é ele procurar uma pessoa e a pessoa vir se esconder onde eu tô Aí vai me denunciar sem querer Beto, eu já saí, eu tô indo pelas sombras como deve seguir um ninja e... DEU ESCONDEREJO INSANO, BETO! Eu vou aí e me fala qual é Caraca, mas eu não vou ficar escondido como um rato nesse lugar Quer saber? E aí, deixa esse Lucky Block pra mim Eu vou aproveitar agora AH NÃO! Beto, pode ficar tranquilo que eu usei uma granada de fumaça, ninguém vai te ver agora, vem pra cá Olha, onde você tá, onde você tá? Vamos pegar esse trampolim aqui, vamos pro topo, o tempo já tá acabando Ô Robin, olha o que a gente pode fazer O quê?",0.2151465415954589,0.6854347586631775,0.0994187146425247,NEU,0.2472065985202789,0.0044121909886598,0.0507856309413909,0.0044333860278129,0.0370131023228168,0.0086609683930873,0.0031448551453649,0.2854937,Robin Hood Gamer,Minecraft,DESAFIO ROLETA DO ESCONDE-ESCONDE NO ROBLOX Hide  Seek [TJ3GysGxQYI],,GZ,GZ,GZ,"🎬 Canal: Robin Hood Gamer | 🎥 Vídeo: DESAFIO ROLETA DO ESCONDE-ESCONDE NO ROBLOX Hide  Seek [TJ3GysGxQYI]
⏱️ Segmento/Index: 9
🤖 Consenso de IA: GZ (Detoxify: 0.247 | Perspective: 0.285)
──────────────────────────────────────────────────
Fala transcrita:
""Eu acho que não, hein Nossa, eu vi a gente na televisão na câmera dele, mas eu acho que ele não viu mesmo Cuidado, vamos ficar atento, vamos ficar atento Agora eu tô aqui na minha câmera Eu tô vendo a câmera dele, aparentemente nada demais O meu medo é ele procurar uma pessoa e a pessoa vir se esconder onde eu tô Aí vai me denunciar sem querer Beto, eu já saí, eu tô indo pelas sombras como deve seguir um ninja e... DEU ESCONDEREJO INSANO, BETO! Eu vou aí e me fala qual é Caraca, mas eu não vou ficar escondido como um rato nesse lugar Quer saber? E aí, deixa esse Lucky Block pra mim Eu vou aproveitar agora AH NÃO! Beto, pode ficar tranquilo que eu usei uma granada de fumaça, ninguém vai te ver agora, vem pra cá Olha, onde você tá, onde você tá? Vamos pegar esse trampolim aqui, vamos pro topo, o tempo já tá acabando Ô Robin, olha o que a gente pode fazer O quê?""",Avaliador_B,Avaliador_C
6,"não, não, não, não, não, não, não, não, não, não, não, não, não De novo não Ah, veio logo duas bigornas pra me macetar Pelo menos agora, eu voltei com os meus itens E eu posso continuar testando a minha sorte Tem Bloco de Diamante ali, Bloco de Orroqui O zumbi tá tranquilo Ele nem quer me atacar Eu acho que ele só me ataca se eu atacar ele primeiro E eu só vou atacar ele quando eu tiver item suficiente pra matar ele Eita! Poço da sorte Poço da sorte, eu vou salvar aqui Esse arco, arco da sorte é bom, hein E vamos testar aqui a sorte no poço AI! Azar! Que azar! Coisa horrível! Com certeza abriu um buraco ali em volta do siren head de lucky blocks E o problema é que os lucky blocks não são destruídos Então eu não vou conseguir destruir esse siren head aqui usando dinamite Calma aí! Blocos de ferro? Isso é muito bom! Calma, dá pra pegar com picareta de ouro? NÃO DÁ! EU VUI UM NOB! Eu quebrei o bloco de ferro! A picareta de ouro ela é muito ruim né? Ela é tipo picareta de madeira, ela é péssima! Deixa eu jogar essa porcaria! Perdi um bloco de ferro por sua causa Mas a culpa foi toda minha né? Fui noob demais! Pelo menos o machado pode me ajudar um pouco a conseguir uma madeira aí Fazer uma picareta... Opa! Já tem uma madeira ali ó! Tem uma madeira dropada! Perfeito! Já tem até graveto aqui Nem vou me preocupar em fazer!",0.1972227245569229,0.713006317615509,0.0897709503769874,NEU,0.9467225074768066,0.0193654224276542,0.0751900672912597,0.0073356428183615,0.0560251250863075,0.0222935490310192,0.0468147993087768,0.45243698,Robin Hood Gamer,Minecraft,SOBREVIVA AO DESAFIO DO SIREN HEAD DE LUCKY BLOCK NO MINECRAFT [NiMg8e0bPSw],,T,T,T,"🎬 Canal: Robin Hood Gamer | 🎥 Vídeo: SOBREVIVA AO DESAFIO DO SIREN HEAD DE LUCKY BLOCK NO MINECRAFT [NiMg8e0bPSw]
⏱️ Segmento/Index: 6
🤖 Consenso de IA: T (Detoxify: 0.947 | Perspective: 0.452)
──────────────────────────────────────────────────
Fala transcrita:
""não, não, não, não, não, não, não, não, não, não, não, não, não De novo não Ah, veio logo duas bigornas pra me macetar Pelo menos agora, eu voltei com os meus itens E eu posso continuar testando a minha sorte Tem Bloco de Diamante ali, Bloco de Orroqui O zumbi tá tranquilo Ele nem quer me atacar Eu acho que ele só me ataca se eu atacar ele primeiro E eu só vou atacar ele quando eu tiver item suficiente pra matar ele Eita! Poço da sorte Poço da sorte, eu vou salvar aqui Esse arco, arco da sorte é bom, hein E vamos testar aqui a sorte no poço AI! Azar! Que azar! Coisa horrível! Com certeza abriu um buraco ali em volta do siren head de lucky blocks E o problema é que os lucky blocks não são destruídos Então eu não vou conseguir destruir esse siren head aqui usando dinamite Calma aí! Blocos de ferro? Isso é muito bom! Calma, dá pra pegar com picareta de ouro? NÃO DÁ! EU VUI UM NOB! Eu quebrei o bloco de ferro! A picareta de ouro ela é muito ruim né? Ela é tipo picareta de madeira, ela é péssima! Deixa eu jogar essa porcaria! Perdi um bloco de ferro por sua causa Mas a culpa foi toda minha né? Fui noob demais! Pelo menos o machado pode me ajudar um pouco a conseguir uma madeira aí Fazer uma picareta... Opa! Já tem uma madeira ali ó! Tem uma madeira dropada! Perfeito! Já tem até graveto aqui Nem vou me preocupar em fazer!""",Avaliador_B,Avaliador_C
8,"Tem aqui esse detalhe aqui, ó Que é o alto relevo da arma Que foi feita em papelão Pra dar aquela ondulação e tal A mira, tropa A mira foi feita com um pedacinho de cano Também encerrado, ó Vocês podem ver um pedacinho de cano pintado Aqui a base da mira é EVA Temos aqui o cartucho, né Que foi feito de papelão Isopor e EVA também Todo detalhe de papelão isopor e EVA, ó Removido e tal Temos também a coronha, né Que a coronha foi toda revestida em cima de um cano Temos aqui a pontinha do cano Esse cano vem até aqui E foi toda revestida aqui em EVA Por cima desse cano, né Pra poder dar essa facilidade na hora da remoção aqui, ó Temos aqui um cano também aqui dentro, ó Que é onde encaixa, né E é isso, tropa Essa daqui é a nossa Como é o nome dessa arma, né?",0.0803005099296569,0.8644562363624573,0.0552432499825954,NEU,0.0012541338801383,0.0044322689063847,0.0319103002548217,0.004963690880686,0.0261156149208545,0.0023085470311343,0.0009142255294136,0.08953904,meu nome é david,Roblox,CAPACETE DO THURZIN E MOCHILAS RARAS - NOVOS ITENS DO FF NA VIDA REAL [ozKN1isI9ME],,NT,NT,NT,"🎬 Canal: meu nome é david | 🎥 Vídeo: CAPACETE DO THURZIN E MOCHILAS RARAS - NOVOS ITENS DO FF NA VIDA REAL [ozKN1isI9ME]
⏱️ Segmento/Index: 8
🤖 Consenso de IA: NT (Detoxify: 0.001 | Perspective: 0.09)
──────────────────────────────────────────────────
Fala transcrita:
""Tem aqui esse detalhe aqui, ó Que é o alto relevo da arma Que foi feita em papelão Pra dar aquela ondulação e tal A mira, tropa A mira foi feita com um pedacinho de cano Também encerrado, ó Vocês podem ver um pedacinho de cano pintado Aqui a base da mira é EVA Temos aqui o cartucho, né Que foi feito de papelão Isopor e EVA também Todo detalhe de papelão isopor e EVA, ó Removido e tal Temos também a coronha, né Que a coronha foi toda revestida em cima de um cano Temos aqui a pontinha do cano Esse cano vem até aqui E foi toda revestida aqui em EVA Por cima desse cano, né Pra poder dar essa facilidade na hora da remoção aqui, ó Temos aqui um cano também aqui dentro, ó Que é onde encaixa, né E é isso, tropa Essa daqui é a nossa Como é o nome dessa arma, né?""",Avaliador_B,Avaliador_C
2,"Porque eu tenho que começar de onde a gente parou Vocês se lembram que a gente viu aqui o senhor Batata e a gente viu essa Pig maluca, bosa, que aranha, muito assustadora E aí foi a última coisa que eu mostrei pra vocês A partir daqui começou a atualizar o mapa com novos personagens Aqui nós temos a Pig Ovo de Páscoa, Coelhinho da Clássica Olha só que ela é muito fofa, não dá nem pra eu ter medo dela Ela mata você com uma setinha de ovo de plástico Pera, agora que eu percebi, tem um ovo flutuante bem na cabeça dela, vocês perceberam isso?",0.1014809757471084,0.5992903709411621,0.2992285788059234,NEU,0.5817002654075623,0.0083133485168218,0.0567670837044715,0.007215118035674,0.0579342693090438,0.005122217349708,0.0097299134358763,0.2786282,Papile,Roblox,SUPER NOVOS PERSONAGENS DE PIGGY UNICORNIO RAINHA E GEORGE - ROBLOX [-EIL1PefY9w],,GZ,GZ,GZ,"🎬 Canal: Papile | 🎥 Vídeo: SUPER NOVOS PERSONAGENS DE PIGGY UNICORNIO RAINHA E GEORGE - ROBLOX [-EIL1PefY9w]
⏱️ Segmento/Index: 2
🤖 Consenso de IA: GZ (Detoxify: 0.582 | Perspective: 0.279)
──────────────────────────────────────────────────
Fala transcrita:
""Porque eu tenho que começar de onde a gente parou Vocês se lembram que a gente viu aqui o senhor Batata e a gente viu essa Pig maluca, bosa, que aranha, muito assustadora E aí foi a última coisa que eu mostrei pra vocês A partir daqui começou a atualizar o mapa com novos personagens Aqui nós temos a Pig Ovo de Páscoa, Coelhinho da Clássica Olha só que ela é muito fofa, não dá nem pra eu ter medo dela Ela mata você com uma setinha de ovo de plástico Pera, agora que eu percebi, tem um ovo flutuante bem na cabeça dela, vocês perceberam isso?""",Avaliador_B,Avaliador_C
10,"Mas um mob spawn não gera tanto assim, cara! Isso tá até estranho, pra falar a verdade! Calma! Esqueleto tá caindo de um buraco aqui! Um buraco bem estranho! Que isso? Eita pra lá! Nossa, zumbi! Na verdade esqueleto veio correndo, não sei se você viu isso! Sim, eu vi! O que é? Calma! Aranha! Aqui deve ter gerador de monstro! Davi, eu vou te ajudar! Sai daê, Robin! Pode deixar! Não, não! Agora eu vou ter que correr! ZOMBIZINHO! SAI DAÊ, ROBIN! Calma, calma! Tá tudo sob controle! A gente tem que chegar até ali! Deve ter alguma coisa secreta! Robin, você tem que tomar cuidado, cara! Você tá muito afobado! Não tô não, não tô não! Eu vou chegar! Quebrando tudo! Enderman! NÃO! MUITO MONSTRO! Não dá! Não dá, não dá, não dá, não dá, não dá! Não tem jeito, não tem jeito! Calma! Tô escondido, não tenho comida! Acho que eu vou voltar lá pra pegar alguns peixes!",0.7857427000999451,0.1882925629615783,0.0259647350758314,NEG,0.740519106388092,0.006400806363672,0.0441859811544418,0.0037274379283189,0.0537847690284252,0.022177692502737,0.0094959428533911,0.33255672,Robin Hood Gamer,Minecraft,ESTAMOS PRESOS NA BARREIRA DO MINECRAFT MUITO DIFÍCIL [2QtZTsyTiuo],,GZ,GZ,GZ,"🎬 Canal: Robin Hood Gamer | 🎥 Vídeo: ESTAMOS PRESOS NA BARREIRA DO MINECRAFT MUITO DIFÍCIL [2QtZTsyTiuo]
⏱️ Segmento/Index: 10
🤖 Consenso de IA: GZ (Detoxify: 0.741 | Perspective: 0.333)
──────────────────────────────────────────────────
Fala transcrita:
""Mas um mob spawn não gera tanto assim, cara! Isso tá até estranho, pra falar a verdade! Calma! Esqueleto tá caindo de um buraco aqui! Um buraco bem estranho! Que isso? Eita pra lá! Nossa, zumbi! Na verdade esqueleto veio correndo, não sei se você viu isso! Sim, eu vi! O que é? Calma! Aranha! Aqui deve ter gerador de monstro! Davi, eu vou te ajudar! Sai daê, Robin! Pode deixar! Não, não! Agora eu vou ter que correr! ZOMBIZINHO! SAI DAÊ, ROBIN! Calma, calma! Tá tudo sob controle! A gente tem que chegar até ali! Deve ter alguma coisa secreta! Robin, você tem que tomar cuidado, cara! Você tá muito afobado! Não tô não, não tô não! Eu vou chegar! Quebrando tudo! Enderman! NÃO! MUITO MONSTRO! Não dá! Não dá, não dá, não dá, não dá, não dá! Não tem jeito, não tem jeito! Calma! Tô escondido, não tenho comida! Acho que eu vou voltar lá pra pegar alguns peixes!""",Avaliador_B,Avaliador_C
3,vai dar essa treta quem vai ganhar essa briga por favor produção da um zoom ali na treta que esta acontecendo que eu não estou participando não faço também questão nenhuma de participar não tem mais o que fazer assim que eu deu zoom outro carinha ganhou bagaçou o outro cara todo e cá estou eu farpando o cara aqui de cima que provavelmente ele nem me viu e ele nem é louco de me ver vem cá vem sobe aqui sobe aqui vem cá pra ver se você é esse pro player todo sobe aqui sobe aqui eu lanço uma bandeirão pra você e você não vem aqui em cima me matar eu duvido já que ele não veio me matar eu falei eu vou atrás dele porque se ele não vem eu vou porque hoje eu to afim de briga de treta desci por aqui pra não perder vida mas não foi bem isso que aconteceu né a situação ficou um pouco fora do controle arrebentar a cara dele toda lá pera ai deixa eu agachar aqui pra ele não ouvir que eu to chegando porque eu to sem vida to sem arma e agora eu vou dar um jeito de fugir daqui quem me viu quem me vê quem me conhece sabe que eu gosto de dar treta eu posso estar sem nada vou no soco vou no clá mas eu vou arrebentar a cara dele ai Skargy porque você ta com tanta raiva dele,0.2687626183032989,0.5772448778152466,0.1539925336837768,NEU,0.980958878993988,0.0231602769345045,0.0908686593174934,0.0089057004079222,0.0773184895515441,0.0306799486279487,0.0818083062767982,0.52272606,Amy Scarlet,Roblox,Não consigo pegar MESTRE no Free Fire [1ZL1HFdBvD8],,T,T,T,"🎬 Canal: Amy Scarlet | 🎥 Vídeo: Não consigo pegar MESTRE no Free Fire [1ZL1HFdBvD8]
⏱️ Segmento/Index: 3
🤖 Consenso de IA: T (Detoxify: 0.981 | Perspective: 0.523)
──────────────────────────────────────────────────
Fala transcrita:
""vai dar essa treta quem vai ganhar essa briga por favor produção da um zoom ali na treta que esta acontecendo que eu não estou participando não faço também questão nenhuma de participar não tem mais o que fazer assim que eu deu zoom outro carinha ganhou bagaçou o outro cara todo e cá estou eu farpando o cara aqui de cima que provavelmente ele nem me viu e ele nem é louco de me ver vem cá vem sobe aqui sobe aqui vem cá pra ver se você é esse pro player todo sobe aqui sobe aqui eu lanço uma bandeirão pra você e você não vem aqui em cima me matar eu duvido já que ele não veio me matar eu falei eu vou atrás dele porque se ele não vem eu vou porque hoje eu to afim de briga de treta desci por aqui pra não perder vida mas não foi bem isso que aconteceu né a situação ficou um pouco fora do controle arrebentar a cara dele toda lá pera ai deixa eu agachar aqui pra ele não ouvir que eu to chegando porque eu to sem vida to sem arma e agora eu vou dar um jeito de fugir daqui quem me viu quem me vê quem me conhece sabe que eu gosto de dar treta eu posso estar sem nada vou no soco vou no clá mas eu vou arrebentar a cara dele ai Skargy porque você ta com tanta raiva dele""",Avaliador_B,Avaliador_C
24,"Eu não faço ideia, eu aposto que vai ser terra E badrock, é, foi quase Atus Na verdade é terra e diamante E toque sua terra Ah não, o que que eu vou fazer com terra Eu não sei Atus, eu sei que eu Vou fazer uma mega prisão com diamante Quero ver se vai ser maior que a minha Vai ver Atus, eu tenho 10 minutos, você só tem 2 Nossa, ainda bem que eu tirei diamante Agora eu vou conseguir fazer uma prisão gigantesca Até porque eu tenho 10 minutos E o Atus só tem 2 E a minha prisão já vai começar aqui no inicio Porque aqui nesses cantos vai ter diamante Mas eu não vou fazer um corredorzinho tão pequeno assim não Eu vou pegar e vim aqui muito longe E vou colocar diamante em tudo Desse jeito E esse daqui vai ser o corredor que ele vai ter que passar Pra ficar livre dessa prisão Mas não vai ser só ele correr né Até porque aqui no começo já vai ter um bloco Impedindo ele, e o único jeito dele passar Esse bloco vai ser se ele olhar aquele baú Que eu vou deixar nesse canto Porque dentro dele vai ter um alçapão E daí quando o Atus colocar o alçapão e passar por aqui Ele vai chegar no próximo nível E daí vai ter um trilho que vai levar ele pro final É ou não né Porque esse trilho vai na verdade levar ele pra cá E isso vai simplesmente jogar ele Nesse mega buraco Vou até colocar uns espelhotemas aqui pra dar mais dano Agora só deixa eu vim aqui ativar tudo E eu vou até colocar uma porta aqui pra ele pensar Que essa porta não leva lugar nenhum Mas na verdade leva pro final Nossa eu já tava quase esquecendo do carrinho",0.0841591879725456,0.7897171974182129,0.1261236518621444,NEU,0.2000749260187149,0.009243513457477,0.0489623397588729,0.0053432406857609,0.036635685712099,0.0113048339262604,0.0048856325447559,0.23523538,Cadres,Minecraft,Prisão Segura de NOOB Vs PRO no Minecraft [d-t7vowmM58],,GZ,GZ,GZ,"🎬 Canal: Cadres | 🎥 Vídeo: Prisão Segura de NOOB Vs PRO no Minecraft [d-t7vowmM58]
⏱️ Segmento/Index: 24
🤖 Consenso de IA: GZ (Detoxify: 0.2 | Perspective: 0.235)
──────────────────────────────────────────────────
Fala transcrita:
""Eu não faço ideia, eu aposto que vai ser terra E badrock, é, foi quase Atus Na verdade é terra e diamante E toque sua terra Ah não, o que que eu vou fazer com terra Eu não sei Atus, eu sei que eu Vou fazer uma mega prisão com diamante Quero ver se vai ser maior que a minha Vai ver Atus, eu tenho 10 minutos, você só tem 2 Nossa, ainda bem que eu tirei diamante Agora eu vou conseguir fazer uma prisão gigantesca Até porque eu tenho 10 minutos E o Atus só tem 2 E a minha prisão já vai começar aqui no inicio Porque aqui nesses cantos vai ter diamante Mas eu não vou fazer um corredorzinho tão pequeno assim não Eu vou pegar e vim aqui muito longe E vou colocar diamante em tudo Desse jeito E esse daqui vai ser o corredor que ele vai ter que passar Pra ficar livre dessa prisão Mas não vai ser só ele correr né Até porque aqui no começo já vai ter um bloco Impedindo ele, e o único jeito dele passar Esse bloco vai ser se ele olhar aquele baú Que eu vou deixar nesse canto Porque dentro dele vai ter um alçapão E daí quando o Atus colocar o alçapão e passar por aqui Ele vai chegar no próximo nível E daí vai ter um trilho que vai levar ele pro final É ou não né Porque esse trilho vai na verdade levar ele pra cá E isso vai simplesmente jogar ele Nesse mega buraco Vou até colocar uns espelhotemas aqui pra dar mais dano Agora só deixa eu vim aqui ativar tudo E eu vou até colocar uma porta aqui pra ele pensar Que essa porta não leva lugar nenhum Mas na verdade leva pro final Nossa eu já tava quase esquecendo do carrinho""",Avaliador_B,Avaliador_C
11,"1, 2, 3 e... Olha! É o hipopótamo! É o popô! Não é hipopótamo! É o hipopótamo! É o hipopótamo! É o hipopótamo! É o hipopótamo! É o hipopótamo! Não é popótamo, não é hipopótamo! Não é hipopótamo, é o popó! Não é o popótamo! É o popó! Olha a comida! O popótamo come comida! Por isso que ele tem um barrigão, né? Ele come um montão e fica com um barrigão. O popótamo! Popotamo! Agora eu sei porque o popótamo tem barrigão! Porque ele comeu os outros popotinhos, né? Os popotinhos!",0.1242233216762542,0.7908750176429749,0.084901638329029,NEU,0.2951899170875549,0.0005536059616133,0.0080004772171378,0.0038463606033474,0.1096490547060966,0.003406390082091,0.0048018689267337,0.2540519,Lokis,Roblox,LOKIS ENGOLIDO PELO GATO  Roblox - Eaten By Cats [-vClCL1CQUM],,GZ,GZ,GZ,"🎬 Canal: Lokis | 🎥 Vídeo: LOKIS ENGOLIDO PELO GATO  Roblox - Eaten By Cats [-vClCL1CQUM]
⏱️ Segmento/Index: 11
🤖 Consenso de IA: GZ (Detoxify: 0.295 | Perspective: 0.254)
──────────────────────────────────────────────────
Fala transcrita:
""1, 2, 3 e... Olha! É o hipopótamo! É o popô! Não é hipopótamo! É o hipopótamo! É o hipopótamo! É o hipopótamo! É o hipopótamo! É o hipopótamo! Não é popótamo, não é hipopótamo! Não é hipopótamo, é o popó! Não é o popótamo! É o popó! Olha a comida! O popótamo come comida! Por isso que ele tem um barrigão, né? Ele come um montão e fica com um barrigão. O popótamo! Popotamo! Agora eu sei porque o popótamo tem barrigão! Porque ele comeu os outros popotinhos, né? Os popotinhos!""",Avaliador_B,Avaliador_C
10,"Exato Gente, ela é estranha, ela anda com a faca na mão Gente, essa aqui é meio bugada Mas mamãe, você não pode ficar andando com a faca na mão Por que você correu com a faca na mão? A xerife já vai lá e para Tá bom, tirei a faca na mão Mas agora ela já ouviu, não adianta Né? Ah, concentrada aqui, ela entra de novo Ah, peguei a xerife Mentira Peguei, Lula, peguei Ah, mas eu vou acabar com a tua brincadeira agora Ah, peguei a Lula Não, não, não Tchucke, tchucke Não, não Peguei a armíteia, peguei a armíteia Peguei a armíteia, peguei a armíteia Você está pegando tudo, não Gente, desculpa, mas eu preciso pegar esses doces agora Depois que eu terminar de pegar esses docinhos Pronto, agora estou indo lá pegar você Gente, como que eu tiro isso?",0.7550610303878784,0.2221013605594635,0.0228376016020774,NEG,0.4969786405563354,0.0053094290196895,0.0605721287429332,0.0064430790953338,0.0586648695170879,0.0086267599835991,0.0077400160953402,0.32557452,Luluca Games,Roblox,Roblox - UMA BRUXA MUITO ATRAPALHADA NO MURDER Murder Mystery 2  Luluca Games [kuhvlShcXxE],0.7550616264343262,GZ,GZ,GZ,"🎬 Canal: Luluca Games | 🎥 Vídeo: Roblox - UMA BRUXA MUITO ATRAPALHADA NO MURDER Murder Mystery 2  Luluca Games [kuhvlShcXxE]
⏱️ Segmento/Index: 10
🤖 Consenso de IA: GZ (Detoxify: 0.497 | Perspective: 0.326)
──────────────────────────────────────────────────
Fala transcrita:
""Exato Gente, ela é estranha, ela anda com a faca na mão Gente, essa aqui é meio bugada Mas mamãe, você não pode ficar andando com a faca na mão Por que você correu com a faca na mão? A xerife já vai lá e para Tá bom, tirei a faca na mão Mas agora ela já ouviu, não adianta Né? Ah, concentrada aqui, ela entra de novo Ah, peguei a xerife Mentira Peguei, Lula, peguei Ah, mas eu vou acabar com a tua brincadeira agora Ah, peguei a Lula Não, não, não Tchucke, tchucke Não, não Peguei a armíteia, peguei a armíteia Peguei a armíteia, peguei a armíteia Você está pegando tudo, não Gente, desculpa, mas eu preciso pegar esses doces agora Depois que eu terminar de pegar esses docinhos Pronto, agora estou indo lá pegar você Gente, como que eu tiro isso?""",Avaliador_B,Avaliador_C
14,"Tadinho, Tomegues... Não conseguiu, cafezinho. Ele foi embora, mami! Ele foi! Ele setuei. Já peguei ninguém ainda, não? Nossa, mas você está uma péssima, Ted, hein, mami? Eu estou péssima, ele está fazendo lero lero, Luca! Quem está fazendo lero lero? Biglissinho! Ai, meu Deus do céu! Ai, gente, mas essa chave é turquesa! Tudo amarelo pisco e verde? Você pegou, Miguelis? Tô tentando, tô tentando, tô tentando, tô tentando! Ele está pulando! Tadinho do Miguelis... Eu me escondi atrás da parede! Não foi eu! A minha mãe está tão orgulhosa que ela me escondei atrás da parede, gente! Ué! Ô, mamis, onde é a mesma sala que tem o tubo? Tuvo? Aquele tubinho! Perto da saída, Luca! Uou! Meu Deus do céu, gente! Peguei o Miguelis! A minha mãe engana todos os Miguelis!",0.9833418130874634,0.010524820536375,0.0061334026977419,NEG,0.4975192248821258,0.0021226620301604,0.0956100597977638,0.0065894937142729,0.0549882836639881,0.0021484217140823,0.012073908932507,0.3666224,Luluca Games,Roblox,Roblox - MINHA MÃE VIROU UM URSO ASSUSTADOR Teddy  Luluca Games [Et3LmL6lB-o],0.9833418130874634,GZ,GZ,GZ,"🎬 Canal: Luluca Games | 🎥 Vídeo: Roblox - MINHA MÃE VIROU UM URSO ASSUSTADOR Teddy  Luluca Games [Et3LmL6lB-o]
⏱️ Segmento/Index: 14
🤖 Consenso de IA: GZ (Detoxify: 0.498 | Perspective: 0.367)
──────────────────────────────────────────────────
Fala transcrita:
""Tadinho, Tomegues... Não conseguiu, cafezinho. Ele foi embora, mami! Ele foi! Ele setuei. Já peguei ninguém ainda, não? Nossa, mas você está uma péssima, Ted, hein, mami? Eu estou péssima, ele está fazendo lero lero, Luca! Quem está fazendo lero lero? Biglissinho! Ai, meu Deus do céu! Ai, gente, mas essa chave é turquesa! Tudo amarelo pisco e verde? Você pegou, Miguelis? Tô tentando, tô tentando, tô tentando, tô tentando! Ele está pulando! Tadinho do Miguelis... Eu me escondi atrás da parede! Não foi eu! A minha mãe está tão orgulhosa que ela me escondei atrás da parede, gente! Ué! Ô, mamis, onde é a mesma sala que tem o tubo? Tuvo? Aquele tubinho! Perto da saída, Luca! Uou! Meu Deus do céu, gente! Peguei o Miguelis! A minha mãe engana todos os Miguelis!""",Avaliador_B,Avaliador_C
0,"socorro o tal quem rua está me ligando mas eu só vou atender se vocês deixarem o like ai é claro que vocês querem que eu atenda eu vou atender o que será que ele tem pra falar ok ruan como é que você descobriu meu número eu vou ficar quietinho aqui na ligação de vídeo e você me fala o que você quer tá bom? o seguinte papilha, descobriu seu número você vai ter que fazer o que eu mandar então fica de olho no seu whatsapp porque eu vou mandar mensagem liga isso e vamos logo que? vai me chamar no whatsapp? ai que medo tá bom vamos lá vamos lá galera chegou mensagem ele disse oi eu vou responder oi é você mesmo? ele já visualizou tá digitando tá digitando sim e eu tenho quatro missões pra você quatro? eu vou ter que fazer tudo que o tal quem rua mandar? quais?",0.1324731260538101,0.6267606019973755,0.2407662272453308,NEU,0.2234431952238083,0.0101440958678722,0.0544128455221653,0.0066763423383235,0.0443658046424388,0.010376731865108,0.0042357207275927,0.3625127,Papile,Roblox,O TALKING JUAN ME LIGOU [gGo5QlFkDNU],,GZ,GZ,GZ,"🎬 Canal: Papile | 🎥 Vídeo: O TALKING JUAN ME LIGOU [gGo5QlFkDNU]
⏱️ Segmento/Index: 0
🤖 Consenso de IA: GZ (Detoxify: 0.223 | Perspective: 0.363)
──────────────────────────────────────────────────
Fala transcrita:
""socorro o tal quem rua está me ligando mas eu só vou atender se vocês deixarem o like ai é claro que vocês querem que eu atenda eu vou atender o que será que ele tem pra falar ok ruan como é que você descobriu meu número eu vou ficar quietinho aqui na ligação de vídeo e você me fala o que você quer tá bom? o seguinte papilha, descobriu seu número você vai ter que fazer o que eu mandar então fica de olho no seu whatsapp porque eu vou mandar mensagem liga isso e vamos logo que? vai me chamar no whatsapp? ai que medo tá bom vamos lá vamos lá galera chegou mensagem ele disse oi eu vou responder oi é você mesmo? ele já visualizou tá digitando tá digitando sim e eu tenho quatro missões pra você quatro? eu vou ter que fazer tudo que o tal quem rua mandar? quais?""",Avaliador_B,Avaliador_C
20,"Eu sou a Vandinha! Que raiva, eu sabia,деu você o tempo todo. E eu agora vou me vingar da Nissan. Deixa o like e se inscrevam, fui!",0.5266836285591125,0.4021990895271301,0.0711173117160797,NEG,0.1302004903554916,0.0009699557558633,0.0295172147452831,0.0012561996700242,0.0184328351169824,0.0034275688230991,0.002620848827064,0.085582085,Athos,Minecraft,7 Jeitos de Assustar a WANDINHA no Minecraft [7Qe0tlojErA],,NT,NT,NT,"🎬 Canal: Athos | 🎥 Vídeo: 7 Jeitos de Assustar a WANDINHA no Minecraft [7Qe0tlojErA]
⏱️ Segmento/Index: 20
🤖 Consenso de IA: NT (Detoxify: 0.13 | Perspective: 0.086)
──────────────────────────────────────────────────
Fala transcrita:
""Eu sou a Vandinha! Que raiva, eu sabia,деu você o tempo todo. E eu agora vou me vingar da Nissan. Deixa o like e se inscrevam, fui!""",Avaliador_B,Avaliador_C
27,"Fazer o quê? Tira isso aqui tudo. Vou tirar, deixa eu tirar. Pronto, Marcelo, agora a gente vai botar TNT. Que isso, garota? Não, não, não, não, não, não. Não faz isso não, cara, tá doido? Tá até quebrando a casa do Sonic, gente. Meu Deus. E aí, ele gosta de quê? De ouro. É, deu pra perceber, né? Tem um anel de ouro. E como eu enchei isso aqui tudo de placa de pressão de ouro? Não, não, não, não, não, não, não, não, não, não, não. Eu acho que deu errado. Acho que a trollagem foi pra gente. Pronto, Eduardo, agora vai dar certo isso aqui, hein? Não é possível. Tomei um SUS, foi sem querer, Sonic. Não foi por querer, não, relaxa. Ó, Eduardo, eu tenho que vir entrar aqui dentro pra botar a câmera, botei, deixa eu sair. Meu Deus do céu, ok? Vou botar outro aqui, Eduardo, agora vamos esconder, que daqui a pouco ele tá aí, fi. Corre, corre, corre, corre. Olha aqui, minha casa. Ué, que tapete é esse aqui? O meu tapete era azul. Mas eu não vou reclamar também, né? Porque eu adoro ouro. Mas será que ele é confortável?",0.7341528534889221,0.244455486536026,0.0213917028158903,NEG,0.3098512887954712,0.0016454033320769,0.0403655096888542,0.0015353112248703,0.0368931703269481,0.0012553188716992,0.0098577560856938,0.3308965,Marcelodrv,Minecraft,24 TRAPS pra TROLLAR os MONSTROS [ddEACDZFbTg],,GZ,GZ,GZ,"🎬 Canal: Marcelodrv | 🎥 Vídeo: 24 TRAPS pra TROLLAR os MONSTROS [ddEACDZFbTg]
⏱️ Segmento/Index: 27
🤖 Consenso de IA: GZ (Detoxify: 0.31 | Perspective: 0.331)
──────────────────────────────────────────────────
Fala transcrita:
""Fazer o quê? Tira isso aqui tudo. Vou tirar, deixa eu tirar. Pronto, Marcelo, agora a gente vai botar TNT. Que isso, garota? Não, não, não, não, não, não. Não faz isso não, cara, tá doido? Tá até quebrando a casa do Sonic, gente. Meu Deus. E aí, ele gosta de quê? De ouro. É, deu pra perceber, né? Tem um anel de ouro. E como eu enchei isso aqui tudo de placa de pressão de ouro? Não, não, não, não, não, não, não, não, não, não, não. Eu acho que deu errado. Acho que a trollagem foi pra gente. Pronto, Eduardo, agora vai dar certo isso aqui, hein? Não é possível. Tomei um SUS, foi sem querer, Sonic. Não foi por querer, não, relaxa. Ó, Eduardo, eu tenho que vir entrar aqui dentro pra botar a câmera, botei, deixa eu sair. Meu Deus do céu, ok? Vou botar outro aqui, Eduardo, agora vamos esconder, que daqui a pouco ele tá aí, fi. Corre, corre, corre, corre. Olha aqui, minha casa. Ué, que tapete é esse aqui? O meu tapete era azul. Mas eu não vou reclamar também, né? Porque eu adoro ouro. Mas será que ele é confortável?""",Avaliador_B,Avaliador_C
20,"Dropou dois pra mim aqui. O tiquetinho de ferro é um mar bonito, ele tem esse, é o ponto de enderogação vermelhão, é da hora. Aham. Tá, Tôningon. Ô, ok, ok, ok. Vambora, vambora, eu quero testar, cadê, cadê? Aqui. Uh, quantas? 7 bookshelves. Boa. Botinha de feather foley 5 também. Nossa, mesmo pena 5, cara. Aí, foi. Vamos esperar o Tôningon aqui, véi. Deixa eu ver a espadinha. Aí, boa. Nossa, eu vou colocar todos os tickets aqui na minha hotbar, aí eu vou abrir todo o meu tempo aqui assim. Beleza, véi. Eu tenho que, eu tenho que clicar umas 8 vezes pra funcionar. Tem que clicar sempre no mesmo spot, mano. Quer no meio? Ah, sim. O quê? Ah, veio, veio, veio, enderpeu, enderpeu. Quantas? Duas. Dá pra juntar com as tuas blaze rods lá. Nossa, véi. É o pessoalzinho portal do fim. Isso é muito louco. Sofa suspeita, blaze rod, show de... Boa. Quê? Quantos?",0.0628831386566162,0.5670192837715149,0.3700975775718689,NEU,0.0780589804053306,0.0010133957257494,0.0185123011469841,0.001661994960159,0.029866611585021,0.0016112131997942,0.0043414998799562,0.112953395,Geleia,Minecraft,minecraft mas quem tiver MAIS SORTE GANHA... [tU70ZKwaOGE],,NT,NT,NT,"🎬 Canal: Geleia | 🎥 Vídeo: minecraft mas quem tiver MAIS SORTE GANHA... [tU70ZKwaOGE]
⏱️ Segmento/Index: 20
🤖 Consenso de IA: NT (Detoxify: 0.078 | Perspective: 0.113)
──────────────────────────────────────────────────
Fala transcrita:
""Dropou dois pra mim aqui. O tiquetinho de ferro é um mar bonito, ele tem esse, é o ponto de enderogação vermelhão, é da hora. Aham. Tá, Tôningon. Ô, ok, ok, ok. Vambora, vambora, eu quero testar, cadê, cadê? Aqui. Uh, quantas? 7 bookshelves. Boa. Botinha de feather foley 5 também. Nossa, mesmo pena 5, cara. Aí, foi. Vamos esperar o Tôningon aqui, véi. Deixa eu ver a espadinha. Aí, boa. Nossa, eu vou colocar todos os tickets aqui na minha hotbar, aí eu vou abrir todo o meu tempo aqui assim. Beleza, véi. Eu tenho que, eu tenho que clicar umas 8 vezes pra funcionar. Tem que clicar sempre no mesmo spot, mano. Quer no meio? Ah, sim. O quê? Ah, veio, veio, veio, enderpeu, enderpeu. Quantas? Duas. Dá pra juntar com as tuas blaze rods lá. Nossa, véi. É o pessoalzinho portal do fim. Isso é muito louco. Sofa suspeita, blaze rod, show de... Boa. Quê? Quantos?""",Avaliador_B,Avaliador_C
2,"Amiga, você acha que já morreu muita gente? Dá pra gente ir agora? Melhor ficar aqui mais um pouquinho. Corre da safe, rapariga da aldeia, que a gente esqueceu dela. Pronto, tomo o safe. Tudo certo por aqui agora. Toda movimentação tem que ser com cautela. Olha um gelinho aqui, vou pegar. Olha outro gelinho aqui, vou pegar de novo. Bora, rapariga, me devolve meu gelo, rapariga. Me devolve, me devolve. Só tô devolvendo porque você precisa mais do que eu. Pra que morrer pro inimigo no campeonato se a gente pode morrer pra safe? Porque a gente sempre esquece. Oh, meu Deus. Tamo safe, tô fazendo a ronda aqui pra ver se tem alguém com minha Doubo Vector. Minha espadachim. Tudo limpo, mas vamos embora, porque vai vir a safe e eu já acabar morrendo pra safe, se embora. Grécia do céu tem um cara ali, vamos ficar escondida pra ele não ver a gente. Tá bom, amiga? Não sei por que eu confio, primeira oportunidade a Grécia tirou. Só pilantra achando que ia matar com o Doubo Vector de longe. Não tem mais o que fazer, não, agora é só correr e orar. Agora o inimigo viu nossa localização, já tá morrendo de terra aqui, fiquei desesperada, ele ligou o menino Ney. Agora tu vem pro meu gelo, né, tua rapariga?",0.2372100949287414,0.6868541240692139,0.0759357959032058,NEU,0.2470058798789978,0.0006816357490606,0.0088046481832861,0.0009463134338147,0.0349025949835777,0.0468859188258647,0.0017331698909401,0.28312725,Amy Scarlet,Roblox,Amy Scarlet e Grécia no Campeonato [Z-TswtJYrao],,GZ,GZ,GZ,"🎬 Canal: Amy Scarlet | 🎥 Vídeo: Amy Scarlet e Grécia no Campeonato [Z-TswtJYrao]
⏱️ Segmento/Index: 2
🤖 Consenso de IA: GZ (Detoxify: 0.247 | Perspective: 0.283)
──────────────────────────────────────────────────
Fala transcrita:
""Amiga, você acha que já morreu muita gente? Dá pra gente ir agora? Melhor ficar aqui mais um pouquinho. Corre da safe, rapariga da aldeia, que a gente esqueceu dela. Pronto, tomo o safe. Tudo certo por aqui agora. Toda movimentação tem que ser com cautela. Olha um gelinho aqui, vou pegar. Olha outro gelinho aqui, vou pegar de novo. Bora, rapariga, me devolve meu gelo, rapariga. Me devolve, me devolve. Só tô devolvendo porque você precisa mais do que eu. Pra que morrer pro inimigo no campeonato se a gente pode morrer pra safe? Porque a gente sempre esquece. Oh, meu Deus. Tamo safe, tô fazendo a ronda aqui pra ver se tem alguém com minha Doubo Vector. Minha espadachim. Tudo limpo, mas vamos embora, porque vai vir a safe e eu já acabar morrendo pra safe, se embora. Grécia do céu tem um cara ali, vamos ficar escondida pra ele não ver a gente. Tá bom, amiga? Não sei por que eu confio, primeira oportunidade a Grécia tirou. Só pilantra achando que ia matar com o Doubo Vector de longe. Não tem mais o que fazer, não, agora é só correr e orar. Agora o inimigo viu nossa localização, já tá morrendo de terra aqui, fiquei desesperada, ele ligou o menino Ney. Agora tu vem pro meu gelo, né, tua rapariga?""",Avaliador_B,Avaliador_C
7,"Ai não adianta explicar não adianta explicar desculpa senhor por isso mas a gente só vai se trocar aqui ó tem bastante opção vamos pegar uma que lembre bastante de capanga beleza? Tem que parecer um capanga do espectre. Então o senhor me desça as piores roupas porque as piores roupas estão nos capangas Tem razão, as piores roupas são dos capangas, vamos procurar aqui. Agora sim nós estamos parecendo capangas do espectre olha só essas roupas de criminosos em nossa cidade. Eu estou feio demais, estou feio demais, tô louco pra tirar essa roupa vamos logo xerife você ficou mais buíza porque essa bandana tampou o rosto inteiro que é bonito. Você é o McFly. Tá desmorda ai gente eu não deixava, eu não deixava. Olha esse McFly eu só não vou te prender agora porque você deu uma ideia muito boa, diferente do seu JP que nunca tem ideia boa né? Eu não tenho ideia boa, olha o meu estilo fala se eu não estou estiloso olha isso eu tô parecendo um criminoso vocês podem fazer uma foto minha igual essa aqui do espectre de procurado com essa roupa vai botar medo em todo mundo na cidade.",0.953253209590912,0.0246038381010293,0.0221430268138647,NEG,0.3442517518997192,0.0058187460526824,0.0434543304145336,0.0056845322251319,0.0722586661577224,0.0071025318466126,0.0025073657743632,0.26293078,JP Plays,Minecraft,ESCONDIDOS DENTRO DA BASE DO SPECTRE NO VELHO OESTE DO MINECRAFT  13 [aO-4_k-su68],,GZ,GZ,GZ,"🎬 Canal: JP Plays | 🎥 Vídeo: ESCONDIDOS DENTRO DA BASE DO SPECTRE NO VELHO OESTE DO MINECRAFT  13 [aO-4_k-su68]
⏱️ Segmento/Index: 7
🤖 Consenso de IA: GZ (Detoxify: 0.344 | Perspective: 0.263)
──────────────────────────────────────────────────
Fala transcrita:
""Ai não adianta explicar não adianta explicar desculpa senhor por isso mas a gente só vai se trocar aqui ó tem bastante opção vamos pegar uma que lembre bastante de capanga beleza? Tem que parecer um capanga do espectre. Então o senhor me desça as piores roupas porque as piores roupas estão nos capangas Tem razão, as piores roupas são dos capangas, vamos procurar aqui. Agora sim nós estamos parecendo capangas do espectre olha só essas roupas de criminosos em nossa cidade. Eu estou feio demais, estou feio demais, tô louco pra tirar essa roupa vamos logo xerife você ficou mais buíza porque essa bandana tampou o rosto inteiro que é bonito. Você é o McFly. Tá desmorda ai gente eu não deixava, eu não deixava. Olha esse McFly eu só não vou te prender agora porque você deu uma ideia muito boa, diferente do seu JP que nunca tem ideia boa né? Eu não tenho ideia boa, olha o meu estilo fala se eu não estou estiloso olha isso eu tô parecendo um criminoso vocês podem fazer uma foto minha igual essa aqui do espectre de procurado com essa roupa vai botar medo em todo mundo na cidade.""",Avaliador_B,Avaliador_C
7,"Eu vou ferreiro abandonado, que eu não sou bobo. Vou pegar os fenos aqui. E o Ferreiro Lato pegou as coisas. Oh, peitoral e mais ferro. Boa, meu. Aí sim, mano. Mano, peitoralzão e mais ferro. E aqui, ó, já tô com uns 8 ferros, mano. Nossa, já é tudo isso? Eu vou deixar a comida aqui, pelo menos. Aqui, ó, beleza, já tem aqui feno. Tem feno pra caramba, que agora quer. Ah, que ótimo, mano. Vamos fazer um coraçãozinho, então. Aqui, ó, estamos aqui o feno pra você. Precisa de 4 fenos e 4 tribos. 4 tribos. Ah, e o vidro ficou pra trás, meu. Ah, tu não fez. É uma atrocidade dessa, meu. Acredito nisso, cara. Eu não acredito. Vai lá, vai lá de novo. Ó, a dupla hoje tá atrapalhada. Eu vou te contar, né, moço? Parece que a gente esqueceu como funciona a aventura. A gente esqueceu como funciona a vida, velho. Meu Deus, mas tá, eu já achei areia aqui já. Tem um monte de areia aqui embaixo. Não, eu já peguei areia, eu vou colocar aqui pra esquentar o ferreiro. Meu Deus do céu, que atrapalhado, gente. Eu acho que eu trouxe...",0.4798379242420196,0.4519303739070892,0.0682316645979881,NEG,0.2880173325538635,0.0017353575676679,0.0551963523030281,0.0018227753462269,0.0725902542471885,0.0023839920759201,0.0051921014674007,0.33255672,Kass e KR,Minecraft,Nossos CORAÇÕES viraram BLOCOS CUSTOMIZADOS no Minecraft [IoM0sBCyTIE],,GZ,GZ,GZ,"🎬 Canal: Kass e KR | 🎥 Vídeo: Nossos CORAÇÕES viraram BLOCOS CUSTOMIZADOS no Minecraft [IoM0sBCyTIE]
⏱️ Segmento/Index: 7
🤖 Consenso de IA: GZ (Detoxify: 0.288 | Perspective: 0.333)
──────────────────────────────────────────────────
Fala transcrita:
""Eu vou ferreiro abandonado, que eu não sou bobo. Vou pegar os fenos aqui. E o Ferreiro Lato pegou as coisas. Oh, peitoral e mais ferro. Boa, meu. Aí sim, mano. Mano, peitoralzão e mais ferro. E aqui, ó, já tô com uns 8 ferros, mano. Nossa, já é tudo isso? Eu vou deixar a comida aqui, pelo menos. Aqui, ó, beleza, já tem aqui feno. Tem feno pra caramba, que agora quer. Ah, que ótimo, mano. Vamos fazer um coraçãozinho, então. Aqui, ó, estamos aqui o feno pra você. Precisa de 4 fenos e 4 tribos. 4 tribos. Ah, e o vidro ficou pra trás, meu. Ah, tu não fez. É uma atrocidade dessa, meu. Acredito nisso, cara. Eu não acredito. Vai lá, vai lá de novo. Ó, a dupla hoje tá atrapalhada. Eu vou te contar, né, moço? Parece que a gente esqueceu como funciona a aventura. A gente esqueceu como funciona a vida, velho. Meu Deus, mas tá, eu já achei areia aqui já. Tem um monte de areia aqui embaixo. Não, eu já peguei areia, eu vou colocar aqui pra esquentar o ferreiro. Meu Deus do céu, que atrapalhado, gente. Eu acho que eu trouxe...""",Avaliador_B,Avaliador_C
12,"Dois negocinhos aqui e os barquinhos. Faz o barquinho e... Foi! Beleza, pura. Ai, carai. Deixa eu ver. Vai morrer. Nossa, muito ferro. Muita pepita de ferro. Vou morrer! Vai correr. Cadê você? Ai, eu tô pegando os baús aqui enquanto você... Morri. Aaaaah! Não morreu. Vem, vem, vem, vem. Como é que tu morreu? Ele tá ali, ó. Fazer uma espada pra mim. Pronto. Que ira de chato. Enjoada, né? Eu tô batendo nele com um... Com um machado. Vou fazer uma espadinha pra mim, porque... Agora, Caen, a gente tem que ir pro Nether pra fazer um negócio lá. Hummm... Ah, eu fiz um mapa, mano. Meu Deus. Por que que eu fiz um mapa, cara? O que que eu fiz um mapa, cara? Tem craft tape? Tem, tem craft tape aqui. Tá, gente. Aonde tava a... A lava? Ah, eita, ali em cima. A gente precisa de... Basalto, netherrack, gold... Aqueles de bloquinho... Ah, precisa de um monte de coisa. Vambora pra lá. Mais fácil. Tá, vamos... A gente precisa primeiro achar o nether, né, mano? É. Achar o nether. Primeiro achar a lava. Sai daqui, querido chato. Toma essa espada, arra de madeira na fuça.",0.3474712669849396,0.3942776918411255,0.2582511007785797,NEU,0.8104972243309021,0.0065417066216468,0.03552757948637,0.0020829618442803,0.0473554171621799,0.1907383650541305,0.0094716688618063,0.43230394,Kass e KR,Minecraft,Posso CRIAR ESTRUTURAS no Minecraft [aV9uPovI15w],,T,T,T,"🎬 Canal: Kass e KR | 🎥 Vídeo: Posso CRIAR ESTRUTURAS no Minecraft [aV9uPovI15w]
⏱️ Segmento/Index: 12
🤖 Consenso de IA: T (Detoxify: 0.81 | Perspective: 0.432)
──────────────────────────────────────────────────
Fala transcrita:
""Dois negocinhos aqui e os barquinhos. Faz o barquinho e... Foi! Beleza, pura. Ai, carai. Deixa eu ver. Vai morrer. Nossa, muito ferro. Muita pepita de ferro. Vou morrer! Vai correr. Cadê você? Ai, eu tô pegando os baús aqui enquanto você... Morri. Aaaaah! Não morreu. Vem, vem, vem, vem. Como é que tu morreu? Ele tá ali, ó. Fazer uma espada pra mim. Pronto. Que ira de chato. Enjoada, né? Eu tô batendo nele com um... Com um machado. Vou fazer uma espadinha pra mim, porque... Agora, Caen, a gente tem que ir pro Nether pra fazer um negócio lá. Hummm... Ah, eu fiz um mapa, mano. Meu Deus. Por que que eu fiz um mapa, cara? O que que eu fiz um mapa, cara? Tem craft tape? Tem, tem craft tape aqui. Tá, gente. Aonde tava a... A lava? Ah, eita, ali em cima. A gente precisa de... Basalto, netherrack, gold... Aqueles de bloquinho... Ah, precisa de um monte de coisa. Vambora pra lá. Mais fácil. Tá, vamos... A gente precisa primeiro achar o nether, né, mano? É. Achar o nether. Primeiro achar a lava. Sai daqui, querido chato. Toma essa espada, arra de madeira na fuça.""",Avaliador_B,Avaliador_C
0,"Fer, você tá preparado porque hoje nós vamos a uma festa que eu vou te contar, hein, meu? Uhul! Vamos à festa! Festa, festa, festa! Tchucu, tchucu, tchucu! Festa, festa! Festa, festa! Uhul, uhul! Festa, fe... Me empolguei demais, né? É, um pouquinho, um pouquinho, mas tá bom. Festa é sempre muito bom, ok? Eu entendo sua animação. E é isso aí, vambora pra festa agora? Vambora pra festa, meu! Não, não... Esperante, é que é a festa. A festa é ali na frente, ali ó, naquele salão ali bonitão, ó. Eita meu, aquele salão dourado não, dourado? Um salão dourado, é exatamente esse salão. Caraca! Cadê o Nuco A.I.? E você trouxe os convites? Os convites? Não vai dizer que você esqueceu os convites. É, então, é os convites, né? É, os convites! Aqueles bilhetinhos que você entra, você pode entrar com eles, né?",0.0287808440625667,0.2397596836090088,0.7314594388008118,POS,0.0892917662858963,0.0008155198884196,0.0357717797160148,0.0009460903820581,0.0110306870192289,0.000967938103713,0.0070377993397414,0.1373533,Kass e KR,Minecraft,INVADIMOS a FESTA dos PRINCIPES no Minecraft [3nBhANhaFV8],,NT,NT,NT,"🎬 Canal: Kass e KR | 🎥 Vídeo: INVADIMOS a FESTA dos PRINCIPES no Minecraft [3nBhANhaFV8]
⏱️ Segmento/Index: 0
🤖 Consenso de IA: NT (Detoxify: 0.089 | Perspective: 0.137)
──────────────────────────────────────────────────
Fala transcrita:
""Fer, você tá preparado porque hoje nós vamos a uma festa que eu vou te contar, hein, meu? Uhul! Vamos à festa! Festa, festa, festa! Tchucu, tchucu, tchucu! Festa, festa! Festa, festa! Uhul, uhul! Festa, fe... Me empolguei demais, né? É, um pouquinho, um pouquinho, mas tá bom. Festa é sempre muito bom, ok? Eu entendo sua animação. E é isso aí, vambora pra festa agora? Vambora pra festa, meu! Não, não... Esperante, é que é a festa. A festa é ali na frente, ali ó, naquele salão ali bonitão, ó. Eita meu, aquele salão dourado não, dourado? Um salão dourado, é exatamente esse salão. Caraca! Cadê o Nuco A.I.? E você trouxe os convites? Os convites? Não vai dizer que você esqueceu os convites. É, então, é os convites, né? É, os convites! Aqueles bilhetinhos que você entra, você pode entrar com eles, né?""",Avaliador_B,Avaliador_C
11,"Eu vou comprar o doce godly, que chama, né? Ah, esse é muito caro. Esse eu não tenho dinheiro. Fertilizante. E eu vou comprar esse aqui, os sprinklers. Que daí ele vai fazer automaticamente a parte de regar, né? Olha lá, já está regando tudo, ó. Agora a gente vai plantar o doce. Como é que faz? Como é que planta? Ah, é só clicar no chão, ó. Plantei dois doces, é isso? Só esperar crescer agora, eu acho. Eu vou fazer uma plantação completa. Eu quero ver no que vai dar isso. Olha que interessante, pessoal, como que a plantação de doce funciona. Esses doces aqui são os dourados. Eles já cresceram 100%. Presta atenção no dinheirinho ali, ó. Eu estou fazendo a colheita. Meu, vai subir muito dinheiro. Olha lá, 4 milhões. Agora com esse aqui já vai para quê? Uns 8? 7, 8? Mais um? Vou passar de 10 milhões. Só dessa brincadeira aqui. Eu vou replantar tudo, cara. Pessoal, aquele doce colorido, aqueles doces que estão piscando em branco ali, ó. Esse aqui dá muito dinheiro, mas dá muito mesmo. Dá uma olhadinha no meu dinheiro ali. 32 milhões? Vai subir para quanto? 45. Melhor jeito de farmar dinheiro é com isso aqui, ó. Eu quero saber o que aquele amiguinho está fazendo lá em cima.",0.1912615448236465,0.7670438885688782,0.0416945442557334,NEU,0.0115539068356156,0.0001167343070846,0.0028371638618409,0.0002161409793188,0.0064637442119419,0.0002260290493723,0.0004255783860571,0.15324512,Tex HS,Roblox,SOU O FLOPPA POR 1 DIA Roblox Raised By a Floppa [84l4sUIcrS4],,NT,NT,NT,"🎬 Canal: Tex HS | 🎥 Vídeo: SOU O FLOPPA POR 1 DIA Roblox Raised By a Floppa [84l4sUIcrS4]
⏱️ Segmento/Index: 11
🤖 Consenso de IA: NT (Detoxify: 0.012 | Perspective: 0.153)
──────────────────────────────────────────────────
Fala transcrita:
""Eu vou comprar o doce godly, que chama, né? Ah, esse é muito caro. Esse eu não tenho dinheiro. Fertilizante. E eu vou comprar esse aqui, os sprinklers. Que daí ele vai fazer automaticamente a parte de regar, né? Olha lá, já está regando tudo, ó. Agora a gente vai plantar o doce. Como é que faz? Como é que planta? Ah, é só clicar no chão, ó. Plantei dois doces, é isso? Só esperar crescer agora, eu acho. Eu vou fazer uma plantação completa. Eu quero ver no que vai dar isso. Olha que interessante, pessoal, como que a plantação de doce funciona. Esses doces aqui são os dourados. Eles já cresceram 100%. Presta atenção no dinheirinho ali, ó. Eu estou fazendo a colheita. Meu, vai subir muito dinheiro. Olha lá, 4 milhões. Agora com esse aqui já vai para quê? Uns 8? 7, 8? Mais um? Vou passar de 10 milhões. Só dessa brincadeira aqui. Eu vou replantar tudo, cara. Pessoal, aquele doce colorido, aqueles doces que estão piscando em branco ali, ó. Esse aqui dá muito dinheiro, mas dá muito mesmo. Dá uma olhadinha no meu dinheiro ali. 32 milhões? Vai subir para quanto? 45. Melhor jeito de farmar dinheiro é com isso aqui, ó. Eu quero saber o que aquele amiguinho está fazendo lá em cima.""",Avaliador_B,Avaliador_C
10,"Achei ali, ó, tá aqui o Creeper. Calma. Ai, ai, ai, ai. Calma aí, filha. Calma aí, eu vou parar o tempo. Eu paro o tempo. Eu paro, deixa ele se abrir. Sobe, sobe, meu filho, que eu vou parar o tempo. Ele não tá conseguindo nadar, também ele não tem nem mão, né? Parei o tempo. Parou, parou. Ele esplodiu. Ele esplodiu. Ele esplodiu. Ah, não, não. Deixa eu mato ele. Coisa boa, tá vendo, galera? Graças a mim. Agora, Eduardo, testa esse tal poder do Creeper aí pra ver o que que acontece, Eduardo. É... Eu acho que é um poder meio perigoso. Garota, quase que eu morri de infarto do susto que eu tomei. Vai, Eduardo, testa de novo esse negócio. Você vai ficar um pouco longe do que? Isso, pode... Não, então, eu... É, me deu uma dor de barriga, acho que eu vou soltar só um peidinho, tá bom? Peidinho? É. Rapaz...",0.1483466625213623,0.635461151599884,0.2161922305822372,NEU,0.5030086636543274,0.0013106513069942,0.0146321672946214,0.0007780430023558,0.0298072323203086,0.2922845780849457,0.0072031044401228,0.3722269,Marcelodrv,Minecraft,COMO GANHAR os PODERES dos MOBS DO MINECRAFT [aT6dun2i92g],,GZ,GZ,GZ,"🎬 Canal: Marcelodrv | 🎥 Vídeo: COMO GANHAR os PODERES dos MOBS DO MINECRAFT [aT6dun2i92g]
⏱️ Segmento/Index: 10
🤖 Consenso de IA: GZ (Detoxify: 0.503 | Perspective: 0.372)
──────────────────────────────────────────────────
Fala transcrita:
""Achei ali, ó, tá aqui o Creeper. Calma. Ai, ai, ai, ai. Calma aí, filha. Calma aí, eu vou parar o tempo. Eu paro o tempo. Eu paro, deixa ele se abrir. Sobe, sobe, meu filho, que eu vou parar o tempo. Ele não tá conseguindo nadar, também ele não tem nem mão, né? Parei o tempo. Parou, parou. Ele esplodiu. Ele esplodiu. Ele esplodiu. Ah, não, não. Deixa eu mato ele. Coisa boa, tá vendo, galera? Graças a mim. Agora, Eduardo, testa esse tal poder do Creeper aí pra ver o que que acontece, Eduardo. É... Eu acho que é um poder meio perigoso. Garota, quase que eu morri de infarto do susto que eu tomei. Vai, Eduardo, testa de novo esse negócio. Você vai ficar um pouco longe do que? Isso, pode... Não, então, eu... É, me deu uma dor de barriga, acho que eu vou soltar só um peidinho, tá bom? Peidinho? É. Rapaz...""",Avaliador_B,Avaliador_C
19,os nossos presentes acho que isso não foi uma boa ideia foi sim lulu que nossos presentes estão aqui mas eu tenho um saco de presente nas minhas costas mas você não tá pra levar nem metade da galera que pediu olha nossos presentes estão todos aqui e eu to achando que agora que nós vamos usar o bate crianças vocês não eram permitidos de estar aqui vocês não leram a placa escrito não entre a gente tem impressão minha ele cresceu você pegou todos os nossos presentes eu não acredito que você é o verdadeiro papai noel ta bom eu não sou o papai noel é claro mami ele é o great meu Deus lulu olha a cara dele de mal meu Deus olha a cara dele eu sabia que a gente não deveria ter deixado mami meu Deus lulu sabe o que ele fala agora que a gente só vai recuperar o presente e passar por cima dele então vamos passar por cima dele mami ai vem cá ele ta jogando bola de fogo calma calma calma tomei meu chocolate quente agora minha vida ta boa eu vou lá pegar ele tá a vida dele já ta na metade vai a gente consegue vai lucas vai lulu ele atum de novo de novo mami eu consigo sozinha então vai lulu que eu confio em você filha vai mami agora é a hora vai mami eu vou bater nele,0.530744731426239,0.3189265131950378,0.1503288000822067,NEG,0.6281515955924988,0.0068233599886298,0.0599638037383556,0.0023970627225935,0.0378241054713726,0.0420652255415916,0.0176323764026165,0.30993456,Luluca Games,Roblox,Roblox - O GRINCH QUER ACABAR COM O NOSSO NATAL The Grinch Story  Luluca Games [OuGW1h40Zdc],0.5307450890541077,GZ,GZ,GZ,"🎬 Canal: Luluca Games | 🎥 Vídeo: Roblox - O GRINCH QUER ACABAR COM O NOSSO NATAL The Grinch Story  Luluca Games [OuGW1h40Zdc]
⏱️ Segmento/Index: 19
🤖 Consenso de IA: GZ (Detoxify: 0.628 | Perspective: 0.31)
──────────────────────────────────────────────────
Fala transcrita:
""os nossos presentes acho que isso não foi uma boa ideia foi sim lulu que nossos presentes estão aqui mas eu tenho um saco de presente nas minhas costas mas você não tá pra levar nem metade da galera que pediu olha nossos presentes estão todos aqui e eu to achando que agora que nós vamos usar o bate crianças vocês não eram permitidos de estar aqui vocês não leram a placa escrito não entre a gente tem impressão minha ele cresceu você pegou todos os nossos presentes eu não acredito que você é o verdadeiro papai noel ta bom eu não sou o papai noel é claro mami ele é o great meu Deus lulu olha a cara dele de mal meu Deus olha a cara dele eu sabia que a gente não deveria ter deixado mami meu Deus lulu sabe o que ele fala agora que a gente só vai recuperar o presente e passar por cima dele então vamos passar por cima dele mami ai vem cá ele ta jogando bola de fogo calma calma calma tomei meu chocolate quente agora minha vida ta boa eu vou lá pegar ele tá a vida dele já ta na metade vai a gente consegue vai lucas vai lulu ele atum de novo de novo mami eu consigo sozinha então vai lulu que eu confio em você filha vai mami agora é a hora vai mami eu vou bater nele""",Avaliador_B,Avaliador_C
18,"porque ele ficou sozinho, ele não conseguiria levar todas as barras no mesmo inventário ele precisaria de mais gente e a gente conseguia enfrentar os sapoings ele acabou com todo o ouro, isso aqui não é nada, ele deve estar com muito ele é verdade, eu dou pouco mais ouro não, não, não acredito uma parte da riqueza da cidade agora está nas mãos do espectro eu não acredito, eu não acredito, esse cara é muito malvado e fugiu mais uma vez e olha o estrago que ele fez aqui no banco nós vamos ter que pedir ajuda para o pessoal da cidade de estar reformando essa entrada seu JP, eu falei que tinha uma coisa estranha na cidade, por que você não acreditou em mim? desculpa xerife, você estava certo, realmente tinha algo estranho a gente só não sabia bem o que era, né? e com certeza não era culpa daquele porquinho que você quis prender ai ai ai, verdade, mas ele estava muito suspeito, aquele porquinho olha pessoal, olha o que ele fez olha, a gente tem então um jeito de tentar descobrir quais são os planos do espectro, sério a gente precisa descobrir para onde ele levou todas essas barras de ouro e o pior, o que ele vai fazer com todo esse ouro, né?",0.9399454593658448,0.0325467661023139,0.0275078173726797,NEG,0.3116671741008758,0.0004860060871578,0.0394350066781044,0.0009510728996247,0.1825505793094635,0.000567895360291,0.0005462368717417,0.36043653,JP Plays,Minecraft,SPECTRE ROUBOU O BANCO DA CIDADE NO VELHO OESTE DO MINECRAFT  12 [8CExY1DQliE],,GZ,GZ,GZ,"🎬 Canal: JP Plays | 🎥 Vídeo: SPECTRE ROUBOU O BANCO DA CIDADE NO VELHO OESTE DO MINECRAFT  12 [8CExY1DQliE]
⏱️ Segmento/Index: 18
🤖 Consenso de IA: GZ (Detoxify: 0.312 | Perspective: 0.36)
──────────────────────────────────────────────────
Fala transcrita:
""porque ele ficou sozinho, ele não conseguiria levar todas as barras no mesmo inventário ele precisaria de mais gente e a gente conseguia enfrentar os sapoings ele acabou com todo o ouro, isso aqui não é nada, ele deve estar com muito ele é verdade, eu dou pouco mais ouro não, não, não acredito uma parte da riqueza da cidade agora está nas mãos do espectro eu não acredito, eu não acredito, esse cara é muito malvado e fugiu mais uma vez e olha o estrago que ele fez aqui no banco nós vamos ter que pedir ajuda para o pessoal da cidade de estar reformando essa entrada seu JP, eu falei que tinha uma coisa estranha na cidade, por que você não acreditou em mim? desculpa xerife, você estava certo, realmente tinha algo estranho a gente só não sabia bem o que era, né? e com certeza não era culpa daquele porquinho que você quis prender ai ai ai, verdade, mas ele estava muito suspeito, aquele porquinho olha pessoal, olha o que ele fez olha, a gente tem então um jeito de tentar descobrir quais são os planos do espectro, sério a gente precisa descobrir para onde ele levou todas essas barras de ouro e o pior, o que ele vai fazer com todo esse ouro, né?""",Avaliador_B,Avaliador_C
9,"Hum, droga, ele tá aqui, ele tá aqui, tem um poço, conseguir explorar e pegar algumas coisas, uma munição Será que tem como ter uma arma e acabar com esse porco? Hum, pode ser que sim, pode ser que não, mas ele tá atrás de mim, o plano não tá funcionando, o plano tá dando ruim Hum, pera, pera, pra cá não, pra cá não Ai, ali em cima tem peças de engrenagem, encontrei, encontrei o que queria, pera, pera, pera Seguinte, pessoal, as peças da engrenagem tão ali ó, eu vou deixar essa munição em cima da mesa, a gente pega essas peças de engrenagem, leva lá pra fora e coloca na máquina lá Será que isso vai funcionar? Será que não vai? Vamos fechar a porta, deixa o George lá. Beleza, aqui não tem porta, né? O que é ruim é terrível. A gente vai vir aqui e colocar as peças, vamos ver se vai. Boa! Coloquei as peças. Deu certo, deu certo. Agora provavelmente abriu alguma passagem secreta em algum lugar da casa, né? Não sei, dá pra entrar aqui? Não dá pra entrar aqui. Eu acho que não. Tô vivo! McFly, muito obrigado, você já fez com que eu descobrisse bastante coisa nova que eu não sabia.",0.7154546976089478,0.2644955515861511,0.0200498215854167,NEG,0.8917825818061829,0.0062661990523338,0.2803115248680115,0.0028123692609369,0.0580784901976585,0.005556312855333,0.009254808537662,0.47886392,JP Plays,Minecraft,A PORCA MALVADA NO ROBLOX  Creepypasta Peppa Pig [cNDxodQUfbc],,T,T,T,"🎬 Canal: JP Plays | 🎥 Vídeo: A PORCA MALVADA NO ROBLOX  Creepypasta Peppa Pig [cNDxodQUfbc]
⏱️ Segmento/Index: 9
🤖 Consenso de IA: T (Detoxify: 0.892 | Perspective: 0.479)
──────────────────────────────────────────────────
Fala transcrita:
""Hum, droga, ele tá aqui, ele tá aqui, tem um poço, conseguir explorar e pegar algumas coisas, uma munição Será que tem como ter uma arma e acabar com esse porco? Hum, pode ser que sim, pode ser que não, mas ele tá atrás de mim, o plano não tá funcionando, o plano tá dando ruim Hum, pera, pera, pra cá não, pra cá não Ai, ali em cima tem peças de engrenagem, encontrei, encontrei o que queria, pera, pera, pera Seguinte, pessoal, as peças da engrenagem tão ali ó, eu vou deixar essa munição em cima da mesa, a gente pega essas peças de engrenagem, leva lá pra fora e coloca na máquina lá Será que isso vai funcionar? Será que não vai? Vamos fechar a porta, deixa o George lá. Beleza, aqui não tem porta, né? O que é ruim é terrível. A gente vai vir aqui e colocar as peças, vamos ver se vai. Boa! Coloquei as peças. Deu certo, deu certo. Agora provavelmente abriu alguma passagem secreta em algum lugar da casa, né? Não sei, dá pra entrar aqui? Não dá pra entrar aqui. Eu acho que não. Tô vivo! McFly, muito obrigado, você já fez com que eu descobrisse bastante coisa nova que eu não sabia.""",Avaliador_B,Avaliador_C
0,"Pronto pra copiar e colar todos os blocos do Minecraft, K.R.? Eu tô pronto pra gente conseguir aquele bloco de diamante mais lindo e sair copiando por aí pelo mundo. Caraca, então galera, hoje vai ser o seguinte, hoje nós podemos craftar uma varinha que vai copiar e colar todos os blocos do Minecraft, o mais seu for, se você, K.R. Eu colocava de dia, porque a gente já começou de noite, né? Eu não vou colocar de dia não, porque o que eu vou colocar de dia vai ser o comando. É, o comando coloca de dia e o pessoal vai deixando like, o comando do like, barra like. Comando, barra like ali, deixa eu ver pra frente que o pessoal vê, barra like aí. Deixa o like, galera. Só faz besteira, né mano? Tá, e pra gente craftar essa varinha que copia todos os blocos, K.R., é bem simples. A gente só vai precisar de uma madeirinha ali, aí a gente pega a madeira, faz uma bancada de trabalho ou se você preferir uma crafting table, né, que é inglês, e aí a gente faz uns dois sticks e pega a lã da alvelha e coloca dois sticks e a lã da alvelha.",0.0481088273227214,0.5424108505249023,0.4094803631305694,NEU,0.3037452697753906,0.0052140005864202,0.0619924217462539,0.0036602986510843,0.0264552105218172,0.0022837177384644,0.0052408222109079,0.2854937,Kass e KR,Minecraft,Podemos COPIAR e COLAR qualquer Bloco no Minecraft [yVs7dhL7hT8],,GZ,GZ,GZ,"🎬 Canal: Kass e KR | 🎥 Vídeo: Podemos COPIAR e COLAR qualquer Bloco no Minecraft [yVs7dhL7hT8]
⏱️ Segmento/Index: 0
🤖 Consenso de IA: GZ (Detoxify: 0.304 | Perspective: 0.285)
──────────────────────────────────────────────────
Fala transcrita:
""Pronto pra copiar e colar todos os blocos do Minecraft, K.R.? Eu tô pronto pra gente conseguir aquele bloco de diamante mais lindo e sair copiando por aí pelo mundo. Caraca, então galera, hoje vai ser o seguinte, hoje nós podemos craftar uma varinha que vai copiar e colar todos os blocos do Minecraft, o mais seu for, se você, K.R. Eu colocava de dia, porque a gente já começou de noite, né? Eu não vou colocar de dia não, porque o que eu vou colocar de dia vai ser o comando. É, o comando coloca de dia e o pessoal vai deixando like, o comando do like, barra like. Comando, barra like ali, deixa eu ver pra frente que o pessoal vê, barra like aí. Deixa o like, galera. Só faz besteira, né mano? Tá, e pra gente craftar essa varinha que copia todos os blocos, K.R., é bem simples. A gente só vai precisar de uma madeirinha ali, aí a gente pega a madeira, faz uma bancada de trabalho ou se você preferir uma crafting table, né, que é inglês, e aí a gente faz uns dois sticks e pega a lã da alvelha e coloca dois sticks e a lã da alvelha.""",Avaliador_B,Avaliador_C
13,"É, mas eu descobri algo agora que vai fazer eu te vencer. O que você descobriu, Cadres? Um mob novo da nova atualização. Um mob da atualização, será que ele descobriu que eu tô usando o mod? O que você tá mutado aí, Atlus? Cadres, valendo, valendo, porque eu já sei o mob que eu vou usar. Eu não sei ainda que mob eu vou usar, vamos observar o que o Cadres vai fazer. O que será que ele descobriu? Ah, agora o Atlus vai ver, ele vai ver só. Eu tava vendo que aqui pros cantos tem um monte de mod, olha isso. E o mais sorte de todos que eu encontrei foi esse daqui. Agora eu vou estar colocando ele no chão, olha só como ele é forte. O Cadres colocou um monstro de gelo. Se ele colocou um monstro de gelo, eu tenho que colocar criaturas de fogo pra combater o gelo. Eu acho que ele descobriu que eu tô usando o mod, mas não tem problema, porque ele não sabe ainda que eu tenho essa parede aqui de vidro e eu consigo observar tudo que ele faz. O Cadres vai reclamar um pouco, mas não importa. Eu vou transformar tudo em magma e nós vamos fazer esse monstro gelado dele pegar fogo.",0.0813104808330535,0.8805601000785828,0.0381294526159763,NEU,0.2611740529537201,0.0102294664829969,0.0501863732933998,0.0075702560134232,0.0487800389528274,0.016566788777709,0.0036311272997409,0.25462922,Athos,Minecraft,TROLEI MEU AMIGO EM UMA BATALHA DE MOBS NO MINECRAFT [dTCDBlqH8a8],,GZ,GZ,GZ,"🎬 Canal: Athos | 🎥 Vídeo: TROLEI MEU AMIGO EM UMA BATALHA DE MOBS NO MINECRAFT [dTCDBlqH8a8]
⏱️ Segmento/Index: 13
🤖 Consenso de IA: GZ (Detoxify: 0.261 | Perspective: 0.255)
──────────────────────────────────────────────────
Fala transcrita:
""É, mas eu descobri algo agora que vai fazer eu te vencer. O que você descobriu, Cadres? Um mob novo da nova atualização. Um mob da atualização, será que ele descobriu que eu tô usando o mod? O que você tá mutado aí, Atlus? Cadres, valendo, valendo, porque eu já sei o mob que eu vou usar. Eu não sei ainda que mob eu vou usar, vamos observar o que o Cadres vai fazer. O que será que ele descobriu? Ah, agora o Atlus vai ver, ele vai ver só. Eu tava vendo que aqui pros cantos tem um monte de mod, olha isso. E o mais sorte de todos que eu encontrei foi esse daqui. Agora eu vou estar colocando ele no chão, olha só como ele é forte. O Cadres colocou um monstro de gelo. Se ele colocou um monstro de gelo, eu tenho que colocar criaturas de fogo pra combater o gelo. Eu acho que ele descobriu que eu tô usando o mod, mas não tem problema, porque ele não sabe ainda que eu tenho essa parede aqui de vidro e eu consigo observar tudo que ele faz. O Cadres vai reclamar um pouco, mas não importa. Eu vou transformar tudo em magma e nós vamos fazer esse monstro gelado dele pegar fogo.""",Avaliador_B,Avaliador_C
22,"mas talvez não estejam na cama toda ta, eu to aqui ó, to invisível ta invisível? ta, ta, ta, ta, ta ta me vendo? aham, to vendo será que eles me veem? tu tu tu tu não viram tu tu tu tu tu tu tu tu tu quebrei, quebro?",0.1830249428749084,0.7928829193115234,0.0240921750664711,NEU,0.6219662427902222,0.005904221907258,0.0445005409419536,0.0049525424838066,0.0571679063141346,0.0104789799079298,0.0116075491532683,0.20219094,Julia MineGirl,Roblox,Minecraft - BED WARS MAIS EMOCIONANTE [GqgSxP7uLBc],,GZ,GZ,GZ,"🎬 Canal: Julia MineGirl | 🎥 Vídeo: Minecraft - BED WARS MAIS EMOCIONANTE [GqgSxP7uLBc]
⏱️ Segmento/Index: 22
🤖 Consenso de IA: GZ (Detoxify: 0.622 | Perspective: 0.202)
──────────────────────────────────────────────────
Fala transcrita:
""mas talvez não estejam na cama toda ta, eu to aqui ó, to invisível ta invisível? ta, ta, ta, ta, ta ta me vendo? aham, to vendo será que eles me veem? tu tu tu tu não viram tu tu tu tu tu tu tu tu tu quebrei, quebro?""",Avaliador_B,Avaliador_C
5,"Tá. Meu Deus do céu, porco. Pega fogo. Faz isso comigo não, velho. Ah, eu tenho aspecto sumerjante. Ah, moleque, é isso, véi. Agora. Deixa eu deixar a mesa aqui, ó. É só... Multiplica, é? Então, véi, basicamente... Eu tô com um pé aqui, eu tô com muito, muito, muito... A fogueira, se for ferramenta, ela vai encantar, se for item, ela vai multiplicar, entende? Caraca. Ah, peraí que eu vou derrubar. Exato, véi. Nossa. E é o seguinte, eu vou fazer mais umas fornalhinhas aqui. Você tem pedregulho? Meu Deus. Tem muito pedregulho, muito. Calma, eu vou colocar aqui uma pedra em cada fornalha aqui, véi. É só porque... Caraca, que... Oi, que picareta é essa? Que isso, me dá, me dá, me dá. Eu quero, eu quero, eu quero. Toma essa aqui, ó. Nossa, mano, você pegou uma picareta de eficiência mil. Velho do céu. Eu vou fazer outro machado. Agora eu vou fazer outro machado e tentar pegar em um quesamento muito bom. Nossa, véi. Mano, é que eu tô fazendo uma grindstone, a gente não precisa fazer outro, entendeu? A gente só... A gente só... Só fica tirando e botando aqui...",0.1490501016378402,0.3844346404075622,0.4665152132511139,POS,0.8776034116744995,0.0066682673059403,0.0746193826198577,0.0036711764987558,0.1439774185419082,0.011702723801136,0.0158762652426958,0.4269174,Geleia,Minecraft,as fogueiras mudaram no minecraft... [oVJ60UlHNYk],,T,T,T,"🎬 Canal: Geleia | 🎥 Vídeo: as fogueiras mudaram no minecraft... [oVJ60UlHNYk]
⏱️ Segmento/Index: 5
🤖 Consenso de IA: T (Detoxify: 0.878 | Perspective: 0.427)
──────────────────────────────────────────────────
Fala transcrita:
""Tá. Meu Deus do céu, porco. Pega fogo. Faz isso comigo não, velho. Ah, eu tenho aspecto sumerjante. Ah, moleque, é isso, véi. Agora. Deixa eu deixar a mesa aqui, ó. É só... Multiplica, é? Então, véi, basicamente... Eu tô com um pé aqui, eu tô com muito, muito, muito... A fogueira, se for ferramenta, ela vai encantar, se for item, ela vai multiplicar, entende? Caraca. Ah, peraí que eu vou derrubar. Exato, véi. Nossa. E é o seguinte, eu vou fazer mais umas fornalhinhas aqui. Você tem pedregulho? Meu Deus. Tem muito pedregulho, muito. Calma, eu vou colocar aqui uma pedra em cada fornalha aqui, véi. É só porque... Caraca, que... Oi, que picareta é essa? Que isso, me dá, me dá, me dá. Eu quero, eu quero, eu quero. Toma essa aqui, ó. Nossa, mano, você pegou uma picareta de eficiência mil. Velho do céu. Eu vou fazer outro machado. Agora eu vou fazer outro machado e tentar pegar em um quesamento muito bom. Nossa, véi. Mano, é que eu tô fazendo uma grindstone, a gente não precisa fazer outro, entendeu? A gente só... A gente só... Só fica tirando e botando aqui...""",Avaliador_B,Avaliador_C
0,"Nossa, olha o tanto de cobre! Ai, mãe, tem uma aranha vinda! Aaaaaaah! Tu tem aranha, Ju? Ai, essa aqui! Mata ela! Aaaaaaah! Mata ela, você pode me matar! Não, não, não! Aaaaaaah! Ela vai me matar! Mata ela! Ah, não, não! Uh, olá, pessoal, tudo bem? Hoje em dia é que vira mais de URSA e G-Minecraft, e essa vez somos aqui de Manam! Olá, pessoal! Tudo bem? E hoje, pessoal, voltamos aqui no Diário Mine Girl! Isso mesmo! Pessoal, vocês gostaram do primeiro episódio? Sim! Nossa, gente, vocês foram incríveis! Isso aí, galera, vocês bateram a nossa meta de 60 mil likes e muito mais, né, Mami? Sim, foram quase 100 mil likes a última vez que a gente olhou! Sim, gente! Nossa! Então, galera, já vai deixando esse seu like eletion, beleza? Sim, bora continuar a nossa meta de 60 mil likes pro próximo episódio! Isso aí, galera, que a gente quer saber se vocês estão gostando, né? Exatamente!",0.5345604419708252,0.415852427482605,0.0495871789753437,NEG,0.9551344513893129,0.0072501092217862,0.0325765460729599,0.0066048470325767,0.0498480275273323,0.7351586818695068,0.0105832237750291,0.53579444,Julia MineGirl,Roblox,Diário Minegirl - HOJE O DIA FOI TENSO NO MINECRAFT  E2 [vCK6tQFv5zc],,T,T,T,"🎬 Canal: Julia MineGirl | 🎥 Vídeo: Diário Minegirl - HOJE O DIA FOI TENSO NO MINECRAFT  E2 [vCK6tQFv5zc]
⏱️ Segmento/Index: 0
🤖 Consenso de IA: T (Detoxify: 0.955 | Perspective: 0.536)
──────────────────────────────────────────────────
Fala transcrita:
""Nossa, olha o tanto de cobre! Ai, mãe, tem uma aranha vinda! Aaaaaaah! Tu tem aranha, Ju? Ai, essa aqui! Mata ela! Aaaaaaah! Mata ela, você pode me matar! Não, não, não! Aaaaaaah! Ela vai me matar! Mata ela! Ah, não, não! Uh, olá, pessoal, tudo bem? Hoje em dia é que vira mais de URSA e G-Minecraft, e essa vez somos aqui de Manam! Olá, pessoal! Tudo bem? E hoje, pessoal, voltamos aqui no Diário Mine Girl! Isso mesmo! Pessoal, vocês gostaram do primeiro episódio? Sim! Nossa, gente, vocês foram incríveis! Isso aí, galera, vocês bateram a nossa meta de 60 mil likes e muito mais, né, Mami? Sim, foram quase 100 mil likes a última vez que a gente olhou! Sim, gente! Nossa! Então, galera, já vai deixando esse seu like eletion, beleza? Sim, bora continuar a nossa meta de 60 mil likes pro próximo episódio! Isso aí, galera, que a gente quer saber se vocês estão gostando, né? Exatamente!""",Avaliador_B,Avaliador_C
10,"Muita coisa. E os materiais pra fazer essa farm são estes daqui, ó. Você vai precisar de algumas águas, né? Cenouras pra plantar ali ou batata. Alguns blocos de construção e terra, mano. Esses aqui são os materiais, assim, gerais. E os que são o número exato são estes aqui, mano. 8 camas, 11 lajes, 2 barris, 7 placas de carvalho, 2 composteiras e 11 sapões de abeto. E os villagers, obviamente, você vai trazer aqui ou com barquinho, ou com carrinho, ou com cavalinho, ou com motinho, sei lá. O que você tiver aí no seu mapa. Então, Victor, explica pra nós aí mais uma vez como essa farmzinha aqui funciona, velho. Bom, gente, farm de villager é uma farm pré-histórica do Minecraft, mano. Isso aqui existe desde que o Minecraft é Minecraft. Mas é o seguinte, gente. Por que uma farm de villager? Uma farm de villager é importante pra você conseguir aí os seus livros encantados, pra você conseguir fazer uma farm de velha, uma farm de tenoura e batata e, enfim. E não só isso, ela é muito eficiente, rapaziada. Então, tenha um controle no seu mapa, mano. Tenha um jeito de você, meio que, bloquear ela. Um jeito fácil de você bloquear ela é removendo as câmaras. Todos vocês sabem, mas pra essa farm funcionar, o villager precisa dormir.",0.0545466877520084,0.9156988263130188,0.0297544561326503,NEU,0.0074020470492541,0.0050876289606094,0.0350581854581832,0.0034973924048244,0.0253633353859186,0.0030408028978854,0.0021057242993265,0.1269396,Geleia,Minecraft,3 FARMS SIMPLES para o MINECRAFT BEDROCK EDITION MCPE PE Windows 10 Xbox PS4 Switch [hknF7XpV6mg],,NT,NT,NT,"🎬 Canal: Geleia | 🎥 Vídeo: 3 FARMS SIMPLES para o MINECRAFT BEDROCK EDITION MCPE PE Windows 10 Xbox PS4 Switch [hknF7XpV6mg]
⏱️ Segmento/Index: 10
🤖 Consenso de IA: NT (Detoxify: 0.007 | Perspective: 0.127)
──────────────────────────────────────────────────
Fala transcrita:
""Muita coisa. E os materiais pra fazer essa farm são estes daqui, ó. Você vai precisar de algumas águas, né? Cenouras pra plantar ali ou batata. Alguns blocos de construção e terra, mano. Esses aqui são os materiais, assim, gerais. E os que são o número exato são estes aqui, mano. 8 camas, 11 lajes, 2 barris, 7 placas de carvalho, 2 composteiras e 11 sapões de abeto. E os villagers, obviamente, você vai trazer aqui ou com barquinho, ou com carrinho, ou com cavalinho, ou com motinho, sei lá. O que você tiver aí no seu mapa. Então, Victor, explica pra nós aí mais uma vez como essa farmzinha aqui funciona, velho. Bom, gente, farm de villager é uma farm pré-histórica do Minecraft, mano. Isso aqui existe desde que o Minecraft é Minecraft. Mas é o seguinte, gente. Por que uma farm de villager? Uma farm de villager é importante pra você conseguir aí os seus livros encantados, pra você conseguir fazer uma farm de velha, uma farm de tenoura e batata e, enfim. E não só isso, ela é muito eficiente, rapaziada. Então, tenha um controle no seu mapa, mano. Tenha um jeito de você, meio que, bloquear ela. Um jeito fácil de você bloquear ela é removendo as câmaras. Todos vocês sabem, mas pra essa farm funcionar, o villager precisa dormir.""",Avaliador_B,Avaliador_C
3,"Espera, que coisa horrível, cara! Que horror! Sai daqui! Foi pra cima, foi pra cima! Consegui, consegui, matei. Cara, será que não era... Não, não, não, a gente não deveria prender ele de jeito nenhum, não. Deixa quieto. Já aprendemos coisas horríveis e essa joia, ela está no limite, Beto. Capturamos 25 monstros. Lembra que tem limite, não dá pra sair capturando todos os monstros do mundo. Agora vamos seguir em linha reta, já estou com as barras na mão. A base militar realmente é um bom lugar, Robin. Vai ser a melhor prisão que vamos conseguir. São diversos monstros, então tem que ser grande. Sim, Beto, acho que daqui a pouco vai dar pra gente ver e estamos nos aproximando dessa base. Consigo ver algumas árvores, mas nem sinal até agora. Robin, olha isso aqui, tem um túmulo nessa parte, um túmulo encantado aqui. Peraí, eu vou quebrar, estou com uma picareta aqui, vamos ver se a gente consegue algum item especial.",0.9901064038276672,0.006213548593223,0.0036800736561417,NEG,0.3209512233734131,0.00219376408495,0.0301430150866508,0.0019210678292438,0.0358152650296688,0.0175296496599912,0.0040142107754945,0.39231625,Robin Hood Gamer,Minecraft,LUTAMOS COM O MONSTRO E CONSEGUIMOS A MELHOR ESPADA - Minecraft Herobrine 53 [pz4SOb7Qybs],,GZ,GZ,GZ,"🎬 Canal: Robin Hood Gamer | 🎥 Vídeo: LUTAMOS COM O MONSTRO E CONSEGUIMOS A MELHOR ESPADA - Minecraft Herobrine 53 [pz4SOb7Qybs]
⏱️ Segmento/Index: 3
🤖 Consenso de IA: GZ (Detoxify: 0.321 | Perspective: 0.392)
──────────────────────────────────────────────────
Fala transcrita:
""Espera, que coisa horrível, cara! Que horror! Sai daqui! Foi pra cima, foi pra cima! Consegui, consegui, matei. Cara, será que não era... Não, não, não, a gente não deveria prender ele de jeito nenhum, não. Deixa quieto. Já aprendemos coisas horríveis e essa joia, ela está no limite, Beto. Capturamos 25 monstros. Lembra que tem limite, não dá pra sair capturando todos os monstros do mundo. Agora vamos seguir em linha reta, já estou com as barras na mão. A base militar realmente é um bom lugar, Robin. Vai ser a melhor prisão que vamos conseguir. São diversos monstros, então tem que ser grande. Sim, Beto, acho que daqui a pouco vai dar pra gente ver e estamos nos aproximando dessa base. Consigo ver algumas árvores, mas nem sinal até agora. Robin, olha isso aqui, tem um túmulo nessa parte, um túmulo encantado aqui. Peraí, eu vou quebrar, estou com uma picareta aqui, vamos ver se a gente consegue algum item especial.""",Avaliador_B,Avaliador_C
20,"Ai, ele não deixa passar. Tá, quer que eu vá? Consegui, consegui, vem cá. Venham. Ele vai atrás de você, ele vai atrás de você. É pra ver as torretas funcionando. Nossa, já era K.R. ele tá quase sendo derrotado. Eu também, eu tô com 4 corações aqui só. Ai meu Deus do céu, ele é forte. Ele é forte mano, vai, cuidado. Socorro, ele tá atrás de mim. Olha isso velho. Tu conta soco mano. Meu Deus. Coi muito, coi muito. Ajuda a gente torreta. Ajuda a gente. Olha. Ae. Boa mano, conseguimos. Caramba, que top velho. E olha só, esse aqui tá ativado até agora K.R. É porque tem um itemzinho caído ali ó. Ai a gente poderia ter feito isso né. É, deixar um item jogado ali. Joga um item aqui, outro item aqui, outro item aqui. E ele fica ativado mano, que maneiro. E outro aqui. Ah, ele fica ativado. E fica tudo ativado velho, até a própria coisa. O ventinho, o negocinho. Caraca que da hora, a gente podia ter feito isso, deu uma malha. Bom, mas é isso galera.",0.1275893896818161,0.5524850487709045,0.3199255466461181,NEU,0.2086452692747116,0.0023426108527928,0.1011496633291244,0.0016148070571944,0.0283783357590436,0.0030462851282209,0.0059925653040409,0.26859093,Kass e KR,Minecraft,Construa uma CASA contra o HUGGY WUGGY sem SAIR do CÍRCULO VERMELHO [7YICEmbf8N4],,GZ,GZ,GZ,"🎬 Canal: Kass e KR | 🎥 Vídeo: Construa uma CASA contra o HUGGY WUGGY sem SAIR do CÍRCULO VERMELHO [7YICEmbf8N4]
⏱️ Segmento/Index: 20
🤖 Consenso de IA: GZ (Detoxify: 0.209 | Perspective: 0.269)
──────────────────────────────────────────────────
Fala transcrita:
""Ai, ele não deixa passar. Tá, quer que eu vá? Consegui, consegui, vem cá. Venham. Ele vai atrás de você, ele vai atrás de você. É pra ver as torretas funcionando. Nossa, já era K.R. ele tá quase sendo derrotado. Eu também, eu tô com 4 corações aqui só. Ai meu Deus do céu, ele é forte. Ele é forte mano, vai, cuidado. Socorro, ele tá atrás de mim. Olha isso velho. Tu conta soco mano. Meu Deus. Coi muito, coi muito. Ajuda a gente torreta. Ajuda a gente. Olha. Ae. Boa mano, conseguimos. Caramba, que top velho. E olha só, esse aqui tá ativado até agora K.R. É porque tem um itemzinho caído ali ó. Ai a gente poderia ter feito isso né. É, deixar um item jogado ali. Joga um item aqui, outro item aqui, outro item aqui. E ele fica ativado mano, que maneiro. E outro aqui. Ah, ele fica ativado. E fica tudo ativado velho, até a própria coisa. O ventinho, o negocinho. Caraca que da hora, a gente podia ter feito isso, deu uma malha. Bom, mas é isso galera.""",Avaliador_B,Avaliador_C
2,"Nossa, só foi por pouco, Higgy! Foi por pouco, velho, e Cadris, eu só encontrei naquele baú ali esse flint aqui, olha, que eu não sei pra que serve, não! Esse flint tava nesse baú aqui... Peraí, Higgy, tem um portal aqui atrás? Eu acho que a gente precisa ativar ele e entrar! Ah, é, onde que a gente veio parar? Ah, pera, a gente veio no começo de novo! Eu acho que é pra gente agora passar esse aqui, Cadris, é da sua cor, ó! É o monstro verde! É o monstro verde, mas eu acho que ele não é legal igual eu, não! Ele deve ser muito mau, o primeiro que é o mais fraquinho já foi complicado! Nossa, foi muito difícil! Ah, vamos entrar dentro desse agora e depois eu dou-se o babão! Esse aqui é bonito, pelo menos, ô Cadris, é bem bonito esse mapa aqui! É, eu também achei, a cor dele é linda! Mas agora vamos ver... Peraí, é um parkour de novo e tem um barquinho aqui! Será que é só entrar e ir nadando? Eu acho que é só isso! Ah, peraí, eu tô ficando tonto! Eu tô ficando tonto! A gente tem que sair daqui, é uma água tóxica! Não, não, não! Tá tudo girando pra mim, Higgy! Eu tô com na onde, Cadris, eu vou vomitar! Ah, mas você viu, Higgy, a gente começou a tomar dano também!",0.3604720830917358,0.5852891802787781,0.0542387478053569,NEU,0.4903727769851684,0.0046127676032483,0.0435054935514926,0.0032843409571796,0.0721248090267181,0.0077061629854142,0.0035609789192676,0.25727063,Cadres,Minecraft,NÃO ESCOLHA A PORTA ERRADA NO MINECRAFT RAINBOW FRIENDS [rXb826z4so0],,GZ,GZ,GZ,"🎬 Canal: Cadres | 🎥 Vídeo: NÃO ESCOLHA A PORTA ERRADA NO MINECRAFT RAINBOW FRIENDS [rXb826z4so0]
⏱️ Segmento/Index: 2
🤖 Consenso de IA: GZ (Detoxify: 0.49 | Perspective: 0.257)
──────────────────────────────────────────────────
Fala transcrita:
""Nossa, só foi por pouco, Higgy! Foi por pouco, velho, e Cadris, eu só encontrei naquele baú ali esse flint aqui, olha, que eu não sei pra que serve, não! Esse flint tava nesse baú aqui... Peraí, Higgy, tem um portal aqui atrás? Eu acho que a gente precisa ativar ele e entrar! Ah, é, onde que a gente veio parar? Ah, pera, a gente veio no começo de novo! Eu acho que é pra gente agora passar esse aqui, Cadris, é da sua cor, ó! É o monstro verde! É o monstro verde, mas eu acho que ele não é legal igual eu, não! Ele deve ser muito mau, o primeiro que é o mais fraquinho já foi complicado! Nossa, foi muito difícil! Ah, vamos entrar dentro desse agora e depois eu dou-se o babão! Esse aqui é bonito, pelo menos, ô Cadris, é bem bonito esse mapa aqui! É, eu também achei, a cor dele é linda! Mas agora vamos ver... Peraí, é um parkour de novo e tem um barquinho aqui! Será que é só entrar e ir nadando? Eu acho que é só isso! Ah, peraí, eu tô ficando tonto! Eu tô ficando tonto! A gente tem que sair daqui, é uma água tóxica! Não, não, não! Tá tudo girando pra mim, Higgy! Eu tô com na onde, Cadris, eu vou vomitar! Ah, mas você viu, Higgy, a gente começou a tomar dano também!""",Avaliador_B,Avaliador_C
0,"Tio, você é a Fera da Marreta! Quem é? Eu sou a Fera da Marreta! Olá, meninas e meninos! Tudo bem com vocês? Hoje eu estou aqui junto com o meu tio! O Eva! E hoje nós vamos jogar Fera da Marreta! Uhul! Luca! Você sabe quem eu sou? Quem você? Eu sou a Fera da Marreta! Fera da Marreta! E vou pegá-la! Você vai me pegar? Vou! Não me pegue! Estou indo atrás e eu já sei que tem um computer hackeado ali! Não, não tem nada não tio! Tem sim! Essa tela é muito avermelhada! Ela é escura né tio? É difícil de achar! Ai meu Deus! Gente, meu tio pegou uma amiglia! Eu estou ficando expert! Expert ele!",0.0248153060674667,0.8312094211578369,0.1439752280712127,NEU,0.6127355098724365,0.0046613756567239,0.0438950322568416,0.0038948357105255,0.0377080664038658,0.0032171797938644,0.0139315770938992,0.30854854,Luluca Games,Roblox,Roblox - JOGUEI FERA DA MARRETA COM MEU TIO Flee the Facility  Luluca Games [-lKlRhviCag],0.0248153004795312,GZ,GZ,GZ,"🎬 Canal: Luluca Games | 🎥 Vídeo: Roblox - JOGUEI FERA DA MARRETA COM MEU TIO Flee the Facility  Luluca Games [-lKlRhviCag]
⏱️ Segmento/Index: 0
🤖 Consenso de IA: GZ (Detoxify: 0.613 | Perspective: 0.309)
──────────────────────────────────────────────────
Fala transcrita:
""Tio, você é a Fera da Marreta! Quem é? Eu sou a Fera da Marreta! Olá, meninas e meninos! Tudo bem com vocês? Hoje eu estou aqui junto com o meu tio! O Eva! E hoje nós vamos jogar Fera da Marreta! Uhul! Luca! Você sabe quem eu sou? Quem você? Eu sou a Fera da Marreta! Fera da Marreta! E vou pegá-la! Você vai me pegar? Vou! Não me pegue! Estou indo atrás e eu já sei que tem um computer hackeado ali! Não, não tem nada não tio! Tem sim! Essa tela é muito avermelhada! Ela é escura né tio? É difícil de achar! Ai meu Deus! Gente, meu tio pegou uma amiglia! Eu estou ficando expert! Expert ele!""",Avaliador_B,Avaliador_C
11,"10 diamantes pra você. Opa. Isso aí, agora deixa eu pegar meu corpo de volta. Vem cá, corpinho. Isso, agora cola. Uou, deu certo. Colou meu corpo. Deu certo. Tô vinteira de novo. Vocês estão suspensos. E olha só, o dever de casa de vocês é esse aí. Vai lá estudar. Agora tchau. De ver de casa? Eu não vou fazer dever de casa. Pega o dever de casa, Furus. Faz o dever de casa. Eu não vou fazer dever de nada não, vou deixar isso aí. Então vamos embora daqui. Eu achei que o nosso problema com o corpo estava resolvido. Mas o Furus piorou tudo. Nossa, eu tô muito feliz com esse meu corpo de volta. Furus, o que você vê? Opa, eu tô teleportando aí por aí. Mas com seis braços? Você tá maluco? Seis braços? Antes estava faltando partes do corpo e agora você colocou mais braços. Mas não sei, não desceu não. Acho que bugou a Matrix. Não, você acabou de vir do Nether e alguma coisa lá. Vamos corrigir isso aí. Você tá gostando de ter seis braços? Eu tô bem legal, tô parecendo uma aranha. Sobe, e tem, e é, sobe, tem, e é. Não, você tá maluco, Furus. Vamos pro Nether.",0.1926245242357254,0.7100825309753418,0.0972930118441581,NEU,0.5241643190383911,0.0036638444289565,0.0498700179159641,0.0036151562817394,0.0798195376992225,0.0051471162587404,0.0059243259020149,0.2524482,Athos,Minecraft,A Cada Nível Ganha PARTES DO CORPO no MINECRAFT [hKPaNzyGG-Q],,GZ,GZ,GZ,"🎬 Canal: Athos | 🎥 Vídeo: A Cada Nível Ganha PARTES DO CORPO no MINECRAFT [hKPaNzyGG-Q]
⏱️ Segmento/Index: 11
🤖 Consenso de IA: GZ (Detoxify: 0.524 | Perspective: 0.252)
──────────────────────────────────────────────────
Fala transcrita:
""10 diamantes pra você. Opa. Isso aí, agora deixa eu pegar meu corpo de volta. Vem cá, corpinho. Isso, agora cola. Uou, deu certo. Colou meu corpo. Deu certo. Tô vinteira de novo. Vocês estão suspensos. E olha só, o dever de casa de vocês é esse aí. Vai lá estudar. Agora tchau. De ver de casa? Eu não vou fazer dever de casa. Pega o dever de casa, Furus. Faz o dever de casa. Eu não vou fazer dever de nada não, vou deixar isso aí. Então vamos embora daqui. Eu achei que o nosso problema com o corpo estava resolvido. Mas o Furus piorou tudo. Nossa, eu tô muito feliz com esse meu corpo de volta. Furus, o que você vê? Opa, eu tô teleportando aí por aí. Mas com seis braços? Você tá maluco? Seis braços? Antes estava faltando partes do corpo e agora você colocou mais braços. Mas não sei, não desceu não. Acho que bugou a Matrix. Não, você acabou de vir do Nether e alguma coisa lá. Vamos corrigir isso aí. Você tá gostando de ter seis braços? Eu tô bem legal, tô parecendo uma aranha. Sobe, e tem, e é, sobe, tem, e é. Não, você tá maluco, Furus. Vamos pro Nether.""",Avaliador_B,Avaliador_C
4,"Ê Aí, ó, vim a mesma, canto aqui pra tu não chorar Pra tu não chorar, chorão Vai, vai Vai, vem ver se tu não vacila mesmo não Vai, vai, vai, vai Pô Vai, tira Meu Deus, não Olha aí, mano Acho as bolinhas atrapalhando Eu acho que essa burla aqui é desnecessária É nada, isso E acertar o pulo Tranquilo, tranquilo Tranquilo, ó, tranquilo Mas também tu ficou empancado um pedacinho ali no martelão, viu? Mas tá chegando mais de que, mano? 40 40 segundo 31 Dá certo, pessoal Vamos lá, caros e amigos Espectadores da Globo Vai ter festinha, vamos lá Vai ter festinha? Relaxa, bom Aí vem a fase do giro, olha aí pra mim, ó Vai, eu vou meter um louco aqui, né? Pra salvarar o processo Oxe, eu quero salvarar o processo, me entende? Vai o conômetro, menina Vamos liberando o quadrado aí, hein, tropinha?",0.564540445804596,0.3611187934875488,0.0743408054113388,NEG,0.3072076737880707,0.0019056394230574,0.0388895645737648,0.0024425848387181,0.0716019794344902,0.0033529542852193,0.0132523328065872,0.3245134,meu nome é david,Roblox,A CADA DERROTA EU LEVO UMA TORTADA NA CARA  desafio do tempo no STUMBLE GUYS [FWVoh7biGHc],,GZ,GZ,GZ,"🎬 Canal: meu nome é david | 🎥 Vídeo: A CADA DERROTA EU LEVO UMA TORTADA NA CARA  desafio do tempo no STUMBLE GUYS [FWVoh7biGHc]
⏱️ Segmento/Index: 4
🤖 Consenso de IA: GZ (Detoxify: 0.307 | Perspective: 0.325)
──────────────────────────────────────────────────
Fala transcrita:
""Ê Aí, ó, vim a mesma, canto aqui pra tu não chorar Pra tu não chorar, chorão Vai, vai Vai, vem ver se tu não vacila mesmo não Vai, vai, vai, vai Pô Vai, tira Meu Deus, não Olha aí, mano Acho as bolinhas atrapalhando Eu acho que essa burla aqui é desnecessária É nada, isso E acertar o pulo Tranquilo, tranquilo Tranquilo, ó, tranquilo Mas também tu ficou empancado um pedacinho ali no martelão, viu? Mas tá chegando mais de que, mano? 40 40 segundo 31 Dá certo, pessoal Vamos lá, caros e amigos Espectadores da Globo Vai ter festinha, vamos lá Vai ter festinha? Relaxa, bom Aí vem a fase do giro, olha aí pra mim, ó Vai, eu vou meter um louco aqui, né? Pra salvarar o processo Oxe, eu quero salvarar o processo, me entende? Vai o conômetro, menina Vamos liberando o quadrado aí, hein, tropinha?""",Avaliador_B,Avaliador_C
9,eu destrui ele então não tem como você escapar ah você destruiu o carro beleza tem uma gasolina boa já vi garotinho garotinho outra gasolina só preciso saber onde ta o carro achei uma peça ok matei eu to matando ele gente boa onde é o carro você achou o carro ju ele ta no mapa ah ele ta no mapa que engraçadinha ela né ai eu sei pessoal sou muito engraçada só que não ta cade vocês vocês vem ca vai me ajuda joga uma casca pra ju escorregar não não vem ca meu deus do céu ai nem eu legal que o banana ele chama bastante a canção banana,0.0718111842870712,0.300079196691513,0.6281095743179321,POS,0.8251676559448242,0.0071985782124102,0.0390370041131973,0.0060738883912563,0.0242202505469322,0.0556715317070484,0.0143648060038685,0.56269526,Julia MineGirl,Roblox,Roblox - JASON MINEGIRL NA FAZENDA Lumberjack [GcE0yr-GN5c],,T,T,T,"🎬 Canal: Julia MineGirl | 🎥 Vídeo: Roblox - JASON MINEGIRL NA FAZENDA Lumberjack [GcE0yr-GN5c]
⏱️ Segmento/Index: 9
🤖 Consenso de IA: T (Detoxify: 0.825 | Perspective: 0.563)
──────────────────────────────────────────────────
Fala transcrita:
""eu destrui ele então não tem como você escapar ah você destruiu o carro beleza tem uma gasolina boa já vi garotinho garotinho outra gasolina só preciso saber onde ta o carro achei uma peça ok matei eu to matando ele gente boa onde é o carro você achou o carro ju ele ta no mapa ah ele ta no mapa que engraçadinha ela né ai eu sei pessoal sou muito engraçada só que não ta cade vocês vocês vem ca vai me ajuda joga uma casca pra ju escorregar não não vem ca meu deus do céu ai nem eu legal que o banana ele chama bastante a canção banana""",Avaliador_B,Avaliador_C
18,"Eu tô torcendo pro que tá me atacando Quer dizer, pro que tá atacando o que tá me atacando Ah, vocês entenderam Vem cá, Steve, vou tá espadada nesse pro outro vencer Toma a espadada Ai, matei E agora tem um me atacando Vamos trazer ele pra perto de casa pra Sentrys atacarem ele E olha só, todas as Sentrys estão dando tiros nele Esse Steve vai morrer pra Sentrys Ele não vai nem conseguir me atacar direito Vai, Steve, vai, Sentrys, ataque ele Pior é que ele tem muita vida Eu vou ficar aqui atrás das Sentrys e mataram E assim, essas Sentrys podem me defender Agora nossa casa já tá muito protegida e é praticamente impossível te atacar ela Eu vou lá pra dentro que eu vou viver feliz e contente pra sempre É só a gente chegar aqui e nadar na lava Atravessar o nosso labirinto Ai, eu tô pegando fogo E saindo dele, a gente chega na nossa casa Eu posso ficar aqui dentro pra sempre Mas eu esqueci de um pequeno detalhe Eu preciso construir uma prisão pra aprisionar os Steve's malvados Só que essa prisão eu vou fazer um pouco diferente Eu não vou fazer na terra Porque eu sei que eles vão escapar e vão voltar a atacar minha casa Por isso eu criei uma base de lançamento de foguetes na frente da minha casa Vamos colocar um foguete de pra lua aqui em cima Olha o tamanho dele E agora, senhoras e senhores, vamos pro espaço 3, 2, 1 e lança O foguete não tem combustível, peraí Eu consegui vários baldes de combustível e eles nós vamos colocar aqui dentro do foguete Chegou a hora de entrar no foguete É agora, o foguete vai ter que colar Tá subindo, tá subindo, tô na ponta do foguete Que isso, galera, eu tô travado aqui Olha lá o foguete subindo E nós estamos saindo da terra Olha só, eu tô descendo Eu tô descendo na lua",0.3434566557407379,0.5130103826522827,0.1435329318046569,NEU,0.7559168934822083,0.0071344715543091,0.0330135338008403,0.002208603080362,0.0358565375208854,0.1787058413028717,0.0085539864376187,0.39231625,Athos,Minecraft,CASA SEGURA vs GIGANTE ESQUISITO no MINECRAFT [ws2iGnX0uGw],,GZ,GZ,GZ,"🎬 Canal: Athos | 🎥 Vídeo: CASA SEGURA vs GIGANTE ESQUISITO no MINECRAFT [ws2iGnX0uGw]
⏱️ Segmento/Index: 18
🤖 Consenso de IA: GZ (Detoxify: 0.756 | Perspective: 0.392)
──────────────────────────────────────────────────
Fala transcrita:
""Eu tô torcendo pro que tá me atacando Quer dizer, pro que tá atacando o que tá me atacando Ah, vocês entenderam Vem cá, Steve, vou tá espadada nesse pro outro vencer Toma a espadada Ai, matei E agora tem um me atacando Vamos trazer ele pra perto de casa pra Sentrys atacarem ele E olha só, todas as Sentrys estão dando tiros nele Esse Steve vai morrer pra Sentrys Ele não vai nem conseguir me atacar direito Vai, Steve, vai, Sentrys, ataque ele Pior é que ele tem muita vida Eu vou ficar aqui atrás das Sentrys e mataram E assim, essas Sentrys podem me defender Agora nossa casa já tá muito protegida e é praticamente impossível te atacar ela Eu vou lá pra dentro que eu vou viver feliz e contente pra sempre É só a gente chegar aqui e nadar na lava Atravessar o nosso labirinto Ai, eu tô pegando fogo E saindo dele, a gente chega na nossa casa Eu posso ficar aqui dentro pra sempre Mas eu esqueci de um pequeno detalhe Eu preciso construir uma prisão pra aprisionar os Steve's malvados Só que essa prisão eu vou fazer um pouco diferente Eu não vou fazer na terra Porque eu sei que eles vão escapar e vão voltar a atacar minha casa Por isso eu criei uma base de lançamento de foguetes na frente da minha casa Vamos colocar um foguete de pra lua aqui em cima Olha o tamanho dele E agora, senhoras e senhores, vamos pro espaço 3, 2, 1 e lança O foguete não tem combustível, peraí Eu consegui vários baldes de combustível e eles nós vamos colocar aqui dentro do foguete Chegou a hora de entrar no foguete É agora, o foguete vai ter que colar Tá subindo, tá subindo, tô na ponta do foguete Que isso, galera, eu tô travado aqui Olha lá o foguete subindo E nós estamos saindo da terra Olha só, eu tô descendo Eu tô descendo na lua""",Avaliador_B,Avaliador_C
14,"Ai, acerta, acerta, acerta Acerta Corta Corta tudo, corta tudo Ele me derrubou, ele me derrubou Meu Deus, ele me matou mas eu fiquei Com zero de vida e ele com quase zero Espera, eu vou equipar agora Eu vou equipar agora, vou equipar essa Bóbora de Halloween, não é possível Eu acho que pra derrotar aquele chefão específico Essa bóbora, esse poder É muito melhor, eu vou testar agora O poder da bóbora tá equipado Agora eu quero ver, agora eu quero ver Nossa, eu entendi Eu deixo essas bóboras pelo caminho E aí o palhaço ao encostar nessas Bóboras que eu deixo pelo caminho ele toma um dano Absurdo, é assim que eu venço ele com facilidade Ele vem, encosta na Bóbora e toma dano Acertei Morri, não, não, como assim Eu mato de primeira aí, morro duas vezes Seguidas, vou voltar lá e vou acabar com ele Agora vai ser a apelação máxima",0.0877851247787475,0.7299343347549438,0.1822805553674698,NEU,0.7031488418579102,0.0114031648263335,0.0434778444468975,0.0031935134902596,0.0608051754534244,0.080952376127243,0.0094899795949459,0.3317266,Robin Hood Gamer,Minecraft,ME TRANSFORMEI EM PALHAÇO E LUTEI COM O MEGA NOOB DE HALLOWEEN NO ROBLOX Mega Noob Simulator [KuNQxc2p62A],,GZ,GZ,GZ,"🎬 Canal: Robin Hood Gamer | 🎥 Vídeo: ME TRANSFORMEI EM PALHAÇO E LUTEI COM O MEGA NOOB DE HALLOWEEN NO ROBLOX Mega Noob Simulator [KuNQxc2p62A]
⏱️ Segmento/Index: 14
🤖 Consenso de IA: GZ (Detoxify: 0.703 | Perspective: 0.332)
──────────────────────────────────────────────────
Fala transcrita:
""Ai, acerta, acerta, acerta Acerta Corta Corta tudo, corta tudo Ele me derrubou, ele me derrubou Meu Deus, ele me matou mas eu fiquei Com zero de vida e ele com quase zero Espera, eu vou equipar agora Eu vou equipar agora, vou equipar essa Bóbora de Halloween, não é possível Eu acho que pra derrotar aquele chefão específico Essa bóbora, esse poder É muito melhor, eu vou testar agora O poder da bóbora tá equipado Agora eu quero ver, agora eu quero ver Nossa, eu entendi Eu deixo essas bóboras pelo caminho E aí o palhaço ao encostar nessas Bóboras que eu deixo pelo caminho ele toma um dano Absurdo, é assim que eu venço ele com facilidade Ele vem, encosta na Bóbora e toma dano Acertei Morri, não, não, como assim Eu mato de primeira aí, morro duas vezes Seguidas, vou voltar lá e vou acabar com ele Agora vai ser a apelação máxima""",Avaliador_B,Avaliador_C
2,"Se eu sou, eu não sei, luluca! Quanta porta tem nesse... Fique foi solta! Ai, não! Tá bom, então não são essas miguelinhas, porque elas estavam aqui... Ah! Já, luluca! O que aconteceu, gente? Eu sei, eu ouvi um barulho! Desfaca! O traidor foi parado! Como? Como assim? Como, luluca? Ah! O que aconteceu? Ahn? Buguei! O quê? Eu também buguei, luluca! Você entendeu alguma coisa? Play! E lá vamos nós de novo, luluca! Para o hospital! Hospital! E a gente vai votar no traidor? Vamos ver, né, luluca? Vamos ver se agora nós teremos um traidor que aceita ser traidor, né? Porque eu acho que ele desistiu. Será que ele foi? Será que ele foi? A unha bonita! Você gostou da minha unha, mami? Olha aqui, pandinhas! Vocês querem aprender como eu fiz essa unha aqui? Então passa lá no meu vídeo, que vai estar aqui em cima dos cards. Mami, não tem! Ah, luluca! Será que está desistindo? Não, no bot? Bot? Bot?",0.8141939640045166,0.1758063286542892,0.0099996058270335,NEG,0.3175835609436035,0.0007207514718174,0.0355553328990936,0.0067713190801441,0.1381111890077591,0.0040981755591928,0.0046711023896932,0.3389984,Luluca Games,Roblox,Roblox - PIGGY A TRAIDORA BUGADA Piggy Roblox  Luluca Games [_pZ2c8hrKq0],0.8141945600509644,GZ,GZ,GZ,"🎬 Canal: Luluca Games | 🎥 Vídeo: Roblox - PIGGY A TRAIDORA BUGADA Piggy Roblox  Luluca Games [_pZ2c8hrKq0]
⏱️ Segmento/Index: 2
🤖 Consenso de IA: GZ (Detoxify: 0.318 | Perspective: 0.339)
──────────────────────────────────────────────────
Fala transcrita:
""Se eu sou, eu não sei, luluca! Quanta porta tem nesse... Fique foi solta! Ai, não! Tá bom, então não são essas miguelinhas, porque elas estavam aqui... Ah! Já, luluca! O que aconteceu, gente? Eu sei, eu ouvi um barulho! Desfaca! O traidor foi parado! Como? Como assim? Como, luluca? Ah! O que aconteceu? Ahn? Buguei! O quê? Eu também buguei, luluca! Você entendeu alguma coisa? Play! E lá vamos nós de novo, luluca! Para o hospital! Hospital! E a gente vai votar no traidor? Vamos ver, né, luluca? Vamos ver se agora nós teremos um traidor que aceita ser traidor, né? Porque eu acho que ele desistiu. Será que ele foi? Será que ele foi? A unha bonita! Você gostou da minha unha, mami? Olha aqui, pandinhas! Vocês querem aprender como eu fiz essa unha aqui? Então passa lá no meu vídeo, que vai estar aqui em cima dos cards. Mami, não tem! Ah, luluca! Será que está desistindo? Não, no bot? Bot? Bot?""",Avaliador_B,Avaliador_C
0,"Oi, filho, oi! Oi, pai! Oi, filho, oi, eu sou o pai! Oi! Oi! Dá polinho, filho, vai! Aqui! Filho, olha o gato malvado, filho! Olha o que é isso! Gato malvado, pare de dar susto do meu filho, gato! Pára de dar susto do meu filho, gato! Pára de dar susto do meu filho, gato! Pára de dar susto do meu filho, gato! Ô, filhinho, vem cá, filhinho, vem cá. Oi! É porque você é pequenininho, você ainda não tem o babão, né? Aqui, ó. É, não tenho. O grandão tem o babão, o pequenininho não tem a babinha, né? Né, pequenininho? É, não tenho. E não fiquem com medo do gato, não! Do gato! Babão! Nesse vídeo, nós vamos achar os novos bichos que estão faltando! Tem um montão de bicho que a gente não achou! Olha o tantão de bicho que tem!",0.507988452911377,0.3253538906574249,0.1666576415300369,NEG,0.290867805480957,0.0020081591792404,0.0402960330247879,0.00318243377842,0.0693587213754654,0.0042548980563879,0.0100117372348904,0.3625127,Lokis,Roblox,VERDE PEQUENO ENGRAÇADO  Roblox - Find the Rainbow Friends Morphs [TJkIovYj2Cs],,GZ,GZ,GZ,"🎬 Canal: Lokis | 🎥 Vídeo: VERDE PEQUENO ENGRAÇADO  Roblox - Find the Rainbow Friends Morphs [TJkIovYj2Cs]
⏱️ Segmento/Index: 0
🤖 Consenso de IA: GZ (Detoxify: 0.291 | Perspective: 0.363)
──────────────────────────────────────────────────
Fala transcrita:
""Oi, filho, oi! Oi, pai! Oi, filho, oi, eu sou o pai! Oi! Oi! Dá polinho, filho, vai! Aqui! Filho, olha o gato malvado, filho! Olha o que é isso! Gato malvado, pare de dar susto do meu filho, gato! Pára de dar susto do meu filho, gato! Pára de dar susto do meu filho, gato! Pára de dar susto do meu filho, gato! Ô, filhinho, vem cá, filhinho, vem cá. Oi! É porque você é pequenininho, você ainda não tem o babão, né? Aqui, ó. É, não tenho. O grandão tem o babão, o pequenininho não tem a babinha, né? Né, pequenininho? É, não tenho. E não fiquem com medo do gato, não! Do gato! Babão! Nesse vídeo, nós vamos achar os novos bichos que estão faltando! Tem um montão de bicho que a gente não achou! Olha o tantão de bicho que tem!""",Avaliador_B,Avaliador_C
3,"Eu sei quem está com o madame, eu tenho certeza. Mano, que cagado, velho, a pessoa começava a encontrar o madame muito cagado. Se eu tivesse contado, eu já tinha matado você, mano. Gabriel! Ó, ó, ó. Sai, hein? Sai, hein? Meu amigo! Opa, olha só! Caraca, velho! Ai, Deus! Ajuda nós ae, Jesus! Ô, garotinho! Ajudou, ae, Jesus ajudou agora. Ae, complicou agora. Uh! Ajudou nada, meu Deus do céu, que é isso, velho? Olha o tanto de bicho que tem aqui! Ó, tamo como? Tamo como? A gente tinha que se levar pro Nether, né? Não, não, não, não, se você for pro Nether, cara, eu vou te acusar tanto de ar que você não tem noção.",0.9513466954231262,0.0341086126863956,0.0145446760579943,NEG,0.8380084037780762,0.0074281408451497,0.2413639724254608,0.0112120928242802,0.3094362020492553,0.0144485868513584,0.0208162572234869,0.47173777,Geleia,Minecraft,zerando minecraft mas ele me PERSEGUE SPEEDRUNNER VS CAÇADOR [IffrpIilghM],,T,T,T,"🎬 Canal: Geleia | 🎥 Vídeo: zerando minecraft mas ele me PERSEGUE SPEEDRUNNER VS CAÇADOR [IffrpIilghM]
⏱️ Segmento/Index: 3
🤖 Consenso de IA: T (Detoxify: 0.838 | Perspective: 0.472)
──────────────────────────────────────────────────
Fala transcrita:
""Eu sei quem está com o madame, eu tenho certeza. Mano, que cagado, velho, a pessoa começava a encontrar o madame muito cagado. Se eu tivesse contado, eu já tinha matado você, mano. Gabriel! Ó, ó, ó. Sai, hein? Sai, hein? Meu amigo! Opa, olha só! Caraca, velho! Ai, Deus! Ajuda nós ae, Jesus! Ô, garotinho! Ajudou, ae, Jesus ajudou agora. Ae, complicou agora. Uh! Ajudou nada, meu Deus do céu, que é isso, velho? Olha o tanto de bicho que tem aqui! Ó, tamo como? Tamo como? A gente tinha que se levar pro Nether, né? Não, não, não, não, se você for pro Nether, cara, eu vou te acusar tanto de ar que você não tem noção.""",Avaliador_B,Avaliador_C
5,"E a gente resolveu parar nesse lugar aqui pra dar uma conhecida. Porque eu vi que toda arquitetura design desse lugar tinha mudado. Ai gente, os bots não tem um momento de paz nesse jogo, viu? Vou te dizer. A gente tentando fazer uma visita cultural pelo país, pela cidade, sei lá. E a gente não consegue porque tem inimigo, tem ladrão por tudo que é lugar. É por isso que Scarlett não é cultura, mas esse aqui vai de lobby, viu? Minha amiga morreu, você também vai morrer. O outro veio me atacar, eu falei, eu vou rushar de 12. O cara tava a mil metros de distância, vai te pegar a tomba se eu peguei a 12. Porque faz parte, eu não sei jogar berno não. Mas eu não aguentava mais, eu chamei o Plutão pra ver se o Plutão quer proplega. E conseguir fazer uma coisa que preste pra gente visitar a porcaria desse mapa. Porque eu não aguentava mais ser humilhada. Lavruba. Prrrr, prrrr. Eu falei, o que é isso? Negra, chega. Prrrr, prrrr, prrrr. Aí eu aqui com mais uma dança normal e esse palhaço resolveu aparecer na minha frente. Que é palhaço? Quer chamar atenção? Volta pro circo. Não é nem um palhaço, é um urso isso aqui, gente. Um urso usando o gorro.",0.401250958442688,0.534564197063446,0.0641848742961883,NEU,0.7865915298461914,0.0039943889714777,0.1207557469606399,0.008293398655951,0.2775489091873169,0.0065139457583427,0.0053870449773967,0.31963667,Amy Scarlet,Roblox,Novo Mapa do Free Fire [-145pPjxFMo],,GZ,GZ,GZ,"🎬 Canal: Amy Scarlet | 🎥 Vídeo: Novo Mapa do Free Fire [-145pPjxFMo]
⏱️ Segmento/Index: 5
🤖 Consenso de IA: GZ (Detoxify: 0.787 | Perspective: 0.32)
──────────────────────────────────────────────────
Fala transcrita:
""E a gente resolveu parar nesse lugar aqui pra dar uma conhecida. Porque eu vi que toda arquitetura design desse lugar tinha mudado. Ai gente, os bots não tem um momento de paz nesse jogo, viu? Vou te dizer. A gente tentando fazer uma visita cultural pelo país, pela cidade, sei lá. E a gente não consegue porque tem inimigo, tem ladrão por tudo que é lugar. É por isso que Scarlett não é cultura, mas esse aqui vai de lobby, viu? Minha amiga morreu, você também vai morrer. O outro veio me atacar, eu falei, eu vou rushar de 12. O cara tava a mil metros de distância, vai te pegar a tomba se eu peguei a 12. Porque faz parte, eu não sei jogar berno não. Mas eu não aguentava mais, eu chamei o Plutão pra ver se o Plutão quer proplega. E conseguir fazer uma coisa que preste pra gente visitar a porcaria desse mapa. Porque eu não aguentava mais ser humilhada. Lavruba. Prrrr, prrrr. Eu falei, o que é isso? Negra, chega. Prrrr, prrrr, prrrr. Aí eu aqui com mais uma dança normal e esse palhaço resolveu aparecer na minha frente. Que é palhaço? Quer chamar atenção? Volta pro circo. Não é nem um palhaço, é um urso isso aqui, gente. Um urso usando o gorro.""",Avaliador_B,Avaliador_C
1,"Que que é soco de fogo na cara de zumbi né mano? Apareceu aqui ó! Toma! Não, não, não! Eu nem bato mais com espada, fi! Meu soco é tão forte que já manda o zumbi pro outro lado! Mas bom família! O que que eu queria mostrar pra vocês né? Vocês sabem que eu e o Iago nós voltamos lá da Twilight Forest e estamos aqui do lado da base do Spock né? Porque é... Iago a gente deu um pau federal no Spock no último vídeo né velho? Eu... Sem contar mano que eu peguei o dragão dele! Isso aí na mão... Isso aí é o dragão do Spock? Ih é! Isso aqui é o dragão do Spock mas eu não consigo te chamar ele pra fora porque é só quem é o dono entendeu? Ah galera! Mas se você pegar olha aqui pra você ver ó! Deixa eu ver! Ah boa verdade! É um dragão de gelo com 185 de vida! O proprietário é o Spock e é uma menina! Hoje eu vou me vingar de um Creeper velho! Galera olha esse meu poder aqui velho! Que eu só piso aqui no chão ó! Vou prender, vou prender, vou prender ele ó! Nossa pera aí ó! Vai explodir ele aí ó! Vamo lá! Soco de fogo não Iago!",0.160209983587265,0.7729364037513733,0.0668535530567169,NEU,0.8710774183273315,0.0038345609791576,0.0378721542656421,0.0023820390924811,0.0723139867186546,0.3520190715789795,0.01402382645756,0.4838166,AuthenticGames,Minecraft,BATALHA CONTRA O DOBRADOR DO VENTO  - Minecraft Avatar 29 [IqqirbwI8r8],0.1602101475000381,T,T,T,"🎬 Canal: AuthenticGames | 🎥 Vídeo: BATALHA CONTRA O DOBRADOR DO VENTO  - Minecraft Avatar 29 [IqqirbwI8r8]
⏱️ Segmento/Index: 1
🤖 Consenso de IA: T (Detoxify: 0.871 | Perspective: 0.484)
──────────────────────────────────────────────────
Fala transcrita:
""Que que é soco de fogo na cara de zumbi né mano? Apareceu aqui ó! Toma! Não, não, não! Eu nem bato mais com espada, fi! Meu soco é tão forte que já manda o zumbi pro outro lado! Mas bom família! O que que eu queria mostrar pra vocês né? Vocês sabem que eu e o Iago nós voltamos lá da Twilight Forest e estamos aqui do lado da base do Spock né? Porque é... Iago a gente deu um pau federal no Spock no último vídeo né velho? Eu... Sem contar mano que eu peguei o dragão dele! Isso aí na mão... Isso aí é o dragão do Spock? Ih é! Isso aqui é o dragão do Spock mas eu não consigo te chamar ele pra fora porque é só quem é o dono entendeu? Ah galera! Mas se você pegar olha aqui pra você ver ó! Deixa eu ver! Ah boa verdade! É um dragão de gelo com 185 de vida! O proprietário é o Spock e é uma menina! Hoje eu vou me vingar de um Creeper velho! Galera olha esse meu poder aqui velho! Que eu só piso aqui no chão ó! Vou prender, vou prender, vou prender ele ó! Nossa pera aí ó! Vai explodir ele aí ó! Vamo lá! Soco de fogo não Iago!""",Avaliador_B,Avaliador_C
9,"Boa tentativa. A tentativa foi boa, mas o Beto só não tomou um susto porque ele apertou o botão e olhou pro lado, ele não tava esperando nada aqui. É isso aí, Beto, as armadilhas acabaram. Nossa, vocês até tentaram, né? Parabéns pela tentativa, vou deixar minha nota aqui. Nota? Tem que ser pelo menos um 7. Ah! Nota 10! Uhuuu! Nota 10, parabéns! Calma aí, deixa eu ver, o que é? Nota 10, Davi, pras armadilhas. Ah, tá, é só deixar ao contrário que fica 10, né? Agora que eu vi. Fica 100 daí, ó. Vai ser até prêmio. Eu gostei porque essa área ficou bem iluminada. Tem mais algumas coisas aqui, Beto. Tem a casa de Halloween, tem esse túmulo gigante que o Davi fez também. Nossa, esse aqui ficou muito interessante. Que isso, cara? Ah não, esse aqui dá um sustinho. Esse aqui até que funcionou, esse até que funcionou.",0.0770901292562484,0.3830263018608093,0.539883553981781,POS,0.0120734134688973,0.000853314762935,0.0157066788524389,0.0004322341119404,0.009906468912959,0.0008284263312816,0.0018276122864335,0.18744208,Robin Hood Gamer,Minecraft,ENGANAMOS O BETO E ELE CAIU NA ARMADILHA MINECRAFT ERA DA REDSTONE 23 [Mf0MhN4nXwo],,NT,NT,NT,"🎬 Canal: Robin Hood Gamer | 🎥 Vídeo: ENGANAMOS O BETO E ELE CAIU NA ARMADILHA MINECRAFT ERA DA REDSTONE 23 [Mf0MhN4nXwo]
⏱️ Segmento/Index: 9
🤖 Consenso de IA: NT (Detoxify: 0.012 | Perspective: 0.187)
──────────────────────────────────────────────────
Fala transcrita:
""Boa tentativa. A tentativa foi boa, mas o Beto só não tomou um susto porque ele apertou o botão e olhou pro lado, ele não tava esperando nada aqui. É isso aí, Beto, as armadilhas acabaram. Nossa, vocês até tentaram, né? Parabéns pela tentativa, vou deixar minha nota aqui. Nota? Tem que ser pelo menos um 7. Ah! Nota 10! Uhuuu! Nota 10, parabéns! Calma aí, deixa eu ver, o que é? Nota 10, Davi, pras armadilhas. Ah, tá, é só deixar ao contrário que fica 10, né? Agora que eu vi. Fica 100 daí, ó. Vai ser até prêmio. Eu gostei porque essa área ficou bem iluminada. Tem mais algumas coisas aqui, Beto. Tem a casa de Halloween, tem esse túmulo gigante que o Davi fez também. Nossa, esse aqui ficou muito interessante. Que isso, cara? Ah não, esse aqui dá um sustinho. Esse aqui até que funcionou, esse até que funcionou.""",Avaliador_B,Avaliador_C
4,"Isso mesmo, eu não fui matar outro cara, não. Eu fui farpar o outro cara. Eu estou viciada em enxarrar os outros. Dessa vez, a Grécia falou, deixa que eu passa cá. Eu falei, não vai dar certo. Mas todo mundo começou a seguir ela. Eu falei, vou ficar aqui atrás. Vamos lá seguir a Grécia pra ver se vai dar certo. Aí eu fiquei aqui atrás analisando, o cara já subiu ali, tirou o binho no nei, já matou um, ia matar o outro. Aí eu aqui atrás só dando todo o suporte, né? Vendo a pessoa morrer. Aí fui lá, derrubaram o outro cara, mas eu derrubei, né? Por causa do meu suporte. Não sigo o cauda da Grécia, porque a Grécia só bota a gente laranjada. Aí apareceu outro cara querendo me roxar em mim, mas eu errei o rude, não consegui atirar, aí eu morri. Aí sobra o bot do Biel, que ele nada é a mesma coisa. Ele matou o cara, foi finalizar, tomou de outro cara lá atrás, né? Porque a gente pensa em enxarrar, pensa em farpar, em finalizar, mas nunca pensa no resto que está vivo pra matar a gente. A gente gosta de farpar. 3x0 a gente perdendo, que vergonha. Aí dessa vez o GB falou, deixa que eu passo a cal.",0.2056525349617004,0.7508324384689331,0.0435150638222694,NEU,0.7017177939414978,0.0026216127444058,0.0168472826480865,0.0042937067337334,0.0508457049727439,0.2632750868797302,0.0023869515862315,0.30319387,Amy Scarlet,Roblox,AmyScarlet Gbzin Grécia e Biel jogando juntos [_oa8eqvyg2M],,GZ,GZ,GZ,"🎬 Canal: Amy Scarlet | 🎥 Vídeo: AmyScarlet Gbzin Grécia e Biel jogando juntos [_oa8eqvyg2M]
⏱️ Segmento/Index: 4
🤖 Consenso de IA: GZ (Detoxify: 0.702 | Perspective: 0.303)
──────────────────────────────────────────────────
Fala transcrita:
""Isso mesmo, eu não fui matar outro cara, não. Eu fui farpar o outro cara. Eu estou viciada em enxarrar os outros. Dessa vez, a Grécia falou, deixa que eu passa cá. Eu falei, não vai dar certo. Mas todo mundo começou a seguir ela. Eu falei, vou ficar aqui atrás. Vamos lá seguir a Grécia pra ver se vai dar certo. Aí eu fiquei aqui atrás analisando, o cara já subiu ali, tirou o binho no nei, já matou um, ia matar o outro. Aí eu aqui atrás só dando todo o suporte, né? Vendo a pessoa morrer. Aí fui lá, derrubaram o outro cara, mas eu derrubei, né? Por causa do meu suporte. Não sigo o cauda da Grécia, porque a Grécia só bota a gente laranjada. Aí apareceu outro cara querendo me roxar em mim, mas eu errei o rude, não consegui atirar, aí eu morri. Aí sobra o bot do Biel, que ele nada é a mesma coisa. Ele matou o cara, foi finalizar, tomou de outro cara lá atrás, né? Porque a gente pensa em enxarrar, pensa em farpar, em finalizar, mas nunca pensa no resto que está vivo pra matar a gente. A gente gosta de farpar. 3x0 a gente perdendo, que vergonha. Aí dessa vez o GB falou, deixa que eu passo a cal.""",Avaliador_B,Avaliador_C
6,"Foi, foi, foi Caraca gente, vamos ver então se a gente consegue ganhar agora Mano, Guizão, vamos sobreviver aí né Eita, eu tô muito lagado Ah, diamante de novo cara Caraca gente, tá muito difícil jogar aqui mano Mas beleza É o server gringo né É, o server gringo mano Ó, tamo aqui, beleza Opa, já tô vendo meu amigo Gui ali Que legal, a gente já rolou na ilha, que da hora Eita, tem um cara, os caras tão sem puxar Eita mano, vou aproveitar que os caras vão ficar com o paca-rô Olha o trem que tá rolando ali Sim, sim Mentira, ele é um gênio Ele é um gênio, ele fez igual aquele negócio do Dream Que ele tampou o bloco Tipo, eu ia pular, ele tampou o bloco que eu ia pular Entendeu Ó, pera aí que eu vou Derrotar um Nossa gente, mais uma vez meus vizinhos vão pensar que eu sou louco Mentira, eu fui derrotado Pessoal, só tenho o Viva aqui mano O nome do cara é Optifine, vei Ah, foi eliminado, ele é muito forte Cara, come on Eu tava sem peitoral Gui Não tinha nada pessoal Vamos de novo aqui vei, e se a gente não conseguir agora, vamos voltar pro modo normal",0.1719425171613693,0.5681290030479431,0.2599284946918487,NEU,0.2437748312950134,0.0104644242674112,0.0537875443696975,0.0078270826488733,0.0428374744951725,0.0037807759363204,0.0082851070910692,0.25462922,Geleia,Minecraft,DESAFIO 10 PESSOAS vs 3 NOOBS no Minecraft [Npehoha-Pn4],,GZ,GZ,GZ,"🎬 Canal: Geleia | 🎥 Vídeo: DESAFIO 10 PESSOAS vs 3 NOOBS no Minecraft [Npehoha-Pn4]
⏱️ Segmento/Index: 6
🤖 Consenso de IA: GZ (Detoxify: 0.244 | Perspective: 0.255)
──────────────────────────────────────────────────
Fala transcrita:
""Foi, foi, foi Caraca gente, vamos ver então se a gente consegue ganhar agora Mano, Guizão, vamos sobreviver aí né Eita, eu tô muito lagado Ah, diamante de novo cara Caraca gente, tá muito difícil jogar aqui mano Mas beleza É o server gringo né É, o server gringo mano Ó, tamo aqui, beleza Opa, já tô vendo meu amigo Gui ali Que legal, a gente já rolou na ilha, que da hora Eita, tem um cara, os caras tão sem puxar Eita mano, vou aproveitar que os caras vão ficar com o paca-rô Olha o trem que tá rolando ali Sim, sim Mentira, ele é um gênio Ele é um gênio, ele fez igual aquele negócio do Dream Que ele tampou o bloco Tipo, eu ia pular, ele tampou o bloco que eu ia pular Entendeu Ó, pera aí que eu vou Derrotar um Nossa gente, mais uma vez meus vizinhos vão pensar que eu sou louco Mentira, eu fui derrotado Pessoal, só tenho o Viva aqui mano O nome do cara é Optifine, vei Ah, foi eliminado, ele é muito forte Cara, come on Eu tava sem peitoral Gui Não tinha nada pessoal Vamos de novo aqui vei, e se a gente não conseguir agora, vamos voltar pro modo normal""",Avaliador_B,Avaliador_C
12,"Não caiu não. Só encontrei esse monstro aí. Nenhum dinossauro por aqui. Ei durante a noite os dinossauros devem aparecer lá na parte de cima. Acho que vale dar uma olhada. Mais um monstro bizarro. Esse está segurando alguma coisa. Eita ele é um arqueiro. Ele é tipo um esqueleto. Matei. Esse era tipo um esqueleto, arco e flecha aí. Muito apelão. Vou subir pro topo pra ver se lá estão aparecendo dinossauros durante a noite. Estava cavando pra cima e aí encontrei água. Agora escureceu e eu já tô vendo que tem dinossauros diferentes. Esses dinossauros devem ser agressivos, já que eles apareceram aqui durante a noite. Me viu e já tá vindo pra cima. E aí seu dinossauro, você quer batalhar comigo? Vem pra cá. Peraí. Eu acho que esse aqui só me ataca se eu tacar ele primeiro. Na verdade não é isso. É um dinossauro amigável. E esse aqui? Eita! Sai!",0.6339250206947327,0.298514574766159,0.067560389637947,NEG,0.2442781925201416,0.0013803468318656,0.0214737318456172,0.0013578176731243,0.0553105734288692,0.028752276673913,0.0016061540227383,0.28547668,Robin Hood Gamer,Minecraft,BAIXEI A CÓPIA DO MINECRAFT COM DINOSSAUROS [ELepo_63NZo],,GZ,GZ,GZ,"🎬 Canal: Robin Hood Gamer | 🎥 Vídeo: BAIXEI A CÓPIA DO MINECRAFT COM DINOSSAUROS [ELepo_63NZo]
⏱️ Segmento/Index: 12
🤖 Consenso de IA: GZ (Detoxify: 0.244 | Perspective: 0.285)
──────────────────────────────────────────────────
Fala transcrita:
""Não caiu não. Só encontrei esse monstro aí. Nenhum dinossauro por aqui. Ei durante a noite os dinossauros devem aparecer lá na parte de cima. Acho que vale dar uma olhada. Mais um monstro bizarro. Esse está segurando alguma coisa. Eita ele é um arqueiro. Ele é tipo um esqueleto. Matei. Esse era tipo um esqueleto, arco e flecha aí. Muito apelão. Vou subir pro topo pra ver se lá estão aparecendo dinossauros durante a noite. Estava cavando pra cima e aí encontrei água. Agora escureceu e eu já tô vendo que tem dinossauros diferentes. Esses dinossauros devem ser agressivos, já que eles apareceram aqui durante a noite. Me viu e já tá vindo pra cima. E aí seu dinossauro, você quer batalhar comigo? Vem pra cá. Peraí. Eu acho que esse aqui só me ataca se eu tacar ele primeiro. Na verdade não é isso. É um dinossauro amigável. E esse aqui? Eita! Sai!""",Avaliador_B,Avaliador_C
17,"Coloquei uma madeira de carvalho aqui Vou colocar nas quatro pontas Madeira de carvalho em cima da tábua Eu acho que eu já posso até remover essa tábua Depois eu vejo o que eu faço com ela Acho que eu já vou remover agora Eu vou ter que estar fechando essa área aqui E eu vou fazer isso por dentro da casa Agora eu vou pegar Eu vou subir mais uma madeira de carvalho E é claro que eu vou estar descascando essa madeira aqui Senão não vai ter sentido nenhum Pra ficar parecido mesmo com a construção Agora sim, madeira descascada, bem melhor Vou pegar aqui a laje de pinheiro Vou colocar dessa forma Vai ficar até parecendo um telhadinho de uma construção chinesa Vai ficar bem bacana Dessa maneira aqui Vou fazer a mesma coisa na parte de cima Bem certo, agora eu vou subir aqui Pra continuar fazendo aqui na parte de cima Olha só que fera E nessa parte eu vou estar colocando as escadas Minhas lajes tinham acabado Eu fiz uma mesa de trabalho aqui em cima mesmo Pra criar mais algumas lajes",0.2054449766874313,0.5255604982376099,0.2689945101737976,NEU,0.0028140600770711,0.0057758223265409,0.0399204269051551,0.0068575269542634,0.0380855277180671,0.0027249371632933,0.0016758665442466,0.121732734,Robin Hood Gamer,Minecraft,BETO INVADIU O MEU MUNDO MINECRAFT ERA DA REDSTONE 07 [GCPMWEWQDLU],,NT,NT,NT,"🎬 Canal: Robin Hood Gamer | 🎥 Vídeo: BETO INVADIU O MEU MUNDO MINECRAFT ERA DA REDSTONE 07 [GCPMWEWQDLU]
⏱️ Segmento/Index: 17
🤖 Consenso de IA: NT (Detoxify: 0.003 | Perspective: 0.122)
──────────────────────────────────────────────────
Fala transcrita:
""Coloquei uma madeira de carvalho aqui Vou colocar nas quatro pontas Madeira de carvalho em cima da tábua Eu acho que eu já posso até remover essa tábua Depois eu vejo o que eu faço com ela Acho que eu já vou remover agora Eu vou ter que estar fechando essa área aqui E eu vou fazer isso por dentro da casa Agora eu vou pegar Eu vou subir mais uma madeira de carvalho E é claro que eu vou estar descascando essa madeira aqui Senão não vai ter sentido nenhum Pra ficar parecido mesmo com a construção Agora sim, madeira descascada, bem melhor Vou pegar aqui a laje de pinheiro Vou colocar dessa forma Vai ficar até parecendo um telhadinho de uma construção chinesa Vai ficar bem bacana Dessa maneira aqui Vou fazer a mesma coisa na parte de cima Bem certo, agora eu vou subir aqui Pra continuar fazendo aqui na parte de cima Olha só que fera E nessa parte eu vou estar colocando as escadas Minhas lajes tinham acabado Eu fiz uma mesa de trabalho aqui em cima mesmo Pra criar mais algumas lajes""",Avaliador_B,Avaliador_C
4,"A gente vai conseguir! Será que nós vamos conseguir chegar dentro da boca do magrinho? Gente, olha só a boca do magrinho. Vamos entrar na boca dele! Nhaque! Uou! A boca conseguiu! Vamos chegando! Agora a casa vai chegar no final. Será que nós vamos conseguir vencer? Será? Sim! Eu acho que nós vamos conseguir vencer! Aiii! Conseguimos! Aie! Nós conseguimos chegar no final! No final! Vamos agora colorir a gente. Eu quero ser roxo. E tem amarelo. E tem vermelho. Agora vamos voltar. Pra gente escolher uma outra casa.",0.0526436790823936,0.7186670899391174,0.2286892235279083,NEU,0.2734078466892242,0.0007557062199339,0.027579316869378,0.0003598137991502,0.0722982659935951,0.0129856262356042,0.0250828843563795,0.37955463,Lokis,Roblox,CASA DO PORQUINHO CAI CAI  Roblox - Slide into Mouth [Kd7t3a5XDhw],,GZ,GZ,GZ,"🎬 Canal: Lokis | 🎥 Vídeo: CASA DO PORQUINHO CAI CAI  Roblox - Slide into Mouth [Kd7t3a5XDhw]
⏱️ Segmento/Index: 4
🤖 Consenso de IA: GZ (Detoxify: 0.273 | Perspective: 0.38)
──────────────────────────────────────────────────
Fala transcrita:
""A gente vai conseguir! Será que nós vamos conseguir chegar dentro da boca do magrinho? Gente, olha só a boca do magrinho. Vamos entrar na boca dele! Nhaque! Uou! A boca conseguiu! Vamos chegando! Agora a casa vai chegar no final. Será que nós vamos conseguir vencer? Será? Sim! Eu acho que nós vamos conseguir vencer! Aiii! Conseguimos! Aie! Nós conseguimos chegar no final! No final! Vamos agora colorir a gente. Eu quero ser roxo. E tem amarelo. E tem vermelho. Agora vamos voltar. Pra gente escolher uma outra casa.""",Avaliador_B,Avaliador_C
19,"Eu quero Deve ter, mas tá super escuro ali Ai, eu quero, gente Mas eu vou me afogar Não, eu procuro aqui Procura, Ju Daí me fala que daí eu desço Porque eu sou muito desastrada, gente Eu vou perder todos os itens Gente, será que é tipo uma caverninha aqui? Que massa Ô, essa vila aqui é boa, hein? Eu não quero ver o teu bichinho, eu não vi ainda Eu tô com medo de colocar ele no mar Ah, não, tem um laguinho aqui Depois que você sair, você coloca Ah, socorro Cadê? Eu acho que não vai ter mais não, gente Gente, eu vi ele nadando Eu fiquei, não Não acredito, Ju Tem uma caverna aqui O tanto de lula brilhante É uma caverna super profunda Ah, gostei, hein? Gostei É que, olha, vem ver Nossa Ah, saí do outro lado É então, tem várias entradas Que massa É que tá bem escuro, né, gente? Que legal Super escuro Gostei, hein? Ah, e pessoal, com esse saco de lula brilhante Dá pra colocar nas placas, né? Pra ficar brilhando, que dá pra fazer?",0.3431679606437683,0.5189399123191833,0.1378921270370483,NEU,0.4614028334617615,0.0088674565777182,0.0605979338288307,0.0066750776022672,0.0399935245513916,0.0039203125052154,0.0288054030388593,0.23451406,Julia MineGirl,Roblox,Diário Minegirl - O MELHOR DIA NO MINECRAFT E5 [snAgoxuRVvc],,GZ,GZ,GZ,"🎬 Canal: Julia MineGirl | 🎥 Vídeo: Diário Minegirl - O MELHOR DIA NO MINECRAFT E5 [snAgoxuRVvc]
⏱️ Segmento/Index: 19
🤖 Consenso de IA: GZ (Detoxify: 0.461 | Perspective: 0.235)
──────────────────────────────────────────────────
Fala transcrita:
""Eu quero Deve ter, mas tá super escuro ali Ai, eu quero, gente Mas eu vou me afogar Não, eu procuro aqui Procura, Ju Daí me fala que daí eu desço Porque eu sou muito desastrada, gente Eu vou perder todos os itens Gente, será que é tipo uma caverninha aqui? Que massa Ô, essa vila aqui é boa, hein? Eu não quero ver o teu bichinho, eu não vi ainda Eu tô com medo de colocar ele no mar Ah, não, tem um laguinho aqui Depois que você sair, você coloca Ah, socorro Cadê? Eu acho que não vai ter mais não, gente Gente, eu vi ele nadando Eu fiquei, não Não acredito, Ju Tem uma caverna aqui O tanto de lula brilhante É uma caverna super profunda Ah, gostei, hein? Gostei É que, olha, vem ver Nossa Ah, saí do outro lado É então, tem várias entradas Que massa É que tá bem escuro, né, gente? Que legal Super escuro Gostei, hein? Ah, e pessoal, com esse saco de lula brilhante Dá pra colocar nas placas, né? Pra ficar brilhando, que dá pra fazer?""",Avaliador_B,Avaliador_C
5,"Demora um pouquinho pra fazer, véi. É difícil. Vou subir a borda toda enquanto isso. Tá sem nada. Tá bom. Aqui... Aí, fiz errado. Aqui é o... Meu Deus, essa aranha tá muito feia. Por que que a aranha tá feia? Meu Deus, vou subir tanto que eu não tô vendo mais nada daqui de cima. É, pelo visto a aranha tá feia. Até apaguei. Mano, isso tava horroroso, velho. Deixa, eu queria ver, velho. Ah não, tava muito feio, quer se... Meu Deus do céu. Ah, você fazia em outro lugar, desenhava em outro lugar, né? Nossa, mano, ficou horrível isso aqui, cara. Mano, eu vou fazer só a cabeça que não dá, velho. Tá, tá bom, tá bom. Eu tentei me fazer um negócio engraçado aqui... Meu Deus, cara, e aí complica a vida do ser humano, né? Não, complica a minha vida. Não, a minha, né? Que eu vou ter que achar o seu desenho. Mano do céu, velho. Eu tô muito alto, tô olhando pra baixo e não consigo te ver nem ver nem o teu desenho. Mano, mas ficou muito feio, cara.",0.9824867248535156,0.0113953603431582,0.0061179585754871,NEG,0.397190123796463,0.0016056860331445,0.0553596578538417,0.0016573130851611,0.0992174670100212,0.0018716930644586,0.004280587658286,0.3140926,Kass e KR,Minecraft,Podemos DESENHAR TUDO o que QUISERMOS no Minecraft [ROnrLFz8JXw],,GZ,GZ,GZ,"🎬 Canal: Kass e KR | 🎥 Vídeo: Podemos DESENHAR TUDO o que QUISERMOS no Minecraft [ROnrLFz8JXw]
⏱️ Segmento/Index: 5
🤖 Consenso de IA: GZ (Detoxify: 0.397 | Perspective: 0.314)
──────────────────────────────────────────────────
Fala transcrita:
""Demora um pouquinho pra fazer, véi. É difícil. Vou subir a borda toda enquanto isso. Tá sem nada. Tá bom. Aqui... Aí, fiz errado. Aqui é o... Meu Deus, essa aranha tá muito feia. Por que que a aranha tá feia? Meu Deus, vou subir tanto que eu não tô vendo mais nada daqui de cima. É, pelo visto a aranha tá feia. Até apaguei. Mano, isso tava horroroso, velho. Deixa, eu queria ver, velho. Ah não, tava muito feio, quer se... Meu Deus do céu. Ah, você fazia em outro lugar, desenhava em outro lugar, né? Nossa, mano, ficou horrível isso aqui, cara. Mano, eu vou fazer só a cabeça que não dá, velho. Tá, tá bom, tá bom. Eu tentei me fazer um negócio engraçado aqui... Meu Deus, cara, e aí complica a vida do ser humano, né? Não, complica a minha vida. Não, a minha, né? Que eu vou ter que achar o seu desenho. Mano do céu, velho. Eu tô muito alto, tô olhando pra baixo e não consigo te ver nem ver nem o teu desenho. Mano, mas ficou muito feio, cara.""",Avaliador_B,Avaliador_C
5,"Tá bom, tá bom, tá bom. Deixa eu pular, boa. O Dinamitron. Velocidade, vai pegar a bolinha aí. Por que não? Validade. É o Dinamitron. Ó, ó. É o Dinamitron voando pelo mapa como se não houvesse amanhã. Bate lá a cabeça. Ai. Ixi. Ixi. Sem palavras. Tava na mão, mano. Vamos para a próxima partida. Que triste. Vamos lá. Essa daqui foi onde ele treinou quando tinha dois anos de idade, viu? Esse é o maior, o minidinamitron. Vale, meu Deus, me dá o bloco aí. Ah, é porque ele sabe do meu potencial, ele sabe que o dinamitron ele tem um poder a mais, aí eles querem eliminar logo quem? Os mais fortes, né? Os mais fracos querem eliminar os mais fortes, mas não funciona. Ó, temos ali um samurai ali verde, mas ele não é dinamitron. Como ele não é azul, ele não é... Vai, agora mete o porradão em alguém aí, mas tá muito pacífico, mano. Aí, é desse jeito, eu tenho que... Toma! Obrigado, dá um murro aí, ó. Tô... Assim? É! Eliminando pessoas. Ele é o dinamitron, ele elimina as pessoas.",0.0951613709330558,0.6390452980995178,0.2657933235168457,NEU,0.7934847474098206,0.0066380305215716,0.061027318239212,0.0046099573373794,0.060415931046009,0.2902973592281341,0.0053244144655764,0.25462922,meu nome é david,Roblox,O DYNAMITRON TEM PODERES ESPECIAIS  DESAFIO DAS SKINS SPECIAIS NO STUMBLE GUYS [j_YgvR6mngA],,GZ,GZ,GZ,"🎬 Canal: meu nome é david | 🎥 Vídeo: O DYNAMITRON TEM PODERES ESPECIAIS  DESAFIO DAS SKINS SPECIAIS NO STUMBLE GUYS [j_YgvR6mngA]
⏱️ Segmento/Index: 5
🤖 Consenso de IA: GZ (Detoxify: 0.793 | Perspective: 0.255)
──────────────────────────────────────────────────
Fala transcrita:
""Tá bom, tá bom, tá bom. Deixa eu pular, boa. O Dinamitron. Velocidade, vai pegar a bolinha aí. Por que não? Validade. É o Dinamitron. Ó, ó. É o Dinamitron voando pelo mapa como se não houvesse amanhã. Bate lá a cabeça. Ai. Ixi. Ixi. Sem palavras. Tava na mão, mano. Vamos para a próxima partida. Que triste. Vamos lá. Essa daqui foi onde ele treinou quando tinha dois anos de idade, viu? Esse é o maior, o minidinamitron. Vale, meu Deus, me dá o bloco aí. Ah, é porque ele sabe do meu potencial, ele sabe que o dinamitron ele tem um poder a mais, aí eles querem eliminar logo quem? Os mais fortes, né? Os mais fracos querem eliminar os mais fortes, mas não funciona. Ó, temos ali um samurai ali verde, mas ele não é dinamitron. Como ele não é azul, ele não é... Vai, agora mete o porradão em alguém aí, mas tá muito pacífico, mano. Aí, é desse jeito, eu tenho que... Toma! Obrigado, dá um murro aí, ó. Tô... Assim? É! Eliminando pessoas. Ele é o dinamitron, ele elimina as pessoas.""",Avaliador_B,Avaliador_C
5,"Eu caí aqui em cima desse carro velho. Vem com o bumbum, tam, tam, vem com o bumbum, tam, tam, tam, mexe o bumbum, tam, tam. Tava rolando uma treta insana aqui em cima, eu falei, eu vou chegar e vou atropelar todo mundo que tá aqui em cima, só que tava meio complicado subir com esse carro velho aqui nessa montanha, mas consegui subir, agora a situação era como é que eu consegui colocar esse carro aqui em cima dessa escada, consegui colocar, eu prendi o carro, eu falei, ai meu Deus, volta mulher. Aí o cara tava trocando, tava trocando o tiro. Eu não tava de jeito nenhum conseguindo colocar esse carro velho aqui em cima, eu falei, vamos embora, viu que isso aqui é um sinal do Free Fire dizendo que eu vou morrer. Ai, ai, viu, vou pegar a moquinha aqui pra casa, vou aproveitar, dar uma trocadinha nesse carro velho, vou deixar o outro carro velho aqui também. É andar de carro velho, amor, nem vem, eu quero o carro raro, eu quero o ouro. Essa ponte é minha. Ai, a ponte tem... Ai, gente do céu, que perigo o Free Fire colocando um negócio desse pra tampar, pra tampar a ponte, gente, pelo amor de Deus, por que isso?",0.1208081915974617,0.8212857842445374,0.057906087487936,NEU,0.6106597185134888,0.0036051219794899,0.1187623143196106,0.0009364014840684,0.048468891531229,0.0283649023622274,0.2249747961759567,0.28425202,Amy Scarlet,Roblox,Joguei só com carro no Free Fire [1a1rlbnKheU],,GZ,GZ,GZ,"🎬 Canal: Amy Scarlet | 🎥 Vídeo: Joguei só com carro no Free Fire [1a1rlbnKheU]
⏱️ Segmento/Index: 5
🤖 Consenso de IA: GZ (Detoxify: 0.611 | Perspective: 0.284)
──────────────────────────────────────────────────
Fala transcrita:
""Eu caí aqui em cima desse carro velho. Vem com o bumbum, tam, tam, vem com o bumbum, tam, tam, tam, mexe o bumbum, tam, tam. Tava rolando uma treta insana aqui em cima, eu falei, eu vou chegar e vou atropelar todo mundo que tá aqui em cima, só que tava meio complicado subir com esse carro velho aqui nessa montanha, mas consegui subir, agora a situação era como é que eu consegui colocar esse carro aqui em cima dessa escada, consegui colocar, eu prendi o carro, eu falei, ai meu Deus, volta mulher. Aí o cara tava trocando, tava trocando o tiro. Eu não tava de jeito nenhum conseguindo colocar esse carro velho aqui em cima, eu falei, vamos embora, viu que isso aqui é um sinal do Free Fire dizendo que eu vou morrer. Ai, ai, viu, vou pegar a moquinha aqui pra casa, vou aproveitar, dar uma trocadinha nesse carro velho, vou deixar o outro carro velho aqui também. É andar de carro velho, amor, nem vem, eu quero o carro raro, eu quero o ouro. Essa ponte é minha. Ai, a ponte tem... Ai, gente do céu, que perigo o Free Fire colocando um negócio desse pra tampar, pra tampar a ponte, gente, pelo amor de Deus, por que isso?""",Avaliador_B,Avaliador_C
23,"Peguei ele, peguei ele. Cadê? Mano, eu escondei. Não me acham mais, impossível. Marcelo, eu te considerei meu amigo. Como é que você me traiu? Não é possível agora achar ele, gente. É impossível, fi, se eu não... Vocês deram muito tempo pra um ser desse se esconder, já era. Mas, assim, quem é fácil de pegar, a gente pega duas vezes, fi. Por isso que eu deixei você curtir um pouco o som da liberdade. Duda, eu tenho uma técnica de procura, F5 e vai. Deixa o F5 e sai procurando por tudo quanto é lá. O mais legal é que eu já sei onde é que o ponto está. Uai. Vamos pegar, vamos pegar, vai. E você não pegou eles ainda? Não, eu sei onde um está. Duda, espera aí. Opa, opa, telhadão, telhadão? É, lá mesmo, lá mesmo. Cadê tu, Rimaro? O que é teu está guardado. Fi, essa história de topão conheço bem. Rimaro... Olha, achei um fantasma aqui, velho. O Rimaro estava aí de cima atacando flecha. Está muito quieto. Como, Rimaro? Como assim, velho? Onde que ele está? Não sei, você é um fantasma, ninguém me vê, não.",0.4190435707569122,0.5365204811096191,0.0444359220564365,NEU,0.3331065475940704,0.0046961805783212,0.0441040098667144,0.0028492400888353,0.0535359382629394,0.0034877737052738,0.0049203182570636,0.24442963,AuthenticGames,Minecraft,ESCONDE-ESCONDE de FANTASMAS no MINECRAFT [hFFT6I7U64U],,GZ,GZ,GZ,"🎬 Canal: AuthenticGames | 🎥 Vídeo: ESCONDE-ESCONDE de FANTASMAS no MINECRAFT [hFFT6I7U64U]
⏱️ Segmento/Index: 23
🤖 Consenso de IA: GZ (Detoxify: 0.333 | Perspective: 0.244)
──────────────────────────────────────────────────
Fala transcrita:
""Peguei ele, peguei ele. Cadê? Mano, eu escondei. Não me acham mais, impossível. Marcelo, eu te considerei meu amigo. Como é que você me traiu? Não é possível agora achar ele, gente. É impossível, fi, se eu não... Vocês deram muito tempo pra um ser desse se esconder, já era. Mas, assim, quem é fácil de pegar, a gente pega duas vezes, fi. Por isso que eu deixei você curtir um pouco o som da liberdade. Duda, eu tenho uma técnica de procura, F5 e vai. Deixa o F5 e sai procurando por tudo quanto é lá. O mais legal é que eu já sei onde é que o ponto está. Uai. Vamos pegar, vamos pegar, vai. E você não pegou eles ainda? Não, eu sei onde um está. Duda, espera aí. Opa, opa, telhadão, telhadão? É, lá mesmo, lá mesmo. Cadê tu, Rimaro? O que é teu está guardado. Fi, essa história de topão conheço bem. Rimaro... Olha, achei um fantasma aqui, velho. O Rimaro estava aí de cima atacando flecha. Está muito quieto. Como, Rimaro? Como assim, velho? Onde que ele está? Não sei, você é um fantasma, ninguém me vê, não.""",Avaliador_B,Avaliador_C
19,"A trapdoor, olha isso. A casa inteira dele foi trocada por trapdoor. E ele tá me espionando não? Ah, ele fez só uma casinha. Uma mini casinha. Eu preciso fingir que eu tô na casinha. Ah, o que é isso? A minha casa virou... Esses locos de alzapão. Mas tá, entrei aqui na casinha e eu vou ficar me mostrando bastante pra ele me ver. Eu tô aqui na casinha. Cadê o Cadres? Cadê o Cadres? Será que foi o Cadres? Ah, você tá aí Cadres? Oi, to aqui, to aqui. Para de espiar a minha casa. Ah, tá bom, vou ficar olhando pra trás. E eu acho que o server tá bugado de novo que os tijolos sumiram. Eu acho que você tá ficando meio louco, Otus. Ficando louco nada, tudo isso sou eu. E agora eu vou entrar no espectador de novo. E vou continuar trollando essa casa. Ficando maluco. E sabe o que eu tô começando a achar? Que é o Cadres que tá me trollando. Vamos pegar posição dois e vamos trocar. O alzapão por tijolos. Assim. Boa, agora a minha casa voltou pra posição normal dela. Eu até vou copiar porque vai que alguma coisa acontece. E a próxima coisa que eu vou fazer vai ser trocar esse telhado dele por observador.",0.6603610515594482,0.3122621476650238,0.0273767635226249,NEG,0.2890141010284424,0.0038709386717528,0.0350834131240844,0.005105831194669,0.074549987912178,0.0040486734360456,0.0014912573387846,0.32236105,Cadres,Minecraft,MANSÃO de R1 vs MANSÃO de R1.000.00000 no Minecraft [ShDYg0jAb-A],,GZ,GZ,GZ,"🎬 Canal: Cadres | 🎥 Vídeo: MANSÃO de R1 vs MANSÃO de R1.000.00000 no Minecraft [ShDYg0jAb-A]
⏱️ Segmento/Index: 19
🤖 Consenso de IA: GZ (Detoxify: 0.289 | Perspective: 0.322)
──────────────────────────────────────────────────
Fala transcrita:
""A trapdoor, olha isso. A casa inteira dele foi trocada por trapdoor. E ele tá me espionando não? Ah, ele fez só uma casinha. Uma mini casinha. Eu preciso fingir que eu tô na casinha. Ah, o que é isso? A minha casa virou... Esses locos de alzapão. Mas tá, entrei aqui na casinha e eu vou ficar me mostrando bastante pra ele me ver. Eu tô aqui na casinha. Cadê o Cadres? Cadê o Cadres? Será que foi o Cadres? Ah, você tá aí Cadres? Oi, to aqui, to aqui. Para de espiar a minha casa. Ah, tá bom, vou ficar olhando pra trás. E eu acho que o server tá bugado de novo que os tijolos sumiram. Eu acho que você tá ficando meio louco, Otus. Ficando louco nada, tudo isso sou eu. E agora eu vou entrar no espectador de novo. E vou continuar trollando essa casa. Ficando maluco. E sabe o que eu tô começando a achar? Que é o Cadres que tá me trollando. Vamos pegar posição dois e vamos trocar. O alzapão por tijolos. Assim. Boa, agora a minha casa voltou pra posição normal dela. Eu até vou copiar porque vai que alguma coisa acontece. E a próxima coisa que eu vou fazer vai ser trocar esse telhado dele por observador.""",Avaliador_B,Avaliador_C
11,"É quebrado! Cadê o moço? Mandinha, arruma a água, tá quebrada, Mandinha. Rá um encadamento. Eu tampo, eu tampo, eu tampo, eu tampo, eu tampo, eu tampo, eu tampo. Aqui, aqui, ó. Vem na piscina. Você tá na piscininha? Sim! Olha, tá todo mundo na piscininha. Aqui tem jacaré. Mentira que não tem jacaré não, Nath, não tem não. Tem jacaré sim aqui. Olha, Mandinha, esse é o lugar mais legal, né? O sofazinho. Não, o mais legal. O mais legal é a vassoura, é isso assim. Não, a vassoura é melhor. Eu sou uma bruxa. O que eu estou tentando fazer é dizer que eu te amo. E todas as coisas que você faz Sofaz como um foco, quando você toque a minha mão As palavras se esforçam, o que eu estou tentando fazer é dizer que eu te amo.",0.2253053933382034,0.7127286195755005,0.0619659386575222,NEU,0.2004276663064956,0.0021675734315067,0.0356663465499877,0.0024957505520433,0.0251542050391435,0.0021964493207633,0.0096116485074162,0.25084448,Lokis,Roblox,VIAGEM NO TREM MALUCO  Roblox [nleS0v6DuOs],,GZ,GZ,GZ,"🎬 Canal: Lokis | 🎥 Vídeo: VIAGEM NO TREM MALUCO  Roblox [nleS0v6DuOs]
⏱️ Segmento/Index: 11
🤖 Consenso de IA: GZ (Detoxify: 0.2 | Perspective: 0.251)
──────────────────────────────────────────────────
Fala transcrita:
""É quebrado! Cadê o moço? Mandinha, arruma a água, tá quebrada, Mandinha. Rá um encadamento. Eu tampo, eu tampo, eu tampo, eu tampo, eu tampo, eu tampo, eu tampo. Aqui, aqui, ó. Vem na piscina. Você tá na piscininha? Sim! Olha, tá todo mundo na piscininha. Aqui tem jacaré. Mentira que não tem jacaré não, Nath, não tem não. Tem jacaré sim aqui. Olha, Mandinha, esse é o lugar mais legal, né? O sofazinho. Não, o mais legal. O mais legal é a vassoura, é isso assim. Não, a vassoura é melhor. Eu sou uma bruxa. O que eu estou tentando fazer é dizer que eu te amo. E todas as coisas que você faz Sofaz como um foco, quando você toque a minha mão As palavras se esforçam, o que eu estou tentando fazer é dizer que eu te amo.""",Avaliador_B,Avaliador_C
1,"Não precisa ficar bravo se perder, hein Porque ó, eu não queria falar da Ana, não se sabia, mas o Mcfly, ele é muito atrapalhado nos volantes assim, ele é péssimo, ele quer correr de ré Ele vai sair batendo em tudo né É, ele anda de ré com o carro e tudo torto Não tem problema não, porque eu também sou assim Então acho que vocês vão sentindo aí, der bastante aí Mas ó, antes de começar a escolher que os nossos carrinhos que tem muitas opções e também escolher a nossa pista de corrida Eu quero que todo mundo que esteja assistindo essa aventura do outro lado da telinha Clique no botão de gostei, acelera o like, se inscrevam e ativem o sininho de notificações pra receber todos os vídeos novos É isso aí gente, então Sazinha, eu quero que você escolha aí o seu carrinho, hein, qual que você vai escolher pra correr Pera aí, primeiro antes eu preciso mostrar aqui a minha dancinha da vitória, ó, ó, ó Uou, que chique, que dancinha da hora Eu também tenho essa aqui ó, que bate palma porque eu vou ganhar Não vai, não vai Eu quero esse carrinho aqui de patinho, ó, ele é muito fofo É, esse aí é legal, gostei, gostei, espero que ele seja lento pra mim poder ganhar em primeiro Coitado Vocês dois estão brigando, mas quem vai ganhar sou eu na verdade, vou com esse daqui O azulzinho é, combinou com a sua roupa, tem ali a listrinha, né, e tal",0.8989489078521729,0.0678253248333931,0.0332257635891437,NEG,0.4666530191898346,0.0067076263949275,0.0670008361339569,0.0049087633378803,0.0615654066205024,0.0046291379258036,0.0112279634922742,0.37073207,JP Plays,Minecraft,CORRIDA DAS ARMADILHAS COM A SAAHZINHA NO MINECRAFT [TUAjTJinNPw],,GZ,GZ,GZ,"🎬 Canal: JP Plays | 🎥 Vídeo: CORRIDA DAS ARMADILHAS COM A SAAHZINHA NO MINECRAFT [TUAjTJinNPw]
⏱️ Segmento/Index: 1
🤖 Consenso de IA: GZ (Detoxify: 0.467 | Perspective: 0.371)
──────────────────────────────────────────────────
Fala transcrita:
""Não precisa ficar bravo se perder, hein Porque ó, eu não queria falar da Ana, não se sabia, mas o Mcfly, ele é muito atrapalhado nos volantes assim, ele é péssimo, ele quer correr de ré Ele vai sair batendo em tudo né É, ele anda de ré com o carro e tudo torto Não tem problema não, porque eu também sou assim Então acho que vocês vão sentindo aí, der bastante aí Mas ó, antes de começar a escolher que os nossos carrinhos que tem muitas opções e também escolher a nossa pista de corrida Eu quero que todo mundo que esteja assistindo essa aventura do outro lado da telinha Clique no botão de gostei, acelera o like, se inscrevam e ativem o sininho de notificações pra receber todos os vídeos novos É isso aí gente, então Sazinha, eu quero que você escolha aí o seu carrinho, hein, qual que você vai escolher pra correr Pera aí, primeiro antes eu preciso mostrar aqui a minha dancinha da vitória, ó, ó, ó Uou, que chique, que dancinha da hora Eu também tenho essa aqui ó, que bate palma porque eu vou ganhar Não vai, não vai Eu quero esse carrinho aqui de patinho, ó, ele é muito fofo É, esse aí é legal, gostei, gostei, espero que ele seja lento pra mim poder ganhar em primeiro Coitado Vocês dois estão brigando, mas quem vai ganhar sou eu na verdade, vou com esse daqui O azulzinho é, combinou com a sua roupa, tem ali a listrinha, né, e tal""",Avaliador_B,Avaliador_C
5,"Não faz sentido pra mim isso aí, velho. Não faz sentido pra mim isso aí, velho. Meu Deus. Meu Deus! Parece aquele bichinho do pica-paula que faz... Parece aquele bichinho do pica-paula que faz... Não sei se vocês sabem. Nossa! Nossa! Meu Deus, velho! Meu Deus, velho! Eles foram um monte de Golem gigante. Eles foram um monte de Golem gigante. Isso é realmente louco. Ele é um pouco pequeno. O que você quer dizer que ele é pequeno? Ele está vindo. Meu Deus! Não! Não! Isso é tão estúpido. O que? Um Golem matou outro Golem? Uau! O que está acontecendo aqui? É um garoto pequeno! Olha o garoto pequeno!",0.5729120969772339,0.3715578615665436,0.0555300526320934,NEG,0.8385756015777588,0.0004517141205724,0.0225498173385858,0.0007049610139802,0.7004366517066956,0.000490438833367,0.0009393771761097,0.47119883,Geleia,Minecraft,Minecraft mas QUEBRARAM o JOGO [qpUF1apFDf8],,T,T,T,"🎬 Canal: Geleia | 🎥 Vídeo: Minecraft mas QUEBRARAM o JOGO [qpUF1apFDf8]
⏱️ Segmento/Index: 5
🤖 Consenso de IA: T (Detoxify: 0.839 | Perspective: 0.471)
──────────────────────────────────────────────────
Fala transcrita:
""Não faz sentido pra mim isso aí, velho. Não faz sentido pra mim isso aí, velho. Meu Deus. Meu Deus! Parece aquele bichinho do pica-paula que faz... Parece aquele bichinho do pica-paula que faz... Não sei se vocês sabem. Nossa! Nossa! Meu Deus, velho! Meu Deus, velho! Eles foram um monte de Golem gigante. Eles foram um monte de Golem gigante. Isso é realmente louco. Ele é um pouco pequeno. O que você quer dizer que ele é pequeno? Ele está vindo. Meu Deus! Não! Não! Isso é tão estúpido. O que? Um Golem matou outro Golem? Uau! O que está acontecendo aqui? É um garoto pequeno! Olha o garoto pequeno!""",Avaliador_B,Avaliador_C
27,"nono purpose Tu tá assim porque tu não ganhou uma coroa ainda né? É cara, é cara, o jogo é muito bom cara, mas é porque eu não ganhei uma coroa, como é que pode? Eu acabo querendo uma coroa, ô! Cara, só tem mais uma forma de tu conseguir uma coroa, tá ligado? Tu quer tentar ganhar essa coroa? Vai, vai, tá bom. Sei que eu não vou ganhar mesmo. Vai pronto, entrei no jogo aqui. Vai, qual é teu plano dessa vez? Ó, já joguei normal, já joguei torneio, tem que ser um parado diferente. Mas eu tenho um plano aqui, tá ligado? É o seguinte, ó, eu tô jogando no emulador, aí quando eu entro no emulador, tá ligado? Eu crio uma sala e só vem o boot quando eu aperto espaço bem rapidão. Quer dizer, entro uns play aqui, acular, tá ligado? Mas é bem pouquinho, pô, dá pra ganhar de boa. Não, é essa ideia aí foi diferente das outras, pode ser que dê certo, né? Não, mas peraí, peraí, eu não fiz uma coroa ainda não, mas eu tenho que pegar um skin de graça, tá ligado? Que nós que é mobile, toda a vida nós vemos um anúncio que é um skin de graça, né? Peraí, peraí, bem gerinho. Que abundância, meu irmão! Assim você vai matar o papai.",0.200950488448143,0.6985129117965698,0.1005366146564483,NEU,0.6269955039024353,0.0079761687666177,0.0468071587383747,0.0051963590085506,0.0501635149121284,0.0373949371278286,0.0241240169852972,0.34328604,meu nome é david,Roblox,STUMBLE GUYS NA VIDA REAL O FILME - SUPER COMPILADO [KjRhJUTatR4],,GZ,GZ,GZ,"🎬 Canal: meu nome é david | 🎥 Vídeo: STUMBLE GUYS NA VIDA REAL O FILME - SUPER COMPILADO [KjRhJUTatR4]
⏱️ Segmento/Index: 27
🤖 Consenso de IA: GZ (Detoxify: 0.627 | Perspective: 0.343)
──────────────────────────────────────────────────
Fala transcrita:
""nono purpose Tu tá assim porque tu não ganhou uma coroa ainda né? É cara, é cara, o jogo é muito bom cara, mas é porque eu não ganhei uma coroa, como é que pode? Eu acabo querendo uma coroa, ô! Cara, só tem mais uma forma de tu conseguir uma coroa, tá ligado? Tu quer tentar ganhar essa coroa? Vai, vai, tá bom. Sei que eu não vou ganhar mesmo. Vai pronto, entrei no jogo aqui. Vai, qual é teu plano dessa vez? Ó, já joguei normal, já joguei torneio, tem que ser um parado diferente. Mas eu tenho um plano aqui, tá ligado? É o seguinte, ó, eu tô jogando no emulador, aí quando eu entro no emulador, tá ligado? Eu crio uma sala e só vem o boot quando eu aperto espaço bem rapidão. Quer dizer, entro uns play aqui, acular, tá ligado? Mas é bem pouquinho, pô, dá pra ganhar de boa. Não, é essa ideia aí foi diferente das outras, pode ser que dê certo, né? Não, mas peraí, peraí, eu não fiz uma coroa ainda não, mas eu tenho que pegar um skin de graça, tá ligado? Que nós que é mobile, toda a vida nós vemos um anúncio que é um skin de graça, né? Peraí, peraí, bem gerinho. Que abundância, meu irmão! Assim você vai matar o papai.""",Avaliador_B,Avaliador_C
4,"Sabia que se os caras usarem o cupom, o meu nome é dele Vai ter sempre 10% de desconto, independentemente da compra É verdade Galera e agora a gente vai vestir pra vocês verem como eles ficam vestidos A vida eu só matei, bitch, ai Chegando nas área pega logo o celular O negócio vai esquentar, boto flipas pra rodar Aqui nós não é bodybuild, é só zoeira sem limite Com a gente não implique no trap Nós tá no pique, não replique Só clique, assisto o crescimento Postando a cada tempo um vídeo do momento Voltando no tempo Tem vídeo que eu não aguento, nós era ruim pra caralho Mas ainda bem que melhorou né Só falo verdade, eu sei que esses noobs não tem coragem De jogar o rushadão, eles não tem habilidade É muito ela dainha É muito ela dainha Picoinha, só acho o Zé modinha No games é guaritinha Vou dar um toque, sem neurose Nossa gangue por nós toque devagarinho Nós explode, na mid É só hip hop, tem que ser forte Não é só sorte, vai pensando que gravar vídeo é brincadeira Agradecimento a todo momento Mas também eu só lamento Quem não quer ver nosso crescimento Nós tá tipo papalégua, sem cego Correndo e produzindo e os coyotes",0.0854133442044258,0.7985865473747253,0.1160001158714294,NEU,0.6631022095680237,0.0049936650320887,0.0761269778013229,0.0037290621548891,0.0539065450429916,0.0028354967944324,0.019728735089302,0.37751234,meu nome é david,Roblox,INCUBADORA DOS DINOS DO FREE FIRE NA VIDA REAL [tn4spbpHT_A],,GZ,GZ,GZ,"🎬 Canal: meu nome é david | 🎥 Vídeo: INCUBADORA DOS DINOS DO FREE FIRE NA VIDA REAL [tn4spbpHT_A]
⏱️ Segmento/Index: 4
🤖 Consenso de IA: GZ (Detoxify: 0.663 | Perspective: 0.378)
──────────────────────────────────────────────────
Fala transcrita:
""Sabia que se os caras usarem o cupom, o meu nome é dele Vai ter sempre 10% de desconto, independentemente da compra É verdade Galera e agora a gente vai vestir pra vocês verem como eles ficam vestidos A vida eu só matei, bitch, ai Chegando nas área pega logo o celular O negócio vai esquentar, boto flipas pra rodar Aqui nós não é bodybuild, é só zoeira sem limite Com a gente não implique no trap Nós tá no pique, não replique Só clique, assisto o crescimento Postando a cada tempo um vídeo do momento Voltando no tempo Tem vídeo que eu não aguento, nós era ruim pra caralho Mas ainda bem que melhorou né Só falo verdade, eu sei que esses noobs não tem coragem De jogar o rushadão, eles não tem habilidade É muito ela dainha É muito ela dainha Picoinha, só acho o Zé modinha No games é guaritinha Vou dar um toque, sem neurose Nossa gangue por nós toque devagarinho Nós explode, na mid É só hip hop, tem que ser forte Não é só sorte, vai pensando que gravar vídeo é brincadeira Agradecimento a todo momento Mas também eu só lamento Quem não quer ver nosso crescimento Nós tá tipo papalégua, sem cego Correndo e produzindo e os coyotes""",Avaliador_B,Avaliador_C
49,"Eu vou chegando Na moral Ah, eu peguei um look bowl aqui, hein, Pok Tá valendo, tá valendo Tá valendo Tá valendo usar Look bowl, Pok? Então o look bowl quando ele solta fogo, crash Mas é bem difícil soltar fogo, é isso que você sabe Pokão, eu quero explodir vocês, mano De verdade, Pok, eu quero explodir vocês Com fogo e com pit Olha, o Slime pulou pra fora Meu Deus, tem um coelho assassino aqui, mano Ai, não me fiquem Mano, o coelho tá na sua puta Morre, coelho Explodiu tudo ali, mano O coelho tá doido Não, não é possível, se o coelho não morreu agora eu não sei Olha Olha A trilha do Tulio tem um monte de bloco aí, hein Aonde? Aonde?",0.2043210119009018,0.4746931791305542,0.3209857940673828,NEU,0.8888915181159973,0.0172793623059988,0.0693468004465103,0.0063528432510793,0.0507264621555805,0.0282044615596532,0.0237777139991521,0.5559701,AuthenticGames,Minecraft,A MAIOR CORRIDA DE LUCKY BLOCK DO MINECRAFT [3gJWsj4Jb8c],,T,T,T,"🎬 Canal: AuthenticGames | 🎥 Vídeo: A MAIOR CORRIDA DE LUCKY BLOCK DO MINECRAFT [3gJWsj4Jb8c]
⏱️ Segmento/Index: 49
🤖 Consenso de IA: T (Detoxify: 0.889 | Perspective: 0.556)
──────────────────────────────────────────────────
Fala transcrita:
""Eu vou chegando Na moral Ah, eu peguei um look bowl aqui, hein, Pok Tá valendo, tá valendo Tá valendo Tá valendo usar Look bowl, Pok? Então o look bowl quando ele solta fogo, crash Mas é bem difícil soltar fogo, é isso que você sabe Pokão, eu quero explodir vocês, mano De verdade, Pok, eu quero explodir vocês Com fogo e com pit Olha, o Slime pulou pra fora Meu Deus, tem um coelho assassino aqui, mano Ai, não me fiquem Mano, o coelho tá na sua puta Morre, coelho Explodiu tudo ali, mano O coelho tá doido Não, não é possível, se o coelho não morreu agora eu não sei Olha Olha A trilha do Tulio tem um monte de bloco aí, hein Aonde? Aonde?""",Avaliador_B,Avaliador_C
2,"certeza que vai vindo Ah, abriu uma porta pra mim Olha que massa Ô Ju, aqui ó, passa pelo meio Só não encostar no cinza Ah, tá, tá, tá, tá, tá, tá Por isso Ok, girei Vai, vai, vai, tô te esperando Abriu, olha que bem feito galera Uh Tô indo mãe Tô esperando, cuidado Nossa Ah, eu achei que ia aparecer, mas não apareceu Tá, e agora? Lá embaixo Ah, a gente tem que ir pra baixo de novo Ah Mata, mata, mata ele Tá, tá, tá, tá Olha, se matar o carinha você sobe de level Sério? Aham, que legal Eu tô no level zero Ah, você não matou ele Ai, morri Você tinha que ter matado ele Será que eu perco a espada? Não, não perde Se eu perder... olha Beleza, não perdi Uh, só vai Ah Onde você tá? Tô aqui Aqui é onde?",0.1043495535850524,0.7124149799346924,0.1832355111837387,NEU,0.8904246687889099,0.01305434666574,0.050482653081417,0.0046453834511339,0.05173110216856,0.0666726678609848,0.0203357487916946,0.4014846,Julia MineGirl,Roblox,Roblox - O ROUBO MAIS DIFÍCIL Castle Heist Adventure [njRpQ7CvBqE],,T,T,T,"🎬 Canal: Julia MineGirl | 🎥 Vídeo: Roblox - O ROUBO MAIS DIFÍCIL Castle Heist Adventure [njRpQ7CvBqE]
⏱️ Segmento/Index: 2
🤖 Consenso de IA: T (Detoxify: 0.89 | Perspective: 0.401)
──────────────────────────────────────────────────
Fala transcrita:
""certeza que vai vindo Ah, abriu uma porta pra mim Olha que massa Ô Ju, aqui ó, passa pelo meio Só não encostar no cinza Ah, tá, tá, tá, tá, tá, tá Por isso Ok, girei Vai, vai, vai, tô te esperando Abriu, olha que bem feito galera Uh Tô indo mãe Tô esperando, cuidado Nossa Ah, eu achei que ia aparecer, mas não apareceu Tá, e agora? Lá embaixo Ah, a gente tem que ir pra baixo de novo Ah Mata, mata, mata ele Tá, tá, tá, tá Olha, se matar o carinha você sobe de level Sério? Aham, que legal Eu tô no level zero Ah, você não matou ele Ai, morri Você tinha que ter matado ele Será que eu perco a espada? Não, não perde Se eu perder... olha Beleza, não perdi Uh, só vai Ah Onde você tá? Tô aqui Aqui é onde?""",Avaliador_B,Avaliador_C
4,"O dia que ela colocou na minha comida, né Miauzinha? Olha só a Miauzinha trolladora! Eu nunca colei na prova da escola! Olha lá, gente! Eu só tenho orgulho de falar que eu nunca! Eu nunca colei na prova da escola! Eu nunca colei! Eu nunca colei! Eu nunca colei! Eu nunca colei! Nunca! Já colou sim! Eu nunca tive uma experiência paranormal! Ai sim! A gente já foi em vários mapas de terror aqui no Roblox! Eu já tive também! Agora mesmo tem um anjo do meu lado! Do seu lado? Tá doido? Tem nada aqui não! Ai que medo! Eu nunca tive um pet! Eu sou o pet! Então tecnicamente não, né? Porque eu sou o pet! Eu já tive um pet! O meu pet é a Miauzinha!",0.0925547555088996,0.7185759544372559,0.1888692528009414,NEU,0.3350270092487335,0.0004506610857788,0.0314618274569511,0.0020502174738794,0.1232698634266853,0.0009129903046414,0.0024772142060101,0.3827457,Papile,Roblox,EU NUNCA no ROBLOX...  PAPILE e MIAUZINHA Never have I ever [qKuzcPHL79U],,GZ,GZ,GZ,"🎬 Canal: Papile | 🎥 Vídeo: EU NUNCA no ROBLOX...  PAPILE e MIAUZINHA Never have I ever [qKuzcPHL79U]
⏱️ Segmento/Index: 4
🤖 Consenso de IA: GZ (Detoxify: 0.335 | Perspective: 0.383)
──────────────────────────────────────────────────
Fala transcrita:
""O dia que ela colocou na minha comida, né Miauzinha? Olha só a Miauzinha trolladora! Eu nunca colei na prova da escola! Olha lá, gente! Eu só tenho orgulho de falar que eu nunca! Eu nunca colei na prova da escola! Eu nunca colei! Eu nunca colei! Eu nunca colei! Eu nunca colei! Nunca! Já colou sim! Eu nunca tive uma experiência paranormal! Ai sim! A gente já foi em vários mapas de terror aqui no Roblox! Eu já tive também! Agora mesmo tem um anjo do meu lado! Do seu lado? Tá doido? Tem nada aqui não! Ai que medo! Eu nunca tive um pet! Eu sou o pet! Então tecnicamente não, né? Porque eu sou o pet! Eu já tive um pet! O meu pet é a Miauzinha!""",Avaliador_B,Avaliador_C
5,"tirou metade da minha vida, eu fiquei super assustada aí eu saí correndo, atirei o CR7, saí correndo nele, correndo atrás de mim aí eu consegui pegar a tirolesa, achando que ele ia me deixar em paz e não é que ele veio atrás, gente o cara tava vindo atrás de mim, eu fiquei super assustada eu não sabia mais o que fazer, porque ele tava me perseguindo, ele queria me matar a única coisa que ele queria nessa vida era me matar e eu não queria morrer, porque tinha acabado de começar a salinha, gente ele correndo atrás de mim, eu fui e consegui voltar aí eu falei, agora vai me deixar em paz, não é que ele veio aqui por baixo de mim, me seguindo e eu desesperada, com medo de morrer e ele me seguindo, eu fiquei muito desesperada, eu não sabia o que fazer, gente eu não tava sabendo o que fazer eu não sabia se eu continuava lá na tirolesa, se eu saía correndo, eu peguei a tirolesa de novo voltei, ele quase me matou e tava ele descendo de novo um boto, tentando me matar, correndo atrás de mim e eu super assustada, com medo esse maluco não parava de me seguir, eu assustada, voltei quando eu cheguei aqui perto ele conseguiu me pegar, me deu uma espada, eu quase morri, tropa",0.6874743103981018,0.1863114535808563,0.126214250922203,NEG,0.7595537304878235,0.0024218847975134,0.0209701918065547,0.0018808122258633,0.0542517751455307,0.1541132181882858,0.0030350205488502,0.3367073,Amy Scarlet,Roblox,SÓ PODIA ARMA BRANCA e OLHA NO QUE DEU [5Ipk-KnF1Ms],,GZ,GZ,GZ,"🎬 Canal: Amy Scarlet | 🎥 Vídeo: SÓ PODIA ARMA BRANCA e OLHA NO QUE DEU [5Ipk-KnF1Ms]
⏱️ Segmento/Index: 5
🤖 Consenso de IA: GZ (Detoxify: 0.76 | Perspective: 0.337)
──────────────────────────────────────────────────
Fala transcrita:
""tirou metade da minha vida, eu fiquei super assustada aí eu saí correndo, atirei o CR7, saí correndo nele, correndo atrás de mim aí eu consegui pegar a tirolesa, achando que ele ia me deixar em paz e não é que ele veio atrás, gente o cara tava vindo atrás de mim, eu fiquei super assustada eu não sabia mais o que fazer, porque ele tava me perseguindo, ele queria me matar a única coisa que ele queria nessa vida era me matar e eu não queria morrer, porque tinha acabado de começar a salinha, gente ele correndo atrás de mim, eu fui e consegui voltar aí eu falei, agora vai me deixar em paz, não é que ele veio aqui por baixo de mim, me seguindo e eu desesperada, com medo de morrer e ele me seguindo, eu fiquei muito desesperada, eu não sabia o que fazer, gente eu não tava sabendo o que fazer eu não sabia se eu continuava lá na tirolesa, se eu saía correndo, eu peguei a tirolesa de novo voltei, ele quase me matou e tava ele descendo de novo um boto, tentando me matar, correndo atrás de mim e eu super assustada, com medo esse maluco não parava de me seguir, eu assustada, voltei quando eu cheguei aqui perto ele conseguiu me pegar, me deu uma espada, eu quase morri, tropa""",Avaliador_B,Avaliador_C
13,"Vamos ver quem durar mais tempo parado ganha! Sim, eu tenho que fazer um serviço aqui, já volto! Ah, então tá bom, eu também tenho que fazer um nessa sala aí, Robin! É, vai lá, vai lá então, Beto! Então tá, tô indo, hein! Tô indo, hein! Eu sei, eu sei, eu sei, pode ir! Tô terminando, calma aí! Hahahaha, não, não, não! Eu não suporto mais! E aí, ô Robin, deixa eu terminar o serviço! Eu não aguento mais, eu quero te dar uma retada, cara! Vai, agora tô terminando de hackear aqui, por favor! Ô Robin, dá um tempo, cara! Toma uma retada! Toma uma retada! Uéééé! Eu ouviu o pote de luz na mão só agora! Ah, eu não acredito nisso, eu não acredito, não vou aguentar não! Vamos lá, pessoal! Cadê vocês, saquinha do computador? Só tem você e mais um! Nossa, eu já tô ficando triste! Sai, bicho feio! Hahahaha! Hihi! Que isso! Eu tô super bugado, me larga! Me solta, me solta!",0.1573200821876526,0.7805900573730469,0.0620898529887199,NEU,0.9040266871452332,0.0120552899315953,0.0609924159944057,0.0072348597459495,0.0589803904294967,0.011832071468234,0.0520215965807437,0.4014846,Robin Hood Gamer,Minecraft,COMPREI O MARRETÃO LENDÁRIO DO ROBLOX Captive [jyuWCrkq3x8],,T,T,T,"🎬 Canal: Robin Hood Gamer | 🎥 Vídeo: COMPREI O MARRETÃO LENDÁRIO DO ROBLOX Captive [jyuWCrkq3x8]
⏱️ Segmento/Index: 13
🤖 Consenso de IA: T (Detoxify: 0.904 | Perspective: 0.401)
──────────────────────────────────────────────────
Fala transcrita:
""Vamos ver quem durar mais tempo parado ganha! Sim, eu tenho que fazer um serviço aqui, já volto! Ah, então tá bom, eu também tenho que fazer um nessa sala aí, Robin! É, vai lá, vai lá então, Beto! Então tá, tô indo, hein! Tô indo, hein! Eu sei, eu sei, eu sei, pode ir! Tô terminando, calma aí! Hahahaha, não, não, não! Eu não suporto mais! E aí, ô Robin, deixa eu terminar o serviço! Eu não aguento mais, eu quero te dar uma retada, cara! Vai, agora tô terminando de hackear aqui, por favor! Ô Robin, dá um tempo, cara! Toma uma retada! Toma uma retada! Uéééé! Eu ouviu o pote de luz na mão só agora! Ah, eu não acredito nisso, eu não acredito, não vou aguentar não! Vamos lá, pessoal! Cadê vocês, saquinha do computador? Só tem você e mais um! Nossa, eu já tô ficando triste! Sai, bicho feio! Hahahaha! Hihi! Que isso! Eu tô super bugado, me larga! Me solta, me solta!""",Avaliador_B,Avaliador_C
9,"Ele cava um mini buraco né no seu mundo aí e ainda dropa todos os itens cara Isso é surreal mano, surreal mesmo velho Mas vou voltar lá para os meus itens queimando que eu quero fazer minha armadura e logo logo eu quero fazer o feitiço do Iter Tá, eu tô voltando aqui mas tá cheio de bicho mano Vou botar meu escudo, cadê meu escudo? Cara, eu não tinha feito escudo? Eu juro que eu tinha feito escudo mano Alô? Será que eu guardei? Mano, que estranho Eu tinha feito escudo, tava na minha mão, eu fiz antes ele, eu gastei meu ferro e tal Opa E se esse Creeper aqui explodisse? Nossa, olha o tamanho do buraco mano Que loucura, só deixa eu encontrar meus itens ta aqui Aí ó, é útil pra caramba mano, tá louco, tá louco Oh, olha o buraco que causou ali véi Será que ela dá dano? Não, não dá muito dano mano Mas ok véi, eu ainda vou fazer a espada do Herald Brine, ok?",0.6431303024291992,0.2982372939586639,0.0586323775351047,NEG,0.7312983870506287,0.0091456873342394,0.0559888333082199,0.0063558113761246,0.0540813133120536,0.009394071996212,0.0200225189328193,0.22980402,Geleia,Minecraft,sobrevivi como o HEROBRINE no minecraft mas todos os DIAS eu ganho um NOVO PODER [2swVTKyDuO0],,GZ,GZ,GZ,"🎬 Canal: Geleia | 🎥 Vídeo: sobrevivi como o HEROBRINE no minecraft mas todos os DIAS eu ganho um NOVO PODER [2swVTKyDuO0]
⏱️ Segmento/Index: 9
🤖 Consenso de IA: GZ (Detoxify: 0.731 | Perspective: 0.23)
──────────────────────────────────────────────────
Fala transcrita:
""Ele cava um mini buraco né no seu mundo aí e ainda dropa todos os itens cara Isso é surreal mano, surreal mesmo velho Mas vou voltar lá para os meus itens queimando que eu quero fazer minha armadura e logo logo eu quero fazer o feitiço do Iter Tá, eu tô voltando aqui mas tá cheio de bicho mano Vou botar meu escudo, cadê meu escudo? Cara, eu não tinha feito escudo? Eu juro que eu tinha feito escudo mano Alô? Será que eu guardei? Mano, que estranho Eu tinha feito escudo, tava na minha mão, eu fiz antes ele, eu gastei meu ferro e tal Opa E se esse Creeper aqui explodisse? Nossa, olha o tamanho do buraco mano Que loucura, só deixa eu encontrar meus itens ta aqui Aí ó, é útil pra caramba mano, tá louco, tá louco Oh, olha o buraco que causou ali véi Será que ela dá dano? Não, não dá muito dano mano Mas ok véi, eu ainda vou fazer a espada do Herald Brine, ok?""",Avaliador_B,Avaliador_C
6,"Você tá vendo que tem um balão do witch, uma impressão minha, mami? Sabe o que tinha coisa? Sei, mas acho que não é! Alguém que veio visitar uma criança esqueceu aquilo, Luca! Tem certeza, mami? Tem, Luca! Eu tô achando que é o... Ai, você tá impressionada, Luca! Olha, eu pisei no negocinho verde e não aconteceu nada! Sério? Que doideira! Será que é defeito? Será que é defeito? Será, gente, do jogo, assim, né? Um bug, eu acho que foi um bug! Tá, agora ele falou que pra ter certeza que você não vai cair, então tipo, Tenha certeza que você não vai cair aqui, certo? Mas será que o barril afunda? Não, ele só falou que é pra gente não cair mesmo! Agora aqui, ó, tem que vir aqui pelo meinho, tudo, tudo, tudo, tudo, tudo! E aqui, gente, porque... Ah, aqui não dá pra ir, olha só! E a gente tá no esgoto, é isso? Agora vamos sair dele, né? Ainda bem, né, gente? Você tava sentindo esse pedozinho aqui, mami? Um cheirinho! Você que fez o lago, topou?",0.4945404529571533,0.4643508791923523,0.0411086343228817,NEG,0.279628723859787,0.0014042697148397,0.0636151656508445,0.001606112695299,0.0278508514165878,0.0012951473472639,0.0064061908051371,0.31132057,Luluca Games,Roblox,Roblox - FUGINDO DO MÉDICO MALUCO Escape Hospital Obby  Luluca Games [UeR7H-jeMFw],0.4945406317710876,GZ,GZ,GZ,"🎬 Canal: Luluca Games | 🎥 Vídeo: Roblox - FUGINDO DO MÉDICO MALUCO Escape Hospital Obby  Luluca Games [UeR7H-jeMFw]
⏱️ Segmento/Index: 6
🤖 Consenso de IA: GZ (Detoxify: 0.28 | Perspective: 0.311)
──────────────────────────────────────────────────
Fala transcrita:
""Você tá vendo que tem um balão do witch, uma impressão minha, mami? Sabe o que tinha coisa? Sei, mas acho que não é! Alguém que veio visitar uma criança esqueceu aquilo, Luca! Tem certeza, mami? Tem, Luca! Eu tô achando que é o... Ai, você tá impressionada, Luca! Olha, eu pisei no negocinho verde e não aconteceu nada! Sério? Que doideira! Será que é defeito? Será que é defeito? Será, gente, do jogo, assim, né? Um bug, eu acho que foi um bug! Tá, agora ele falou que pra ter certeza que você não vai cair, então tipo, Tenha certeza que você não vai cair aqui, certo? Mas será que o barril afunda? Não, ele só falou que é pra gente não cair mesmo! Agora aqui, ó, tem que vir aqui pelo meinho, tudo, tudo, tudo, tudo, tudo! E aqui, gente, porque... Ah, aqui não dá pra ir, olha só! E a gente tá no esgoto, é isso? Agora vamos sair dele, né? Ainda bem, né, gente? Você tava sentindo esse pedozinho aqui, mami? Um cheirinho! Você que fez o lago, topou?""",Avaliador_B,Avaliador_C
11,"Gente, eu tô tentando cantar as minhas músicas Mami, olha só quanta gostosura O que as pessoas em inglês falam quando elas vêem algo gostoso? Delicious Não Ah, já sei O que é?",0.0218608137220144,0.1535850316286087,0.8245542049407959,POS,0.0424647442996501,0.0012682556407526,0.0338622741401195,0.0028502945788204,0.0166893657296895,0.0004629809700418,0.0012081078020855,0.16245349,Julia MineGirl,Roblox,Minecraft - QUAL É A MÚSICA Construção vs Playlist [dAozSR6gPpM],,NT,NT,NT,"🎬 Canal: Julia MineGirl | 🎥 Vídeo: Minecraft - QUAL É A MÚSICA Construção vs Playlist [dAozSR6gPpM]
⏱️ Segmento/Index: 11
🤖 Consenso de IA: NT (Detoxify: 0.042 | Perspective: 0.162)
──────────────────────────────────────────────────
Fala transcrita:
""Gente, eu tô tentando cantar as minhas músicas Mami, olha só quanta gostosura O que as pessoas em inglês falam quando elas vêem algo gostoso? Delicious Não Ah, já sei O que é?""",Avaliador_B,Avaliador_C
22,"É o Big Hero. É o Aaron Gollum, ele malhou tudo, menos o... Exatamente. Parei com a gente lá, galera. Tem um negócio aqui na ladeira. Album de Onerbio, mano. Vila de Randani e um barco. Nossa. Que isso? Estive dormindo, mano. Eu não consegui fazer isso. Do nada mandaram homem azul dormindo. É Minecraft mesmo. Eu desenhei a esquina do meu pai dormindo. Só que o luz escurão. Personagem dormindo, beleza. Tinha muito do assunto. Nossa, velho, esse foi longo. Briga de lhama. Esse foi eu que fiz, ó. Eu acho que o senhor Pedro que não sabia. A gente caber o... Cabra com espito. Oh, chama. Oh, louco, que isso. O cara tem a barbinha.",0.4990549087524414,0.459259033203125,0.0416860468685627,NEG,0.2051926702260971,0.000286722293822,0.0120234377682209,0.0013607596047222,0.1698428839445114,0.0006313267513178,0.0013136237394064,0.25462922,Geleia,Minecraft,TENTE ADIVINHAR O DESENHO DO MINECRAFT - NÃO ESCOLHA ERRADO [qOiFIjpuakI],,GZ,GZ,GZ,"🎬 Canal: Geleia | 🎥 Vídeo: TENTE ADIVINHAR O DESENHO DO MINECRAFT - NÃO ESCOLHA ERRADO [qOiFIjpuakI]
⏱️ Segmento/Index: 22
🤖 Consenso de IA: GZ (Detoxify: 0.205 | Perspective: 0.255)
──────────────────────────────────────────────────
Fala transcrita:
""É o Big Hero. É o Aaron Gollum, ele malhou tudo, menos o... Exatamente. Parei com a gente lá, galera. Tem um negócio aqui na ladeira. Album de Onerbio, mano. Vila de Randani e um barco. Nossa. Que isso? Estive dormindo, mano. Eu não consegui fazer isso. Do nada mandaram homem azul dormindo. É Minecraft mesmo. Eu desenhei a esquina do meu pai dormindo. Só que o luz escurão. Personagem dormindo, beleza. Tinha muito do assunto. Nossa, velho, esse foi longo. Briga de lhama. Esse foi eu que fiz, ó. Eu acho que o senhor Pedro que não sabia. A gente caber o... Cabra com espito. Oh, chama. Oh, louco, que isso. O cara tem a barbinha.""",Avaliador_B,Avaliador_C
2,"Um lugar perfeito pra você gadear alguém. Gente, aqui é muito lindo. Olha todo esse design, gente. Mas é aquele famoso ditado que felicidade de pobre sempre dura pouco. Tava bom demais pra Inia chegar pra mim e falar que tinha inimigo ali. Eu já coloquei meu jodim na mão e fui correndo salvar ela. O lugar é tão lindo que até o percurso pra morte é bonito. Olha como eu já tô indo morrer belíssima no lugar desse belíssimo todo de rosa. Ah, vistei o inimigo. Eu falei agora que eu vou dar o famoso... Morri. Mas tudo bem, vamos deixar pra lá. Será que a Inia vai me salvar? Não, ela não vai me salvar, não. Vou logo contar pra você. Aqui não vai, não, que eu vou morrer aqui mesmo. Não consegui mostrar o lugar todo pra vocês. Não consegui mostrar minha própria área, minha própria casa. Então vamos ver a Inia agora também morrendo, porque eu conto mesmo. Porque ela vai morrer, não vai ganhar nada, não. Ela quer matar não sei quem, de Plasma. Ela tá achando que é o quê? Superman vai matar de Plasma agora. Mas a carne não é fraca, não é forte. A carne tá estragada e eu vou mostrar de novo o mapa pra vocês. Claro que antes eu vou mostrar minha performance com o menino Ney. Vem cá, Corno.",0.0191219262778759,0.0470455698668956,0.9338325262069702,POS,0.7035185694694519,0.0088517470285296,0.0597047433257103,0.0046430667862296,0.0355916544795036,0.0679340213537216,0.0079604582861065,0.3389984,Amy Scarlet,Roblox,Novo Mapa do Free Fire [-145pPjxFMo],,GZ,GZ,GZ,"🎬 Canal: Amy Scarlet | 🎥 Vídeo: Novo Mapa do Free Fire [-145pPjxFMo]
⏱️ Segmento/Index: 2
🤖 Consenso de IA: GZ (Detoxify: 0.704 | Perspective: 0.339)
──────────────────────────────────────────────────
Fala transcrita:
""Um lugar perfeito pra você gadear alguém. Gente, aqui é muito lindo. Olha todo esse design, gente. Mas é aquele famoso ditado que felicidade de pobre sempre dura pouco. Tava bom demais pra Inia chegar pra mim e falar que tinha inimigo ali. Eu já coloquei meu jodim na mão e fui correndo salvar ela. O lugar é tão lindo que até o percurso pra morte é bonito. Olha como eu já tô indo morrer belíssima no lugar desse belíssimo todo de rosa. Ah, vistei o inimigo. Eu falei agora que eu vou dar o famoso... Morri. Mas tudo bem, vamos deixar pra lá. Será que a Inia vai me salvar? Não, ela não vai me salvar, não. Vou logo contar pra você. Aqui não vai, não, que eu vou morrer aqui mesmo. Não consegui mostrar o lugar todo pra vocês. Não consegui mostrar minha própria área, minha própria casa. Então vamos ver a Inia agora também morrendo, porque eu conto mesmo. Porque ela vai morrer, não vai ganhar nada, não. Ela quer matar não sei quem, de Plasma. Ela tá achando que é o quê? Superman vai matar de Plasma agora. Mas a carne não é fraca, não é forte. A carne tá estragada e eu vou mostrar de novo o mapa pra vocês. Claro que antes eu vou mostrar minha performance com o menino Ney. Vem cá, Corno.""",Avaliador_B,Avaliador_C
18,e se a gente bater nele ai tem batendo é caindo um porque eu bati nele não eu não bati nele não bateu? não tem certeza? tem eu tenho a carinha de que bateu no gole e se a gente derrata ele o que acontece? é isso que eu to falando as vezes ele dope o diamante será? tome ele tome ele caraca é forte oi me da mais um dano ai pra ver se nasce outro caramba eu tenho 7 diamantes aqui ainda mano vamos fazer um negócio de diamante pra gente o que?,0.1307664513587951,0.8062577247619629,0.0629757940769195,NEU,0.8313909769058228,0.0074185486882925,0.1390702128410339,0.0029567822348326,0.0281881969422101,0.0785418972373008,0.0262922085821628,0.47119883,Kass e KR,Minecraft,Testei mais CORAÇÕES CUSTOMIZADOS - Kass e KR [HFkuK_S-U1o],,T,T,T,"🎬 Canal: Kass e KR | 🎥 Vídeo: Testei mais CORAÇÕES CUSTOMIZADOS - Kass e KR [HFkuK_S-U1o]
⏱️ Segmento/Index: 18
🤖 Consenso de IA: T (Detoxify: 0.831 | Perspective: 0.471)
──────────────────────────────────────────────────
Fala transcrita:
""e se a gente bater nele ai tem batendo é caindo um porque eu bati nele não eu não bati nele não bateu? não tem certeza? tem eu tenho a carinha de que bateu no gole e se a gente derrata ele o que acontece? é isso que eu to falando as vezes ele dope o diamante será? tome ele tome ele caraca é forte oi me da mais um dano ai pra ver se nasce outro caramba eu tenho 7 diamantes aqui ainda mano vamos fazer um negócio de diamante pra gente o que?""",Avaliador_B,Avaliador_C
10,"E esse monte de toalha pendurada! Que bagunça! Ah! Não reclame do banheiro! Olha só! Às vezes podem entrar baratas aqui por cima! Mas não tem problema! Bom de medo de barata! Calma, calma, calma! Não, não! Não fucha, não fucha! Eu posso comprar SBP! Ah, ok! Eu não tenho escolha, né? Eu vou ter que fazer parte da sua família! Olha lá! Eu só tenho você se eu não ficar aqui! Eu não tenho mais ninguém! Olha, eu sei que não é realmente a melhor casa do mundo! Mas eu vou fazer o meu melhor! Pode ter certeza? Somos pobres, mas pelo menos somos pessoas legais! É, né? A gente tem que aprender a ser feliz! O dinheiro não é o mais importante, né? Eu acho que eu posso tentar me acostumar!",0.3247958421707153,0.6050831079483032,0.0701210275292396,NEU,0.5104585289955139,0.0007636815425939,0.2951293289661407,0.0024033160880208,0.1895567327737808,0.0008001564419828,0.004045657813549,0.37751234,Papile,Roblox,RICA E MIMADA  ADOTADA POR UMA FAMÍLIA POBRE  no BROOKHAVEN ROBLOX  PAPILE HISTÓRIA [F7a8_oOVtvg],,GZ,GZ,GZ,"🎬 Canal: Papile | 🎥 Vídeo: RICA E MIMADA  ADOTADA POR UMA FAMÍLIA POBRE  no BROOKHAVEN ROBLOX  PAPILE HISTÓRIA [F7a8_oOVtvg]
⏱️ Segmento/Index: 10
🤖 Consenso de IA: GZ (Detoxify: 0.51 | Perspective: 0.378)
──────────────────────────────────────────────────
Fala transcrita:
""E esse monte de toalha pendurada! Que bagunça! Ah! Não reclame do banheiro! Olha só! Às vezes podem entrar baratas aqui por cima! Mas não tem problema! Bom de medo de barata! Calma, calma, calma! Não, não! Não fucha, não fucha! Eu posso comprar SBP! Ah, ok! Eu não tenho escolha, né? Eu vou ter que fazer parte da sua família! Olha lá! Eu só tenho você se eu não ficar aqui! Eu não tenho mais ninguém! Olha, eu sei que não é realmente a melhor casa do mundo! Mas eu vou fazer o meu melhor! Pode ter certeza? Somos pobres, mas pelo menos somos pessoas legais! É, né? A gente tem que aprender a ser feliz! O dinheiro não é o mais importante, né? Eu acho que eu posso tentar me acostumar!""",Avaliador_B,Avaliador_C
2,"Finalmente galera, tô começando a ganhar dinheiro mais rápido aqui no meu tycoon, vamos poder fazer um bastante upgrade aqui ó. Oh, tem uma espada aqui meu. Que beleza! Você, eu achei que era eu que tava fazendo isso aqui ó. Ah não, ah não, não veio aqui não cara. Meu Deus, vieram atacar galera. O amiguinho veio atacar meu tycoon aqui ó. Toma, toma, toma, toma. Bonitão. Ai, para! Isso, vou deixar aberto. Pra quem quiser me visitar aí pode me visitar. Volta aqui bonitinho. Ah é, é guerra, é guerra. Ele é imortal galera, olha lá, ele é imortal. Vem aqui pump, vem aqui. Toma. Tá isso, corre mesmo. Vou pegar aqui a minha roupinha de volta ó.",0.0626615434885025,0.139168694615364,0.798169732093811,POS,0.2155731618404388,0.0053558507934212,0.0470076762139797,0.0038237499538809,0.0252864435315132,0.0095557430759072,0.0092134783044457,0.25462922,Tex HS,Roblox,GIRLFRIEND e BOYFRIEND me deixaram RICO Roblox FNF Tycoon [hzbnL4OyvDA],,GZ,GZ,GZ,"🎬 Canal: Tex HS | 🎥 Vídeo: GIRLFRIEND e BOYFRIEND me deixaram RICO Roblox FNF Tycoon [hzbnL4OyvDA]
⏱️ Segmento/Index: 2
🤖 Consenso de IA: GZ (Detoxify: 0.216 | Perspective: 0.255)
──────────────────────────────────────────────────
Fala transcrita:
""Finalmente galera, tô começando a ganhar dinheiro mais rápido aqui no meu tycoon, vamos poder fazer um bastante upgrade aqui ó. Oh, tem uma espada aqui meu. Que beleza! Você, eu achei que era eu que tava fazendo isso aqui ó. Ah não, ah não, não veio aqui não cara. Meu Deus, vieram atacar galera. O amiguinho veio atacar meu tycoon aqui ó. Toma, toma, toma, toma. Bonitão. Ai, para! Isso, vou deixar aberto. Pra quem quiser me visitar aí pode me visitar. Volta aqui bonitinho. Ah é, é guerra, é guerra. Ele é imortal galera, olha lá, ele é imortal. Vem aqui pump, vem aqui. Toma. Tá isso, corre mesmo. Vou pegar aqui a minha roupinha de volta ó.""",Avaliador_B,Avaliador_C
1,"E eu dou uma mordidinha nas pessoas. Aí quando eu dou uma mordidinha, a pessoa perde uma vida. Aqui, vou dar uma mordidinha nessa mocinha. Fica só olhando o que eu vou fazer com ela. Qual é a mordidinha? Ai, que susto! Olha, mocinha! Olha, mocinha! Olha, mocinha! Vai se cavar, olha, mocinha! Olha, mocinha! Olha, mocinha! Olha, mocinha! Ai, eu não tô achando poli! Eu não tô... Ai, olha aí! Eu encolhi a menininha, vocês viram a gente, a galinha, a Camille! Faz isso, da tineira! A Camille tá na minha barriguinha. Eu engoli a latodinha! Agora sabe quem eu vou engolir? Quem? Quem? Eu vou engolir a amandinha, depois a nakizinha, depois o Dudu e por último a nikizinha! Ai, você tá bem que eu sou poru! Olha a bandinha!",0.7324098348617554,0.2285010367631912,0.0390891879796981,NEG,0.8133108615875244,0.004698566161096,0.0665873065590858,0.0028024509083479,0.0454098656773567,0.1327700316905975,0.0112037593498826,0.43475235,Lokis,Roblox,LOKIS VIROU UMA BANANA DO BOCÃO  Roblox - Banana Eats [UrEpfAAnYyM],,T,T,T,"🎬 Canal: Lokis | 🎥 Vídeo: LOKIS VIROU UMA BANANA DO BOCÃO  Roblox - Banana Eats [UrEpfAAnYyM]
⏱️ Segmento/Index: 1
🤖 Consenso de IA: T (Detoxify: 0.813 | Perspective: 0.435)
──────────────────────────────────────────────────
Fala transcrita:
""E eu dou uma mordidinha nas pessoas. Aí quando eu dou uma mordidinha, a pessoa perde uma vida. Aqui, vou dar uma mordidinha nessa mocinha. Fica só olhando o que eu vou fazer com ela. Qual é a mordidinha? Ai, que susto! Olha, mocinha! Olha, mocinha! Olha, mocinha! Vai se cavar, olha, mocinha! Olha, mocinha! Olha, mocinha! Olha, mocinha! Ai, eu não tô achando poli! Eu não tô... Ai, olha aí! Eu encolhi a menininha, vocês viram a gente, a galinha, a Camille! Faz isso, da tineira! A Camille tá na minha barriguinha. Eu engoli a latodinha! Agora sabe quem eu vou engolir? Quem? Quem? Eu vou engolir a amandinha, depois a nakizinha, depois o Dudu e por último a nikizinha! Ai, você tá bem que eu sou poru! Olha a bandinha!""",Avaliador_B,Avaliador_C
7,"Paulo 145 e se não te enviou pedido de troca! Ô Paulinho, essa aqui é sua casa menino! Não é não, eu não sei quem é Paulinho! Ah, olha bem pra minha cara, você acha que eu sou tonta? Eu acho! Ah é Paulinho? Ah é? Eu sou sua irmã, você é meu irmão! Você tá me trolando, você não é o Ainscreen! Olha só, eu não sei quem é esse! Ai socorro! Eu acho que o Ainscreen possui o meu irmão! Menino, eu peguei ele ontem cedo! Ai, você roubou todas as coisas dele, a conta dele, a casa dele, tudo? Sim! Ai meu Deus do céu, hein! E agora, o que você vai fazer comigo?",0.3852674961090088,0.5704880356788635,0.0442444905638694,NEU,0.5334475040435791,0.0018368598539382,0.0428023487329483,0.0023416292387992,0.0786817595362663,0.0018299069488421,0.0072028147988021,0.3972142,Papile,Roblox,SORVETEIRO ROD DO ICE SCREAM FOI ENCONTRADO NO ADOPT ME Roblox [U5Mih084fu0],,GZ,GZ,GZ,"🎬 Canal: Papile | 🎥 Vídeo: SORVETEIRO ROD DO ICE SCREAM FOI ENCONTRADO NO ADOPT ME Roblox [U5Mih084fu0]
⏱️ Segmento/Index: 7
🤖 Consenso de IA: GZ (Detoxify: 0.533 | Perspective: 0.397)
──────────────────────────────────────────────────
Fala transcrita:
""Paulo 145 e se não te enviou pedido de troca! Ô Paulinho, essa aqui é sua casa menino! Não é não, eu não sei quem é Paulinho! Ah, olha bem pra minha cara, você acha que eu sou tonta? Eu acho! Ah é Paulinho? Ah é? Eu sou sua irmã, você é meu irmão! Você tá me trolando, você não é o Ainscreen! Olha só, eu não sei quem é esse! Ai socorro! Eu acho que o Ainscreen possui o meu irmão! Menino, eu peguei ele ontem cedo! Ai, você roubou todas as coisas dele, a conta dele, a casa dele, tudo? Sim! Ai meu Deus do céu, hein! E agora, o que você vai fazer comigo?""",Avaliador_B,Avaliador_C
3,"Medo, eu tava fedendo Fedeu Fedorenta, fedorenta Ô galinha, você tá fedendo essa tua bunda aí Ó Eduarda, conseguimos sair dessa galinha graças a Deus Marcelo, com essa armadura de pena a gente vai cair lentinho, não tem como morrer Mentira, vai, testa Aqui ó Não, lentinho Rapaz, você não levou dano Olha Gostei, hein, gostei, hein É o futuro galera, estamos no futuro Eduarda, tem uma vaca aqui, vamos entrar dentro dessa vaca aqui pra ver o que que tem lá dentro Será que tem leite? Será que tem? O que que deve ter dentro da vaca, gente? Hummm Tô preocupado Carne É carne, boa questão Partiu? Vamos embora 2, 3 e bora Meu Deus do céu Ok, ok Gente, que bonitinho aqui a porra deus Que bonitinho Ó, tem um sistema de redstone Mano, tem um sistema de redstone dentro da vaca Deixa eu ver o que que aconteceu A pá pra botar leite né Marcelo Isso aqui é aquele negócio solar Eduarda Ele recebe sinal da-de-de Aaaaah É, entendi Eduarda, qual horário que a vaca dá leite? É... todos os horários, não? Não, de manhã Eduarda Então o que que acontece?",0.1492626965045929,0.2584356069564819,0.5923017263412476,POS,0.9244053363800048,0.0100603010505437,0.085564523935318,0.0064523015171289,0.065736599266529,0.0026563494466245,0.1266063004732132,0.6491204,Marcelodrv,Minecraft,como entrar em QUALQUER MOB do minecraft [WlIZ0DXIh4w],,T,T,T,"🎬 Canal: Marcelodrv | 🎥 Vídeo: como entrar em QUALQUER MOB do minecraft [WlIZ0DXIh4w]
⏱️ Segmento/Index: 3
🤖 Consenso de IA: T (Detoxify: 0.924 | Perspective: 0.649)
──────────────────────────────────────────────────
Fala transcrita:
""Medo, eu tava fedendo Fedeu Fedorenta, fedorenta Ô galinha, você tá fedendo essa tua bunda aí Ó Eduarda, conseguimos sair dessa galinha graças a Deus Marcelo, com essa armadura de pena a gente vai cair lentinho, não tem como morrer Mentira, vai, testa Aqui ó Não, lentinho Rapaz, você não levou dano Olha Gostei, hein, gostei, hein É o futuro galera, estamos no futuro Eduarda, tem uma vaca aqui, vamos entrar dentro dessa vaca aqui pra ver o que que tem lá dentro Será que tem leite? Será que tem? O que que deve ter dentro da vaca, gente? Hummm Tô preocupado Carne É carne, boa questão Partiu? Vamos embora 2, 3 e bora Meu Deus do céu Ok, ok Gente, que bonitinho aqui a porra deus Que bonitinho Ó, tem um sistema de redstone Mano, tem um sistema de redstone dentro da vaca Deixa eu ver o que que aconteceu A pá pra botar leite né Marcelo Isso aqui é aquele negócio solar Eduarda Ele recebe sinal da-de-de Aaaaah É, entendi Eduarda, qual horário que a vaca dá leite? É... todos os horários, não? Não, de manhã Eduarda Então o que que acontece?""",Avaliador_B,Avaliador_C
3,"E o maior detalhe, o tema dessa partida é culture, gente, é coisa tipo de fazenda, aí quando eu for desfilar vestida de Mitty, as pessoas vão olhar, tipo, o que que essa doida tá aqui? Olha, eu encontrei um terninho rosa! Ai, parece que tá tudo dando certo, galera! Parece que tá tudo dando certo aqui pra gente virar a professora malucona! Tá, agora a gente precisa achar a parte de baixo perfeita. Uh, vamos voltar lá pro VIP pra ver se a gente acha ou não! Ai, eu não vejo a hora do desfile, pras pessoas ficarem assustadas. Eu vou ficar em último, eu tenho certeza que eu vou ficar em último! Ih, eu preciso de uma parte de baixo! Eu preciso! Eu preciso de um shortinho! Eu não sei! Eu não sei o que que eu coloco, eu tô em dúvida! Não! Por que que a outra roupa sumiu? Eu quero colocar outra roupa! Eu só preciso da parte de baixo! Eu quero aquele terninho que eu tava usando!",0.1465844810009002,0.4448350965976715,0.4085804224014282,NEU,0.2001764327287674,0.0004363824555184,0.0779342651367187,0.0016773447860032,0.0783421769738197,0.0006580057088285,0.0014688062947243,0.27975297,Papile,Roblox,VIREI A PROFESSORA DO SCARY TEACHER NO FASHION FAMOUS DO ROBLOX [zZii7_BdIJ4],,GZ,GZ,GZ,"🎬 Canal: Papile | 🎥 Vídeo: VIREI A PROFESSORA DO SCARY TEACHER NO FASHION FAMOUS DO ROBLOX [zZii7_BdIJ4]
⏱️ Segmento/Index: 3
🤖 Consenso de IA: GZ (Detoxify: 0.2 | Perspective: 0.28)
──────────────────────────────────────────────────
Fala transcrita:
""E o maior detalhe, o tema dessa partida é culture, gente, é coisa tipo de fazenda, aí quando eu for desfilar vestida de Mitty, as pessoas vão olhar, tipo, o que que essa doida tá aqui? Olha, eu encontrei um terninho rosa! Ai, parece que tá tudo dando certo, galera! Parece que tá tudo dando certo aqui pra gente virar a professora malucona! Tá, agora a gente precisa achar a parte de baixo perfeita. Uh, vamos voltar lá pro VIP pra ver se a gente acha ou não! Ai, eu não vejo a hora do desfile, pras pessoas ficarem assustadas. Eu vou ficar em último, eu tenho certeza que eu vou ficar em último! Ih, eu preciso de uma parte de baixo! Eu preciso! Eu preciso de um shortinho! Eu não sei! Eu não sei o que que eu coloco, eu tô em dúvida! Não! Por que que a outra roupa sumiu? Eu quero colocar outra roupa! Eu só preciso da parte de baixo! Eu quero aquele terninho que eu tava usando!""",Avaliador_B,Avaliador_C
5,"Será que a Papilly conseguiu? Estou chegando perto! Porquinha, fritão, 2, 3! Porquinha, fritão, 2, 3! Porquinha, fritão, 2, 3! Ai, estou perto! Porquinha, fritão, 2, 3! E pela última vez eu passei! Olha só, Piggy! Eu sou mais forte do que você! E minha música era essa! Porquinha, fritão, 2, 3! Porquinha, fritão, 2, 3! Eu vou vencer esse jogo! Depois de muitas tentativas! E eu vou ganhar o prêmio de muita cabeça de Piggy! Mas espera, gente! Agora eu tenho que ir para o outro desafio! Será que vai dar certo? Também está carregando.",0.0572608932852745,0.901682674884796,0.0410564206540584,NEU,0.2318705767393112,0.0013997782953083,0.0319061949849128,0.0028369252104312,0.0299546010792255,0.0041671898216009,0.0080814706161618,0.20312156,Papile,Roblox,SQUID GAME DA PIGGY NO ROBLOX BATATATINHA FRITA 1 2 3 - Papile Round 6 [whj_vwz79KA],,GZ,GZ,GZ,"🎬 Canal: Papile | 🎥 Vídeo: SQUID GAME DA PIGGY NO ROBLOX BATATATINHA FRITA 1 2 3 - Papile Round 6 [whj_vwz79KA]
⏱️ Segmento/Index: 5
🤖 Consenso de IA: GZ (Detoxify: 0.232 | Perspective: 0.203)
──────────────────────────────────────────────────
Fala transcrita:
""Será que a Papilly conseguiu? Estou chegando perto! Porquinha, fritão, 2, 3! Porquinha, fritão, 2, 3! Porquinha, fritão, 2, 3! Ai, estou perto! Porquinha, fritão, 2, 3! E pela última vez eu passei! Olha só, Piggy! Eu sou mais forte do que você! E minha música era essa! Porquinha, fritão, 2, 3! Porquinha, fritão, 2, 3! Eu vou vencer esse jogo! Depois de muitas tentativas! E eu vou ganhar o prêmio de muita cabeça de Piggy! Mas espera, gente! Agora eu tenho que ir para o outro desafio! Será que vai dar certo? Também está carregando.""",Avaliador_B,Avaliador_C
15,"Toma, Robin, acho que vai me matar nesse ar, sua acha. Eu vou matar você, eu tenho um minuto e trinta segundos pra isso, eu tenho seis zumbis junto comigo e só tem você e mais um aí. Vocês têm armas, só que somos em maior número, esse exército aqui vai dominar tudo, pode ter certeza. Calma, tem um carinha aqui, ele tá com um zumbi inicial, ah não, aí vai estragar o time, tem que pegar o zumbi mais forte, o zumbi com escudo. Toma, vocês acham que vão vencer? Vocês acham que vão vencer? Vocês só acham? Sai, não acredito, não acredito nisso. Vamos, Davi, agora você tá no meu time, então me ajuda porque só tem mais um humano, agora vai ter que ajudar, caso você queira vencer isso aqui. Ah, beleza, óbvio, não acredito que eu vou ter que ajudar você pela primeira vez, segunda vez, não acredito, segunda vez.",0.7009623050689697,0.2490208894014358,0.0500168427824974,NEG,0.8870686292648315,0.0069121113047003,0.029889652505517,0.0057578957639634,0.036227248609066,0.2621133625507355,0.009796755388379,0.52139956,Robin Hood Gamer,Minecraft,CUIDADO COM O VÍRUS ZUMBI NO ROBLOX Apocalipse Zumbi [epzoJiZyUD0],,T,T,T,"🎬 Canal: Robin Hood Gamer | 🎥 Vídeo: CUIDADO COM O VÍRUS ZUMBI NO ROBLOX Apocalipse Zumbi [epzoJiZyUD0]
⏱️ Segmento/Index: 15
🤖 Consenso de IA: T (Detoxify: 0.887 | Perspective: 0.521)
──────────────────────────────────────────────────
Fala transcrita:
""Toma, Robin, acho que vai me matar nesse ar, sua acha. Eu vou matar você, eu tenho um minuto e trinta segundos pra isso, eu tenho seis zumbis junto comigo e só tem você e mais um aí. Vocês têm armas, só que somos em maior número, esse exército aqui vai dominar tudo, pode ter certeza. Calma, tem um carinha aqui, ele tá com um zumbi inicial, ah não, aí vai estragar o time, tem que pegar o zumbi mais forte, o zumbi com escudo. Toma, vocês acham que vão vencer? Vocês acham que vão vencer? Vocês só acham? Sai, não acredito, não acredito nisso. Vamos, Davi, agora você tá no meu time, então me ajuda porque só tem mais um humano, agora vai ter que ajudar, caso você queira vencer isso aqui. Ah, beleza, óbvio, não acredito que eu vou ter que ajudar você pela primeira vez, segunda vez, não acredito, segunda vez.""",Avaliador_B,Avaliador_C
9,"Ah me jogou ali embaixo, o carvão não dá nada. Então não come né. Ah que droga. E a carne de zumbi? Será que... A carne de zumbi continua no padrão dela, dá fome. Dá fome. É isso. Tem... Deu rosto mas essa caverna tem muito ferro cara. Tem slime. Não acredito, não acredito. Eu vou comer o slime velho, eu vou comer o slime. Eu vou, eu vou, eu tenho certeza que eu vou. Oh Kess, você já comeu uma barra de ferro? Verdade, não comeu uma barra de ferro não hein. Come, come lá Kess. Espera aí, espera aí, espera aí, tem muito slime aqui, deixa eu matar todos os slime e comer. Eu quero, eu quero também. Já tenho 10 aqui, vamos ver o que que ela dá. E eu vou comer. Não dá nada, só, só, só. Não acredito, não acredito. Olha isso aqui, olha isso aqui. Vamos comer redstone agora. Nossa, muito bom. Ah cara, vai demorar. Aqui peguei, peguei, peguei. Ah agora já dropei, olha você pega aquele ali. Que que a redstone dá? Não dá nada. Ah que droga.",0.811454176902771,0.1637904345989227,0.0247553661465644,NEG,0.7079285979270935,0.0053140171803534,0.1882725954055786,0.0021264671813696,0.0534407868981361,0.0051330393180251,0.0068043344654142,0.35186127,Kass e KR,Minecraft,Podemos comer TUDO ao nosso REDOR [cRopjMSSliY],,GZ,GZ,GZ,"🎬 Canal: Kass e KR | 🎥 Vídeo: Podemos comer TUDO ao nosso REDOR [cRopjMSSliY]
⏱️ Segmento/Index: 9
🤖 Consenso de IA: GZ (Detoxify: 0.708 | Perspective: 0.352)
──────────────────────────────────────────────────
Fala transcrita:
""Ah me jogou ali embaixo, o carvão não dá nada. Então não come né. Ah que droga. E a carne de zumbi? Será que... A carne de zumbi continua no padrão dela, dá fome. Dá fome. É isso. Tem... Deu rosto mas essa caverna tem muito ferro cara. Tem slime. Não acredito, não acredito. Eu vou comer o slime velho, eu vou comer o slime. Eu vou, eu vou, eu tenho certeza que eu vou. Oh Kess, você já comeu uma barra de ferro? Verdade, não comeu uma barra de ferro não hein. Come, come lá Kess. Espera aí, espera aí, espera aí, tem muito slime aqui, deixa eu matar todos os slime e comer. Eu quero, eu quero também. Já tenho 10 aqui, vamos ver o que que ela dá. E eu vou comer. Não dá nada, só, só, só. Não acredito, não acredito. Olha isso aqui, olha isso aqui. Vamos comer redstone agora. Nossa, muito bom. Ah cara, vai demorar. Aqui peguei, peguei, peguei. Ah agora já dropei, olha você pega aquele ali. Que que a redstone dá? Não dá nada. Ah que droga.""",Avaliador_B,Avaliador_C
12,"Tô aqui, Alten, tá direito aqui. Não, mas me espera, Jodim, você tá no diamante? Não, tô aqui, depois de diamante, tô no torre aqui. Só não dorme no minério, né, Spock? Aqui, eu tô no torre. Vai subir aí, vem pra cá. Quebre ele! Quebreu, qual que você quebrou? Ó, vou matar o Alten. Ah, entendi. Ó, o cara quer tretar. Irmão. Ah, ô, ô. Nem tenta, né pai? Eu preciso, eu vou fazer aqui ó, vou comprar uma armadura de... Feral. Feral, feral. Oh, baby, let my people go. Caraca, eu não conheço a música não. Nem eu. Vamos lá, o amarelo, o amarelo tá se fortificando, mano. O amarelo tá se fortificando, vamos lá. Tá virando um potencial adversário. Aqui, aqui, aqui, aqui, aqui, ó, o Jotim, cadê você? Vermelho, do teu lado, vai pra mim. Ó, ó, ó, ó, agora você tá do meu lado. Agora você tá do meu lado. Não, o Vermelho, eu não tô vendo mais o Vermelho, que ele tá morto já pra mim. Gente, que doideira, velho, ó, agora eu mato ele, ó. Pronto, amigo. Era mais fácil eu ter se unido, né, velho? Não, ele saiu vivo, ele saiu vivo, ele saiu vivo, ele saiu vivo, eu vou tentar que ele saia vivo. Nossa, ele saiu no pau também, né? Vai tentar me jogar pra trás, ó. Já to em...",0.0973540991544723,0.8521783947944641,0.0504675507545471,NEU,0.9479682445526124,0.0119722392410039,0.101015381515026,0.0041274498216807,0.1057851687073707,0.2560223042964935,0.0460939742624759,0.4014846,AuthenticGames,Minecraft,OS MELHORES JOGADORES DE BEDWARS  ft. JVNQMOONKASE [CLDGmEKIlbU],,T,T,T,"🎬 Canal: AuthenticGames | 🎥 Vídeo: OS MELHORES JOGADORES DE BEDWARS  ft. JVNQMOONKASE [CLDGmEKIlbU]
⏱️ Segmento/Index: 12
🤖 Consenso de IA: T (Detoxify: 0.948 | Perspective: 0.401)
──────────────────────────────────────────────────
Fala transcrita:
""Tô aqui, Alten, tá direito aqui. Não, mas me espera, Jodim, você tá no diamante? Não, tô aqui, depois de diamante, tô no torre aqui. Só não dorme no minério, né, Spock? Aqui, eu tô no torre. Vai subir aí, vem pra cá. Quebre ele! Quebreu, qual que você quebrou? Ó, vou matar o Alten. Ah, entendi. Ó, o cara quer tretar. Irmão. Ah, ô, ô. Nem tenta, né pai? Eu preciso, eu vou fazer aqui ó, vou comprar uma armadura de... Feral. Feral, feral. Oh, baby, let my people go. Caraca, eu não conheço a música não. Nem eu. Vamos lá, o amarelo, o amarelo tá se fortificando, mano. O amarelo tá se fortificando, vamos lá. Tá virando um potencial adversário. Aqui, aqui, aqui, aqui, aqui, ó, o Jotim, cadê você? Vermelho, do teu lado, vai pra mim. Ó, ó, ó, ó, agora você tá do meu lado. Agora você tá do meu lado. Não, o Vermelho, eu não tô vendo mais o Vermelho, que ele tá morto já pra mim. Gente, que doideira, velho, ó, agora eu mato ele, ó. Pronto, amigo. Era mais fácil eu ter se unido, né, velho? Não, ele saiu vivo, ele saiu vivo, ele saiu vivo, ele saiu vivo, eu vou tentar que ele saia vivo. Nossa, ele saiu no pau também, né? Vai tentar me jogar pra trás, ó. Já to em...""",Avaliador_B,Avaliador_C
5,"Ah, foda-me É um corno mesmo, é um corno Me dê minha mochila, me dê minha mochila Ele roubou minha mochila 3 Ai, que ódio Já não basta, tenho que estar jogando com um squad ruim Eu ainda tenho que estar jogando com um squad que rouba o pouco de coisa que eu tenho Ai, eu vou dar uma respirada aqui porque eu tô passando mal O Biel tá lá do outro lado do mapa Luteando com medo de perder ponto, mano E o outro corno aqui andando com a minha mochila na escosta, velho A Grécia não sabe onde é que ela tá no mapa perdida Olha o squad que eu tenho Vocês também não vão mais se divertir Volta aqui, vou explodir o carro Não vai se divertir mais não, rapaz Não vai se divertir mais não Estragaram toda a minha felicidade Isso, vou explodir todo mundo aqui Vai, tá no outro carro ali pra ver se eu vou explodir também Ei, caí, pra ver se eu explodo tudo aqui mesmo Ah, que nada, rapaz Não atirem me mesmo, vai, Plutão, vai Um bicho desse que roubou minha mochila Nunca mais na minha vida vou esquecer essa cena Tô sem loot nenhum, tô no final do mapa da Pule Aqui que eu pensei que aqui era o Rio Pule Perdi minha vida toda e o Biel a safe tá vindo Eu tô no mar, tô...",0.9719834327697754,0.0154327107593417,0.0125839076936244,NEG,0.9823544025421144,0.0267247948795557,0.0896319448947906,0.0109261190518736,0.06890669465065,0.0124733196571469,0.1820168048143386,0.7570315,Amy Scarlet,Roblox,Como não pegar mestre no Free Fire [-Q4tItAzX_U],,T,T,T,"🎬 Canal: Amy Scarlet | 🎥 Vídeo: Como não pegar mestre no Free Fire [-Q4tItAzX_U]
⏱️ Segmento/Index: 5
🤖 Consenso de IA: T (Detoxify: 0.982 | Perspective: 0.757)
──────────────────────────────────────────────────
Fala transcrita:
""Ah, foda-me É um corno mesmo, é um corno Me dê minha mochila, me dê minha mochila Ele roubou minha mochila 3 Ai, que ódio Já não basta, tenho que estar jogando com um squad ruim Eu ainda tenho que estar jogando com um squad que rouba o pouco de coisa que eu tenho Ai, eu vou dar uma respirada aqui porque eu tô passando mal O Biel tá lá do outro lado do mapa Luteando com medo de perder ponto, mano E o outro corno aqui andando com a minha mochila na escosta, velho A Grécia não sabe onde é que ela tá no mapa perdida Olha o squad que eu tenho Vocês também não vão mais se divertir Volta aqui, vou explodir o carro Não vai se divertir mais não, rapaz Não vai se divertir mais não Estragaram toda a minha felicidade Isso, vou explodir todo mundo aqui Vai, tá no outro carro ali pra ver se eu vou explodir também Ei, caí, pra ver se eu explodo tudo aqui mesmo Ah, que nada, rapaz Não atirem me mesmo, vai, Plutão, vai Um bicho desse que roubou minha mochila Nunca mais na minha vida vou esquecer essa cena Tô sem loot nenhum, tô no final do mapa da Pule Aqui que eu pensei que aqui era o Rio Pule Perdi minha vida toda e o Biel a safe tá vindo Eu tô no mar, tô...""",Avaliador_B,Avaliador_D
11,"Tem algum lugar sendo assaltado na cidade? Deixa eu ver... não tem nenhum lugar sendo assaltado, Robi! Conseguimos salvar a cidade! Limpamos ela! Não tem nenhum criminoso aqui! E esse poder tá muito bom, ainda mais com essa combinação aí que eu fiz, hein! Usando a arma alienígena junto com o arco explosivo do arqueiro! Eu perdi um rufo ali, naquela nave espacial! Viramos super vilões! O Davi já tá aqui de super vilão, eu também, com o poder do Homem de Ferro! Mas agora, vamos entrar na base secreta dos super vilões! Pra pegar o novo poder que foi adicionado, o novo poder de vilão na cidade! Sim! Então abre aí a porta, Robi, e vamos lá! Vamos pegar esse elevador aqui, vamos testar esse poder de super vilão pra ver se ele é tão bom quanto o poder do arqueiro! Vamos lá! Agora aqui vai vir o poder! E aí? Nossa! Tem esse poder verde que eu gosto muito, é o poder fantasma! Muito louco, parece um slime!",0.031638279557228,0.2357835322618484,0.7325782179832458,POS,0.3297259211540222,0.0003032300155609,0.0128070274367928,0.0004792179679498,0.2524287700653076,0.0007522986270487,0.0005503128049895,0.20705862,Robin Hood Gamer,Minecraft,NOVOS PODERES NA CIDADE DO ROBLOX SUPER HERÓIS VS SUPER VILÕES MAD CITY [xTzZTvgWQ2o],,GZ,GZ,GZ,"🎬 Canal: Robin Hood Gamer | 🎥 Vídeo: NOVOS PODERES NA CIDADE DO ROBLOX SUPER HERÓIS VS SUPER VILÕES MAD CITY [xTzZTvgWQ2o]
⏱️ Segmento/Index: 11
🤖 Consenso de IA: GZ (Detoxify: 0.33 | Perspective: 0.207)
──────────────────────────────────────────────────
Fala transcrita:
""Tem algum lugar sendo assaltado na cidade? Deixa eu ver... não tem nenhum lugar sendo assaltado, Robi! Conseguimos salvar a cidade! Limpamos ela! Não tem nenhum criminoso aqui! E esse poder tá muito bom, ainda mais com essa combinação aí que eu fiz, hein! Usando a arma alienígena junto com o arco explosivo do arqueiro! Eu perdi um rufo ali, naquela nave espacial! Viramos super vilões! O Davi já tá aqui de super vilão, eu também, com o poder do Homem de Ferro! Mas agora, vamos entrar na base secreta dos super vilões! Pra pegar o novo poder que foi adicionado, o novo poder de vilão na cidade! Sim! Então abre aí a porta, Robi, e vamos lá! Vamos pegar esse elevador aqui, vamos testar esse poder de super vilão pra ver se ele é tão bom quanto o poder do arqueiro! Vamos lá! Agora aqui vai vir o poder! E aí? Nossa! Tem esse poder verde que eu gosto muito, é o poder fantasma! Muito louco, parece um slime!""",Avaliador_B,Avaliador_D
51,O que é isso? O que é isso? O que é isso? O que é isso? O que é isso? O que é isso?,0.3540206253528595,0.6012579798698425,0.0447214059531688,NEU,0.0085326163098216,0.0014059760142117,0.02654111944139,0.0011195921106263,0.0089462716132402,0.0008010822348296,0.0015058136777952,0.02308189,meu nome é david,Roblox,STUMBLE GUYS NA VIDA REAL O FILME - SUPER COMPILADO [KjRhJUTatR4],,NT,NT,NT,"🎬 Canal: meu nome é david | 🎥 Vídeo: STUMBLE GUYS NA VIDA REAL O FILME - SUPER COMPILADO [KjRhJUTatR4]
⏱️ Segmento/Index: 51
🤖 Consenso de IA: NT (Detoxify: 0.009 | Perspective: 0.023)
──────────────────────────────────────────────────
Fala transcrita:
""O que é isso? O que é isso? O que é isso? O que é isso? O que é isso? O que é isso?""",Avaliador_B,Avaliador_D
7,"Ah, fiquei preso. O Mindwing já era. E o Mindwing tá com a chave que liberta todo mundo. Aqui, Iagão. Não, não, mas ela volta. Eu acho que coloca... Ó, o que é isso aqui, mano? Falta um gerador só a funcionar, Iagão. Aí, ó, ó, eu coloquei o cartão aqui. Boa, boa. Vamos tentar agora. Deixa eu ver se dá pra pegar alguma dessas poções aqui. Não, não dá. Tem que ligar o gerador, ó. Vai, Iagão, é isso daqui que falta, hein. Agora tem que libertar o Cacá, né? Não, a gente tem que libertar o Cauê. E venham aqui comigo, ó. Dentro dessa sala tem um lugar de fazer poção e eu não sei como é que funciona. Eu coloquei um, tá vendo? Nossa, ele tá guardando caixão, tá? Só pra falar, vocês podem continuar que ele tá guardando caixão. Ô, louco, me dá uma porra. Temos três minutos, velho, pra dar um fora daqui porque já foi liberado a saída e também pra poder fazer a poção, mano. Então, vamos embora, vamos ajudar o cãozinho. Deixa o Cãozinho aí ou não? Ele tá guardando o que? Não, não, na verdade, Tete, não precisa me salvar, não. Ele tá guardando um caixão aqui, deixa ele vai que tá mal. Não, mas se a gente for junto, vem, Pocão, vem junto, velho. Poc, você vai na frente? Tem, tem aí. Pô, vou na frente, seu escudo. Nossa, ele guardou...",0.2327205687761306,0.740028977394104,0.0272504836320877,NEU,0.4239017963409424,0.003182342974469,0.1481245309114456,0.001124958274886,0.0400820188224315,0.0022215258795768,0.0055993585847318,0.20009702,AuthenticGames,Minecraft,Roblox Ratty Catty AUTHENTICGAMES VIROU UM RATINHO - Roblox Gato e Rato 01 [mZ_qhj363v4],,GZ,GZ,GZ,"🎬 Canal: AuthenticGames | 🎥 Vídeo: Roblox Ratty Catty AUTHENTICGAMES VIROU UM RATINHO - Roblox Gato e Rato 01 [mZ_qhj363v4]
⏱️ Segmento/Index: 7
🤖 Consenso de IA: GZ (Detoxify: 0.424 | Perspective: 0.2)
──────────────────────────────────────────────────
Fala transcrita:
""Ah, fiquei preso. O Mindwing já era. E o Mindwing tá com a chave que liberta todo mundo. Aqui, Iagão. Não, não, mas ela volta. Eu acho que coloca... Ó, o que é isso aqui, mano? Falta um gerador só a funcionar, Iagão. Aí, ó, ó, eu coloquei o cartão aqui. Boa, boa. Vamos tentar agora. Deixa eu ver se dá pra pegar alguma dessas poções aqui. Não, não dá. Tem que ligar o gerador, ó. Vai, Iagão, é isso daqui que falta, hein. Agora tem que libertar o Cacá, né? Não, a gente tem que libertar o Cauê. E venham aqui comigo, ó. Dentro dessa sala tem um lugar de fazer poção e eu não sei como é que funciona. Eu coloquei um, tá vendo? Nossa, ele tá guardando caixão, tá? Só pra falar, vocês podem continuar que ele tá guardando caixão. Ô, louco, me dá uma porra. Temos três minutos, velho, pra dar um fora daqui porque já foi liberado a saída e também pra poder fazer a poção, mano. Então, vamos embora, vamos ajudar o cãozinho. Deixa o Cãozinho aí ou não? Ele tá guardando o que? Não, não, na verdade, Tete, não precisa me salvar, não. Ele tá guardando um caixão aqui, deixa ele vai que tá mal. Não, mas se a gente for junto, vem, Pocão, vem junto, velho. Poc, você vai na frente? Tem, tem aí. Pô, vou na frente, seu escudo. Nossa, ele guardou...""",Avaliador_B,Avaliador_D
9,"Tem muita traça, tem muita traça aqui. É verdade, isso é péssimo. Calma, vamos tentar fazer ele explodir. Cadê o Creeper? Explodiu, explodiu! Matou vários monstros. Ah, mas a traça tá atrapalhando demais. Tem esses zumbis que estão atrapalhando e tem guardiões aqui dentro. O problema são os guardiões. Deixa comigo os guardiões. Vamos lá. Toma, toma. Aí já foi mais um, mais esse. Pera aí, acabamos com todos? Eu acho que todos os monstros morreram. Eu tô aqui com efeito de veneno, mas já passou e agora é só olhar o cofre aqui. Sim, Lucky Block com 96% de sorte. Que isso, é muita coisa? É muita coisa, cara. É ótimo. O outro lá era péssimo, né? Você terminou de abrir até aqueles Lucky Blocks? Eu abri os três Lucky Blocks de azar. Eu vou colocar os três aqui, Beto, vou deixar você abrir dois. Cadê? Eu quero abrir. Eu quero abrir Lucky Block, que é da sorte agora.",0.975688099861145,0.0163403861224651,0.0079715400934219,NEG,0.6953431963920593,0.0038288258947432,0.1542842984199524,0.0011435252381488,0.1169095188379287,0.0171945393085479,0.0049935393035411,0.3722269,Robin Hood Gamer,Minecraft,ENCONTRAMOS CASAS DE MINÉRIOS GIGANTES NO CÉU DA VILA DO MINECRAFT [--X2s9oUcCM],,GZ,GZ,GZ,"🎬 Canal: Robin Hood Gamer | 🎥 Vídeo: ENCONTRAMOS CASAS DE MINÉRIOS GIGANTES NO CÉU DA VILA DO MINECRAFT [--X2s9oUcCM]
⏱️ Segmento/Index: 9
🤖 Consenso de IA: GZ (Detoxify: 0.695 | Perspective: 0.372)
──────────────────────────────────────────────────
Fala transcrita:
""Tem muita traça, tem muita traça aqui. É verdade, isso é péssimo. Calma, vamos tentar fazer ele explodir. Cadê o Creeper? Explodiu, explodiu! Matou vários monstros. Ah, mas a traça tá atrapalhando demais. Tem esses zumbis que estão atrapalhando e tem guardiões aqui dentro. O problema são os guardiões. Deixa comigo os guardiões. Vamos lá. Toma, toma. Aí já foi mais um, mais esse. Pera aí, acabamos com todos? Eu acho que todos os monstros morreram. Eu tô aqui com efeito de veneno, mas já passou e agora é só olhar o cofre aqui. Sim, Lucky Block com 96% de sorte. Que isso, é muita coisa? É muita coisa, cara. É ótimo. O outro lá era péssimo, né? Você terminou de abrir até aqueles Lucky Blocks? Eu abri os três Lucky Blocks de azar. Eu vou colocar os três aqui, Beto, vou deixar você abrir dois. Cadê? Eu quero abrir. Eu quero abrir Lucky Block, que é da sorte agora.""",Avaliador_B,Avaliador_D
30,"É, primeiro round eu vou comprar logo um Atom. Isso que eu tô ligado, que ele vai comprar uma arma de um tiro e um gelo. Aí o que eu vou fazer? Vou fazer minha movimentação diferenciada aqui, nem uma cobra. Ele não vai nem saber quem foi que matou ele, tá ligado? E eu tenho que ganhar esse X1, pô, eu não posso perder não, pô. Se eu perder, como é que eu vou dar as quatro contas pra ele? Se eu nem ganhei aquele 4x4 apostado, ele jura que eu ganhei, mas eu nem ganhei? É, primeiro round, agora vai ser o seguinte, aquelas contas vão ser tudo minhas, não vou ganhar só uma não, vou ganhar logo é tudo. As contas são mais minhas do que dele, não precisa brincar nem em sábado, as contas atão é comigo aqui, pá. E vai ser o seguinte, vou comprar um M500 e um gelinho, gelinho pra fazer a movimentação e M500 vou só dar ação, tira na cara dele. E ele vai se arrepender logo, foi chamar logo quem? Se é por vir a lenda do X1, ai eu vou amassar a cara dele.",0.1968133151531219,0.7495793700218201,0.0536072812974453,NEU,0.2002897411584854,0.0005013954942114,0.0046697547659277,0.0007865855004638,0.005088445264846,0.1342351287603378,0.0021036353427916,0.3286776,meu nome é david,Roblox,X1 DOS CRIAS NA VIDA REAL   SUPER COMPILADOS [j-FPKmfw-c8],,GZ,GZ,GZ,"🎬 Canal: meu nome é david | 🎥 Vídeo: X1 DOS CRIAS NA VIDA REAL   SUPER COMPILADOS [j-FPKmfw-c8]
⏱️ Segmento/Index: 30
🤖 Consenso de IA: GZ (Detoxify: 0.2 | Perspective: 0.329)
──────────────────────────────────────────────────
Fala transcrita:
""É, primeiro round eu vou comprar logo um Atom. Isso que eu tô ligado, que ele vai comprar uma arma de um tiro e um gelo. Aí o que eu vou fazer? Vou fazer minha movimentação diferenciada aqui, nem uma cobra. Ele não vai nem saber quem foi que matou ele, tá ligado? E eu tenho que ganhar esse X1, pô, eu não posso perder não, pô. Se eu perder, como é que eu vou dar as quatro contas pra ele? Se eu nem ganhei aquele 4x4 apostado, ele jura que eu ganhei, mas eu nem ganhei? É, primeiro round, agora vai ser o seguinte, aquelas contas vão ser tudo minhas, não vou ganhar só uma não, vou ganhar logo é tudo. As contas são mais minhas do que dele, não precisa brincar nem em sábado, as contas atão é comigo aqui, pá. E vai ser o seguinte, vou comprar um M500 e um gelinho, gelinho pra fazer a movimentação e M500 vou só dar ação, tira na cara dele. E ele vai se arrepender logo, foi chamar logo quem? Se é por vir a lenda do X1, ai eu vou amassar a cara dele.""",Avaliador_B,Avaliador_D
14,"Ah mano, eu não posso sair correndo assim Mas existem rumores Nós matamos muitas pessoas Nós quem? Para! Está me assustando Vem burar na mão de Deus Para, para, para, para, para Deixa eu terminar Eu só quero terminar o meu turno de hoje Ir para casa, tomar um banho Que o cheiro desse lixo aqui grudou na minha roupa Vou tomar um banho, meu chocolate quente E vou dormir Entra no caminhão rapidamente Tem mais ainda? Tava aqui já, saco do lixo? Abilitou meu acesso, vamos embora Acelera, caminhãozinho Quem que gritou, pessoal? Teve um grito de uma mulher? Eu não sei, eu sei que eu vou para frente Acabou a cidade? Fala que acabou Aqui é uma rodovia, para cá não vai? Eu vou para cá, olha Eu acho que agora eu estou saindo da... Ó, tchau, tchau Redville Aqui terminou a cidade, pessoal Acelera, vai mais rápido que você puder É muito gostoso dirigir esse caminhão, pessoal Ele é macio Tipo, eu não sei explicar É gostoso de controlar Fora que ele é silencioso também, né?",0.8829354643821716,0.0841621309518814,0.0329024642705917,NEG,0.2955789566040039,0.0007787183858454,0.0222663693130016,0.001003150595352,0.0895347371697425,0.0115582644939422,0.0144904116168618,0.37751234,Tex HS,Roblox,O LIXO DESSA CIDADE É ASSUSTADOR Cleaning Redville SextaDeTerror [lpzb8I_5YJk],,GZ,GZ,GZ,"🎬 Canal: Tex HS | 🎥 Vídeo: O LIXO DESSA CIDADE É ASSUSTADOR Cleaning Redville SextaDeTerror [lpzb8I_5YJk]
⏱️ Segmento/Index: 14
🤖 Consenso de IA: GZ (Detoxify: 0.296 | Perspective: 0.378)
──────────────────────────────────────────────────
Fala transcrita:
""Ah mano, eu não posso sair correndo assim Mas existem rumores Nós matamos muitas pessoas Nós quem? Para! Está me assustando Vem burar na mão de Deus Para, para, para, para, para Deixa eu terminar Eu só quero terminar o meu turno de hoje Ir para casa, tomar um banho Que o cheiro desse lixo aqui grudou na minha roupa Vou tomar um banho, meu chocolate quente E vou dormir Entra no caminhão rapidamente Tem mais ainda? Tava aqui já, saco do lixo? Abilitou meu acesso, vamos embora Acelera, caminhãozinho Quem que gritou, pessoal? Teve um grito de uma mulher? Eu não sei, eu sei que eu vou para frente Acabou a cidade? Fala que acabou Aqui é uma rodovia, para cá não vai? Eu vou para cá, olha Eu acho que agora eu estou saindo da... Ó, tchau, tchau Redville Aqui terminou a cidade, pessoal Acelera, vai mais rápido que você puder É muito gostoso dirigir esse caminhão, pessoal Ele é macio Tipo, eu não sei explicar É gostoso de controlar Fora que ele é silencioso também, né?""",Avaliador_B,Avaliador_D
5,"Mas não sou eu, não, garoto. Não tem prova nada, eu, hein, garoto, tá chato. Galera, quase que o Eduarda me descobriu. Mas eu consegui aqui, ó, já fazer o meu Sonic. Já consegui atrapalhar ela também, vamos ver ali, ó. Olha lá, ela tá fazendo... Que coisa é essa, mano? Esse é um Sonic? Meu Deus, que coisa feia! Eu nunca vi um negócio tão feio como esse, eu tô até com medo. Vou pegar uma bolinha de neve aqui, galera, e vem aqui do canto, ó. Tá queimando bolinha de neve, será que ela percebeu? Que isso? Quem tacou o negócio aqui? Ai, ela olhou, ela olhou, ela olhou, ela olhou. Vamos fazer aqui, ó, o vídeo que tá construindo. Vou fazer barulho de bloco, galera, pra ela não desconfiar que eu não tô construindo nada. Do nada, maior solzão, começando a cair bolinha de neve. Tudo bem, né? Eduarda, falta dez segundos, Eduarda. Quê? Dez segundos, tio. Dez, que vem depois do nove e antes do onze. É, agora falta um set. Que, que, que, que, que, que, que, que, que, que, que, que, que, que, que? Eduarda, eu tô com medo de ver o teu. Deve estar um negócio feio parecendo você, garota. Por que que tu tá rindo? Eu tô rindo. Eu juro que você vai se impressionar. Eu tenho medo de me impressionar negativamente, Eduarda, de medo.",0.9677951335906982,0.0228980313986539,0.0093069318681955,NEG,0.2147045731544494,0.0037610195577144,0.0427617132663726,0.0028398360591381,0.0385608524084091,0.0023453671019524,0.006738715339452,0.37694603,Marcelodrv,Minecraft,Trollei minha AMIGA na BATALHA DE CONSTRUÇÃO - O FILME [dK_QtOJfaPM],,GZ,GZ,GZ,"🎬 Canal: Marcelodrv | 🎥 Vídeo: Trollei minha AMIGA na BATALHA DE CONSTRUÇÃO - O FILME [dK_QtOJfaPM]
⏱️ Segmento/Index: 5
🤖 Consenso de IA: GZ (Detoxify: 0.215 | Perspective: 0.377)
──────────────────────────────────────────────────
Fala transcrita:
""Mas não sou eu, não, garoto. Não tem prova nada, eu, hein, garoto, tá chato. Galera, quase que o Eduarda me descobriu. Mas eu consegui aqui, ó, já fazer o meu Sonic. Já consegui atrapalhar ela também, vamos ver ali, ó. Olha lá, ela tá fazendo... Que coisa é essa, mano? Esse é um Sonic? Meu Deus, que coisa feia! Eu nunca vi um negócio tão feio como esse, eu tô até com medo. Vou pegar uma bolinha de neve aqui, galera, e vem aqui do canto, ó. Tá queimando bolinha de neve, será que ela percebeu? Que isso? Quem tacou o negócio aqui? Ai, ela olhou, ela olhou, ela olhou, ela olhou. Vamos fazer aqui, ó, o vídeo que tá construindo. Vou fazer barulho de bloco, galera, pra ela não desconfiar que eu não tô construindo nada. Do nada, maior solzão, começando a cair bolinha de neve. Tudo bem, né? Eduarda, falta dez segundos, Eduarda. Quê? Dez segundos, tio. Dez, que vem depois do nove e antes do onze. É, agora falta um set. Que, que, que, que, que, que, que, que, que, que, que, que, que, que, que? Eduarda, eu tô com medo de ver o teu. Deve estar um negócio feio parecendo você, garota. Por que que tu tá rindo? Eu tô rindo. Eu juro que você vai se impressionar. Eu tenho medo de me impressionar negativamente, Eduarda, de medo.""",Avaliador_B,Avaliador_D
4,"É! E a Amandinha, você sabe que tem cachorro que não gosta de ratinho, não, sabia? E eu acho que agora eu vou pegar a ratinha, Amandinha! Vem cá, Amandinha! Pega! Não! Nha! Nha! Pega, Amandinha! Nha! Nha! Nha! E olha, olha quem tá aqui! É um outro ratinho, um ratinho fofinho, né? E tem até um patinho. Olha a Ninizinha virou um patinho, gente! Olha que engraçado! E, gente, olha só esse daqui! Esse é aquele bichinho do fogo! Você viu? Ele solta fogo, esse bichinho, olha só! Tch, tch, tch, tch! Ele solta fogo, né? Ele solta fogo. Ué! O que é isso? Uá! É um porquinho fantasma! Quem é esse porquinho fantasma? Show-e! Oh, Kukê! Não gostei, não! Não gostei, Kukê! Você virou um porquinho fantasma, me deu susto, Kukê!",0.1029738783836364,0.7373585104942322,0.1596675515174865,NEU,0.4469603300094604,0.00268723256886,0.0517624095082283,0.0041526514105498,0.0637496933341026,0.0029696060810238,0.0038670538924634,0.36095104,Lokis,Roblox,LOKIS COLOCOU ROUPA DO PORQUINHO PIGGY  Roblox [rvpHTA2SwvQ],,GZ,GZ,GZ,"🎬 Canal: Lokis | 🎥 Vídeo: LOKIS COLOCOU ROUPA DO PORQUINHO PIGGY  Roblox [rvpHTA2SwvQ]
⏱️ Segmento/Index: 4
🤖 Consenso de IA: GZ (Detoxify: 0.447 | Perspective: 0.361)
──────────────────────────────────────────────────
Fala transcrita:
""É! E a Amandinha, você sabe que tem cachorro que não gosta de ratinho, não, sabia? E eu acho que agora eu vou pegar a ratinha, Amandinha! Vem cá, Amandinha! Pega! Não! Nha! Nha! Pega, Amandinha! Nha! Nha! Nha! E olha, olha quem tá aqui! É um outro ratinho, um ratinho fofinho, né? E tem até um patinho. Olha a Ninizinha virou um patinho, gente! Olha que engraçado! E, gente, olha só esse daqui! Esse é aquele bichinho do fogo! Você viu? Ele solta fogo, esse bichinho, olha só! Tch, tch, tch, tch! Ele solta fogo, né? Ele solta fogo. Ué! O que é isso? Uá! É um porquinho fantasma! Quem é esse porquinho fantasma? Show-e! Oh, Kukê! Não gostei, não! Não gostei, Kukê! Você virou um porquinho fantasma, me deu susto, Kukê!""",Avaliador_B,Avaliador_D
3,"Eu vou fazer a mesma coisa com o navio de vocês! Vocês vão ver só! Iiiiiiihuuu! Vai, gente! Hoje tem rum pra todo mundo! Olha lá! O Eldinaru ficaram daquele lado do navio! Eu tô conseguindo me soltar das correntes! Eu tenho uma chance! É agora! É agora que eu vou fugir! Aí, escapei! Escapei só que os piratas me viram! Eles viram que eu escapei! Pega ele! Pega ele, Capitão! Eu preciso fugir desse caminho! Consegui pular na água! Você não vai fugir, Atus! É! Volta aqui! Capitão, eu consegui capturar ele! Vem! Traz ele de volta pro barco! Vem! Ah! O que vocês estão fazendo comigo? Tá muito quente! É! Vai ficar aí de castigo porque tentou fugir! É! Precisa aprender a não sair fugindo por aí, tá? Eu vou pular na água de novo só pra me esfriar! Ah é? Quer saber? Ah, não vai não! Sai por quê? Por quê? Então... Eldin... Ei, você tá pensando o que eu tô pensando? Eu vou chamar o Kraken! Um segundo, Capitão! Já volto! Que Kraken? O que vocês estão falando? Aham! Você vai ver nosso animalzinho de estimação! Vai! Anda na prancha! O-onde?",0.0888690650463104,0.8007851243019104,0.1103457659482956,NEU,0.4008951485157013,0.0017535749357193,0.0462901853024959,0.0009706883574835,0.0212161745876073,0.030954023823142,0.0037196457851678,0.2854835,Athos,Minecraft,Fui Engolido pelo Kraken no Minecraft [rZVCEH4Z4y8],,GZ,GZ,GZ,"🎬 Canal: Athos | 🎥 Vídeo: Fui Engolido pelo Kraken no Minecraft [rZVCEH4Z4y8]
⏱️ Segmento/Index: 3
🤖 Consenso de IA: GZ (Detoxify: 0.401 | Perspective: 0.285)
──────────────────────────────────────────────────
Fala transcrita:
""Eu vou fazer a mesma coisa com o navio de vocês! Vocês vão ver só! Iiiiiiihuuu! Vai, gente! Hoje tem rum pra todo mundo! Olha lá! O Eldinaru ficaram daquele lado do navio! Eu tô conseguindo me soltar das correntes! Eu tenho uma chance! É agora! É agora que eu vou fugir! Aí, escapei! Escapei só que os piratas me viram! Eles viram que eu escapei! Pega ele! Pega ele, Capitão! Eu preciso fugir desse caminho! Consegui pular na água! Você não vai fugir, Atus! É! Volta aqui! Capitão, eu consegui capturar ele! Vem! Traz ele de volta pro barco! Vem! Ah! O que vocês estão fazendo comigo? Tá muito quente! É! Vai ficar aí de castigo porque tentou fugir! É! Precisa aprender a não sair fugindo por aí, tá? Eu vou pular na água de novo só pra me esfriar! Ah é? Quer saber? Ah, não vai não! Sai por quê? Por quê? Então... Eldin... Ei, você tá pensando o que eu tô pensando? Eu vou chamar o Kraken! Um segundo, Capitão! Já volto! Que Kraken? O que vocês estão falando? Aham! Você vai ver nosso animalzinho de estimação! Vai! Anda na prancha! O-onde?""",Avaliador_B,Avaliador_D
10,"Ele que deu ideia de amassar a sua cabeça, tá? Você devia agradecer! Cê tá louco, mas o David, ele é um rapaz tão bom, menino tão bom! Isso não vai ficar assim, não! Isso não vai ficar assim, não! Que isso? Eu vou fazer um ritual pra chamar o David de volta! Vai explodir, cara! Cê tá louco? O muvu gabedizal! Volta, David! O muvu gabedizal, o muvu gabedizal! Nossa, eu voltei! Aê! Eu sabia que o meu ritual ia dar certo! É sua última, última chance! Robin, por que você me baneou, Robin? Você é muito mau! Não faz mais isso, hein, Robin! E, David, chega de armadilhas! Agora temos que ir juntos! Mas aqui tem dinamites! TNTs azuis! Por que será? Conseguimos! Talvez porque tem a TNTs! Esse é o buraco mais perigoso de todos, hein! Nada de usar isqueiro por aqui! Cuidado, pessoal! Bloco invisível! Ôôôô, o que que é isso, hein? Eu vi esse ataque, eu sou rateiro! Foi o David, foi o David! Foi eu não, fui eu não! Que isso? Parei com isso! Tudo bloco falso! Cadê o Beto? Eu morri, meu! Eu morri! Eu não acredito, Beto! A gente tá preparando o caminho aqui, tranquilo pra você e você se mata!",0.4186950027942657,0.3072159588336944,0.274088978767395,NEG,0.9133058190345764,0.0119710369035601,0.052789457142353,0.0076114428229629,0.0587192997336387,0.0400972142815589,0.031344000250101,0.5559701,Robin Hood Gamer,Minecraft,NÃO ESCOLHA O BURACO ERRADO NO MINECRAFT TNT AZUL VS ESMERALDA [DeCo4HzucwQ],,T,T,T,"🎬 Canal: Robin Hood Gamer | 🎥 Vídeo: NÃO ESCOLHA O BURACO ERRADO NO MINECRAFT TNT AZUL VS ESMERALDA [DeCo4HzucwQ]
⏱️ Segmento/Index: 10
🤖 Consenso de IA: T (Detoxify: 0.913 | Perspective: 0.556)
──────────────────────────────────────────────────
Fala transcrita:
""Ele que deu ideia de amassar a sua cabeça, tá? Você devia agradecer! Cê tá louco, mas o David, ele é um rapaz tão bom, menino tão bom! Isso não vai ficar assim, não! Isso não vai ficar assim, não! Que isso? Eu vou fazer um ritual pra chamar o David de volta! Vai explodir, cara! Cê tá louco? O muvu gabedizal! Volta, David! O muvu gabedizal, o muvu gabedizal! Nossa, eu voltei! Aê! Eu sabia que o meu ritual ia dar certo! É sua última, última chance! Robin, por que você me baneou, Robin? Você é muito mau! Não faz mais isso, hein, Robin! E, David, chega de armadilhas! Agora temos que ir juntos! Mas aqui tem dinamites! TNTs azuis! Por que será? Conseguimos! Talvez porque tem a TNTs! Esse é o buraco mais perigoso de todos, hein! Nada de usar isqueiro por aqui! Cuidado, pessoal! Bloco invisível! Ôôôô, o que que é isso, hein? Eu vi esse ataque, eu sou rateiro! Foi o David, foi o David! Foi eu não, fui eu não! Que isso? Parei com isso! Tudo bloco falso! Cadê o Beto? Eu morri, meu! Eu morri! Eu não acredito, Beto! A gente tá preparando o caminho aqui, tranquilo pra você e você se mata!""",Avaliador_B,Avaliador_D
21,"Óbvio que vai nascer mais um bruh. Calma, preciso de um, dois. Boa. Boa, mano! Será que o End agora também é feito com blocks? Que maravilhoso, véi! Nossa! Dá pra enxergar lá embaixo. Que maluquice, mano. Tá, véi. Deixa eu jogar lá. Vai! Nossa, agora. Uh! Foi! Nossa, mano! Agora... Calma, eu vou pra lá, véi. Hihihi! Nossa, véi! Vai embora. Acho que subir assim é mais rápido, véi. Aí, ó. Vai embora ali. Nossa, eu to vendo muito dano. Vai ali. Vou pra ali agora. Boa. Falta ali, véi. Será que tem que acertar assim, mano? Eu não sei, véi. Eu tô indo na forma mais tradicional aqui. Boa! GG, mano. Tô com os cristais todos destruídos aqui. A cama. Tem que fazer a cama, véi. Eu tenho uma cama aqui. Ai, meu Deus.",0.0557828396558761,0.2939177751541137,0.6502993702888489,POS,0.3902384638786316,0.0017481178510934,0.0460970140993595,0.0028243365231901,0.1195451840758323,0.0433816760778427,0.0088277738541364,0.3666224,Geleia,Minecraft,minecraft mas TODOS OS BIOMAS SÃO ALEATÓRIOS [rhyiiIQCWF8],,GZ,GZ,GZ,"🎬 Canal: Geleia | 🎥 Vídeo: minecraft mas TODOS OS BIOMAS SÃO ALEATÓRIOS [rhyiiIQCWF8]
⏱️ Segmento/Index: 21
🤖 Consenso de IA: GZ (Detoxify: 0.39 | Perspective: 0.367)
──────────────────────────────────────────────────
Fala transcrita:
""Óbvio que vai nascer mais um bruh. Calma, preciso de um, dois. Boa. Boa, mano! Será que o End agora também é feito com blocks? Que maravilhoso, véi! Nossa! Dá pra enxergar lá embaixo. Que maluquice, mano. Tá, véi. Deixa eu jogar lá. Vai! Nossa, agora. Uh! Foi! Nossa, mano! Agora... Calma, eu vou pra lá, véi. Hihihi! Nossa, véi! Vai embora. Acho que subir assim é mais rápido, véi. Aí, ó. Vai embora ali. Nossa, eu to vendo muito dano. Vai ali. Vou pra ali agora. Boa. Falta ali, véi. Será que tem que acertar assim, mano? Eu não sei, véi. Eu tô indo na forma mais tradicional aqui. Boa! GG, mano. Tô com os cristais todos destruídos aqui. A cama. Tem que fazer a cama, véi. Eu tenho uma cama aqui. Ai, meu Deus.""",Avaliador_B,Avaliador_D
25,"Não era um ano? Não, eu não falei um ano não, tá maluco? Ah, tá, mas como é que eu posso ir aqui agora? Eu cheguei perto ali e voltei lá pro início! É, faz parte do labirinto, né? Você vai ter que descobrir sozinho! Ai, meu Deus do céu, calma aí! Será que tem alguma armadilha aqui? Eu jogo aqui... Opa! Descobriu um bloco falso! Ah, seu danadinho! Eu sou esperto! É até que você é inteligente! Tá, e agora a gente pula aqui! E beleza, eu consegui passar! E olha só, você vai ficar um ano sem me trollar, porque isso aqui valeu por um bilhão de trollagens! Uma hora! E você que assistiu o vídeo até o final, comenta susto! Que assim, a gente vai saber que você assistiu!",0.8203461766242981,0.1627954542636871,0.0168584585189819,NEG,0.2479026168584823,0.001365563715808,0.0334620401263237,0.0018597426824271,0.0670966729521751,0.0018574064597487,0.0021000027190893,0.37751234,Kass e KR,Minecraft,Trolei meu AMIGO com MOD de TERROR REALISTA no Minecraft [rnVzaTe5nOA],,GZ,GZ,GZ,"🎬 Canal: Kass e KR | 🎥 Vídeo: Trolei meu AMIGO com MOD de TERROR REALISTA no Minecraft [rnVzaTe5nOA]
⏱️ Segmento/Index: 25
🤖 Consenso de IA: GZ (Detoxify: 0.248 | Perspective: 0.378)
──────────────────────────────────────────────────
Fala transcrita:
""Não era um ano? Não, eu não falei um ano não, tá maluco? Ah, tá, mas como é que eu posso ir aqui agora? Eu cheguei perto ali e voltei lá pro início! É, faz parte do labirinto, né? Você vai ter que descobrir sozinho! Ai, meu Deus do céu, calma aí! Será que tem alguma armadilha aqui? Eu jogo aqui... Opa! Descobriu um bloco falso! Ah, seu danadinho! Eu sou esperto! É até que você é inteligente! Tá, e agora a gente pula aqui! E beleza, eu consegui passar! E olha só, você vai ficar um ano sem me trollar, porque isso aqui valeu por um bilhão de trollagens! Uma hora! E você que assistiu o vídeo até o final, comenta susto! Que assim, a gente vai saber que você assistiu!""",Avaliador_B,Avaliador_D
0,"Logs, eu tô com medo pra me esconder dentro da geladeira! É, Sofia, se esconde, tá bom? Não! A lixofinha, porra! Ah, tem, tem, tem! Ah, não! Calma, menina! Tem esse gato aqui, ó! Pegou! Alguém testemunha um evento fantasma? Evento fantasma? Fantasma? Fantasma! Fantasma! Vamos a um fantasma, Logs! Gente, tem fantasma aqui, fantasma! Olha onde a gente tá! Ah, Logs, você trouxe a gente pro lugar fantasma! Desculpa, desculpa! Por que você fez isso? Claro, o fantasma vai vir atrás da gente! A gente tá atrapalhando o lugar dele! Eu pensei que a gente tá vindo pro lugar legal! Eu acho que a gente veio pro lugar que tem fantasma! Ah, não! Vim pra lua, culpa é sua! E tá tudo escuro!",0.1058041378855705,0.7238001823425293,0.1703956723213195,NEU,0.852302610874176,0.0054776528850197,0.2892190814018249,0.0019381413003429,0.0603539496660232,0.0035316967405378,0.0119103910401463,0.47119883,Lokis,Roblox,SUSTO DO FANTASMA NA CASA ASSOMBRADA  Roblox - Specter [9HwOobqPjqw],,T,T,T,"🎬 Canal: Lokis | 🎥 Vídeo: SUSTO DO FANTASMA NA CASA ASSOMBRADA  Roblox - Specter [9HwOobqPjqw]
⏱️ Segmento/Index: 0
🤖 Consenso de IA: T (Detoxify: 0.852 | Perspective: 0.471)
──────────────────────────────────────────────────
Fala transcrita:
""Logs, eu tô com medo pra me esconder dentro da geladeira! É, Sofia, se esconde, tá bom? Não! A lixofinha, porra! Ah, tem, tem, tem! Ah, não! Calma, menina! Tem esse gato aqui, ó! Pegou! Alguém testemunha um evento fantasma? Evento fantasma? Fantasma? Fantasma! Fantasma! Vamos a um fantasma, Logs! Gente, tem fantasma aqui, fantasma! Olha onde a gente tá! Ah, Logs, você trouxe a gente pro lugar fantasma! Desculpa, desculpa! Por que você fez isso? Claro, o fantasma vai vir atrás da gente! A gente tá atrapalhando o lugar dele! Eu pensei que a gente tá vindo pro lugar legal! Eu acho que a gente veio pro lugar que tem fantasma! Ah, não! Vim pra lua, culpa é sua! E tá tudo escuro!""",Avaliador_B,Avaliador_D
10,"É, eu nem me importo com isso! Isso aí é só uma mínima parte de tudo que eu tenho! Eu não me importo! Ah, é mesmo? Então agora é só me dizer onde tá todo o resto! Eu não vou dizer nada, não vou dizer nada! Pode abrir esse cofre e fica com o dinheiro aí, acho bom me libertar! Não, não! Já peguei o dinheiro que tá aqui, não tem problema! Mas eu só vou te libertar quando eu saber onde tá todo o resto, Atos! Eu quero todo o seu dinheiro! Então você tem um grave problema, porque a coisa mais preciosa que eu tenho é o meu coração! Ah, o coração? Ah, que ideia maravilhosa! Não tem problema, eu vou roubar seu coração! Não, Naru, não faça uma coisa dessa, você tá maluco! Talvez um pouquinho, mas não tem problema não, a gente arranca! Eu vou chamar o Dr. Hanson Crotus, pera aí! Naru, você tá doido! Volta aqui, Naru! O Furious chegou até o banco, só que ele não tá entendendo porque as portas do banco estão abertas de noite, porque tá cheio de buracos ali na frente! Pera aí, por que o banco tá todo aberto a hora dessa?",0.1976680159568786,0.6731168627738953,0.1292150914669037,NEU,0.773591160774231,0.0069721397012472,0.0672710016369819,0.0038461009971797,0.074015125632286,0.0066305072978138,0.0057798107154667,0.34757367,Athos,Minecraft,Passei 99 dias RAPTADO no Minecraft [ect7BzJTxzs],,GZ,GZ,GZ,"🎬 Canal: Athos | 🎥 Vídeo: Passei 99 dias RAPTADO no Minecraft [ect7BzJTxzs]
⏱️ Segmento/Index: 10
🤖 Consenso de IA: GZ (Detoxify: 0.774 | Perspective: 0.348)
──────────────────────────────────────────────────
Fala transcrita:
""É, eu nem me importo com isso! Isso aí é só uma mínima parte de tudo que eu tenho! Eu não me importo! Ah, é mesmo? Então agora é só me dizer onde tá todo o resto! Eu não vou dizer nada, não vou dizer nada! Pode abrir esse cofre e fica com o dinheiro aí, acho bom me libertar! Não, não! Já peguei o dinheiro que tá aqui, não tem problema! Mas eu só vou te libertar quando eu saber onde tá todo o resto, Atos! Eu quero todo o seu dinheiro! Então você tem um grave problema, porque a coisa mais preciosa que eu tenho é o meu coração! Ah, o coração? Ah, que ideia maravilhosa! Não tem problema, eu vou roubar seu coração! Não, Naru, não faça uma coisa dessa, você tá maluco! Talvez um pouquinho, mas não tem problema não, a gente arranca! Eu vou chamar o Dr. Hanson Crotus, pera aí! Naru, você tá doido! Volta aqui, Naru! O Furious chegou até o banco, só que ele não tá entendendo porque as portas do banco estão abertas de noite, porque tá cheio de buracos ali na frente! Pera aí, por que o banco tá todo aberto a hora dessa?""",Avaliador_B,Avaliador_D
1,"Estou pertinho dele! Pra onde ele foi? Eu vou atrás! Ele é o xerifão! Ele está perto de você! Ele me deu um susto porque ele está com a metinha. Eu acho que eu vou ficar escondidinho aqui. Vem, bananinha, vem! Não vamos ficar paradinho, não! Se não morde, vai pegar a gente! Vamos lá pra fora que eu tenho um esconderijo muito legal. Vem, bananinha, vem! Que bananinha, tá vindo! Cadê vocês? Quem é? Onad, por que você tá perguntando quem é? Cadê a gente? Porque eu quis saber! Onad, eu tô achando que você é morde, Onad! Eu tô achando! Não, não! Onad, se você for morde, eu vou contar pro bananinha! É você, sim, Onad! É a Onad! É o pintinho amarelinho! O pintinho amarelinho! Não, o bananinha, ele não é mordezinho, não é! O pintinho amarelinho casa a minha mão na minha mão! Não, não é, Onad, ele é bananinha! O pintinho amarelinho! Sabe quem tá muito caladinha? É a Nick! É a Nick! Eu não, eu não! Eu vi! Eu vi a Nick! Eu vou pegar a minha!",0.1314562857151031,0.6743420362472534,0.1942016631364822,NEU,0.4930567443370819,0.005576436407864,0.0566045455634593,0.0065576694905757,0.0384927988052368,0.006750326603651,0.0146312545984983,0.25462922,Lokis,Roblox,FAQUINHA DO PAPAI NOEL  Roblox - Murder Mystery 2 [n1Mc4yYnJ1o],,GZ,GZ,GZ,"🎬 Canal: Lokis | 🎥 Vídeo: FAQUINHA DO PAPAI NOEL  Roblox - Murder Mystery 2 [n1Mc4yYnJ1o]
⏱️ Segmento/Index: 1
🤖 Consenso de IA: GZ (Detoxify: 0.493 | Perspective: 0.255)
──────────────────────────────────────────────────
Fala transcrita:
""Estou pertinho dele! Pra onde ele foi? Eu vou atrás! Ele é o xerifão! Ele está perto de você! Ele me deu um susto porque ele está com a metinha. Eu acho que eu vou ficar escondidinho aqui. Vem, bananinha, vem! Não vamos ficar paradinho, não! Se não morde, vai pegar a gente! Vamos lá pra fora que eu tenho um esconderijo muito legal. Vem, bananinha, vem! Que bananinha, tá vindo! Cadê vocês? Quem é? Onad, por que você tá perguntando quem é? Cadê a gente? Porque eu quis saber! Onad, eu tô achando que você é morde, Onad! Eu tô achando! Não, não! Onad, se você for morde, eu vou contar pro bananinha! É você, sim, Onad! É a Onad! É o pintinho amarelinho! O pintinho amarelinho! Não, o bananinha, ele não é mordezinho, não é! O pintinho amarelinho casa a minha mão na minha mão! Não, não é, Onad, ele é bananinha! O pintinho amarelinho! Sabe quem tá muito caladinha? É a Nick! É a Nick! Eu não, eu não! Eu vi! Eu vi a Nick! Eu vou pegar a minha!""",Avaliador_B,Avaliador_D
0,"E cá está mais um x1 que toda a comunidade do Free Fire estava esperando Amy Scarlett contra Lady Perigosa, ou mais conhecida como Abot Ela tava querendo ficar no meu time, mas como isso é impossível ela tem que ficar no time contrário Vai Lady aceita que tu vai perder, ninguém mandou você brigar comigo A partida tava começando e ela falou que ia me bagaçar na águia do deserto Então eu falei também vou puxar águia, se você vier me tombar tu vai tombar também Eu já tava fazendo a movimentação de ratazão é pra ela sentir a pressão da garota, a minha pressão E eu confesso a cada passo era um eita porque eu não sabia onde essa pilã tratava Real, não joga em contra a Lady, ela fica se escondendo e você fica nervosa Quando ela falou que tava me vendo eu fiquei toda cagada, meu Deus cadê essa mulher Finalmente eu avistei o saco de lixo correndo, eu nem sabia que lixo andava e ela tava correndo ali no meio do aberto Eu já rodei meu analógico pra ela sentir a pressão da garota Quando eu fui atacar ninguém esperava por isso, cadê essa mulher?",0.2093689292669296,0.5108369588851929,0.2797941267490387,NEU,0.7062991857528687,0.0042203604243695,0.1607697308063507,0.0033413025084882,0.0891846865415573,0.0029899717774242,0.0255785807967185,0.295883,Amy Scarlet,Roblox,Amy Scarlet vs Lady Perigosa [5O8kYhtTHt4],,GZ,GZ,GZ,"🎬 Canal: Amy Scarlet | 🎥 Vídeo: Amy Scarlet vs Lady Perigosa [5O8kYhtTHt4]
⏱️ Segmento/Index: 0
🤖 Consenso de IA: GZ (Detoxify: 0.706 | Perspective: 0.296)
──────────────────────────────────────────────────
Fala transcrita:
""E cá está mais um x1 que toda a comunidade do Free Fire estava esperando Amy Scarlett contra Lady Perigosa, ou mais conhecida como Abot Ela tava querendo ficar no meu time, mas como isso é impossível ela tem que ficar no time contrário Vai Lady aceita que tu vai perder, ninguém mandou você brigar comigo A partida tava começando e ela falou que ia me bagaçar na águia do deserto Então eu falei também vou puxar águia, se você vier me tombar tu vai tombar também Eu já tava fazendo a movimentação de ratazão é pra ela sentir a pressão da garota, a minha pressão E eu confesso a cada passo era um eita porque eu não sabia onde essa pilã tratava Real, não joga em contra a Lady, ela fica se escondendo e você fica nervosa Quando ela falou que tava me vendo eu fiquei toda cagada, meu Deus cadê essa mulher Finalmente eu avistei o saco de lixo correndo, eu nem sabia que lixo andava e ela tava correndo ali no meio do aberto Eu já rodei meu analógico pra ela sentir a pressão da garota Quando eu fui atacar ninguém esperava por isso, cadê essa mulher?""",Avaliador_B,Avaliador_D
8,"Libera aí, libera essa fábrica Eu quero entrar Beleza, o cara tá parado ali Pelo jeito não vai deixar eu entrar mesmo Vamos ver se o Vegeta vai deixar eu entrar Vamos, vamos Eu estou aqui, Vegeta, eu estou aqui pra lutar Abre essa fábrica Vou ficar com o Shuriken Que é a Shuriken Eu cortei o Vegeta, matei ele Depois só finalizei na Katana Ah, não dá pra acertar ele com essa porta fechada Abre aí, medroso Não dá, não dá pra lutar com ele Opa, ele saiu Saiu Shuriken Vai, vai, vai, vai Vai, Shuriken Vai Não, ele saiu bem na hora Tem que desviar, tem que desviar A gente tá tentando fazer o ataque de Shuriken Vai Droga O Vegeta me matou Agora eu tô muito bravo Eu vou me transformar no Goku Eu não vou conseguir virar um Super Saiyan Mas eu vou desbloquear novas habilidades especiais É isso Tô me transformando, vamos lá Cadê o cabelo? Olha a minha cara, ela estica E volta E eu viro o Goku Muito louco esse Goku, tá bem realista, hein Gostei bastante E agora tá na hora de desbloquear Ah, não Isso aqui é a pior coisa que existe Olha isso Eu nunca entendi esse equipamento aqui É um pedaço de madeira Ligado no outro com uma corrente Pra mim não faz sentido não, cara Vou deixar isso aqui no meu inventário E não vou usar Não, de jeito nenhum Vamos ver o que é isso Caraca, mas que braço é esse?",0.5184972882270813,0.4237212538719177,0.0577814914286136,NEG,0.6551256775856018,0.0162505749613046,0.0556950755417346,0.0076165017671883,0.048833929002285,0.007684193085879,0.0155985616147518,0.25462922,Robin Hood Gamer,Minecraft,FÁBRICA DO GOKU NO ROBLOX Dragon Ball Super Tycoon [BwHmGFTXjSk],,GZ,GZ,GZ,"🎬 Canal: Robin Hood Gamer | 🎥 Vídeo: FÁBRICA DO GOKU NO ROBLOX Dragon Ball Super Tycoon [BwHmGFTXjSk]
⏱️ Segmento/Index: 8
🤖 Consenso de IA: GZ (Detoxify: 0.655 | Perspective: 0.255)
──────────────────────────────────────────────────
Fala transcrita:
""Libera aí, libera essa fábrica Eu quero entrar Beleza, o cara tá parado ali Pelo jeito não vai deixar eu entrar mesmo Vamos ver se o Vegeta vai deixar eu entrar Vamos, vamos Eu estou aqui, Vegeta, eu estou aqui pra lutar Abre essa fábrica Vou ficar com o Shuriken Que é a Shuriken Eu cortei o Vegeta, matei ele Depois só finalizei na Katana Ah, não dá pra acertar ele com essa porta fechada Abre aí, medroso Não dá, não dá pra lutar com ele Opa, ele saiu Saiu Shuriken Vai, vai, vai, vai Vai, Shuriken Vai Não, ele saiu bem na hora Tem que desviar, tem que desviar A gente tá tentando fazer o ataque de Shuriken Vai Droga O Vegeta me matou Agora eu tô muito bravo Eu vou me transformar no Goku Eu não vou conseguir virar um Super Saiyan Mas eu vou desbloquear novas habilidades especiais É isso Tô me transformando, vamos lá Cadê o cabelo? Olha a minha cara, ela estica E volta E eu viro o Goku Muito louco esse Goku, tá bem realista, hein Gostei bastante E agora tá na hora de desbloquear Ah, não Isso aqui é a pior coisa que existe Olha isso Eu nunca entendi esse equipamento aqui É um pedaço de madeira Ligado no outro com uma corrente Pra mim não faz sentido não, cara Vou deixar isso aqui no meu inventário E não vou usar Não, de jeito nenhum Vamos ver o que é isso Caraca, mas que braço é esse?""",Avaliador_B,Avaliador_D
13,"Vamos ficar invisível! E vamos chegar lá perto da construção do Cadres. Deixa eu espionar ela! Olha só! Tá bonito! Nossa, eu poderia muito trollar ele agora! Eu poderia muito trollar ele, mas eu não vou fazer isso! E o pior é que por eu não saber construir uma fonte, isso daqui tá deixando a minha casa feia! Mas eu não posso parar, senão o Atus vai descobrir! Ah, quer saber? Eu vou fazer uns detalhezinhos aqui a mais, só pra ver se isso daqui fica menos pior. Agora eu vou vir aqui no meio e colocar essas escadas. E aqui em cima eu vou colocar mais um pouquinho. Ai não, aqui não, aqui não! Eu preciso colocar, na verdade, aqui embaixo. E agora, só pra finalizar, eu coloco uma laje aqui em cima e coloco mais um monte de laje aqui. E essa daqui vai ser a nossa fonte. Eu não vou trollar, eu vou voltar pra casinha e esperar ele. Ficou muito feio isso, mas quer saber? Eu vou voltar pra casinha. E o Atus tá me espionando agora de cima! Atus, você tem que parar de me espionar! Não, eu só tô testando minha luneta, eu limpei a lente dela. Ah, você tá me espionando, você acha que eu não sei, não? Ah, é que olha só que construção bonita!",0.242025688290596,0.4764040410518646,0.2815702557563782,NEU,0.2166111469268798,0.0070325261913239,0.0486087650060653,0.0043756323866546,0.0398604869842529,0.0102189797908067,0.0030441787093877,0.2854971,Cadres,Minecraft,MANSÃO de R1 vs MANSÃO de R1.000.00000 no Minecraft [ShDYg0jAb-A],,GZ,GZ,GZ,"🎬 Canal: Cadres | 🎥 Vídeo: MANSÃO de R1 vs MANSÃO de R1.000.00000 no Minecraft [ShDYg0jAb-A]
⏱️ Segmento/Index: 13
🤖 Consenso de IA: GZ (Detoxify: 0.217 | Perspective: 0.285)
──────────────────────────────────────────────────
Fala transcrita:
""Vamos ficar invisível! E vamos chegar lá perto da construção do Cadres. Deixa eu espionar ela! Olha só! Tá bonito! Nossa, eu poderia muito trollar ele agora! Eu poderia muito trollar ele, mas eu não vou fazer isso! E o pior é que por eu não saber construir uma fonte, isso daqui tá deixando a minha casa feia! Mas eu não posso parar, senão o Atus vai descobrir! Ah, quer saber? Eu vou fazer uns detalhezinhos aqui a mais, só pra ver se isso daqui fica menos pior. Agora eu vou vir aqui no meio e colocar essas escadas. E aqui em cima eu vou colocar mais um pouquinho. Ai não, aqui não, aqui não! Eu preciso colocar, na verdade, aqui embaixo. E agora, só pra finalizar, eu coloco uma laje aqui em cima e coloco mais um monte de laje aqui. E essa daqui vai ser a nossa fonte. Eu não vou trollar, eu vou voltar pra casinha e esperar ele. Ficou muito feio isso, mas quer saber? Eu vou voltar pra casinha. E o Atus tá me espionando agora de cima! Atus, você tem que parar de me espionar! Não, eu só tô testando minha luneta, eu limpei a lente dela. Ah, você tá me espionando, você acha que eu não sei, não? Ah, é que olha só que construção bonita!""",Avaliador_B,Avaliador_D
8,"Eu vou te levar no pet shop que eu vou deixar lá você para do chão! Quê? O que você vai fazer comigo? Vai me deixar pra onde eu sou? É! Eu hein! Socorro! Eu tô presa do arfanato, é culpa do sorveteiro! Socorro! Ele me deixou aqui! Ele é maluco, alguém me salva! Eu vou te adotar! Quê? Eu não quero você como pai! Adotei! Eu vou adotar! Eu vou fugir! Vai você não consegue fugir! Eu vou fugir sim! Você não vai acreditar no que eu vou fazer! Você vai me no pet! Não, olha o que eu vou fazer! Eu vou pegar você no coque! Olha onde eu tô! Eu tô do outro lado! Ai eu tô presa no fim! Eu consigo pegar você ainda! Ai ele é louco, gente!",0.1967970728874206,0.7125416398048401,0.0906612798571586,NEU,0.9716501832008362,0.0092480517923831,0.0711425840854644,0.0035216426476836,0.1632128804922104,0.0582328587770462,0.0176806505769491,0.42985553,Papile,Roblox,SORVETEIRO ROD DO ICE SCREAM FOI ENCONTRADO NO ADOPT ME Roblox [U5Mih084fu0],,T,T,T,"🎬 Canal: Papile | 🎥 Vídeo: SORVETEIRO ROD DO ICE SCREAM FOI ENCONTRADO NO ADOPT ME Roblox [U5Mih084fu0]
⏱️ Segmento/Index: 8
🤖 Consenso de IA: T (Detoxify: 0.972 | Perspective: 0.43)
──────────────────────────────────────────────────
Fala transcrita:
""Eu vou te levar no pet shop que eu vou deixar lá você para do chão! Quê? O que você vai fazer comigo? Vai me deixar pra onde eu sou? É! Eu hein! Socorro! Eu tô presa do arfanato, é culpa do sorveteiro! Socorro! Ele me deixou aqui! Ele é maluco, alguém me salva! Eu vou te adotar! Quê? Eu não quero você como pai! Adotei! Eu vou adotar! Eu vou fugir! Vai você não consegue fugir! Eu vou fugir sim! Você não vai acreditar no que eu vou fazer! Você vai me no pet! Não, olha o que eu vou fazer! Eu vou pegar você no coque! Olha onde eu tô! Eu tô do outro lado! Ai eu tô presa no fim! Eu consigo pegar você ainda! Ai ele é louco, gente!""",Avaliador_B,Avaliador_D
3,"Sai pra lá Eu vou te acertar, vou te acertar, ah tá, calma JP, se concentra, eu sei, eu sei que eu tô nervoso Mas é que você tá me irritando, você me empurrou de cima da montanha Que mal, foi sequeré JP, ai Ai, é bom mesmo, é bom mesmo que tenha sido sem querer, vem por aqui, por aqui, porque eu não lembro, cadê o baú? O baú tava pra cá né? O baú tava pra cá, a gente... Para com isso, nós não podemos fazer muito barulho Porque senão vai chamar a atenção dessas criaturas, dos zumbis Olha essa planta aqui, eu me assustei Ah, você se assustou com uma planta, é realmente uma planta bem feia Mas se concentra, se concentra na missão que é chegar até o baú Que tá logo ali ó, se tem um zumbizinho, será que ele vai me ver?",0.4109259247779846,0.4360372126102447,0.1530368030071258,NEU,0.5875768661499023,0.0103604877367615,0.0633582174777984,0.0053859339095652,0.0422957651317119,0.0146294385194778,0.0085652926936745,0.32236105,JP Plays,Minecraft,MINECRAFT mas COM ARMAS [h1qn5jPVobU],,GZ,GZ,GZ,"🎬 Canal: JP Plays | 🎥 Vídeo: MINECRAFT mas COM ARMAS [h1qn5jPVobU]
⏱️ Segmento/Index: 3
🤖 Consenso de IA: GZ (Detoxify: 0.588 | Perspective: 0.322)
──────────────────────────────────────────────────
Fala transcrita:
""Sai pra lá Eu vou te acertar, vou te acertar, ah tá, calma JP, se concentra, eu sei, eu sei que eu tô nervoso Mas é que você tá me irritando, você me empurrou de cima da montanha Que mal, foi sequeré JP, ai Ai, é bom mesmo, é bom mesmo que tenha sido sem querer, vem por aqui, por aqui, porque eu não lembro, cadê o baú? O baú tava pra cá né? O baú tava pra cá, a gente... Para com isso, nós não podemos fazer muito barulho Porque senão vai chamar a atenção dessas criaturas, dos zumbis Olha essa planta aqui, eu me assustei Ah, você se assustou com uma planta, é realmente uma planta bem feia Mas se concentra, se concentra na missão que é chegar até o baú Que tá logo ali ó, se tem um zumbizinho, será que ele vai me ver?""",Avaliador_B,Avaliador_D
5,"Meu Deus, vai, vai. Vai verdinho, vai verdinho, eu confio. Vai, vai. Tu tem que se escorar atrás do negocinho pra eles não te derrubar, né. Por favor, já morreu um ali e já se fundiu com o outro ali. Morreu o outro e já se fundiu também. Só 3 sobrando. Ah, o verde já morreu, eu acho. Olha, esse aqui é inteligente, ó. Ó, ó, ó, ó, vai, vai, vai, vai. Corre, bichinho. Meu Deus. Boa, boa, passou os dois, vai. Agora vocês tem que decidir pra qual lado vocês vão. Vai um pra cá e outro pra lá pra decidir qual é o melhor. Aí depois o pretinho foi lá pelo lado, o verdinho também. O verdinho morreu, velho. Ah, o pretinho vai se matar agora, quer ver? Não, não, foi, foi. Não. Ah, velho, é muito difícil. Caramba, mano. Verdinho, vai verdinho, vai verdinho, vai verdinho, vai verdinho, vai verdinho. Vamos ver, vamos ver, eu confio em você, vai verdinho, vamos ver, eu confio em você, vamos ver, vamos ver, eu confio em você, se você morrer. Vai, por favor, eu confio em você. Não, corre, bichinho, corre.",0.2411283552646637,0.5157623291015625,0.2431093603372573,NEU,0.7225968241691589,0.0059679527767002,0.0494928807020187,0.0036128172650933,0.0961362272500991,0.1009694188833236,0.0144748939201235,0.2854937,Geleia,Minecraft,FALL GUYS no MINECRAFT INCRÍVEL [Gd81sB6c788],,GZ,GZ,GZ,"🎬 Canal: Geleia | 🎥 Vídeo: FALL GUYS no MINECRAFT INCRÍVEL [Gd81sB6c788]
⏱️ Segmento/Index: 5
🤖 Consenso de IA: GZ (Detoxify: 0.723 | Perspective: 0.285)
──────────────────────────────────────────────────
Fala transcrita:
""Meu Deus, vai, vai. Vai verdinho, vai verdinho, eu confio. Vai, vai. Tu tem que se escorar atrás do negocinho pra eles não te derrubar, né. Por favor, já morreu um ali e já se fundiu com o outro ali. Morreu o outro e já se fundiu também. Só 3 sobrando. Ah, o verde já morreu, eu acho. Olha, esse aqui é inteligente, ó. Ó, ó, ó, ó, vai, vai, vai, vai. Corre, bichinho. Meu Deus. Boa, boa, passou os dois, vai. Agora vocês tem que decidir pra qual lado vocês vão. Vai um pra cá e outro pra lá pra decidir qual é o melhor. Aí depois o pretinho foi lá pelo lado, o verdinho também. O verdinho morreu, velho. Ah, o pretinho vai se matar agora, quer ver? Não, não, foi, foi. Não. Ah, velho, é muito difícil. Caramba, mano. Verdinho, vai verdinho, vai verdinho, vai verdinho, vai verdinho, vai verdinho. Vamos ver, vamos ver, eu confio em você, vai verdinho, vamos ver, eu confio em você, vamos ver, vamos ver, eu confio em você, se você morrer. Vai, por favor, eu confio em você. Não, corre, bichinho, corre.""",Avaliador_B,Avaliador_D
1,"Ai mano, falei pra tu que não ia dar certo essa cauda, caiu um cara de cara Não, foi mal, foi mal, acontece, a culpa foi minha, realmente foi um equivo que eu errei, tô muito equivocado aqui Tô triste, mas menos 50 Mano, nós vamos cair ali no aberto, confia que vai dar bom Tem certeza, ali tá com cara que vai cair muita gente Meu amigo, eu já passei alguma cauda errada pra tu, confia na cauda do ânimo Beleza, vamos pular lá então Vai!",0.4804385006427765,0.4626966118812561,0.0568648912012577,NEG,0.0458244644105434,0.0009946830105036,0.0139462379738688,0.0005559895071201,0.0109845390543341,0.005354537628591,0.0027373246848583,0.16158698,meu nome é david,Roblox,FREE FIRE NA VIDA REAL - EXPECTATIVA VS REALIDADE 3 [mP0M-3P1Ae4],,NT,NT,NT,"🎬 Canal: meu nome é david | 🎥 Vídeo: FREE FIRE NA VIDA REAL - EXPECTATIVA VS REALIDADE 3 [mP0M-3P1Ae4]
⏱️ Segmento/Index: 1
🤖 Consenso de IA: NT (Detoxify: 0.046 | Perspective: 0.162)
──────────────────────────────────────────────────
Fala transcrita:
""Ai mano, falei pra tu que não ia dar certo essa cauda, caiu um cara de cara Não, foi mal, foi mal, acontece, a culpa foi minha, realmente foi um equivo que eu errei, tô muito equivocado aqui Tô triste, mas menos 50 Mano, nós vamos cair ali no aberto, confia que vai dar bom Tem certeza, ali tá com cara que vai cair muita gente Meu amigo, eu já passei alguma cauda errada pra tu, confia na cauda do ânimo Beleza, vamos pular lá então Vai!""",Avaliador_B,Avaliador_D
0,de mata minha para Jela Fina Mortal Jela Fina Mortal Jela Fina Mortal,0.0478754229843616,0.6958615779876709,0.2562629580497741,NEU,0.345215767621994,0.005989734083414,0.0372418984770774,0.0057726660743355,0.0256162174046039,0.0257484037429094,0.0077968053519725,0.22445217,Amy Scarlet,Roblox,Minha mãe ama a filha que tem hahahah [r6mdhU7pMiU],,GZ,GZ,GZ,"🎬 Canal: Amy Scarlet | 🎥 Vídeo: Minha mãe ama a filha que tem hahahah [r6mdhU7pMiU]
⏱️ Segmento/Index: 0
🤖 Consenso de IA: GZ (Detoxify: 0.345 | Perspective: 0.224)
──────────────────────────────────────────────────
Fala transcrita:
""de mata minha para Jela Fina Mortal Jela Fina Mortal Jela Fina Mortal""",Avaliador_B,Avaliador_D
2,"Ele vai ficar aqui e ele vai tá cheio de diamantes! Agora eu vou descer e vou falar com o Chand! Eu vou contar pra ele que eu terminei a minha casa em menos de 10 minutos! E agora eu não vou ser expulso do servidor! Eu vou mostrar a minha casa! Ah! Isso é assalto, isso é assalto! Ladrão, eu sabia que o server tá muito perigoso! Não, é... Vai, passa os diamantes! Eu vou te atacar! Ah! Passa os diamantes agora! Tá, não atira, não atira, não atira! Eu não tenho nenhum diamante! Tem sim, vai buscar agora! Tá bom, eu vou subir lá! Galera, eu tô sendo obrigado a entregar meus diamantes! Que raiva! Esse server tá muito perigoso! Depois eu vou chamar a polícia! Se você chamar a polícia, eu vou atirar! Não, não atira, senhor, não atira! Aqui estão os diamantes! Eu tenho só três diamantes! Isso aí! Não, vim mais um aí! Tá, é verdade, eu tenho quatro! Você não viu nada! Consegui, galera! Eu enganei! Eu enganei o ladrão! Eu dei só quatro diamantes pra ele! E eu tenho 48 diamantes! Oh, me dei bem! E eu acho que o ladrão já foi embora! Agora, finalmente, eu posso sair da casa!",0.2327940464019775,0.7066650986671448,0.0605408698320388,NEU,0.861922025680542,0.0096184145659208,0.0530222579836845,0.0038959269877523,0.0473226457834243,0.057092972099781,0.0175482686609029,0.568186,Athos,Minecraft,Polícia e Ladrão no Minecraft [40GzUlhfRaI],,T,T,T,"🎬 Canal: Athos | 🎥 Vídeo: Polícia e Ladrão no Minecraft [40GzUlhfRaI]
⏱️ Segmento/Index: 2
🤖 Consenso de IA: T (Detoxify: 0.862 | Perspective: 0.568)
──────────────────────────────────────────────────
Fala transcrita:
""Ele vai ficar aqui e ele vai tá cheio de diamantes! Agora eu vou descer e vou falar com o Chand! Eu vou contar pra ele que eu terminei a minha casa em menos de 10 minutos! E agora eu não vou ser expulso do servidor! Eu vou mostrar a minha casa! Ah! Isso é assalto, isso é assalto! Ladrão, eu sabia que o server tá muito perigoso! Não, é... Vai, passa os diamantes! Eu vou te atacar! Ah! Passa os diamantes agora! Tá, não atira, não atira, não atira! Eu não tenho nenhum diamante! Tem sim, vai buscar agora! Tá bom, eu vou subir lá! Galera, eu tô sendo obrigado a entregar meus diamantes! Que raiva! Esse server tá muito perigoso! Depois eu vou chamar a polícia! Se você chamar a polícia, eu vou atirar! Não, não atira, senhor, não atira! Aqui estão os diamantes! Eu tenho só três diamantes! Isso aí! Não, vim mais um aí! Tá, é verdade, eu tenho quatro! Você não viu nada! Consegui, galera! Eu enganei! Eu enganei o ladrão! Eu dei só quatro diamantes pra ele! E eu tenho 48 diamantes! Oh, me dei bem! E eu acho que o ladrão já foi embora! Agora, finalmente, eu posso sair da casa!""",Avaliador_B,Avaliador_D
1,"Meu querido, o que é isso? Eu tô vendo, tá sujo o telhado aqui, mas tá tudo tranquilo. Ô, Rogerinho, não me mata do coração, não, meu filho. Se tu cai daí, já era, hein? Meu Deus do céu, eu cresci! Finalmente! Eduarda, você cresceu, garoto! Tenta entrar aqui na casa, vê se tu consegue. Ó, abri a porta para tu... Tá batendo com a cabeça, garota. Acabou que a tua cabeça vai ficar quadrada, né? Ah, é só quebrar esse bloco aqui, a gente consegue entrar, né, Marcelo? Com a mão, Eduarda? É verdade, é meio difícil. É, vamos fazer a picareta. Sabe, tem alguma coisa aí que eu tô com fome? Eu tenho aquele frango gigante que a gente pegou, né, Eduarda? Isso aqui vai matar a fome do planeta Terra. Olha o tamanho dele. É impossível tu comer isso aí sozinha, Eduarda. Se tu comer esse negócio sozinha... Tava gostoso. Eduarda, cadê o frango que eu te dei agora? Tá aqui na minha barriguinha. Meu Deus do céu, a barriga dela nem cresceu! Eu tô falando, gente, Eduarda é doida! Essa barriga dela aí, ó! Aguenta qualquer coisa aí. Agora que a gente já tem alguns itens, Eduarda, vamos tentar entrar nessa casa aqui, né, porque não tava dando muito, né? Tenta entrar aí agora. Boa, Eduarda! O que tem nesse baú?",0.215395838022232,0.5168323516845703,0.2677717506885528,NEU,0.2508953213691711,0.0016488361870869,0.0531464517116546,0.0008513781940564,0.031946238130331,0.0064780018292367,0.0071227303706109,0.25462922,Marcelodrv,Minecraft,a CADA MINUTO ficamos MAIORES no Minecraft [DEENP2OSk9U],,GZ,GZ,GZ,"🎬 Canal: Marcelodrv | 🎥 Vídeo: a CADA MINUTO ficamos MAIORES no Minecraft [DEENP2OSk9U]
⏱️ Segmento/Index: 1
🤖 Consenso de IA: GZ (Detoxify: 0.251 | Perspective: 0.255)
──────────────────────────────────────────────────
Fala transcrita:
""Meu querido, o que é isso? Eu tô vendo, tá sujo o telhado aqui, mas tá tudo tranquilo. Ô, Rogerinho, não me mata do coração, não, meu filho. Se tu cai daí, já era, hein? Meu Deus do céu, eu cresci! Finalmente! Eduarda, você cresceu, garoto! Tenta entrar aqui na casa, vê se tu consegue. Ó, abri a porta para tu... Tá batendo com a cabeça, garota. Acabou que a tua cabeça vai ficar quadrada, né? Ah, é só quebrar esse bloco aqui, a gente consegue entrar, né, Marcelo? Com a mão, Eduarda? É verdade, é meio difícil. É, vamos fazer a picareta. Sabe, tem alguma coisa aí que eu tô com fome? Eu tenho aquele frango gigante que a gente pegou, né, Eduarda? Isso aqui vai matar a fome do planeta Terra. Olha o tamanho dele. É impossível tu comer isso aí sozinha, Eduarda. Se tu comer esse negócio sozinha... Tava gostoso. Eduarda, cadê o frango que eu te dei agora? Tá aqui na minha barriguinha. Meu Deus do céu, a barriga dela nem cresceu! Eu tô falando, gente, Eduarda é doida! Essa barriga dela aí, ó! Aguenta qualquer coisa aí. Agora que a gente já tem alguns itens, Eduarda, vamos tentar entrar nessa casa aqui, né, porque não tava dando muito, né? Tenta entrar aí agora. Boa, Eduarda! O que tem nesse baú?""",Avaliador_B,Avaliador_D
8,"E eu sou a Ana agora e eu estou pronta para fugir da Pig Na verdade eu não sei se eu estou pronta, né, porque eu fiquei um pouco assustada Vocês viram o sufoco que foi, tudo bem, vamos voltar aqui no jogo e lá vamos nós Ok gente, eu voltei aqui, além da gente ter escolhido aqui ser a Ana Talvez a gente possa ser escolhido para ser a skin da Pig, né Então eu acho que vou deixar o de anjo aqui equipado, porque vai que eu tenho a sorte Não, eu não tenho a sorte Ai a Pig já está ali, não vai dar, dessa vez já era Para de correr atrás de mim que eu acabei de chegar, sua porquinha A partida já existia galera, não foi dessa vez, eu sou a Ana agora e eu vou cantar Você quer brincada leve, a Pig vai me pegar, eu já cantei, ai estou com muito medo",0.1706533432006836,0.6905269026756287,0.1388197392225265,NEU,0.5629422068595886,0.0093284100294113,0.055319920182228,0.0089440140873193,0.0541245453059673,0.0036530261859297,0.006693925242871,0.23739935,Papile,Roblox,ANNA E ELSA DO FROZEN 2 TENTAM ESCAPAR DA PIGGY Roblox - Peppa [EoHiuv695G4],,GZ,GZ,GZ,"🎬 Canal: Papile | 🎥 Vídeo: ANNA E ELSA DO FROZEN 2 TENTAM ESCAPAR DA PIGGY Roblox - Peppa [EoHiuv695G4]
⏱️ Segmento/Index: 8
🤖 Consenso de IA: GZ (Detoxify: 0.563 | Perspective: 0.237)
──────────────────────────────────────────────────
Fala transcrita:
""E eu sou a Ana agora e eu estou pronta para fugir da Pig Na verdade eu não sei se eu estou pronta, né, porque eu fiquei um pouco assustada Vocês viram o sufoco que foi, tudo bem, vamos voltar aqui no jogo e lá vamos nós Ok gente, eu voltei aqui, além da gente ter escolhido aqui ser a Ana Talvez a gente possa ser escolhido para ser a skin da Pig, né Então eu acho que vou deixar o de anjo aqui equipado, porque vai que eu tenho a sorte Não, eu não tenho a sorte Ai a Pig já está ali, não vai dar, dessa vez já era Para de correr atrás de mim que eu acabei de chegar, sua porquinha A partida já existia galera, não foi dessa vez, eu sou a Ana agora e eu vou cantar Você quer brincada leve, a Pig vai me pegar, eu já cantei, ai estou com muito medo""",Avaliador_B,Avaliador_D
13,olha que legal caraca mano sai zumbi sai que bizarra isso aqui gente galera achei aqui mano outra vila vei tem as chances de ter sei lá algum cogumelo no baú alguma coisa eu acho muito difícil mas pô super que eu tinha passado por um pantono né mano nossa nossa que vacilo geleia mais mano só que assim eu preciso de farinha de osso ainda pra crescer o cogumelo não não vai ter não vai ter sim é só que eu preciso de farinha de osso preciso de farinha de osso quebrar o cogumelo é vei eu tenho 5 farinhas de osso aqui no inventário mano ah sério mas esse ta muito longe né gui então mas se tu quiser trocar aí por um diamante e tal um diamante é não é carcaria na guarda né negócio tem que aumentar o preço mano o que que é isso vei oferta demanda né ó eu preciso de deixa eu ver mano é ferrou gente pessoal eu vou conseguir aqui mano é só fazer um baúzinho aqui agora vou ver aqui ó,0.6927554607391357,0.1744870990514755,0.1327574253082275,NEG,0.5259332060813904,0.0077239661477506,0.063904121518135,0.006328385323286,0.046670127660036,0.0067443824373185,0.0165634807199239,0.37694603,Geleia,Minecraft,VOCÊ CONSEGUE ENCONTRAR ESTE BLOCO ALEATÓRIO EM 5 MINUTOS NO MINECRAFT Acha o bloco [ezvPH30pNwg],,GZ,GZ,GZ,"🎬 Canal: Geleia | 🎥 Vídeo: VOCÊ CONSEGUE ENCONTRAR ESTE BLOCO ALEATÓRIO EM 5 MINUTOS NO MINECRAFT Acha o bloco [ezvPH30pNwg]
⏱️ Segmento/Index: 13
🤖 Consenso de IA: GZ (Detoxify: 0.526 | Perspective: 0.377)
──────────────────────────────────────────────────
Fala transcrita:
""olha que legal caraca mano sai zumbi sai que bizarra isso aqui gente galera achei aqui mano outra vila vei tem as chances de ter sei lá algum cogumelo no baú alguma coisa eu acho muito difícil mas pô super que eu tinha passado por um pantono né mano nossa nossa que vacilo geleia mais mano só que assim eu preciso de farinha de osso ainda pra crescer o cogumelo não não vai ter não vai ter sim é só que eu preciso de farinha de osso preciso de farinha de osso quebrar o cogumelo é vei eu tenho 5 farinhas de osso aqui no inventário mano ah sério mas esse ta muito longe né gui então mas se tu quiser trocar aí por um diamante e tal um diamante é não é carcaria na guarda né negócio tem que aumentar o preço mano o que que é isso vei oferta demanda né ó eu preciso de deixa eu ver mano é ferrou gente pessoal eu vou conseguir aqui mano é só fazer um baúzinho aqui agora vou ver aqui ó""",Avaliador_B,Avaliador_D
12,"Caraca, achar um cavalo, velho. Cavalo, tá, cavalo é complicado. Já perdi, é isso. Normal. Meio, eu tô com fome. Eu vou me matar, gente. O que que eu vou fazer? Eu vou andar no chão. Eu vou me matar, gente. Eu vou me matar, gente. O que que eu vou fazer? Eu vou nascer com vida de novo. Eu vou poder encontrar... Achei cavalo. Achei cavalo, galera. Acho que é o ponto da vitória, Eduardo. É o ponto da vitória, Eduardo. Uhuuu. Vem, Eduardo. E aí, Eduardo. O que que achou? Não gostei, eu perdi. Que isso, garoto? Tu quer me bater por causa disso? Quero. Vem cá que eu quero te matar. Até parece, gente. Sem olhar eu corro o cavalo. Eu não quero. Eu quero te matar. Sem olhar eu corro pra ela, gente. Então é assim que a gente vai acabar o nosso vídeo. Então é isso, galera. O vídeo vai ficando por aqui. Felizmente eu ganhei, né? Que eu já sabia que ia acontecer isso. Eduardo chegou perto. Chegou a 7. Jogou bem. Ah, vai cagar. Não, você chegou perto. Que isso? Eu tô te elogiando, garoto.",0.2371358126401901,0.7073084712028503,0.0555556751787662,NEU,0.965269148349762,0.0132764102891087,0.0687488913536071,0.0043057082220911,0.0553001016378402,0.1529635936021804,0.0451631881296634,0.4274071,Marcelodrv,Minecraft,A CADA 1 MINUTO UM DESAFIO DIFERENTE ACONTECE NO MINECRAFT [nb6lSIih_6I],,T,T,T,"🎬 Canal: Marcelodrv | 🎥 Vídeo: A CADA 1 MINUTO UM DESAFIO DIFERENTE ACONTECE NO MINECRAFT [nb6lSIih_6I]
⏱️ Segmento/Index: 12
🤖 Consenso de IA: T (Detoxify: 0.965 | Perspective: 0.427)
──────────────────────────────────────────────────
Fala transcrita:
""Caraca, achar um cavalo, velho. Cavalo, tá, cavalo é complicado. Já perdi, é isso. Normal. Meio, eu tô com fome. Eu vou me matar, gente. O que que eu vou fazer? Eu vou andar no chão. Eu vou me matar, gente. Eu vou me matar, gente. O que que eu vou fazer? Eu vou nascer com vida de novo. Eu vou poder encontrar... Achei cavalo. Achei cavalo, galera. Acho que é o ponto da vitória, Eduardo. É o ponto da vitória, Eduardo. Uhuuu. Vem, Eduardo. E aí, Eduardo. O que que achou? Não gostei, eu perdi. Que isso, garoto? Tu quer me bater por causa disso? Quero. Vem cá que eu quero te matar. Até parece, gente. Sem olhar eu corro o cavalo. Eu não quero. Eu quero te matar. Sem olhar eu corro pra ela, gente. Então é assim que a gente vai acabar o nosso vídeo. Então é isso, galera. O vídeo vai ficando por aqui. Felizmente eu ganhei, né? Que eu já sabia que ia acontecer isso. Eduardo chegou perto. Chegou a 7. Jogou bem. Ah, vai cagar. Não, você chegou perto. Que isso? Eu tô te elogiando, garoto.""",Avaliador_B,Avaliador_D
7,"Pô, dá essa daí mesmo, pô, mete essa daí que vai ficar todo perplexo, tá ligado? Ei, mas, ei, aquela pergunta não tá valendo não, viu, vou fazer outra aqui. Quanto é... agora, agora, agora, agora vai. Quanto é 2 mais 2? Oxe, 2 mais 2? 2 mais 2 é muito fácil, pô. 2 mais 2 é 4. Oxe, errou, olha. Oxe, mas, mas, mas tava certo, pô, porque que tu matou o cara, pô, tava, tava certo. Ih, tava, tava, mas... É, então, essa aula aí eu faltei, olha, a de matemática, logo a 2 mais 2. Tem nada não, vou sim embora. Um arvio, você tudo de dano. Boa noite, gatinha, você mora onde? Qual a cidade que você mora, gato? Você é linda e maravilhosa, bichalinha. Eu quero limpo você, se eu quero é casada, bichalinha.",0.3910940885543823,0.5647913217544556,0.04411456361413,NEU,0.7192528247833252,0.0063462331891059,0.0770098268985748,0.0042723910883069,0.0657054632902145,0.0072470661252737,0.032650988548994,0.2854971,meu nome é david,Roblox,FREE FIRE BATTLEGROUNDS NA VIDA REAL 14 [q3jlbXreTt4],,GZ,GZ,GZ,"🎬 Canal: meu nome é david | 🎥 Vídeo: FREE FIRE BATTLEGROUNDS NA VIDA REAL 14 [q3jlbXreTt4]
⏱️ Segmento/Index: 7
🤖 Consenso de IA: GZ (Detoxify: 0.719 | Perspective: 0.285)
──────────────────────────────────────────────────
Fala transcrita:
""Pô, dá essa daí mesmo, pô, mete essa daí que vai ficar todo perplexo, tá ligado? Ei, mas, ei, aquela pergunta não tá valendo não, viu, vou fazer outra aqui. Quanto é... agora, agora, agora, agora vai. Quanto é 2 mais 2? Oxe, 2 mais 2? 2 mais 2 é muito fácil, pô. 2 mais 2 é 4. Oxe, errou, olha. Oxe, mas, mas, mas tava certo, pô, porque que tu matou o cara, pô, tava, tava certo. Ih, tava, tava, mas... É, então, essa aula aí eu faltei, olha, a de matemática, logo a 2 mais 2. Tem nada não, vou sim embora. Um arvio, você tudo de dano. Boa noite, gatinha, você mora onde? Qual a cidade que você mora, gato? Você é linda e maravilhosa, bichalinha. Eu quero limpo você, se eu quero é casada, bichalinha.""",Avaliador_B,Avaliador_D
1,"É verdade, Lu Mas, nossa, eu tenho muita saudade de entrar aqui e jogar Eu lembro que eu ficava pescando os peixinhos pra ganhar dinheiro Eu era péssima na péssima, vamos ver se isso continua Vamos ver, mami, vou pescar Se isso continua Olha só, mudou? Como é que faz agora, gente? Será que mudou alguma coisa? Ai, assim, mami Nossa, eu continuo péssima, gente, em pescar peixe Nossa, eu joguei lá longe o negócio Eu nunca fui muito boa em pescar os peixinhos, né? Agora parece que eu sou pior, mami É, não tô sabendo também não, Lu Vamos ver, gente É, mami, então ela tá bem incomplica... Nossa, joguei lá na porta Olha lá, mami Tem gente passando... Ai, eu consegui pegar um, mami Gente, eu não peguei nem bolha Nem a bolha do peixe, Lulu Nossa, gente, é muito difícil pegar esse peixe Eu lembro que eu conseguia pegar uns 20 peixes, né, mami? Peguei outro Nossa, até saí da pescaria Vamos conhecer minha casa então, mami? Bora, Lu, Lucas Vem cá, então Você já tem casa?",0.9249005913734436,0.0613756515085697,0.0137238148599863,NEG,0.2134584933519363,0.0065075983293354,0.0539968200027942,0.0049828253686428,0.0321233086287975,0.0018457639962434,0.0083006136119365,0.34757367,Luluca Games,Roblox,Roblox - VOLTAMOS PARA o PASSADO com JOGOS ANTIGOS do ROBLOX  Luluca Games [CCE8omkhdUo],0.9249008893966676,GZ,GZ,GZ,"🎬 Canal: Luluca Games | 🎥 Vídeo: Roblox - VOLTAMOS PARA o PASSADO com JOGOS ANTIGOS do ROBLOX  Luluca Games [CCE8omkhdUo]
⏱️ Segmento/Index: 1
🤖 Consenso de IA: GZ (Detoxify: 0.213 | Perspective: 0.348)
──────────────────────────────────────────────────
Fala transcrita:
""É verdade, Lu Mas, nossa, eu tenho muita saudade de entrar aqui e jogar Eu lembro que eu ficava pescando os peixinhos pra ganhar dinheiro Eu era péssima na péssima, vamos ver se isso continua Vamos ver, mami, vou pescar Se isso continua Olha só, mudou? Como é que faz agora, gente? Será que mudou alguma coisa? Ai, assim, mami Nossa, eu continuo péssima, gente, em pescar peixe Nossa, eu joguei lá longe o negócio Eu nunca fui muito boa em pescar os peixinhos, né? Agora parece que eu sou pior, mami É, não tô sabendo também não, Lu Vamos ver, gente É, mami, então ela tá bem incomplica... Nossa, joguei lá na porta Olha lá, mami Tem gente passando... Ai, eu consegui pegar um, mami Gente, eu não peguei nem bolha Nem a bolha do peixe, Lulu Nossa, gente, é muito difícil pegar esse peixe Eu lembro que eu conseguia pegar uns 20 peixes, né, mami? Peguei outro Nossa, até saí da pescaria Vamos conhecer minha casa então, mami? Bora, Lu, Lucas Vem cá, então Você já tem casa?""",Avaliador_B,Avaliador_D
5,"Eita, eu confio, eu tô atentinho Caraca, a gente Eita, eu tô cuidando com o holofote aí na sua frente Agora, moleque, tu ruxa, ruxa nele Final de LBFS aqui Hydra contra aleatório Valendo Hydra, tem um gel infinito aí na tua frente, cuidado Eu tô sem gel Calma, eu confio tanto em ti, eu confio, tu consegue Hydra, bem lá, Hydra, bem lá Hydra, Hydra, tem três caras Hydra Hydra Caraca, jogou muito Caraca, jogou muito Confio, confio, confio Aí, Hydra Razou, mas era dois contra um Tá trouxa do caramba Quatro kills 336 de abate Caraca, não sei quem foi o melhor, eu, Guilherme E aí, Guilherme Perdeu, hein, menor? Caraca, como é que você matou quatro pessoas com o traje?",0.0646280422806739,0.7021709680557251,0.2332009375095367,NEU,0.2412796467542648,0.0034488758537918,0.0288616567850112,0.0012026706244796,0.030716361477971,0.0170216858386993,0.0038852072320878,0.26859093,Amy Scarlet,Roblox,APOSTEI 500 reais no FREE FIRE [bNxW53xXric],,GZ,GZ,GZ,"🎬 Canal: Amy Scarlet | 🎥 Vídeo: APOSTEI 500 reais no FREE FIRE [bNxW53xXric]
⏱️ Segmento/Index: 5
🤖 Consenso de IA: GZ (Detoxify: 0.241 | Perspective: 0.269)
──────────────────────────────────────────────────
Fala transcrita:
""Eita, eu confio, eu tô atentinho Caraca, a gente Eita, eu tô cuidando com o holofote aí na sua frente Agora, moleque, tu ruxa, ruxa nele Final de LBFS aqui Hydra contra aleatório Valendo Hydra, tem um gel infinito aí na tua frente, cuidado Eu tô sem gel Calma, eu confio tanto em ti, eu confio, tu consegue Hydra, bem lá, Hydra, bem lá Hydra, Hydra, tem três caras Hydra Hydra Caraca, jogou muito Caraca, jogou muito Confio, confio, confio Aí, Hydra Razou, mas era dois contra um Tá trouxa do caramba Quatro kills 336 de abate Caraca, não sei quem foi o melhor, eu, Guilherme E aí, Guilherme Perdeu, hein, menor? Caraca, como é que você matou quatro pessoas com o traje?""",Avaliador_B,Avaliador_D
12,"Uau, você realmente é um perdedor. Cara, quem não tem um plush é você. Que tal se a gente consertar o cérebro desse menino? Meu Deus, ele bateu em mim. O cara bateu em mim, mano. Acabei de pegar o final que é sofrer Bully. Lição aprendida, não traga os seus brinquedos de criança para a escola. Ok, vamos de volta. Ô, meu querido Nerd, depois eu falo com você, beleza? Eu quero ver se eu consigo chegar na aula e tentar responder a chamada rapidinho. Opa, vocês viram o que eu fiz? Eu abri ali uma porta com o meu chapéu, ó. Leis da cidade, não incomodar as pessoas demais. Não pode roubar, também não pode criar explosões lá no fliperama depois de fazer os passos acima. Ou seja, é uma receitinha, né? Eu deixei de falar com o Nerd para depois, mas com a tia da cantina, com o tio da cantina, é lógico que eu vou falar, vai ser agora, né? Olá, oi. Tem lanche, o lanche está pronto ou não? Você gostaria de um pedido ou de alguma comida? É completamente de graça. Hamburguer, salada ou um taco. É, hoje eu estou querendo o taco, pode ser o taco.",0.9059826731681824,0.0787001848220825,0.0153170693665742,NEG,0.8834762573242188,0.0008878074586391,0.0272384975105524,0.0008349804556928,0.6652307510375977,0.0031669815070927,0.0023827892728149,0.64447093,Tex HS,Roblox,TÔ ATRASADO PRA ESCOLA Roblox Late to School  Parte 1 [X85ZjtH6PbE],,T,T,T,"🎬 Canal: Tex HS | 🎥 Vídeo: TÔ ATRASADO PRA ESCOLA Roblox Late to School  Parte 1 [X85ZjtH6PbE]
⏱️ Segmento/Index: 12
🤖 Consenso de IA: T (Detoxify: 0.883 | Perspective: 0.644)
──────────────────────────────────────────────────
Fala transcrita:
""Uau, você realmente é um perdedor. Cara, quem não tem um plush é você. Que tal se a gente consertar o cérebro desse menino? Meu Deus, ele bateu em mim. O cara bateu em mim, mano. Acabei de pegar o final que é sofrer Bully. Lição aprendida, não traga os seus brinquedos de criança para a escola. Ok, vamos de volta. Ô, meu querido Nerd, depois eu falo com você, beleza? Eu quero ver se eu consigo chegar na aula e tentar responder a chamada rapidinho. Opa, vocês viram o que eu fiz? Eu abri ali uma porta com o meu chapéu, ó. Leis da cidade, não incomodar as pessoas demais. Não pode roubar, também não pode criar explosões lá no fliperama depois de fazer os passos acima. Ou seja, é uma receitinha, né? Eu deixei de falar com o Nerd para depois, mas com a tia da cantina, com o tio da cantina, é lógico que eu vou falar, vai ser agora, né? Olá, oi. Tem lanche, o lanche está pronto ou não? Você gostaria de um pedido ou de alguma comida? É completamente de graça. Hamburguer, salada ou um taco. É, hoje eu estou querendo o taco, pode ser o taco.""",Avaliador_B,Avaliador_D
11,"Também? Olha só. Pegaram a flor, peguei. Você pegou? Olha só, pessoal, conseguimos o último item que precisava. Bom, Ara, é um refrigerante. É um refrigerante da bruxa. É a bruxa cola. Eu acho que a gente já tinha feito ela em algum vídeo, não tinha? Eu já tinha essa poção feita, então acho que um dia eu já fiz, pessoal. Mas eu esqueci dela. Provavelmente, só que a gente não lembra dessas coisas. Ia ter sido tudo mais rápido. É, seria tudo bem mais fácil. Vamos então fazer aqui. Eu fiz uma poção de rato. Por que eu não consigo colocar aqui? O quê? A minha poção. Ah, o negócio com a bruxa deu. Você não consegue colocar? Não. Não, porque já está aí. Já está na mesa, querida. Olha, eu sou um rato. Ai, você é um rato, Ju. Que massa, Ju. Que legal. Que legal. Está vendo? Que massa. Dá reset, pai, para você tirar essa backpack, porque ela atrapalha um pouco se o Santi vai voando.",0.1263086795806884,0.847761869430542,0.0259294584393501,NEU,0.5906016230583191,0.0009675291948951,0.0347202531993389,0.0016096514882519,0.2635737359523773,0.0015089672524482,0.0018324387492612,0.2043827,Julia MineGirl,Roblox,Roblox - NOVAS POÇÕES MALUCAS  PARTE 4 Wacky Wizards [l0k_UnWb98s],,GZ,GZ,GZ,"🎬 Canal: Julia MineGirl | 🎥 Vídeo: Roblox - NOVAS POÇÕES MALUCAS  PARTE 4 Wacky Wizards [l0k_UnWb98s]
⏱️ Segmento/Index: 11
🤖 Consenso de IA: GZ (Detoxify: 0.591 | Perspective: 0.204)
──────────────────────────────────────────────────
Fala transcrita:
""Também? Olha só. Pegaram a flor, peguei. Você pegou? Olha só, pessoal, conseguimos o último item que precisava. Bom, Ara, é um refrigerante. É um refrigerante da bruxa. É a bruxa cola. Eu acho que a gente já tinha feito ela em algum vídeo, não tinha? Eu já tinha essa poção feita, então acho que um dia eu já fiz, pessoal. Mas eu esqueci dela. Provavelmente, só que a gente não lembra dessas coisas. Ia ter sido tudo mais rápido. É, seria tudo bem mais fácil. Vamos então fazer aqui. Eu fiz uma poção de rato. Por que eu não consigo colocar aqui? O quê? A minha poção. Ah, o negócio com a bruxa deu. Você não consegue colocar? Não. Não, porque já está aí. Já está na mesa, querida. Olha, eu sou um rato. Ai, você é um rato, Ju. Que massa, Ju. Que legal. Que legal. Está vendo? Que massa. Dá reset, pai, para você tirar essa backpack, porque ela atrapalha um pouco se o Santi vai voando.""",Avaliador_B,Avaliador_D
13,"É, porque aqui, mami, se morrer Já era, né? Mas é tudo! Ai, gente, que essa folha também está palhando aqui, ó! Está bem na minha cara AAAAAAAA! Não, Luluca! O que aconteceu com o trigo? Ai, eu acho que eu caí, né, gente? Calma aí, deixa eu ver o que acontece aqui, se eu morrer Eu acho que eu vou nascer um pouquinho mais pra cima, né? Vamos ver! Esse aqui é tipo torre do terror, né, mami? Nossa, gente! E agora? Cheguei no fiote, mami! Então vai, o Luca, depois do fiote Calma aí! Tem que subir naquelas Aquelas Ervas, plantas É, galhos, galhos, galhos Ai, gente! Ai, gente! Vai, o Luca, eu vou aqui, eu e você! Taca-raca-daca, taca-raca-daca, taca-raca-daca Taca-raca-daca Ai, ai, ai, ai! Mas por que você caiu tudo?",0.2182877957820892,0.7443569302558899,0.0373553149402141,NEU,0.8691717982292175,0.0057073198258876,0.0502044260501861,0.0026161177083849,0.0395581610500812,0.059403333812952,0.0121091613546013,0.44393396,Luluca Games,Roblox,Roblox - ESCAPAMOS DO PAPAI NOEL DO MAL Escape Save Christmas Obby  Luluca Games [kBx6GOnxjKk],0.218288391828537,T,T,T,"🎬 Canal: Luluca Games | 🎥 Vídeo: Roblox - ESCAPAMOS DO PAPAI NOEL DO MAL Escape Save Christmas Obby  Luluca Games [kBx6GOnxjKk]
⏱️ Segmento/Index: 13
🤖 Consenso de IA: T (Detoxify: 0.869 | Perspective: 0.444)
──────────────────────────────────────────────────
Fala transcrita:
""É, porque aqui, mami, se morrer Já era, né? Mas é tudo! Ai, gente, que essa folha também está palhando aqui, ó! Está bem na minha cara AAAAAAAA! Não, Luluca! O que aconteceu com o trigo? Ai, eu acho que eu caí, né, gente? Calma aí, deixa eu ver o que acontece aqui, se eu morrer Eu acho que eu vou nascer um pouquinho mais pra cima, né? Vamos ver! Esse aqui é tipo torre do terror, né, mami? Nossa, gente! E agora? Cheguei no fiote, mami! Então vai, o Luca, depois do fiote Calma aí! Tem que subir naquelas Aquelas Ervas, plantas É, galhos, galhos, galhos Ai, gente! Ai, gente! Vai, o Luca, eu vou aqui, eu e você! Taca-raca-daca, taca-raca-daca, taca-raca-daca Taca-raca-daca Ai, ai, ai, ai! Mas por que você caiu tudo?""",Avaliador_B,Avaliador_D
8,"Parece uma sala De jantar Estou escutando alguns barulhos Espera aí Eu não sei, acho que foi impressão Acho que eu estou escutando coisas, pessoal, nós estamos aqui Em uma sala de jantar JP, JP, tem fogo Isso significa que alguém esteve aqui Não por muito tempo, não faz muito tempo Mas tinha gente dentro dessa casa, pessoal Nós talvez não estejamos sozinhos Nesse lugar Assustador, então vamos tomar cuidado, fica esperto Você vê qualquer tipo de coisa Aqui tem mais uma porta Ai, vocês querem... Estou isso Está tocando um sino, um sino dentro da casa Espera, ai, que assustador Esse barulho é muito, muito, muito assustador Que horror Tá, deixa eu ver, aqui dentro do baú nós temos um relógio Um...",0.1639880836009979,0.6926801800727844,0.1433316618204116,NEU,0.0054215821437537,0.0021303186658769,0.0273037999868392,0.0026433835737407,0.0178263839334249,0.0011281461920589,0.0007852894486859,0.15158679,JP Plays,Minecraft,ENTRAMOS DENTRO DA CASA MAIS ASSUTADORA DA VIZINHANÇA NO MINECRAFT  Casa Monstro [nftT0R4d1Oc],,NT,NT,NT,"🎬 Canal: JP Plays | 🎥 Vídeo: ENTRAMOS DENTRO DA CASA MAIS ASSUTADORA DA VIZINHANÇA NO MINECRAFT  Casa Monstro [nftT0R4d1Oc]
⏱️ Segmento/Index: 8
🤖 Consenso de IA: NT (Detoxify: 0.005 | Perspective: 0.152)
──────────────────────────────────────────────────
Fala transcrita:
""Parece uma sala De jantar Estou escutando alguns barulhos Espera aí Eu não sei, acho que foi impressão Acho que eu estou escutando coisas, pessoal, nós estamos aqui Em uma sala de jantar JP, JP, tem fogo Isso significa que alguém esteve aqui Não por muito tempo, não faz muito tempo Mas tinha gente dentro dessa casa, pessoal Nós talvez não estejamos sozinhos Nesse lugar Assustador, então vamos tomar cuidado, fica esperto Você vê qualquer tipo de coisa Aqui tem mais uma porta Ai, vocês querem... Estou isso Está tocando um sino, um sino dentro da casa Espera, ai, que assustador Esse barulho é muito, muito, muito assustador Que horror Tá, deixa eu ver, aqui dentro do baú nós temos um relógio Um...""",Avaliador_B,Avaliador_D
11,"Eu aviso, senão vai dar ruim pra vocês, mas aqui pessoal ele fala assim ó, que totalmente não tem um templo secreto aqui embaixo né, pra entrar aqui eu consegui, agora aqui ó, eu preciso de 25 finais, quantos finais que eu já fiz? Eu fiz muito final já viu? Mas eu não sei quantos que eu tenho não. Vou retornar mais tarde quando eu tiver esses 25 aqui. Aqui na casa da minha amiguinha, a Giandi, atrás do sofá, quando eu entrei aqui no modo invertido tinha um refrigerante né, agora o que acontece se eu pegar ele também? Olha o formato que ele fica pessoal, mas aqui no modo normal, não é o modo invertido, vou tomar um golinho. Eu acho que isso aqui eu não fiz ainda né. Entrei pro mundo dos animes eu acho, só pode. Se eu ganhei a Bad significa que esse final não tinha recuperado ainda, boa. Eu acho que eu tenho mesmo que procurar outros finais lá no mundo invertido pessoal, porque pra conseguir chegar nos 25 vai demorar bastante viu?",0.2587064802646637,0.6819137930870056,0.0593797527253627,NEU,0.0034080140758305,0.0043172943405807,0.0354147031903266,0.0055465102195739,0.033541414886713,0.0021907747723162,0.0011889146408066,0.16158698,Tex HS,Roblox,TÔ MAIS INTELIGENTE que os TangoMangles do Roblox... [1kN7dblRzkM],,NT,NT,NT,"🎬 Canal: Tex HS | 🎥 Vídeo: TÔ MAIS INTELIGENTE que os TangoMangles do Roblox... [1kN7dblRzkM]
⏱️ Segmento/Index: 11
🤖 Consenso de IA: NT (Detoxify: 0.003 | Perspective: 0.162)
──────────────────────────────────────────────────
Fala transcrita:
""Eu aviso, senão vai dar ruim pra vocês, mas aqui pessoal ele fala assim ó, que totalmente não tem um templo secreto aqui embaixo né, pra entrar aqui eu consegui, agora aqui ó, eu preciso de 25 finais, quantos finais que eu já fiz? Eu fiz muito final já viu? Mas eu não sei quantos que eu tenho não. Vou retornar mais tarde quando eu tiver esses 25 aqui. Aqui na casa da minha amiguinha, a Giandi, atrás do sofá, quando eu entrei aqui no modo invertido tinha um refrigerante né, agora o que acontece se eu pegar ele também? Olha o formato que ele fica pessoal, mas aqui no modo normal, não é o modo invertido, vou tomar um golinho. Eu acho que isso aqui eu não fiz ainda né. Entrei pro mundo dos animes eu acho, só pode. Se eu ganhei a Bad significa que esse final não tinha recuperado ainda, boa. Eu acho que eu tenho mesmo que procurar outros finais lá no mundo invertido pessoal, porque pra conseguir chegar nos 25 vai demorar bastante viu?""",Avaliador_B,Avaliador_D
6,"Olha, caraca, Nuda! Eduarda burlando o sistema do Minecraft, gente. Tá pegando o chão, bicho! De você, Nuda. Não! Não deu. Deu errado. Ah, agora foi. Agora foi muito, inclusive. Cadê, Eduarda? Então, sumiu. Eu vou usar essa bota aqui, mas... Meu Deus do céu, eu vou usar essa aqui, galera. Pera, deu errado. Ah, eu tenho que botar a bota, né? Eu esqueci de ver. Primeiramente... Ó, ó, tranquilo. Não, não tão tranquilo. Não, cuidado, filho. Não, relaxa, galera. A última coisa que vai acontecer comigo é morrer. Ah, não. Bom que eu roubo a bota que eu já tô... Ô, Eduarda! Bota com a minha bota aqui, garota. Eduarda é maluca aqui, gente. Eu falo pra vocês que... Não tem ninguém me vendo. Eu não tenho ninguém me vendo. Não, só uma bota andando sozinha, né, Rimaro? Só uma bota pulando aqui na frente. Só... Nunca queime isso. Galera, tem outra coisa que eu vi também, que o Minecraft tá muito sapequinha. Ô, Rimaro, vem, Rimaro. Vendo de um jeito bom, Rimaro, pode vir daquele jeito.",0.8905780911445618,0.0891774222254753,0.0202444493770599,NEG,0.903416097164154,0.0108073307201266,0.08013267070055,0.0064488179050385,0.0519555583596229,0.00768220750615,0.0511055439710617,0.44393396,Marcelodrv,Minecraft,TESTANDO BOTAS PROIBIDAS NO MINECRAFT [QJWBzsjNamk],,T,T,T,"🎬 Canal: Marcelodrv | 🎥 Vídeo: TESTANDO BOTAS PROIBIDAS NO MINECRAFT [QJWBzsjNamk]
⏱️ Segmento/Index: 6
🤖 Consenso de IA: T (Detoxify: 0.903 | Perspective: 0.444)
──────────────────────────────────────────────────
Fala transcrita:
""Olha, caraca, Nuda! Eduarda burlando o sistema do Minecraft, gente. Tá pegando o chão, bicho! De você, Nuda. Não! Não deu. Deu errado. Ah, agora foi. Agora foi muito, inclusive. Cadê, Eduarda? Então, sumiu. Eu vou usar essa bota aqui, mas... Meu Deus do céu, eu vou usar essa aqui, galera. Pera, deu errado. Ah, eu tenho que botar a bota, né? Eu esqueci de ver. Primeiramente... Ó, ó, tranquilo. Não, não tão tranquilo. Não, cuidado, filho. Não, relaxa, galera. A última coisa que vai acontecer comigo é morrer. Ah, não. Bom que eu roubo a bota que eu já tô... Ô, Eduarda! Bota com a minha bota aqui, garota. Eduarda é maluca aqui, gente. Eu falo pra vocês que... Não tem ninguém me vendo. Eu não tenho ninguém me vendo. Não, só uma bota andando sozinha, né, Rimaro? Só uma bota pulando aqui na frente. Só... Nunca queime isso. Galera, tem outra coisa que eu vi também, que o Minecraft tá muito sapequinha. Ô, Rimaro, vem, Rimaro. Vendo de um jeito bom, Rimaro, pode vir daquele jeito.""",Avaliador_B,Avaliador_D
9,"Tô vendo, se, se, se, se Tem que bater neles, galera Tem que bater neles, ó Toma, toma, toma, toma, toma Eu tô perdendo vida, eu vou comer uma maçã Tô comendo uma maçã É, come isso aqui, come isso aqui Não, eu vou morrer, eu vou morrer muito Uh, consegui ficar vivo Nossa, consegui ficar vivo Mas por pouco, cadê meus companheiros que estavam aqui me ajudando? Aqui, ó Era pra tá aqui me ajudando, mas nada Sala azul foi atacada, todo mundo sobreviveu Sala verde foi atacada É, agora vocês vem aqui, né? Agora vocês vem, né? Eu preciso de energia, galera Preciso de energia Tá, e as tábuas não foram suficientes para segurar eles Felizmente eles foram embora Tá, beleza, agora a gente tem que ir lá pra baixo E dar uma olhada nas, olha, tudo quebrado Janelas quebradas, ó Ó, um amigão aqui descobriu uma janela quebrada É o speedkiller lá, ele é um player, né? E também o basement foi...",0.5879719257354736,0.3465645015239715,0.065463587641716,NEG,0.6842039823532104,0.0037496220320463,0.0168311800807714,0.0016058175824582,0.021933251991868,0.3501171171665191,0.0039599826559424,0.3389984,Tex HS,Roblox,Roblox - INVADIRAM A MINHA CASA Break In [Y7afEJ6rxpA],,GZ,GZ,GZ,"🎬 Canal: Tex HS | 🎥 Vídeo: Roblox - INVADIRAM A MINHA CASA Break In [Y7afEJ6rxpA]
⏱️ Segmento/Index: 9
🤖 Consenso de IA: GZ (Detoxify: 0.684 | Perspective: 0.339)
──────────────────────────────────────────────────
Fala transcrita:
""Tô vendo, se, se, se, se Tem que bater neles, galera Tem que bater neles, ó Toma, toma, toma, toma, toma Eu tô perdendo vida, eu vou comer uma maçã Tô comendo uma maçã É, come isso aqui, come isso aqui Não, eu vou morrer, eu vou morrer muito Uh, consegui ficar vivo Nossa, consegui ficar vivo Mas por pouco, cadê meus companheiros que estavam aqui me ajudando? Aqui, ó Era pra tá aqui me ajudando, mas nada Sala azul foi atacada, todo mundo sobreviveu Sala verde foi atacada É, agora vocês vem aqui, né? Agora vocês vem, né? Eu preciso de energia, galera Preciso de energia Tá, e as tábuas não foram suficientes para segurar eles Felizmente eles foram embora Tá, beleza, agora a gente tem que ir lá pra baixo E dar uma olhada nas, olha, tudo quebrado Janelas quebradas, ó Ó, um amigão aqui descobriu uma janela quebrada É o speedkiller lá, ele é um player, né? E também o basement foi...""",Avaliador_B,Avaliador_D
4,"Não tem nada. Vamos pra Clocks? Não pode mais lutar, é proibido. Não tem mais nada aqui pra mim? Amiga, dá uma olhadinha aí. Dá uma olhadinha superficial aí, pra ver se você achou mais alguma coisa. Tem cara aqui na factória! Tem cara aqui! Grécia, não faz nada. Grécia, não faz nada. Grécia, para. Aonde? Vamos esperar descer. Vem cá, vem cá. E eu acabei de ativar o menino aí. Grécia, Grécia, Grécia! Grécia, morremos. Eu não vou não. Gente! Morri! Olha, morri. Amiga, dá o Cove Flow. Grécia, corre agora. Corre, vamos embora. Mete o pé, mete o pé, corre. Ele joga gelo agachando. Grécia, corre.",0.2487304359674453,0.7055569887161255,0.0457125641405582,NEU,0.7590928673744202,0.0016925684176385,0.0092432824894785,0.0075221206061542,0.0240298155695199,0.3880215585231781,0.0030337336938828,0.37694603,Amy Scarlet,Roblox,SÓ PODIA LOOTEAR NA FACTORY TENTE NÃO RIR [SNpvIoblQKc],,GZ,GZ,GZ,"🎬 Canal: Amy Scarlet | 🎥 Vídeo: SÓ PODIA LOOTEAR NA FACTORY TENTE NÃO RIR [SNpvIoblQKc]
⏱️ Segmento/Index: 4
🤖 Consenso de IA: GZ (Detoxify: 0.759 | Perspective: 0.377)
──────────────────────────────────────────────────
Fala transcrita:
""Não tem nada. Vamos pra Clocks? Não pode mais lutar, é proibido. Não tem mais nada aqui pra mim? Amiga, dá uma olhadinha aí. Dá uma olhadinha superficial aí, pra ver se você achou mais alguma coisa. Tem cara aqui na factória! Tem cara aqui! Grécia, não faz nada. Grécia, não faz nada. Grécia, para. Aonde? Vamos esperar descer. Vem cá, vem cá. E eu acabei de ativar o menino aí. Grécia, Grécia, Grécia! Grécia, morremos. Eu não vou não. Gente! Morri! Olha, morri. Amiga, dá o Cove Flow. Grécia, corre agora. Corre, vamos embora. Mete o pé, mete o pé, corre. Ele joga gelo agachando. Grécia, corre.""",Avaliador_B,Avaliador_D
11,"Agora vocês estão com problema no banheiro E eu vou matar Não, não mata minha vaca Mata ela, Furious, mata ela Eu tenho de presente pra vocês, eles são malvados Nossa, ela caiu da casa Mano, olha o que ele fez com o meu lobo Ele jogou meu lobinho lá dentro daquela casa de boneca estranha Ah não, eu tenho que resgatar o meu lobo Mas como eu vou fazer isso? Oh, isso aqui tá uma porcaria Como assim, uma porcaria? Oh, eu não gostei dessa cama aqui não, tira essa cama daqui Não, a cama do Aranha demorou muito tempo Ele gosta de cama ao ar fresco, tem que ser assim, ó Como assim, não, não tem nada a ver isso E ele dorme aqui, ó Não, não, isso aí ele cai Não, não vai cair não, ele é assim, entendeu? Não, não, não vou deixar assim Se você não deixar ele vai reclamar, você vai ver Não, não vai reclamar Não é possível que ele gosta de uma cama flutuante Fica aqui pra você ver, fica aqui pra você ver, ó Aqui, olha só Olha lá, olha só que legal Não!",0.978249967098236,0.0131479389965534,0.0086021237075328,NEG,0.9504984617233276,0.0156127717345952,0.0845916420221328,0.0057486300356686,0.0728896260261535,0.0572673790156841,0.0242694951593875,0.4574824,Athos,Minecraft,TRANQUEI MEUS AMIGOS EM UMA CASA DE BONECAS NO MINECRAFT [a0byNXW8BJQ],,T,T,T,"🎬 Canal: Athos | 🎥 Vídeo: TRANQUEI MEUS AMIGOS EM UMA CASA DE BONECAS NO MINECRAFT [a0byNXW8BJQ]
⏱️ Segmento/Index: 11
🤖 Consenso de IA: T (Detoxify: 0.95 | Perspective: 0.457)
──────────────────────────────────────────────────
Fala transcrita:
""Agora vocês estão com problema no banheiro E eu vou matar Não, não mata minha vaca Mata ela, Furious, mata ela Eu tenho de presente pra vocês, eles são malvados Nossa, ela caiu da casa Mano, olha o que ele fez com o meu lobo Ele jogou meu lobinho lá dentro daquela casa de boneca estranha Ah não, eu tenho que resgatar o meu lobo Mas como eu vou fazer isso? Oh, isso aqui tá uma porcaria Como assim, uma porcaria? Oh, eu não gostei dessa cama aqui não, tira essa cama daqui Não, a cama do Aranha demorou muito tempo Ele gosta de cama ao ar fresco, tem que ser assim, ó Como assim, não, não tem nada a ver isso E ele dorme aqui, ó Não, não, isso aí ele cai Não, não vai cair não, ele é assim, entendeu? Não, não, não vou deixar assim Se você não deixar ele vai reclamar, você vai ver Não, não vai reclamar Não é possível que ele gosta de uma cama flutuante Fica aqui pra você ver, fica aqui pra você ver, ó Aqui, olha só Olha lá, olha só que legal Não!""",Avaliador_B,Avaliador_D
13,"Meu, é muito divertido esse modo de jogo aqui, chama arsenal, vou deixar o link do mapa na descrição pra que vocês possam se divertir, até que tudo volte ao normal, vocês possam voltar pra escola e tudo mais, tá bom gente? Então é isso, me marquem no Instagram, quero saber que vocês andam aprontando na vida real pra passar o tempo, pra se divertir em casa, me marquem lá, fechou? E é isso, deixa o joinha, se inscreve, acompanha o canal, como eu disse, duas aventuras por dia a partir de hoje cara, então dois vídeos todos os dias da família JP E vocês não podem perder, porque tá uma mais incrível que é o Fiquem com Deus e tchau!",0.0083434395492076,0.0989760085940361,0.8926805853843689,POS,0.0225937981158494,0.0014116290258243,0.0257544443011283,0.0012348890304565,0.0118015641346573,0.0009995677974075,0.0028880564495921,0.112850055,JP Plays,Minecraft,Não pode sair de casa.. então vamos jogar Roblox [FiLIUbHOImQ],,NT,NT,NT,"🎬 Canal: JP Plays | 🎥 Vídeo: Não pode sair de casa.. então vamos jogar Roblox [FiLIUbHOImQ]
⏱️ Segmento/Index: 13
🤖 Consenso de IA: NT (Detoxify: 0.023 | Perspective: 0.113)
──────────────────────────────────────────────────
Fala transcrita:
""Meu, é muito divertido esse modo de jogo aqui, chama arsenal, vou deixar o link do mapa na descrição pra que vocês possam se divertir, até que tudo volte ao normal, vocês possam voltar pra escola e tudo mais, tá bom gente? Então é isso, me marquem no Instagram, quero saber que vocês andam aprontando na vida real pra passar o tempo, pra se divertir em casa, me marquem lá, fechou? E é isso, deixa o joinha, se inscreve, acompanha o canal, como eu disse, duas aventuras por dia a partir de hoje cara, então dois vídeos todos os dias da família JP E vocês não podem perder, porque tá uma mais incrível que é o Fiquem com Deus e tchau!""",Avaliador_B,Avaliador_D
10,"Eu vou levar o boizão. Pera aí, ó, aqui eu vou ali, mano. Uuuuuuuuuuuuuuuuuhuuuuuuu! Olha, olha, olha, mano, a mulher tá andando no cantinho de Pokão. Você tá fazendo... É ninja, é ninja. Eu tô indo com o boizão, mano, vem comigo. O cara desceu o lago lá, vai matar o boi, Pok. Vai matar o boi, velho. O que é que é que é que é isso aí, Pokão? Não fala assim do meu boizão, velho. Pokão e Agão, fiquem trucando, me dê aí rapidão, velho. Vai lá, fiquem à vontade, tá, mano? Vamos lá. Aí, já tô aqui em cima do muro, tô bolado. Sobe, sobe com o boi, sobe. Puxa o boi, puxa o boi. Pra puxar o boi, deixa eu tentar. Será? Então, ó, você tá aí, joga o negócio, joga o negócio. Com... Em cima do... O que é que o boi vem junto? Não dá, não dá. Ah, não, nossa, já pensou, mano? Você traz o boi e tudo, mano? Ó, agora eu vou tentar subir, ó.",0.4497166574001312,0.4452089667320251,0.1050744280219078,NEG,0.278322160243988,0.0011792469304054,0.0117964493110775,0.0010650834301486,0.0287737436592578,0.0446309112012386,0.0125196343287825,0.37955463,AuthenticGames,Minecraft,VIDA DE NINJAS NO MINECRAFT [hJcuZpjZA38],,GZ,GZ,GZ,"🎬 Canal: AuthenticGames | 🎥 Vídeo: VIDA DE NINJAS NO MINECRAFT [hJcuZpjZA38]
⏱️ Segmento/Index: 10
🤖 Consenso de IA: GZ (Detoxify: 0.278 | Perspective: 0.38)
──────────────────────────────────────────────────
Fala transcrita:
""Eu vou levar o boizão. Pera aí, ó, aqui eu vou ali, mano. Uuuuuuuuuuuuuuuuuhuuuuuuu! Olha, olha, olha, mano, a mulher tá andando no cantinho de Pokão. Você tá fazendo... É ninja, é ninja. Eu tô indo com o boizão, mano, vem comigo. O cara desceu o lago lá, vai matar o boi, Pok. Vai matar o boi, velho. O que é que é que é que é isso aí, Pokão? Não fala assim do meu boizão, velho. Pokão e Agão, fiquem trucando, me dê aí rapidão, velho. Vai lá, fiquem à vontade, tá, mano? Vamos lá. Aí, já tô aqui em cima do muro, tô bolado. Sobe, sobe com o boi, sobe. Puxa o boi, puxa o boi. Pra puxar o boi, deixa eu tentar. Será? Então, ó, você tá aí, joga o negócio, joga o negócio. Com... Em cima do... O que é que o boi vem junto? Não dá, não dá. Ah, não, nossa, já pensou, mano? Você traz o boi e tudo, mano? Ó, agora eu vou tentar subir, ó.""",Avaliador_B,Avaliador_D
13,"Eu tô com o gancho! É só usar o gancho! Agora vamos chegar no castelo! Calma, amor! Zupi, aqui é castelo feio! Zupi, aqui é castelo feio! É o seu, né? Só se for! Agora a gente pula! Zupi! O que eu estou tentando fazer é dizer que eu te amo! O que eu estou tentando fazer é dizer que eu te amo!",0.044712696224451,0.7469587326049805,0.2083285748958587,NEU,0.1745142191648483,0.0010651625925675,0.0250892341136932,0.0013514747843146,0.0290664713829755,0.0022540725767612,0.0018000886775553,0.102626406,Lokis,Roblox,CAI CAI NA BOCA DA COBRA GIGANTE  Roblox - Rocket Ragdoll [dx9FnBteB-M],,NT,NT,NT,"🎬 Canal: Lokis | 🎥 Vídeo: CAI CAI NA BOCA DA COBRA GIGANTE  Roblox - Rocket Ragdoll [dx9FnBteB-M]
⏱️ Segmento/Index: 13
🤖 Consenso de IA: NT (Detoxify: 0.175 | Perspective: 0.103)
──────────────────────────────────────────────────
Fala transcrita:
""Eu tô com o gancho! É só usar o gancho! Agora vamos chegar no castelo! Calma, amor! Zupi, aqui é castelo feio! Zupi, aqui é castelo feio! É o seu, né? Só se for! Agora a gente pula! Zupi! O que eu estou tentando fazer é dizer que eu te amo! O que eu estou tentando fazer é dizer que eu te amo!""",Avaliador_B,Avaliador_D
6,"Sim Mas tudo bem, gente É, é o jogo, né, gente? Tá, você? Tá carregando um ovo aqui? Não Tá carregando duas bombas, mas tudo bem Meu Deus do céu, eu prenderia essa pessoa fácil, gente Ah, eu também, né? Brincadeira, viu? Vocês aí vão ficar com ver... Vocês estão batendo papo aí? Não vai pegar o ovo, não? Nossa, quanta pessoa com bomba? Muita bomba Granada, mas o ovo não pode Então, mas o ovo não pode, exatamente Ovo não pode Acho que acabou as pessoas Ai, é, conseguiu Olha, dia 5 Nossa, mano Ah, beleza, ó, o nível baixou Não pode celular Olha, aumentou pra zero Aumentou não, diminuiu, né? É, isso aí Olha quanta pato dentro da pessoa, como assim, gente? É, isso, deu um celular Que celular? Celular não pode Opa, celular Nossa, eu nem enxerguei esse Tem tanto pato, gente, que eu não tô enxergando Parece que tem um celular Opa Boa Aquela moça ali de verde, passou?",0.5893247723579407,0.3541248440742492,0.0565503351390361,NEG,0.2361182272434234,0.0011343683581799,0.0448562689125537,0.0010134276235476,0.024318715557456,0.0176842790096998,0.0026642188895493,0.39987978,Julia MineGirl,Roblox,VIREI SEGURANÇA COM ÓCULOS DE RAIO-X Concourse X-Ray [K5X0REDDxmM],,GZ,GZ,GZ,"🎬 Canal: Julia MineGirl | 🎥 Vídeo: VIREI SEGURANÇA COM ÓCULOS DE RAIO-X Concourse X-Ray [K5X0REDDxmM]
⏱️ Segmento/Index: 6
🤖 Consenso de IA: GZ (Detoxify: 0.236 | Perspective: 0.4)
──────────────────────────────────────────────────
Fala transcrita:
""Sim Mas tudo bem, gente É, é o jogo, né, gente? Tá, você? Tá carregando um ovo aqui? Não Tá carregando duas bombas, mas tudo bem Meu Deus do céu, eu prenderia essa pessoa fácil, gente Ah, eu também, né? Brincadeira, viu? Vocês aí vão ficar com ver... Vocês estão batendo papo aí? Não vai pegar o ovo, não? Nossa, quanta pessoa com bomba? Muita bomba Granada, mas o ovo não pode Então, mas o ovo não pode, exatamente Ovo não pode Acho que acabou as pessoas Ai, é, conseguiu Olha, dia 5 Nossa, mano Ah, beleza, ó, o nível baixou Não pode celular Olha, aumentou pra zero Aumentou não, diminuiu, né? É, isso aí Olha quanta pato dentro da pessoa, como assim, gente? É, isso, deu um celular Que celular? Celular não pode Opa, celular Nossa, eu nem enxerguei esse Tem tanto pato, gente, que eu não tô enxergando Parece que tem um celular Opa Boa Aquela moça ali de verde, passou?""",Avaliador_B,Avaliador_D
13,"Olha Eduardo, ele saiu pra fora Não, não esconde Marcelo, não fica à vista não Oh, ele foi lá pra trás da casa Fio, momento perfeito pra gente invadir essa casa Calma, tem que vir na espreita Olha, não tô fazendo nada Ai, ai, o carteiro Olha Ai, ele vai, ele vai, você nem é Eduardo Sai daí garota Pronto, agora o momento perfeito pra gente entrar Vem, vem, vem Calma, calma, meu Deus do céu Deixa aberta, tava aberta, deixa aberta Desculpa, eu tenho uma ideia Qual ideia? Câmeras de segurança Botar uma aqui, botar outra aqui Boa Eduardo Ó, a gente tem que caçar as esmeraldas dele Que esse é o nosso objetivo Pega, pega, pega, pega Pega tudo, saia correndo, saia correndo Calma, calma, cadê ele? Calma, ele tá passando lá pro outro lado Esconte, esconte Eduardo, eu acho que a gente vai ter que fazer uma passagem secreta pra sair dessa casa Ai meu Deus do céu Marcelo, por que você inventou a de Antônio Andrade? Só tem um problema, Eduardo O quê?",0.1511678397655487,0.5932444930076599,0.2555876672267914,NEU,0.0355676151812076,0.0010540039511397,0.0228788312524557,0.0011583411833271,0.016429703682661,0.0011099242838099,0.0041340189054608,0.09915545,Marcelodrv,Minecraft,24 Passagens Secretas PARA TROLAR SUA AMIGA [acHiZml43As],,NT,NT,NT,"🎬 Canal: Marcelodrv | 🎥 Vídeo: 24 Passagens Secretas PARA TROLAR SUA AMIGA [acHiZml43As]
⏱️ Segmento/Index: 13
🤖 Consenso de IA: NT (Detoxify: 0.036 | Perspective: 0.099)
──────────────────────────────────────────────────
Fala transcrita:
""Olha Eduardo, ele saiu pra fora Não, não esconde Marcelo, não fica à vista não Oh, ele foi lá pra trás da casa Fio, momento perfeito pra gente invadir essa casa Calma, tem que vir na espreita Olha, não tô fazendo nada Ai, ai, o carteiro Olha Ai, ele vai, ele vai, você nem é Eduardo Sai daí garota Pronto, agora o momento perfeito pra gente entrar Vem, vem, vem Calma, calma, meu Deus do céu Deixa aberta, tava aberta, deixa aberta Desculpa, eu tenho uma ideia Qual ideia? Câmeras de segurança Botar uma aqui, botar outra aqui Boa Eduardo Ó, a gente tem que caçar as esmeraldas dele Que esse é o nosso objetivo Pega, pega, pega, pega Pega tudo, saia correndo, saia correndo Calma, calma, cadê ele? Calma, ele tá passando lá pro outro lado Esconte, esconte Eduardo, eu acho que a gente vai ter que fazer uma passagem secreta pra sair dessa casa Ai meu Deus do céu Marcelo, por que você inventou a de Antônio Andrade? Só tem um problema, Eduardo O quê?""",Avaliador_B,Avaliador_D
4,"Agora vou arremessar. Eita, cadê? Aí voltou. Nossa, tá aqui. Nossa, que tadinho dodeu. Não, eu acho que eu perdi. Eu perdi a minha. Você perdeu a sua, McFly. Ih, tadinho do McFly. É, tem que tomar cuidado que ela pode ir e não voltar mais. Então tem que ficar muito ligado nisso, né. Eu vou subir nessa montanha. Quer dizer, não tem como eu subir porque não tem um caminho. Mas eu posso criar esse caminho. Olha só que legal, pessoal. Muito top. Só que agora eu joguei com pouca força, né, pouca intensidade. Vamos tentar arremessar com mais força. Ó, que foi longe, né. Tem que estar mais perto. Espera aí, deixa eu chegar mais perto. Caraca, o que aconteceu? Nossa, de diamante ela é tão rápida que ela vai e volta muito rápido. Então a gente tem que tomar cuidado com isso, porque ela pode estar quebrando com facilidade, né. Tipo, ela pode estar sumindo com facilidade. Mas olha só, pessoal, muito top de diamante. Olha isso, foi longe agora. Tem hora que ela vai longe, tem hora que vai perto. De diamante. Deixa eu fazer um teste, deixa eu fazer um teste. Cadê você? Eu tô chegando? Você consegue me acertar? Eu vou tentar. Eu vou tentar te acertar, hein. Na verdade, eu acho que ela quebra o chão e faz você cair. Nossa, olha isso. Ela fez um super círculo.",0.7156003713607788,0.2236508578062057,0.0607488006353378,NEG,0.2728918194770813,0.0031737296376377,0.0686201378703117,0.0012694103643298,0.0222905799746513,0.0062512191943824,0.0086668413132429,0.20102765,JP Plays,Minecraft,JUNTEI TODAS AS PICARETAS E FIZ UM ITEM SECRETO NO MINECRAFT [lNj-wA5ueM0],,GZ,GZ,GZ,"🎬 Canal: JP Plays | 🎥 Vídeo: JUNTEI TODAS AS PICARETAS E FIZ UM ITEM SECRETO NO MINECRAFT [lNj-wA5ueM0]
⏱️ Segmento/Index: 4
🤖 Consenso de IA: GZ (Detoxify: 0.273 | Perspective: 0.201)
──────────────────────────────────────────────────
Fala transcrita:
""Agora vou arremessar. Eita, cadê? Aí voltou. Nossa, tá aqui. Nossa, que tadinho dodeu. Não, eu acho que eu perdi. Eu perdi a minha. Você perdeu a sua, McFly. Ih, tadinho do McFly. É, tem que tomar cuidado que ela pode ir e não voltar mais. Então tem que ficar muito ligado nisso, né. Eu vou subir nessa montanha. Quer dizer, não tem como eu subir porque não tem um caminho. Mas eu posso criar esse caminho. Olha só que legal, pessoal. Muito top. Só que agora eu joguei com pouca força, né, pouca intensidade. Vamos tentar arremessar com mais força. Ó, que foi longe, né. Tem que estar mais perto. Espera aí, deixa eu chegar mais perto. Caraca, o que aconteceu? Nossa, de diamante ela é tão rápida que ela vai e volta muito rápido. Então a gente tem que tomar cuidado com isso, porque ela pode estar quebrando com facilidade, né. Tipo, ela pode estar sumindo com facilidade. Mas olha só, pessoal, muito top de diamante. Olha isso, foi longe agora. Tem hora que ela vai longe, tem hora que vai perto. De diamante. Deixa eu fazer um teste, deixa eu fazer um teste. Cadê você? Eu tô chegando? Você consegue me acertar? Eu vou tentar. Eu vou tentar te acertar, hein. Na verdade, eu acho que ela quebra o chão e faz você cair. Nossa, olha isso. Ela fez um super círculo.""",Avaliador_B,Avaliador_D
8,"Tá gripada também ali, né. A sobrancelha é feita pela Sheila. Traz um remédio pra ela, mano. Ela vai fazer a poção brava. Infelizmente, ela foi um pouco mal. Isso aqui, isso aqui é a cabeleireira Leila. É a beleca, ó. Ela tem a verruga, ela tem a verruga. Exatamente, ela foi na cabeleireira Leila, mas a verruga é uma parte dela, não quis tirar a verruga dela, né. Aí ela tá um pouco grusa, porque a coisa que ela fez sujou, entendeu? Mas assim, ela tá lançando um feitiço aqui pra se limpar, tá vendo? Isso aqui é feitiço, Malena, esses vidros aqui? Isso, isso é o feitiço. Não é vidro, não é feitiço. Aí ó, aqui a vassoura dela, que ela tá aqui marrendo o coração de um homem que ela quebrou, tá vendo? Que isso, mano. Que que é essa cesta, esse coração aqui, mano? O cabelo foi feito pela cabeleireira Leila, na verdade pelo Cauê. E aqui, essa bruxa aqui, quem vai explicar é a Authentic. É, a tiga bruxa da Authentic. Bom, mano, há muitos tempos atrás, quando eu era um jovem construtor, né, velho. E eu fiz uma obra de arte que ficou eternizada na internet.",0.2096366882324218,0.7158763408660889,0.0744870007038116,NEU,0.326457530260086,0.0006237006164155,0.0458020269870758,0.0010397265432402,0.2250723540782928,0.001383782713674,0.0036713331937789,0.3389984,AuthenticGames,Minecraft,AUTHENTICGAMES vs JAZZGHOST NA BATALHA DE CONSTRUÇÃO [YAfUdfBFs50],,GZ,GZ,GZ,"🎬 Canal: AuthenticGames | 🎥 Vídeo: AUTHENTICGAMES vs JAZZGHOST NA BATALHA DE CONSTRUÇÃO [YAfUdfBFs50]
⏱️ Segmento/Index: 8
🤖 Consenso de IA: GZ (Detoxify: 0.326 | Perspective: 0.339)
──────────────────────────────────────────────────
Fala transcrita:
""Tá gripada também ali, né. A sobrancelha é feita pela Sheila. Traz um remédio pra ela, mano. Ela vai fazer a poção brava. Infelizmente, ela foi um pouco mal. Isso aqui, isso aqui é a cabeleireira Leila. É a beleca, ó. Ela tem a verruga, ela tem a verruga. Exatamente, ela foi na cabeleireira Leila, mas a verruga é uma parte dela, não quis tirar a verruga dela, né. Aí ela tá um pouco grusa, porque a coisa que ela fez sujou, entendeu? Mas assim, ela tá lançando um feitiço aqui pra se limpar, tá vendo? Isso aqui é feitiço, Malena, esses vidros aqui? Isso, isso é o feitiço. Não é vidro, não é feitiço. Aí ó, aqui a vassoura dela, que ela tá aqui marrendo o coração de um homem que ela quebrou, tá vendo? Que isso, mano. Que que é essa cesta, esse coração aqui, mano? O cabelo foi feito pela cabeleireira Leila, na verdade pelo Cauê. E aqui, essa bruxa aqui, quem vai explicar é a Authentic. É, a tiga bruxa da Authentic. Bom, mano, há muitos tempos atrás, quando eu era um jovem construtor, né, velho. E eu fiz uma obra de arte que ficou eternizada na internet.""",Avaliador_B,Avaliador_D
6,"Sabe quem foi? Quem? Quem ganhou o presente da sabotagem? E eu não cheguei! Ninguém vai chegar! Ninguém! Ah! Ninguém! Tem que chegar juntinho! Tem que chegar junto! Não! E não é pra fazer sabotagem comigo, tá bom? Não é pra fazer! Vamos lá gente! Por que a gente não vai fazer sabotagem você? Pronto! Fiz bobagem, bobagem, botagem! Botagem? Eu fiz sabotagem! Não, sabotagem! Você fez bobagem, bobagem! Não, sabotagem! Botagem! Fez bobagem! Botagem! Sabotagem! Isso é bobagem! Botagem! Botagem! Botagem! Botagem! Botagem! Botagem! Botagem de popo na casca do ovo! Não! Vamos apostar a corrida! Vamos apostar a corrida, tá bom? 3 de 2! Meninas vs meninas!",0.2855086922645569,0.6505305171012878,0.0639607384800911,NEU,0.4365608692169189,0.0002421257086098,0.0135717978700995,0.0007934254826977,0.2144283801317215,0.0006426989566534,0.004260572604835,0.34757367,Lokis,Roblox,DE CABEÇA PARA BAIXO  Roblox - Ride Down A Rainbow Slide [0bo1Ldu7TJ0],,GZ,GZ,GZ,"🎬 Canal: Lokis | 🎥 Vídeo: DE CABEÇA PARA BAIXO  Roblox - Ride Down A Rainbow Slide [0bo1Ldu7TJ0]
⏱️ Segmento/Index: 6
🤖 Consenso de IA: GZ (Detoxify: 0.437 | Perspective: 0.348)
──────────────────────────────────────────────────
Fala transcrita:
""Sabe quem foi? Quem? Quem ganhou o presente da sabotagem? E eu não cheguei! Ninguém vai chegar! Ninguém! Ah! Ninguém! Tem que chegar juntinho! Tem que chegar junto! Não! E não é pra fazer sabotagem comigo, tá bom? Não é pra fazer! Vamos lá gente! Por que a gente não vai fazer sabotagem você? Pronto! Fiz bobagem, bobagem, botagem! Botagem? Eu fiz sabotagem! Não, sabotagem! Você fez bobagem, bobagem! Não, sabotagem! Botagem! Fez bobagem! Botagem! Sabotagem! Isso é bobagem! Botagem! Botagem! Botagem! Botagem! Botagem! Botagem! Botagem de popo na casca do ovo! Não! Vamos apostar a corrida! Vamos apostar a corrida, tá bom? 3 de 2! Meninas vs meninas!""",Avaliador_B,Avaliador_D
7,"Eu tenho, ó, eu tenho um machado aqui Isso aqui é bom Nossa, a gente pode cavar e escapar daqui É, coloca isso aqui também debaixo da cama dela Vai, vai Faz assim Pega o machado e vai cavando E eu vou colocar TNT na cama da professora Eu fui até o quarto da cuidadora E agora eu preciso expor uma TNT embaixo da cama dela Vamos cavar aqui Eu deixei o machado com o GBL pra ele cavar o nosso túnel de fuga A gente vai sair na noite E agora vamos colocar TNT aqui embaixo E pronto, a madeira Quando a professora for dormir, eu vou explodir essa TNT Ah, tchê, tchê, seu Furious Agora vamos, vamos, vamos Que você tem que ir pra lá pra dormir Vamos, vamos, seu Furious Seu atu está fazendo o quê fora da cama? Eu fui ver o meu neto, veio me visitar Mentira, seu neto veio me visitar É verdade Vai logo, vai logo Ai, eu tô indo pro quarto, ai, minhas costas Oi, gente Oi, meus amigos Seu Furious, eu preciso tomar banho, vora Não, não, Furious, você não precisa tomar banho Você vai fazer xixi na cama mesmo Que gritaiar é essa? Vai, entra o GBL, entra A cuidadora levou o Furious até o banheiro Pô, seu Furious, fica aí que eu vou te dar banho agora, tá? Não, tá gelando essa água Ela lavou o Furious e deixou ele limpinho GBL, você conseguiu cavar o túnel?",0.0663969814777374,0.765271782875061,0.1683311611413955,NEU,0.5166873931884766,0.0087126120924949,0.0550130195915699,0.0065380968153476,0.0440906956791877,0.0045342156663537,0.0307893641293048,0.27525392,Athos,Minecraft,RECRIEI O BINGO NO MINECRAFT [IxXzVcqbWm4],,GZ,GZ,GZ,"🎬 Canal: Athos | 🎥 Vídeo: RECRIEI O BINGO NO MINECRAFT [IxXzVcqbWm4]
⏱️ Segmento/Index: 7
🤖 Consenso de IA: GZ (Detoxify: 0.517 | Perspective: 0.275)
──────────────────────────────────────────────────
Fala transcrita:
""Eu tenho, ó, eu tenho um machado aqui Isso aqui é bom Nossa, a gente pode cavar e escapar daqui É, coloca isso aqui também debaixo da cama dela Vai, vai Faz assim Pega o machado e vai cavando E eu vou colocar TNT na cama da professora Eu fui até o quarto da cuidadora E agora eu preciso expor uma TNT embaixo da cama dela Vamos cavar aqui Eu deixei o machado com o GBL pra ele cavar o nosso túnel de fuga A gente vai sair na noite E agora vamos colocar TNT aqui embaixo E pronto, a madeira Quando a professora for dormir, eu vou explodir essa TNT Ah, tchê, tchê, seu Furious Agora vamos, vamos, vamos Que você tem que ir pra lá pra dormir Vamos, vamos, seu Furious Seu atu está fazendo o quê fora da cama? Eu fui ver o meu neto, veio me visitar Mentira, seu neto veio me visitar É verdade Vai logo, vai logo Ai, eu tô indo pro quarto, ai, minhas costas Oi, gente Oi, meus amigos Seu Furious, eu preciso tomar banho, vora Não, não, Furious, você não precisa tomar banho Você vai fazer xixi na cama mesmo Que gritaiar é essa? Vai, entra o GBL, entra A cuidadora levou o Furious até o banheiro Pô, seu Furious, fica aí que eu vou te dar banho agora, tá? Não, tá gelando essa água Ela lavou o Furious e deixou ele limpinho GBL, você conseguiu cavar o túnel?""",Avaliador_B,Avaliador_D
47,"Eu acho que eu tô no estoque do Cadres É aqui que ele traz a namorada dele Ah, agora eu tô sozinho aqui Peraí, eu não tô sozinho, eu ainda tenho o meu lobinho que tá aqui no porão Olha só, vamos levar todo o ouro dele e vamos levar também os diamantes Ahahah Esses diamantes o Cadres roubou tudo de mim Eu só tô pegando de volta o que ele roubou de mim E o lobinho, o lobinho vai vir junto Vem lobinho, é hora de voltar pra casa Vamos voltar e eu vou deixar essa passagem aberta só pro Cadres descobrir Que eu não sou noob que nem ele pensa Ah, então deixa eu vir aqui porque eu quero fazer carinho no meu lobinho Que buraco é esse? Cadê meu lobo? Ah não, alguém invadiu aqui, deve ser o Atus, certeza Mas como que ele descobriu o meu porão? Eu vou descer essa escada e ela deve levar pra algum lugar Tá, eu tô chegando aqui embaixo e pra onde que ela leva? Que que é isso? Tem uma mansão embaixo da terra Mas de quem que é essa casa aqui?",0.0843712091445922,0.598686933517456,0.3169418573379516,NEU,0.0411345958709716,0.0028517490718513,0.0315182246267795,0.0034626007545739,0.0242135357111692,0.0014520405093207,0.0045807994902133,0.15269235,Athos,Minecraft,100 DIAS TROLANDO MEU AMIGO NO MINECRAFT - O Filme [xRTZ1IvgmAY],,NT,NT,NT,"🎬 Canal: Athos | 🎥 Vídeo: 100 DIAS TROLANDO MEU AMIGO NO MINECRAFT - O Filme [xRTZ1IvgmAY]
⏱️ Segmento/Index: 47
🤖 Consenso de IA: NT (Detoxify: 0.041 | Perspective: 0.153)
──────────────────────────────────────────────────
Fala transcrita:
""Eu acho que eu tô no estoque do Cadres É aqui que ele traz a namorada dele Ah, agora eu tô sozinho aqui Peraí, eu não tô sozinho, eu ainda tenho o meu lobinho que tá aqui no porão Olha só, vamos levar todo o ouro dele e vamos levar também os diamantes Ahahah Esses diamantes o Cadres roubou tudo de mim Eu só tô pegando de volta o que ele roubou de mim E o lobinho, o lobinho vai vir junto Vem lobinho, é hora de voltar pra casa Vamos voltar e eu vou deixar essa passagem aberta só pro Cadres descobrir Que eu não sou noob que nem ele pensa Ah, então deixa eu vir aqui porque eu quero fazer carinho no meu lobinho Que buraco é esse? Cadê meu lobo? Ah não, alguém invadiu aqui, deve ser o Atus, certeza Mas como que ele descobriu o meu porão? Eu vou descer essa escada e ela deve levar pra algum lugar Tá, eu tô chegando aqui embaixo e pra onde que ela leva? Que que é isso? Tem uma mansão embaixo da terra Mas de quem que é essa casa aqui?""",Avaliador_B,Avaliador_D
9,"Pera aí, mano Pera aí, mano",0.1405455023050308,0.5873351693153381,0.2721193730831146,NEU,0.0927921384572982,0.0014189003268256,0.0143976137042045,0.0009744949056766,0.0118636358529329,0.0471492148935794,0.0049369521439075,0.15213956,Geleia,Minecraft,TENTE ESCAPAR DO TSUNAMI GIGANTE NO MINECRAFT  Impossível [ksJ4o-AQvPg],,NT,NT,NT,"🎬 Canal: Geleia | 🎥 Vídeo: TENTE ESCAPAR DO TSUNAMI GIGANTE NO MINECRAFT  Impossível [ksJ4o-AQvPg]
⏱️ Segmento/Index: 9
🤖 Consenso de IA: NT (Detoxify: 0.093 | Perspective: 0.152)
──────────────────────────────────────────────────
Fala transcrita:
""Pera aí, mano Pera aí, mano""",Avaliador_B,Avaliador_D
4,"Pise para liberar a grade e iniciar o desafio final Último desafio, derrote os zumbis Nossa, eles apareceram agora ali na frente e são muitos Mas peraí, tem uns itens aqui e eu posso pegar eles Com isso eu vou ficar mais forte E agora pode vir, zumbi Como, não, só são muitos, são muitos, será que eu vou conseguir? Não, para, para de me atacar, para de me atacar, olha o tanto Eu tive uma ideia pra derrotar todos eles No meio dessa sala tem uma janela E todos os zumbis que estão passando embaixo dela estão pegando fogo Eu preciso dar um jeito de levar todos eles aqui Vem aqui, vem aqui, vem embaixo da janela, olha isso que está funcionando Todos eles estão pegando fogo Ainda bem que eles não são espertos e vão direto para o sol Alguns já não estão sobrevivendo, olha aqui, carne podre no chão Ai, eu vou conseguir derrotar todos vocês, toma, toma Só falta mais esses três agora E agora eu vou acabar com vocês, toma Será que abriu uma porta em algum lugar? Tem uma passagem aqui e ela me leva para fora, boa E agora eu vou colocar a figurinha da Momilong Legs no álbum da copa Ai, o que é isso? O que está acontecendo?",0.1457862257957458,0.6686554551124573,0.1855583190917968,NEU,0.165422111749649,0.005960043054074,0.0328074768185615,0.0031583930831402,0.0321940258145332,0.0411674007773399,0.0038173617795109,0.14082454,Cadres,Minecraft,Consegui Figurinhas dos MONSTROS no Minecraft [KCOVydJSs6M],,NT,NT,NT,"🎬 Canal: Cadres | 🎥 Vídeo: Consegui Figurinhas dos MONSTROS no Minecraft [KCOVydJSs6M]
⏱️ Segmento/Index: 4
🤖 Consenso de IA: NT (Detoxify: 0.165 | Perspective: 0.141)
──────────────────────────────────────────────────
Fala transcrita:
""Pise para liberar a grade e iniciar o desafio final Último desafio, derrote os zumbis Nossa, eles apareceram agora ali na frente e são muitos Mas peraí, tem uns itens aqui e eu posso pegar eles Com isso eu vou ficar mais forte E agora pode vir, zumbi Como, não, só são muitos, são muitos, será que eu vou conseguir? Não, para, para de me atacar, para de me atacar, olha o tanto Eu tive uma ideia pra derrotar todos eles No meio dessa sala tem uma janela E todos os zumbis que estão passando embaixo dela estão pegando fogo Eu preciso dar um jeito de levar todos eles aqui Vem aqui, vem aqui, vem embaixo da janela, olha isso que está funcionando Todos eles estão pegando fogo Ainda bem que eles não são espertos e vão direto para o sol Alguns já não estão sobrevivendo, olha aqui, carne podre no chão Ai, eu vou conseguir derrotar todos vocês, toma, toma Só falta mais esses três agora E agora eu vou acabar com vocês, toma Será que abriu uma porta em algum lugar? Tem uma passagem aqui e ela me leva para fora, boa E agora eu vou colocar a figurinha da Momilong Legs no álbum da copa Ai, o que é isso? O que está acontecendo?""",Avaliador_B,Avaliador_D
40,"Sai daqui! Toma! Pronto! Ih, caiu duas moedinhas ainda aqui de boas pra gente Deixa eu ver se por aqui tem algo... Não, não cai! Ah, vamos falar com esse cara Eu abrirei essa cabana se você me trazer todas as conchas mágicas dessa região Ainda tem mais? Isso aqui é mais? Nossa galera, por isso que eu tava pegando umas conchinha no meio do jogo Ele quer concha mágica Deixa eu ver o que é isso aqui Opa! Que a gente veio parar Onde é isso? Cara, eu vou jogando jogo, eu vou descobrindo Coisa nova Mano, o que é isso aqui, ó? Tem acho que como subir ali em cima Ai, que susto! Ah, tá atirando em mim, velho! Que é isso? Tem um arco e flecha Vamos tentar vir aqui em cima dele Dá pra eu ativar isso de alguma forma? Não... Oh, tem... Ah, pera aí! Protege Boa! Abre, abre, abre! Cara, tem um portão mágico aqui!",0.0521878711879253,0.8179376125335693,0.129874512553215,NEU,0.2204326391220092,0.0031075633596628,0.0345827303826808,0.0020238563884049,0.0355700887739658,0.0079546915367245,0.0072692711837589,0.35186127,AuthenticGames,Minecraft,A HISTÓRIA do AUTHENTIC PALITINHO de BORRACHA - FILME [Mh7Yb0Er-Z0],,GZ,GZ,GZ,"🎬 Canal: AuthenticGames | 🎥 Vídeo: A HISTÓRIA do AUTHENTIC PALITINHO de BORRACHA - FILME [Mh7Yb0Er-Z0]
⏱️ Segmento/Index: 40
🤖 Consenso de IA: GZ (Detoxify: 0.22 | Perspective: 0.352)
──────────────────────────────────────────────────
Fala transcrita:
""Sai daqui! Toma! Pronto! Ih, caiu duas moedinhas ainda aqui de boas pra gente Deixa eu ver se por aqui tem algo... Não, não cai! Ah, vamos falar com esse cara Eu abrirei essa cabana se você me trazer todas as conchas mágicas dessa região Ainda tem mais? Isso aqui é mais? Nossa galera, por isso que eu tava pegando umas conchinha no meio do jogo Ele quer concha mágica Deixa eu ver o que é isso aqui Opa! Que a gente veio parar Onde é isso? Cara, eu vou jogando jogo, eu vou descobrindo Coisa nova Mano, o que é isso aqui, ó? Tem acho que como subir ali em cima Ai, que susto! Ah, tá atirando em mim, velho! Que é isso? Tem um arco e flecha Vamos tentar vir aqui em cima dele Dá pra eu ativar isso de alguma forma? Não... Oh, tem... Ah, pera aí! Protege Boa! Abre, abre, abre! Cara, tem um portão mágico aqui!""",Avaliador_B,Avaliador_D
5,"Não basta cair três vezes, você tem que cair quatro, né Gretchen? Aí eu falei, vai pedaço de cavalo, levanta de novo, sai correndo, a Lady foi e caiu. Eu falei, meu Deus, as muletas estão tudo caindo e eu não estou vendo inimigo nenhum. Ela falou, está lá em cima, eu falei, peraí que eu vou matar, eu consegui dar uns capas nele pra assustar ele. Eu falei, Gracia do céu, ajuda aqui, Gracia. Ela saiu correndo. Ela falou, então eu vou correr também? Mentira, eu fui lá dar um zigzag no cara. Eu falei, calma Lady, estou chegando. Só que quando cheguei não tinha mais nada da Lady, só tinha o pó dela. Quando eu vi que eu poderia matar o cara, ele me matou e eu pensei, vou fugir. E foi isso que eu fiz, saí correndo mesmo, com arma na mão mesmo. E eu saí correndo pra me esconder, a Gracia aqui lute sem arma, sem nada. Quando eu pensei que mais nada poderia me abalar do nada, sujo, um bocado de cara, eu falei, Gracia, me ajuda. Quando eu fui ver ela, já estava longe, longe, longe, longe. Aí eu pergunto, por que é que eu voltei pra salvar essa rapariga? Primeira oportunidade de fuga que a Gracia teve, ela fugiu e não pensou duas vezes.",0.3429832458496094,0.5415695309638977,0.1154471933841705,NEU,0.4729816019535064,0.0011816426413133,0.0317828021943569,0.0008315645973198,0.1392803788185119,0.0236186198890209,0.0042186798527836,0.3389984,Amy Scarlet,Roblox,MELHOR SQUAD DO FREE FIRE [g46ZO-8UwLM],,GZ,GZ,GZ,"🎬 Canal: Amy Scarlet | 🎥 Vídeo: MELHOR SQUAD DO FREE FIRE [g46ZO-8UwLM]
⏱️ Segmento/Index: 5
🤖 Consenso de IA: GZ (Detoxify: 0.473 | Perspective: 0.339)
──────────────────────────────────────────────────
Fala transcrita:
""Não basta cair três vezes, você tem que cair quatro, né Gretchen? Aí eu falei, vai pedaço de cavalo, levanta de novo, sai correndo, a Lady foi e caiu. Eu falei, meu Deus, as muletas estão tudo caindo e eu não estou vendo inimigo nenhum. Ela falou, está lá em cima, eu falei, peraí que eu vou matar, eu consegui dar uns capas nele pra assustar ele. Eu falei, Gracia do céu, ajuda aqui, Gracia. Ela saiu correndo. Ela falou, então eu vou correr também? Mentira, eu fui lá dar um zigzag no cara. Eu falei, calma Lady, estou chegando. Só que quando cheguei não tinha mais nada da Lady, só tinha o pó dela. Quando eu vi que eu poderia matar o cara, ele me matou e eu pensei, vou fugir. E foi isso que eu fiz, saí correndo mesmo, com arma na mão mesmo. E eu saí correndo pra me esconder, a Gracia aqui lute sem arma, sem nada. Quando eu pensei que mais nada poderia me abalar do nada, sujo, um bocado de cara, eu falei, Gracia, me ajuda. Quando eu fui ver ela, já estava longe, longe, longe, longe. Aí eu pergunto, por que é que eu voltei pra salvar essa rapariga? Primeira oportunidade de fuga que a Gracia teve, ela fugiu e não pensou duas vezes.""",Avaliador_B,Avaliador_D
0,"Nesse vídeo, meu objetivo é entrar no Nether e conseguir o olho do fim, enquanto quatro caçadores tentam me parar. Só que tem uma diferença. Sempre que eu agacho, eu fico invisível. Pode parecer que fica muito fácil pra mim, mas na verdade não. Porque invisível não pode usar armadura. Então, se você gostou da ideia e gostar do vídeo, se inscreve aqui no canal que eu tô rumo a um milhão de inscritos. E se depois você não gostar de algo, é só se inscrever, é grátis. Também passa nos canais dos caçadores que estão aí na descrição, e agora aproveita o vídeo. Vocês estão prontos? Ah, sempre mesmo. Então beleza, mano. Vou começar a contagem. Ih, tá valendo, mano. Ah, o cara já vai pra minha frente, velho. Que que é isso? Que que é isso? Ah, velho, eu nem vi, mano. Vambora aí. Fica, Jaleca. Eu tava tão perto de você, mano. Cara, isso aqui vai ser muito louco, gente. Isso aqui vai ser muito louco. Vamos lá, vamos lá, vamos lá. Ai, ai, caralho. O cara foi muito perto. Não, mano, eu fui muito burro, porque eu olhei pro outro lado, mano.",0.1106315031647682,0.8105005621910095,0.0788679718971252,NEU,0.5801049470901489,0.0023902647662907,0.0507995747029781,0.0028212398756295,0.0675948932766914,0.0032376509625464,0.011912502348423,0.20242359,Geleia,Minecraft,4 CAÇADORES VS 1 SPEEDRUNNER mas se AGACHAR FICA INVISÍVEL MINECRAFT [Cj6axVgdXrA],,GZ,GZ,GZ,"🎬 Canal: Geleia | 🎥 Vídeo: 4 CAÇADORES VS 1 SPEEDRUNNER mas se AGACHAR FICA INVISÍVEL MINECRAFT [Cj6axVgdXrA]
⏱️ Segmento/Index: 0
🤖 Consenso de IA: GZ (Detoxify: 0.58 | Perspective: 0.202)
──────────────────────────────────────────────────
Fala transcrita:
""Nesse vídeo, meu objetivo é entrar no Nether e conseguir o olho do fim, enquanto quatro caçadores tentam me parar. Só que tem uma diferença. Sempre que eu agacho, eu fico invisível. Pode parecer que fica muito fácil pra mim, mas na verdade não. Porque invisível não pode usar armadura. Então, se você gostou da ideia e gostar do vídeo, se inscreve aqui no canal que eu tô rumo a um milhão de inscritos. E se depois você não gostar de algo, é só se inscrever, é grátis. Também passa nos canais dos caçadores que estão aí na descrição, e agora aproveita o vídeo. Vocês estão prontos? Ah, sempre mesmo. Então beleza, mano. Vou começar a contagem. Ih, tá valendo, mano. Ah, o cara já vai pra minha frente, velho. Que que é isso? Que que é isso? Ah, velho, eu nem vi, mano. Vambora aí. Fica, Jaleca. Eu tava tão perto de você, mano. Cara, isso aqui vai ser muito louco, gente. Isso aqui vai ser muito louco. Vamos lá, vamos lá, vamos lá. Ai, ai, caralho. O cara foi muito perto. Não, mano, eu fui muito burro, porque eu olhei pro outro lado, mano.""",Avaliador_B,Avaliador_D
2,"Bora, Frost, mata dois, já era pra ter matado dois, Frost, te disse que ia carregar Não, não cai nem couro aqui, Frost, nós tivéssemos caindo em couro aqui na zona, nós tivéssemos, tá ligado? Que o país bagaça Eu acho que você vai dar pra fristar cada vez mais fácil, já vinte e cinco Ei, véi, eu fiquei muito apalado, véi, que o D.Ranja namorou com o Yuri O que ele namorou com o Yuri era ela, véi Não era, véi? Ei, véi, não me lembre, não, véi Ei, bom, aqui é a Sarada, já mandou uma culpa pra ela, bom, pra Sarada Não, não, é, Sarada Sarada é segunda opção, por que nem eu Ih, é? Então, tu já pode ir pra ela, né, Arad? Já te deu fora e tu já pode ir pra Sarada Não, não, o que adianta é minha mãe se pedisse, nunca desiste é do seu sonho Eu não tô triste não, véi, qualquer momento ela se para do Yuri Tu quiser não desist, ó, eu sei, não acho não, não Vem aqui, galera, vem aqui, vem aqui, vem aqui Vou botando a minha rima, tá ligado agora O Bocca de 09 caiu na p*** nessa hora, wow Cadê o Bocca?",0.0866432934999466,0.8744191527366638,0.0389375649392604,NEU,0.758682906627655,0.0096277939155697,0.0708620995283126,0.0052710180170834,0.0415358282625675,0.0112927099689841,0.0234414394944906,0.2786282,meu nome é david,Roblox,NOVA HABILIDADE DO FF BOCA DE 09 FICOU INVISÍVEL NA PARTIDA [zPqkqyh3Eyo],,GZ,GZ,GZ,"🎬 Canal: meu nome é david | 🎥 Vídeo: NOVA HABILIDADE DO FF BOCA DE 09 FICOU INVISÍVEL NA PARTIDA [zPqkqyh3Eyo]
⏱️ Segmento/Index: 2
🤖 Consenso de IA: GZ (Detoxify: 0.759 | Perspective: 0.279)
──────────────────────────────────────────────────
Fala transcrita:
""Bora, Frost, mata dois, já era pra ter matado dois, Frost, te disse que ia carregar Não, não cai nem couro aqui, Frost, nós tivéssemos caindo em couro aqui na zona, nós tivéssemos, tá ligado? Que o país bagaça Eu acho que você vai dar pra fristar cada vez mais fácil, já vinte e cinco Ei, véi, eu fiquei muito apalado, véi, que o D.Ranja namorou com o Yuri O que ele namorou com o Yuri era ela, véi Não era, véi? Ei, véi, não me lembre, não, véi Ei, bom, aqui é a Sarada, já mandou uma culpa pra ela, bom, pra Sarada Não, não, é, Sarada Sarada é segunda opção, por que nem eu Ih, é? Então, tu já pode ir pra ela, né, Arad? Já te deu fora e tu já pode ir pra Sarada Não, não, o que adianta é minha mãe se pedisse, nunca desiste é do seu sonho Eu não tô triste não, véi, qualquer momento ela se para do Yuri Tu quiser não desist, ó, eu sei, não acho não, não Vem aqui, galera, vem aqui, vem aqui, vem aqui Vou botando a minha rima, tá ligado agora O Bocca de 09 caiu na p*** nessa hora, wow Cadê o Bocca?""",Avaliador_B,Avaliador_D
51,médico mano ó o toquinho tá vindo eu vou morrer nossa caraca eu segurei a braba pesada aqui em cara eu vou com ele caraca os caras tão segurando bem em velho não segurando bem olha o toquinho relaxa porque eu tô indo te reviver não tô faltando um pouco faltou um pouco eu vou trocar de personagem aqui ó o milho aqui eu vou que se bravo aqui tô vivo tô vivo vai atira matei um beleza olha tem um milho ali na frente calma aí eu vou eu vou ganhando espaço pra gente caraca tem um cacto aqui em lugar vei aqui tá aqui tá aqui tá aqui ó esse bichinho chato pra caramba que é isso aí ó mano nosso mano nossa se ela virar árvore ferrou mata nós vou morrer matei pera pacão nossa mas destruiu o cacto tem que pegar a captura que o meio a gente já é nosso já é nosso tem que,0.1787793934345245,0.4019599854946136,0.4192605912685394,POS,0.9576042890548706,0.0147158186882734,0.073376715183258,0.0058286571875214,0.0795684829354286,0.0495126470923423,0.0435617938637733,0.45243698,AuthenticGames,Minecraft,AS MELHORES PLANTAS DO JOGO  - Plants Vs Zombies Battle for Neighborville [cLh0TEJH64s],,T,T,T,"🎬 Canal: AuthenticGames | 🎥 Vídeo: AS MELHORES PLANTAS DO JOGO  - Plants Vs Zombies Battle for Neighborville [cLh0TEJH64s]
⏱️ Segmento/Index: 51
🤖 Consenso de IA: T (Detoxify: 0.958 | Perspective: 0.452)
──────────────────────────────────────────────────
Fala transcrita:
""médico mano ó o toquinho tá vindo eu vou morrer nossa caraca eu segurei a braba pesada aqui em cara eu vou com ele caraca os caras tão segurando bem em velho não segurando bem olha o toquinho relaxa porque eu tô indo te reviver não tô faltando um pouco faltou um pouco eu vou trocar de personagem aqui ó o milho aqui eu vou que se bravo aqui tô vivo tô vivo vai atira matei um beleza olha tem um milho ali na frente calma aí eu vou eu vou ganhando espaço pra gente caraca tem um cacto aqui em lugar vei aqui tá aqui tá aqui tá aqui ó esse bichinho chato pra caramba que é isso aí ó mano nosso mano nossa se ela virar árvore ferrou mata nós vou morrer matei pera pacão nossa mas destruiu o cacto tem que pegar a captura que o meio a gente já é nosso já é nosso tem que""",Avaliador_B,Avaliador_D
2,"Eu acho que quanto mais pulo, mais pulo mano, eu acho Tá Ó, vamos lá Cara, vai ser um negócio bem difícil aqui Mas, acho que dá hein mano Que dá, ó, já comprou um pouco de bloco aqui já mano Faz uns dias que eu não jogo Bad Wars, eu nem lembro direito como é que faz as paradinhas aqui Mas vamos tentar ganhar mano, vamos tentar ganhar Ai meu Deus Nossa senhora, eu já tô pulando muito alto mano Os caras já perguntando se eu trollo no chat Hahahaha Meu amigo Tá mano, ó, o açúcar é do time Ciano ali tá gente, ele tá com outro nick ali Mas, deu uns probleminha aqui Ó, eu vou pegar aqui uma chupadinha de ferro já E açúcar, a gente é inimigo hein Oi, tá bom, ai eu tô com medo aí Ai, tem cara aqui, tem cara aqui, tem cara aqui Não, não, não, não, não, meu Deus, meu Deus, meu Deus Hahahaha Hahahaha A gente tá lutando no espaço velho Que que é isso mano Hahahaha Batalha épica Mano, é muito louco, é muito difícil Veei, que Nossa, não vai ter nem como Não vai ter nem como terminar aqui, vei Que loucura, tá, vambora mano, ó, eu vou comprar Hahahaha, mano Que loucura, vei, vem cá, vem cá Ó, ó, ó, ó, ó, ó Ai meu Deus, tomei dano, tomei dano, tomei dano Meu Deus, tô tomando dano vei Não, não, não Não, não, não, não, não, não Eles destruíram minha cama, não Não, não Eu não acredito, velho Ai meu amigo, eu perdi Ah mano Eita Nossa, vei, que loucura mano Ah, ele ganhou aqui Eu tô lutando com os equipes de trocar, eles estão chatos hoje Galera, vamos ter que ir pra próxima partida mano Beleza mano Evita pular, eu troquei o plugue aqui",0.1578337848186493,0.6447474956512451,0.1974187046289444,NEU,0.5322997570037842,0.0117487516254186,0.0540964528918266,0.0064976513385772,0.0404584556818008,0.0035564913414418,0.0268426872789859,0.2667042,Geleia,Minecraft,1 PULO  MAIS SUPER PULO NO MINECRAFT [GySwdlXitVQ],,GZ,GZ,GZ,"🎬 Canal: Geleia | 🎥 Vídeo: 1 PULO  MAIS SUPER PULO NO MINECRAFT [GySwdlXitVQ]
⏱️ Segmento/Index: 2
🤖 Consenso de IA: GZ (Detoxify: 0.532 | Perspective: 0.267)
──────────────────────────────────────────────────
Fala transcrita:
""Eu acho que quanto mais pulo, mais pulo mano, eu acho Tá Ó, vamos lá Cara, vai ser um negócio bem difícil aqui Mas, acho que dá hein mano Que dá, ó, já comprou um pouco de bloco aqui já mano Faz uns dias que eu não jogo Bad Wars, eu nem lembro direito como é que faz as paradinhas aqui Mas vamos tentar ganhar mano, vamos tentar ganhar Ai meu Deus Nossa senhora, eu já tô pulando muito alto mano Os caras já perguntando se eu trollo no chat Hahahaha Meu amigo Tá mano, ó, o açúcar é do time Ciano ali tá gente, ele tá com outro nick ali Mas, deu uns probleminha aqui Ó, eu vou pegar aqui uma chupadinha de ferro já E açúcar, a gente é inimigo hein Oi, tá bom, ai eu tô com medo aí Ai, tem cara aqui, tem cara aqui, tem cara aqui Não, não, não, não, não, meu Deus, meu Deus, meu Deus Hahahaha Hahahaha A gente tá lutando no espaço velho Que que é isso mano Hahahaha Batalha épica Mano, é muito louco, é muito difícil Veei, que Nossa, não vai ter nem como Não vai ter nem como terminar aqui, vei Que loucura, tá, vambora mano, ó, eu vou comprar Hahahaha, mano Que loucura, vei, vem cá, vem cá Ó, ó, ó, ó, ó, ó Ai meu Deus, tomei dano, tomei dano, tomei dano Meu Deus, tô tomando dano vei Não, não, não Não, não, não, não, não, não Eles destruíram minha cama, não Não, não Eu não acredito, velho Ai meu amigo, eu perdi Ah mano Eita Nossa, vei, que loucura mano Ah, ele ganhou aqui Eu tô lutando com os equipes de trocar, eles estão chatos hoje Galera, vamos ter que ir pra próxima partida mano Beleza mano Evita pular, eu troquei o plugue aqui""",Avaliador_B,Avaliador_D
2,"Quebra! Quebra! Quebra! Quebra! Quebra! Quebra! Doutora Carminha! O que está acontecendo, autoridade? Elas estão destruindo minha casa! Quebra! Quebra! Doutora Carminha, elas quebraram sua casinha, né? Quebra! Quebra! Elas estão quebrando minha casinha! Quebra! Quebra! Elas estão quebrando minha casinha! Quebra! Quebra! Pára! Pain! Quebra! Quebra! Quebra! Quebra! Quebra! Quebra! Vocês desobedecerão! E deixam morrer, Elas! Quebra! Foi o bichinho do quebra! Agora vou levar pra punição! Vem! Quebra! Quebra! Não, não vai ter punição! Não vai ter punição porque vez quebra quebra.",0.6881837844848633,0.2893989980220794,0.0224171504378318,NEG,0.9498603343963624,0.0085959183052182,0.0511886775493621,0.0047184946015477,0.0539156198501586,0.3267059028148651,0.0116711864247918,0.53579444,Lokis,Roblox,AS QUEBRADORAS DE PAREDES  Roblox - Destruction Physics [KssmQCdfdAk],,T,T,T,"🎬 Canal: Lokis | 🎥 Vídeo: AS QUEBRADORAS DE PAREDES  Roblox - Destruction Physics [KssmQCdfdAk]
⏱️ Segmento/Index: 2
🤖 Consenso de IA: T (Detoxify: 0.95 | Perspective: 0.536)
──────────────────────────────────────────────────
Fala transcrita:
""Quebra! Quebra! Quebra! Quebra! Quebra! Quebra! Doutora Carminha! O que está acontecendo, autoridade? Elas estão destruindo minha casa! Quebra! Quebra! Doutora Carminha, elas quebraram sua casinha, né? Quebra! Quebra! Elas estão quebrando minha casinha! Quebra! Quebra! Elas estão quebrando minha casinha! Quebra! Quebra! Pára! Pain! Quebra! Quebra! Quebra! Quebra! Quebra! Quebra! Vocês desobedecerão! E deixam morrer, Elas! Quebra! Foi o bichinho do quebra! Agora vou levar pra punição! Vem! Quebra! Quebra! Não, não vai ter punição! Não vai ter punição porque vez quebra quebra.""",Avaliador_B,Avaliador_D
2,"Hahaha, e essa aqui, ela tá assustadora Bom, eu já vi aqui muitas inspirações de Momi, mas eu acho que eu posso criar a minha própria junto com vocês Então bora lá comprar os itens Confesso para vocês que eu já tentei virar Momilong Legs antes e não ficou uma transformação tão legal Então eu vou começar aqui vindo nos personagens e nos comprados e vou transformar o meu personagem em um esqueleto Já que a Momilong Legs é longa, é grande, vamos deixar um corpo grande para ela Mas eu também quero mudar a cabeça Agora então vamos mudar a cabeça para deixar pronto para receber as roupas Eu acho que eu vou deixar essa cabeça de mulher mesmo que eu estava Pronto, não ficou tão legal com esse cabelo do esqueleto, mas é o que nós temos por enquanto antes de fazer qualquer mudança E eu também quero mudar o tronco Eu só não sei qual que eu coloco, qual vai ser melhor? Será que eu deixo o de esqueleto por enquanto? Ou eu coloco aqui outro tronco, sei lá Bom, por enquanto eu vou deixar o de esqueleto, se for preciso eu venho e troco Bora para a loja do avatar Primeiro eu vou escrever aqui Momilong para ver o que aparece E vamos ver...",0.0187570303678512,0.1506922543048858,0.8305507302284241,POS,0.0111545911058783,0.0038874463643878,0.0303279384970664,0.0032529952004551,0.0321932695806026,0.001393559272401,0.0067466888576745,0.1587729,Papile,Roblox,VIVENDO COMO A MOMMY LONG LEGS no ROBLOX Poppy Playtime CAPITULO 2 [tedPP-srOAI],0.018756965175271,NT,NT,NT,"🎬 Canal: Papile | 🎥 Vídeo: VIVENDO COMO A MOMMY LONG LEGS no ROBLOX Poppy Playtime CAPITULO 2 [tedPP-srOAI]
⏱️ Segmento/Index: 2
🤖 Consenso de IA: NT (Detoxify: 0.011 | Perspective: 0.159)
──────────────────────────────────────────────────
Fala transcrita:
""Hahaha, e essa aqui, ela tá assustadora Bom, eu já vi aqui muitas inspirações de Momi, mas eu acho que eu posso criar a minha própria junto com vocês Então bora lá comprar os itens Confesso para vocês que eu já tentei virar Momilong Legs antes e não ficou uma transformação tão legal Então eu vou começar aqui vindo nos personagens e nos comprados e vou transformar o meu personagem em um esqueleto Já que a Momilong Legs é longa, é grande, vamos deixar um corpo grande para ela Mas eu também quero mudar a cabeça Agora então vamos mudar a cabeça para deixar pronto para receber as roupas Eu acho que eu vou deixar essa cabeça de mulher mesmo que eu estava Pronto, não ficou tão legal com esse cabelo do esqueleto, mas é o que nós temos por enquanto antes de fazer qualquer mudança E eu também quero mudar o tronco Eu só não sei qual que eu coloco, qual vai ser melhor? Será que eu deixo o de esqueleto por enquanto? Ou eu coloco aqui outro tronco, sei lá Bom, por enquanto eu vou deixar o de esqueleto, se for preciso eu venho e troco Bora para a loja do avatar Primeiro eu vou escrever aqui Momilong para ver o que aparece E vamos ver...""",Avaliador_B,Avaliador_D
8,"Coloquem aí nos comentários se vocês gostam de Usar moletom, tênis, Salto, vestido Qual é o seu estilo? Gente, mas o salto Salto?",0.1029604896903038,0.8713446855545044,0.0256948303431272,NEU,0.0015324359992519,0.0003223888634238,0.0054589151404798,0.0004637694219127,0.002110478002578,0.0002393573377048,0.0004563381080515,0.049584184,Julia MineGirl,Roblox,DESFILE DE LOOKS NO MINECRAFT Fashion Show [Qvucu1L8A7A],,NT,NT,NT,"🎬 Canal: Julia MineGirl | 🎥 Vídeo: DESFILE DE LOOKS NO MINECRAFT Fashion Show [Qvucu1L8A7A]
⏱️ Segmento/Index: 8
🤖 Consenso de IA: NT (Detoxify: 0.002 | Perspective: 0.05)
──────────────────────────────────────────────────
Fala transcrita:
""Coloquem aí nos comentários se vocês gostam de Usar moletom, tênis, Salto, vestido Qual é o seu estilo? Gente, mas o salto Salto?""",Avaliador_B,Avaliador_D
9,"Ah, entendi E o que quer dizer? Quer dizer que é um baú com explosivos de novo, né? Com certeza que é uma trollagem sua Não, não, não, já peguei, eu parei de fazer a trollagem, eu parei É, entendi Então eu vou abrir pra ver o que é que tem dentro Calma aí, deixa eu só pular aqui em cima dele pra não ter nenhum problema, né? Agora, tá vazio esse baú McFly Deixa eu sair daqui, não tem nada demais não, até mais, tchau Eu vou ainda nessa, mas sim, eu vou ainda nessa E não explodiu, é, dá uma olhada aí, vê aí Não, não, já detenho como não, cara não Essa foi muito boa, consegui despistar o McFly e ele caiu de própria trollagem Deixa eu ficar pequeno, o que? Ele tá me... Corre, corre, corre, corre, jtp Eu te vi, você na minha casa Rápido, vamos lá, tem que ir pro esconderijo Pro esconderijo Não, não, não, não, não, essa foi por pouco, pessoal, eu tô chegando Tô chegando perto do esconderijo, será que eu vou conseguir?",0.4959281086921692,0.4659924507141113,0.038079485297203,NEG,0.3883781731128692,0.0072126523591578,0.048640914261341,0.0049734315834939,0.0570925734937191,0.0048848493024706,0.0074101304635405,0.36095104,JP Plays,Minecraft,fiz uma BASE SECRETA dentro da casa do meu amigo [1bNRu1m-1Go],,GZ,GZ,GZ,"🎬 Canal: JP Plays | 🎥 Vídeo: fiz uma BASE SECRETA dentro da casa do meu amigo [1bNRu1m-1Go]
⏱️ Segmento/Index: 9
🤖 Consenso de IA: GZ (Detoxify: 0.388 | Perspective: 0.361)
──────────────────────────────────────────────────
Fala transcrita:
""Ah, entendi E o que quer dizer? Quer dizer que é um baú com explosivos de novo, né? Com certeza que é uma trollagem sua Não, não, não, já peguei, eu parei de fazer a trollagem, eu parei É, entendi Então eu vou abrir pra ver o que é que tem dentro Calma aí, deixa eu só pular aqui em cima dele pra não ter nenhum problema, né? Agora, tá vazio esse baú McFly Deixa eu sair daqui, não tem nada demais não, até mais, tchau Eu vou ainda nessa, mas sim, eu vou ainda nessa E não explodiu, é, dá uma olhada aí, vê aí Não, não, já detenho como não, cara não Essa foi muito boa, consegui despistar o McFly e ele caiu de própria trollagem Deixa eu ficar pequeno, o que? Ele tá me... Corre, corre, corre, corre, jtp Eu te vi, você na minha casa Rápido, vamos lá, tem que ir pro esconderijo Pro esconderijo Não, não, não, não, não, essa foi por pouco, pessoal, eu tô chegando Tô chegando perto do esconderijo, será que eu vou conseguir?""",Avaliador_B,Avaliador_D
1,"Tá, ele tá naquela casa ali. Antes de eu estar explodindo a casa dele, eu vou explodir essa outra. Tá, deixa eu vir nessa casa aqui. Será que tem alguma coisa? É, tem coisa no baú, mas não é coisa muito importante. Então acho que dá pra gente explodir essa casa aqui. Tá, mas essa casa ainda tá bem inteira. Deixa eu explodir mais um pouquinho. É, é, agora sim. Ai, que isso! Um Creeper! Mas essa daqui ainda não é a casa dele, a casa dele é essa outra. E eu acho que ele já me viu, ele tá atrás de mim, eu vou fugir dele. Porque eu quero explodir essa casa, e se ele ficar correndo atrás de mim, eu não vou conseguir. Sai, sai de perto de mim, explode também! Sai de perto de mim! Não, que isso! Ele não morre! Tá, eu acho que é a minha chance de explodir a casa dele. Entra aqui dentro, explode, explode, eu vou explodir tudo. Não, minha casa, não, não, Creeper! Não! Ah, mano, eu vou te pegar, vem cá! Nossa, chegou até no mar! É, na verdade isso aqui não é o mar, é só uma poça de água. Sai, sai daqui, sai daqui! Não, sai, eu não consigo, eu não consigo bater, eu não consigo bater, eu não consigo bater!",0.2133094519376754,0.6955259442329407,0.091164618730545,NEU,0.8483244776725769,0.0042351372539997,0.0242176931351423,0.0022178993094712,0.0332397855818271,0.426175057888031,0.0083583863452076,0.43965456,Cadres,Minecraft,Trolei o meu amigo virando MOB no Minecraft [GTZsckVbcKo],,T,T,T,"🎬 Canal: Cadres | 🎥 Vídeo: Trolei o meu amigo virando MOB no Minecraft [GTZsckVbcKo]
⏱️ Segmento/Index: 1
🤖 Consenso de IA: T (Detoxify: 0.848 | Perspective: 0.44)
──────────────────────────────────────────────────
Fala transcrita:
""Tá, ele tá naquela casa ali. Antes de eu estar explodindo a casa dele, eu vou explodir essa outra. Tá, deixa eu vir nessa casa aqui. Será que tem alguma coisa? É, tem coisa no baú, mas não é coisa muito importante. Então acho que dá pra gente explodir essa casa aqui. Tá, mas essa casa ainda tá bem inteira. Deixa eu explodir mais um pouquinho. É, é, agora sim. Ai, que isso! Um Creeper! Mas essa daqui ainda não é a casa dele, a casa dele é essa outra. E eu acho que ele já me viu, ele tá atrás de mim, eu vou fugir dele. Porque eu quero explodir essa casa, e se ele ficar correndo atrás de mim, eu não vou conseguir. Sai, sai de perto de mim, explode também! Sai de perto de mim! Não, que isso! Ele não morre! Tá, eu acho que é a minha chance de explodir a casa dele. Entra aqui dentro, explode, explode, eu vou explodir tudo. Não, minha casa, não, não, Creeper! Não! Ah, mano, eu vou te pegar, vem cá! Nossa, chegou até no mar! É, na verdade isso aqui não é o mar, é só uma poça de água. Sai, sai daqui, sai daqui! Não, sai, eu não consigo, eu não consigo bater, eu não consigo bater, eu não consigo bater!""",Avaliador_B,Avaliador_D
17,"Gente! Alguém acha o gerador, por favor! Acha o gerador, por favor! Ai! Não, não, não! Olha, Luca! Eu estou com 26, mami! Pegou um! Ele pegou um! Nossa, ele está pegando um montão! Ele pegou um! Três! Três já! Luca! Os geradores abriram uma nova área! Mas eu estou com 6% de vida, mami! Ele vai me pegar! Fique escondida! Mas ele está vendo... Ai! Que pegada! Não, filha! Foge, mami! Só foge daí que ele está indo! Aí, mami! Você está vendo ele ali do outro lado do mundo! Vai, foge! Tô vendo! Foge das beltas, mami! Vai, você vai sair do futeu das beltas! Vai que eu estou para te ajudar, mami! Vai! Foge das beltas! Tô correndo! Tá, vou ver se eu acho alguma coisa... Não, mami! Vem cá! Pegue aqui, ó! Vai pro fim da parede enferrujada!",0.742005467414856,0.2211288958787918,0.0368655584752559,NEG,0.2637510001659393,0.0007561597158201,0.0469147861003875,0.0007227777969092,0.0418106988072395,0.0137102380394935,0.0035288571380078,0.30527395,Luluca Games,Roblox,Roblox - O ÚLTIMO SOBREVIVENTE VENCE Stop it Slender  Luluca Games [2OZS9YjXW2E],0.7420046329498291,GZ,GZ,GZ,"🎬 Canal: Luluca Games | 🎥 Vídeo: Roblox - O ÚLTIMO SOBREVIVENTE VENCE Stop it Slender  Luluca Games [2OZS9YjXW2E]
⏱️ Segmento/Index: 17
🤖 Consenso de IA: GZ (Detoxify: 0.264 | Perspective: 0.305)
──────────────────────────────────────────────────
Fala transcrita:
""Gente! Alguém acha o gerador, por favor! Acha o gerador, por favor! Ai! Não, não, não! Olha, Luca! Eu estou com 26, mami! Pegou um! Ele pegou um! Nossa, ele está pegando um montão! Ele pegou um! Três! Três já! Luca! Os geradores abriram uma nova área! Mas eu estou com 6% de vida, mami! Ele vai me pegar! Fique escondida! Mas ele está vendo... Ai! Que pegada! Não, filha! Foge, mami! Só foge daí que ele está indo! Aí, mami! Você está vendo ele ali do outro lado do mundo! Vai, foge! Tô vendo! Foge das beltas, mami! Vai, você vai sair do futeu das beltas! Vai que eu estou para te ajudar, mami! Vai! Foge das beltas! Tô correndo! Tá, vou ver se eu acho alguma coisa... Não, mami! Vem cá! Pegue aqui, ó! Vai pro fim da parede enferrujada!""",Avaliador_B,Avaliador_D
12,"Entrou ali! Olha aí, Lopes! E aí, meu bom? Não, não, não! Ah, qual é? Não! Não, cara! Sai, pilho! Não! Ai, ele me derrubou! Eu tô vivo! Quem tá ganhando ainda? Não! Não! Quem foi? Não, velho! Que isso? Eu não tenho a impressão que ele me focou! Que delante! O Lopes ficou num bloquinho só, velho! Cara, eu não acredito nisso! Só tem quem? Quem é que tá lá embaixo? O Lopes agarra de novo! Oh, Deus! Se mata aí, mano! A terceira lei vai ser destruída! Ih, ele vai morrer! Vixe! Ninguém ganhou! Que? Que loucura, bicho!",0.656152069568634,0.2893940806388855,0.0544537790119648,NEG,0.9333934783935548,0.0074909012764692,0.0640967339277267,0.0070968111976981,0.1178015768527984,0.131186231970787,0.0188039001077413,0.4014846,Geleia,Minecraft,o último YOUTUBER a ficar VIVO neste MAPA GANHA 1 real no minecraft [7wJkX4uuAu4],,T,T,T,"🎬 Canal: Geleia | 🎥 Vídeo: o último YOUTUBER a ficar VIVO neste MAPA GANHA 1 real no minecraft [7wJkX4uuAu4]
⏱️ Segmento/Index: 12
🤖 Consenso de IA: T (Detoxify: 0.933 | Perspective: 0.401)
──────────────────────────────────────────────────
Fala transcrita:
""Entrou ali! Olha aí, Lopes! E aí, meu bom? Não, não, não! Ah, qual é? Não! Não, cara! Sai, pilho! Não! Ai, ele me derrubou! Eu tô vivo! Quem tá ganhando ainda? Não! Não! Quem foi? Não, velho! Que isso? Eu não tenho a impressão que ele me focou! Que delante! O Lopes ficou num bloquinho só, velho! Cara, eu não acredito nisso! Só tem quem? Quem é que tá lá embaixo? O Lopes agarra de novo! Oh, Deus! Se mata aí, mano! A terceira lei vai ser destruída! Ih, ele vai morrer! Vixe! Ninguém ganhou! Que? Que loucura, bicho!""",Avaliador_B,Avaliador_D
85,"Tá, nice. Nossa, ali tem um monte de Scrape. Vocês tem mais coisa de Ampere e Scorpion ali? Ampere e Scorpion. Ampere e Scorpion. Ampere... Não, não tem. Agora falta o Kraken. Vamos lá, mano. Kraken, Vortex Isle. A Vortex Isle a gente tem que ir pra dimensão de vidro. Olha, eu tenho um Molenoid aqui comigo, hein, mano. Bora. Agora eu tô com a Royal Guardian, velho. Não, agora é um tapa só. É um tapinha, não. Vamos conhecer o bichinho antes de nós matar ele. Vamos dar uma oportunidade pra ele... Galera, vamos dar uma oportunidade pro Molenoid, né? Pelo menos falar algo na vida dele antes dele morrer, porque ele vai morrer muito rápido. Eu vou espalhar três, porque eu tenho três aqui comigo. Fechou. Fica o Molenoid. Molenoid é bonitinho, ele coloca terra. Cara, eu vou precisar...",0.0781295001506805,0.8804831504821777,0.0413872711360454,NEU,0.3589768409729004,0.0064273565076291,0.0426224917173385,0.0042866081930696,0.035057071596384,0.025282047688961,0.0186632573604583,0.3389984,AuthenticGames,Minecraft,MONSTROS MAIS FORTES DO MINECRAFT  - Minecraft Orespawn 04 [oQcS426A6MU],,GZ,GZ,GZ,"🎬 Canal: AuthenticGames | 🎥 Vídeo: MONSTROS MAIS FORTES DO MINECRAFT  - Minecraft Orespawn 04 [oQcS426A6MU]
⏱️ Segmento/Index: 85
🤖 Consenso de IA: GZ (Detoxify: 0.359 | Perspective: 0.339)
──────────────────────────────────────────────────
Fala transcrita:
""Tá, nice. Nossa, ali tem um monte de Scrape. Vocês tem mais coisa de Ampere e Scorpion ali? Ampere e Scorpion. Ampere e Scorpion. Ampere... Não, não tem. Agora falta o Kraken. Vamos lá, mano. Kraken, Vortex Isle. A Vortex Isle a gente tem que ir pra dimensão de vidro. Olha, eu tenho um Molenoid aqui comigo, hein, mano. Bora. Agora eu tô com a Royal Guardian, velho. Não, agora é um tapa só. É um tapinha, não. Vamos conhecer o bichinho antes de nós matar ele. Vamos dar uma oportunidade pra ele... Galera, vamos dar uma oportunidade pro Molenoid, né? Pelo menos falar algo na vida dele antes dele morrer, porque ele vai morrer muito rápido. Eu vou espalhar três, porque eu tenho três aqui comigo. Fechou. Fica o Molenoid. Molenoid é bonitinho, ele coloca terra. Cara, eu vou precisar...""",Avaliador_B,Avaliador_D
2,"Estágio 5 Aí, linha reta Linha reta, então só pode ser protegeada Vixi, lá, você é um cachorro ali Do nada Do nada Toma Do nada, um cachorro Um cachorro morto ali, ó Morra, vou pegar o hellop agora Vixi, já me foi no meio das pedras, não faz isso Tira as pedras pra repassar, mano Vá Vou jogar as pedras nos cachorros, toma Tô jogando pedras, tem cachorro O que é isso, cara? Olha só, olha só, animais Ah, proteja a véia, ó, muito, vou dar a véia, ó É Ah A mina...",0.2759761214256286,0.6385260224342346,0.0854978561401367,NEU,0.5166725516319275,0.0061264298856258,0.0387386009097099,0.0028157520573586,0.0428778156638145,0.0291040670126676,0.013381814584136,0.200795,meu nome é david,Roblox,NOVO JOGO MOBILE - SALVAMOS UMAS VELHINHA EM APUROS DEU RUIM [kDbEm9o4-aY],,GZ,GZ,GZ,"🎬 Canal: meu nome é david | 🎥 Vídeo: NOVO JOGO MOBILE - SALVAMOS UMAS VELHINHA EM APUROS DEU RUIM [kDbEm9o4-aY]
⏱️ Segmento/Index: 2
🤖 Consenso de IA: GZ (Detoxify: 0.517 | Perspective: 0.201)
──────────────────────────────────────────────────
Fala transcrita:
""Estágio 5 Aí, linha reta Linha reta, então só pode ser protegeada Vixi, lá, você é um cachorro ali Do nada Do nada Toma Do nada, um cachorro Um cachorro morto ali, ó Morra, vou pegar o hellop agora Vixi, já me foi no meio das pedras, não faz isso Tira as pedras pra repassar, mano Vá Vou jogar as pedras nos cachorros, toma Tô jogando pedras, tem cachorro O que é isso, cara? Olha só, olha só, animais Ah, proteja a véia, ó, muito, vou dar a véia, ó É Ah A mina...""",Avaliador_B,Avaliador_D
7,"É você que manda no pedaço, é isso aí, parabéns Parabéns, parabéns, é isso aí, melhor ficar bem pênis McFly, fica parado que eu acho que tem um bicho, tem um bicho no seu... calma aí Calma, fica parado, fica parado, senão não vou conseguir, fica parado, fica parado Calma, vou tirar esse bicho aí de você, tem um bicho nas suas costas Ah não, não era nada não, desculpa, desculpa, foi sem querer, foi sem querer, não tem nada, não tem nada É, é melhor ir embora, vai embora mesmo Eu estou indo embora, tchauzinho, tchauzinho, galera Ai, não precisa atirar em mim não, não precisa atirar em mim Vai, vaza, vaza Olha, você está muito bravo, sabe o que a gente devia fazer? Você quer jogar um pouco de futebol? Futebol? É, eu gostaria, vamos lá Tá, então vamos jogar futebol, olha, o campo está bem iluminado, mesmo estando de noite Tá, valeu, ainda não vou fazer o gol Olha, driblei, driblei o policial E agora? Eu vou chutar Ai, o que é isso? Você está atirando em mim? Para com isso, você não sabe perder não, só porque eu ia fazer o gol?",0.4352394342422485,0.4685637652873993,0.0961967781186103,NEU,0.9409566521644592,0.0108342841267585,0.0824525952339172,0.0031072339043021,0.0654642507433891,0.0145864579826593,0.4258234202861786,0.6491204,JP Plays,Minecraft,SE VOCÊ ESCAPAR DA PRISÃO GANHA 1000 ROBUX NO ROBLOX [Xa8YdQLEGJ8],,T,T,T,"🎬 Canal: JP Plays | 🎥 Vídeo: SE VOCÊ ESCAPAR DA PRISÃO GANHA 1000 ROBUX NO ROBLOX [Xa8YdQLEGJ8]
⏱️ Segmento/Index: 7
🤖 Consenso de IA: T (Detoxify: 0.941 | Perspective: 0.649)
──────────────────────────────────────────────────
Fala transcrita:
""É você que manda no pedaço, é isso aí, parabéns Parabéns, parabéns, é isso aí, melhor ficar bem pênis McFly, fica parado que eu acho que tem um bicho, tem um bicho no seu... calma aí Calma, fica parado, fica parado, senão não vou conseguir, fica parado, fica parado Calma, vou tirar esse bicho aí de você, tem um bicho nas suas costas Ah não, não era nada não, desculpa, desculpa, foi sem querer, foi sem querer, não tem nada, não tem nada É, é melhor ir embora, vai embora mesmo Eu estou indo embora, tchauzinho, tchauzinho, galera Ai, não precisa atirar em mim não, não precisa atirar em mim Vai, vaza, vaza Olha, você está muito bravo, sabe o que a gente devia fazer? Você quer jogar um pouco de futebol? Futebol? É, eu gostaria, vamos lá Tá, então vamos jogar futebol, olha, o campo está bem iluminado, mesmo estando de noite Tá, valeu, ainda não vou fazer o gol Olha, driblei, driblei o policial E agora? Eu vou chutar Ai, o que é isso? Você está atirando em mim? Para com isso, você não sabe perder não, só porque eu ia fazer o gol?""",Avaliador_B,Avaliador_D
26,"Que maluquíssimo poucos Acerta algumas flechas aqui, ó Vou acertar algumas flechas Flechas não tá adiantando nada Uma achada é pior, né A espada pelo menos consegue causar mais dano De certo modo Então, vamos lá Olha isso, falta pouco Falta pouco aqui desse lado E a outra janela, Lucas Na outra janela, eu acho que tem também Eu tô achando que tem também O importante é que a base tá resistindo muito bem Nem um bloco quebrado A porta tá inteira Tudo bem, é uma porta de ferro, né Uma porta de ferro com certeza ia resistir Agora desse lado não tem muito não, hein Falta pouco, McFly Eu acho que eu vou até sair aqui, ó Acho que eu vou até sair aqui, hein Eu acho que eu só não posso cair na lava Cair na lava Justo que eu não queria que acontecesse Justo que eu não queria que acontecesse Tô aqui, tô bem, tô bem Nossa, só espero que esse efeito de fogo passe logo Porque tá difícil As chamas tão atrapalhando bastante Mas talvez eu consiga acertar Ó, tem as portas que a gente pode fechar e abrir, ó Pra proteger as janelas Que susto, McFly Que susto, McFly Beleza, ó Eu vou sair lá fora de novo Ó, tem um aqui, tem um aqui, tem um aqui",0.4188183844089508,0.4407812654972076,0.1404003500938415,NEU,0.0681439638137817,0.007710663601756,0.0488494448363781,0.005967522971332,0.0472041219472885,0.0070284884423017,0.0026630065403878,0.17111848,JP Plays,Minecraft,CONSTRUA BASE SEGURA CONTRA ZUMBIS SEM SAIR DO CÍRCULO VERMELHO  NO MINECRAFT [W-h41wF7hyE],,NT,NT,NT,"🎬 Canal: JP Plays | 🎥 Vídeo: CONSTRUA BASE SEGURA CONTRA ZUMBIS SEM SAIR DO CÍRCULO VERMELHO  NO MINECRAFT [W-h41wF7hyE]
⏱️ Segmento/Index: 26
🤖 Consenso de IA: NT (Detoxify: 0.068 | Perspective: 0.171)
──────────────────────────────────────────────────
Fala transcrita:
""Que maluquíssimo poucos Acerta algumas flechas aqui, ó Vou acertar algumas flechas Flechas não tá adiantando nada Uma achada é pior, né A espada pelo menos consegue causar mais dano De certo modo Então, vamos lá Olha isso, falta pouco Falta pouco aqui desse lado E a outra janela, Lucas Na outra janela, eu acho que tem também Eu tô achando que tem também O importante é que a base tá resistindo muito bem Nem um bloco quebrado A porta tá inteira Tudo bem, é uma porta de ferro, né Uma porta de ferro com certeza ia resistir Agora desse lado não tem muito não, hein Falta pouco, McFly Eu acho que eu vou até sair aqui, ó Acho que eu vou até sair aqui, hein Eu acho que eu só não posso cair na lava Cair na lava Justo que eu não queria que acontecesse Justo que eu não queria que acontecesse Tô aqui, tô bem, tô bem Nossa, só espero que esse efeito de fogo passe logo Porque tá difícil As chamas tão atrapalhando bastante Mas talvez eu consiga acertar Ó, tem as portas que a gente pode fechar e abrir, ó Pra proteger as janelas Que susto, McFly Que susto, McFly Beleza, ó Eu vou sair lá fora de novo Ó, tem um aqui, tem um aqui, tem um aqui""",Avaliador_B,Avaliador_D
3,"eu cheguei você chegou ai mammy ta, ta pera ai to aqui louca ai não sei porque eu contratei essas crianças nossa nossa são oi mammy oi gente bora lá bora bora bora bora bora bora bora bora bora bora eu falei que iria falar ladies and gentlemen ai se preparem para o mais engraçado o mais maluco o mais estupido quer dizer o mais bobinho palhaços do roblox pet e a sua gangue o uuuu saiu mammy entra aqui mammy entra aqui a ta eu achei que esse aqui era você mammy entra aqui a ta a ta o uu mammy entra aqui mammy entra aqui a ta Ouuu saiu! Papapara papapara papapara Mami entra aqui! Eu entrei! Ah tá, eu achei que esse aqui era você, Mami! Papapara papapara papapara É pra empurrar um palhaço, outro Que que é pra fazer? Ih Mami, agora os nossos palhaços vão brigar Até morrer Não gente, a gente não faz isso não Não gente, é brincadeira Palhaços, se preparem para a luta! Nossa!",0.1451496481895446,0.5079289078712463,0.3469215035438537,NEU,0.8714442849159241,0.0024795883800834,0.0333759151399135,0.00300895399414,0.3441255986690521,0.0047939773648977,0.003999943844974,0.584095,Luluca Games,Roblox,Roblox - VIREI UMA PALHACINHA DESAJEITADA Patchy Origin  Luluca Games [irNEZXoagD4],0.1451497375965118,T,T,T,"🎬 Canal: Luluca Games | 🎥 Vídeo: Roblox - VIREI UMA PALHACINHA DESAJEITADA Patchy Origin  Luluca Games [irNEZXoagD4]
⏱️ Segmento/Index: 3
🤖 Consenso de IA: T (Detoxify: 0.871 | Perspective: 0.584)
──────────────────────────────────────────────────
Fala transcrita:
""eu cheguei você chegou ai mammy ta, ta pera ai to aqui louca ai não sei porque eu contratei essas crianças nossa nossa são oi mammy oi gente bora lá bora bora bora bora bora bora bora bora bora bora eu falei que iria falar ladies and gentlemen ai se preparem para o mais engraçado o mais maluco o mais estupido quer dizer o mais bobinho palhaços do roblox pet e a sua gangue o uuuu saiu mammy entra aqui mammy entra aqui a ta eu achei que esse aqui era você mammy entra aqui a ta a ta o uu mammy entra aqui mammy entra aqui a ta Ouuu saiu! Papapara papapara papapara Mami entra aqui! Eu entrei! Ah tá, eu achei que esse aqui era você, Mami! Papapara papapara papapara É pra empurrar um palhaço, outro Que que é pra fazer? Ih Mami, agora os nossos palhaços vão brigar Até morrer Não gente, a gente não faz isso não Não gente, é brincadeira Palhaços, se preparem para a luta! Nossa!""",Avaliador_B,Avaliador_D
17,"Sai daqui Seus zumbis malvados Não andem não, não andem não Nossa, estão tentando quebrar o laser parece Isso, eles estão se derrubando Seus zumbis atrapalhados Zumbis atrapalhados Zumbis atrapalhados Nossa, são muitos quebraram o laser Não, não, não, não, não está funcionando ainda São muitos, eu nunca vi tanto zumbi É melhor me proteger com um escudo Porque eu não quero ser devorado por eles Calma, sai daqui, sai daqui, toma essa Toma essa, toma essa Isso, pode vir, pode vir Vocês não vão conseguir sobreviver a essas armadilhas Toma essa Vem aqui, vem aqui seu zumbi malvado Sai para lá, sai para lá, me deixa em paz Me deixa em paz Isso, tchauzinho, tchauzinho Esse exército já era PJ Esse exército de zumbis já era Ha ha ha Tenho que vencer alguma outra escapagem Eu vou ter que usar as minhas próprias mãos Mais uma vitória das armadilhas Que foram construídas Porém, o PJ Puggya Pillar disse que Ele mesmo vai atacar da próxima vez E por ele ser mais forte que Os monstros que vieram atacar Eu preciso reforçar ainda",0.9454906582832336,0.0351095721125602,0.0193997267633676,NEG,0.8548322916030884,0.0102102300152182,0.0629332661628723,0.009689524769783,0.0973368063569068,0.0219207257032394,0.0182001870125532,0.40614098,JP Plays,Minecraft,50 HACKS de CONSTRUÇÃO SEGURA - O FILME [Iq8VpF78l2E],,T,T,T,"🎬 Canal: JP Plays | 🎥 Vídeo: 50 HACKS de CONSTRUÇÃO SEGURA - O FILME [Iq8VpF78l2E]
⏱️ Segmento/Index: 17
🤖 Consenso de IA: T (Detoxify: 0.855 | Perspective: 0.406)
──────────────────────────────────────────────────
Fala transcrita:
""Sai daqui Seus zumbis malvados Não andem não, não andem não Nossa, estão tentando quebrar o laser parece Isso, eles estão se derrubando Seus zumbis atrapalhados Zumbis atrapalhados Zumbis atrapalhados Nossa, são muitos quebraram o laser Não, não, não, não, não está funcionando ainda São muitos, eu nunca vi tanto zumbi É melhor me proteger com um escudo Porque eu não quero ser devorado por eles Calma, sai daqui, sai daqui, toma essa Toma essa, toma essa Isso, pode vir, pode vir Vocês não vão conseguir sobreviver a essas armadilhas Toma essa Vem aqui, vem aqui seu zumbi malvado Sai para lá, sai para lá, me deixa em paz Me deixa em paz Isso, tchauzinho, tchauzinho Esse exército já era PJ Esse exército de zumbis já era Ha ha ha Tenho que vencer alguma outra escapagem Eu vou ter que usar as minhas próprias mãos Mais uma vitória das armadilhas Que foram construídas Porém, o PJ Puggya Pillar disse que Ele mesmo vai atacar da próxima vez E por ele ser mais forte que Os monstros que vieram atacar Eu preciso reforçar ainda""",Avaliador_B,Avaliador_D
3,"Aí você foi amassado! Ninguém mandou você pisar em mim aquela hora! Mas agora eu já vou conseguir passar pro tamanho 20! É só eu clicar nessa alavanca... E pronto! Olha o meu tamanho! Eu tô maior que a casa da vila! Nossa, será que no nível 50? Eu vou conseguir chegar no sol! Ah, mas antes da gente chegar lá, a gente precisa chegar no tamanho 30! E pra chegar no tamanho 30, a gente precisa derrotar o gigante! Que gigante? Ah, você pisou em cima dos Villagers! Quem que tá falando isso? Ah, tem um Iron Golem gigante aqui! Olha, agora eu vou me vingar de você! Você vai ver só! Ai, parece que o Iron Golem tá atrás de mim! E não, eu fiquei preso! Corre, corre, corre! Ah, vem aqui, Iron Golem! Toma! Eu errei todas, não! Ele me bateu! Cada dano dele me tira metade da vida! Ele é muito forte! Ai, será que eu vou conseguir derrotar ele? E passar pro próximo tamanho? Ah, eu vou tentar bater nele daqui de cima! Toma! Ai, parece que agora ele tá bravo! Ele tá correndo atrás de mim! Corre, corre, corre! Ai, vem aqui, Iron Golem!",0.2839672863483429,0.6430923938751221,0.0729402974247932,NEU,0.7176272869110107,0.0060821212828159,0.0444258339703083,0.0029650155920535,0.0375413484871387,0.0784039422869682,0.0118606463074684,0.2854971,Cadres,Minecraft,Eu Virei um GIGANTE no Minecraft [VjVAwale_jk],,GZ,GZ,GZ,"🎬 Canal: Cadres | 🎥 Vídeo: Eu Virei um GIGANTE no Minecraft [VjVAwale_jk]
⏱️ Segmento/Index: 3
🤖 Consenso de IA: GZ (Detoxify: 0.718 | Perspective: 0.285)
──────────────────────────────────────────────────
Fala transcrita:
""Aí você foi amassado! Ninguém mandou você pisar em mim aquela hora! Mas agora eu já vou conseguir passar pro tamanho 20! É só eu clicar nessa alavanca... E pronto! Olha o meu tamanho! Eu tô maior que a casa da vila! Nossa, será que no nível 50? Eu vou conseguir chegar no sol! Ah, mas antes da gente chegar lá, a gente precisa chegar no tamanho 30! E pra chegar no tamanho 30, a gente precisa derrotar o gigante! Que gigante? Ah, você pisou em cima dos Villagers! Quem que tá falando isso? Ah, tem um Iron Golem gigante aqui! Olha, agora eu vou me vingar de você! Você vai ver só! Ai, parece que o Iron Golem tá atrás de mim! E não, eu fiquei preso! Corre, corre, corre! Ah, vem aqui, Iron Golem! Toma! Eu errei todas, não! Ele me bateu! Cada dano dele me tira metade da vida! Ele é muito forte! Ai, será que eu vou conseguir derrotar ele? E passar pro próximo tamanho? Ah, eu vou tentar bater nele daqui de cima! Toma! Ai, parece que agora ele tá bravo! Ele tá correndo atrás de mim! Corre, corre, corre! Ai, vem aqui, Iron Golem!""",Avaliador_B,Avaliador_D
2,"Fica longe da gente, não fica aqui perto não! Deixa eu explicar! A gente tá com uma doença e a gente não sabe o que vai ser daqui pra frente! Quê? Vocês estão com uma doença e nem me contaram? Foi de, sabe, de última hora! A gente nem sabia disso direito, mas agora tá piorando cada vez mais! Ai, eu não acredito, mas vocês podem morrer? A gente vai se curar, né? A gente vai ficar bem, mas... Mas foi eu com a doença grave? Não, não, não é não! Não, vai ficar tudo bem, mas não precisa se preocupar, não! Mas isso é horrível, não passa nada! Ai, pera, pera! Eu vou levar vocês pro hospital, vem! Pro hospital? Não, não, eu tenho medo de hospital! Vocês têm que ir pro hospital, vou pegar uma ambulância emprestada! Não, olha, você sabe que o meu seu pai não gosta dessas coisas, é melhor você ficar lá! Por favor, eu tenho medo de hospital! A gente pode ficar em casa até se curar, tá? Só se você não ficar perto da gente!",0.8656077980995178,0.1167646795511245,0.0176274459809064,NEG,0.2715718150138855,0.0037702391855418,0.0231396965682506,0.0006613006116822,0.0480049103498458,0.0356645919382572,0.0027327516581863,0.3048984,Papile,Roblox,A ORFÃ  ADOTADA POR PAIS RICOS NO BROOKHAVEN  - ROBLOX HISTORINHA EMOCIONANTE [jSdogSyLFHM],,GZ,GZ,GZ,"🎬 Canal: Papile | 🎥 Vídeo: A ORFÃ  ADOTADA POR PAIS RICOS NO BROOKHAVEN  - ROBLOX HISTORINHA EMOCIONANTE [jSdogSyLFHM]
⏱️ Segmento/Index: 2
🤖 Consenso de IA: GZ (Detoxify: 0.272 | Perspective: 0.305)
──────────────────────────────────────────────────
Fala transcrita:
""Fica longe da gente, não fica aqui perto não! Deixa eu explicar! A gente tá com uma doença e a gente não sabe o que vai ser daqui pra frente! Quê? Vocês estão com uma doença e nem me contaram? Foi de, sabe, de última hora! A gente nem sabia disso direito, mas agora tá piorando cada vez mais! Ai, eu não acredito, mas vocês podem morrer? A gente vai se curar, né? A gente vai ficar bem, mas... Mas foi eu com a doença grave? Não, não, não é não! Não, vai ficar tudo bem, mas não precisa se preocupar, não! Mas isso é horrível, não passa nada! Ai, pera, pera! Eu vou levar vocês pro hospital, vem! Pro hospital? Não, não, eu tenho medo de hospital! Vocês têm que ir pro hospital, vou pegar uma ambulância emprestada! Não, olha, você sabe que o meu seu pai não gosta dessas coisas, é melhor você ficar lá! Por favor, eu tenho medo de hospital! A gente pode ficar em casa até se curar, tá? Só se você não ficar perto da gente!""",Avaliador_B,Avaliador_D
5,"Vai, vai, vai, vai! Meu Deus! Calma, calma, calma! Espera! E daí tá! Nossa, levou um monte de gente ali! Vai, vai, vai, vai! Boa, bate em mim mesmo, porque eu não quero essa lá na frente! Meu Deus! Socorro! Meu Deus, alguém bate em mim! Meu Deus! Bola de novo! Meu Deus, não! Eu fui lá... Meu Deus! Eu voltei no começo do mapa! Ah, não, essa fase não, gente! Trulha do céu! O que? O negócio que me jogou lá no começo! Sério? Só corre, tem que subir ali! Agarra, agarra! Sobe! Eu tô levando soco na cara, socorro! Ah, não! Essa fase de novo não! Vai, vai, meu queridão! Gente, essa parte aqui eu não gosto! Passei, passei, passei! Pronto, passei! Boa! Tô me recuperando, eu acho que vai dar! Espera! Ah, esse negócio de girar aqui, gente! Oh, meu Deus! Vai que a gente consegue! Esse ventiladorzão aqui... Gente, soco é muito difícil! É, é bem difícil! Eu não vou pelo meio, o meio não dá! Não tem que ser difícil! É, é bem difícil! Eu não vou pelo meio, o meio não dá! Não tem como!",0.8125847578048706,0.1290859431028366,0.0583292953670024,NEG,0.2695448994636535,0.0019751170184463,0.1019761189818382,0.0005549986381083,0.0106555614620447,0.0253747887909412,0.00978066585958,0.36095104,Julia MineGirl,Roblox,GINCANA ENGRAÇADA EM FAMÍLIA Fall Guys [W4iDE0l4Ycs],,GZ,GZ,GZ,"🎬 Canal: Julia MineGirl | 🎥 Vídeo: GINCANA ENGRAÇADA EM FAMÍLIA Fall Guys [W4iDE0l4Ycs]
⏱️ Segmento/Index: 5
🤖 Consenso de IA: GZ (Detoxify: 0.27 | Perspective: 0.361)
──────────────────────────────────────────────────
Fala transcrita:
""Vai, vai, vai, vai! Meu Deus! Calma, calma, calma! Espera! E daí tá! Nossa, levou um monte de gente ali! Vai, vai, vai, vai! Boa, bate em mim mesmo, porque eu não quero essa lá na frente! Meu Deus! Socorro! Meu Deus, alguém bate em mim! Meu Deus! Bola de novo! Meu Deus, não! Eu fui lá... Meu Deus! Eu voltei no começo do mapa! Ah, não, essa fase não, gente! Trulha do céu! O que? O negócio que me jogou lá no começo! Sério? Só corre, tem que subir ali! Agarra, agarra! Sobe! Eu tô levando soco na cara, socorro! Ah, não! Essa fase de novo não! Vai, vai, meu queridão! Gente, essa parte aqui eu não gosto! Passei, passei, passei! Pronto, passei! Boa! Tô me recuperando, eu acho que vai dar! Espera! Ah, esse negócio de girar aqui, gente! Oh, meu Deus! Vai que a gente consegue! Esse ventiladorzão aqui... Gente, soco é muito difícil! É, é bem difícil! Eu não vou pelo meio, o meio não dá! Não tem que ser difícil! É, é bem difícil! Eu não vou pelo meio, o meio não dá! Não tem como!""",Avaliador_B,Avaliador_D
1,"O bebê ficou maluco! Entra pelas ventilações! Rápido! Vamos deixar o médico e o enfermeiro aí? Mami, deixa, deixa! Meu Deus, o meu bebê ficou louco! O que aconteceu? É pra entrar pelas ventilações, onde é a ventilação? Cadê a ventilação? Ventilação, ventilação, mami! Onde tá a ventilação? Tá cheia, cheia! Onde, onde, onde? Ai, meu Deus do céu, gente, é uma escada invisível! Mami, que loucura! Como será que ele ficou assim, maluco? Não sei, Luca! Mami, só vamos sair daqui então! Que é isso? São beircinhos, mami! Só que se é aquele ser atrevedor de saio? É porque ele alagou tudo, mami! Nossa, meu primo ficou maluco, mami! Mas é seu primo ou será que ele é um bebê aleatório? Será que ele é um bebê aleatório? Ai, eu não sei, será que é meu primo? Luca, sua mente é alguma coisa estranha com a varilha da sua tia? Ah, é, tava meio grandona demais, né?",0.8565577268600464,0.115027830004692,0.0284144897013902,NEG,0.3549909293651581,0.0011736741289496,0.0651242062449455,0.0007370944367721,0.0790123492479324,0.0029080745298415,0.0031798344571143,0.25462922,Luluca Games,Roblox,Roblox - ESCAPE DO BEBÊ DO MAL Escape The Evil Baby Obby  Luluca Games [m0qnDrDNoBQ],0.8565577268600464,GZ,GZ,GZ,"🎬 Canal: Luluca Games | 🎥 Vídeo: Roblox - ESCAPE DO BEBÊ DO MAL Escape The Evil Baby Obby  Luluca Games [m0qnDrDNoBQ]
⏱️ Segmento/Index: 1
🤖 Consenso de IA: GZ (Detoxify: 0.355 | Perspective: 0.255)
──────────────────────────────────────────────────
Fala transcrita:
""O bebê ficou maluco! Entra pelas ventilações! Rápido! Vamos deixar o médico e o enfermeiro aí? Mami, deixa, deixa! Meu Deus, o meu bebê ficou louco! O que aconteceu? É pra entrar pelas ventilações, onde é a ventilação? Cadê a ventilação? Ventilação, ventilação, mami! Onde tá a ventilação? Tá cheia, cheia! Onde, onde, onde? Ai, meu Deus do céu, gente, é uma escada invisível! Mami, que loucura! Como será que ele ficou assim, maluco? Não sei, Luca! Mami, só vamos sair daqui então! Que é isso? São beircinhos, mami! Só que se é aquele ser atrevedor de saio? É porque ele alagou tudo, mami! Nossa, meu primo ficou maluco, mami! Mas é seu primo ou será que ele é um bebê aleatório? Será que ele é um bebê aleatório? Ai, eu não sei, será que é meu primo? Luca, sua mente é alguma coisa estranha com a varilha da sua tia? Ah, é, tava meio grandona demais, né?""",Avaliador_B,Avaliador_D
7,"Eu vou tentar descer as escadas. Eles estão ali na sala. Eu vou falar pra eles que eu não tô conseguindo dormir. Será que eles vão fazer alguma coisa de ruim comigo? Ei, pai, mãe! A gente já sabe que você não tá conseguindo dormir. É verdade. Como que vocês sabem disso? A nossa audição é muito boa, daí a gente consegue escutar. Vocês escutaram tudo que eu falei? Tudo! Sim, tudinho. Ai, é que eu realmente tô assustada. Eu acho que eu prefiro voltar para o orfanato. Ah, não! Ah, não, agora você já é nossa filha. Ai, eu não quero, quero ir embora. Me leva embora! Não, você tem que ficar aqui agora que você veio uma vez, não volta mais. Mas, mas, ai, eu não sei o que fazer, porque vocês são vampiros.",0.2229183465242386,0.5691282749176025,0.2079533636569976,NEU,0.5727337598800659,0.0008690634858794,0.0240572690963745,0.0039299568161368,0.1442814767360687,0.0165643822401762,0.0061239474453032,0.25462922,Papile,Roblox,FUI ADOTADA POR UMA FAMÍLIA DE VAMPIROS  NO BROOKHAVEN  ROBLOX HISTÓRIA - PAPILE [3EX1e_M5QnA],,GZ,GZ,GZ,"🎬 Canal: Papile | 🎥 Vídeo: FUI ADOTADA POR UMA FAMÍLIA DE VAMPIROS  NO BROOKHAVEN  ROBLOX HISTÓRIA - PAPILE [3EX1e_M5QnA]
⏱️ Segmento/Index: 7
🤖 Consenso de IA: GZ (Detoxify: 0.573 | Perspective: 0.255)
──────────────────────────────────────────────────
Fala transcrita:
""Eu vou tentar descer as escadas. Eles estão ali na sala. Eu vou falar pra eles que eu não tô conseguindo dormir. Será que eles vão fazer alguma coisa de ruim comigo? Ei, pai, mãe! A gente já sabe que você não tá conseguindo dormir. É verdade. Como que vocês sabem disso? A nossa audição é muito boa, daí a gente consegue escutar. Vocês escutaram tudo que eu falei? Tudo! Sim, tudinho. Ai, é que eu realmente tô assustada. Eu acho que eu prefiro voltar para o orfanato. Ah, não! Ah, não, agora você já é nossa filha. Ai, eu não quero, quero ir embora. Me leva embora! Não, você tem que ficar aqui agora que você veio uma vez, não volta mais. Mas, mas, ai, eu não sei o que fazer, porque vocês são vampiros.""",Avaliador_B,Avaliador_D
3,"Esse lado não dá pra passar com o carro, a gente vai ter que seguir a pé, hein Vai, cuidado atrás, atrás, atrás, deixa eu ver o que tem, ai, nossa, estão vindo muito zumbi Sai, chispa, chispa zumbi palhaço Ai, já não acredito nisso Ok, parece que a gente vai ter que acertar aquela corda, tá vendo, pra gente abrir o portão Tem um negócio ali em cima, eu vou acertar, ai, pera, eu vou acertar ela, pode deixar comigo, Fláio Pode deixar comigo, se eu deixar acabar com esse zumbi, agora vai acertar ali, ó Acertei, na mosca, destruiu o zumbi e abriu a porta Boa, agora deixa eu dar uma funçada aqui no lixo, tô com fome Vamos pegar comida aqui nessa cidade, pessoal, a gente achar comida é no lixo mesmo A gente encontra aqui uns bifes, né, e tal, e eu já tô começando a ficar com fome mesmo Preciso de mais comida e tem palhaço vindo Vamos ver qual que vai ser a nossa missão aqui no circo, pessoal Eu acho que a gente vai ter que enfrentar o elefante zumbi, jota Você tá de sacanagem, vamos dar uma olhada aqui na história, vocês estão vendo que tem aqui uns círculos de fogo, né, e tal Ali dentro da gaiola temos... o que é aquilo? Parece algum bicho, é uma maçã Tem um macaquinho, tem um macaquinho dentro da gaiola, ali embaixo nós temos...",0.6469252109527588,0.3157985210418701,0.0372762195765972,NEG,0.3178865611553192,0.0042615379206836,0.0405922643840312,0.0028155006002634,0.0566462725400924,0.0089822234585881,0.0051354924216866,0.32919475,JP Plays,Minecraft,ATROPELEI OS ZUMBIS COM UM CARRO NO MINECRAFT [DlSbcG-ZsAk],,GZ,GZ,GZ,"🎬 Canal: JP Plays | 🎥 Vídeo: ATROPELEI OS ZUMBIS COM UM CARRO NO MINECRAFT [DlSbcG-ZsAk]
⏱️ Segmento/Index: 3
🤖 Consenso de IA: GZ (Detoxify: 0.318 | Perspective: 0.329)
──────────────────────────────────────────────────
Fala transcrita:
""Esse lado não dá pra passar com o carro, a gente vai ter que seguir a pé, hein Vai, cuidado atrás, atrás, atrás, deixa eu ver o que tem, ai, nossa, estão vindo muito zumbi Sai, chispa, chispa zumbi palhaço Ai, já não acredito nisso Ok, parece que a gente vai ter que acertar aquela corda, tá vendo, pra gente abrir o portão Tem um negócio ali em cima, eu vou acertar, ai, pera, eu vou acertar ela, pode deixar comigo, Fláio Pode deixar comigo, se eu deixar acabar com esse zumbi, agora vai acertar ali, ó Acertei, na mosca, destruiu o zumbi e abriu a porta Boa, agora deixa eu dar uma funçada aqui no lixo, tô com fome Vamos pegar comida aqui nessa cidade, pessoal, a gente achar comida é no lixo mesmo A gente encontra aqui uns bifes, né, e tal, e eu já tô começando a ficar com fome mesmo Preciso de mais comida e tem palhaço vindo Vamos ver qual que vai ser a nossa missão aqui no circo, pessoal Eu acho que a gente vai ter que enfrentar o elefante zumbi, jota Você tá de sacanagem, vamos dar uma olhada aqui na história, vocês estão vendo que tem aqui uns círculos de fogo, né, e tal Ali dentro da gaiola temos... o que é aquilo? Parece algum bicho, é uma maçã Tem um macaquinho, tem um macaquinho dentro da gaiola, ali embaixo nós temos...""",Avaliador_B,Avaliador_D
11,"Quebre. Pronto. É, não tinha nada. Tem ouro só. Ah, ouro tem que pegar, né, porque é bom. Vamos matar mais uns bichos aí, porque a gente tá precisando de comida pra caramba. Uhum. Eu tô matando peixe. Oi. Veio um templo do nada. Gigante. Deixa eu fazer aqui. Olha, eu preciso... Ah, você tem madeira ali, Gomes. Eu preciso de madeira. Não tenho. Aí, consegui girar outro portal. É, a gente tem um obsídio, né? É, tem um obsídio. Relaxa, eu vou pegar aqui um pouco de madeira e vou usar umas ferramentas de diamante pra mim, mano. Eu quero mais barcos de gendicir pra gente ficar full diamante. Eu tô matando os bichos na picareta. E dois escudos. Você já tem escudo? Não, escudo não. Porque escudo vai ajudar bastante, mano. Imagina. Vem pra cá, vem pra cá. Que isso, cavalo. Calma, não sei onde você tá. Tá, eu tô do lado de um templo da jungle e de um templo do deserto. Olha aqui. Super normal, Jaleia. Super normal, mano. E gru. E gru. É, é porque às vezes o Wiggle, ele spawna um negócio lá embaixo, viu? Já spawnou algum? Não, nunca vi.",0.0866617336869239,0.869539737701416,0.0437985211610794,NEU,0.6880348920822144,0.0044537633657455,0.0958552956581115,0.0022369832731783,0.044670857489109,0.3085017800331116,0.0031116858590394,0.39842087,Geleia,Minecraft,MOBS DROPAM ESTRUTURAS OP NO MINECRAFT [MCOp5GI13yE],,GZ,GZ,GZ,"🎬 Canal: Geleia | 🎥 Vídeo: MOBS DROPAM ESTRUTURAS OP NO MINECRAFT [MCOp5GI13yE]
⏱️ Segmento/Index: 11
🤖 Consenso de IA: GZ (Detoxify: 0.688 | Perspective: 0.398)
──────────────────────────────────────────────────
Fala transcrita:
""Quebre. Pronto. É, não tinha nada. Tem ouro só. Ah, ouro tem que pegar, né, porque é bom. Vamos matar mais uns bichos aí, porque a gente tá precisando de comida pra caramba. Uhum. Eu tô matando peixe. Oi. Veio um templo do nada. Gigante. Deixa eu fazer aqui. Olha, eu preciso... Ah, você tem madeira ali, Gomes. Eu preciso de madeira. Não tenho. Aí, consegui girar outro portal. É, a gente tem um obsídio, né? É, tem um obsídio. Relaxa, eu vou pegar aqui um pouco de madeira e vou usar umas ferramentas de diamante pra mim, mano. Eu quero mais barcos de gendicir pra gente ficar full diamante. Eu tô matando os bichos na picareta. E dois escudos. Você já tem escudo? Não, escudo não. Porque escudo vai ajudar bastante, mano. Imagina. Vem pra cá, vem pra cá. Que isso, cavalo. Calma, não sei onde você tá. Tá, eu tô do lado de um templo da jungle e de um templo do deserto. Olha aqui. Super normal, Jaleia. Super normal, mano. E gru. E gru. É, é porque às vezes o Wiggle, ele spawna um negócio lá embaixo, viu? Já spawnou algum? Não, nunca vi.""",Avaliador_B,Avaliador_D
9,AY SCARCHAPELHONA,0.0215498134493827,0.0781901404261589,0.9002600908279419,POS,0.1170194298028945,0.0009711814345791,0.0277075432240962,0.0025368011556565,0.0398015491664409,0.0022439993917942,0.0028600837104022,0.04216247,Amy Scarlet,Roblox,Não consigo pegar MESTRE no Free Fire [1ZL1HFdBvD8],,NT,NT,NT,"🎬 Canal: Amy Scarlet | 🎥 Vídeo: Não consigo pegar MESTRE no Free Fire [1ZL1HFdBvD8]
⏱️ Segmento/Index: 9
🤖 Consenso de IA: NT (Detoxify: 0.117 | Perspective: 0.042)
──────────────────────────────────────────────────
Fala transcrita:
""AY SCARCHAPELHONA""",Avaliador_B,Avaliador_D
2,"Tinta adesiva Tá, posso fazer uma bomba com isso Olha o tamanho dessa bomba Posso explodir uma parede, eu acho Eu vou dar o fora daqui agora mesmo, quero nem saber Já resolvi o problema com toda essa papelada E posso estar saindo do escritório E voltando lá pra cafeteria McFly deve estar aqui esperando, né McFly? É... McFly? McFly, cadê você? Ei! Cadê você? Eu pedi pra esperar aqui Parece que um prisioneiro está solta por aí Eu tenho que encontrá-lo Ninguém vai fugir dessa prisão Eu preciso encontrar um lugar pra colocar essa bomba Eu acho que é ali embaixo, tá? Corre, corre, corre, corre Ele deve estar aqui pelo campo de futebol escondido Será que ele está pensando em quebrar essas tábuas de madeira e dar o fora?",0.3067160248756408,0.5872758030891418,0.1060080975294113,NEU,0.6745485067367554,0.0050162589177489,0.0418905727565288,0.0017089515458792,0.0320506617426872,0.1913882046937942,0.0056412639096379,0.3389984,JP Plays,Minecraft,VIDA DE POLICIAL POR 1 DIA [runC0RB9748],,GZ,GZ,GZ,"🎬 Canal: JP Plays | 🎥 Vídeo: VIDA DE POLICIAL POR 1 DIA [runC0RB9748]
⏱️ Segmento/Index: 2
🤖 Consenso de IA: GZ (Detoxify: 0.675 | Perspective: 0.339)
──────────────────────────────────────────────────
Fala transcrita:
""Tinta adesiva Tá, posso fazer uma bomba com isso Olha o tamanho dessa bomba Posso explodir uma parede, eu acho Eu vou dar o fora daqui agora mesmo, quero nem saber Já resolvi o problema com toda essa papelada E posso estar saindo do escritório E voltando lá pra cafeteria McFly deve estar aqui esperando, né McFly? É... McFly? McFly, cadê você? Ei! Cadê você? Eu pedi pra esperar aqui Parece que um prisioneiro está solta por aí Eu tenho que encontrá-lo Ninguém vai fugir dessa prisão Eu preciso encontrar um lugar pra colocar essa bomba Eu acho que é ali embaixo, tá? Corre, corre, corre, corre Ele deve estar aqui pelo campo de futebol escondido Será que ele está pensando em quebrar essas tábuas de madeira e dar o fora?""",Avaliador_B,Avaliador_D
26,"Não vou nada, fi. Você que tá destruindo, que eu sou o vilão. Sai daqui, sai daqui, fedoreta. Eduarda, tu nunca vai me vencer. Tu acha que... Espera, isso aqui eu tenho ideia. Meu Deus do céu, tá explodindo o meu mundo, galera. Venha, vem aqui. Cadê você? Vem cá, vem. Vou te tacar ovo. Taquei ovo. Taquei ovo. Vem aqui, vem. Não, não, não. Apaga, apaga. Não deu certo, galera. Não. Bota aqui, bota aqui. Não. Galera, eu vou precisar usar meu poder especial. Vocês já sabem qual é? Será que vocês já sabem? É esse aqui, ó. É esse aqui. Um, dois, três e... Nossa, eu tô muito rápido agora. Volta aqui, menino. Galera, a gente precisa tirar as TNT que a Eduarda colocou. Cadê? Vamos procurar, vamos procurar. Tem uma ali. Não, ela acendeu, ela acendeu. Não, não, cara. Eu preciso pensar em alguma coisa que a Eduarda não gosta de fazer, galera. Tomar banho. Ela não gosta de tomar banho. E se eu jogar a Eduarda dentro d'água? Será que vai dar certo? Cadê? Eu preciso provocar ela. Eduarda! Que que é esse? Tô explodindo tudo. Não. Ah, não, velho. Cadê você? Eu tô aqui.",0.7424938678741455,0.2117834538221359,0.0457226634025573,NEG,0.835638165473938,0.0093950973823666,0.0617534406483173,0.0055231382139027,0.0606152117252349,0.016841534525156,0.0288256052881479,0.50759226,Marcelodrv,Minecraft,A Cada XP eu EVOLUO - O FILME [5nR_uhvpHvY],,T,T,T,"🎬 Canal: Marcelodrv | 🎥 Vídeo: A Cada XP eu EVOLUO - O FILME [5nR_uhvpHvY]
⏱️ Segmento/Index: 26
🤖 Consenso de IA: T (Detoxify: 0.836 | Perspective: 0.508)
──────────────────────────────────────────────────
Fala transcrita:
""Não vou nada, fi. Você que tá destruindo, que eu sou o vilão. Sai daqui, sai daqui, fedoreta. Eduarda, tu nunca vai me vencer. Tu acha que... Espera, isso aqui eu tenho ideia. Meu Deus do céu, tá explodindo o meu mundo, galera. Venha, vem aqui. Cadê você? Vem cá, vem. Vou te tacar ovo. Taquei ovo. Taquei ovo. Vem aqui, vem. Não, não, não. Apaga, apaga. Não deu certo, galera. Não. Bota aqui, bota aqui. Não. Galera, eu vou precisar usar meu poder especial. Vocês já sabem qual é? Será que vocês já sabem? É esse aqui, ó. É esse aqui. Um, dois, três e... Nossa, eu tô muito rápido agora. Volta aqui, menino. Galera, a gente precisa tirar as TNT que a Eduarda colocou. Cadê? Vamos procurar, vamos procurar. Tem uma ali. Não, ela acendeu, ela acendeu. Não, não, cara. Eu preciso pensar em alguma coisa que a Eduarda não gosta de fazer, galera. Tomar banho. Ela não gosta de tomar banho. E se eu jogar a Eduarda dentro d'água? Será que vai dar certo? Cadê? Eu preciso provocar ela. Eduarda! Que que é esse? Tô explodindo tudo. Não. Ah, não, velho. Cadê você? Eu tô aqui.""",Avaliador_B,Avaliador_D
15,eu vou morrer mata mata mata mata isso aqui ta ta foi ai ó pedaço de bolo piece of cake muito fácil molezinha ô moço você vai ter que trazer algo mais mais assim pra gente matar entendeu é ta muito fácil e agora essa aqui é a ira mas não ta trancada não da pra passar por baixo aqui pelo lado ah mamis vamos ter que atirar aqui quer atirar na madeira a madeira vai morrer agora falta essa daqui só foi ta trancada a gente não consegue passar do mesmo jeito ai sim tem que quebrar o ar também aqui ó ó pera que gostei do meu caminho ta e ai moço o que a gente vai fazer agora ó ele sente uma presença,0.7883601784706116,0.1274787038564682,0.084161102771759,NEG,0.951467216014862,0.0098276697099208,0.0373728014528751,0.0049505173228681,0.0440662093460559,0.1420459002256393,0.0194838400930166,0.75208336,Julia MineGirl,Roblox,Roblox - O HOTEL ESTÁ ASSOMBRADO Hotel Stories [jt9lCOD0CiQ],,T,T,T,"🎬 Canal: Julia MineGirl | 🎥 Vídeo: Roblox - O HOTEL ESTÁ ASSOMBRADO Hotel Stories [jt9lCOD0CiQ]
⏱️ Segmento/Index: 15
🤖 Consenso de IA: T (Detoxify: 0.951 | Perspective: 0.752)
──────────────────────────────────────────────────
Fala transcrita:
""eu vou morrer mata mata mata mata isso aqui ta ta foi ai ó pedaço de bolo piece of cake muito fácil molezinha ô moço você vai ter que trazer algo mais mais assim pra gente matar entendeu é ta muito fácil e agora essa aqui é a ira mas não ta trancada não da pra passar por baixo aqui pelo lado ah mamis vamos ter que atirar aqui quer atirar na madeira a madeira vai morrer agora falta essa daqui só foi ta trancada a gente não consegue passar do mesmo jeito ai sim tem que quebrar o ar também aqui ó ó pera que gostei do meu caminho ta e ai moço o que a gente vai fazer agora ó ele sente uma presença""",Avaliador_B,Avaliador_D
11,"Se o Herobrine aparecer, você pode tentar atacá-lo, mas agora vou precisar do seu machado. Olha, pega aqui esse machado, tenho esse aqui também, tenho esse e esse aqui que está quase quebrado. Eu peguei lá dos baús. Tá, eu vou estar usando esses que estão quase quebrando para fazer um melhor. E agora, Beto, eu vou destruir a casa dos animatronics. Tem certeza? Robby, não, é uma boa ideia, começou a chover e só foi você se aproximar. Já estava chovendo, não se preocupa, mas eu acho melhor você ficar perto da porta ali. Eu tenho uma vantagem porque essa armadura que eu estou usando, ela me dá um pouco de velocidade até me dar um pulo mais alto. Então vai ser fácil correr caso o animatronic venha atrás de mim. Espera, Robby, tem um Creeper no poço, ele vai acabar com tudo, tem um Creeper aqui. Calma, vamos tentar acabar com ele agora, não se aproxima muito. Vai, deixa ele por a cara para fora, toma. Ele não pode explodir, senão vai destruir tudo. É, mas ele está no meio da água, acho que nem aconteceu nada, mas calma, deixa eu ver, tem mais Creeper ali, eu não quero ter problema com Creepers.",0.2152246087789535,0.7233953475952148,0.0613800920546054,NEU,0.2211603373289108,0.0035417831968516,0.0197803601622581,0.0016281163552775,0.0156537257134914,0.1128238886594772,0.0025430708192288,0.3234372,Robin Hood Gamer,Minecraft,CASA SEGURA CONTRA ANIMATRONICS DO FIVE NIGHTS - Minecraft Herobrine 26 [feyQVw_NIPw],,GZ,GZ,GZ,"🎬 Canal: Robin Hood Gamer | 🎥 Vídeo: CASA SEGURA CONTRA ANIMATRONICS DO FIVE NIGHTS - Minecraft Herobrine 26 [feyQVw_NIPw]
⏱️ Segmento/Index: 11
🤖 Consenso de IA: GZ (Detoxify: 0.221 | Perspective: 0.323)
──────────────────────────────────────────────────
Fala transcrita:
""Se o Herobrine aparecer, você pode tentar atacá-lo, mas agora vou precisar do seu machado. Olha, pega aqui esse machado, tenho esse aqui também, tenho esse e esse aqui que está quase quebrado. Eu peguei lá dos baús. Tá, eu vou estar usando esses que estão quase quebrando para fazer um melhor. E agora, Beto, eu vou destruir a casa dos animatronics. Tem certeza? Robby, não, é uma boa ideia, começou a chover e só foi você se aproximar. Já estava chovendo, não se preocupa, mas eu acho melhor você ficar perto da porta ali. Eu tenho uma vantagem porque essa armadura que eu estou usando, ela me dá um pouco de velocidade até me dar um pulo mais alto. Então vai ser fácil correr caso o animatronic venha atrás de mim. Espera, Robby, tem um Creeper no poço, ele vai acabar com tudo, tem um Creeper aqui. Calma, vamos tentar acabar com ele agora, não se aproxima muito. Vai, deixa ele por a cara para fora, toma. Ele não pode explodir, senão vai destruir tudo. É, mas ele está no meio da água, acho que nem aconteceu nada, mas calma, deixa eu ver, tem mais Creeper ali, eu não quero ter problema com Creepers.""",Avaliador_B,Avaliador_D
1,"Só tem como correr, Davi, não temos outra opção, porque se a gente não fugir, o tornado chega até a gente e eu acho que não vai ser bom, pois ele vai levar todos os blocos que estão por aqui, e se a gente ficar no tornado com vários blocos rodando, esses blocos podem nos acertar e isso não vai ser nada legal. Sim, a gente pode morrer. E o que não é bom, né? Então é melhor a gente se preparar para começar a correr. Eu já fiz uma mesa de trabalho, não sei se você chegou a fazer uma. Eu já fiz uma, Robin, eu estou mineirando aqui, agora vou pegar pedra. Não acredito, agora estamos com duas mesas de trabalho, não tem problema. Já que você está pronto aí para pegar pedra, eu não vou fazer uma picareta de madeira, não. Pega algumas pedras pra mim, que aí eu já faço uma picareta de pedra, que é bem melhor. Ah, então vem aqui no coto, Robin, onde você está? Eu estou atrás de você, me joga as pedras aí pra eu fazer a picareta. Tá, faz pra mim também, calma aí, calma aí. Deixa eu te jogar todas aqui. Boa, agora sim, dá pra fazer duas picaretas e aí a gente vai conseguir pegar várias pedras. Tem uma maçã aqui. Maçã? Calma aí, eu quero comer. Pega essa maçã aí e toma aí a sua picareta de pedra. Já vai buscar muita pedra pra gente estar fazendo aí todos os itens iniciais de pedra. Pá, machado e espada. Iniciais e necessários. Necessários demais, hein? Vamos fazer isso logo antes que o tornado apareça.",0.2520754933357239,0.6593602299690247,0.0885642617940902,NEU,0.033531554043293,0.0022809728980064,0.0237621255218982,0.0012602413771674,0.0130439745262265,0.0122492453083395,0.0012061403831467,0.11181668,Robin Hood Gamer,Minecraft,Minecraft mas um TORNADO nos persegue... [hxRzGlIphA8],,NT,NT,NT,"🎬 Canal: Robin Hood Gamer | 🎥 Vídeo: Minecraft mas um TORNADO nos persegue... [hxRzGlIphA8]
⏱️ Segmento/Index: 1
🤖 Consenso de IA: NT (Detoxify: 0.034 | Perspective: 0.112)
──────────────────────────────────────────────────
Fala transcrita:
""Só tem como correr, Davi, não temos outra opção, porque se a gente não fugir, o tornado chega até a gente e eu acho que não vai ser bom, pois ele vai levar todos os blocos que estão por aqui, e se a gente ficar no tornado com vários blocos rodando, esses blocos podem nos acertar e isso não vai ser nada legal. Sim, a gente pode morrer. E o que não é bom, né? Então é melhor a gente se preparar para começar a correr. Eu já fiz uma mesa de trabalho, não sei se você chegou a fazer uma. Eu já fiz uma, Robin, eu estou mineirando aqui, agora vou pegar pedra. Não acredito, agora estamos com duas mesas de trabalho, não tem problema. Já que você está pronto aí para pegar pedra, eu não vou fazer uma picareta de madeira, não. Pega algumas pedras pra mim, que aí eu já faço uma picareta de pedra, que é bem melhor. Ah, então vem aqui no coto, Robin, onde você está? Eu estou atrás de você, me joga as pedras aí pra eu fazer a picareta. Tá, faz pra mim também, calma aí, calma aí. Deixa eu te jogar todas aqui. Boa, agora sim, dá pra fazer duas picaretas e aí a gente vai conseguir pegar várias pedras. Tem uma maçã aqui. Maçã? Calma aí, eu quero comer. Pega essa maçã aí e toma aí a sua picareta de pedra. Já vai buscar muita pedra pra gente estar fazendo aí todos os itens iniciais de pedra. Pá, machado e espada. Iniciais e necessários. Necessários demais, hein? Vamos fazer isso logo antes que o tornado apareça.""",Avaliador_B,Avaliador_D
7,"Vou jogar aqui, devolver. Aspeque, soumei gente de novo. Remando de novo? Ah, mano, que ruim. Ah, eu queria aquela picareta que ele... Cuidado, cuidado. Bom, eu queria aquele... Eliminio, eliminio. Juga... Meu Deus, olha isso aqui, o açúcar. Olha isso aqui, olha isso aqui, olha isso aqui. Meu Deus. Caraca. Mano, que maneiro, véi. Toque suave, toque suave. Hmm, legal. Da hora, véi. Tá, eu tô procurando minha espada. Nossa, o problema é que o item vai muito longe. Meu Deus, só vem aspecto formigiante na espada, véi, que saco. É que essa espada aqui, ela não tem afiação, ela tem julgamento, entendeu? Então, tipo assim, é pra morto vivo, mas a gente precisa de ferro ainda, véi. Só que eu quero pegar um saque. Olha aqui, olha aqui. Oi, cadê? Meu Deus. Olha aqui o Creeper, olha o Creeper, olha o Creeper. Vem cá, Creeper. Olá. Coitado. Tem três Endermen, velho. Mano, será que eu consigo pegar saque, véi? Não, não, não, açúcar. Eu peguei saque. Eu peguei saque. Olha aqui, olha aqui, olha aqui, olha aqui.",0.559557318687439,0.3694933950901031,0.0709493085741996,NEG,0.3342005610466003,0.0031224892009049,0.0668336749076843,0.0010882656788453,0.0547079220414161,0.015331414528191,0.0068681444972753,0.3367073,Geleia,Minecraft,as fogueiras mudaram no minecraft... [oVJ60UlHNYk],,GZ,GZ,GZ,"🎬 Canal: Geleia | 🎥 Vídeo: as fogueiras mudaram no minecraft... [oVJ60UlHNYk]
⏱️ Segmento/Index: 7
🤖 Consenso de IA: GZ (Detoxify: 0.334 | Perspective: 0.337)
──────────────────────────────────────────────────
Fala transcrita:
""Vou jogar aqui, devolver. Aspeque, soumei gente de novo. Remando de novo? Ah, mano, que ruim. Ah, eu queria aquela picareta que ele... Cuidado, cuidado. Bom, eu queria aquele... Eliminio, eliminio. Juga... Meu Deus, olha isso aqui, o açúcar. Olha isso aqui, olha isso aqui, olha isso aqui. Meu Deus. Caraca. Mano, que maneiro, véi. Toque suave, toque suave. Hmm, legal. Da hora, véi. Tá, eu tô procurando minha espada. Nossa, o problema é que o item vai muito longe. Meu Deus, só vem aspecto formigiante na espada, véi, que saco. É que essa espada aqui, ela não tem afiação, ela tem julgamento, entendeu? Então, tipo assim, é pra morto vivo, mas a gente precisa de ferro ainda, véi. Só que eu quero pegar um saque. Olha aqui, olha aqui. Oi, cadê? Meu Deus. Olha aqui o Creeper, olha o Creeper, olha o Creeper. Vem cá, Creeper. Olá. Coitado. Tem três Endermen, velho. Mano, será que eu consigo pegar saque, véi? Não, não, não, açúcar. Eu peguei saque. Eu peguei saque. Olha aqui, olha aqui, olha aqui, olha aqui.""",Avaliador_B,Avaliador_D
8,"a gente tá fugindo dos zumbis tem monstros lá fora inclusive aqui dá pra ver, né? algo aconteceu ali, ó tá, agora me sigam, a gente tem trabalho em sala de aula pra fazer como assim, mano? você não sabe que tem zumbi lá fora, não? tá, vamos seguir o diretor, pessoal ó, aqui é a sala de aula, certo? não dá pra clicar aqui mas não tem nada ei, abra aquela porta abre a porta a professora acho que já foi, né? ela foi a primeira a ser atacada, né? pelos zumbis aí, ó, o diretor é o próximo agora diretor saiu correndo também fala alguma coisa, diretor confiamos em você tá, eu tô aqui na sala do diretor, ó você matou aquele zumbi quem que matou? foi o diretor que matou? não deu pra ver mas olha o seu braço ele tá infectado, galera não, é só um arranhão, nada comparado com a dor de...",0.3793995380401611,0.5782828330993652,0.0423175767064094,NEU,0.4457023739814758,0.000658577249851,0.0341551266610622,0.0023792032152414,0.199209526181221,0.0037881883326917,0.0071681891568005,0.37751234,Tex HS,Roblox,ROBLOX FIELD TRIP Z [i5odR1arac0],,GZ,GZ,GZ,"🎬 Canal: Tex HS | 🎥 Vídeo: ROBLOX FIELD TRIP Z [i5odR1arac0]
⏱️ Segmento/Index: 8
🤖 Consenso de IA: GZ (Detoxify: 0.446 | Perspective: 0.378)
──────────────────────────────────────────────────
Fala transcrita:
""a gente tá fugindo dos zumbis tem monstros lá fora inclusive aqui dá pra ver, né? algo aconteceu ali, ó tá, agora me sigam, a gente tem trabalho em sala de aula pra fazer como assim, mano? você não sabe que tem zumbi lá fora, não? tá, vamos seguir o diretor, pessoal ó, aqui é a sala de aula, certo? não dá pra clicar aqui mas não tem nada ei, abra aquela porta abre a porta a professora acho que já foi, né? ela foi a primeira a ser atacada, né? pelos zumbis aí, ó, o diretor é o próximo agora diretor saiu correndo também fala alguma coisa, diretor confiamos em você tá, eu tô aqui na sala do diretor, ó você matou aquele zumbi quem que matou? foi o diretor que matou? não deu pra ver mas olha o seu braço ele tá infectado, galera não, é só um arranhão, nada comparado com a dor de...""",Avaliador_B,Avaliador_D
2,"Ah! Ha ha ha! Agora eu sou o rei dos macacos. Ei, Macaco, o que você está fazendo? Uhu, aham. O quê? Você estava descansando? Uhu, aham. Uhu, aham. Macaco, para de ser preguiçoso. Vai pegar uma banana pra mim agora. Se você não pegar, eu vou te dar um golpe de ninja. Uhu, aham. Ha ha ha! Agora todos os outros macacos vão ser meus empregados. Gente, olha! Agora eu vou jogar uma bola pro meu unicórnio pegar. 3, 2, 1 e... Joguei a bola! Pega o unicórnio! Pega, pega, pega a bola, pega! Olha, o unicórnio. Você viu que tem ali? Você viu? É um macaquinho, é um macaquinho. Mas eu acho que é um macaco albino, porque ele é todo branquinho, né, branquinho?",0.4696001410484314,0.4161606729030609,0.1142392605543136,NEG,0.8557430505752563,0.0021776440553367,0.0334481187164783,0.187089130282402,0.5436227321624756,0.0153571339324116,0.0041766199283301,0.5972042,Lokis,Roblox,O REI MACACO DO ADOPT ME  Roblox - Adopt Me [V2n44ESPXww],,T,T,T,"🎬 Canal: Lokis | 🎥 Vídeo: O REI MACACO DO ADOPT ME  Roblox - Adopt Me [V2n44ESPXww]
⏱️ Segmento/Index: 2
🤖 Consenso de IA: T (Detoxify: 0.856 | Perspective: 0.597)
──────────────────────────────────────────────────
Fala transcrita:
""Ah! Ha ha ha! Agora eu sou o rei dos macacos. Ei, Macaco, o que você está fazendo? Uhu, aham. O quê? Você estava descansando? Uhu, aham. Uhu, aham. Macaco, para de ser preguiçoso. Vai pegar uma banana pra mim agora. Se você não pegar, eu vou te dar um golpe de ninja. Uhu, aham. Ha ha ha! Agora todos os outros macacos vão ser meus empregados. Gente, olha! Agora eu vou jogar uma bola pro meu unicórnio pegar. 3, 2, 1 e... Joguei a bola! Pega o unicórnio! Pega, pega, pega a bola, pega! Olha, o unicórnio. Você viu que tem ali? Você viu? É um macaquinho, é um macaquinho. Mas eu acho que é um macaco albino, porque ele é todo branquinho, né, branquinho?""",Avaliador_B,Avaliador_D
4,"Ai, nem é tão ruim assim, fala sério! Ai, eu não aguento mais beber isso! Deixa eu ver! É, a sua sede passou, eu já sei! Enquanto você não me pede nada, eu vou passear com você de carrinho! É, passeando com o meu bebê, vamos lá fora! Oh não! Não vai dar, você tá com a fralda cheia de cocô! Ai, olha que cheiro! O que eu faço? Aonde é que eu troco bebês? Eu acho que é aqui no trocador! Pera, pega uma fralda, ai eu nunca fiz isso antes, ai que nojento! E troca, pronto! Tá trocadinho, quase lá! Por que você fica com essa cara feia o tempo todo? Fica feliz, fala sério!",0.2779898345470428,0.612838864326477,0.1091712862253189,NEU,0.8332206606864929,0.002733951434493,0.132938951253891,0.002360797021538,0.2768586874008178,0.0037548462860286,0.0086817368865013,0.4269174,Papile,Roblox,O PIOR BEBÊ DA CRECHE NO ROBLOX   Twilight Daycare  PAPILE HISTÓRIA ENGRAÇADA [Z1gSWlLr9xA],,T,T,T,"🎬 Canal: Papile | 🎥 Vídeo: O PIOR BEBÊ DA CRECHE NO ROBLOX   Twilight Daycare  PAPILE HISTÓRIA ENGRAÇADA [Z1gSWlLr9xA]
⏱️ Segmento/Index: 4
🤖 Consenso de IA: T (Detoxify: 0.833 | Perspective: 0.427)
──────────────────────────────────────────────────
Fala transcrita:
""Ai, nem é tão ruim assim, fala sério! Ai, eu não aguento mais beber isso! Deixa eu ver! É, a sua sede passou, eu já sei! Enquanto você não me pede nada, eu vou passear com você de carrinho! É, passeando com o meu bebê, vamos lá fora! Oh não! Não vai dar, você tá com a fralda cheia de cocô! Ai, olha que cheiro! O que eu faço? Aonde é que eu troco bebês? Eu acho que é aqui no trocador! Pera, pega uma fralda, ai eu nunca fiz isso antes, ai que nojento! E troca, pronto! Tá trocadinho, quase lá! Por que você fica com essa cara feia o tempo todo? Fica feliz, fala sério!""",Avaliador_B,Avaliador_D
12,"Volta aqui moleque, devolve meu milho Ah",0.9178773760795592,0.0671742260456085,0.0149484183639287,NEG,0.2260571867227554,0.0014256521826609,0.0272991005331277,0.0028192002791911,0.070039577782154,0.0040291468612849,0.0022081627976149,0.3281604,Cadres,Minecraft,Recriei Comidas da Vida Real no Minecraft [9D9Zp3MnNhs],,GZ,GZ,GZ,"🎬 Canal: Cadres | 🎥 Vídeo: Recriei Comidas da Vida Real no Minecraft [9D9Zp3MnNhs]
⏱️ Segmento/Index: 12
🤖 Consenso de IA: GZ (Detoxify: 0.226 | Perspective: 0.328)
──────────────────────────────────────────────────
Fala transcrita:
""Volta aqui moleque, devolve meu milho Ah""",Avaliador_B,Avaliador_D
1,"Nossa, você está correndo atrás de mim, mami! Eu estou atrás de você, Luca! Eu acho melhor você deixar eu ir na frente, porque se morre, morro eu, né? Mas você é fantasma! Então, Luca, fantasma não morre! Na verdade, não morre! Mas eles não te veem? Eles não te veem! Oi, eu estou te vendo! Você está me vendo, Luca? Estou! Ai, morreu! Não, não morre! Luca, a armadilha já foi feita! Você é a primeira? Oi? Você está em primeiro? Eu acho que estou, mami! Eu acho que eu estou! Será, Luca? Será, mami? Será mesmo? Será? Não sei, Luca! Nossa, mami! Eu peguei um brilhinho, Luca! Ah! Ahn? Você ganhou! Aê! Já começou o mapa novo! Ganhando! Luca! Quem será que será o armador? Quem será que será? Sou eu! Sou eu! Mentira!",0.1023755744099617,0.635915994644165,0.2617084085941314,NEU,0.7732785940170288,0.0048425225540995,0.0381343849003315,0.0025023655034601,0.0439445674419403,0.0305135585367679,0.0072768456302583,0.2854903,Luluca Games,Roblox,Roblox - UM NOVO MAPA COLORIDO E DIVERTIDO Deathrun GameShow  Luluca Games [4YTSot83szw],0.1023756340146064,GZ,GZ,GZ,"🎬 Canal: Luluca Games | 🎥 Vídeo: Roblox - UM NOVO MAPA COLORIDO E DIVERTIDO Deathrun GameShow  Luluca Games [4YTSot83szw]
⏱️ Segmento/Index: 1
🤖 Consenso de IA: GZ (Detoxify: 0.773 | Perspective: 0.285)
──────────────────────────────────────────────────
Fala transcrita:
""Nossa, você está correndo atrás de mim, mami! Eu estou atrás de você, Luca! Eu acho melhor você deixar eu ir na frente, porque se morre, morro eu, né? Mas você é fantasma! Então, Luca, fantasma não morre! Na verdade, não morre! Mas eles não te veem? Eles não te veem! Oi, eu estou te vendo! Você está me vendo, Luca? Estou! Ai, morreu! Não, não morre! Luca, a armadilha já foi feita! Você é a primeira? Oi? Você está em primeiro? Eu acho que estou, mami! Eu acho que eu estou! Será, Luca? Será, mami? Será mesmo? Será? Não sei, Luca! Nossa, mami! Eu peguei um brilhinho, Luca! Ah! Ahn? Você ganhou! Aê! Já começou o mapa novo! Ganhando! Luca! Quem será que será o armador? Quem será que será? Sou eu! Sou eu! Mentira!""",Avaliador_B,Avaliador_D
9,"Mano, você tá tretando com a vitória! Por que, Fih? Eu sei, eu sei! Desculpe! Vou desculpar, não! Vamos voltar para casa! Vamos embora! Gente, mano! Que lindo esse lugar! Eu nunca tinha visto uma selva tão bonita, né, Gagão? Bonita, né? Bonita, perigosa... Capitule eles! Não vamos deixar o saíra! Os caras não param de vir atrás de nós, velho! Esse cara não é o chefe dele! Olha os homens surgindo, velho! Eita, nois! Galera, como é a frase que ele fala? Pogar, pogar! Vai, vai, vai! Vamos embora! Nossa, cuidado, rimarão! O chefe está de volta! O chefe estava de volta, Pocão! Pula dois anos antes de você ir para te pegar! Não, não, não! Pega um pouquinho! Fica, Pocão, fica pra sobreviver, mano! Me abraça, me abraça!",0.014528764411807,0.0354380495846271,0.9500331878662108,POS,0.2337199747562408,0.0011984537122771,0.0487235374748706,0.0016834890702739,0.0542580336332321,0.0018467606278136,0.0109525863081216,0.30427247,AuthenticGames,Minecraft,FUGIMOS de UM VULCÃO em ERUPÇÃO na ILHA DA SELVA - Roblox Jungle Story EP.02 [nDDySmsD9X4],,GZ,GZ,GZ,"🎬 Canal: AuthenticGames | 🎥 Vídeo: FUGIMOS de UM VULCÃO em ERUPÇÃO na ILHA DA SELVA - Roblox Jungle Story EP.02 [nDDySmsD9X4]
⏱️ Segmento/Index: 9
🤖 Consenso de IA: GZ (Detoxify: 0.234 | Perspective: 0.304)
──────────────────────────────────────────────────
Fala transcrita:
""Mano, você tá tretando com a vitória! Por que, Fih? Eu sei, eu sei! Desculpe! Vou desculpar, não! Vamos voltar para casa! Vamos embora! Gente, mano! Que lindo esse lugar! Eu nunca tinha visto uma selva tão bonita, né, Gagão? Bonita, né? Bonita, perigosa... Capitule eles! Não vamos deixar o saíra! Os caras não param de vir atrás de nós, velho! Esse cara não é o chefe dele! Olha os homens surgindo, velho! Eita, nois! Galera, como é a frase que ele fala? Pogar, pogar! Vai, vai, vai! Vamos embora! Nossa, cuidado, rimarão! O chefe está de volta! O chefe estava de volta, Pocão! Pula dois anos antes de você ir para te pegar! Não, não, não! Pega um pouquinho! Fica, Pocão, fica pra sobreviver, mano! Me abraça, me abraça!""",Avaliador_B,Avaliador_D
0,o cristal de ametista tem uma cor muito bonita e é muito brilhante eu gosto muito de ametista e foi inspirado nesse cristal que eu lancei o meu cabelo roxo e aí vocês acharam que ficou parecido com ametista?,0.002064072759822,0.0273210350424051,0.9706148505210876,POS,0.0031774414237588,0.0026105151046067,0.0265057329088449,0.0033980347216129,0.0210934169590473,0.001002742210403,0.0014812314184382,0.044141594,Robin Hood Gamer,Minecraft,FIZ UMA CASA COM ARMADILHA SECRETA MINECRAFT ERA DA REDSTONE 45 [JWgmm6zOxWE],,NT,NT,NT,"🎬 Canal: Robin Hood Gamer | 🎥 Vídeo: FIZ UMA CASA COM ARMADILHA SECRETA MINECRAFT ERA DA REDSTONE 45 [JWgmm6zOxWE]
⏱️ Segmento/Index: 0
🤖 Consenso de IA: NT (Detoxify: 0.003 | Perspective: 0.044)
──────────────────────────────────────────────────
Fala transcrita:
""o cristal de ametista tem uma cor muito bonita e é muito brilhante eu gosto muito de ametista e foi inspirado nesse cristal que eu lancei o meu cabelo roxo e aí vocês acharam que ficou parecido com ametista?""",Avaliador_B,Avaliador_D
3,"Então tá bom, você que perde. Eu também não quero saber. Não, não, eu tô brincando, calma, calma. Não, não, não, tá bom, eu mudei de ideia, como é que funciona isso aí? É, é, mas vai ser fácil, é um experimento que tá testado e comprovado que dá certo. Você já testou? Aham, mas pera aí, rapidinho. Deixa eu só falar um negócio aqui. Pera aí, vou no banheiro, só um minuto. Pessoal, eu acho que eu esqueci de falar o que que era, mas é que eu vou deixar o KR minúsculo, eu vou deixar ele pequenininho e ele vai achar que ele vai ficar musculoso. Vocês vão ver, vai ser muito engraçado. Tá, agora deixa eu voltar lá. KR! Hmm, fala menino, tá rolando muito. Eu fui ver se tava certo mesmo, se dava certo. Se você for pegar uma picaíra, você vai minerar. Ah é, vai onde? Vai fazer o que que essa picaíra tem? É porque eu preciso construir uma máquina. Pera aí, vai construir uma máquina onde? Eu vou construir lá no laboratório da mult. Ai meu Deus do céu, você vai construir no laboratório da mult.",0.1435927748680114,0.7923552989959717,0.0640519112348556,NEU,0.2465424239635467,0.0037366040050983,0.0483617819845676,0.0024460195563733,0.028497090563178,0.0063938261009752,0.0058732791803777,0.28425202,Kass e KR,Minecraft,DEIXEI O MEU AMIGO PEQUENO NO MINECRAFT Trollagem [xbLF0P0E1BU],,GZ,GZ,GZ,"🎬 Canal: Kass e KR | 🎥 Vídeo: DEIXEI O MEU AMIGO PEQUENO NO MINECRAFT Trollagem [xbLF0P0E1BU]
⏱️ Segmento/Index: 3
🤖 Consenso de IA: GZ (Detoxify: 0.247 | Perspective: 0.284)
──────────────────────────────────────────────────
Fala transcrita:
""Então tá bom, você que perde. Eu também não quero saber. Não, não, eu tô brincando, calma, calma. Não, não, não, tá bom, eu mudei de ideia, como é que funciona isso aí? É, é, mas vai ser fácil, é um experimento que tá testado e comprovado que dá certo. Você já testou? Aham, mas pera aí, rapidinho. Deixa eu só falar um negócio aqui. Pera aí, vou no banheiro, só um minuto. Pessoal, eu acho que eu esqueci de falar o que que era, mas é que eu vou deixar o KR minúsculo, eu vou deixar ele pequenininho e ele vai achar que ele vai ficar musculoso. Vocês vão ver, vai ser muito engraçado. Tá, agora deixa eu voltar lá. KR! Hmm, fala menino, tá rolando muito. Eu fui ver se tava certo mesmo, se dava certo. Se você for pegar uma picaíra, você vai minerar. Ah é, vai onde? Vai fazer o que que essa picaíra tem? É porque eu preciso construir uma máquina. Pera aí, vai construir uma máquina onde? Eu vou construir lá no laboratório da mult. Ai meu Deus do céu, você vai construir no laboratório da mult.""",Avaliador_B,Avaliador_D
1,"O que é isso? O que é isso? O que é isso? O que é isso? O que é isso? O que é isso? O que é isso? O que é isso? O que é isso? O que é isso? O que é isso? Eu vou pegar o o 한요즈 Sai daqui, sai de perto Sai de pé de mim Sai, sai, sai, sai Ih, que horror Sai do barco, sai, sai, sai, sai, sai, sai Mano, que... QUE? SAI Sai daqui Caraca, consegui matar o Utsu Mano, o que aconteceu? Cadê o... Oh, saia de perto de mim Sai de perto de mim Mano, cadê o Utsu, velho? Utsu UTSU AUUU, sai daqui Toma, eu peguei Que isso mano?! SAI! Sai daqui! Mas não... Que que é? Sai daqui! Não... Não, não, não, não! Não, não, não, não! Como é que é que é?! Não, não, não, não! Sai daqui! Nessa hora eu resolvi trocar de voz pra uma mais fácil de entender. E olha o Atus ali, eu vou trollar ele aparecendo do lado, deixa eu tacar um Menderpill ali. Ah, zumbis são muitos mobs! Ah, aqui tem mais zumbis. Não! Ah, pega isso! Fica aí, apareceu um bicho rosa do mal!",0.8705031275749207,0.1135549694299697,0.0159419048577547,NEG,0.7606576085090637,0.0079460712149739,0.0752908214926719,0.0045129703357815,0.0690098777413368,0.0081922747194767,0.0138104883953928,0.23812068,Cadres,Minecraft,TROLLEI meus Amigos sendo a MOMMY LONG LEGS no Minecraft [5cegOc5b7yM],,GZ,GZ,GZ,"🎬 Canal: Cadres | 🎥 Vídeo: TROLLEI meus Amigos sendo a MOMMY LONG LEGS no Minecraft [5cegOc5b7yM]
⏱️ Segmento/Index: 1
🤖 Consenso de IA: GZ (Detoxify: 0.761 | Perspective: 0.238)
──────────────────────────────────────────────────
Fala transcrita:
""O que é isso? O que é isso? O que é isso? O que é isso? O que é isso? O que é isso? O que é isso? O que é isso? O que é isso? O que é isso? O que é isso? Eu vou pegar o o 한요즈 Sai daqui, sai de perto Sai de pé de mim Sai, sai, sai, sai Ih, que horror Sai do barco, sai, sai, sai, sai, sai, sai Mano, que... QUE? SAI Sai daqui Caraca, consegui matar o Utsu Mano, o que aconteceu? Cadê o... Oh, saia de perto de mim Sai de perto de mim Mano, cadê o Utsu, velho? Utsu UTSU AUUU, sai daqui Toma, eu peguei Que isso mano?! SAI! Sai daqui! Mas não... Que que é? Sai daqui! Não... Não, não, não, não! Não, não, não, não! Como é que é que é?! Não, não, não, não! Sai daqui! Nessa hora eu resolvi trocar de voz pra uma mais fácil de entender. E olha o Atus ali, eu vou trollar ele aparecendo do lado, deixa eu tacar um Menderpill ali. Ah, zumbis são muitos mobs! Ah, aqui tem mais zumbis. Não! Ah, pega isso! Fica aí, apareceu um bicho rosa do mal!""",Avaliador_B,Avaliador_D
13,Então agora sim galera vamos continuar aqui o nosso próximo desafio E pessoal acabei de encontrar diamantes Olha só isso mano tem muito diamante caí caí na lava não acredito Mas eu consegui 3 diamantes já E pelo que me parece conseguindo diamante eu voltei ao normal a minha roupa não tá mais rasgada velho Agora eu só preciso tapar essa lava aqui e pegar o resto dos diamantes né Vem a cá diamantinho Muito cuidado nessa hora E 7 diamantes eu consegui Eu vou vender isso por muito muito caro velho Que beleza eu preciso voltar Agora que a gente tá aqui no banco eu acho que é hora de trocar as coisas Olha só isso 1 diamante vale 64 reais mano isso é muito bom Galera com toda sinceridade eu acho que eu já tô rico hein Não sei nem quanto dinheiro eu tenho aqui velho tô feliz demais Bora lá comprar as coisas melhores Eu sei que eu tô rico mas deixa eu passar aqui rapidão pra comprar uns hambúrgueres né velho Porque eu tô com fome ele é o único que vende comida aqui Agora sim tô cheio de hambúrguer,0.1745703965425491,0.3836090862751007,0.4418205320835113,POS,0.0039363889954984,0.0028959724586457,0.0272373724728822,0.0023234486579895,0.0204886123538017,0.0017577358521521,0.0013818704755976,0.112643376,Kass e KR,Minecraft,Melhorando meu AMIGO de POBRE até o mais RICO do Mundo [fqekFbdgwSA],,NT,NT,NT,"🎬 Canal: Kass e KR | 🎥 Vídeo: Melhorando meu AMIGO de POBRE até o mais RICO do Mundo [fqekFbdgwSA]
⏱️ Segmento/Index: 13
🤖 Consenso de IA: NT (Detoxify: 0.004 | Perspective: 0.113)
──────────────────────────────────────────────────
Fala transcrita:
""Então agora sim galera vamos continuar aqui o nosso próximo desafio E pessoal acabei de encontrar diamantes Olha só isso mano tem muito diamante caí caí na lava não acredito Mas eu consegui 3 diamantes já E pelo que me parece conseguindo diamante eu voltei ao normal a minha roupa não tá mais rasgada velho Agora eu só preciso tapar essa lava aqui e pegar o resto dos diamantes né Vem a cá diamantinho Muito cuidado nessa hora E 7 diamantes eu consegui Eu vou vender isso por muito muito caro velho Que beleza eu preciso voltar Agora que a gente tá aqui no banco eu acho que é hora de trocar as coisas Olha só isso 1 diamante vale 64 reais mano isso é muito bom Galera com toda sinceridade eu acho que eu já tô rico hein Não sei nem quanto dinheiro eu tenho aqui velho tô feliz demais Bora lá comprar as coisas melhores Eu sei que eu tô rico mas deixa eu passar aqui rapidão pra comprar uns hambúrgueres né velho Porque eu tô com fome ele é o único que vende comida aqui Agora sim tô cheio de hambúrguer""",Avaliador_B,Avaliador_D
6,"Foi planejada de um jeito que acaba com tudo Porque ela é aquela que tem o poder Ela vai explodir e vai te enlouquecer Ela explode, então corre porque ela explode De um jeito bem louco ela explode Eu tô falando da TNT, meu Minecraft Ela explode, então corre porque ela explode De um jeito bem louco ela explode Eu tô falando da TNT, meu Minecraft Ela explode aí Acordei bem cedo com dor de dente mas queria um doce Deci pra cozinha mas não tinha nada que eu conseguia comer Estou com dor nos meus dentes Minha mãe não está contente Não sei o que posso fazer Porque tudo que eu quero, eu quero, eu quero comer",0.1335733383893966,0.4507056772708893,0.4157209694385528,NEU,0.6516026258468628,0.0070717157796025,0.0427003800868988,0.0038269585929811,0.0272548776119947,0.0400652550160884,0.012892322614789,0.23739935,Papile,Roblox,VÍDEO ESPECIAL TODAS AS MÚSICAS DA PAPILE Minecraft e Roblox [wtoZ8K7gVH4],,GZ,GZ,GZ,"🎬 Canal: Papile | 🎥 Vídeo: VÍDEO ESPECIAL TODAS AS MÚSICAS DA PAPILE Minecraft e Roblox [wtoZ8K7gVH4]
⏱️ Segmento/Index: 6
🤖 Consenso de IA: GZ (Detoxify: 0.652 | Perspective: 0.237)
──────────────────────────────────────────────────
Fala transcrita:
""Foi planejada de um jeito que acaba com tudo Porque ela é aquela que tem o poder Ela vai explodir e vai te enlouquecer Ela explode, então corre porque ela explode De um jeito bem louco ela explode Eu tô falando da TNT, meu Minecraft Ela explode, então corre porque ela explode De um jeito bem louco ela explode Eu tô falando da TNT, meu Minecraft Ela explode aí Acordei bem cedo com dor de dente mas queria um doce Deci pra cozinha mas não tinha nada que eu conseguia comer Estou com dor nos meus dentes Minha mãe não está contente Não sei o que posso fazer Porque tudo que eu quero, eu quero, eu quero comer""",Avaliador_B,Avaliador_D
1,"Eu tenho uma câmera ali do outro lado, deixa eu ver como é que tá ficando o bolo do JP Nada mal, mas é impossível superar o meu O meu bolo tá quase pronto Falta só colocar algumas cerejas espalhadas aqui por cima, mais ou menos desse jeito aqui Eu acho que ficou legal E pra essa cobertura de chocolate ficar ainda mais realista Eu tô colocando alguns carpets em cima McFly, já terminei de construir! Eu acabei de terminar também, dá uma olhada e vê o que você achou, tá? Tá, deixa eu ver aqui o bolo que você construiu... McFly! Nossa, tá impressionante isso daqui! Eu achei que o meu tava enorme, mas o seu tá muito maior Tem várias e várias camadas de chocolate e eu tô até com fome, só de olhar esse bolo aqui Nossa, que incrível! É, eu dei o meu melhor, mas acho que o resultado final até ficou bom Mas tá ok, né? O bolo tá ok Isso aqui deve ter dado muito trabalho Eu coloquei algumas cerejas também, só que o seu tem muito, mas muito mais cerejas Eu acho que sei lá, mil vezes mais Agora eu quero ver como é que ficou o seu bolinho Pode vir, McFly, esse aqui é o bolo que eu construí, né?",0.0594095364212989,0.5067774653434753,0.4338130056858063,NEU,0.0018069742945954,0.0043567297980189,0.0314644128084182,0.0048231463879346,0.0285041872411966,0.0022021878976374,0.0010185586288571,0.15048122,JP Plays,Minecraft,Trolei meu AMIGO na BATALHA DE CONSTRUÇÃO no MINECRAFT [qv0HRYN5jSg],,NT,NT,NT,"🎬 Canal: JP Plays | 🎥 Vídeo: Trolei meu AMIGO na BATALHA DE CONSTRUÇÃO no MINECRAFT [qv0HRYN5jSg]
⏱️ Segmento/Index: 1
🤖 Consenso de IA: NT (Detoxify: 0.002 | Perspective: 0.15)
──────────────────────────────────────────────────
Fala transcrita:
""Eu tenho uma câmera ali do outro lado, deixa eu ver como é que tá ficando o bolo do JP Nada mal, mas é impossível superar o meu O meu bolo tá quase pronto Falta só colocar algumas cerejas espalhadas aqui por cima, mais ou menos desse jeito aqui Eu acho que ficou legal E pra essa cobertura de chocolate ficar ainda mais realista Eu tô colocando alguns carpets em cima McFly, já terminei de construir! Eu acabei de terminar também, dá uma olhada e vê o que você achou, tá? Tá, deixa eu ver aqui o bolo que você construiu... McFly! Nossa, tá impressionante isso daqui! Eu achei que o meu tava enorme, mas o seu tá muito maior Tem várias e várias camadas de chocolate e eu tô até com fome, só de olhar esse bolo aqui Nossa, que incrível! É, eu dei o meu melhor, mas acho que o resultado final até ficou bom Mas tá ok, né? O bolo tá ok Isso aqui deve ter dado muito trabalho Eu coloquei algumas cerejas também, só que o seu tem muito, mas muito mais cerejas Eu acho que sei lá, mil vezes mais Agora eu quero ver como é que ficou o seu bolinho Pode vir, McFly, esse aqui é o bolo que eu construí, né?""",Avaliador_B,Avaliador_D
0,"Nesse vídeo, eu e meu amigo Tônegon passamos 100 minutos das nossas vidas, sobrevivendo como náufragos da lava em um vulcão no Minecraft. Foi uma aventura muito realista, o nosso objetivo era completar várias tarefas que tinham nesse mod pack, e sério, foi muito divertido. Eu espero muito que vocês gostem dessa jornada. Vocês simplesmente amaram o vídeo que eu fiz de náufrago com o Tônegon de uma hora, esse vídeo tem muito mais duração, tem uma hora e quarenta porque são 100 minutos, né? A gente conseguiu fazer muita coisa, então mano, se você gostar desse vídeo não se esquece de se inscrever no canal do Tônegon, se inscrever aqui embaixo também, e agora fiquem com 100 minutos em um vulcão no Minecraft. Música de suspense Jalean, eu tô pegando fogo, pega-me a mão! Meu Deus, Tônegon, vem cá, vem cá! Cuidado, cuidado, cuidado. Bom, Tônegon, você lembra da última vez que você apareceu aqui em um mapa... Aí! Não deu tempo, Jalean. Tô aqui, tô aqui.",0.0047127855941653,0.0208507068455219,0.9744364619255066,POS,0.0033542979508638,0.0017547204624861,0.0166065357625484,0.0022341518197208,0.0138263497501611,0.0010717480909079,0.0004261830763425,0.11140333,Geleia,Minecraft,Eu Sobrevivi em um OCEANO de Lava no Minecraft - O FILME [8v43hoc2kEU],,NT,NT,NT,"🎬 Canal: Geleia | 🎥 Vídeo: Eu Sobrevivi em um OCEANO de Lava no Minecraft - O FILME [8v43hoc2kEU]
⏱️ Segmento/Index: 0
🤖 Consenso de IA: NT (Detoxify: 0.003 | Perspective: 0.111)
──────────────────────────────────────────────────
Fala transcrita:
""Nesse vídeo, eu e meu amigo Tônegon passamos 100 minutos das nossas vidas, sobrevivendo como náufragos da lava em um vulcão no Minecraft. Foi uma aventura muito realista, o nosso objetivo era completar várias tarefas que tinham nesse mod pack, e sério, foi muito divertido. Eu espero muito que vocês gostem dessa jornada. Vocês simplesmente amaram o vídeo que eu fiz de náufrago com o Tônegon de uma hora, esse vídeo tem muito mais duração, tem uma hora e quarenta porque são 100 minutos, né? A gente conseguiu fazer muita coisa, então mano, se você gostar desse vídeo não se esquece de se inscrever no canal do Tônegon, se inscrever aqui embaixo também, e agora fiquem com 100 minutos em um vulcão no Minecraft. Música de suspense Jalean, eu tô pegando fogo, pega-me a mão! Meu Deus, Tônegon, vem cá, vem cá! Cuidado, cuidado, cuidado. Bom, Tônegon, você lembra da última vez que você apareceu aqui em um mapa... Aí! Não deu tempo, Jalean. Tô aqui, tô aqui.""",Avaliador_B,Avaliador_D
3,"Eu estou aqui para conversar Eu não gosto de armas Não apontem armas pra mim não Eee, o que é isso? O que é isso? Não, eu não queria fazer isso, mas vocês me obrigaram Não atirem em mim! Eu consegui fugir daqueles policiais E agora eu estou muito curioso Tem um trem passando aqui, será que eu consigo Destruir o trem com a minha velocidade? Vocês viram o quanto eu sou forte O meu impacto destrói veículos Eu fiz um carro explodir Toma essa trem! Nossa! É muito difícil, eu não consigo tirar O trem do trilho, super velocidade Tive uma ideia, tive uma ideia Eu vou correr, eu vou bater de frente com o trem É agora! Velocidade máxima! Não! Eu não consigo parar o trem! Vai, você consegue Goku!",0.1837765872478485,0.7084624171257019,0.1077609732747078,NEU,0.273721694946289,0.0059985383413732,0.054668553173542,0.0036747343838214,0.0317462123930454,0.020374434068799,0.0063397837802767,0.37751234,Robin Hood Gamer,Minecraft,ME TRANSFORMEI NO GOKU E GANHEI PODERES NA CIDADE DO GTA 5 [ki45ObAUazo],,GZ,GZ,GZ,"🎬 Canal: Robin Hood Gamer | 🎥 Vídeo: ME TRANSFORMEI NO GOKU E GANHEI PODERES NA CIDADE DO GTA 5 [ki45ObAUazo]
⏱️ Segmento/Index: 3
🤖 Consenso de IA: GZ (Detoxify: 0.274 | Perspective: 0.378)
──────────────────────────────────────────────────
Fala transcrita:
""Eu estou aqui para conversar Eu não gosto de armas Não apontem armas pra mim não Eee, o que é isso? O que é isso? Não, eu não queria fazer isso, mas vocês me obrigaram Não atirem em mim! Eu consegui fugir daqueles policiais E agora eu estou muito curioso Tem um trem passando aqui, será que eu consigo Destruir o trem com a minha velocidade? Vocês viram o quanto eu sou forte O meu impacto destrói veículos Eu fiz um carro explodir Toma essa trem! Nossa! É muito difícil, eu não consigo tirar O trem do trilho, super velocidade Tive uma ideia, tive uma ideia Eu vou correr, eu vou bater de frente com o trem É agora! Velocidade máxima! Não! Eu não consigo parar o trem! Vai, você consegue Goku!""",Avaliador_B,Avaliador_D
