index,tiras,negatividade,neutralidade,positividade,sentimento_dominante,toxicity,severe_toxicity,obscene,identity_attack,insult,threat,sexual_explicit,p_toxicity,Creator Name,Game Environment,Video Name,toxicidade,class_detoxify,class_perspective,classificacao_ia,texto_exibicao,Anotador_1,Anotador_2
6,"Só que aí eu lembro que não precisa nem de inimigo pra matar a Gracia, porque ela mesma se mata com a cabeça dela. Ela morreu do nada, porque bateu em uma casa de madeira. Foi hoje, hoje, que nós percebemos que somos ruins e temos que aceitar isso. E é por isso então que a gente resolveu jogar modo clássico. Mas foi justamente aqui no modo clássico que a gente percebeu que a gente era ruim mesmo. Assistam essa partida completa pra vocês verem o que foi que aconteceu. Já estávamos nós em Kalahari caindo para conseguir alguns dadinhos pra tentar pegar um emot de flexão. Sim, o evento acaba amanhã, a gente ainda não completou, então a gente foi de última hora fazer o evento. E a gente jurava que estávamos safe. Foi quando eu coloquei o pé no chão que eu percebia a cagada que a gente tinha feito de cair aqui. Um cara chegou ali, eu consegui matar ele de plasma, errei não sei como, mas consegui matar ele. Ele derrubou minhas duas amigas e aí eu fui lá levantar de novo elas duas, porque elas só vivem caindo a partida toda.",0.616309404373169,0.2552619576454162,0.1284285932779312,NEG,0.4679822921752929,0.0012562595074996,0.0353841260075569,0.0012277797795832,0.0369612574577331,0.1312137693166732,0.0027942436281591,0.24282593,Amy Scarlet,Roblox,MELHOR SQUAD DO FREE FIRE [g46ZO-8UwLM],,GZ,GZ,GZ,"🎬 Canal: Amy Scarlet | 🎥 Vídeo: MELHOR SQUAD DO FREE FIRE [g46ZO-8UwLM]
⏱️ Segmento/Index: 6
🤖 Consenso de IA: GZ (Detoxify: 0.468 | Perspective: 0.243)
──────────────────────────────────────────────────
Fala transcrita:
""Só que aí eu lembro que não precisa nem de inimigo pra matar a Gracia, porque ela mesma se mata com a cabeça dela. Ela morreu do nada, porque bateu em uma casa de madeira. Foi hoje, hoje, que nós percebemos que somos ruins e temos que aceitar isso. E é por isso então que a gente resolveu jogar modo clássico. Mas foi justamente aqui no modo clássico que a gente percebeu que a gente era ruim mesmo. Assistam essa partida completa pra vocês verem o que foi que aconteceu. Já estávamos nós em Kalahari caindo para conseguir alguns dadinhos pra tentar pegar um emot de flexão. Sim, o evento acaba amanhã, a gente ainda não completou, então a gente foi de última hora fazer o evento. E a gente jurava que estávamos safe. Foi quando eu coloquei o pé no chão que eu percebia a cagada que a gente tinha feito de cair aqui. Um cara chegou ali, eu consegui matar ele de plasma, errei não sei como, mas consegui matar ele. Ele derrubou minhas duas amigas e aí eu fui lá levantar de novo elas duas, porque elas só vivem caindo a partida toda.""",Avaliador_A,Avaliador_D
13,"E dentro de uma gaiola de rocha matriz, o Itter Boss não escapa, não consegue destruir nada! Eu vou te dar uma ajuda aí, aumentar o tamanho, tem que ser uma gaiola um pouquinho grande, porque também tem que lembrar que a gente vai estar aqui dentro! Não, Beto! A gente vai ficar na parte de cima, a gente só vai soltar a TNT lá de cima e deixar explodir no Itter Boss! Ah, mas tem que spawnar o Itter Boss, né, Robin? Aí que tá! Olha, eu já ative até um plano para a gente não precisar ficar fazendo uma parede gigante! A gente deixa o espaço de um bloco! Ó, vamos colocar grade! Quebra essas grades aqui, Beto! Eu vou quebrar, eu vou quebrar, fica tranquilo! Ó, Robin! Já tô colocando grade em tudo, isso aqui vai ficar realmente seguro! Espero que a gente saia com vida dessa vez! Albertão do papelão! Isso vai ser insano! Eu acho que a explosão, ela vai ser tão grande que vai destruir os blocos que estão em volta dessa gaiola gigante! Vai destruir todas as grades, eu acho, hein! Com certeza! Vai!",0.1551922708749771,0.7814540863037109,0.0633536279201507,NEU,0.5549819469451904,0.0047137476503849,0.0321356616914272,0.002134068403393,0.0250401012599468,0.1445241421461105,0.003754673525691,0.25462922,Robin Hood Gamer,Minecraft,TNT MAIS FORTE DERROTOU ENDER DRAGON  TESTANDO TNTS ESPECIAIS CONTRA MONSTROS NO MINECRAFT [NKBLzLHhI-M],,GZ,GZ,GZ,"🎬 Canal: Robin Hood Gamer | 🎥 Vídeo: TNT MAIS FORTE DERROTOU ENDER DRAGON  TESTANDO TNTS ESPECIAIS CONTRA MONSTROS NO MINECRAFT [NKBLzLHhI-M]
⏱️ Segmento/Index: 13
🤖 Consenso de IA: GZ (Detoxify: 0.555 | Perspective: 0.255)
──────────────────────────────────────────────────
Fala transcrita:
""E dentro de uma gaiola de rocha matriz, o Itter Boss não escapa, não consegue destruir nada! Eu vou te dar uma ajuda aí, aumentar o tamanho, tem que ser uma gaiola um pouquinho grande, porque também tem que lembrar que a gente vai estar aqui dentro! Não, Beto! A gente vai ficar na parte de cima, a gente só vai soltar a TNT lá de cima e deixar explodir no Itter Boss! Ah, mas tem que spawnar o Itter Boss, né, Robin? Aí que tá! Olha, eu já ative até um plano para a gente não precisar ficar fazendo uma parede gigante! A gente deixa o espaço de um bloco! Ó, vamos colocar grade! Quebra essas grades aqui, Beto! Eu vou quebrar, eu vou quebrar, fica tranquilo! Ó, Robin! Já tô colocando grade em tudo, isso aqui vai ficar realmente seguro! Espero que a gente saia com vida dessa vez! Albertão do papelão! Isso vai ser insano! Eu acho que a explosão, ela vai ser tão grande que vai destruir os blocos que estão em volta dessa gaiola gigante! Vai destruir todas as grades, eu acho, hein! Com certeza! Vai!""",Avaliador_A,Avaliador_D
8,É já peguei 6 gelos ali numa caixa de lute só de boa Depois eu fui pegando os restos um pouquinho aqui um pouquinho ali Ai completei os 7 esquece já tô com 10 gelos Esquece o pai tá estourado agora cadê o cara pô Tô aqui no meio do aberto se viu uma trocação do nada Tá demorando demais pô Ei mano tu demorou véi Não tá vendo que tu tá dizendo que tu tem coragem de dizer que eu demorei não bicho na moral Tu sabe como é que foi difícil eu conseguir esse gelo aqui bicho É gelo mesmo é Ó quatro gelos desse aqui tava no meio da trocação a nova peste Acabou de dar ganança de granada da W grossa bagaceira desgraçada lá Ai pegou mais dois tava com tiringa mas com peixeira Tiringa level 100 tá ligado Sabe como é que foi difícil tu margenha do tiringa O resto eu tenho que ver ó eu fui na dungeon eu fui em lojinha eu fui em drople pra ver se era fácil Pera ai não Mas tu pegou o gelo deu certo pegou Peguei Se tu tá aqui é porque deu certo é não esquece o pai tá estourado tu também tá estourado pô,0.7273529767990112,0.1763927191495895,0.096254326403141,NEG,0.2530305981636047,0.0041137742809951,0.042185004800558,0.0029763369821012,0.0414806418120861,0.005503905005753,0.0044051646254956,0.3140926,meu nome é david,Roblox,FREE FIRE NA VIDA REAL - ZERANDO O PASSE DE ELITE [OcqIPf_Vxwg],,GZ,GZ,GZ,"🎬 Canal: meu nome é david | 🎥 Vídeo: FREE FIRE NA VIDA REAL - ZERANDO O PASSE DE ELITE [OcqIPf_Vxwg]
⏱️ Segmento/Index: 8
🤖 Consenso de IA: GZ (Detoxify: 0.253 | Perspective: 0.314)
──────────────────────────────────────────────────
Fala transcrita:
""É já peguei 6 gelos ali numa caixa de lute só de boa Depois eu fui pegando os restos um pouquinho aqui um pouquinho ali Ai completei os 7 esquece já tô com 10 gelos Esquece o pai tá estourado agora cadê o cara pô Tô aqui no meio do aberto se viu uma trocação do nada Tá demorando demais pô Ei mano tu demorou véi Não tá vendo que tu tá dizendo que tu tem coragem de dizer que eu demorei não bicho na moral Tu sabe como é que foi difícil eu conseguir esse gelo aqui bicho É gelo mesmo é Ó quatro gelos desse aqui tava no meio da trocação a nova peste Acabou de dar ganança de granada da W grossa bagaceira desgraçada lá Ai pegou mais dois tava com tiringa mas com peixeira Tiringa level 100 tá ligado Sabe como é que foi difícil tu margenha do tiringa O resto eu tenho que ver ó eu fui na dungeon eu fui em lojinha eu fui em drople pra ver se era fácil Pera ai não Mas tu pegou o gelo deu certo pegou Peguei Se tu tá aqui é porque deu certo é não esquece o pai tá estourado tu também tá estourado pô""",Avaliador_A,Avaliador_D
64,"Tem tnt de dano, farofa, mano. A farofa é melhor que o lobo, velho. O lobo é muito ruim, mano. É, depende do nível, né, do artefato. Acho que o lobo do Tué é preguiçoso. Caraca, meu lobo é muito zoado, velho. Nossa, caiu o pão lá embaixo, velho. Que do pãozinho... Curei pra... Nossa, Ghegan, cura, cura. Curex. Ô, agora tá dando 128 de cura o seu, hein. Não, é que quando eu tenho mais alma, eu curo mais, entendeu? Quando eu tenho pouca alma, eu não curo quase nada. É que eu tô lotado de alma aqui agora. Aí, arrumamos. Cara, eu tô usando a correntada aqui, ó, da minha espada de diamante, isso é muito bom, ó. Então, tipo, cada um tem que ficar com um, né, mano? Porque... ai, eu caí lá embaixo. Tá vivo? Morreu? Então, cada um tem que ficar com um desse. Nossa, cuidado, vai explodir o Creeper ali, ó. Nossa, esse acorrentado, ó. Mano, acorrenta até a ovelinha, a ovelinha não tem nada a ver com isso, vai pra...",0.7866975665092468,0.1644960343837738,0.0488063916563987,NEG,0.2364895492792129,0.0013985483674332,0.0299975126981735,0.0006953249103389,0.0624912828207016,0.0127233620733022,0.004117137286812,0.3250515,AuthenticGames,Minecraft,AUTHENTICGAMES JOGANDO MINECRAFT DUNGEONS COM MEUS AMIGOS - Novo Minecraft [0cC0gB0-Ug0],,GZ,GZ,GZ,"🎬 Canal: AuthenticGames | 🎥 Vídeo: AUTHENTICGAMES JOGANDO MINECRAFT DUNGEONS COM MEUS AMIGOS - Novo Minecraft [0cC0gB0-Ug0]
⏱️ Segmento/Index: 64
🤖 Consenso de IA: GZ (Detoxify: 0.236 | Perspective: 0.325)
──────────────────────────────────────────────────
Fala transcrita:
""Tem tnt de dano, farofa, mano. A farofa é melhor que o lobo, velho. O lobo é muito ruim, mano. É, depende do nível, né, do artefato. Acho que o lobo do Tué é preguiçoso. Caraca, meu lobo é muito zoado, velho. Nossa, caiu o pão lá embaixo, velho. Que do pãozinho... Curei pra... Nossa, Ghegan, cura, cura. Curex. Ô, agora tá dando 128 de cura o seu, hein. Não, é que quando eu tenho mais alma, eu curo mais, entendeu? Quando eu tenho pouca alma, eu não curo quase nada. É que eu tô lotado de alma aqui agora. Aí, arrumamos. Cara, eu tô usando a correntada aqui, ó, da minha espada de diamante, isso é muito bom, ó. Então, tipo, cada um tem que ficar com um, né, mano? Porque... ai, eu caí lá embaixo. Tá vivo? Morreu? Então, cada um tem que ficar com um desse. Nossa, cuidado, vai explodir o Creeper ali, ó. Nossa, esse acorrentado, ó. Mano, acorrenta até a ovelinha, a ovelinha não tem nada a ver com isso, vai pra...""",Avaliador_A,Avaliador_D
3,"Vamos ver o que mais a gente consegue fazer aqui de inútil, a gente consegue fazer essas engrenagens que eu vou fazer algumas aqui pra ver o que acontece O que eu libero aqui, não liberei nada, dá pra fazer um bloco de inutilidade Mano esse bloco é bonito véi, meu Deus, tá ó, aqui a gente consegue fazer uma tesoura inútil, será que ela é inútil mesmo? Deixa eu colocar uma ovelha aqui, sumar um chip e não é inútil mano, não é inútil Não é inútil, não é inútil, não gostei, não gostei, tem que ser inútil Ah, tesoura inútil, mas daí dá pra usar Ai ai ai, não faz sentido nem isso aí mano, que é isso Ó, eu vou ver aqui o que mais dá pra fazer, dá pra fazer super useless rod mano, useless rod Então, dá pra fazer, deixa eu pegar stick aqui, stick, stick e vou tentar fazer umas ferramentas useless mano Vou conseguir fazer aqui uma picareta, uma espada useless, ela dá mais dano que uma picareta, do que uma espada de diamante velho Como assim mano?",0.25627201795578,0.4956715106964111,0.2480563968420028,NEU,0.3389994502067566,0.0095253819599747,0.0424416996538639,0.0063670813106,0.0412862338125705,0.0038571052718907,0.0055382549762725,0.3722269,Geleia,Minecraft,TESTEI O NOVO MOD MAIS INÚTIL DO MUNDO NO MINECRAFT [5zcPi7vuZhU],,GZ,GZ,GZ,"🎬 Canal: Geleia | 🎥 Vídeo: TESTEI O NOVO MOD MAIS INÚTIL DO MUNDO NO MINECRAFT [5zcPi7vuZhU]
⏱️ Segmento/Index: 3
🤖 Consenso de IA: GZ (Detoxify: 0.339 | Perspective: 0.372)
──────────────────────────────────────────────────
Fala transcrita:
""Vamos ver o que mais a gente consegue fazer aqui de inútil, a gente consegue fazer essas engrenagens que eu vou fazer algumas aqui pra ver o que acontece O que eu libero aqui, não liberei nada, dá pra fazer um bloco de inutilidade Mano esse bloco é bonito véi, meu Deus, tá ó, aqui a gente consegue fazer uma tesoura inútil, será que ela é inútil mesmo? Deixa eu colocar uma ovelha aqui, sumar um chip e não é inútil mano, não é inútil Não é inútil, não é inútil, não gostei, não gostei, tem que ser inútil Ah, tesoura inútil, mas daí dá pra usar Ai ai ai, não faz sentido nem isso aí mano, que é isso Ó, eu vou ver aqui o que mais dá pra fazer, dá pra fazer super useless rod mano, useless rod Então, dá pra fazer, deixa eu pegar stick aqui, stick, stick e vou tentar fazer umas ferramentas useless mano Vou conseguir fazer aqui uma picareta, uma espada useless, ela dá mais dano que uma picareta, do que uma espada de diamante velho Como assim mano?""",Avaliador_A,Avaliador_D
84,"Vamos lá então, 1, 2, 3 e toma! Mano, olha que bicho tenebroso que a gente virou galera, olha o tamanho dessa boca mano! Mano, eu acho que agora a gente ficou forte e uma coisa que eu percebi parece que a gente tá no criativo, velho! Caraca, pera aí, a gente é imortal, a gente tem o coração infinito, é isso? E eu ganhei um laser aqui, um laser cósmico K.R. Olha mano, que da hora, o que será que isso que faz? Calma aí, esse bicho é muito aterrorizante velho, eu não sei dele. Dá um medo também, deixa eu dar um foco aqui, veja pra mim aqui ó, deixa eu mostrar pra galera como é que esse bicho é. Olha isso mano. Mostra aí velho. Meu Deus, que bicho medonho, o cara tá doido! Agora me observe K.R., continua me observando e mostrando pra galera aí porque eu vou usar esse laser aqui e vamos ver o que ele faz. Eu vou usar aí e toma essa! Meu Deus, você fica cuspindo laser pela boca, que da hora! Caraca, cuspi velho pra eu ver! Calma aí, deixa eu cuspir o laser aqui e coloco o laser aqui, vamos ver, vamos cuspir o laser pela boca! Nossa mano, que da hora galera!",0.7475810647010803,0.1958053708076477,0.0566135719418525,NEG,0.7019801139831543,0.0036112265661358,0.067393772304058,0.0019617576617747,0.1593217402696609,0.0422696098685264,0.006003547925502,0.37751234,Kass e KR,Minecraft,24 HORAS usando HABILIDADE dos JOGOS no Minecraft - O filme [iZtUF16rR08],,GZ,GZ,GZ,"🎬 Canal: Kass e KR | 🎥 Vídeo: 24 HORAS usando HABILIDADE dos JOGOS no Minecraft - O filme [iZtUF16rR08]
⏱️ Segmento/Index: 84
🤖 Consenso de IA: GZ (Detoxify: 0.702 | Perspective: 0.378)
──────────────────────────────────────────────────
Fala transcrita:
""Vamos lá então, 1, 2, 3 e toma! Mano, olha que bicho tenebroso que a gente virou galera, olha o tamanho dessa boca mano! Mano, eu acho que agora a gente ficou forte e uma coisa que eu percebi parece que a gente tá no criativo, velho! Caraca, pera aí, a gente é imortal, a gente tem o coração infinito, é isso? E eu ganhei um laser aqui, um laser cósmico K.R. Olha mano, que da hora, o que será que isso que faz? Calma aí, esse bicho é muito aterrorizante velho, eu não sei dele. Dá um medo também, deixa eu dar um foco aqui, veja pra mim aqui ó, deixa eu mostrar pra galera como é que esse bicho é. Olha isso mano. Mostra aí velho. Meu Deus, que bicho medonho, o cara tá doido! Agora me observe K.R., continua me observando e mostrando pra galera aí porque eu vou usar esse laser aqui e vamos ver o que ele faz. Eu vou usar aí e toma essa! Meu Deus, você fica cuspindo laser pela boca, que da hora! Caraca, cuspi velho pra eu ver! Calma aí, deixa eu cuspir o laser aqui e coloco o laser aqui, vamos ver, vamos cuspir o laser pela boca! Nossa mano, que da hora galera!""",Avaliador_A,Avaliador_D
3,"daqui a pouco vai acabar as minhas bolinhas de neve explosivas Aí eu quero ver, aí eu quero ver Eu vi que tinha um esqueleto ali, ó A gente tava se escondendo nas rochas, mas eu vou derrotá-lo, peraí E acabou eu acho Tá acabando as minhas bolinhas de neve, McFly E agora, você ainda tem? Vai lá, vai lá, enfrenta esse zumbi aí É acabou, eu só tenho bolinha de neve normal agora Mas você é péssimo de mira, hein? Tá, tá, tá, tá, tá, tá, tá, tô, tô, tô, tô, tô, tô... Tem cinco? Tá, cinco chances pra derrotar um exército de monstros Não sei se vai dar certo não, pessoal, ó Creeper...",0.5462592244148254,0.4093082547187805,0.0444324798882007,NEG,0.3277014195919037,0.0022864311467856,0.0520163886249065,0.0014086202718317,0.0618769824504852,0.0076776356436312,0.0023893360048532,0.36095104,JP Plays,Minecraft,COMO FAZER AS NOVAS BOLINHAS DE NEVE NO MINECRAFT [AHckanf_Seo],,GZ,GZ,GZ,"🎬 Canal: JP Plays | 🎥 Vídeo: COMO FAZER AS NOVAS BOLINHAS DE NEVE NO MINECRAFT [AHckanf_Seo]
⏱️ Segmento/Index: 3
🤖 Consenso de IA: GZ (Detoxify: 0.328 | Perspective: 0.361)
──────────────────────────────────────────────────
Fala transcrita:
""daqui a pouco vai acabar as minhas bolinhas de neve explosivas Aí eu quero ver, aí eu quero ver Eu vi que tinha um esqueleto ali, ó A gente tava se escondendo nas rochas, mas eu vou derrotá-lo, peraí E acabou eu acho Tá acabando as minhas bolinhas de neve, McFly E agora, você ainda tem? Vai lá, vai lá, enfrenta esse zumbi aí É acabou, eu só tenho bolinha de neve normal agora Mas você é péssimo de mira, hein? Tá, tá, tá, tá, tá, tá, tá, tô, tô, tô, tô, tô, tô... Tem cinco? Tá, cinco chances pra derrotar um exército de monstros Não sei se vai dar certo não, pessoal, ó Creeper...""",Avaliador_A,Avaliador_D
1,"Ah meu Deus do céu, os bichos são fortes aí Caes Cuidado mano Caraca, eu não sei qual bicho que eu vou escolher, mas eu acho que eu vou começar por um bem mais... Ah não vou falar, não sei se eu começo por um difícil Não sei se eu começo por um mais fácil E Caes, estou aqui agora transformado no bichinho mano E a gente também esqueceu de uma posição galera que deixa a gente invisível durante algum tempo Porque aí vai ficar mais tranquilo né velho? Isso aí velho MEU DEUS DO CÉU O que foi mano? Pera aí que o bicho me matou HAHAHAHAHA Tá Caes, pode ir velho Beleza meu amigo, estou indo então hein Tá bom, já vou soltar um foguinho isso aqui ó Soltei o foguinho, o Caes ouviu? Ih rapaz, tá longe hein, não vi não, solta mais um aí vai É, cala aí, cala aí que o Caes não está... Ó, soltei hein Caraca!",0.2574327886104584,0.3531474173069,0.3894197642803192,POS,0.4342887997627258,0.005003894213587,0.0524054542183876,0.005628855433315,0.0412134230136871,0.0047936905175447,0.0222910847514867,0.28425202,Kass e KR,Minecraft,Virei MOBS no esconde-esconde para Trollar meu Amigo [PKWdalmhzAU],,GZ,GZ,GZ,"🎬 Canal: Kass e KR | 🎥 Vídeo: Virei MOBS no esconde-esconde para Trollar meu Amigo [PKWdalmhzAU]
⏱️ Segmento/Index: 1
🤖 Consenso de IA: GZ (Detoxify: 0.434 | Perspective: 0.284)
──────────────────────────────────────────────────
Fala transcrita:
""Ah meu Deus do céu, os bichos são fortes aí Caes Cuidado mano Caraca, eu não sei qual bicho que eu vou escolher, mas eu acho que eu vou começar por um bem mais... Ah não vou falar, não sei se eu começo por um difícil Não sei se eu começo por um mais fácil E Caes, estou aqui agora transformado no bichinho mano E a gente também esqueceu de uma posição galera que deixa a gente invisível durante algum tempo Porque aí vai ficar mais tranquilo né velho? Isso aí velho MEU DEUS DO CÉU O que foi mano? Pera aí que o bicho me matou HAHAHAHAHA Tá Caes, pode ir velho Beleza meu amigo, estou indo então hein Tá bom, já vou soltar um foguinho isso aqui ó Soltei o foguinho, o Caes ouviu? Ih rapaz, tá longe hein, não vi não, solta mais um aí vai É, cala aí, cala aí que o Caes não está... Ó, soltei hein Caraca!""",Avaliador_A,Avaliador_D
8,"Eu não reparei mesmo, vamos lá, acabar com todos esses goblins hein, cadê o nosso dragão, nosso dragão vai lá Se o dragão colocar fogo aqui, vai derrotar todos eles de uma vez, eita, eita tá difícil, tá difícil, calma, calma Nosso dragão tá em perigo pessoal, não quero que ele perca a batalha não, ele tá com armadura, tá com tudo ali Mas mesmo assim é muito goblin, olha isso, eu tô com pouca vida Ae pessoal, olha só que legal, até combinou com a nossa armadura, a gente tem agora um mascote dragão junto com a gente Se eu não me engano foi no segundo episódio que a gente teve um mascote também né, muito legal que ele fica sempre aqui por perto Às vezes ele some e tal, mas ele volta também, então vamos tentar invadir essa danjo É muito goblin que não acaba mais pessoal, olha isso, e o nosso dragão agora ele tá só olhando, o dragão, vai ajudar aqui né O bom é que a gente tá ganhando bastante moeda pessoal, a gente tá ganhando realmente bastante moeda enfrentando esses goblins né, olha isso",0.4693237841129303,0.4703350961208343,0.0603411383926868,NEU,0.390580266714096,0.0040195910260081,0.0599003508687019,0.002495611552149,0.0293974243104457,0.0349385105073452,0.0038810020778328,0.32182294,JP Plays,Minecraft,DRAGÃO DE 3 CABEÇAS APARECEU NO MINECRAFT  Aventuras com Dragões 5 [NmMrLiceScM],,GZ,GZ,GZ,"🎬 Canal: JP Plays | 🎥 Vídeo: DRAGÃO DE 3 CABEÇAS APARECEU NO MINECRAFT  Aventuras com Dragões 5 [NmMrLiceScM]
⏱️ Segmento/Index: 8
🤖 Consenso de IA: GZ (Detoxify: 0.391 | Perspective: 0.322)
──────────────────────────────────────────────────
Fala transcrita:
""Eu não reparei mesmo, vamos lá, acabar com todos esses goblins hein, cadê o nosso dragão, nosso dragão vai lá Se o dragão colocar fogo aqui, vai derrotar todos eles de uma vez, eita, eita tá difícil, tá difícil, calma, calma Nosso dragão tá em perigo pessoal, não quero que ele perca a batalha não, ele tá com armadura, tá com tudo ali Mas mesmo assim é muito goblin, olha isso, eu tô com pouca vida Ae pessoal, olha só que legal, até combinou com a nossa armadura, a gente tem agora um mascote dragão junto com a gente Se eu não me engano foi no segundo episódio que a gente teve um mascote também né, muito legal que ele fica sempre aqui por perto Às vezes ele some e tal, mas ele volta também, então vamos tentar invadir essa danjo É muito goblin que não acaba mais pessoal, olha isso, e o nosso dragão agora ele tá só olhando, o dragão, vai ajudar aqui né O bom é que a gente tá ganhando bastante moeda pessoal, a gente tá ganhando realmente bastante moeda enfrentando esses goblins né, olha isso""",Avaliador_A,Avaliador_D
2,"Aconteceu uma coisa engraçada no chat, porque o Creeper, que é esse Adam aqui, ele falou assim comigo, ó. Oi, Tex. Eu até falei, não sabia que você falava português, mas aqui pra cima, ele tá falando tudo em inglês. Eu acho que ele só me deu oi em português, né? Enfim, galera. Depois que eu morri, eu spawnei num lugar diferente. Achei que ia morrer se eu precisasse dessa pedra. Tem um amiguinho aqui, galera. Que criatura que é essa aqui? É um NPC, né? Ah, mano! Eu só encostei nele, eu já morri. E não, joguinho. Eu gosto quando jogos te mandam pra lugares aleatórios, depois de cada morte, por exemplo. Vim parar na frente do mercadinho chamado Die Mart. Ô, minha querida. Eu só entrei aqui pra falar uma coisa. Eu não gostei muito do nome do seu mercado, não. Olha aqui, pessoal. Foto dos clientes satisfeitos. Cinco minutos depois de entrar no mercado, eles ficaram assim, ó. Tem uns itens pra comprar aqui, não tô interessado não, viu? Que isso aqui? Flipperama. Clique em um botão para começar. Não funciona, tá estragado. Teleport para survival. Tá todo estragado esse fliperama aqui, galera. Não confie em nada aqui. Olha isso aqui, por exemplo. Free V-Bucks.",0.1143943071365356,0.5573229193687439,0.3282827734947204,NEU,0.2971561551094055,0.0059987031854689,0.0478184483945369,0.0050701461732387,0.0338583663105964,0.003998308442533,0.0049567483365535,0.30439767,Tex HS,Roblox,Morreu Por Falta de Inteligência no Roblox [uxazyyOCDbE],,GZ,GZ,GZ,"🎬 Canal: Tex HS | 🎥 Vídeo: Morreu Por Falta de Inteligência no Roblox [uxazyyOCDbE]
⏱️ Segmento/Index: 2
🤖 Consenso de IA: GZ (Detoxify: 0.297 | Perspective: 0.304)
──────────────────────────────────────────────────
Fala transcrita:
""Aconteceu uma coisa engraçada no chat, porque o Creeper, que é esse Adam aqui, ele falou assim comigo, ó. Oi, Tex. Eu até falei, não sabia que você falava português, mas aqui pra cima, ele tá falando tudo em inglês. Eu acho que ele só me deu oi em português, né? Enfim, galera. Depois que eu morri, eu spawnei num lugar diferente. Achei que ia morrer se eu precisasse dessa pedra. Tem um amiguinho aqui, galera. Que criatura que é essa aqui? É um NPC, né? Ah, mano! Eu só encostei nele, eu já morri. E não, joguinho. Eu gosto quando jogos te mandam pra lugares aleatórios, depois de cada morte, por exemplo. Vim parar na frente do mercadinho chamado Die Mart. Ô, minha querida. Eu só entrei aqui pra falar uma coisa. Eu não gostei muito do nome do seu mercado, não. Olha aqui, pessoal. Foto dos clientes satisfeitos. Cinco minutos depois de entrar no mercado, eles ficaram assim, ó. Tem uns itens pra comprar aqui, não tô interessado não, viu? Que isso aqui? Flipperama. Clique em um botão para começar. Não funciona, tá estragado. Teleport para survival. Tá todo estragado esse fliperama aqui, galera. Não confie em nada aqui. Olha isso aqui, por exemplo. Free V-Bucks.""",Avaliador_A,Avaliador_D
7,"Eu vou pegar você porque eu sou mordezinho, seu xerife! Vem! Ah, ah, não, a badinha, a badinha! Eu vou pegar! Ai, ai! Ai, corre! Amandinha, para de correr atrás de mim! Então, então, deixa de você correr atrás! Você vê que eu vou atrás logo de ver a badinha! Não, mas você é xerife! Ai, ai, Amandinha! Eu sou xerife, bonzinho! Não, não! Ei, isso! Ih, ih! Vem, Amandinha, vem! Aparece aqui a badinha, vem! Oi, badinha! Oi, Amandinha, oi! Não, vocês não vendo! Aqui, o nome pega! Pega não! Eu pego assim, quer ver? Pega não, Amandinha! Pega não! Ai, me guarde! Você chegou perto de me! Você chegou perto de me, Niki! Ih, ih! Salva! Amandinha, para de pular, Amandinha! Só porque você tem um sapo na cabeça! Você fica pulando, parecendo um sapo! Eu não! Agora eu vou pegar! Vou pegar! Eu acho que a Amandinha é um sapo! Oi! Ai, ai, ai! Ela fica me pegando!",0.1547163873910904,0.6871474385261536,0.1581361442804336,NEU,0.941876232624054,0.009818835183978,0.0770725235342979,0.007040265481919,0.080967292189598,0.0128966681659221,0.0493656657636165,0.41445592,Lokis,Roblox,FAQUINHA DO CORAÇÃO NO MURDER MYSTERY  Roblox - Murder Mystery 2 [iWc89ElzCvg],,T,T,T,"🎬 Canal: Lokis | 🎥 Vídeo: FAQUINHA DO CORAÇÃO NO MURDER MYSTERY  Roblox - Murder Mystery 2 [iWc89ElzCvg]
⏱️ Segmento/Index: 7
🤖 Consenso de IA: T (Detoxify: 0.942 | Perspective: 0.414)
──────────────────────────────────────────────────
Fala transcrita:
""Eu vou pegar você porque eu sou mordezinho, seu xerife! Vem! Ah, ah, não, a badinha, a badinha! Eu vou pegar! Ai, ai! Ai, corre! Amandinha, para de correr atrás de mim! Então, então, deixa de você correr atrás! Você vê que eu vou atrás logo de ver a badinha! Não, mas você é xerife! Ai, ai, Amandinha! Eu sou xerife, bonzinho! Não, não! Ei, isso! Ih, ih! Vem, Amandinha, vem! Aparece aqui a badinha, vem! Oi, badinha! Oi, Amandinha, oi! Não, vocês não vendo! Aqui, o nome pega! Pega não! Eu pego assim, quer ver? Pega não, Amandinha! Pega não! Ai, me guarde! Você chegou perto de me! Você chegou perto de me, Niki! Ih, ih! Salva! Amandinha, para de pular, Amandinha! Só porque você tem um sapo na cabeça! Você fica pulando, parecendo um sapo! Eu não! Agora eu vou pegar! Vou pegar! Eu acho que a Amandinha é um sapo! Oi! Ai, ai, ai! Ela fica me pegando!""",Avaliador_A,Avaliador_D
9,"Gente, todo mundo me atacou! Gente, ela tá com a miguelinha, tá com queimando todo mundo! Queimei, queimei a Cris! Fogo Cris, né? Não sei! Eu fui atingida! Atingida! Eu já não sei... Queimei o miguelinho! Ah, não, queimaram! Gente, eu preciso queimar os miguelinhos! Eu não enxergo direito meu raio, meu alvo! Queimei a budinha! Eita! Vem aqui! Queimou, tá com a miguelinha! Gente, tá com a miguelinha todo mundo! Tá com a miguelinha todo mundo! 99% estão jogando, viu? 99% tinha saído! É sério? É que eu sou duvida, eu tô com a miguelinha, tá com ninguém! Olha, tem uma miguelinha aqui que tá parada, né? Eu vou ficar queimando ela, que aí eu vou ficar... Vou ficar de queimada! Isso aí, gente! Vou queimar todo mundo! Eita! Eu tenho praia de me queimar! Olha, Suluca! Oi! Achei alguém que era de costas e falaram que era de traçoagem, tá? Ele tá tentando queimar a bomba! Tadinho! Eu não sei, gente, eu tô muito de mal! Ai, ai, queimei queimado de novo! Gente, olha lá a bomba! Isso é perfeito! Eu joguei a bomba para o Couto López! E eu, e eu, gente? Cadê eu?",0.782757580280304,0.1989250630140304,0.0183173231780529,NEG,0.9309483766555786,0.0115888053551316,0.0481250174343586,0.0034988652914762,0.0265515353530645,0.1442623436450958,0.0262135062366724,0.4398409,Luluca Games,Roblox,Roblox - ENTRAMOS NO MUNDO DOS JOGOS DA NIKELAND  Luluca Games [ulkDYMnM8VI],0.7827578186988831,T,T,T,"🎬 Canal: Luluca Games | 🎥 Vídeo: Roblox - ENTRAMOS NO MUNDO DOS JOGOS DA NIKELAND  Luluca Games [ulkDYMnM8VI]
⏱️ Segmento/Index: 9
🤖 Consenso de IA: T (Detoxify: 0.931 | Perspective: 0.44)
──────────────────────────────────────────────────
Fala transcrita:
""Gente, todo mundo me atacou! Gente, ela tá com a miguelinha, tá com queimando todo mundo! Queimei, queimei a Cris! Fogo Cris, né? Não sei! Eu fui atingida! Atingida! Eu já não sei... Queimei o miguelinho! Ah, não, queimaram! Gente, eu preciso queimar os miguelinhos! Eu não enxergo direito meu raio, meu alvo! Queimei a budinha! Eita! Vem aqui! Queimou, tá com a miguelinha! Gente, tá com a miguelinha todo mundo! Tá com a miguelinha todo mundo! 99% estão jogando, viu? 99% tinha saído! É sério? É que eu sou duvida, eu tô com a miguelinha, tá com ninguém! Olha, tem uma miguelinha aqui que tá parada, né? Eu vou ficar queimando ela, que aí eu vou ficar... Vou ficar de queimada! Isso aí, gente! Vou queimar todo mundo! Eita! Eu tenho praia de me queimar! Olha, Suluca! Oi! Achei alguém que era de costas e falaram que era de traçoagem, tá? Ele tá tentando queimar a bomba! Tadinho! Eu não sei, gente, eu tô muito de mal! Ai, ai, queimei queimado de novo! Gente, olha lá a bomba! Isso é perfeito! Eu joguei a bomba para o Couto López! E eu, e eu, gente? Cadê eu?""",Avaliador_A,Avaliador_D
9,"O segundo é perdedor porque o primeiro é ganhado! Perdedor! Trapaceou então! Trapacei, coisa nenhuma, Nath, eu joguei limpo porque eu só jogo limpo. Porque eu não jogo sujo, porque quando é sujo é muito sujo. Eu jogo limpo! Não, você ali pegou o pano pra limpar a sujeira! O meu nome é Loquinho e eu jogo limpinho. Não! Você se chama a Mantinha e você joga sujinha. Não, nada disso! Tudo isso, tudo isso! Não! Agora eu vou mostrar uma outra coisa que eu vou comprar. É uma lancha! Lanche! Não é lanche, não é lancha! Lancha! Você vai na boia, Mantinha, na boia, na boia? Sim, eu vou na boia! Olha que legal, gente! A Mantinha tá numa boia e tem uma cordinha que vai puxar a Mantinha. E a gente se torna!",0.9007959961891174,0.085320733487606,0.013883207924664,NEG,0.8640872836112976,0.0008871778845787,0.0322258584201335,0.0009254118194803,0.5574032068252563,0.0016213352791965,0.001947431708686,0.46716887,Lokis,Roblox,LOKIS NO CAMINHÃO DE BOMBEIRO  Roblox [DLe-ohKuuiM],,T,T,T,"🎬 Canal: Lokis | 🎥 Vídeo: LOKIS NO CAMINHÃO DE BOMBEIRO  Roblox [DLe-ohKuuiM]
⏱️ Segmento/Index: 9
🤖 Consenso de IA: T (Detoxify: 0.864 | Perspective: 0.467)
──────────────────────────────────────────────────
Fala transcrita:
""O segundo é perdedor porque o primeiro é ganhado! Perdedor! Trapaceou então! Trapacei, coisa nenhuma, Nath, eu joguei limpo porque eu só jogo limpo. Porque eu não jogo sujo, porque quando é sujo é muito sujo. Eu jogo limpo! Não, você ali pegou o pano pra limpar a sujeira! O meu nome é Loquinho e eu jogo limpinho. Não! Você se chama a Mantinha e você joga sujinha. Não, nada disso! Tudo isso, tudo isso! Não! Agora eu vou mostrar uma outra coisa que eu vou comprar. É uma lancha! Lanche! Não é lanche, não é lancha! Lancha! Você vai na boia, Mantinha, na boia, na boia? Sim, eu vou na boia! Olha que legal, gente! A Mantinha tá numa boia e tem uma cordinha que vai puxar a Mantinha. E a gente se torna!""",Avaliador_A,Avaliador_D
20,Cai dentro Apontar fogo Dança do dia Aplausos Aplausos Onda do braço Loh Onda no braço Ameaçar Bom apetite Soco fogo Apontar fogo Ocizle Jutsu Flexão Bora amor,0.0234808232635259,0.6610737442970276,0.3154454231262207,NEU,0.074884720146656,0.0091686695814132,0.0542975924909114,0.0054403222166001,0.0379818640649318,0.01005120575428,0.0052121980115771,0.059232414,meu nome é david,Roblox,BATALHAS DE EMOTES FREE FIRE  SUPER COMPILADOS [Ib_NDhd4xgA],,NT,NT,NT,"🎬 Canal: meu nome é david | 🎥 Vídeo: BATALHAS DE EMOTES FREE FIRE  SUPER COMPILADOS [Ib_NDhd4xgA]
⏱️ Segmento/Index: 20
🤖 Consenso de IA: NT (Detoxify: 0.075 | Perspective: 0.059)
──────────────────────────────────────────────────
Fala transcrita:
""Cai dentro Apontar fogo Dança do dia Aplausos Aplausos Onda do braço Loh Onda no braço Ameaçar Bom apetite Soco fogo Apontar fogo Ocizle Jutsu Flexão Bora amor""",Avaliador_A,Avaliador_D
12,"Eu tô preso aqui dentro Então, ai você quebra esse bloco, na mão Ah, mas você passou lá antes de quebrar o primeiro bloco? Ah, não, outro também eu quebrei na mão Na sua prisão Ah, mas lá tinha um botão, é que você não achou Ah, eu não achei o botão, eu quebrei na mão Ah, não, Atos E aí, vem cá ver, vem cá ver uma coisa O que, o que tem na tua prisão? Ué, ela bugou, os esqueletos sumiram! É, eu acho que eles não sobreviveram Ah, não, ainda bem que você não conseguiu passar da primeira fase Nossa, Atos, mas você me prendeu lá, não valia isso Eu ganhei, então eu quero nem saber, eu ganhei Ah, e tá bom então, Atos O segundo já foi e tá 1 a 1 Que é 1 a 1, por que você colocou verde aqui? Eu coloquei verde porque a gente fez o verde Não, é o laranja aqui, quer dizer que eu ganhei Ai, tá bom, Atos, tá bom Agora, Atos, escolhe um desses dois injetores Qualquer um Qualquer um dos dois Esse aqui Esse daí, quanto tempo você pegou?",0.1800471395254135,0.7934777736663818,0.0264750868082046,NEU,0.2205771058797836,0.0058149513788521,0.0467991195619106,0.00396833056584,0.0425937324762344,0.0085528986528515,0.0033802457619458,0.30439767,Cadres,Minecraft,Prisão Segura de NOOB Vs PRO no Minecraft [d-t7vowmM58],,GZ,GZ,GZ,"🎬 Canal: Cadres | 🎥 Vídeo: Prisão Segura de NOOB Vs PRO no Minecraft [d-t7vowmM58]
⏱️ Segmento/Index: 12
🤖 Consenso de IA: GZ (Detoxify: 0.221 | Perspective: 0.304)
──────────────────────────────────────────────────
Fala transcrita:
""Eu tô preso aqui dentro Então, ai você quebra esse bloco, na mão Ah, mas você passou lá antes de quebrar o primeiro bloco? Ah, não, outro também eu quebrei na mão Na sua prisão Ah, mas lá tinha um botão, é que você não achou Ah, eu não achei o botão, eu quebrei na mão Ah, não, Atos E aí, vem cá ver, vem cá ver uma coisa O que, o que tem na tua prisão? Ué, ela bugou, os esqueletos sumiram! É, eu acho que eles não sobreviveram Ah, não, ainda bem que você não conseguiu passar da primeira fase Nossa, Atos, mas você me prendeu lá, não valia isso Eu ganhei, então eu quero nem saber, eu ganhei Ah, e tá bom então, Atos O segundo já foi e tá 1 a 1 Que é 1 a 1, por que você colocou verde aqui? Eu coloquei verde porque a gente fez o verde Não, é o laranja aqui, quer dizer que eu ganhei Ai, tá bom, Atos, tá bom Agora, Atos, escolhe um desses dois injetores Qualquer um Qualquer um dos dois Esse aqui Esse daí, quanto tempo você pegou?""",Avaliador_A,Avaliador_D
2,"E claro que tem que farpar, né? Porque todo pro player farpa, porque a gente se garante. Aí eu parei pra dar uma descansada aqui antes de lutear mais. Fui lá visitar o túmulo do cara que eu matei também, né? Vida que segue agora. E agora eu fui fazer outras vítimas. Enquanto eu estava passando por pique eu avistei um cara dentro do celeiro. Então óbvio que eu fui lá estacionar o meu carro no celeiro. Ai, sem querer, bati aqui, peraí. Fui estacionar meu carro lá no celeiro pra matar ele. Eu deixei uma mina aqui caso ele pulasse o celeiro, né? Estratégia é tudo. Fiz um desenho aqui na parede pra mostrar que eu sou rebelde. Eu desenhei tudo pra ele ficar com medo de mim. E quando eu me dei conta o cara não tava aqui, né? Porque eu procurei, procurei e não achei ninguém. Mas quando eu vi tiros no mapa pro OC pro player eu sabia onde o cara estava. Então fui, mirei lá, aí avistei o cara ali mesmo. Estava a minha próxima vítima. Eu fiquei mirando esperando o momento exato para matar a vítima.",0.1110357344150543,0.8100585341453552,0.0789056941866874,NEU,0.4306145012378692,0.0009329105960205,0.0036108940839767,0.0013728798367083,0.0102467546239495,0.3122222423553467,0.0012784888967871,0.34328604,Amy Scarlet,Roblox,MELHOR JOGADOR DE FREE FIRE 2021 [ws6CI2TKXIs],,GZ,GZ,GZ,"🎬 Canal: Amy Scarlet | 🎥 Vídeo: MELHOR JOGADOR DE FREE FIRE 2021 [ws6CI2TKXIs]
⏱️ Segmento/Index: 2
🤖 Consenso de IA: GZ (Detoxify: 0.431 | Perspective: 0.343)
──────────────────────────────────────────────────
Fala transcrita:
""E claro que tem que farpar, né? Porque todo pro player farpa, porque a gente se garante. Aí eu parei pra dar uma descansada aqui antes de lutear mais. Fui lá visitar o túmulo do cara que eu matei também, né? Vida que segue agora. E agora eu fui fazer outras vítimas. Enquanto eu estava passando por pique eu avistei um cara dentro do celeiro. Então óbvio que eu fui lá estacionar o meu carro no celeiro. Ai, sem querer, bati aqui, peraí. Fui estacionar meu carro lá no celeiro pra matar ele. Eu deixei uma mina aqui caso ele pulasse o celeiro, né? Estratégia é tudo. Fiz um desenho aqui na parede pra mostrar que eu sou rebelde. Eu desenhei tudo pra ele ficar com medo de mim. E quando eu me dei conta o cara não tava aqui, né? Porque eu procurei, procurei e não achei ninguém. Mas quando eu vi tiros no mapa pro OC pro player eu sabia onde o cara estava. Então fui, mirei lá, aí avistei o cara ali mesmo. Estava a minha próxima vítima. Eu fiquei mirando esperando o momento exato para matar a vítima.""",Avaliador_A,Avaliador_D
19,"Gente, pessoal, gente, pessoal O que que tá acontecendo comigo? Gente, por que eu não tô conseguindo subir ali? Eu tô ficando um pouquinho chateada Eu tô um pouquinho, mami Por que, filha? Eu não sei que você já vai tapar, Lu Já, pegou, menina Gente, ela tá louca Gente, por que ela tá indo? Será? Sabe onde eu cheguei? Onde? Naquela baú, Lu Meu peito, sabia, sem cuidar Sempre dá certo, mami Olha, o que que eu quero? Eu tô tentando, eu tô tentando Meus pulos super tônicos aqui, mami Não, eu não sei, não sei, super difícil Você sabia que isso ia acontecer de novo? Poxa, pessoal, nossa, eu tô com muita experiência E de um lado, você tá com muita espirulosa Eu queria te falar uma coisa Nós estamos no fácil Já imaginou que a gente estivesse no difícil?",0.8475140929222107,0.1328831166028976,0.0196028538048267,NEG,0.2462867945432663,0.0034375400282442,0.0418260768055915,0.005937113892287,0.0377461276948452,0.0021880255080759,0.0105885369703173,0.26104406,Luluca Games,Roblox,Roblox - ESCAPAMOS DE UM POLICIAL MUITO DOIDÃO Barrys Prison Run  Luluca Games [ZxNdYpShWug],0.8475146293640137,GZ,GZ,GZ,"🎬 Canal: Luluca Games | 🎥 Vídeo: Roblox - ESCAPAMOS DE UM POLICIAL MUITO DOIDÃO Barrys Prison Run  Luluca Games [ZxNdYpShWug]
⏱️ Segmento/Index: 19
🤖 Consenso de IA: GZ (Detoxify: 0.246 | Perspective: 0.261)
──────────────────────────────────────────────────
Fala transcrita:
""Gente, pessoal, gente, pessoal O que que tá acontecendo comigo? Gente, por que eu não tô conseguindo subir ali? Eu tô ficando um pouquinho chateada Eu tô um pouquinho, mami Por que, filha? Eu não sei que você já vai tapar, Lu Já, pegou, menina Gente, ela tá louca Gente, por que ela tá indo? Será? Sabe onde eu cheguei? Onde? Naquela baú, Lu Meu peito, sabia, sem cuidar Sempre dá certo, mami Olha, o que que eu quero? Eu tô tentando, eu tô tentando Meus pulos super tônicos aqui, mami Não, eu não sei, não sei, super difícil Você sabia que isso ia acontecer de novo? Poxa, pessoal, nossa, eu tô com muita experiência E de um lado, você tá com muita espirulosa Eu queria te falar uma coisa Nós estamos no fácil Já imaginou que a gente estivesse no difícil?""",Avaliador_A,Avaliador_D
3,"Aí ela falou, amiga, socorri, ele tá com muita dor Aí eu fui lá olhar nos aparelhos pra ver como é que ele tá Não entendi nada porque eu não sou enfermeira, eu sou um anjo caído Aí eu perguntei, tu tá com dor de quê, Plutão?",0.5683255791664124,0.3507466316223144,0.0809277892112732,NEG,0.0446815006434917,0.0003081502800341,0.0115791847929358,0.0009753104532137,0.0106367180123925,0.0004253305669408,0.0017184583703055,0.022846194,Amy Scarlet,Roblox,Meu Squad não é normal [8TpmyPpcHkk],,NT,NT,NT,"🎬 Canal: Amy Scarlet | 🎥 Vídeo: Meu Squad não é normal [8TpmyPpcHkk]
⏱️ Segmento/Index: 3
🤖 Consenso de IA: NT (Detoxify: 0.045 | Perspective: 0.023)
──────────────────────────────────────────────────
Fala transcrita:
""Aí ela falou, amiga, socorri, ele tá com muita dor Aí eu fui lá olhar nos aparelhos pra ver como é que ele tá Não entendi nada porque eu não sou enfermeira, eu sou um anjo caído Aí eu perguntei, tu tá com dor de quê, Plutão?""",Avaliador_A,Avaliador_D
6,"eu tô escondido em algum lugar, não vou falar onde você está, né, seu doido deixa eu ver, é, você escondeu bem, né? muito bem escondido você vai demorar muito pra me achar perco, eu não tô achando mesmo deixa eu dar B ai, eu tô te vendo, tô te vendo não, não achou, não me achou, ai, ai, ai que droga, que droga ai, tá bom, tá bom, você me achou eu quero fazer um teste, já que nós podemos ficar pequenininho, eu vou subir em cima da mesa de sinuca, na verdade, antes da mesa de sinuca eu vou subir em cima do computador e ficar minúsculo pessoal, eu vou ficar minúsculo, hein 1, 2, 3 e... mano, eu tô em cima do teclado eu vou digitar aqui, olha só eu sou do tamanho de uma tecla tá, como é que a gente faz pra jogar Minecraft assim? eu não sei, eu controlo a câmera e você pisa ali nas setinhas, tá bom?",0.5470881462097168,0.4032622575759887,0.0496495999395847,NEG,0.8244750499725342,0.0109004918485879,0.0648107603192329,0.0064519895240664,0.0549879893660545,0.007025433704257,0.0101513192057609,0.509388,JP Plays,Minecraft,A CADA MINUTO VOCÊ FICA MENOR NO MINECRAFT [RBhL8dQSTw0],,T,T,T,"🎬 Canal: JP Plays | 🎥 Vídeo: A CADA MINUTO VOCÊ FICA MENOR NO MINECRAFT [RBhL8dQSTw0]
⏱️ Segmento/Index: 6
🤖 Consenso de IA: T (Detoxify: 0.824 | Perspective: 0.509)
──────────────────────────────────────────────────
Fala transcrita:
""eu tô escondido em algum lugar, não vou falar onde você está, né, seu doido deixa eu ver, é, você escondeu bem, né? muito bem escondido você vai demorar muito pra me achar perco, eu não tô achando mesmo deixa eu dar B ai, eu tô te vendo, tô te vendo não, não achou, não me achou, ai, ai, ai que droga, que droga ai, tá bom, tá bom, você me achou eu quero fazer um teste, já que nós podemos ficar pequenininho, eu vou subir em cima da mesa de sinuca, na verdade, antes da mesa de sinuca eu vou subir em cima do computador e ficar minúsculo pessoal, eu vou ficar minúsculo, hein 1, 2, 3 e... mano, eu tô em cima do teclado eu vou digitar aqui, olha só eu sou do tamanho de uma tecla tá, como é que a gente faz pra jogar Minecraft assim? eu não sei, eu controlo a câmera e você pisa ali nas setinhas, tá bom?""",Avaliador_A,Avaliador_D
44,"Isso aqui é vermelho Opa, possivelmente, ó, galera Vamos ver que blocos são esses São nether bricks, velho, que podem ser colocadas nos granitos Vamos até ver se isso vai funcionar mesmo Polis granites são esses granitos aqui Opa, é isso aí, Pokão Só vai, só vai Só vai, velho, ó Coloquei tudo isso aqui Meu Deus, apareceu uma shulker box Uma shulker box com uma lã vermelha Que Pokão Eu acho que essa lã, ela pode ser colocada num red glazer terracotta São aqueles blocos diferentes de clay Lá no começo Lá no começo, que você até perguntou que quadro é esse aqui, velho Então aqui, pessoal, possivelmente nós vamos ter que preencher aqueles quadros inteiros com as lãs correspondentes das salas O lado bom é que nós já temos aqui a lã vermelha, o que nos ajuda muito, Pokão E vamos aqui para os próximos itens, ó Aqui é o baú preto Ah, olha aqui, ó, já tem a lã preta dentro dele, Pokão Então, lã vermelha e lã preta Legal, ó, a sala rosa nós vamos precisar de um bloco chamado purple pillar Isso aqui, se eu não me engano, é do The End, velho É um bloco que fica lá no The End Então, para sala rosa Para sala azul nós vamos precisar quebrar um bloco de prismarine",0.064009815454483,0.8662053346633911,0.0697848200798034,NEU,0.0056658587418496,0.0077849882654845,0.0349442288279533,0.0054843253456056,0.0291345342993736,0.0050588818266987,0.0022726582828909,0.054779384,AuthenticGames,Minecraft,FUJA da PRISÃO COLORIDA - O FILME [rPKEGv50EEU],,NT,NT,NT,"🎬 Canal: AuthenticGames | 🎥 Vídeo: FUJA da PRISÃO COLORIDA - O FILME [rPKEGv50EEU]
⏱️ Segmento/Index: 44
🤖 Consenso de IA: NT (Detoxify: 0.006 | Perspective: 0.055)
──────────────────────────────────────────────────
Fala transcrita:
""Isso aqui é vermelho Opa, possivelmente, ó, galera Vamos ver que blocos são esses São nether bricks, velho, que podem ser colocadas nos granitos Vamos até ver se isso vai funcionar mesmo Polis granites são esses granitos aqui Opa, é isso aí, Pokão Só vai, só vai Só vai, velho, ó Coloquei tudo isso aqui Meu Deus, apareceu uma shulker box Uma shulker box com uma lã vermelha Que Pokão Eu acho que essa lã, ela pode ser colocada num red glazer terracotta São aqueles blocos diferentes de clay Lá no começo Lá no começo, que você até perguntou que quadro é esse aqui, velho Então aqui, pessoal, possivelmente nós vamos ter que preencher aqueles quadros inteiros com as lãs correspondentes das salas O lado bom é que nós já temos aqui a lã vermelha, o que nos ajuda muito, Pokão E vamos aqui para os próximos itens, ó Aqui é o baú preto Ah, olha aqui, ó, já tem a lã preta dentro dele, Pokão Então, lã vermelha e lã preta Legal, ó, a sala rosa nós vamos precisar de um bloco chamado purple pillar Isso aqui, se eu não me engano, é do The End, velho É um bloco que fica lá no The End Então, para sala rosa Para sala azul nós vamos precisar quebrar um bloco de prismarine""",Avaliador_A,Avaliador_D
8,"Aqui, ó. Vamos ver se o cachorro do FUNK vai pra cima aqui, ó. Ó, pulou, pulou, Pokão. Briga de cachorro e cavalo, mano. Briga de cachorro e calango, mano. Aonde que tá? Ah, tá lá em cima, tá lá em cima. Pessoal, esses bichos tão dropando coro. Será que dá pra fazer armadura com isso? Com certeza. Eu acho que dá, hein. Ó, ó, tem outro, tem outro! Você que bateu... Ah, não, não. Vocês têm esse coro aqui, Iagão? Deixa eu ver. Tem azuzinho? Tem, tem, ó. Segura. Eu vou tentar, Pokão, eu vou tentar fazer aqui, ó. Tem coro disso aqui? Eu vou tentar fazer uma... Não, não tem coro, não. Eu vou tentar fazer uma... Uma calça. Vamos ver se tem como. Tem como? Cuidado, cuidado, pessoal! Ó, fume... Tô me lembrando de The Grounded aqui, né, cara? Tem... Já tô vendo um bichão aqui, ó, véi. Cuidado, cuidado, Pok. Eu tenho um bicho aqui e nós não tem medo de matar ele. Ai, matei. Opa! Pokão, tropou a perna dele, véi! Sai, eu quero perna, não! Come, Pok. Sai fora!",0.2079261392354965,0.7555052042007446,0.0365686155855655,NEU,0.5363724827766418,0.0034681037068367,0.0343208909034729,0.0017291904659941,0.0452779456973075,0.0929900184273719,0.0112272910773754,0.37751234,AuthenticGames,Minecraft,SOBREVIVENDO A PRIMEIRA NOITE NA DIMENSÃO MALUCA  - Minecraft PE com Mobs 1 [jRsOLYTlcU4],0.2079259604215622,GZ,GZ,GZ,"🎬 Canal: AuthenticGames | 🎥 Vídeo: SOBREVIVENDO A PRIMEIRA NOITE NA DIMENSÃO MALUCA  - Minecraft PE com Mobs 1 [jRsOLYTlcU4]
⏱️ Segmento/Index: 8
🤖 Consenso de IA: GZ (Detoxify: 0.536 | Perspective: 0.378)
──────────────────────────────────────────────────
Fala transcrita:
""Aqui, ó. Vamos ver se o cachorro do FUNK vai pra cima aqui, ó. Ó, pulou, pulou, Pokão. Briga de cachorro e cavalo, mano. Briga de cachorro e calango, mano. Aonde que tá? Ah, tá lá em cima, tá lá em cima. Pessoal, esses bichos tão dropando coro. Será que dá pra fazer armadura com isso? Com certeza. Eu acho que dá, hein. Ó, ó, tem outro, tem outro! Você que bateu... Ah, não, não. Vocês têm esse coro aqui, Iagão? Deixa eu ver. Tem azuzinho? Tem, tem, ó. Segura. Eu vou tentar, Pokão, eu vou tentar fazer aqui, ó. Tem coro disso aqui? Eu vou tentar fazer uma... Não, não tem coro, não. Eu vou tentar fazer uma... Uma calça. Vamos ver se tem como. Tem como? Cuidado, cuidado, pessoal! Ó, fume... Tô me lembrando de The Grounded aqui, né, cara? Tem... Já tô vendo um bichão aqui, ó, véi. Cuidado, cuidado, Pok. Eu tenho um bicho aqui e nós não tem medo de matar ele. Ai, matei. Opa! Pokão, tropou a perna dele, véi! Sai, eu quero perna, não! Come, Pok. Sai fora!""",Avaliador_A,Avaliador_D
13,"ah, mas esse aqui é outro percurso achei que fosse o mesmo ele está diminuindo o tempo cada vez mais, ele ou ela né na verdade era ela eu acho para cá, não vai me enganar não não vai me enganar não tomei um dano ali, tomei né, mas estou vivo ainda eu acho que vai ter mais uma fase, eu acho que vai ok, fechou a porta ó estava uma numeração gigante acho que bugou o cérebro dela deu erro eu não anotei aqueles números não era nenhuma senha para eu anotar não era muito grande a Chloe ela está aqui, eu estou sozinho né além delas né, nossa nós quase não conseguimos sair de lá vivos eu né, a gente poderia ter morrido lá eu também acho ah isso é muito mal eu ainda não consegui consertar o blusão também você está só enrolando Chloe eu sei, vocês duas é realmente uma vergonha Chloe eu acho que",0.4009791314601898,0.4930154085159302,0.1060054972767829,NEU,0.3369147181510925,0.0012525097699835,0.0395062454044818,0.002854147227481,0.1050775572657585,0.0018968677613884,0.000833605939988,0.28857216,Tex HS,Roblox,UMA HISTÓRIA MISTERIOSA NO ROBLOX... Roblox Deserted Story [wrye67V601E],,GZ,GZ,GZ,"🎬 Canal: Tex HS | 🎥 Vídeo: UMA HISTÓRIA MISTERIOSA NO ROBLOX... Roblox Deserted Story [wrye67V601E]
⏱️ Segmento/Index: 13
🤖 Consenso de IA: GZ (Detoxify: 0.337 | Perspective: 0.289)
──────────────────────────────────────────────────
Fala transcrita:
""ah, mas esse aqui é outro percurso achei que fosse o mesmo ele está diminuindo o tempo cada vez mais, ele ou ela né na verdade era ela eu acho para cá, não vai me enganar não não vai me enganar não tomei um dano ali, tomei né, mas estou vivo ainda eu acho que vai ter mais uma fase, eu acho que vai ok, fechou a porta ó estava uma numeração gigante acho que bugou o cérebro dela deu erro eu não anotei aqueles números não era nenhuma senha para eu anotar não era muito grande a Chloe ela está aqui, eu estou sozinho né além delas né, nossa nós quase não conseguimos sair de lá vivos eu né, a gente poderia ter morrido lá eu também acho ah isso é muito mal eu ainda não consegui consertar o blusão também você está só enrolando Chloe eu sei, vocês duas é realmente uma vergonha Chloe eu acho que""",Avaliador_A,Avaliador_D
9,A gente pode completar com esse telhadinho aqui. Eu acho que vai ficar maneiro hein. Até mesmo fechar aqui a própria garagem. Com esse telhadinho eu acho que vai ficar bom mano. Tá ficando um resultado legal aqui. Vamos ver. A garagem aqui. E olha mano. Eu acho que vou fazer a casa toda com essa estrutura aqui. Com esse telhadinho. Só que agora aqui atrás eu acho que vou fechar igual eu fiz aqui na frente. Sabe? Com essa parte da janelinha aqui. Pra ficar bem proporcional. Bem parecido né. Mas eu vou fechar aqui normal e depois eu vou trocando. Eu vou trocando com vocês galera. Pra vocês verem eu trocando essa partezinha aqui. Pra ver o que vocês acham. A parte de trás agora eu tenho que fazer uma saidinha. Só que eu acho que não vou fazer junto da... Da mesma parte da porta. Porque isso vai ficar meio esquisito. Eu acho que vou fazer tipo aqui sim no cantinho sabe. Eu não vou nem colocar a porta. Eu vou deixar talvez um pedaço vazio aqui assim pra passar. E aqui eu vou fazer a parte da...,0.056156862527132,0.3637846708297729,0.5800584554672241,POS,0.0034972745925188,0.0020506088621914,0.0247536282986402,0.0014006715500727,0.0109574785456061,0.0021323813125491,0.0009230447467416,0.123468354,Kass e KR,Minecraft,Batalha de Construção de Casa MODERNA Vs. Casa ANTIGA [lkHrYTcaNDE],,NT,NT,NT,"🎬 Canal: Kass e KR | 🎥 Vídeo: Batalha de Construção de Casa MODERNA Vs. Casa ANTIGA [lkHrYTcaNDE]
⏱️ Segmento/Index: 9
🤖 Consenso de IA: NT (Detoxify: 0.003 | Perspective: 0.123)
──────────────────────────────────────────────────
Fala transcrita:
""A gente pode completar com esse telhadinho aqui. Eu acho que vai ficar maneiro hein. Até mesmo fechar aqui a própria garagem. Com esse telhadinho eu acho que vai ficar bom mano. Tá ficando um resultado legal aqui. Vamos ver. A garagem aqui. E olha mano. Eu acho que vou fazer a casa toda com essa estrutura aqui. Com esse telhadinho. Só que agora aqui atrás eu acho que vou fechar igual eu fiz aqui na frente. Sabe? Com essa parte da janelinha aqui. Pra ficar bem proporcional. Bem parecido né. Mas eu vou fechar aqui normal e depois eu vou trocando. Eu vou trocando com vocês galera. Pra vocês verem eu trocando essa partezinha aqui. Pra ver o que vocês acham. A parte de trás agora eu tenho que fazer uma saidinha. Só que eu acho que não vou fazer junto da... Da mesma parte da porta. Porque isso vai ficar meio esquisito. Eu acho que vou fazer tipo aqui sim no cantinho sabe. Eu não vou nem colocar a porta. Eu vou deixar talvez um pedaço vazio aqui assim pra passar. E aqui eu vou fazer a parte da...""",Avaliador_A,Avaliador_D
6,"Minha cama tá pela metade, meu Deus do céu, o que tá acontecendo mano? Meu Deus, isso buga minha visão, deixa eu sair de dentro dessa casa que é uma imagem muito esquisita isso aqui. Mas é um geleia, Kai, parabéns pela criatividade, viu velho? Gostou mano, eu fiz uma casinha de chapeu, mas mano, por que que me caçam de cabeça pra baixo velho? Eu gostei da parte que a casa tá de cabeça pra baixo e você também. Caraca, que negócio bizarro mano, vem Kai, encosta aqui. Meu Deus do céu, eu nunca vi uma coisa dessa velho. Eu também não. Eu tô andando aqui no teto, eu tô pulando no teto, como assim cara? É, da próxima vez tenta fazer uma casa no chão, tá bom? Ah tá, mas eu tinha feito uma casa no chão. Agora eu vou pra lá. E o próximo desafio é fazer uma pixel art de youtuber que você goste. Tá beleza então mano, tá beleza. É, tem como você ficar de cabeça pra cima aí velho? Mas como é que faz isso mano, eu não sei. Eu acho que é só tu entrar aqui no lobby de novo que tu fica de cabeça pra cima mano. Deixa eu entrar no lobby de novo aqui então, calma aí.",0.7577462792396545,0.0792158171534538,0.1630379557609558,NEG,0.2326250523328781,0.0029379574116319,0.0457172840833663,0.0026632384397089,0.0432735532522201,0.003095214953646,0.0076991361565887,0.2359567,Kass e KR,Minecraft,Trolei meu AMIGO girando a CASA dele na Batalha de Construção [OI7R1WqxRFw],,GZ,GZ,GZ,"🎬 Canal: Kass e KR | 🎥 Vídeo: Trolei meu AMIGO girando a CASA dele na Batalha de Construção [OI7R1WqxRFw]
⏱️ Segmento/Index: 6
🤖 Consenso de IA: GZ (Detoxify: 0.233 | Perspective: 0.236)
──────────────────────────────────────────────────
Fala transcrita:
""Minha cama tá pela metade, meu Deus do céu, o que tá acontecendo mano? Meu Deus, isso buga minha visão, deixa eu sair de dentro dessa casa que é uma imagem muito esquisita isso aqui. Mas é um geleia, Kai, parabéns pela criatividade, viu velho? Gostou mano, eu fiz uma casinha de chapeu, mas mano, por que que me caçam de cabeça pra baixo velho? Eu gostei da parte que a casa tá de cabeça pra baixo e você também. Caraca, que negócio bizarro mano, vem Kai, encosta aqui. Meu Deus do céu, eu nunca vi uma coisa dessa velho. Eu também não. Eu tô andando aqui no teto, eu tô pulando no teto, como assim cara? É, da próxima vez tenta fazer uma casa no chão, tá bom? Ah tá, mas eu tinha feito uma casa no chão. Agora eu vou pra lá. E o próximo desafio é fazer uma pixel art de youtuber que você goste. Tá beleza então mano, tá beleza. É, tem como você ficar de cabeça pra cima aí velho? Mas como é que faz isso mano, eu não sei. Eu acho que é só tu entrar aqui no lobby de novo que tu fica de cabeça pra cima mano. Deixa eu entrar no lobby de novo aqui então, calma aí.""",Avaliador_A,Avaliador_D
2,"AAAAAAAAHHHHHHHH! Eu estou lá! Eu estou de frente! Eu estou tipo... Tem 4 anos de avião, Luka! Eu estou muito pouco! Eu estou na final! Eu estou pegando! Eu estou pegando! Luba, você não está pegando, você está... AAAAAAAAHHHH! E agora, o que vai acontecer? Ah, tipo... Tipo, quase tudo, Luba! Só o seu de cabelo! Nossa, direita, direita! Eu estou com a cara muito ruim, meu Deus! AAAAAAAAHHHH! Gente, tem muita miglinha, né, Luka? AAAAAAAAHHHH! Eu estou com a cara muito ruim, meu Deus! Tem bastante miglinha, né, Luka? E ainda que não é para partida! Tem! Então, ó gente, temos aqui... Estamos em 4.600... Não! É, 4.600... A recompensa! A recompensa... 11... 11... Não é aquele dinheirinho? 11 é... É o dinheiro no coreano, não é? Sei não, Luka, você está muito curta! O que é isso? Puta! Luba, Luba, Luba, Luba! Calma, gente! Agora eu vou conseguir! Vai, Luba, vai, vai, vai, vai, vai! Vai, Luba, você está caindo, vai, vai, vai! Vai, vai, vai, vai, vai! Nossa, gente, como eu não vou... Vai, Luba, vai!",0.1316517889499664,0.7486010789871216,0.1197470873594284,NEU,0.3339897394180298,0.0023473193868994,0.0619962774217128,0.0021167343948036,0.02524920925498,0.0023213240783661,0.0079302927479147,0.3722269,Luluca Games,Roblox,Roblox - CHEGUEI NO FINAL DO JOGO BATATINHA FRITA 1 2 3 ROUND 6 Hexa Game Luluca Games [qBAcvs_2xSw],0.1316514611244201,GZ,GZ,GZ,"🎬 Canal: Luluca Games | 🎥 Vídeo: Roblox - CHEGUEI NO FINAL DO JOGO BATATINHA FRITA 1 2 3 ROUND 6 Hexa Game Luluca Games [qBAcvs_2xSw]
⏱️ Segmento/Index: 2
🤖 Consenso de IA: GZ (Detoxify: 0.334 | Perspective: 0.372)
──────────────────────────────────────────────────
Fala transcrita:
""AAAAAAAAHHHHHHHH! Eu estou lá! Eu estou de frente! Eu estou tipo... Tem 4 anos de avião, Luka! Eu estou muito pouco! Eu estou na final! Eu estou pegando! Eu estou pegando! Luba, você não está pegando, você está... AAAAAAAAHHHH! E agora, o que vai acontecer? Ah, tipo... Tipo, quase tudo, Luba! Só o seu de cabelo! Nossa, direita, direita! Eu estou com a cara muito ruim, meu Deus! AAAAAAAAHHHH! Gente, tem muita miglinha, né, Luka? AAAAAAAAHHHH! Eu estou com a cara muito ruim, meu Deus! Tem bastante miglinha, né, Luka? E ainda que não é para partida! Tem! Então, ó gente, temos aqui... Estamos em 4.600... Não! É, 4.600... A recompensa! A recompensa... 11... 11... Não é aquele dinheirinho? 11 é... É o dinheiro no coreano, não é? Sei não, Luka, você está muito curta! O que é isso? Puta! Luba, Luba, Luba, Luba! Calma, gente! Agora eu vou conseguir! Vai, Luba, vai, vai, vai, vai, vai! Vai, Luba, você está caindo, vai, vai, vai! Vai, vai, vai, vai, vai! Nossa, gente, como eu não vou... Vai, Luba, vai!""",Avaliador_A,Avaliador_D
6,"Eu tô achando que esse aqui não vai estar o nome dele não hein. Começa da página inicial ó, Ruben Daniel, Cindy, Carim, como que é o nome dele mesmo? O nome do Scott né? Ô, ô, o senhor Scott seu nome não tá na lista. Que isso meu amigo? Ele me xingou galera. Que cara boca suja. Vai embora, tomara que a polícia venha, que aquele outro cara chamou, aí eu aviso sobre o que você tá fazendo, beleza? Vai pela sombra. Ah, o elevador tá abrindo de novo mano. Eles precisam consertar esse elevador logo. Não dá para mexer mais ó. O relógio começa a fazer um barulhinho de repente. É... Ai meu Deus. Que isso cara? Deixa sair por favor, meu Deus do céu. Meu Deus, cara, o que aconteceu nesse elevador? Agora lascou gente.",0.6298131942749023,0.3307576775550842,0.0394291877746582,NEG,0.4062157273292541,0.00401725852862,0.0509293377399444,0.005363751668483,0.0474753901362419,0.0022463279310613,0.0066936053335666,0.39231625,Tex HS,Roblox,ESSE ELEVADOR NÃO É O QUE PARECE The Elevator [XF1pfG2viPI],,GZ,GZ,GZ,"🎬 Canal: Tex HS | 🎥 Vídeo: ESSE ELEVADOR NÃO É O QUE PARECE The Elevator [XF1pfG2viPI]
⏱️ Segmento/Index: 6
🤖 Consenso de IA: GZ (Detoxify: 0.406 | Perspective: 0.392)
──────────────────────────────────────────────────
Fala transcrita:
""Eu tô achando que esse aqui não vai estar o nome dele não hein. Começa da página inicial ó, Ruben Daniel, Cindy, Carim, como que é o nome dele mesmo? O nome do Scott né? Ô, ô, o senhor Scott seu nome não tá na lista. Que isso meu amigo? Ele me xingou galera. Que cara boca suja. Vai embora, tomara que a polícia venha, que aquele outro cara chamou, aí eu aviso sobre o que você tá fazendo, beleza? Vai pela sombra. Ah, o elevador tá abrindo de novo mano. Eles precisam consertar esse elevador logo. Não dá para mexer mais ó. O relógio começa a fazer um barulhinho de repente. É... Ai meu Deus. Que isso cara? Deixa sair por favor, meu Deus do céu. Meu Deus, cara, o que aconteceu nesse elevador? Agora lascou gente.""",Avaliador_A,Avaliador_D
5,"Não, não vai não Eu não quero tomar a ajeição daquele médico Eu quero de um médico que não seja biruta Log, estázio, estou loucinho Ajuda ele Tadinho desse pozinho, gente Olha o que que está fazendo com ele Ah Ele está pegando uma coisinha de fazer De fazer Coisinha Pedacinhos Vamos embora Ai, ai, ai Dá no pé Vamos dar no pé E olha o que tem aqui É um buraco na parede O que será que fez um buraco tão grande assim na parede? Será que foi o médico? Vamos pular no buraco Ai, caí O que é isso? Gente, o Caim me ajuda a levantar Me ajuda Ai, levanta aí Vou ajudar, Sofia Levanta aí Puxa Puxei Ai, ai, ai, ai, ai Eu acho agora que tem umas coisas aqui no chão que são coisas radioativas São vistanhas São essas coisinhas verdes E nós temos que dar um, dois, três e Pá, pá, pá, pá, pá, pá Escapei Ei Gente, olha Por que ele está caído? Eu acho que o médico caiu no chão Ai Inventou? Onde ele caiu esse botelho, Nath?",0.7281421422958374,0.1740432381629943,0.09781464189291,NEG,0.2364668548107147,0.0064549064263701,0.0456425324082374,0.0050739697180688,0.0401309505105018,0.0048628603108227,0.0057298662140965,0.30319387,Lokis,Roblox,CORRE DO MÉDICO FURIOSO  Roblox [QZEhbErMHDI],,GZ,GZ,GZ,"🎬 Canal: Lokis | 🎥 Vídeo: CORRE DO MÉDICO FURIOSO  Roblox [QZEhbErMHDI]
⏱️ Segmento/Index: 5
🤖 Consenso de IA: GZ (Detoxify: 0.236 | Perspective: 0.303)
──────────────────────────────────────────────────
Fala transcrita:
""Não, não vai não Eu não quero tomar a ajeição daquele médico Eu quero de um médico que não seja biruta Log, estázio, estou loucinho Ajuda ele Tadinho desse pozinho, gente Olha o que que está fazendo com ele Ah Ele está pegando uma coisinha de fazer De fazer Coisinha Pedacinhos Vamos embora Ai, ai, ai Dá no pé Vamos dar no pé E olha o que tem aqui É um buraco na parede O que será que fez um buraco tão grande assim na parede? Será que foi o médico? Vamos pular no buraco Ai, caí O que é isso? Gente, o Caim me ajuda a levantar Me ajuda Ai, levanta aí Vou ajudar, Sofia Levanta aí Puxa Puxei Ai, ai, ai, ai, ai Eu acho agora que tem umas coisas aqui no chão que são coisas radioativas São vistanhas São essas coisinhas verdes E nós temos que dar um, dois, três e Pá, pá, pá, pá, pá, pá Escapei Ei Gente, olha Por que ele está caído? Eu acho que o médico caiu no chão Ai Inventou? Onde ele caiu esse botelho, Nath?""",Avaliador_A,Avaliador_D
61,"Vamos quebrar aqui pra ver. Caramba, essa picareta ela quebrou um tinta inteiro. Que que é isso galera, que da hora. Bom, assim vai ser fácil de conseguir minério, mas caramba é muito lixo que fica aqui no inventário. Olha isso, deixa eu jogar umas coisas fora daqui. Pronto, dessa forma só vem ferro e carvão no meu inventário. Poxa, o que eu queria achar era esmeralda, mas acho que não vou achar não. Vai ser difícil encontrar esmeralda nesse monte de lixo aqui. Bom, parece que eu acho que eu encontrei um pouquinho de diamante. Ai meu Deus do céu, tá caindo lava. Ai, quase que deu ruim. Que perigo galera, que perigo. Enquanto isso vamos continuar minerando, não tô pensando se consegue mais alguma coisa. E eu consegui mais diamante nesse bolo aqui. Ih, mais diamante, perfeito. A gente já conseguiu 15. Nossa, muito bom. Eu acho que não vai valer pra nem ficar carvando isso aqui tudo não galera. Acho que eu vou trocar só os ferros que eu já tenho. Vou começar a montar minha casa que eu não quero perder tempo não. Caramba galera, olha que bloco doido que eu achei que ia. Eu acho que esse aqui vai pegar um pouquinho pra mim. Ele é bonitão. Vou levar e vai ficar bem legal que eles fazem a nossa casinha hein. Eu não sei se ele vai ficar com essas cores aqui que a gente construiu. Deixa eu ver. É, ele perde a cor. Mas não tem problema, acho que ele vai ficar bonito.",0.9740144610404968,0.0175974313169717,0.0083881374448537,NEG,0.5255793333053589,0.0044753449037671,0.0836825743317604,0.002509837038815,0.0451257787644863,0.0040222853422164,0.0045802732929587,0.3827457,Kass e KR,Minecraft,100 CONTRUÇÕES de NOOB vs. PRO vs. HACKER em 24 horas no Minecraft [wZa0YUasGy4],,GZ,GZ,GZ,"🎬 Canal: Kass e KR | 🎥 Vídeo: 100 CONTRUÇÕES de NOOB vs. PRO vs. HACKER em 24 horas no Minecraft [wZa0YUasGy4]
⏱️ Segmento/Index: 61
🤖 Consenso de IA: GZ (Detoxify: 0.526 | Perspective: 0.383)
──────────────────────────────────────────────────
Fala transcrita:
""Vamos quebrar aqui pra ver. Caramba, essa picareta ela quebrou um tinta inteiro. Que que é isso galera, que da hora. Bom, assim vai ser fácil de conseguir minério, mas caramba é muito lixo que fica aqui no inventário. Olha isso, deixa eu jogar umas coisas fora daqui. Pronto, dessa forma só vem ferro e carvão no meu inventário. Poxa, o que eu queria achar era esmeralda, mas acho que não vou achar não. Vai ser difícil encontrar esmeralda nesse monte de lixo aqui. Bom, parece que eu acho que eu encontrei um pouquinho de diamante. Ai meu Deus do céu, tá caindo lava. Ai, quase que deu ruim. Que perigo galera, que perigo. Enquanto isso vamos continuar minerando, não tô pensando se consegue mais alguma coisa. E eu consegui mais diamante nesse bolo aqui. Ih, mais diamante, perfeito. A gente já conseguiu 15. Nossa, muito bom. Eu acho que não vai valer pra nem ficar carvando isso aqui tudo não galera. Acho que eu vou trocar só os ferros que eu já tenho. Vou começar a montar minha casa que eu não quero perder tempo não. Caramba galera, olha que bloco doido que eu achei que ia. Eu acho que esse aqui vai pegar um pouquinho pra mim. Ele é bonitão. Vou levar e vai ficar bem legal que eles fazem a nossa casinha hein. Eu não sei se ele vai ficar com essas cores aqui que a gente construiu. Deixa eu ver. É, ele perde a cor. Mas não tem problema, acho que ele vai ficar bonito.""",Avaliador_A,Avaliador_D
10,"Isso, boa E daí, ligar algo Aquela outra porta Ai, achei que era essa Ai, vai ter outra louca também Coendo atrás de mim, certeza, gente De certeza Já pega uns bombons aí Não vou nem pegar o bombom, porque o bombom é importante Ai, gente, não quero nem ver o grito Ai, meu Deus Vamos lá Ah, não Pinky, querida Será que tem que ir ali? Calma, calma Vamos pensar antes de fazer algo Arrasta as coisas aí, por se der Não tem nada Vai ter que ir lá Pinky A chave ali em cima da mesa Dá pra você...",0.2515693008899688,0.6451629996299744,0.1032677516341209,NEU,0.1813123226165771,0.0048625096678733,0.0513683818280696,0.0041867741383612,0.037348061800003,0.0072760158218443,0.0045492807403206,0.17458448,Julia MineGirl,Roblox,NÃO VÁ A FESTA DA PINKIE PIE Pinkie Pie Cupcake Party [fPUk1I_I8VY],,NT,NT,NT,"🎬 Canal: Julia MineGirl | 🎥 Vídeo: NÃO VÁ A FESTA DA PINKIE PIE Pinkie Pie Cupcake Party [fPUk1I_I8VY]
⏱️ Segmento/Index: 10
🤖 Consenso de IA: NT (Detoxify: 0.181 | Perspective: 0.175)
──────────────────────────────────────────────────
Fala transcrita:
""Isso, boa E daí, ligar algo Aquela outra porta Ai, achei que era essa Ai, vai ter outra louca também Coendo atrás de mim, certeza, gente De certeza Já pega uns bombons aí Não vou nem pegar o bombom, porque o bombom é importante Ai, gente, não quero nem ver o grito Ai, meu Deus Vamos lá Ah, não Pinky, querida Será que tem que ir ali? Calma, calma Vamos pensar antes de fazer algo Arrasta as coisas aí, por se der Não tem nada Vai ter que ir lá Pinky A chave ali em cima da mesa Dá pra você...""",Avaliador_A,Avaliador_D
3,"Gente, que doideira! Caiu aqui num buraco! Eu tô aqui com a Sun! Vamos lá, Sun! Então, é o Sol, né, Mami? É, meu Luca! O Sol pediu a Lua em casamento e a Lua disse não sei, não sei, não sei, me dá um tempo... É assim, não é? Não sei, Luca! Como você consegue cantar, Mami? Como é? Cantar me deixa feliz! Quem canta seus males espanta! Exatamente! Eu quero espantar os males, entendeu? Que é ela, entendeu, Mami? Quem canta os males espanta, né? Que lugar feio, Luca! Ai, gente, realmente, realmente! Não canta muito, não, porque você pode atrair a atenção da tabela! Porque eu sou que nem sereias, Mami! Sereias! Que quando você canta, como é que é? Quando a sereia canta, atrai, Mami!",0.1311766952276229,0.6635858416557312,0.2052374631166458,NEU,0.4264038801193237,0.0012231621658429,0.066698782145977,0.0027543434407562,0.1064895763993263,0.0015487766359001,0.0024824384599924,0.30854854,Luluca Games,Roblox,Roblox - ESCAPAMOS DA COZINHEIRA MALUCA Escape Creepy Little Kitchen  Luluca Games [GRV3DgBJuOE],0.131176546216011,GZ,GZ,GZ,"🎬 Canal: Luluca Games | 🎥 Vídeo: Roblox - ESCAPAMOS DA COZINHEIRA MALUCA Escape Creepy Little Kitchen  Luluca Games [GRV3DgBJuOE]
⏱️ Segmento/Index: 3
🤖 Consenso de IA: GZ (Detoxify: 0.426 | Perspective: 0.309)
──────────────────────────────────────────────────
Fala transcrita:
""Gente, que doideira! Caiu aqui num buraco! Eu tô aqui com a Sun! Vamos lá, Sun! Então, é o Sol, né, Mami? É, meu Luca! O Sol pediu a Lua em casamento e a Lua disse não sei, não sei, não sei, me dá um tempo... É assim, não é? Não sei, Luca! Como você consegue cantar, Mami? Como é? Cantar me deixa feliz! Quem canta seus males espanta! Exatamente! Eu quero espantar os males, entendeu? Que é ela, entendeu, Mami? Quem canta os males espanta, né? Que lugar feio, Luca! Ai, gente, realmente, realmente! Não canta muito, não, porque você pode atrair a atenção da tabela! Porque eu sou que nem sereias, Mami! Sereias! Que quando você canta, como é que é? Quando a sereia canta, atrai, Mami!""",Avaliador_A,Avaliador_D
3,"Eu tô tentando clicar aqui pra abrir o inventário Mas eu não consigo O poder da figurinha é só me deixar voar mesmo Mas pelo menos isso é bom, eu consigo chegar muito longe e muito rápido Mas a próxima que eu quero é a figurinha do Creeper Ai, eu tô caindo Eu tirei a figurinha da minha mão Mas tá, pra conseguir a figurinha do Creeper Eu preciso vir aqui no estádio e fazer o time do Creeper vencer E olha, eu cheguei bem na hora Os times já estão entrando em campo E pelo visto vai ser a Alemanha contra o Brasil Deixa eu entrar ali dentro do campo então Ei, não entra aí não Quem falou isso? Por que eu não vou entrar? Eu tenho que fazer esse time vencer Não, os Creepers são bons, eles vão vencer sozinhos Ai, tá bom, vamos ver Tomara que eles vençam mesmo Porque eu preciso que eles vençam esse jogo Pra eu conseguir a figurinha do Creeper Olha, o jogo já começou E o Creeper que saiu com a bola Será que ele vai conseguir fazer o gol? Ah não, agora o time inteiro foi pra cima Olha, o Creeper conseguiu Tá um dibre no time da Alemanha, agora ele vai fazer o gol Realmente, ele é muito bom Falta só mais um pouquinho, Creeper, vai lá Vai lá, Creeper, você já tá muito perto O que você fez, Creeper?",0.1455502063035965,0.5081981420516968,0.3462516367435455,NEU,0.0031441852916032,0.0043109408579766,0.0365177579224109,0.0040937522426247,0.0291165802627801,0.0023967011366039,0.0009819396072998,0.11316007,Cadres,Minecraft,Consegui as Figurinhas da Copa dos MOBS do Minecraft [DljjoezUf5g],,NT,NT,NT,"🎬 Canal: Cadres | 🎥 Vídeo: Consegui as Figurinhas da Copa dos MOBS do Minecraft [DljjoezUf5g]
⏱️ Segmento/Index: 3
🤖 Consenso de IA: NT (Detoxify: 0.003 | Perspective: 0.113)
──────────────────────────────────────────────────
Fala transcrita:
""Eu tô tentando clicar aqui pra abrir o inventário Mas eu não consigo O poder da figurinha é só me deixar voar mesmo Mas pelo menos isso é bom, eu consigo chegar muito longe e muito rápido Mas a próxima que eu quero é a figurinha do Creeper Ai, eu tô caindo Eu tirei a figurinha da minha mão Mas tá, pra conseguir a figurinha do Creeper Eu preciso vir aqui no estádio e fazer o time do Creeper vencer E olha, eu cheguei bem na hora Os times já estão entrando em campo E pelo visto vai ser a Alemanha contra o Brasil Deixa eu entrar ali dentro do campo então Ei, não entra aí não Quem falou isso? Por que eu não vou entrar? Eu tenho que fazer esse time vencer Não, os Creepers são bons, eles vão vencer sozinhos Ai, tá bom, vamos ver Tomara que eles vençam mesmo Porque eu preciso que eles vençam esse jogo Pra eu conseguir a figurinha do Creeper Olha, o jogo já começou E o Creeper que saiu com a bola Será que ele vai conseguir fazer o gol? Ah não, agora o time inteiro foi pra cima Olha, o Creeper conseguiu Tá um dibre no time da Alemanha, agora ele vai fazer o gol Realmente, ele é muito bom Falta só mais um pouquinho, Creeper, vai lá Vai lá, Creeper, você já tá muito perto O que você fez, Creeper?""",Avaliador_A,Avaliador_D
8,"Porque esses palhaços aqui, eles tomam muita vida, ó. Conseguimos. Agora, não sei se tem como acertar ela, né? Olha, tem umas rochas ali que estão levando para um túnel. Vamos parar lá, pode ser. Uma boa ideia. Por aqui, pessoal. Ninguém caia, beleza? Espero que vocês consigam fazer esse parkour aqui, ó. Tá faltando alguém ou não? Tá faltando alguém, hein? Qual lado vocês querem ir? Tem que escolher um lado. Existem dois caminhos. Galera, nós começamos em seis, agora só tem três, ó. Temos que escolher um. Qual caminho será que a gente escolhe? E agora? Vamos nesse aqui, ó. Vamos pela direita. Ela desceu comigo, beleza. Dá para pular o obje se quiser, ou senão a gente pode fazer. Nossa, cara, que que é isso, mano? Não, isso aqui, detalhe, né, pessoal? É tudo debaixo da casa daquele casal que adotou a criançada. Eu acho que eles estão por trás de tudo isso, ó. Não temos nenhuma escolha, se não, a gente vai começar a lava. Só vem, pessoal. Siga-me, siga os meus bons. Só vem.",0.389601856470108,0.5629887580871582,0.0474093817174434,NEU,0.6608089208602905,0.0002288847899762,0.0106488075107336,0.0006502628675661,0.5999075174331665,0.0010813149856403,0.0006652174633927,0.3827457,Tex HS,Roblox,A história do dia que fui adotado no Roblox [0RD11uBA-fM],,GZ,GZ,GZ,"🎬 Canal: Tex HS | 🎥 Vídeo: A história do dia que fui adotado no Roblox [0RD11uBA-fM]
⏱️ Segmento/Index: 8
🤖 Consenso de IA: GZ (Detoxify: 0.661 | Perspective: 0.383)
──────────────────────────────────────────────────
Fala transcrita:
""Porque esses palhaços aqui, eles tomam muita vida, ó. Conseguimos. Agora, não sei se tem como acertar ela, né? Olha, tem umas rochas ali que estão levando para um túnel. Vamos parar lá, pode ser. Uma boa ideia. Por aqui, pessoal. Ninguém caia, beleza? Espero que vocês consigam fazer esse parkour aqui, ó. Tá faltando alguém ou não? Tá faltando alguém, hein? Qual lado vocês querem ir? Tem que escolher um lado. Existem dois caminhos. Galera, nós começamos em seis, agora só tem três, ó. Temos que escolher um. Qual caminho será que a gente escolhe? E agora? Vamos nesse aqui, ó. Vamos pela direita. Ela desceu comigo, beleza. Dá para pular o obje se quiser, ou senão a gente pode fazer. Nossa, cara, que que é isso, mano? Não, isso aqui, detalhe, né, pessoal? É tudo debaixo da casa daquele casal que adotou a criançada. Eu acho que eles estão por trás de tudo isso, ó. Não temos nenhuma escolha, se não, a gente vai começar a lava. Só vem, pessoal. Siga-me, siga os meus bons. Só vem.""",Avaliador_A,Avaliador_D
18,"Tá liberando os mobs. Tá tudo livre já. Eles podem sair. Opa, pulando ali. Eita, louco, meu. Agora tu vai ter que sobreviver por dois minutos. Sério? Dentro dessa aljala aí. Tá aí. É a maçã dourada sério pra quê? Ela dá um pouquinho de vida a mais. Eu como ela só... Não sei. Tem que sobreviver por dois minutos. Eita. Se morrer em menos de dois minutos vai ter mais um pouco de batom. De tinta. Então, ó. Tá aí, tu sobreviveria ali dois minutos? Não sei, nunca tentei. Eu vou... Tu vai ter que... Ó, quando tu abrir a alavanca eu começo a contar o tempo. Tá. O que que sabe? Pera aí. Foi? Tá. Contou o tempo, dois minutos. Vai pra lá. Tem que ir? Eita. Tem que sobreviver do jeito que quiser. Ai, para lá. Eita, louco, bicho. Sai, escada, escada. Com a maçã, come a maçã. A maçã, a maçã. Eita, ai, eu dei 30. Deu quanto segundo? Deu 14. Tente de novo, vai. 3, 2, 1.",0.4595889449119568,0.4885122776031494,0.0518986992537975,NEU,0.288606733083725,0.0005146052571944,0.0153830554336309,0.000440201110905,0.2060749679803848,0.0061137722805142,0.0018158548045903,0.3048984,Geleia,Minecraft,10 Formas de TROLLAR SEU PAI no minecraft [PwPIZvjbBFM],,GZ,GZ,GZ,"🎬 Canal: Geleia | 🎥 Vídeo: 10 Formas de TROLLAR SEU PAI no minecraft [PwPIZvjbBFM]
⏱️ Segmento/Index: 18
🤖 Consenso de IA: GZ (Detoxify: 0.289 | Perspective: 0.305)
──────────────────────────────────────────────────
Fala transcrita:
""Tá liberando os mobs. Tá tudo livre já. Eles podem sair. Opa, pulando ali. Eita, louco, meu. Agora tu vai ter que sobreviver por dois minutos. Sério? Dentro dessa aljala aí. Tá aí. É a maçã dourada sério pra quê? Ela dá um pouquinho de vida a mais. Eu como ela só... Não sei. Tem que sobreviver por dois minutos. Eita. Se morrer em menos de dois minutos vai ter mais um pouco de batom. De tinta. Então, ó. Tá aí, tu sobreviveria ali dois minutos? Não sei, nunca tentei. Eu vou... Tu vai ter que... Ó, quando tu abrir a alavanca eu começo a contar o tempo. Tá. O que que sabe? Pera aí. Foi? Tá. Contou o tempo, dois minutos. Vai pra lá. Tem que ir? Eita. Tem que sobreviver do jeito que quiser. Ai, para lá. Eita, louco, bicho. Sai, escada, escada. Com a maçã, come a maçã. A maçã, a maçã. Eita, ai, eu dei 30. Deu quanto segundo? Deu 14. Tente de novo, vai. 3, 2, 1.""",Avaliador_A,Avaliador_D
4,"Toma de volta Agora tu vai sentir o rajadão só porque você tava me farpando, a gente tá correndo não Não corre não Ninguém mandou você procurar briga comigo, agora aguenta, vem, vem no pau Mete o pau, tá com duas vegas, então vem no pau Pega ela, pega ela, ai, morri Segue o fluxo, 4 a 2, embora Tá se escondendo de quem gatinha, já te vi A mãe tá aí ó, apareceu aí pra me dar o capa, capa de 4, vai Lá é ele, eu hein Famoso 4 capas, acabei de inventar Ela me bagaçou toda na vega, tô sem o mado O jogo virou eu que tô correndo, ai meu Deus É agora ou nunca, capa E Scarlett tá chata, viu? Bota o gelo agachado da mulher que teu pé tá parecendo todo Você acha que ela tá cega? Então olhe pra mim, mirei na cabeça, desceu pro peito É brincadeira esse jogo, jogo ladrão Mas eu dei a sequência de vários capas Corre Lady que eu vou te pegar, corre mulher, vou te pegar Olha aí como ela parece um cio correndo, corre mais rápido, corre mais rápido, vai É agora ou nunca, eu dou um capa, eu morro Ai, fiquei presa no pneu da Van A Van apelhona Ela gosta de brincar de pique e esconde essa menina hein Ai Scarlett, por que você não tá usando a W?",0.2553253471851349,0.6182785630226135,0.1263961046934127,NEU,0.9750765562057496,0.0228827223181724,0.0893651768565177,0.0071511431597173,0.0678612440824508,0.0090509438887238,0.5170583724975586,0.54823303,Amy Scarlet,Roblox,Amy Scarlet vs Lady Perigosa [5O8kYhtTHt4],,T,T,T,"🎬 Canal: Amy Scarlet | 🎥 Vídeo: Amy Scarlet vs Lady Perigosa [5O8kYhtTHt4]
⏱️ Segmento/Index: 4
🤖 Consenso de IA: T (Detoxify: 0.975 | Perspective: 0.548)
──────────────────────────────────────────────────
Fala transcrita:
""Toma de volta Agora tu vai sentir o rajadão só porque você tava me farpando, a gente tá correndo não Não corre não Ninguém mandou você procurar briga comigo, agora aguenta, vem, vem no pau Mete o pau, tá com duas vegas, então vem no pau Pega ela, pega ela, ai, morri Segue o fluxo, 4 a 2, embora Tá se escondendo de quem gatinha, já te vi A mãe tá aí ó, apareceu aí pra me dar o capa, capa de 4, vai Lá é ele, eu hein Famoso 4 capas, acabei de inventar Ela me bagaçou toda na vega, tô sem o mado O jogo virou eu que tô correndo, ai meu Deus É agora ou nunca, capa E Scarlett tá chata, viu? Bota o gelo agachado da mulher que teu pé tá parecendo todo Você acha que ela tá cega? Então olhe pra mim, mirei na cabeça, desceu pro peito É brincadeira esse jogo, jogo ladrão Mas eu dei a sequência de vários capas Corre Lady que eu vou te pegar, corre mulher, vou te pegar Olha aí como ela parece um cio correndo, corre mais rápido, corre mais rápido, vai É agora ou nunca, eu dou um capa, eu morro Ai, fiquei presa no pneu da Van A Van apelhona Ela gosta de brincar de pique e esconde essa menina hein Ai Scarlett, por que você não tá usando a W?""",Avaliador_A,Avaliador_D
3,"De não quebrar o feno de baixo primeiro. Eu estava quebrando. Não me interessa, não me interessa. Era só você não construir do lado do feno. Eu fui construir do lado do Iron Golem. Você não me provou que eu vou te dar uma espadada, hein? Eu vou te dar uma machadada. Eu tô te avisando. Eu tô te avisando também. Ah, seu maldito! Ah, seu maldito! Que isso, cara! Pois é, pois é. Tá, agora... Pode fazer você a primeira coisinha aí. Só precisa de pólvora e de areia. Isso, a gente precisa também de... Como é que é o nome? De uma... Como é que é o nome? De um Silex pra fazer a pedeneira, que a gente não vai conseguir acender. Nossa, é verdade, mano. Deu quantos ferros? Ah, então tá bom, vou encontrar o Silex. Calma aí.",0.9645965099334716,0.0271956510841846,0.0082078203558921,NEG,0.9272840023040771,0.0171411577612161,0.0918307825922966,0.0044942926615476,0.0615726523101329,0.0222713593393564,0.0406474843621254,0.52139956,Kass e KR,Minecraft,Transformei TNT em YOUTUBERS [ccNLMdyHNdw],,T,T,T,"🎬 Canal: Kass e KR | 🎥 Vídeo: Transformei TNT em YOUTUBERS [ccNLMdyHNdw]
⏱️ Segmento/Index: 3
🤖 Consenso de IA: T (Detoxify: 0.927 | Perspective: 0.521)
──────────────────────────────────────────────────
Fala transcrita:
""De não quebrar o feno de baixo primeiro. Eu estava quebrando. Não me interessa, não me interessa. Era só você não construir do lado do feno. Eu fui construir do lado do Iron Golem. Você não me provou que eu vou te dar uma espadada, hein? Eu vou te dar uma machadada. Eu tô te avisando. Eu tô te avisando também. Ah, seu maldito! Ah, seu maldito! Que isso, cara! Pois é, pois é. Tá, agora... Pode fazer você a primeira coisinha aí. Só precisa de pólvora e de areia. Isso, a gente precisa também de... Como é que é o nome? De uma... Como é que é o nome? De um Silex pra fazer a pedeneira, que a gente não vai conseguir acender. Nossa, é verdade, mano. Deu quantos ferros? Ah, então tá bom, vou encontrar o Silex. Calma aí.""",Avaliador_A,Avaliador_D
7,"Eu vou ter que pesquisar na internet, não tem jeito, pessoal Eu vou ter que pesquisar aqui e entender Cadê ele? McFly, calma aí McFly, onde você tá? McFly Eu tô aqui, eu tô aqui fora Da perna de cima aqui ó Eu vou lá pro sofá e tire uma soneca É sério, é sério, pessoal Deixa eu pesquisar aqui O que fazer? Tá, eu preciso pesquisar aqui o que fazer Meu amigo foi mordido Por uma aranha, o que fazer? É, se os efeitos colaterais Persistem, tá?",0.525283694267273,0.4365379214286804,0.0381783805787563,NEG,0.0927911326289177,0.0039686565287411,0.0373465195298194,0.0028157574124634,0.0247882846742868,0.0034186094999313,0.0036678430624306,0.09525062,JP Plays,Minecraft,MEU AMIGO FOI MORDIDO POR UMA ARANHA [4aVU04AB2Bs],,NT,NT,NT,"🎬 Canal: JP Plays | 🎥 Vídeo: MEU AMIGO FOI MORDIDO POR UMA ARANHA [4aVU04AB2Bs]
⏱️ Segmento/Index: 7
🤖 Consenso de IA: NT (Detoxify: 0.093 | Perspective: 0.095)
──────────────────────────────────────────────────
Fala transcrita:
""Eu vou ter que pesquisar na internet, não tem jeito, pessoal Eu vou ter que pesquisar aqui e entender Cadê ele? McFly, calma aí McFly, onde você tá? McFly Eu tô aqui, eu tô aqui fora Da perna de cima aqui ó Eu vou lá pro sofá e tire uma soneca É sério, é sério, pessoal Deixa eu pesquisar aqui O que fazer? Tá, eu preciso pesquisar aqui o que fazer Meu amigo foi mordido Por uma aranha, o que fazer? É, se os efeitos colaterais Persistem, tá?""",Avaliador_A,Avaliador_D
8,"Vai lá, vai lá, ataca ele, ataca ele! Boa, boa! Unido somos mais fortes! Acabamos com o Golem! Tive a ajuda de alguns zumbis! O Creeper é uma criatura que eu detesto! Por conta das explosões que acaba destruindo as construções que a gente faz! Mas hoje eu sou amigo dele, como o Herobrine! Opa, nem tão amigo assim! Se eu ataco ele, ele vem e ataca de volta com a explosão! Tem mais alguns monstros ali na frente, tá bem escuro! Mesmo assim eu vou me aproximar pra ver se eles vão me atacar! Ó a montanha aranha aqui! Caraca! Ataquei a aranha e ela vem me atacar! Então, parece que é isso! Os monstros só me atacam se eu atacar primeiro! Matei o esqueleto, consegui até alguns ossos! Vamos ver se eu consigo domesticar aquele lobo, mesmo sendo Herobrine! Isso vai ser louco! Lobinho vem pra cá! Dois ossos também acho que não é o suficiente pra domesticar um lobo! Mesmo assim eu vou tentar! Pelo menos agradar o lobinho! Que tava furioso com a minha aparência! A aparência do Herobrine! O lobo ele tava bem aqui!",0.1678128838539123,0.7184800505638123,0.1137070730328559,NEU,0.6098029613494873,0.002142539480701,0.0317046195268631,0.0010620376560837,0.0332197472453117,0.3585683107376098,0.0026986636221408,0.3977292,Robin Hood Gamer,Minecraft,VIDA DE HEROBRINE POR 1 DIA NO MINECRAFT VIREI O FANTASMA MAIS FORTE [BF6BiOo6c3M],,GZ,GZ,GZ,"🎬 Canal: Robin Hood Gamer | 🎥 Vídeo: VIDA DE HEROBRINE POR 1 DIA NO MINECRAFT VIREI O FANTASMA MAIS FORTE [BF6BiOo6c3M]
⏱️ Segmento/Index: 8
🤖 Consenso de IA: GZ (Detoxify: 0.61 | Perspective: 0.398)
──────────────────────────────────────────────────
Fala transcrita:
""Vai lá, vai lá, ataca ele, ataca ele! Boa, boa! Unido somos mais fortes! Acabamos com o Golem! Tive a ajuda de alguns zumbis! O Creeper é uma criatura que eu detesto! Por conta das explosões que acaba destruindo as construções que a gente faz! Mas hoje eu sou amigo dele, como o Herobrine! Opa, nem tão amigo assim! Se eu ataco ele, ele vem e ataca de volta com a explosão! Tem mais alguns monstros ali na frente, tá bem escuro! Mesmo assim eu vou me aproximar pra ver se eles vão me atacar! Ó a montanha aranha aqui! Caraca! Ataquei a aranha e ela vem me atacar! Então, parece que é isso! Os monstros só me atacam se eu atacar primeiro! Matei o esqueleto, consegui até alguns ossos! Vamos ver se eu consigo domesticar aquele lobo, mesmo sendo Herobrine! Isso vai ser louco! Lobinho vem pra cá! Dois ossos também acho que não é o suficiente pra domesticar um lobo! Mesmo assim eu vou tentar! Pelo menos agradar o lobinho! Que tava furioso com a minha aparência! A aparência do Herobrine! O lobo ele tava bem aqui!""",Avaliador_A,Avaliador_D
2,não vai ser fácil não vai ser fácil olha seguinte vou contar até três e aí você pula beleza então aí eu pulo também temos por adjunto porque esse não já era então é um é dois é três e pula vai lá vamos lá e calma calma calma eu acho que eu pulei para um lado e você pulou para o outro lado pessoal ok ok já começamos mal não deu para descer a montanha então vai lá McFly vai lá isso vou deixar você na frente que se não não não não não tá realmente não funciona não funciona o que eu queria fazer pessoal tava com um plano aqui na cabeça mas vocês viram que não deu certo né ele acabou saindo e se distanciando então vamos ter que descer mesmo lado a lado não dá para pular não tá vai ter que ser alpinismo aqui agora vem exatamente nesse bloco que eu tô quando contar quando falar já desce então um dois três e já desce aqui desce aqui desce por pouco por pouco beleza o campo não nos matou então de novo desce ai calma para de me empurrar calma eu tô vivo a gente tá vivo estamos vivos estamos vivos beleza agora dá para ir descer um pouco mais normalmente ai ok tô vivo tô vivo cadê você McFly cadê você,0.4680778682231903,0.3688418269157409,0.1630802750587463,NEG,0.3171256482601166,0.0057738376781344,0.0539161898195743,0.0045665535144507,0.0407323613762855,0.0052268649451434,0.0048815985210239,0.28548008,JP Plays,Minecraft,NÃO PODE SE SEPARAR NO MINECRAFT  FIQUE JUNTO OU MORRA [7Stxw-K_RSo],,GZ,GZ,GZ,"🎬 Canal: JP Plays | 🎥 Vídeo: NÃO PODE SE SEPARAR NO MINECRAFT  FIQUE JUNTO OU MORRA [7Stxw-K_RSo]
⏱️ Segmento/Index: 2
🤖 Consenso de IA: GZ (Detoxify: 0.317 | Perspective: 0.285)
──────────────────────────────────────────────────
Fala transcrita:
""não vai ser fácil não vai ser fácil olha seguinte vou contar até três e aí você pula beleza então aí eu pulo também temos por adjunto porque esse não já era então é um é dois é três e pula vai lá vamos lá e calma calma calma eu acho que eu pulei para um lado e você pulou para o outro lado pessoal ok ok já começamos mal não deu para descer a montanha então vai lá McFly vai lá isso vou deixar você na frente que se não não não não não tá realmente não funciona não funciona o que eu queria fazer pessoal tava com um plano aqui na cabeça mas vocês viram que não deu certo né ele acabou saindo e se distanciando então vamos ter que descer mesmo lado a lado não dá para pular não tá vai ter que ser alpinismo aqui agora vem exatamente nesse bloco que eu tô quando contar quando falar já desce então um dois três e já desce aqui desce aqui desce por pouco por pouco beleza o campo não nos matou então de novo desce ai calma para de me empurrar calma eu tô vivo a gente tá vivo estamos vivos estamos vivos beleza agora dá para ir descer um pouco mais normalmente ai ok tô vivo tô vivo cadê você McFly cadê você""",Avaliador_A,Avaliador_D
1,"Vai começar, Davi! Pode correr, porque o tubarão aqui tá pronto, hein? Ai, então tá bom, né? Eu vou aqui pegar logo aqui o meu barco. Opa, eu não tenho cabelo, mas eu tenho uma touca de Natal. Se tem Robin Hood careca no vídeo, se tem Robin Hood tubarão, tem like, então deixa seu like, se inscreve no canal, ativa o sininho. Se você não deixar seu like, sabe o que vai acontecer? Você vai ficar careca. Já imaginou, Davi, todo mundo careca? Todos os inscritos carecas? Eu só sei que todos os inscritos iam brilhar, brilhar que a terra ia até esquentar e explodir. É, a careca é brilhante, hein? A minha careca no sol, ela brilha. Eu já tô vendo um barquinho aqui, eu não sei se é o do Davi, mas o meu grande objetivo aqui é devorar o Davi. Se eu conseguir matar o Davi, eu já me considero o campeão dessa rodada. É, eu já te achei, senhor Robin Hood carecão. Robin Hood carecão tubarão. E é fácil de você me encontrar, porque quando você é um humano, mostra onde tá o tubarão no mapa.",0.0514409877359867,0.8007960915565491,0.1477629095315933,NEU,0.3291725814342499,0.0012937444262206,0.0212536491453647,0.0020258268341422,0.0671274065971374,0.0382184199988842,0.0036580509040504,0.3308965,Robin Hood Gamer,Minecraft,MEU AMIGO VIROU UM TUBARÃO E ME DEVOROU NO ROBLOX SharkBite [UrHMejgx3XE],,GZ,GZ,GZ,"🎬 Canal: Robin Hood Gamer | 🎥 Vídeo: MEU AMIGO VIROU UM TUBARÃO E ME DEVOROU NO ROBLOX SharkBite [UrHMejgx3XE]
⏱️ Segmento/Index: 1
🤖 Consenso de IA: GZ (Detoxify: 0.329 | Perspective: 0.331)
──────────────────────────────────────────────────
Fala transcrita:
""Vai começar, Davi! Pode correr, porque o tubarão aqui tá pronto, hein? Ai, então tá bom, né? Eu vou aqui pegar logo aqui o meu barco. Opa, eu não tenho cabelo, mas eu tenho uma touca de Natal. Se tem Robin Hood careca no vídeo, se tem Robin Hood tubarão, tem like, então deixa seu like, se inscreve no canal, ativa o sininho. Se você não deixar seu like, sabe o que vai acontecer? Você vai ficar careca. Já imaginou, Davi, todo mundo careca? Todos os inscritos carecas? Eu só sei que todos os inscritos iam brilhar, brilhar que a terra ia até esquentar e explodir. É, a careca é brilhante, hein? A minha careca no sol, ela brilha. Eu já tô vendo um barquinho aqui, eu não sei se é o do Davi, mas o meu grande objetivo aqui é devorar o Davi. Se eu conseguir matar o Davi, eu já me considero o campeão dessa rodada. É, eu já te achei, senhor Robin Hood carecão. Robin Hood carecão tubarão. E é fácil de você me encontrar, porque quando você é um humano, mostra onde tá o tubarão no mapa.""",Avaliador_A,Avaliador_D
0,"Mas pelo menos eu achei a chave da cor amarela, vamos ver se você... AHHH! É você aqui? Sou. NÃO! Me solta sua maluada! Nossa! OU, oi pessoal, tudo bem? Hoje você aqui pra gravar mais series de Roblox e hoje tá a semana daqui de manhã! Olá pessoal, tudo bem? E hoje pessoal, nós estamos aqui para tentar sobreviver dos ratos. Isso mesmo! Será que a gente vai conseguir? Eu acho que sim! Tomara que sim pessoal, então bora vídeo, vaiam! Bora lá, escapando! Ju, eu sou o rato! Sou o rato? Sim, ai tão batendo em mim! Já peguei alguém pela boca! Mami, eu tô aqui com uma chave vermelha, então assim pessoal, a Mami é um rato, certo? E ela tem que fazer com que a gente não escape. Exatamente! E a gente tem que escapar, certo? Pegando suas chaves e abrindo portas, tem quatro portas. E eu tenho queijinho aqui pra comer e também tem umas ratoeiras que quem quer fugir precisa ativar pra prender o rato.",0.0754779651761055,0.8186496496200562,0.1058724299073219,NEU,0.5278798341751099,0.0015239351196214,0.0742201283574104,0.0016382688190788,0.1576172411441803,0.0089104231446981,0.0030199170578271,0.37751234,Julia MineGirl,Roblox,Roblox - A RATINHA MINEGIRL Rat Maze Survive  Escape [wxAyTBTqsHc],,GZ,GZ,GZ,"🎬 Canal: Julia MineGirl | 🎥 Vídeo: Roblox - A RATINHA MINEGIRL Rat Maze Survive  Escape [wxAyTBTqsHc]
⏱️ Segmento/Index: 0
🤖 Consenso de IA: GZ (Detoxify: 0.528 | Perspective: 0.378)
──────────────────────────────────────────────────
Fala transcrita:
""Mas pelo menos eu achei a chave da cor amarela, vamos ver se você... AHHH! É você aqui? Sou. NÃO! Me solta sua maluada! Nossa! OU, oi pessoal, tudo bem? Hoje você aqui pra gravar mais series de Roblox e hoje tá a semana daqui de manhã! Olá pessoal, tudo bem? E hoje pessoal, nós estamos aqui para tentar sobreviver dos ratos. Isso mesmo! Será que a gente vai conseguir? Eu acho que sim! Tomara que sim pessoal, então bora vídeo, vaiam! Bora lá, escapando! Ju, eu sou o rato! Sou o rato? Sim, ai tão batendo em mim! Já peguei alguém pela boca! Mami, eu tô aqui com uma chave vermelha, então assim pessoal, a Mami é um rato, certo? E ela tem que fazer com que a gente não escape. Exatamente! E a gente tem que escapar, certo? Pegando suas chaves e abrindo portas, tem quatro portas. E eu tenho queijinho aqui pra comer e também tem umas ratoeiras que quem quer fugir precisa ativar pra prender o rato.""",Avaliador_A,Avaliador_D
5,"Ô moça, então aperta minha barriga rapidinho pra você ver uma coisa? Ai, eu não sei se eu quero! Eu vou chacalhar você! Ai, você soltou pom! Ai, eu não quero mais ser babá não! Tá, deixa eu pegar o carrinho agora! Carrinho, apareça! Ai, eu não sei o que fazer! Vou jogar você no chão! Ai, você não sai do meu polo! Não, você não vai me soltar! Ai, soltei! Nada de choro, eu já vou pegar o carrinho! Ai, pra pegar o carrinho eu tenho que pegar você de novo, eu tô totalmente perdida! Agora foi! Saindo! Olha que lindo dia! Se você quiser você pode brincar aqui fora! Mas nada de pular na água, hein! Ah não, fica tranquila, vai dar tudo certo! Ai, eu espero que sim! Ai, eu tô... Não, sai daí!",0.187422826886177,0.552251935005188,0.2603252232074737,NEU,0.8230437636375427,0.0039160437881946,0.0488910786807537,0.0018679376225918,0.0443167723715305,0.3043495416641235,0.0173117406666278,0.44933176,Papile,Roblox,O PIOR BEBÊ DA CRECHE NO ROBLOX   Twilight Daycare  PAPILE HISTÓRIA ENGRAÇADA [Z1gSWlLr9xA],,T,T,T,"🎬 Canal: Papile | 🎥 Vídeo: O PIOR BEBÊ DA CRECHE NO ROBLOX   Twilight Daycare  PAPILE HISTÓRIA ENGRAÇADA [Z1gSWlLr9xA]
⏱️ Segmento/Index: 5
🤖 Consenso de IA: T (Detoxify: 0.823 | Perspective: 0.449)
──────────────────────────────────────────────────
Fala transcrita:
""Ô moça, então aperta minha barriga rapidinho pra você ver uma coisa? Ai, eu não sei se eu quero! Eu vou chacalhar você! Ai, você soltou pom! Ai, eu não quero mais ser babá não! Tá, deixa eu pegar o carrinho agora! Carrinho, apareça! Ai, eu não sei o que fazer! Vou jogar você no chão! Ai, você não sai do meu polo! Não, você não vai me soltar! Ai, soltei! Nada de choro, eu já vou pegar o carrinho! Ai, pra pegar o carrinho eu tenho que pegar você de novo, eu tô totalmente perdida! Agora foi! Saindo! Olha que lindo dia! Se você quiser você pode brincar aqui fora! Mas nada de pular na água, hein! Ah não, fica tranquila, vai dar tudo certo! Ai, eu espero que sim! Ai, eu tô... Não, sai daí!""",Avaliador_A,Avaliador_D
43,"Mas, Marcelo, vamos aproveitar que a gente já está aqui, vamos embora. Vamos embora, vamos embora. Sonic, então, você foi, né? E a gente? A gente não... A gente não voa. Marcelo, eu tenho um negócio aqui. Por que você tem... Que isso? Pega uma carona aí, Marcelo, vamos embora! Eduarda, eu vou de helicóptero. Me busca aqui, garota. Eu estou sozinho aqui, ó. Olha o Ender Dragon aí, galera, eu estou com medo dele. Chegamos, galera! Ah, ok. Que isso? O Hulk-Wug? O Hulk-Wug! Bate nele, Eduarda. Meu Deus, é Hulk-Wug aqui? Por que você tem Hulk-Wug aqui, gente? Tá pessoal, Eduarda? Eu não sabia que tinha Hulk-Wug aqui, né? Eduarda, vamos começar, então, que a gente tem que conseguir matar o Ender Dragon. O problema é que está cheio de Hulk-Wug, né? Então vamos fazer assim. Ô, Sonic, ajuda a gente! Explora... Que isso? Eduarda, me dá a minha bazuca, garota! Ah, tá, tá comigo. Toma. Ô, Sonic, ajuda a gente a quebrar os totens, por favor, do Ender Dragon. Vamos, vamos, vamos, vamos, Marcelo, vamos embora! Bora, bora, Eduarda, bora, bora, bora! Ele vai quebrar pra gente! Boa, boa, boa! Olha lá, vou tentar acertar o Ender Dragon! Ele acertou a minha cara! Vai isso, Sonic, quebra tudo!",0.1214283257722854,0.797906219959259,0.0806655287742614,NEU,0.2515773475170135,0.0040108608081936,0.0375942774116992,0.0027108364738523,0.0208254642784595,0.0101934308186173,0.0106066213920712,0.31825066,Marcelodrv,Minecraft,Minecraft MAS tudo que eu DESENHAR os MONSTROS vão me dar [8vd2gpnHnUI],,GZ,GZ,GZ,"🎬 Canal: Marcelodrv | 🎥 Vídeo: Minecraft MAS tudo que eu DESENHAR os MONSTROS vão me dar [8vd2gpnHnUI]
⏱️ Segmento/Index: 43
🤖 Consenso de IA: GZ (Detoxify: 0.252 | Perspective: 0.318)
──────────────────────────────────────────────────
Fala transcrita:
""Mas, Marcelo, vamos aproveitar que a gente já está aqui, vamos embora. Vamos embora, vamos embora. Sonic, então, você foi, né? E a gente? A gente não... A gente não voa. Marcelo, eu tenho um negócio aqui. Por que você tem... Que isso? Pega uma carona aí, Marcelo, vamos embora! Eduarda, eu vou de helicóptero. Me busca aqui, garota. Eu estou sozinho aqui, ó. Olha o Ender Dragon aí, galera, eu estou com medo dele. Chegamos, galera! Ah, ok. Que isso? O Hulk-Wug? O Hulk-Wug! Bate nele, Eduarda. Meu Deus, é Hulk-Wug aqui? Por que você tem Hulk-Wug aqui, gente? Tá pessoal, Eduarda? Eu não sabia que tinha Hulk-Wug aqui, né? Eduarda, vamos começar, então, que a gente tem que conseguir matar o Ender Dragon. O problema é que está cheio de Hulk-Wug, né? Então vamos fazer assim. Ô, Sonic, ajuda a gente! Explora... Que isso? Eduarda, me dá a minha bazuca, garota! Ah, tá, tá comigo. Toma. Ô, Sonic, ajuda a gente a quebrar os totens, por favor, do Ender Dragon. Vamos, vamos, vamos, vamos, Marcelo, vamos embora! Bora, bora, Eduarda, bora, bora, bora! Ele vai quebrar pra gente! Boa, boa, boa! Olha lá, vou tentar acertar o Ender Dragon! Ele acertou a minha cara! Vai isso, Sonic, quebra tudo!""",Avaliador_A,Avaliador_D
15,"Essa espada é muito boa! Espero que eu encontre logo a última Jóia do Poder! Só falta uma! Só falta uma! Que bom que meu mundo não fechou! Estava tendo um problema! Sempre que eu consegui evoluir, o meu mundo fechava sozinho e eu não conseguia recuperar! Isso parou de acontecer, mas em compensação surgiram monstros terríveis! Olha isso! Uma ovelha mutante! Consegui mais uma Jóia do Poder! Só falta mais uma! A última! E esse Aerobrine vai se ver comigo! Eu encontrei o Aerobrine com aquele monstro vermelho! E agora na casa eu encontrei eles novamente, só que eles estavam meio apagados! Como se fosse o espírito deles! Bem estranho! Vou voltar para casa! Vou ver se a área onde eu construí minha casa recebeu mais algum ataque! Porque isso está acontecendo o tempo todo! Primeiro foram os monstros de fogo! Depois esses demônios explosivos com fogo também!",0.0426436476409435,0.1411816477775573,0.8161746263504028,POS,0.4015569686889648,0.0011245431378483,0.0288711618632078,0.0011196379782631,0.0880218371748924,0.0678082406520843,0.0010110138682648,0.22043827,Robin Hood Gamer,Minecraft,HEROBRINE ESTÁ CONTROLANDO MONSTROS ASSUSTADORES - Minecraft Herobrine 58 [DU0WMq0GH3E],,GZ,GZ,GZ,"🎬 Canal: Robin Hood Gamer | 🎥 Vídeo: HEROBRINE ESTÁ CONTROLANDO MONSTROS ASSUSTADORES - Minecraft Herobrine 58 [DU0WMq0GH3E]
⏱️ Segmento/Index: 15
🤖 Consenso de IA: GZ (Detoxify: 0.402 | Perspective: 0.22)
──────────────────────────────────────────────────
Fala transcrita:
""Essa espada é muito boa! Espero que eu encontre logo a última Jóia do Poder! Só falta uma! Só falta uma! Que bom que meu mundo não fechou! Estava tendo um problema! Sempre que eu consegui evoluir, o meu mundo fechava sozinho e eu não conseguia recuperar! Isso parou de acontecer, mas em compensação surgiram monstros terríveis! Olha isso! Uma ovelha mutante! Consegui mais uma Jóia do Poder! Só falta mais uma! A última! E esse Aerobrine vai se ver comigo! Eu encontrei o Aerobrine com aquele monstro vermelho! E agora na casa eu encontrei eles novamente, só que eles estavam meio apagados! Como se fosse o espírito deles! Bem estranho! Vou voltar para casa! Vou ver se a área onde eu construí minha casa recebeu mais algum ataque! Porque isso está acontecendo o tempo todo! Primeiro foram os monstros de fogo! Depois esses demônios explosivos com fogo também!""",Avaliador_A,Avaliador_D
3,"Que cachorrinho bonitinho! Isso aqui é carne, isso aqui é... Ah! Ela era pra estar assustada. Quem é bom garoto? Quem é bom garoto? Não é ela que tá se assustando? Ela tá me dando carne. Bom garoto, não sou bom garoto. Eu vou bater nela. Ai, nossa, você é meio agressivo, né? Quem é bom garoto? Quem que é? Não, não. Não tá dando certo. Ela não tá com medo. Vem cá, você quer morar comigo? Vem cá. Olha só que legal que tem aqui dentro. Quero morar com ela. Eu vou embora. Vou trocar de monstro. Rápido, rápido. Troca de monstro. Cachorrinho... Meu cachorrinho foi embora. Eu vou voltar a dormir. Eu vou virar esse outro monstro aqui. É uma mulher com várias cabeças. Esse aqui não parece cachorrinho. Esse aqui eu acho que ela vai se assustar. Booo! Se assusta! Mãe, você tá meio estranha. O quê? Ela me chamou de mãe. Mãe, eu falei pra você parar e te ir pra que ir em um lugar demais de irritado. Vai tomar poção de cura, vai. Ah, ela não ficou com medo. Ela não ficou com medo. Isso não funciona.",0.1908918470144271,0.4210402965545654,0.3880679011344909,NEU,0.3986051976680755,0.0011496822116896,0.0167361088097095,0.0011451494647189,0.208713486790657,0.0187057480216026,0.0070927604101598,0.3974717,Athos,Minecraft,7 Jeitos de Assustar a WANDINHA no Minecraft [7Qe0tlojErA],,GZ,GZ,GZ,"🎬 Canal: Athos | 🎥 Vídeo: 7 Jeitos de Assustar a WANDINHA no Minecraft [7Qe0tlojErA]
⏱️ Segmento/Index: 3
🤖 Consenso de IA: GZ (Detoxify: 0.399 | Perspective: 0.397)
──────────────────────────────────────────────────
Fala transcrita:
""Que cachorrinho bonitinho! Isso aqui é carne, isso aqui é... Ah! Ela era pra estar assustada. Quem é bom garoto? Quem é bom garoto? Não é ela que tá se assustando? Ela tá me dando carne. Bom garoto, não sou bom garoto. Eu vou bater nela. Ai, nossa, você é meio agressivo, né? Quem é bom garoto? Quem que é? Não, não. Não tá dando certo. Ela não tá com medo. Vem cá, você quer morar comigo? Vem cá. Olha só que legal que tem aqui dentro. Quero morar com ela. Eu vou embora. Vou trocar de monstro. Rápido, rápido. Troca de monstro. Cachorrinho... Meu cachorrinho foi embora. Eu vou voltar a dormir. Eu vou virar esse outro monstro aqui. É uma mulher com várias cabeças. Esse aqui não parece cachorrinho. Esse aqui eu acho que ela vai se assustar. Booo! Se assusta! Mãe, você tá meio estranha. O quê? Ela me chamou de mãe. Mãe, eu falei pra você parar e te ir pra que ir em um lugar demais de irritado. Vai tomar poção de cura, vai. Ah, ela não ficou com medo. Ela não ficou com medo. Isso não funciona.""",Avaliador_A,Avaliador_D
3,"Mas como morri muito cedo, tomara que você morra também Hihihihihi Vamos pra próxima, por favor, Brasil Como eu realmente não posso perder ponto Dessa vez vai ser a safe da safe da safe A safe Nós caímos aqui, aparentemente não tinha inimigo, não tinha nada Estavamos tranquilo aqui, luteando O único inimigo que tinha pra mim era a Gretchen roubando o meu loot Mas até então tava tudo tranquilo, tudo de boa Depois de dar uma bela de uma luteada A Aninha foi lutear lá no boraró Ela foi lutear no sei aonde Acho que ela foi lutear no buraco E tinha um squad no buraco Aí eu falei, gente, vamos ajudar a Aninha, pelo amor de Deus O Niel tava vindo ajudar A Gretchen se fingiu de cega e muda, suuda Aí eu falei, Gretchen, tu não vai ficar pra trás, não Tu vai ajudar também, porque se eu morrer, tu vai morrer junto Eu tô indo aí te buscar, rapariga Entra aí na minha moto Então eu fui lá buscar ela Vem cá, rapariga, tu não vai ficar de fora, não, entra na moto aí",0.1811629980802536,0.5602847933769226,0.258552223443985,NEU,0.6652160882949829,0.0109995249658823,0.0521257035434246,0.0041272183880209,0.0438627824187278,0.0557567775249481,0.0060499017126858,0.37955463,Amy Scarlet,Roblox,Meu Squad é profissional VEJA A JOGABILIDADE [q32ldyf_s8w],,GZ,GZ,GZ,"🎬 Canal: Amy Scarlet | 🎥 Vídeo: Meu Squad é profissional VEJA A JOGABILIDADE [q32ldyf_s8w]
⏱️ Segmento/Index: 3
🤖 Consenso de IA: GZ (Detoxify: 0.665 | Perspective: 0.38)
──────────────────────────────────────────────────
Fala transcrita:
""Mas como morri muito cedo, tomara que você morra também Hihihihihi Vamos pra próxima, por favor, Brasil Como eu realmente não posso perder ponto Dessa vez vai ser a safe da safe da safe A safe Nós caímos aqui, aparentemente não tinha inimigo, não tinha nada Estavamos tranquilo aqui, luteando O único inimigo que tinha pra mim era a Gretchen roubando o meu loot Mas até então tava tudo tranquilo, tudo de boa Depois de dar uma bela de uma luteada A Aninha foi lutear lá no boraró Ela foi lutear no sei aonde Acho que ela foi lutear no buraco E tinha um squad no buraco Aí eu falei, gente, vamos ajudar a Aninha, pelo amor de Deus O Niel tava vindo ajudar A Gretchen se fingiu de cega e muda, suuda Aí eu falei, Gretchen, tu não vai ficar pra trás, não Tu vai ajudar também, porque se eu morrer, tu vai morrer junto Eu tô indo aí te buscar, rapariga Entra aí na minha moto Então eu fui lá buscar ela Vem cá, rapariga, tu não vai ficar de fora, não, entra na moto aí""",Avaliador_A,Avaliador_D
12,"ah não, eu não me mexi Eu não me mexi Buneca mentirosa, eu não me mexi Pior que você se mexeu, velho Ah não, não me mexi Caraca, nossa, isso é muito difícil, não dá tempo não Buneca ridícula, velho Buneca ridícula, eu não gosto dessa boneca Meu Deus O que faz perder tempo é porque ela demora muito tempo a virar É, vai, vai, vai, vai Não Mano, eu morri sempre no mesmo lugar, velho Ah não Vamos tentar, vamos tentar mais uma vez Caramba, vamos tentar no... A gente está vindo bem, a gente está vindo... não, vamos tentar de novo 40?",0.9809889197349548,0.012109201401472,0.0069018159992992,NEG,0.7805726528167725,0.0083585605025291,0.0474486052989959,0.0096475379541516,0.0622507110238075,0.0033889908809214,0.0092947240918874,0.3140926,Kass e KR,Minecraft,KASS e KR VS. ATAQUE da BONECA no Minecraft ROUND 6 [AMumBuB4ofQ],,GZ,GZ,GZ,"🎬 Canal: Kass e KR | 🎥 Vídeo: KASS e KR VS. ATAQUE da BONECA no Minecraft ROUND 6 [AMumBuB4ofQ]
⏱️ Segmento/Index: 12
🤖 Consenso de IA: GZ (Detoxify: 0.781 | Perspective: 0.314)
──────────────────────────────────────────────────
Fala transcrita:
""ah não, eu não me mexi Eu não me mexi Buneca mentirosa, eu não me mexi Pior que você se mexeu, velho Ah não, não me mexi Caraca, nossa, isso é muito difícil, não dá tempo não Buneca ridícula, velho Buneca ridícula, eu não gosto dessa boneca Meu Deus O que faz perder tempo é porque ela demora muito tempo a virar É, vai, vai, vai, vai Não Mano, eu morri sempre no mesmo lugar, velho Ah não Vamos tentar, vamos tentar mais uma vez Caramba, vamos tentar no... A gente está vindo bem, a gente está vindo... não, vamos tentar de novo 40?""",Avaliador_A,Avaliador_D
12,caiu na minha treta aí na que tinha um buraco ali era uma treta e se caiu nele cê caiu nele se foi ludibriado a gente calma relaxa relaxa é só só voltar só voltar tá bom volta aí vem vou te dar uns itens aqui beleza aqui cadê você brinéb estou na base liga o chefe o que você quer ver um liga boa aqui tem um pouquinho também o que é isso é aquela conquista lá que matam gaste é verdade tá to indo pra gente vem cá tomei tá eu tô preparando um negócio aqui que vai ser muito bom pra gente hoje está precisando daquela armadura top né é então exatamente que eu fui fazer o ligão são lado ou se são lado n,0.0800036415457725,0.5482663512229919,0.3717299997806549,NEU,0.9076501727104188,0.0085397474467754,0.0907056480646133,0.0053408741950988,0.0511225871741771,0.002867461182177,0.0804566815495491,0.54823303,Geleia,Minecraft,3 Caçadores vs Speedrunner sem mods no Minecraft [uIqBMdqVSX0],,T,T,T,"🎬 Canal: Geleia | 🎥 Vídeo: 3 Caçadores vs Speedrunner sem mods no Minecraft [uIqBMdqVSX0]
⏱️ Segmento/Index: 12
🤖 Consenso de IA: T (Detoxify: 0.908 | Perspective: 0.548)
──────────────────────────────────────────────────
Fala transcrita:
""caiu na minha treta aí na que tinha um buraco ali era uma treta e se caiu nele cê caiu nele se foi ludibriado a gente calma relaxa relaxa é só só voltar só voltar tá bom volta aí vem vou te dar uns itens aqui beleza aqui cadê você brinéb estou na base liga o chefe o que você quer ver um liga boa aqui tem um pouquinho também o que é isso é aquela conquista lá que matam gaste é verdade tá to indo pra gente vem cá tomei tá eu tô preparando um negócio aqui que vai ser muito bom pra gente hoje está precisando daquela armadura top né é então exatamente que eu fui fazer o ligão são lado ou se são lado n""",Avaliador_A,Avaliador_D
0,"Fala pessoal, tudo bem com vocês? Aqui é o Tex trazendo mais um vídeo no canal e hoje pessoal voltamos com nosso coelhinho maluco aqui o Pretty Odd Bunny. Vamos continuar então da onde a gente parou da última vez que foi... peraí, ilha do porquinho é isso né? Essa que a gente parou deve ter mais um mundo ainda depois desse. Vamos lá galera, ilha do porquinho então, deixa eu ver, é pra cá que eu tenho que ir ou o que? Coloca a máscara... Ah mas eu não posso pular com a máscara. Cara, o que eu tô fazendo? É pra cá ou não é? Parece que eu comecei numa fase que já é tipo assim no meio dela né? Tá, vamos pra cá então ó... Eu vou descendo pra aprender o caminho. Ah mas foi tão fácil assim essa fase? Que tem uma coisa errada nessa fase aqui viu?",0.0704675614833831,0.7986010909080505,0.1309313625097274,NEU,0.2064294219017028,0.0013623163104057,0.0340360812842845,0.0014960243133828,0.0463115684688091,0.0010841654147952,0.0022353054955601,0.35186127,Tex HS,Roblox,DOIS COELHOS MALUCOS A Pretty Odd Bunny  E9 [0iQIwF4uPog],,GZ,GZ,GZ,"🎬 Canal: Tex HS | 🎥 Vídeo: DOIS COELHOS MALUCOS A Pretty Odd Bunny  E9 [0iQIwF4uPog]
⏱️ Segmento/Index: 0
🤖 Consenso de IA: GZ (Detoxify: 0.206 | Perspective: 0.352)
──────────────────────────────────────────────────
Fala transcrita:
""Fala pessoal, tudo bem com vocês? Aqui é o Tex trazendo mais um vídeo no canal e hoje pessoal voltamos com nosso coelhinho maluco aqui o Pretty Odd Bunny. Vamos continuar então da onde a gente parou da última vez que foi... peraí, ilha do porquinho é isso né? Essa que a gente parou deve ter mais um mundo ainda depois desse. Vamos lá galera, ilha do porquinho então, deixa eu ver, é pra cá que eu tenho que ir ou o que? Coloca a máscara... Ah mas eu não posso pular com a máscara. Cara, o que eu tô fazendo? É pra cá ou não é? Parece que eu comecei numa fase que já é tipo assim no meio dela né? Tá, vamos pra cá então ó... Eu vou descendo pra aprender o caminho. Ah mas foi tão fácil assim essa fase? Que tem uma coisa errada nessa fase aqui viu?""",Avaliador_A,Avaliador_D
9,"Ai, pera aí que eu vou chorar, cara O Elvis foi embora Mano, eles levaram o Elvis Eles levaram o nosso escravo, TT Não, pera, escravo também não Era o nosso artista em tempos livres, né, Caue? Não era... Isso aqui não tinha comida, nem um trabalho digno Tá bom A gente andou matando alguns vampiros E aí, basicamente, eu consegui evoluir mais ainda os meus pontos de habilidade como caçador de monstros E aí, pessoal, uma das habilidades que eu tenho pra liberar é essa daqui, ó A de squeeze, velho Permite que você se esconda de mobs e também, mano, você fica invisível para outros players, cara Essa daqui TT O quê? Você ficou metade invisível O que quer dizer metade invisível? Eu não sei te dizer É tipo assim, sabe o fantasma minha camarada? É tipo isso Essa minha habilidade, ela diz que eu fico invisível tanto pra mobs quanto pra players então Então, cara, bora testar isso com monstros lá fora, né?",0.7746561169624329,0.1665539592504501,0.0587899275124073,NEG,0.3399010300636291,0.0052310596220195,0.0382782332599163,0.006309940945357,0.0418159030377864,0.0040593817830085,0.0151105476543307,0.3286776,AuthenticGames,Minecraft,MELHORES MOMENTOS VAMPIROS AUTHENTICGAMES  - Vampiro Vs Lobisomem [iSpMBSK5QXw],,GZ,GZ,GZ,"🎬 Canal: AuthenticGames | 🎥 Vídeo: MELHORES MOMENTOS VAMPIROS AUTHENTICGAMES  - Vampiro Vs Lobisomem [iSpMBSK5QXw]
⏱️ Segmento/Index: 9
🤖 Consenso de IA: GZ (Detoxify: 0.34 | Perspective: 0.329)
──────────────────────────────────────────────────
Fala transcrita:
""Ai, pera aí que eu vou chorar, cara O Elvis foi embora Mano, eles levaram o Elvis Eles levaram o nosso escravo, TT Não, pera, escravo também não Era o nosso artista em tempos livres, né, Caue? Não era... Isso aqui não tinha comida, nem um trabalho digno Tá bom A gente andou matando alguns vampiros E aí, basicamente, eu consegui evoluir mais ainda os meus pontos de habilidade como caçador de monstros E aí, pessoal, uma das habilidades que eu tenho pra liberar é essa daqui, ó A de squeeze, velho Permite que você se esconda de mobs e também, mano, você fica invisível para outros players, cara Essa daqui TT O quê? Você ficou metade invisível O que quer dizer metade invisível? Eu não sei te dizer É tipo assim, sabe o fantasma minha camarada? É tipo isso Essa minha habilidade, ela diz que eu fico invisível tanto pra mobs quanto pra players então Então, cara, bora testar isso com monstros lá fora, né?""",Avaliador_A,Avaliador_D
10,"Agora que o Cadris tá sem internet Vamos procurar por uma esquemática de dragão no Minecraft Nossa, a gente vai achar um dragão muito mais bonito que o dele Só abrir em imagens e eu quero Esse dragão é pago, esse aqui também Tem que ser um dragão grátis Ah, aqui é um dragão vermelho Olha, esse tá muito bonito Vamos baixar esse dragão então Agora que eu peguei aquele dragão, eu vou colar ele aqui O nome tá salvo como Dagrão Eu nem sabia escrever direito Vamos só esperar carregar e colar o dragão Pronto, colei Tá aí o nosso dragão E ele deve tá muito mais bonito que o do Cadris Até porque o Cadris não conseguiu fazer nada E ele caiu da partida Eu vou agora ligar a internet do Cadris E ele vai entrar de novo Liguei Vamos ver se funciona Entrou, entrou Ué, apareceu ali no chat de novo que eu entrei na partida Eu acho que eu tinha bugado e é como se eu tivesse caído Mas agora tá rodando tudo lisinho Eu vou conseguir colar minha esquemática Cadris, acabou o tempo O quê? Não, o quê acabou o tempo?",0.0169396083801984,0.0841845870018005,0.898875892162323,POS,0.0061157834716141,0.0079757310450077,0.0413694083690643,0.0070592374540865,0.0427215620875358,0.002490027109161,0.0019294545054435,0.15435068,Cadres,Minecraft,Trolei meu AMIGO com PIKACHU PRONTO na BATALHA DE CONSTRUÇÃO do MINECRAFT [XgtJEOSJDgs],,NT,NT,NT,"🎬 Canal: Cadres | 🎥 Vídeo: Trolei meu AMIGO com PIKACHU PRONTO na BATALHA DE CONSTRUÇÃO do MINECRAFT [XgtJEOSJDgs]
⏱️ Segmento/Index: 10
🤖 Consenso de IA: NT (Detoxify: 0.006 | Perspective: 0.154)
──────────────────────────────────────────────────
Fala transcrita:
""Agora que o Cadris tá sem internet Vamos procurar por uma esquemática de dragão no Minecraft Nossa, a gente vai achar um dragão muito mais bonito que o dele Só abrir em imagens e eu quero Esse dragão é pago, esse aqui também Tem que ser um dragão grátis Ah, aqui é um dragão vermelho Olha, esse tá muito bonito Vamos baixar esse dragão então Agora que eu peguei aquele dragão, eu vou colar ele aqui O nome tá salvo como Dagrão Eu nem sabia escrever direito Vamos só esperar carregar e colar o dragão Pronto, colei Tá aí o nosso dragão E ele deve tá muito mais bonito que o do Cadris Até porque o Cadris não conseguiu fazer nada E ele caiu da partida Eu vou agora ligar a internet do Cadris E ele vai entrar de novo Liguei Vamos ver se funciona Entrou, entrou Ué, apareceu ali no chat de novo que eu entrei na partida Eu acho que eu tinha bugado e é como se eu tivesse caído Mas agora tá rodando tudo lisinho Eu vou conseguir colar minha esquemática Cadris, acabou o tempo O quê? Não, o quê acabou o tempo?""",Avaliador_A,Avaliador_D
12,"Não, injusto, injusto Justo nada, tem que usar o que te quer Vamos lá, galera, vamos lá, galera Olha ele aqui, ai mano, pra bom, meu Sai, tropa, sai, não, sai Galera, narra pra nós, galera Nós saímos, aqui caiu Vai ter que ter outro aí, vai ter que ter outro aí Galera, vamos fazer outro aqui, a internet caiu aqui, olha Deus não achou justo, eu acho Foi verdade, Deus disse não, isso tá muito injusto Aí derrubou nossa internet, velho Ei, Eric, tava certo Nossa vitória, mano Nós ganhamos aqui, viu Vamos lá, galera, última chance Ele ganhou aquela lá, mas isso não significa que nós vamos ganhar essa aqui Não deixamos pra dar...",0.7302096486091614,0.2334180027246475,0.0363723710179328,NEG,0.0052439533174037,0.001372639206238,0.0206993445754051,0.0012941985623911,0.0137459523975849,0.0008756220340728,0.0010228378232568,0.008105109,meu nome é david,Roblox,TODO MUNDO CONTRA O  ERIK CARR NA PARTIDA DO STUMBLE GUYS [QpMtBEqyVpM],,NT,NT,NT,"🎬 Canal: meu nome é david | 🎥 Vídeo: TODO MUNDO CONTRA O  ERIK CARR NA PARTIDA DO STUMBLE GUYS [QpMtBEqyVpM]
⏱️ Segmento/Index: 12
🤖 Consenso de IA: NT (Detoxify: 0.005 | Perspective: 0.008)
──────────────────────────────────────────────────
Fala transcrita:
""Não, injusto, injusto Justo nada, tem que usar o que te quer Vamos lá, galera, vamos lá, galera Olha ele aqui, ai mano, pra bom, meu Sai, tropa, sai, não, sai Galera, narra pra nós, galera Nós saímos, aqui caiu Vai ter que ter outro aí, vai ter que ter outro aí Galera, vamos fazer outro aqui, a internet caiu aqui, olha Deus não achou justo, eu acho Foi verdade, Deus disse não, isso tá muito injusto Aí derrubou nossa internet, velho Ei, Eric, tava certo Nossa vitória, mano Nós ganhamos aqui, viu Vamos lá, galera, última chance Ele ganhou aquela lá, mas isso não significa que nós vamos ganhar essa aqui Não deixamos pra dar...""",Avaliador_A,Avaliador_D
5,"Ah, temos visitantes! Eu tô vendo eles ali! Pera, pera, pera! Olha só que legal, Iagão! Eu ganhei esse machado aqui do nosso chefe! Nossa, vira um... É, que ele tem uma propriedade diferente galera! Quando eu quebro qualquer madeira com esse bloco, olha só com esse machado, olha o que ele faz! Ele quebra todas as madeiras de uma vez! Eu fiquei sabendo que o tiozão lá da fazenda falou de plantar uma maçã, uma macieira! Então vamos dar uma olhada lá na fazenda pra ver como a gente pode trollar eles! Eu já tô até tomando aqui minha porção de visibilidade! Vou tomar a porção também! Bora mano! Vamos lá rapazes! Pocão, vamos passando aqui do lado! Vamos chegar perto aqui! Ó, eu tô vendo o Nick dos três ali do lado, hein! Calma, vamos passando devagar pra gente ver o que eles estão fazendo, família! Pessoal, ó! Os três estão ali, ó! Ó, tô vendo! Parece que agora eles pegaram uma macieira e estão também levando um bonimil, Poc! Pra fazer alguma coisa! Olha, vocês estão escondidos, hein? Os dois? Tô vendo, tô vendo!",0.0704288110136985,0.8311096429824829,0.0984615832567215,NEU,0.0266784578561782,0.0003699796798173,0.0078534102067351,0.0002852156758308,0.0104460129514336,0.001895256107673,0.0014509346801787,0.11192002,AuthenticGames,Minecraft,NOVA SÉRIE TROLLAMOS a FAZENDA dos NOSSOS AMIGOS no MINECRAFT - Minecraft Troll EP.01 [jgNPW2fuyQE],,NT,NT,NT,"🎬 Canal: AuthenticGames | 🎥 Vídeo: NOVA SÉRIE TROLLAMOS a FAZENDA dos NOSSOS AMIGOS no MINECRAFT - Minecraft Troll EP.01 [jgNPW2fuyQE]
⏱️ Segmento/Index: 5
🤖 Consenso de IA: NT (Detoxify: 0.027 | Perspective: 0.112)
──────────────────────────────────────────────────
Fala transcrita:
""Ah, temos visitantes! Eu tô vendo eles ali! Pera, pera, pera! Olha só que legal, Iagão! Eu ganhei esse machado aqui do nosso chefe! Nossa, vira um... É, que ele tem uma propriedade diferente galera! Quando eu quebro qualquer madeira com esse bloco, olha só com esse machado, olha o que ele faz! Ele quebra todas as madeiras de uma vez! Eu fiquei sabendo que o tiozão lá da fazenda falou de plantar uma maçã, uma macieira! Então vamos dar uma olhada lá na fazenda pra ver como a gente pode trollar eles! Eu já tô até tomando aqui minha porção de visibilidade! Vou tomar a porção também! Bora mano! Vamos lá rapazes! Pocão, vamos passando aqui do lado! Vamos chegar perto aqui! Ó, eu tô vendo o Nick dos três ali do lado, hein! Calma, vamos passando devagar pra gente ver o que eles estão fazendo, família! Pessoal, ó! Os três estão ali, ó! Ó, tô vendo! Parece que agora eles pegaram uma macieira e estão também levando um bonimil, Poc! Pra fazer alguma coisa! Olha, vocês estão escondidos, hein? Os dois? Tô vendo, tô vendo!""",Avaliador_A,Avaliador_D
3,"Eu tô caindo! NÃO! Eu falei pra você que você vai cair pro mundo normal agora! Não, não, não! Eu não vou, não vou! Eu vou tentar me ressa... NÃO! Nossa, eu caí em cima de uma nuvem! Pra cá, mano! Coen, eu tô pegando nuvens, velho! Mas como assim? Mas você não cai no mundo normal? Não, eu caí... Antes de cair no mundo normal, eu caí nesse mundo aqui, que eu tô agora, velho! Eu tô chegando aí, pra te ajudar! Tô chegando, fraco! Olha, Coen, tem várias nuvens de várias cores, velho! Pera, ó! Eu vou caindinho aqui, galera! Pera aí, vamos com o coelhinho... Ó, o que que é essa nuvem? Mano... NÃO! Nossa, ela joga! Caraca! Coen, a nuvem verde joga! Meu Deus, vou largar o coelho! Ah, meu Deus do céu! Eu ia te falar exatamente isso, tá? Algumas nuvens, elas jogam pro lado ou pra cima! Eu acho que agora a gente descobriu que a verde joga pro lado! Eu vou aproveitar o seguinte, galera! Eu vou deixar todos os itens que são do mundo normal, ou seja, né? Do Minecraft tradicional... Entra aqui do baú e vou jogar agora somente com as coisas desse mundo! Até a minha espada tá ficando pra trás, coelhinho! Porque aqui é sobrevivência nova!",0.4892515838146209,0.454133540391922,0.0566148683428764,NEG,0.2750162482261657,0.0064260442741215,0.0526895485818386,0.0042381705716252,0.0354874730110168,0.0062761954031884,0.0058724605478346,0.26859093,AuthenticGames,Minecraft,NOVOS ANIMAIS DA DIMENSÃO DO CÉU  - Minecraft Anjos 2 [n27IzqoScTQ],,GZ,GZ,GZ,"🎬 Canal: AuthenticGames | 🎥 Vídeo: NOVOS ANIMAIS DA DIMENSÃO DO CÉU  - Minecraft Anjos 2 [n27IzqoScTQ]
⏱️ Segmento/Index: 3
🤖 Consenso de IA: GZ (Detoxify: 0.275 | Perspective: 0.269)
──────────────────────────────────────────────────
Fala transcrita:
""Eu tô caindo! NÃO! Eu falei pra você que você vai cair pro mundo normal agora! Não, não, não! Eu não vou, não vou! Eu vou tentar me ressa... NÃO! Nossa, eu caí em cima de uma nuvem! Pra cá, mano! Coen, eu tô pegando nuvens, velho! Mas como assim? Mas você não cai no mundo normal? Não, eu caí... Antes de cair no mundo normal, eu caí nesse mundo aqui, que eu tô agora, velho! Eu tô chegando aí, pra te ajudar! Tô chegando, fraco! Olha, Coen, tem várias nuvens de várias cores, velho! Pera, ó! Eu vou caindinho aqui, galera! Pera aí, vamos com o coelhinho... Ó, o que que é essa nuvem? Mano... NÃO! Nossa, ela joga! Caraca! Coen, a nuvem verde joga! Meu Deus, vou largar o coelho! Ah, meu Deus do céu! Eu ia te falar exatamente isso, tá? Algumas nuvens, elas jogam pro lado ou pra cima! Eu acho que agora a gente descobriu que a verde joga pro lado! Eu vou aproveitar o seguinte, galera! Eu vou deixar todos os itens que são do mundo normal, ou seja, né? Do Minecraft tradicional... Entra aqui do baú e vou jogar agora somente com as coisas desse mundo! Até a minha espada tá ficando pra trás, coelhinho! Porque aqui é sobrevivência nova!""",Avaliador_A,Avaliador_D
7,"Mas o nosso irmão ta doido O que será que aconteceu, mami? Não sei, Lucas, será que ele jogou muito esse jogo? E ele ta preso aqui agora? Isso é Peck Peck, é você? Eu deveria segui-lo Eu acho que ele é um youtuber E ficou aqui Que isso gente, ele vai me pegar? Ele vai me pegar? Me pegou, mami O que é isso, Lucas? Ele ta comendo Filha, volta Ele tem a cabeça atrás O que é pra fazer, Lucas? Mami, aqui você tem que encontrar uma chave Enquanto você foge dele É isso, mami? Meu Deus, ele fica xingando Parece que é estúpido Dumb, pior não ser feio Nossa, você é?",0.1592167615890503,0.8113458156585693,0.0294374041259288,NEU,0.9424899220466614,0.009498082101345,0.0625716298818588,0.0084222666919231,0.0732223913073539,0.0037235957570374,0.0141183920204639,0.42349213,Luluca Games,Roblox,Roblox - ESCAPAMOS DA MENTE DO BONECO PACKSTABBER Mind of Packstabber Obby  Luluca Games [zWMUXcVGGsc],0.1592165976762771,T,T,T,"🎬 Canal: Luluca Games | 🎥 Vídeo: Roblox - ESCAPAMOS DA MENTE DO BONECO PACKSTABBER Mind of Packstabber Obby  Luluca Games [zWMUXcVGGsc]
⏱️ Segmento/Index: 7
🤖 Consenso de IA: T (Detoxify: 0.942 | Perspective: 0.423)
──────────────────────────────────────────────────
Fala transcrita:
""Mas o nosso irmão ta doido O que será que aconteceu, mami? Não sei, Lucas, será que ele jogou muito esse jogo? E ele ta preso aqui agora? Isso é Peck Peck, é você? Eu deveria segui-lo Eu acho que ele é um youtuber E ficou aqui Que isso gente, ele vai me pegar? Ele vai me pegar? Me pegou, mami O que é isso, Lucas? Ele ta comendo Filha, volta Ele tem a cabeça atrás O que é pra fazer, Lucas? Mami, aqui você tem que encontrar uma chave Enquanto você foge dele É isso, mami? Meu Deus, ele fica xingando Parece que é estúpido Dumb, pior não ser feio Nossa, você é?""",Avaliador_A,Avaliador_D
12,"Vocês estão jogando um dinossauro ali? Devagar, devagar, devagar! Tem que ir bem devagar. Isso, mais um pouco. Tá rápido! Mais um pouco. Tem que ir devagar! Isso, mais um pouco. Mais, mais, mais, mais, mais, mais devagar! Pronto, agora não vai cair. Tá quebrando! Não tá quebrando não, Amandinha, para de fazer medo. Tá sim! É, conseguimos! Viu? Aí! Agora não vai mais quebrar, a gente vai conseguir chegar no final. É, o trem é intacto. Eu acho que não pode ficar muito rápido também lá na chegada, viu? Porque senão vai quebrar. Será que vai? Tá balançando! Não, eu vou ir com toda a velocidade no final. Não! Eu vou! Tá balançando! Tá balançando, gente, segura! Vai cair! Vai cair! Passo, não! Não vai cair, não. Eu vou rápido porque eu gosto de rápido. Vai cair, vai cair, vai cair, vai cair! Não, Sofia, ele é forte!",0.8706826567649841,0.1035110130906105,0.0258062649518251,NEG,0.0303709506988525,0.0004453654692042,0.0082641616463661,0.0002412631583865,0.0039523425512015,0.0089367302134633,0.0019405189668759,0.19219314,Lokis,Roblox,BURACO DE AREIA MOVEDIÇA  Roblox - Fall into Quicksand [IR1qt9ECV1s],,NT,NT,NT,"🎬 Canal: Lokis | 🎥 Vídeo: BURACO DE AREIA MOVEDIÇA  Roblox - Fall into Quicksand [IR1qt9ECV1s]
⏱️ Segmento/Index: 12
🤖 Consenso de IA: NT (Detoxify: 0.03 | Perspective: 0.192)
──────────────────────────────────────────────────
Fala transcrita:
""Vocês estão jogando um dinossauro ali? Devagar, devagar, devagar! Tem que ir bem devagar. Isso, mais um pouco. Tá rápido! Mais um pouco. Tem que ir devagar! Isso, mais um pouco. Mais, mais, mais, mais, mais, mais devagar! Pronto, agora não vai cair. Tá quebrando! Não tá quebrando não, Amandinha, para de fazer medo. Tá sim! É, conseguimos! Viu? Aí! Agora não vai mais quebrar, a gente vai conseguir chegar no final. É, o trem é intacto. Eu acho que não pode ficar muito rápido também lá na chegada, viu? Porque senão vai quebrar. Será que vai? Tá balançando! Não, eu vou ir com toda a velocidade no final. Não! Eu vou! Tá balançando! Tá balançando, gente, segura! Vai cair! Vai cair! Passo, não! Não vai cair, não. Eu vou rápido porque eu gosto de rápido. Vai cair, vai cair, vai cair, vai cair! Não, Sofia, ele é forte!""",Avaliador_A,Avaliador_D
0,"Hoje a gente tem que construir um labirinto. Eu sou o senhor banana, eu quero que vocês façam labirinto, mas primeiro um labirinto bem simples, mas o que ficar melhor ganha e eu que decido. Pode deixar senhor banana, a gente vai fazer um labirinto bem simples e bem bonito, e é claro que eu vou ganhar, tchau. Não, vai ganhar, quero ver só então, peraí senhor banana, já volto. É, calma que eu esqueci de fechar a porta, agora sim, tchau. Como a gente tem que começar com um labirinto simples galera, eu vou começar fazendo com um bloco de ouro. Então eu vou subir apenas uma estrutura aqui, eu acho que aqui vai ser o começo do labirinto. Já sei o que eu vou fazer, vou pegar uma cerquinha aqui, vou fazer isso aqui e essa cerquinha vai indicar o início do labirinto, então o início ele é aqui, beleza? E eu vou fazer esse labirinto de ouro mano, então eu já vou fazer a passagem certa aqui. Então vou começar fazendo uma coisa doida assim, bem enroscada, mas também não pode ser muito grande né galera, que o primeiro labirinto é bem tranquilo. Então eu acho que essa aqui vai ser a saída e beleza.",0.0615694299340248,0.5081639289855957,0.4302666187286377,NEU,0.0052056848071515,0.0052127344533801,0.0402316451072692,0.0052702957764267,0.0363437533378601,0.0028443604242056,0.0014840128133073,0.18744208,Kass e KR,Minecraft,LABIRINTO de R1 vs LABIRINTO de R1.000.00000 no minecraft [PB1ZqATaxmc],,NT,NT,NT,"🎬 Canal: Kass e KR | 🎥 Vídeo: LABIRINTO de R1 vs LABIRINTO de R1.000.00000 no minecraft [PB1ZqATaxmc]
⏱️ Segmento/Index: 0
🤖 Consenso de IA: NT (Detoxify: 0.005 | Perspective: 0.187)
──────────────────────────────────────────────────
Fala transcrita:
""Hoje a gente tem que construir um labirinto. Eu sou o senhor banana, eu quero que vocês façam labirinto, mas primeiro um labirinto bem simples, mas o que ficar melhor ganha e eu que decido. Pode deixar senhor banana, a gente vai fazer um labirinto bem simples e bem bonito, e é claro que eu vou ganhar, tchau. Não, vai ganhar, quero ver só então, peraí senhor banana, já volto. É, calma que eu esqueci de fechar a porta, agora sim, tchau. Como a gente tem que começar com um labirinto simples galera, eu vou começar fazendo com um bloco de ouro. Então eu vou subir apenas uma estrutura aqui, eu acho que aqui vai ser o começo do labirinto. Já sei o que eu vou fazer, vou pegar uma cerquinha aqui, vou fazer isso aqui e essa cerquinha vai indicar o início do labirinto, então o início ele é aqui, beleza? E eu vou fazer esse labirinto de ouro mano, então eu já vou fazer a passagem certa aqui. Então vou começar fazendo uma coisa doida assim, bem enroscada, mas também não pode ser muito grande né galera, que o primeiro labirinto é bem tranquilo. Então eu acho que essa aqui vai ser a saída e beleza.""",Avaliador_A,Avaliador_D
14,"Porque todo mundo tá com a molinha, né? Tá com a molinha! Eu não tava! A mantinha, agora você aperta a parede! Tá bom! Olha! Agora eu acho que é uma florestinha! Uma florestinha! Olha, dá pra subir! Será que a gente consegue chegar no topo da florestinha com as nuvens? Eu acho que sim! Eu tô subindo a florestinha! 1, 2, 3, 4, 5... Cheguei! Cheguei na florestinha! Loquinho, Loquinho, Loquinho, campeão! Agora eu acho que eu vou... Gente, Tsunami! Tsunami! Sobe, sobe, sobe! Vai rápido! Sobe, sobe, sobe, sobe! Sobe, sobe, sobe, sobe! Sobe, sobe, sobe, sobe! Eu quero ficar na outra! Na outra? Amantinha, que que você vai fazer, Amantinha? Aperta! Quem mandou você fazer essa maldita, Amantinha? Você não viu que tinha um Tsunami do tamanho do mundo chegando, Amantinha?",0.0542103350162506,0.8440735340118408,0.1017160788178443,NEU,0.5829259753227234,0.0021273728925734,0.3329017758369446,0.0012143556959927,0.0451033078134059,0.0030629932880401,0.0030589811503887,0.20839658,Lokis,Roblox,CABEÇÃO AMARELINHO  Roblox [LGC0YFJjUy8],,GZ,GZ,GZ,"🎬 Canal: Lokis | 🎥 Vídeo: CABEÇÃO AMARELINHO  Roblox [LGC0YFJjUy8]
⏱️ Segmento/Index: 14
🤖 Consenso de IA: GZ (Detoxify: 0.583 | Perspective: 0.208)
──────────────────────────────────────────────────
Fala transcrita:
""Porque todo mundo tá com a molinha, né? Tá com a molinha! Eu não tava! A mantinha, agora você aperta a parede! Tá bom! Olha! Agora eu acho que é uma florestinha! Uma florestinha! Olha, dá pra subir! Será que a gente consegue chegar no topo da florestinha com as nuvens? Eu acho que sim! Eu tô subindo a florestinha! 1, 2, 3, 4, 5... Cheguei! Cheguei na florestinha! Loquinho, Loquinho, Loquinho, campeão! Agora eu acho que eu vou... Gente, Tsunami! Tsunami! Sobe, sobe, sobe! Vai rápido! Sobe, sobe, sobe, sobe! Sobe, sobe, sobe, sobe! Sobe, sobe, sobe, sobe! Eu quero ficar na outra! Na outra? Amantinha, que que você vai fazer, Amantinha? Aperta! Quem mandou você fazer essa maldita, Amantinha? Você não viu que tinha um Tsunami do tamanho do mundo chegando, Amantinha?""",Avaliador_A,Avaliador_D
5,"Como o terror... Pera aí. O Nub errou um pulo de um bloco, esse bloco ele veio. Ele errou isso. Nossa... Não, pô, é o leg, é o leg. Pera aí, deixa eu fazer uma baliza aqui, pera aí. Ué, como é que nem saiu do bot? A graminha alta. Nossa, mano, essa graminha tá acabando com tudo. Eita, gente, vocês viram que eu pisei na grama? Eita, eu tô de hack. Não, tá tudo longe, tá voltando aí. Mano, eu pisei na grama aqui, véi. Só que tipo assim, só na quilinha, mas eu pisei. Deixa eu ver se eu consigo ficar na quilinha da grama então. Tá, tenta aí. Zumbi, zumbi, zumbi, zumbi. Nossa, eu esqueci que eu não posso pisar na grama. Eu esqueci, velho. Vem cá pra caverninha, olha o que tá acontecendo aqui, véi. Eu tô lutando com o zumbi, calma aí. Mano, eu tô literalmente em cima da grama, véi. Ele tá lutando com o irmão dele, o zumbizinho. Ah, não. Ai, ai.",0.6502140164375305,0.3201394379138946,0.0296465251594781,NEG,0.2166660577058792,0.0012479786528274,0.0248396098613739,0.0018684194656088,0.0547195933759212,0.009444891475141,0.005093574989587,0.38601747,Geleia,Minecraft,minecraft mas você NÃO PODE TOCAR NA GRAMA [c0gmy8glSjs],,GZ,GZ,GZ,"🎬 Canal: Geleia | 🎥 Vídeo: minecraft mas você NÃO PODE TOCAR NA GRAMA [c0gmy8glSjs]
⏱️ Segmento/Index: 5
🤖 Consenso de IA: GZ (Detoxify: 0.217 | Perspective: 0.386)
──────────────────────────────────────────────────
Fala transcrita:
""Como o terror... Pera aí. O Nub errou um pulo de um bloco, esse bloco ele veio. Ele errou isso. Nossa... Não, pô, é o leg, é o leg. Pera aí, deixa eu fazer uma baliza aqui, pera aí. Ué, como é que nem saiu do bot? A graminha alta. Nossa, mano, essa graminha tá acabando com tudo. Eita, gente, vocês viram que eu pisei na grama? Eita, eu tô de hack. Não, tá tudo longe, tá voltando aí. Mano, eu pisei na grama aqui, véi. Só que tipo assim, só na quilinha, mas eu pisei. Deixa eu ver se eu consigo ficar na quilinha da grama então. Tá, tenta aí. Zumbi, zumbi, zumbi, zumbi. Nossa, eu esqueci que eu não posso pisar na grama. Eu esqueci, velho. Vem cá pra caverninha, olha o que tá acontecendo aqui, véi. Eu tô lutando com o zumbi, calma aí. Mano, eu tô literalmente em cima da grama, véi. Ele tá lutando com o irmão dele, o zumbizinho. Ah, não. Ai, ai.""",Avaliador_A,Avaliador_D
1,"E, galera, meu objetivo é chegarmos ali em cima juntos pra conseguirmos levar o nosso guarda que tá lá na base ali pra cima, velho, porque não tem como, galera. Ele tá atrapalhando o churrasco, atrapalhando a nossa Xepa, filho. Tem como nada acontecer mais, né, Imarô? Ó, pessoal, o que a gente vai precisar é de um pouco de bloco pra tentar chegar lá no topo daquela ilha, porque eu quero muito, família, ver o que tem ali em cima. Lembrando, se vocês estão gostando da nossa série de Minecraft temporada de caça, cara, não se esquece de deixar um joinha nesse vídeo, de se inscrever aqui no canal. Tamo mano, Authentic Games, que ajuda muito a nossa família a continuar crescendo a cada dia mais, né, Iagão? Nossa, que susto! Ajuda muita família, então vamos lá. O que aconteceu? Eu peguei bloco aqui, ó, tá pegando uns bloquinhos aqui. Imarô, você vai ficar aí embaixo fazendo churrasco, filho? Ah, filho, você quer que eu vá junto? Você quer que eu leve meus treinos lá pra cima? Imarô, velho, você já sabe a resposta, né, velho, ó. Eu vou subindo aqui, galera, deixa eu aproveitar que, ó, jogar o nosso grappling hook aqui em cima. Opa, opa, opa, mano.",0.2754141986370086,0.6419560313224792,0.0826297923922538,NEU,0.0371278449892997,0.0013267309404909,0.0165266580879688,0.0011940286494791,0.0178443845361471,0.0016126796836033,0.0040429667569696,0.1460314,AuthenticGames,Minecraft,CASA DO GUARDIAN NO MINECRAFT - Minecraft Temporada de Caça EP.09 [HTa3xiNN03E],,NT,NT,NT,"🎬 Canal: AuthenticGames | 🎥 Vídeo: CASA DO GUARDIAN NO MINECRAFT - Minecraft Temporada de Caça EP.09 [HTa3xiNN03E]
⏱️ Segmento/Index: 1
🤖 Consenso de IA: NT (Detoxify: 0.037 | Perspective: 0.146)
──────────────────────────────────────────────────
Fala transcrita:
""E, galera, meu objetivo é chegarmos ali em cima juntos pra conseguirmos levar o nosso guarda que tá lá na base ali pra cima, velho, porque não tem como, galera. Ele tá atrapalhando o churrasco, atrapalhando a nossa Xepa, filho. Tem como nada acontecer mais, né, Imarô? Ó, pessoal, o que a gente vai precisar é de um pouco de bloco pra tentar chegar lá no topo daquela ilha, porque eu quero muito, família, ver o que tem ali em cima. Lembrando, se vocês estão gostando da nossa série de Minecraft temporada de caça, cara, não se esquece de deixar um joinha nesse vídeo, de se inscrever aqui no canal. Tamo mano, Authentic Games, que ajuda muito a nossa família a continuar crescendo a cada dia mais, né, Iagão? Nossa, que susto! Ajuda muita família, então vamos lá. O que aconteceu? Eu peguei bloco aqui, ó, tá pegando uns bloquinhos aqui. Imarô, você vai ficar aí embaixo fazendo churrasco, filho? Ah, filho, você quer que eu vá junto? Você quer que eu leve meus treinos lá pra cima? Imarô, velho, você já sabe a resposta, né, velho, ó. Eu vou subindo aqui, galera, deixa eu aproveitar que, ó, jogar o nosso grappling hook aqui em cima. Opa, opa, opa, mano.""",Avaliador_A,Avaliador_D
1,"Então, vamos embora aqui, a gente tem que pegar bastante madeira aqui, aí a gente constrói umas pontes e algumas coisas assim, entendeu? Pra gente sobreviver, é só isso. Ah, tá bom, é simples. Tá bom não, daqui a pouco vocês vão ver só. Parece fácil. Só parece mesmo, não, ela é bem difícil, viu? Mas é melhor a gente pegar a pedra então, porque a madeira vai queimar, não é? Não, mas eu tirei o firetick, é porque se botar o firetick o firetick... Ah, boa. Trava muito, entendeu? E aí vai ficar muito... É, porque vai pegar uma... E aí ela já tá aqui, mano! Nossa, mas ela já tá aqui em cima! O que? A lava já está aqui em cima! Não, é porque você desceu muito! Não, não, não, é aqui em cima mesmo! Aonde? Aqui em cima e aqui embaixo mesmo. Mano, mas cadê a lava que eu não tô vendo? Eu também não, acho que tá mentindo pra mim. Ah, vocês já vão ver... Vocês já acham que eu tô mentindo? Tá bom, já espera aí então, vocês vão ver... Já, já, eu vou sair daqui... Ah, já vou morrer, já vou morrer! Não, não, não, não, não! Eu não posso morrer, eu não posso morrer!",0.4548926651477813,0.4928657114505768,0.0522417016327381,NEU,0.2678537368774414,0.0026696065906435,0.0465605445206165,0.000714911147952,0.0165883228182792,0.0170914605259895,0.0026158541440963,0.20973456,Kass e KR,Minecraft,A LAVA SOBE A CADA 15 SEGUNDOS NO MINECRAFT Part. MultiGirlBr  N0ylan [p3Xw2OlpJl8],,GZ,GZ,GZ,"🎬 Canal: Kass e KR | 🎥 Vídeo: A LAVA SOBE A CADA 15 SEGUNDOS NO MINECRAFT Part. MultiGirlBr  N0ylan [p3Xw2OlpJl8]
⏱️ Segmento/Index: 1
🤖 Consenso de IA: GZ (Detoxify: 0.268 | Perspective: 0.21)
──────────────────────────────────────────────────
Fala transcrita:
""Então, vamos embora aqui, a gente tem que pegar bastante madeira aqui, aí a gente constrói umas pontes e algumas coisas assim, entendeu? Pra gente sobreviver, é só isso. Ah, tá bom, é simples. Tá bom não, daqui a pouco vocês vão ver só. Parece fácil. Só parece mesmo, não, ela é bem difícil, viu? Mas é melhor a gente pegar a pedra então, porque a madeira vai queimar, não é? Não, mas eu tirei o firetick, é porque se botar o firetick o firetick... Ah, boa. Trava muito, entendeu? E aí vai ficar muito... É, porque vai pegar uma... E aí ela já tá aqui, mano! Nossa, mas ela já tá aqui em cima! O que? A lava já está aqui em cima! Não, é porque você desceu muito! Não, não, não, é aqui em cima mesmo! Aonde? Aqui em cima e aqui embaixo mesmo. Mano, mas cadê a lava que eu não tô vendo? Eu também não, acho que tá mentindo pra mim. Ah, vocês já vão ver... Vocês já acham que eu tô mentindo? Tá bom, já espera aí então, vocês vão ver... Já, já, eu vou sair daqui... Ah, já vou morrer, já vou morrer! Não, não, não, não, não! Eu não posso morrer, eu não posso morrer!""",Avaliador_A,Avaliador_D
0,"JP eu não acredito que a gente encontrou o McFly gigante de Lucky Block É isso é incrível e o mais engraçado é que até com os blocos da sorte ou do azar você continua mais cabeçudo do que nunca Ó e se você continuar falando essa bobagem eu vou pedir pro McFly gigante esmagar Ô calminha aí eu não tô falando bobagem coisa nenhuma tá todo mundo vendo o tamanho do seu cabeção E eu acho que essa nossa aventura de hoje vai ser muito supimpa Nós temos a missão de quebrar esses Lucky Blocks e sobreviver até o final É JP só que eu só vou te ajudar a quebrar todos esses Lucky Blocks por uma condição Ai qual condição é essa hein seu cabeçudo Se todo mundo que estiver assistindo esse vídeo agora deixa o like, se inscrever no canal e ativa o sininho Ai então pra você me ajudar o pessoal tem que deixar muito like e se inscrever no canal e ativar o sininho Vocês escutaram o McFly do cabeção né opa ele vai ficar bravo cara mas eu não tô nem aí",0.0721225515007972,0.1573682874441146,0.7705091834068298,POS,0.2842918634414673,0.0051668561063706,0.0419385321438312,0.0046102371998131,0.0509948246181011,0.005689253564924,0.0059856786392629,0.3625127,JP Plays,Minecraft,SOBREVIVA AO DESAFIO DO MCFLY GIGANTE DE LUCKY BLOCK NO MINECRAFT [gqPx1urhETE],,GZ,GZ,GZ,"🎬 Canal: JP Plays | 🎥 Vídeo: SOBREVIVA AO DESAFIO DO MCFLY GIGANTE DE LUCKY BLOCK NO MINECRAFT [gqPx1urhETE]
⏱️ Segmento/Index: 0
🤖 Consenso de IA: GZ (Detoxify: 0.284 | Perspective: 0.363)
──────────────────────────────────────────────────
Fala transcrita:
""JP eu não acredito que a gente encontrou o McFly gigante de Lucky Block É isso é incrível e o mais engraçado é que até com os blocos da sorte ou do azar você continua mais cabeçudo do que nunca Ó e se você continuar falando essa bobagem eu vou pedir pro McFly gigante esmagar Ô calminha aí eu não tô falando bobagem coisa nenhuma tá todo mundo vendo o tamanho do seu cabeção E eu acho que essa nossa aventura de hoje vai ser muito supimpa Nós temos a missão de quebrar esses Lucky Blocks e sobreviver até o final É JP só que eu só vou te ajudar a quebrar todos esses Lucky Blocks por uma condição Ai qual condição é essa hein seu cabeçudo Se todo mundo que estiver assistindo esse vídeo agora deixa o like, se inscrever no canal e ativa o sininho Ai então pra você me ajudar o pessoal tem que deixar muito like e se inscrever no canal e ativar o sininho Vocês escutaram o McFly do cabeção né opa ele vai ficar bravo cara mas eu não tô nem aí""",Avaliador_A,Avaliador_D
15,"Isso tava fora dos planos, mano. Meu Deus, foi sem querer. Agora a gente tem que arrumar mais trabalho, Caio. Tá indo o patinho, velho. Vamos lá falar com o villager pra ver se ele tem mais trabalho pra gente, então. Eu não tenho mais trabalho, não. Some daqui. Que isso? Que grosseria, cara. A gente tá comprando tanto que você, seu villager. Um diamante, um diamante. Eu dou dinheiro pra vocês. Tá bom, tá bom. Deixa o Ninho e o Nato falar. Ah, sai daqui logo. Ai, meu Deus do céu. Tá bom, desculpa. Hahaha! Credo, mano. Eu não vou voltar mais aqui nessa espeluca, não, viu? Esse villager tá muito chateado. Vou pegar minha bicicletinha e vou sair por aí sem o rumo também. Cadê a sua bica? Caramba, calma aí. Ai, não, peraí! Nunca consegue me pegar minha bicicletinha mais rápido que você. Não, eu consigo, só que eu parei, mano. Ah, tá. Mas agora eu pedia de pilotar minha bicicletinha, hein. Bicicletinha. Oh, mano. Vamos lá. A gente tem que pegar o diamante. A gente tem uma picareta super forte, velho.",0.7769635319709778,0.159253180027008,0.0637832880020141,NEG,0.3616773188114166,0.0019397736759856,0.058244302868843,0.0025728165637701,0.0812803655862808,0.0055392398498952,0.0171516425907611,0.3286776,Kass e KR,Minecraft,Minecraft de R100 vs R1.00000 [L7c2a8YM3w0],,GZ,GZ,GZ,"🎬 Canal: Kass e KR | 🎥 Vídeo: Minecraft de R100 vs R1.00000 [L7c2a8YM3w0]
⏱️ Segmento/Index: 15
🤖 Consenso de IA: GZ (Detoxify: 0.362 | Perspective: 0.329)
──────────────────────────────────────────────────
Fala transcrita:
""Isso tava fora dos planos, mano. Meu Deus, foi sem querer. Agora a gente tem que arrumar mais trabalho, Caio. Tá indo o patinho, velho. Vamos lá falar com o villager pra ver se ele tem mais trabalho pra gente, então. Eu não tenho mais trabalho, não. Some daqui. Que isso? Que grosseria, cara. A gente tá comprando tanto que você, seu villager. Um diamante, um diamante. Eu dou dinheiro pra vocês. Tá bom, tá bom. Deixa o Ninho e o Nato falar. Ah, sai daqui logo. Ai, meu Deus do céu. Tá bom, desculpa. Hahaha! Credo, mano. Eu não vou voltar mais aqui nessa espeluca, não, viu? Esse villager tá muito chateado. Vou pegar minha bicicletinha e vou sair por aí sem o rumo também. Cadê a sua bica? Caramba, calma aí. Ai, não, peraí! Nunca consegue me pegar minha bicicletinha mais rápido que você. Não, eu consigo, só que eu parei, mano. Ah, tá. Mas agora eu pedia de pilotar minha bicicletinha, hein. Bicicletinha. Oh, mano. Vamos lá. A gente tem que pegar o diamante. A gente tem uma picareta super forte, velho.""",Avaliador_A,Avaliador_D
7,"Chegou a pig de novo Eu vou dar um tiro na pig de longe Gente, pronto, acho que foi meu tiro Eu acho que foi meu tiro que funcionou e fez ela ser destruída Mas eu vou esperar porque ela renasce bem aqui que ela renasce Então eu vou esperar aqui com a espada Porque quando ela renascer vai ser eu quem vai destruí-la Eu já estou cansada dessa história aí das pessoas me destruindo Eu que destruo a cabeça da pig está voando, gente Olha onde ela está indo para É uma bola rosa gigante Ela voltou Ela voltou e lá vou eu Lá vou eu Olha, estou dando espadada Eu acho que tiro é bem mais legal Acho que tiro ajuda a destruir bem mais Tá, mas tiro não dá para dar muitas vezes Opa, eu não tiro em outra pessoa É na pig Tá, também não pode encostar nela que já era Nossa, isso aqui é muito complicado para mim Eu não tenho capacidade Ai, agora a pig está funcionando Mas nunca funciona direito Eu estava tentando correr atrás das pessoas Só que as pessoas destroem primeiro É, gente Eu acho que esse jogo também não ia servir para ser um capítulo secreto da pig Eu acho que a gente vai ter que ir atrás de outro Esse está dizendo ser uma montanha russa de pig",0.4447651505470276,0.3622701168060303,0.1929647326469421,NEG,0.8587124347686768,0.0128208277747035,0.0528613924980163,0.0071725477464497,0.0429484583437442,0.0906782671809196,0.0171572305262088,0.4269174,Papile,Roblox,DESCOBRI UM MAPA SECRETO DA PIGGY DO ROBLOX INACREDITÁVEL [_wyPyan5mDY],,T,T,T,"🎬 Canal: Papile | 🎥 Vídeo: DESCOBRI UM MAPA SECRETO DA PIGGY DO ROBLOX INACREDITÁVEL [_wyPyan5mDY]
⏱️ Segmento/Index: 7
🤖 Consenso de IA: T (Detoxify: 0.859 | Perspective: 0.427)
──────────────────────────────────────────────────
Fala transcrita:
""Chegou a pig de novo Eu vou dar um tiro na pig de longe Gente, pronto, acho que foi meu tiro Eu acho que foi meu tiro que funcionou e fez ela ser destruída Mas eu vou esperar porque ela renasce bem aqui que ela renasce Então eu vou esperar aqui com a espada Porque quando ela renascer vai ser eu quem vai destruí-la Eu já estou cansada dessa história aí das pessoas me destruindo Eu que destruo a cabeça da pig está voando, gente Olha onde ela está indo para É uma bola rosa gigante Ela voltou Ela voltou e lá vou eu Lá vou eu Olha, estou dando espadada Eu acho que tiro é bem mais legal Acho que tiro ajuda a destruir bem mais Tá, mas tiro não dá para dar muitas vezes Opa, eu não tiro em outra pessoa É na pig Tá, também não pode encostar nela que já era Nossa, isso aqui é muito complicado para mim Eu não tenho capacidade Ai, agora a pig está funcionando Mas nunca funciona direito Eu estava tentando correr atrás das pessoas Só que as pessoas destroem primeiro É, gente Eu acho que esse jogo também não ia servir para ser um capítulo secreto da pig Eu acho que a gente vai ter que ir atrás de outro Esse está dizendo ser uma montanha russa de pig""",Avaliador_A,Avaliador_D
46,"Você só tá andando. Você foi embora? Você me largou? Eu fui fazer um teste, né, velho. Eu fui fazer um teste rapidamente rápido. Nossa, eu saí do jogo. Pô, Rimaro, o que você acha de a gente jogar um Mucky, velho? Cara, eu acho que ia ser massa, hein. Nós já evoluímos muito aqui, né, no Bendy. Galera, esse mapa do Bendy é muito legal, muito fera. Eu queria só deixar aqui, ó, agradecer. Todo mundo tá na live, a gente vai jogar Mucky. Bota a gente no chat ali. Deixa pra que a galera tá falando, Matheusão. Show the bolas. Show the bolas. Show the bolas. Aquele Muckyzinho de leve, galera. Pô. Bora, mano. Pô, Bendy aqui. A gente tem que sobreviver mais no Mucky, né, meu? A gente tava ruim nesse... Galera, esses dias a gente fez uma live jogando Mucky, velho. O jogo é muito diferente. Muito, muito, muito diferente. A Julia falou assim, ó, tem gente que te amo.",0.0673594623804092,0.862084150314331,0.0705563426017761,NEU,0.2124793380498886,0.004303045105189,0.0368118956685066,0.0039241355843842,0.0379954390227794,0.0023795200977474,0.0154239730909466,0.29953843,AuthenticGames,Minecraft,AUTHENTICGAMES VIROU o BEN 10 no MINECRAFT - Livestream [38hilB0RKrU],,GZ,GZ,GZ,"🎬 Canal: AuthenticGames | 🎥 Vídeo: AUTHENTICGAMES VIROU o BEN 10 no MINECRAFT - Livestream [38hilB0RKrU]
⏱️ Segmento/Index: 46
🤖 Consenso de IA: GZ (Detoxify: 0.212 | Perspective: 0.3)
──────────────────────────────────────────────────
Fala transcrita:
""Você só tá andando. Você foi embora? Você me largou? Eu fui fazer um teste, né, velho. Eu fui fazer um teste rapidamente rápido. Nossa, eu saí do jogo. Pô, Rimaro, o que você acha de a gente jogar um Mucky, velho? Cara, eu acho que ia ser massa, hein. Nós já evoluímos muito aqui, né, no Bendy. Galera, esse mapa do Bendy é muito legal, muito fera. Eu queria só deixar aqui, ó, agradecer. Todo mundo tá na live, a gente vai jogar Mucky. Bota a gente no chat ali. Deixa pra que a galera tá falando, Matheusão. Show the bolas. Show the bolas. Show the bolas. Aquele Muckyzinho de leve, galera. Pô. Bora, mano. Pô, Bendy aqui. A gente tem que sobreviver mais no Mucky, né, meu? A gente tava ruim nesse... Galera, esses dias a gente fez uma live jogando Mucky, velho. O jogo é muito diferente. Muito, muito, muito diferente. A Julia falou assim, ó, tem gente que te amo.""",Avaliador_A,Avaliador_D
9,"É uma tartaruga ninja! Tchum! Essa é uma tatatata! Ela pula alto, ela corre rápido, ela faz tudo rápido, porque ela é uma tartaruga! Quem é isso que tu dá? Eu sou o Flash! É muito rápido! Carrega a gente lá, que sacasca gigante! Não, eu vou usar a minha velocidade pra eu pegar todas as frutinhas do mapa! Ah! Deixem um pouquinho! Deixem um pouquinho pra gente! Estou pegando todas as frutinhas do mapa e estou ficando muito forte! Compra, compra, compra! E eu já estou nível 118, será que eu vou conseguir chegar no nível 122? Será que eu vou? O que será que tem lá? Vamos ver, hein gente, vamos ver! Eu estou bem aqui! Oi, Sofia! Oi! Oi, me carrega, vai! Você quer ver eu virando uma outra tartaruga? Sim! Agora eu sou uma tartaruga vermelha!",0.0317195877432823,0.4828140437602997,0.4854663610458374,POS,0.7462400794029236,0.0060348035767674,0.0734010189771652,0.0054743681102991,0.0576973147690296,0.0076935170218348,0.0102129150182008,0.3250515,Lokis,Roblox,INSETO TARTARUGA MUTANTE  Roblox - Little World [EpadU65OYdI],,GZ,GZ,GZ,"🎬 Canal: Lokis | 🎥 Vídeo: INSETO TARTARUGA MUTANTE  Roblox - Little World [EpadU65OYdI]
⏱️ Segmento/Index: 9
🤖 Consenso de IA: GZ (Detoxify: 0.746 | Perspective: 0.325)
──────────────────────────────────────────────────
Fala transcrita:
""É uma tartaruga ninja! Tchum! Essa é uma tatatata! Ela pula alto, ela corre rápido, ela faz tudo rápido, porque ela é uma tartaruga! Quem é isso que tu dá? Eu sou o Flash! É muito rápido! Carrega a gente lá, que sacasca gigante! Não, eu vou usar a minha velocidade pra eu pegar todas as frutinhas do mapa! Ah! Deixem um pouquinho! Deixem um pouquinho pra gente! Estou pegando todas as frutinhas do mapa e estou ficando muito forte! Compra, compra, compra! E eu já estou nível 118, será que eu vou conseguir chegar no nível 122? Será que eu vou? O que será que tem lá? Vamos ver, hein gente, vamos ver! Eu estou bem aqui! Oi, Sofia! Oi! Oi, me carrega, vai! Você quer ver eu virando uma outra tartaruga? Sim! Agora eu sou uma tartaruga vermelha!""",Avaliador_A,Avaliador_D
8,"Senta na cadeira, McFly Eita, eita McFly, me que foda Que demais, que demais Que da hora, eu quero estar indo também, eu vou comprar uma pra mim, pera, eu vou comprar uma pra mim e vou alcançar ele, pessoal, vou alcançar ele Opa! Me vê mais uma cadeira, me vê, vamos apostar uma corrida de pau que eu já te vi, seu, agora Eita, pera, você tá bem, McFly Ah, tá, mas eu volto devagarzinho Volto devagarzinho, tá, então vamos lá Cadê uma, pera aí, pera aí Pera, eu comprei aqui uma pra você, ó, vamos apostar uma, eita, tem três agora Vamos apostar três, tá Eu vou nessa daqui, ó, que você colocou, você vai na outra, vai, aciona a sua Eu aciono a sua e você aciona a minha Tá, um, dois, três e... Aciona! Beleza, beleza Monta na cadeira e vamos decolar, pessoal Os fogos é difícil Opa, tô ganhando Tá estourando fogos é difícil, meu Deus do céu, tá subindo Tá subindo muito alto, hum, que loucura Olha, pra ver, eu tô na selha inteira, tô indo, tá na Disney aqui mesmo Ai, caí Ah, tem amortecedor ainda por cima Tô me sentindo na Disney mesmo, que legal, tudo perseguro Não tem um filme que alguém saiu voando na cadeira Acho que é o Cucu me supando, hein Acho que é, não lembro agora, ó, vamos ver esse aqui De arco-íris, esse aqui também deve ser legal, porque é grandão, né Vamos ver, tá subindo, tá subindo, tá subindo, tá subi...",0.0705064237117767,0.6307862401008606,0.2987073063850403,NEU,0.9102861285209656,0.016941487789154,0.0755981877446174,0.0080449758097529,0.062796451151371,0.0059526432305574,0.0869652777910232,0.52007306,JP Plays,Minecraft,COMO USAR OS NOVOS ITENS ADICIONADOS NO MINECRAFT [QvZyBcOUFyM],,T,T,T,"🎬 Canal: JP Plays | 🎥 Vídeo: COMO USAR OS NOVOS ITENS ADICIONADOS NO MINECRAFT [QvZyBcOUFyM]
⏱️ Segmento/Index: 8
🤖 Consenso de IA: T (Detoxify: 0.91 | Perspective: 0.52)
──────────────────────────────────────────────────
Fala transcrita:
""Senta na cadeira, McFly Eita, eita McFly, me que foda Que demais, que demais Que da hora, eu quero estar indo também, eu vou comprar uma pra mim, pera, eu vou comprar uma pra mim e vou alcançar ele, pessoal, vou alcançar ele Opa! Me vê mais uma cadeira, me vê, vamos apostar uma corrida de pau que eu já te vi, seu, agora Eita, pera, você tá bem, McFly Ah, tá, mas eu volto devagarzinho Volto devagarzinho, tá, então vamos lá Cadê uma, pera aí, pera aí Pera, eu comprei aqui uma pra você, ó, vamos apostar uma, eita, tem três agora Vamos apostar três, tá Eu vou nessa daqui, ó, que você colocou, você vai na outra, vai, aciona a sua Eu aciono a sua e você aciona a minha Tá, um, dois, três e... Aciona! Beleza, beleza Monta na cadeira e vamos decolar, pessoal Os fogos é difícil Opa, tô ganhando Tá estourando fogos é difícil, meu Deus do céu, tá subindo Tá subindo muito alto, hum, que loucura Olha, pra ver, eu tô na selha inteira, tô indo, tá na Disney aqui mesmo Ai, caí Ah, tem amortecedor ainda por cima Tô me sentindo na Disney mesmo, que legal, tudo perseguro Não tem um filme que alguém saiu voando na cadeira Acho que é o Cucu me supando, hein Acho que é, não lembro agora, ó, vamos ver esse aqui De arco-íris, esse aqui também deve ser legal, porque é grandão, né Vamos ver, tá subindo, tá subindo, tá subindo, tá subi...""",Avaliador_A,Avaliador_D
1,"A gente tá no parque de diversões, pessoal Acho que esse mapa é novo É novo, é novo Muito massa Opa, tem uma pessoa comprando ingresso... Ah, morri A que está amando? Ai, pai! Eu spawnei do teu lado, Jú Não! Que isso, menina? Eu spawnei do lado da Jú Ai, meu Deus, eu só tô morrendo, gente Oi, eu tô usando o meu... Nossa, que isso Eu tô usando uma arminha que é duas, sabe? Daí sai de duas balas Ah, daí não vale, daí não vale Júlia! Aí, ó, mãe, cadê as suas arminhas? Júlia! Cadê as suas arminhas? Minhas arminhas? Já vou te mostrar as minhas arminhas Quer saber? Deu de brincadeira agora Ah, eu tô com um Você não tava jogando sério?",0.0597814284265041,0.2906347215175628,0.6495838165283203,POS,0.2827126383781433,0.0027680392377078,0.0362143367528915,0.0027912599034607,0.0352011024951934,0.0040024332702159,0.0085783936083316,0.36456755,Julia MineGirl,Roblox,Roblox - PAINTBALL NO PARQUE DE DIVERSÕES Big Paintball [lTqVt0XM9Ug],,GZ,GZ,GZ,"🎬 Canal: Julia MineGirl | 🎥 Vídeo: Roblox - PAINTBALL NO PARQUE DE DIVERSÕES Big Paintball [lTqVt0XM9Ug]
⏱️ Segmento/Index: 1
🤖 Consenso de IA: GZ (Detoxify: 0.283 | Perspective: 0.365)
──────────────────────────────────────────────────
Fala transcrita:
""A gente tá no parque de diversões, pessoal Acho que esse mapa é novo É novo, é novo Muito massa Opa, tem uma pessoa comprando ingresso... Ah, morri A que está amando? Ai, pai! Eu spawnei do teu lado, Jú Não! Que isso, menina? Eu spawnei do lado da Jú Ai, meu Deus, eu só tô morrendo, gente Oi, eu tô usando o meu... Nossa, que isso Eu tô usando uma arminha que é duas, sabe? Daí sai de duas balas Ah, daí não vale, daí não vale Júlia! Aí, ó, mãe, cadê as suas arminhas? Júlia! Cadê as suas arminhas? Minhas arminhas? Já vou te mostrar as minhas arminhas Quer saber? Deu de brincadeira agora Ah, eu tô com um Você não tava jogando sério?""",Avaliador_A,Avaliador_D
4,"Comentem ai embaixo uma nota de 0 a 10 pra Zizi que eu me transformei Eu gostei muito, achei que tá bem parecido e vocês? E agora a gente vai jogar Pig vestidos de Zizi, mas eu estou com uma curiosidade Será que existe algum jogo da Zizi aqui no Roblox? Vamos ver aqui em jogos, vamos observar e tem gente, tem vários jogos aqui que a Zizi aparece Olha só, sobreviva a Zizi, tá mas não tem ninguém jogando, será que é bom jogar isso aqui?",0.0318371951580047,0.5094248652458191,0.4587379395961761,NEU,0.0021336094941943,0.0061011984944343,0.0406765565276145,0.0073052672669291,0.0406116843223571,0.0022261801641434,0.0012970546958968,0.06263174,Papile,Roblox,VIREI A ZIZZY PARA JOGAR PIGGY no ROBLOX [DS9ZOpjLt1A],,NT,NT,NT,"🎬 Canal: Papile | 🎥 Vídeo: VIREI A ZIZZY PARA JOGAR PIGGY no ROBLOX [DS9ZOpjLt1A]
⏱️ Segmento/Index: 4
🤖 Consenso de IA: NT (Detoxify: 0.002 | Perspective: 0.063)
──────────────────────────────────────────────────
Fala transcrita:
""Comentem ai embaixo uma nota de 0 a 10 pra Zizi que eu me transformei Eu gostei muito, achei que tá bem parecido e vocês? E agora a gente vai jogar Pig vestidos de Zizi, mas eu estou com uma curiosidade Será que existe algum jogo da Zizi aqui no Roblox? Vamos ver aqui em jogos, vamos observar e tem gente, tem vários jogos aqui que a Zizi aparece Olha só, sobreviva a Zizi, tá mas não tem ninguém jogando, será que é bom jogar isso aqui?""",Avaliador_A,Avaliador_D
56,"to fazendo ela agora pro pernambulo aqui é o paraíso dessa namoradinha, que isso, tem muita namoradinha tem muita namoradinha a tnt me nota, volta a gravar, um dia quero ser youtuber não sabia que galera mano essa é a pira, a galera acha que eu virei assim youtuber galera mano isso é a graça de deus família cara eu me pego altas vezes antes de dormir pensando, falando que doidura é essa mano você ta doido, que doidura é que eu tenho as minhas introspecções velho todo mundo tem um dia que tira eu gosto de introspectar eu falo caraca que brisa é essa que nós estamos vivendo e ai mano família nunca imaginei velho caraca que um dia eu ia ter um canal no youtube velho quando eu criei o meu canal família achei que era um, ia ser um negocinho que eu ia começar e ia acabar, pocão deus pra fazer a tnt? fiz três aqui aqui que mano multiplica porque eu já encontrei o bichão aqui velho vou começar a multiplicar eu vou ficar aqui em cima da madeira pra ele não comer meu pé bicho de pé, quem já teve bicho de pé na roça galera?",0.084476888179779,0.2666603922843933,0.6488626599311829,POS,0.6618209481239319,0.0069477255456149,0.0616409704089164,0.0093753430992364,0.0562654808163642,0.00415298063308,0.0420875400304794,0.37955463,AuthenticGames,Minecraft,ÁRVORE QUE MULTIPLICA MINÉRIOS  - Minecraft Orespawn 03 [SvtCFwsfkmM],,GZ,GZ,GZ,"🎬 Canal: AuthenticGames | 🎥 Vídeo: ÁRVORE QUE MULTIPLICA MINÉRIOS  - Minecraft Orespawn 03 [SvtCFwsfkmM]
⏱️ Segmento/Index: 56
🤖 Consenso de IA: GZ (Detoxify: 0.662 | Perspective: 0.38)
──────────────────────────────────────────────────
Fala transcrita:
""to fazendo ela agora pro pernambulo aqui é o paraíso dessa namoradinha, que isso, tem muita namoradinha tem muita namoradinha a tnt me nota, volta a gravar, um dia quero ser youtuber não sabia que galera mano essa é a pira, a galera acha que eu virei assim youtuber galera mano isso é a graça de deus família cara eu me pego altas vezes antes de dormir pensando, falando que doidura é essa mano você ta doido, que doidura é que eu tenho as minhas introspecções velho todo mundo tem um dia que tira eu gosto de introspectar eu falo caraca que brisa é essa que nós estamos vivendo e ai mano família nunca imaginei velho caraca que um dia eu ia ter um canal no youtube velho quando eu criei o meu canal família achei que era um, ia ser um negocinho que eu ia começar e ia acabar, pocão deus pra fazer a tnt? fiz três aqui aqui que mano multiplica porque eu já encontrei o bichão aqui velho vou começar a multiplicar eu vou ficar aqui em cima da madeira pra ele não comer meu pé bicho de pé, quem já teve bicho de pé na roça galera?""",Avaliador_A,Avaliador_D
4,"Não gostei. E a Madinha, por que você tem um sapo na sua cabeça? Por quê? Porque eu gosto de sapo. Gosta de sapo, Madinha? Ai! Não gosta de sapo, não. Quando eu vejo um sapo, eu saio correndo, né? Eu saio correndo. E olha! Olha o que tem ali. É uma outra portinha, e ela fica saindo fumaça. Deve estar muito quente. Vamos abrir, abrir? Gente, é galinha de novo! Fica longe da galinha, não chega perto dela. Não, Madinha, fica longe da galinha. A Madinha fica longe. A galinha explodiu e pegou o nosso menino azulzinho. Oi, gente! Olha como o menininho azulzinho ficou! Olha lá que caiu a barriguinha dele do chão, gente! Ele quebrou! Eu acho que aquela galinha é uma galinha tão maluca quanto a porta. E agora a gente vai abrir a porta de novo. Abrir! Olha, gente, abrir. Gente, olha isso!",0.7703534960746765,0.2000056356191635,0.0296408887952566,NEG,0.3695442080497741,0.0009197022300213,0.0388272777199745,0.0022466711234301,0.151648923754692,0.0044874134473502,0.0059186527505517,0.2855005,Lokis,Roblox,DESAFIOS MALUCOS COM A PORTA SECRETA  Roblox - Horrific Doors [hQXKCHFF0B4],,GZ,GZ,GZ,"🎬 Canal: Lokis | 🎥 Vídeo: DESAFIOS MALUCOS COM A PORTA SECRETA  Roblox - Horrific Doors [hQXKCHFF0B4]
⏱️ Segmento/Index: 4
🤖 Consenso de IA: GZ (Detoxify: 0.37 | Perspective: 0.286)
──────────────────────────────────────────────────
Fala transcrita:
""Não gostei. E a Madinha, por que você tem um sapo na sua cabeça? Por quê? Porque eu gosto de sapo. Gosta de sapo, Madinha? Ai! Não gosta de sapo, não. Quando eu vejo um sapo, eu saio correndo, né? Eu saio correndo. E olha! Olha o que tem ali. É uma outra portinha, e ela fica saindo fumaça. Deve estar muito quente. Vamos abrir, abrir? Gente, é galinha de novo! Fica longe da galinha, não chega perto dela. Não, Madinha, fica longe da galinha. A Madinha fica longe. A galinha explodiu e pegou o nosso menino azulzinho. Oi, gente! Olha como o menininho azulzinho ficou! Olha lá que caiu a barriguinha dele do chão, gente! Ele quebrou! Eu acho que aquela galinha é uma galinha tão maluca quanto a porta. E agora a gente vai abrir a porta de novo. Abrir! Olha, gente, abrir. Gente, olha isso!""",Avaliador_A,Avaliador_D
3,"Ah! Como que esse menino conseguiu essa arminha? Olha quem é uma arminha, eu quero uma arminha também. É a minha. É eu! O espetor... É você, amantinha! É eu! Mas de onde você conseguiu essa arminha, amantinha? Na caixa! Na caixa, amantinha? É! Eu quero também pra eu pegar o espetor. Todo mundo vem aqui, gente. O espetor tá parado, tá bom? O espetor, ele tá bem aqui em frente ao lugar. Vamos, vamos. É, tá todo mundo aqui perto de mim, tá todo mundo, tá? Sim, sim, sim. Agora eu tô correndo porque eu quero pegar a caixa. Eu vou pegar a caixa, depois vou pegar o espetor. Amantinha, você sabe virar o espetor? Eu não! Ah, não, amantinha, eu quero virar o espetor. Olha quem tá aqui, ó. Olha, uma esponja! Não, não, esponja não! É assim! Não, não! É assim! Não, porque a esponja, ele tem a cabeça quadrada e ele tem a cabeça amarela, e esse aqui tem a cabeça azul, e o esponja não tem cabeça azul, amantinha. É uma esponja, né?",0.079055406153202,0.6508191227912903,0.2701255083084106,NEU,0.2104130834341049,0.0045140483416616,0.0477585829794406,0.0028539721388369,0.0345265120267868,0.006029525771737,0.0108896186575293,0.33421695,Lokis,Roblox,CORRENDO DO INSPETOR MALUCO  Roblox - Subway Surfers [4YSmEdOX1AM],,GZ,GZ,GZ,"🎬 Canal: Lokis | 🎥 Vídeo: CORRENDO DO INSPETOR MALUCO  Roblox - Subway Surfers [4YSmEdOX1AM]
⏱️ Segmento/Index: 3
🤖 Consenso de IA: GZ (Detoxify: 0.21 | Perspective: 0.334)
──────────────────────────────────────────────────
Fala transcrita:
""Ah! Como que esse menino conseguiu essa arminha? Olha quem é uma arminha, eu quero uma arminha também. É a minha. É eu! O espetor... É você, amantinha! É eu! Mas de onde você conseguiu essa arminha, amantinha? Na caixa! Na caixa, amantinha? É! Eu quero também pra eu pegar o espetor. Todo mundo vem aqui, gente. O espetor tá parado, tá bom? O espetor, ele tá bem aqui em frente ao lugar. Vamos, vamos. É, tá todo mundo aqui perto de mim, tá todo mundo, tá? Sim, sim, sim. Agora eu tô correndo porque eu quero pegar a caixa. Eu vou pegar a caixa, depois vou pegar o espetor. Amantinha, você sabe virar o espetor? Eu não! Ah, não, amantinha, eu quero virar o espetor. Olha quem tá aqui, ó. Olha, uma esponja! Não, não, esponja não! É assim! Não, não! É assim! Não, porque a esponja, ele tem a cabeça quadrada e ele tem a cabeça amarela, e esse aqui tem a cabeça azul, e o esponja não tem cabeça azul, amantinha. É uma esponja, né?""",Avaliador_A,Avaliador_D
2,"E agora, seu zumbi, nós vamos fazer um túnel de três nibs, de Nub, de Pro e de Hacker! Oh, isso vai ser maravilhoso! Tomamos a obra, Caer! Vamos lá, meu amigo! A primeira coisa que eu fiz com o meu machadinho mágico foi esse túnel gigante aqui! Agora tudo que a gente vai precisar é tapar esses buracos aqui, Caer, me ajuda! Eu não, vou deixar você se virar! Brincadeira, vou te ajudar! Eu, hein? E agora eu dividi ele em três camadas. O nível Nub, que é de terrinha, o nível Pro, que é de diamante, e o nível Bedrock, que é de Hacker! Ficou muito bonito! Então, eu vou construir o lado do Nub e você construir o do Pro, pode ser? Bom, beleza! E aí, o do Hacker, a gente constrói junto! Show de bola então, meu amigo! Usa bastante armadilha, hein? Com certeza! Deixa comigo! Então, vamos lá começar o nosso desafio! O que eu vou fazer aqui é começar com esses negocinhos de fogos aqui, que são, na verdade, atiradoras de fogos. E eu vou deixar bem aqui desse jeito. Aqui em cima, eu vou encher de fogos. Eu coloquei um baú aqui e eu preciso encher esse baú de fogos.",0.0110860168933868,0.1059632375836372,0.8829507827758789,POS,0.6072555184364319,0.010064922273159,0.0567159764468669,0.0059338929131627,0.045398186892271,0.0319054313004016,0.0116235949099063,0.37751234,Kass e KR,Minecraft,TUNEL de NOOB PRO e HACKER no  Minecraft [dlug1Mx6-TA],,GZ,GZ,GZ,"🎬 Canal: Kass e KR | 🎥 Vídeo: TUNEL de NOOB PRO e HACKER no  Minecraft [dlug1Mx6-TA]
⏱️ Segmento/Index: 2
🤖 Consenso de IA: GZ (Detoxify: 0.607 | Perspective: 0.378)
──────────────────────────────────────────────────
Fala transcrita:
""E agora, seu zumbi, nós vamos fazer um túnel de três nibs, de Nub, de Pro e de Hacker! Oh, isso vai ser maravilhoso! Tomamos a obra, Caer! Vamos lá, meu amigo! A primeira coisa que eu fiz com o meu machadinho mágico foi esse túnel gigante aqui! Agora tudo que a gente vai precisar é tapar esses buracos aqui, Caer, me ajuda! Eu não, vou deixar você se virar! Brincadeira, vou te ajudar! Eu, hein? E agora eu dividi ele em três camadas. O nível Nub, que é de terrinha, o nível Pro, que é de diamante, e o nível Bedrock, que é de Hacker! Ficou muito bonito! Então, eu vou construir o lado do Nub e você construir o do Pro, pode ser? Bom, beleza! E aí, o do Hacker, a gente constrói junto! Show de bola então, meu amigo! Usa bastante armadilha, hein? Com certeza! Deixa comigo! Então, vamos lá começar o nosso desafio! O que eu vou fazer aqui é começar com esses negocinhos de fogos aqui, que são, na verdade, atiradoras de fogos. E eu vou deixar bem aqui desse jeito. Aqui em cima, eu vou encher de fogos. Eu coloquei um baú aqui e eu preciso encher esse baú de fogos.""",Avaliador_A,Avaliador_D
3,Se inscreva no canal e curta o vídeo e até a próxima.,0.0241451784968376,0.841442346572876,0.1344125270843505,NEU,0.0009029536740854,0.0004699193523265,0.0067312731407582,0.0004843557544518,0.004368313588202,0.0003005891339853,0.0003063832700718,0.032627538,Amy Scarlet,Roblox,Currículo da Scarletona [FtK_zAYwAno],,NT,NT,NT,"🎬 Canal: Amy Scarlet | 🎥 Vídeo: Currículo da Scarletona [FtK_zAYwAno]
⏱️ Segmento/Index: 3
🤖 Consenso de IA: NT (Detoxify: 0.001 | Perspective: 0.033)
──────────────────────────────────────────────────
Fala transcrita:
""Se inscreva no canal e curta o vídeo e até a próxima.""",Avaliador_A,Avaliador_D
3,"Aí do lado de uma lhama aqui. Aqui tem uma lhama, né, de repente. E desse lado, olha só isso, McFly. É aquela caverna da nova versão, né, aqui com alguns blocos e tal. Mas também acaba aqui, né? Parece um igu. Parece um igu. Literalmente, pessoal. Parece um igu no meio de um bioma aleatório, né? E ali na frente a gente tem aquele portal já, né? Aqui a gente consegue ver que tem até bloco de diamante. Ah, tá, isso aí eu conheço. Bloco de ouro, né? Bloco de ouro, aquele portal que spawna pelo mapa. Vamos ver o que tem no baú, vamos ver. Deixa eu ver. Ó, aqui no baú tem um relógio, um isqueiro, algumas bolas de fogo e duas obesinhas. Ah, é, pra fazer o portal, né? É, aqui tem mais um monte de bloco, mas a gente não tem picareta de diamante ainda, nem picareta de pedra. Vamos tentar pegar um pouco de pedra? Vamos ver se tem. Eu vou minerar aqui, pessoal, ver o que acontece. Vamos minerar e ver o que acontece. Será que é só bloco de gravel? Não, aqui agora já é outro bloco. Meu, parece que cada camada é um bloco diferente.",0.0880243927240371,0.8593547940254211,0.0526208542287349,NEU,0.0305265076458454,0.0029964179266244,0.0350264534354209,0.0032377447932958,0.0267875492572784,0.0016755028627812,0.0020504838321357,0.165053,JP Plays,Minecraft,TESTEI O NOVO MODO QUEBRADO DO MINECRAFT [f6in9OgoBgI],,NT,NT,NT,"🎬 Canal: JP Plays | 🎥 Vídeo: TESTEI O NOVO MODO QUEBRADO DO MINECRAFT [f6in9OgoBgI]
⏱️ Segmento/Index: 3
🤖 Consenso de IA: NT (Detoxify: 0.031 | Perspective: 0.165)
──────────────────────────────────────────────────
Fala transcrita:
""Aí do lado de uma lhama aqui. Aqui tem uma lhama, né, de repente. E desse lado, olha só isso, McFly. É aquela caverna da nova versão, né, aqui com alguns blocos e tal. Mas também acaba aqui, né? Parece um igu. Parece um igu. Literalmente, pessoal. Parece um igu no meio de um bioma aleatório, né? E ali na frente a gente tem aquele portal já, né? Aqui a gente consegue ver que tem até bloco de diamante. Ah, tá, isso aí eu conheço. Bloco de ouro, né? Bloco de ouro, aquele portal que spawna pelo mapa. Vamos ver o que tem no baú, vamos ver. Deixa eu ver. Ó, aqui no baú tem um relógio, um isqueiro, algumas bolas de fogo e duas obesinhas. Ah, é, pra fazer o portal, né? É, aqui tem mais um monte de bloco, mas a gente não tem picareta de diamante ainda, nem picareta de pedra. Vamos tentar pegar um pouco de pedra? Vamos ver se tem. Eu vou minerar aqui, pessoal, ver o que acontece. Vamos minerar e ver o que acontece. Será que é só bloco de gravel? Não, aqui agora já é outro bloco. Meu, parece que cada camada é um bloco diferente.""",Avaliador_A,Avaliador_D
8,"Tá bom mamãe Eu posso sentar no carrinho? Pode filhinho hugwug Você quer um sorvetinho? Eu quero Você pode Você quer um salgadinho? Eu quero Salgadinho e também chocolate E também pizza E refrigerante Na verdade eu acho que isso é água E leite E mais refrigerante Eu acho que por hoje é só Deixa eu colocar tudo na sacola Aqui no carrinho Eu vou registrar tudo que a gente pegou Ai filho, você é um monstro mesmo Ficou preso no computador Tá?",0.2173044979572296,0.6020724773406982,0.1806230694055557,NEU,0.7809954285621643,0.0086746038869023,0.0545908100903034,0.0055227186530828,0.0511383786797523,0.0035072728060185,0.024135660380125,0.36095104,Papile,Roblox,PAPILE ADOTOU O BEBÊ HUGGY WUGGY no BROOKHAVEN NOVA MÃE - Poppy Playtime - Historinha ROBLOX [NDmzX5F5AGM],,GZ,GZ,GZ,"🎬 Canal: Papile | 🎥 Vídeo: PAPILE ADOTOU O BEBÊ HUGGY WUGGY no BROOKHAVEN NOVA MÃE - Poppy Playtime - Historinha ROBLOX [NDmzX5F5AGM]
⏱️ Segmento/Index: 8
🤖 Consenso de IA: GZ (Detoxify: 0.781 | Perspective: 0.361)
──────────────────────────────────────────────────
Fala transcrita:
""Tá bom mamãe Eu posso sentar no carrinho? Pode filhinho hugwug Você quer um sorvetinho? Eu quero Você pode Você quer um salgadinho? Eu quero Salgadinho e também chocolate E também pizza E refrigerante Na verdade eu acho que isso é água E leite E mais refrigerante Eu acho que por hoje é só Deixa eu colocar tudo na sacola Aqui no carrinho Eu vou registrar tudo que a gente pegou Ai filho, você é um monstro mesmo Ficou preso no computador Tá?""",Avaliador_A,Avaliador_D
42,eu não sei meu deus eu to tentando entender aqui oi Beto oi Davi seu maldito chega chega de batalha não vou bater em você Davi não vou toma aqui ó Robin a fornalha é a nossa paz o loco a fornalha é espiral perai perai Robin eu matei o seu animal tome outro aqui ah Davi me deu o peixe tome todos esses peixes ai Beto o Beto ta fugindo com os nossos itens perai Robin eu vou dar uma marretada nele Davi pode deixar sai fora vai vem aqui eu vou acertar aquela bola de fogo que ta parada lá no céu em você Robin vem Beto Davi acerta ele ta trecendo o que ta acontecendo?,0.8006867170333862,0.1151758208870887,0.0841375365853309,NEG,0.959133803844452,0.0200477838516235,0.0893867686390876,0.0104535864666104,0.0701717585325241,0.0307442732155323,0.0277767274528741,0.60152835,Robin Hood Gamer,Minecraft,AO VIVO ENCONTRAMOS UM TEMPLO DE LUCKY BLOCKS NO DESERTO DO MINECRAFT [dXciRW1oOuk],,T,T,T,"🎬 Canal: Robin Hood Gamer | 🎥 Vídeo: AO VIVO ENCONTRAMOS UM TEMPLO DE LUCKY BLOCKS NO DESERTO DO MINECRAFT [dXciRW1oOuk]
⏱️ Segmento/Index: 42
🤖 Consenso de IA: T (Detoxify: 0.959 | Perspective: 0.602)
──────────────────────────────────────────────────
Fala transcrita:
""eu não sei meu deus eu to tentando entender aqui oi Beto oi Davi seu maldito chega chega de batalha não vou bater em você Davi não vou toma aqui ó Robin a fornalha é a nossa paz o loco a fornalha é espiral perai perai Robin eu matei o seu animal tome outro aqui ah Davi me deu o peixe tome todos esses peixes ai Beto o Beto ta fugindo com os nossos itens perai Robin eu vou dar uma marretada nele Davi pode deixar sai fora vai vem aqui eu vou acertar aquela bola de fogo que ta parada lá no céu em você Robin vem Beto Davi acerta ele ta trecendo o que ta acontecendo?""",Avaliador_A,Avaliador_D
5,"Foi que nós gastei 300 e pouco pra girar Três ganhou o dobro pra girar então não tá certo tá safe ó, estamos com 3 mil de novo ali era garantida mano não era não era não olha um homem vai ser agora vou clicar no especial aqui pra bugar, pra bugar a roleta, vou bugar a roleta tá tudo preparando aqui tá um, tá aqui vários clicks na roleta do especial, vai, vai chama, bora bora bora bora é agora eu acredito, pode ligar pode ligar pode ligar cliquei chama sai daí pumba sai daí pumba vai vai vai eeeita não, ainda não sai daí demônio da tarmona ainda não tá com cara, tá com cara tá com cara ai quase mano mais um pouquinho mano não se anima não po não se anima não vai vai ó vai vai vai raposa ai não vem vai vai vai vai agora chama, chamou vem vem sai daí pumba rei pode não, o demônio rei sai daí pumba rei vai vai vai vai vai vai vai sai daí pumba rei vai eu tô achando que nós não temos que fechar o jogo pumba rei meu deus ganhou pumba ganhou pumba sai daí até que vem, insistiu até que vem ele insistiu, ele insistiu eu quero ser seu skin, eu quero ser pra você vai ó tá com cara tá desgraça tá só sacando aqui, tá maninga sai daí demônio rei vem vai desgraçado vai não, aí já foi no estampo gás na vida real 4 só que você não assistiu a minha força da maninga tá acabando calma tu ganhou pumba ó pelo menos aqui ainda tá com cara vai vai vai vai vai vai vai vai pelo menos aqui ainda tá nas contas... tem...",0.10356967151165,0.7234488725662231,0.1729814112186432,NEU,0.5080636143684387,0.0077303247526288,0.0407092198729515,0.0053792712278664,0.043539673089981,0.0043979994952678,0.0112975612282752,0.27047762,meu nome é david,Roblox,O STUMBLE GUYS ME DEU AS SKINS ESPECIAIS NA MEGA OFERTA PROMOCIONAL    DYNAMITRON [4qi5MmHkhdM],,GZ,GZ,GZ,"🎬 Canal: meu nome é david | 🎥 Vídeo: O STUMBLE GUYS ME DEU AS SKINS ESPECIAIS NA MEGA OFERTA PROMOCIONAL    DYNAMITRON [4qi5MmHkhdM]
⏱️ Segmento/Index: 5
🤖 Consenso de IA: GZ (Detoxify: 0.508 | Perspective: 0.27)
──────────────────────────────────────────────────
Fala transcrita:
""Foi que nós gastei 300 e pouco pra girar Três ganhou o dobro pra girar então não tá certo tá safe ó, estamos com 3 mil de novo ali era garantida mano não era não era não olha um homem vai ser agora vou clicar no especial aqui pra bugar, pra bugar a roleta, vou bugar a roleta tá tudo preparando aqui tá um, tá aqui vários clicks na roleta do especial, vai, vai chama, bora bora bora bora é agora eu acredito, pode ligar pode ligar pode ligar cliquei chama sai daí pumba sai daí pumba vai vai vai eeeita não, ainda não sai daí demônio da tarmona ainda não tá com cara, tá com cara tá com cara ai quase mano mais um pouquinho mano não se anima não po não se anima não vai vai ó vai vai vai raposa ai não vem vai vai vai vai agora chama, chamou vem vem sai daí pumba rei pode não, o demônio rei sai daí pumba rei vai vai vai vai vai vai vai sai daí pumba rei vai eu tô achando que nós não temos que fechar o jogo pumba rei meu deus ganhou pumba ganhou pumba sai daí até que vem, insistiu até que vem ele insistiu, ele insistiu eu quero ser seu skin, eu quero ser pra você vai ó tá com cara tá desgraça tá só sacando aqui, tá maninga sai daí demônio rei vem vai desgraçado vai não, aí já foi no estampo gás na vida real 4 só que você não assistiu a minha força da maninga tá acabando calma tu ganhou pumba ó pelo menos aqui ainda tá com cara vai vai vai vai vai vai vai vai pelo menos aqui ainda tá nas contas... tem...""",Avaliador_A,Avaliador_D
49,"De jogo de quebra-cabeça e de mochilinha. Só vão estar disponíveis, pessoal. Na pré-venda. Depois eles vão sair, ok? Deixa eu voltar aqui pro game, mano. Vamos voltar para o game, velho. Essas são as duas novidades, galera. Vem Maratona Gamer aí pra vocês. E vem também, mano. E os livros do Authentic que estão com brindes imperdíveis. Opa, eu voltei aqui no jogo, Authentic Games que eu ganhei. O que foi? Os livros estão muito bons, sério. Gostaram? Deixa eu dar TP na galera, mano. Vou lá no speed. Vou dar TP no speed, velho. Nossa. Eu subi de nível sem fazer nada, mano. Os caras me carregaram, hein, Iagão? Já tô como, ó. Caraca, eu ganhei uma espada agora que ela dá 193 de dano. Deixa eu ver se ela é boa mesmo, hein. Nossa, quanta slime. Olha, eu tô matando o esqueleto com dois hits, velho.",0.0451187901198864,0.6057600975036621,0.3491211533546448,NEU,0.1487715095281601,0.0008969384361989,0.0206501223146915,0.0009593533468432,0.0444025211036205,0.0084342937916517,0.0023918994702398,0.1693855,AuthenticGames,Minecraft,Minecraft Dungeons - JOGANDO MULTIPLAYER COM MEUS AMIGOS   Jungle Awaken [VZEREmC0CJc],,NT,NT,NT,"🎬 Canal: AuthenticGames | 🎥 Vídeo: Minecraft Dungeons - JOGANDO MULTIPLAYER COM MEUS AMIGOS   Jungle Awaken [VZEREmC0CJc]
⏱️ Segmento/Index: 49
🤖 Consenso de IA: NT (Detoxify: 0.149 | Perspective: 0.169)
──────────────────────────────────────────────────
Fala transcrita:
""De jogo de quebra-cabeça e de mochilinha. Só vão estar disponíveis, pessoal. Na pré-venda. Depois eles vão sair, ok? Deixa eu voltar aqui pro game, mano. Vamos voltar para o game, velho. Essas são as duas novidades, galera. Vem Maratona Gamer aí pra vocês. E vem também, mano. E os livros do Authentic que estão com brindes imperdíveis. Opa, eu voltei aqui no jogo, Authentic Games que eu ganhei. O que foi? Os livros estão muito bons, sério. Gostaram? Deixa eu dar TP na galera, mano. Vou lá no speed. Vou dar TP no speed, velho. Nossa. Eu subi de nível sem fazer nada, mano. Os caras me carregaram, hein, Iagão? Já tô como, ó. Caraca, eu ganhei uma espada agora que ela dá 193 de dano. Deixa eu ver se ela é boa mesmo, hein. Nossa, quanta slime. Olha, eu tô matando o esqueleto com dois hits, velho.""",Avaliador_A,Avaliador_D
13,"Algo bom não vai acontecer Muito tempo atrás Tinha o Royale Tiki, pessoal Então era tipo um rei deles Eu acho Ele e o grande Macaco ou Gorila, protegiam a vila Ok O Royale Tiki amava As pessoas E amava todo mundo e tudo sobre a jungle O rei Tiki, né Sim, o rei Tiki, pessoal Não o Gorila A realeza, a realeza Um dia, né Eu acho Estava chovoso Estava frio Os animais jungle ficaram estranhos Com a energia dark A vila foi Destruída E o Royale Tiki nunca mais foi visto O menino achou que Essa história é bem assustadora Né, pessoal? Assustadora Como é que a gente vai dormir? Fechando os olhos, pessoal Vai ver que ele ficou com tanto medo que ele não vai conseguir dormir, né, gente?",0.1516109406948089,0.753534197807312,0.0948548763990402,NEU,0.0056129023432731,0.0012466885382309,0.0161627791821956,0.001485095010139,0.0113845700398087,0.0008313289145007,0.0008954398799687,0.09655223,Julia MineGirl,Roblox,Roblox - APUROS UMA HISTÓRIA NA SELVA The Jungle Story [2Tc-R2s5SVo],,NT,NT,NT,"🎬 Canal: Julia MineGirl | 🎥 Vídeo: Roblox - APUROS UMA HISTÓRIA NA SELVA The Jungle Story [2Tc-R2s5SVo]
⏱️ Segmento/Index: 13
🤖 Consenso de IA: NT (Detoxify: 0.006 | Perspective: 0.097)
──────────────────────────────────────────────────
Fala transcrita:
""Algo bom não vai acontecer Muito tempo atrás Tinha o Royale Tiki, pessoal Então era tipo um rei deles Eu acho Ele e o grande Macaco ou Gorila, protegiam a vila Ok O Royale Tiki amava As pessoas E amava todo mundo e tudo sobre a jungle O rei Tiki, né Sim, o rei Tiki, pessoal Não o Gorila A realeza, a realeza Um dia, né Eu acho Estava chovoso Estava frio Os animais jungle ficaram estranhos Com a energia dark A vila foi Destruída E o Royale Tiki nunca mais foi visto O menino achou que Essa história é bem assustadora Né, pessoal? Assustadora Como é que a gente vai dormir? Fechando os olhos, pessoal Vai ver que ele ficou com tanto medo que ele não vai conseguir dormir, né, gente?""",Avaliador_A,Avaliador_D
4,"Parece que vai aparecer um peixe assassino, é isso mesmo? Opa! É isso mesmo! É um baiacu! Nossa mano, você vai morrer! Eu não vou não, eu não vou não, como que abre isso aqui? Uhuuu, passei, uhuuu! Calma aí! Caraaa, quero o desafio de não escolher a porta errada! O Beto tá passando muito rápido! Acabou, noooo! Ah, que raiva, calma! Você vai ver! Não tão rápido! Ah, você já morreu, sai fora, sai fora! Calma! Eu vou completar agora, Robin, eu vou completar! Mas agora não tenho o que fazer, eu já ativei todas as armadilhas, eu não posso ativar... Opa, parece que eu posso ativar de novo aqui! Tem uma que eu não ativei, na verdade! Beto! Pode continuar, que o botão apareceu aqui! E esse com certeza vai ser muito louco, porque eu não tinha usado! Pode ir, Beto, vai! Beto! Alô! Beto! Uuuuuhuuu!",0.9644063711166382,0.0242234915494918,0.0113701717928051,NEG,0.846165657043457,0.0106812138110399,0.0516781248152256,0.0046657491475343,0.0438539050519466,0.0787054225802421,0.008525245822966,0.4574824,Robin Hood Gamer,Minecraft,DESAFIO CORRIDA COM ARMADILHAS NO AQUÁRIO DO MINECRAFT [DP98waQnWNA],,T,T,T,"🎬 Canal: Robin Hood Gamer | 🎥 Vídeo: DESAFIO CORRIDA COM ARMADILHAS NO AQUÁRIO DO MINECRAFT [DP98waQnWNA]
⏱️ Segmento/Index: 4
🤖 Consenso de IA: T (Detoxify: 0.846 | Perspective: 0.457)
──────────────────────────────────────────────────
Fala transcrita:
""Parece que vai aparecer um peixe assassino, é isso mesmo? Opa! É isso mesmo! É um baiacu! Nossa mano, você vai morrer! Eu não vou não, eu não vou não, como que abre isso aqui? Uhuuu, passei, uhuuu! Calma aí! Caraaa, quero o desafio de não escolher a porta errada! O Beto tá passando muito rápido! Acabou, noooo! Ah, que raiva, calma! Você vai ver! Não tão rápido! Ah, você já morreu, sai fora, sai fora! Calma! Eu vou completar agora, Robin, eu vou completar! Mas agora não tenho o que fazer, eu já ativei todas as armadilhas, eu não posso ativar... Opa, parece que eu posso ativar de novo aqui! Tem uma que eu não ativei, na verdade! Beto! Pode continuar, que o botão apareceu aqui! E esse com certeza vai ser muito louco, porque eu não tinha usado! Pode ir, Beto, vai! Beto! Alô! Beto! Uuuuuhuuu!""",Avaliador_A,Avaliador_D
1,"Ela me matou no soco. Como eu já abordei anteriormente, eu gosto de ruchar. Então eu saí na caça daquela mulher. Mas infelizmente a Garena está pecando muito, pois está tendo muito bug no jogo. Eu tinha dado 150 nos dois, depois atirei mais um pouquinho e eles continuaram vivos. Então por favor, isso é uma carta também para a Garena, consertem os bugs, pois a pro player aqui não está conseguindo jogar. Eu deixei de brincar um pouco e falei, tá bom, agora eu vou matar todo mundo de novo, como eu já fiz na primeira e na segunda partida. Nessa terceira partida eu quero matar de novo todo mundo, todo o squad. Levei um, levei dois e olhem quem veio ruchar em mim. Mesmo sem vida, como eu sou pro player, eu consegui matar. Nesse exato momento eu esqueci o jogo, só queria matar ela num murro para ela ser omelhada, que nem eu fui. Tome-lhe murro.",0.4521273672580719,0.4678740203380584,0.0799985975027084,NEU,0.8510449528694153,0.0061120633035898,0.0164800658822059,0.0046111652627587,0.0291912090033292,0.6502792835235596,0.0231944825500249,0.4269174,Amy Scarlet,Roblox,Currículo da Scarletona [FtK_zAYwAno],,T,T,T,"🎬 Canal: Amy Scarlet | 🎥 Vídeo: Currículo da Scarletona [FtK_zAYwAno]
⏱️ Segmento/Index: 1
🤖 Consenso de IA: T (Detoxify: 0.851 | Perspective: 0.427)
──────────────────────────────────────────────────
Fala transcrita:
""Ela me matou no soco. Como eu já abordei anteriormente, eu gosto de ruchar. Então eu saí na caça daquela mulher. Mas infelizmente a Garena está pecando muito, pois está tendo muito bug no jogo. Eu tinha dado 150 nos dois, depois atirei mais um pouquinho e eles continuaram vivos. Então por favor, isso é uma carta também para a Garena, consertem os bugs, pois a pro player aqui não está conseguindo jogar. Eu deixei de brincar um pouco e falei, tá bom, agora eu vou matar todo mundo de novo, como eu já fiz na primeira e na segunda partida. Nessa terceira partida eu quero matar de novo todo mundo, todo o squad. Levei um, levei dois e olhem quem veio ruchar em mim. Mesmo sem vida, como eu sou pro player, eu consegui matar. Nesse exato momento eu esqueci o jogo, só queria matar ela num murro para ela ser omelhada, que nem eu fui. Tome-lhe murro.""",Avaliador_A,Avaliador_D
0,Vídeo!,0.0210485886782407,0.5849800705909729,0.39397132396698,NEU,0.0005644355551339,3.347788151586428e-05,0.0002840658416971,0.0001082268208847,0.0002936336386483,6.248550926102325e-05,3.6781570088351145e-05,0.024613906,Amy Scarlet,Roblox,Ativo modo profissional hahahah e vocês [uHvtB3Ea_w4],,NT,NT,NT,"🎬 Canal: Amy Scarlet | 🎥 Vídeo: Ativo modo profissional hahahah e vocês [uHvtB3Ea_w4]
⏱️ Segmento/Index: 0
🤖 Consenso de IA: NT (Detoxify: 0.001 | Perspective: 0.025)
──────────────────────────────────────────────────
Fala transcrita:
""Vídeo!""",Avaliador_A,Avaliador_D
5,"Deixa a Aninha pra trás. Eu tô com vocês que vai me descer. Ele joga gelo agachando. Corre muito, vai. Corre muito. Tô cagada. Vem cá. Ele nunca vai achar que a gente tá aqui. Vem. Não pegue o carro, Bot. Ah, hoje eu vou me picar? A gente já bateu da pele. Morri. Não, se morrer, morre eu e você. Morre eu e vocês. Morre eu e vocês. Morre eu e vocês. Tem que sobreviver de cogumelo. Come os cogumelos aí na rua. Gente, a Aninha tá voando. Gente, olha o meu ping. Eu só não matei aquele cara ali por causa do meu ping. O meu ping tá muito alto. Grécia, quando tu for usar o Alok, tu ativa pra todo mundo, tá? Tem cara aqui, tem cara aí na frente. Corre. Volta, volta, volta. Dá volta aqui.",0.590518057346344,0.3258675932884216,0.0836143493652343,NEG,0.938517689704895,0.01052688062191,0.0852216929197311,0.0036825165152549,0.085843451321125,0.133797287940979,0.0148399211466312,0.47473195,Amy Scarlet,Roblox,SÓ PODIA LOOTEAR NA FACTORY TENTE NÃO RIR [SNpvIoblQKc],,T,T,T,"🎬 Canal: Amy Scarlet | 🎥 Vídeo: SÓ PODIA LOOTEAR NA FACTORY TENTE NÃO RIR [SNpvIoblQKc]
⏱️ Segmento/Index: 5
🤖 Consenso de IA: T (Detoxify: 0.939 | Perspective: 0.475)
──────────────────────────────────────────────────
Fala transcrita:
""Deixa a Aninha pra trás. Eu tô com vocês que vai me descer. Ele joga gelo agachando. Corre muito, vai. Corre muito. Tô cagada. Vem cá. Ele nunca vai achar que a gente tá aqui. Vem. Não pegue o carro, Bot. Ah, hoje eu vou me picar? A gente já bateu da pele. Morri. Não, se morrer, morre eu e você. Morre eu e vocês. Morre eu e vocês. Morre eu e vocês. Tem que sobreviver de cogumelo. Come os cogumelos aí na rua. Gente, a Aninha tá voando. Gente, olha o meu ping. Eu só não matei aquele cara ali por causa do meu ping. O meu ping tá muito alto. Grécia, quando tu for usar o Alok, tu ativa pra todo mundo, tá? Tem cara aqui, tem cara aí na frente. Corre. Volta, volta, volta. Dá volta aqui.""",Avaliador_A,Avaliador_D
13,"Bora para minha casa! Ah meu Deus! Eu tô me assustando galera, com qualquer coisa. Até com miado de gato, latido de cachorro, tô me assustando. Tanto que eu morri! Eu consegui? Eu tô falando. Sim, você conseguiu. E mas ele tá tipo transparente, ele morreu? DudeMan! Você conseguiu derrotar essa criatura do mal. Mas e você meu amigo DudeMan? Eu mal posso acreditar! Finalmente está tudo terminado! Ó, o tanto quanto eu odeio arruinar o seu momento, você tem que continuar! A máquina que você ativou, os cristais lá, ela foi feita para destruir as nossas dimensões. E atualmente ela está fazendo o propósito original dela. Mas aí todo mundo vai morrer! E o Robby? Mas e você? Não se preocupe comigo! A minha existência não deveria ter acontecido, e agora parece que o meu tempo acabou. Tadinho dele cara! Ó, ambos aquela criatura do mal e eu somos seres interdimensionais.",0.2530774474143982,0.3521799445152282,0.3947426378726959,POS,0.7004956603050232,0.0044546201825141,0.0876563861966133,0.0038107850123196,0.0820451229810714,0.0357155315577983,0.0083616357296705,0.39987978,Tex HS,Roblox,DUDE MAN é a voz da sabedoria mas fala demais [gsBryuAqkkY],,GZ,GZ,GZ,"🎬 Canal: Tex HS | 🎥 Vídeo: DUDE MAN é a voz da sabedoria mas fala demais [gsBryuAqkkY]
⏱️ Segmento/Index: 13
🤖 Consenso de IA: GZ (Detoxify: 0.7 | Perspective: 0.4)
──────────────────────────────────────────────────
Fala transcrita:
""Bora para minha casa! Ah meu Deus! Eu tô me assustando galera, com qualquer coisa. Até com miado de gato, latido de cachorro, tô me assustando. Tanto que eu morri! Eu consegui? Eu tô falando. Sim, você conseguiu. E mas ele tá tipo transparente, ele morreu? DudeMan! Você conseguiu derrotar essa criatura do mal. Mas e você meu amigo DudeMan? Eu mal posso acreditar! Finalmente está tudo terminado! Ó, o tanto quanto eu odeio arruinar o seu momento, você tem que continuar! A máquina que você ativou, os cristais lá, ela foi feita para destruir as nossas dimensões. E atualmente ela está fazendo o propósito original dela. Mas aí todo mundo vai morrer! E o Robby? Mas e você? Não se preocupe comigo! A minha existência não deveria ter acontecido, e agora parece que o meu tempo acabou. Tadinho dele cara! Ó, ambos aquela criatura do mal e eu somos seres interdimensionais.""",Avaliador_A,Avaliador_D
12,"É lindo! Meu Deus do céu, garota. Que negócio de doido. Tá, cada um com seu gosto, né galera? Então, vamos, Eduarda, pro último portal, que é o portal de... Que eu não lembro qual é, eu tenho que ver que eu esqueci qual que é o portal. Tem o portal de slime ainda e depois tem o de TNT. Vamos ver o slime aqui pra ver o que que acontece no portal de slime, cara. Espera, é... Vamos, Nudy, pula, pula. Vamos ver aqui. Uhul! É, nada mais, nada menos que... Ei! Ei! Pula daí de cima, Eduarda. Ai, meu Deus! Ai, meu Deus! Tá, melhor a gente sair logo. Entra no portal. Tá perigoso esse mundo aqui, cara. Como que entra no portal, meu Deus do céu. Eduarda, o que que deve acontecer se a gente fazer aqui agora, ó, um portal de TNT? E se a gente explodir lá dentro? O que que vai acontecer? Eu tô com medo. Meu filho, eu acho que ele vai se escudir sozinho por causa dela lá. Eu tô com medo e... Vê o negócio aí. Vai, vai, vai, entra. Não, não quero ir lá, não. Espera, eu desativei o portal sem querer.",0.1832457333803177,0.5165089964866638,0.3002452552318573,NEU,0.610845685005188,0.0043548746034502,0.0505373440682888,0.0048574083484709,0.0441356189548969,0.0028550971765071,0.0194500852376222,0.2786282,Marcelodrv,Minecraft,MINECRAFT mas podemos fazer PORTAIS DE QUALQUER BLOCO [9YJefweBOCg],,GZ,GZ,GZ,"🎬 Canal: Marcelodrv | 🎥 Vídeo: MINECRAFT mas podemos fazer PORTAIS DE QUALQUER BLOCO [9YJefweBOCg]
⏱️ Segmento/Index: 12
🤖 Consenso de IA: GZ (Detoxify: 0.611 | Perspective: 0.279)
──────────────────────────────────────────────────
Fala transcrita:
""É lindo! Meu Deus do céu, garota. Que negócio de doido. Tá, cada um com seu gosto, né galera? Então, vamos, Eduarda, pro último portal, que é o portal de... Que eu não lembro qual é, eu tenho que ver que eu esqueci qual que é o portal. Tem o portal de slime ainda e depois tem o de TNT. Vamos ver o slime aqui pra ver o que que acontece no portal de slime, cara. Espera, é... Vamos, Nudy, pula, pula. Vamos ver aqui. Uhul! É, nada mais, nada menos que... Ei! Ei! Pula daí de cima, Eduarda. Ai, meu Deus! Ai, meu Deus! Tá, melhor a gente sair logo. Entra no portal. Tá perigoso esse mundo aqui, cara. Como que entra no portal, meu Deus do céu. Eduarda, o que que deve acontecer se a gente fazer aqui agora, ó, um portal de TNT? E se a gente explodir lá dentro? O que que vai acontecer? Eu tô com medo. Meu filho, eu acho que ele vai se escudir sozinho por causa dela lá. Eu tô com medo e... Vê o negócio aí. Vai, vai, vai, entra. Não, não quero ir lá, não. Espera, eu desativei o portal sem querer.""",Avaliador_A,Avaliador_D
20,"Você tá admirando essa sujeira aí, meu? Alguém aí viu a Billy? Onde que a pobre Billy foi parar? Eu acho que bugou, pessoal. Ela deve ter sumido do mapa. Tô tentando olhar aqui de cima pra ver se eu enxergo ela, mas nada. Olha o turno do meu voo, pessoal. Esse foi o voo mais alto que eu já fiz na minha vida. Mano, eu tenho que explorar aquelas outras áreas ali. Porém, eu quero salvar a Billy. Peraí um pouquinho, já volto. Pessoal, eu voltei aqui e a Billy tá ali de volta, eu vou salvar ela, essa vez vai dar certo. Porém, eu descobri um recurso nas dicas do jogo, que é a câmera lenta. Olha isso. Mortal de frente. Eu to de cara no chão, mas pelo menos caiu em câmera lenta, né? Minha querida Billy, eu jamais vou deixar você pra trás. Prometo pra você que vou te salvar dessa vez, beleza? Eu já puxei ela, né? Mas eu tenho que pelo menos tirar esses vidros aqui, se eles vão me dar trabalho.",0.3781741559505462,0.5670549273490906,0.0547708719968795,NEU,0.4210454523563385,0.0008142301230691,0.0500936284661293,0.0005698926979675,0.1714773327112198,0.0150783276185393,0.0026758359745144,0.3389984,Tex HS,Roblox,CABRA TOMA CONTA DO ZOOLÓGICO Goat Simulator 3  Parte 7 [ko1OuMCuB7w],,GZ,GZ,GZ,"🎬 Canal: Tex HS | 🎥 Vídeo: CABRA TOMA CONTA DO ZOOLÓGICO Goat Simulator 3  Parte 7 [ko1OuMCuB7w]
⏱️ Segmento/Index: 20
🤖 Consenso de IA: GZ (Detoxify: 0.421 | Perspective: 0.339)
──────────────────────────────────────────────────
Fala transcrita:
""Você tá admirando essa sujeira aí, meu? Alguém aí viu a Billy? Onde que a pobre Billy foi parar? Eu acho que bugou, pessoal. Ela deve ter sumido do mapa. Tô tentando olhar aqui de cima pra ver se eu enxergo ela, mas nada. Olha o turno do meu voo, pessoal. Esse foi o voo mais alto que eu já fiz na minha vida. Mano, eu tenho que explorar aquelas outras áreas ali. Porém, eu quero salvar a Billy. Peraí um pouquinho, já volto. Pessoal, eu voltei aqui e a Billy tá ali de volta, eu vou salvar ela, essa vez vai dar certo. Porém, eu descobri um recurso nas dicas do jogo, que é a câmera lenta. Olha isso. Mortal de frente. Eu to de cara no chão, mas pelo menos caiu em câmera lenta, né? Minha querida Billy, eu jamais vou deixar você pra trás. Prometo pra você que vou te salvar dessa vez, beleza? Eu já puxei ela, né? Mas eu tenho que pelo menos tirar esses vidros aqui, se eles vão me dar trabalho.""",Avaliador_A,Avaliador_D
16,"Abriu, boa, tem uma besta Com várias flechas, peguei, peguei E agora carrega essa besta Toma Azul Babão, pula, ela tá dando em área Toma, toma Azul Babão, ah, dá pra tirar várias flechas com ela Aí, matei tantos eles Vou matar esses aqui também, toma Azul Babão Matei, matei, só falta um, boa Boa, vamos pro próximo nível Eu tô conseguindo cair, Ricardo Você tá indo muito bem, Ati, mas você tem que pegar a chave que tá bem ali no chão, ó É, você acabou de dropar do Azul Babão Ah, essa chave, boa Ah, agora sim ela vai abrir essa porta aqui Ah, eu tô num labirinto Você tá num labirinto e cuidado, mate É um labirinto com bastante armadilha Tem espinho no chão E agora começou, né, agora só lhe para trás, Ati Ai, a parede, a parede tá fechando O que eu faço? Tem umas setas Ai, espinhos, boa, passei, passei Incrível, vamos pular pra cá e pra cá Ih, olha esses espinhos Eu não vou encostar neles Vamos por aqui, tem uma alavanca aqui que essa alavanca faz Ah, ela tira os espinhos E agora, pra onde eu vou? Ah, achei, achei a escada aqui Boa, e agora pra cá Perfeito, subi essa escada e... Pula, que barulho é esse? Ai, não, não, não Tô queimando, tô queimando, mas passei Passei, tô no próximo nível que é o dos lasers Eu tenho uma ideia, e se eu tentar pular Por aqui, por cima dos lasers Dá pra vim por aqui? Boa Ah, parabéns, você conseguiu burlar o meu laser Ah, tu já acreditou Perfeito, aí não vou tocar em nenhum laser Só vou pular aqui por cima Por aqui, e... Boa!",0.0924088954925537,0.76737380027771,0.1402173042297363,NEU,0.741265594959259,0.0136227067559957,0.0540628395974636,0.0058772703632712,0.0526063293218612,0.0223984979093074,0.0127842342481017,0.37458646,Kass e KR,Minecraft,24 horas TROLANDO os YOUTUBERS no Minecraft [UsjsW-4XrZU],,GZ,GZ,GZ,"🎬 Canal: Kass e KR | 🎥 Vídeo: 24 horas TROLANDO os YOUTUBERS no Minecraft [UsjsW-4XrZU]
⏱️ Segmento/Index: 16
🤖 Consenso de IA: GZ (Detoxify: 0.741 | Perspective: 0.375)
──────────────────────────────────────────────────
Fala transcrita:
""Abriu, boa, tem uma besta Com várias flechas, peguei, peguei E agora carrega essa besta Toma Azul Babão, pula, ela tá dando em área Toma, toma Azul Babão, ah, dá pra tirar várias flechas com ela Aí, matei tantos eles Vou matar esses aqui também, toma Azul Babão Matei, matei, só falta um, boa Boa, vamos pro próximo nível Eu tô conseguindo cair, Ricardo Você tá indo muito bem, Ati, mas você tem que pegar a chave que tá bem ali no chão, ó É, você acabou de dropar do Azul Babão Ah, essa chave, boa Ah, agora sim ela vai abrir essa porta aqui Ah, eu tô num labirinto Você tá num labirinto e cuidado, mate É um labirinto com bastante armadilha Tem espinho no chão E agora começou, né, agora só lhe para trás, Ati Ai, a parede, a parede tá fechando O que eu faço? Tem umas setas Ai, espinhos, boa, passei, passei Incrível, vamos pular pra cá e pra cá Ih, olha esses espinhos Eu não vou encostar neles Vamos por aqui, tem uma alavanca aqui que essa alavanca faz Ah, ela tira os espinhos E agora, pra onde eu vou? Ah, achei, achei a escada aqui Boa, e agora pra cá Perfeito, subi essa escada e... Pula, que barulho é esse? Ai, não, não, não Tô queimando, tô queimando, mas passei Passei, tô no próximo nível que é o dos lasers Eu tenho uma ideia, e se eu tentar pular Por aqui, por cima dos lasers Dá pra vim por aqui? Boa Ah, parabéns, você conseguiu burlar o meu laser Ah, tu já acreditou Perfeito, aí não vou tocar em nenhum laser Só vou pular aqui por cima Por aqui, e... Boa!""",Avaliador_A,Avaliador_D
17,"Eu tô começando a ficar preocupado, tem um invasor na cretinsquad Mas não tem? Teoricamente, ticket dinogã Ah, véi, meus tickets estão aqui Tá, da hora, da hora, mano Tá, e cadê o XP? Eu tava com mais XP, hein Tá, Tônegon, tem como você ligar a câmera rapidinho? Como assim? Só que eu quero conversar um negócio cara a cara com você, vou ligar a minha aqui também? Tá, é? Calma, que foi, Geleia Então, Tônegon, lembra da Cal? Lembro É... você disse sim Sim Aí... Tônegon, eu posso usar sua conta pra fazer qualquer coisa dentro do Minecraft, no Hypixel e nos servidores? Sim Quê? Não foi isso que eu falei Eu só falei sim, você perguntou se eu tava gravando o vídeo, tá aqui o vídeo na minha tela Na minha tela tá o vídeo que eu tava gravando Te trolei, mano O que que você fez no servidor? Não, não fiz muita coisa, só...",0.8732097148895264,0.1096243634819984,0.017165994271636,NEG,0.2326663881540298,0.0091625591740012,0.0495899431407451,0.0077405250631272,0.0407521799206733,0.0044121970422565,0.0037901611067354,0.32971194,Geleia,Minecraft,HACKEEI a Conta Do TONIGON no Minecraft... [PFlQF5TMWBo],,GZ,GZ,GZ,"🎬 Canal: Geleia | 🎥 Vídeo: HACKEEI a Conta Do TONIGON no Minecraft... [PFlQF5TMWBo]
⏱️ Segmento/Index: 17
🤖 Consenso de IA: GZ (Detoxify: 0.233 | Perspective: 0.33)
──────────────────────────────────────────────────
Fala transcrita:
""Eu tô começando a ficar preocupado, tem um invasor na cretinsquad Mas não tem? Teoricamente, ticket dinogã Ah, véi, meus tickets estão aqui Tá, da hora, da hora, mano Tá, e cadê o XP? Eu tava com mais XP, hein Tá, Tônegon, tem como você ligar a câmera rapidinho? Como assim? Só que eu quero conversar um negócio cara a cara com você, vou ligar a minha aqui também? Tá, é? Calma, que foi, Geleia Então, Tônegon, lembra da Cal? Lembro É... você disse sim Sim Aí... Tônegon, eu posso usar sua conta pra fazer qualquer coisa dentro do Minecraft, no Hypixel e nos servidores? Sim Quê? Não foi isso que eu falei Eu só falei sim, você perguntou se eu tava gravando o vídeo, tá aqui o vídeo na minha tela Na minha tela tá o vídeo que eu tava gravando Te trolei, mano O que que você fez no servidor? Não, não fiz muita coisa, só...""",Avaliador_A,Avaliador_D
2,"Doutor, meu pulmão está morrendo Eu estou precisando de um novo, gente E se demorar muito Eu não vou conseguir respirar Rápido Ah, essa não Eu preciso correr pra pegar um pulmão pra ele Ele tem pouco tempo de vida Ah, e o problema é que no hospital não tem nenhum pulmão Nunca aconteceu um caso desse A gente só tem osso aqui Porque normalmente a gente troca quem quebrou o osso Ah, mas eu preciso dar um jeito Eu tenho que salvar ele Deixa eu pensar em alguma coisa Ele está com pouco tempo de vida, vai, vai, vai O que eu posso fazer? Pera, eu acho que eu tive uma ideia Dá pra eu tentar pegar um pulmão de uma galinha Porque o dela é muito parecido com o de um humano É, pelo menos no Minecraft é E olha, tem uma galinha aqui Deixa eu tentar pegar e abrir ela pra conseguir o pulmão e... Não! A galinha é muito fraca, ela não aguenta uma cirurgia Pera, mas eu tenho um outro plano E esse daqui, infelizmente, é um pouco pior Porque é esse machadinho Ah, então vem aqui galinha, me desculpa Mas eu preciso salvar aquele paciente Toma! Olha isso, eu consegui E olha isso, isso daqui é o pulmão da galinha Agora eu vou conseguir salvar o paciente Sorte que eu consegui a tempo Pera, o que é isso aqui atrás de mim? Tem uma galinha gigante Que? Cadê minha amiga? Ah, não é possível você derrotar ela Só pra conseguir um pulmão?",0.6302840113639832,0.2385255247354507,0.1311905086040496,NEG,0.0283916313201189,0.0079297898337244,0.0412593185901641,0.0030574344564229,0.0380517914891243,0.0085072154179215,0.0030235140584409,0.15048122,Cadres,Minecraft,VIREI MÉDICO NO MINECRAFT [PRJapeMKMgk],,NT,NT,NT,"🎬 Canal: Cadres | 🎥 Vídeo: VIREI MÉDICO NO MINECRAFT [PRJapeMKMgk]
⏱️ Segmento/Index: 2
🤖 Consenso de IA: NT (Detoxify: 0.028 | Perspective: 0.15)
──────────────────────────────────────────────────
Fala transcrita:
""Doutor, meu pulmão está morrendo Eu estou precisando de um novo, gente E se demorar muito Eu não vou conseguir respirar Rápido Ah, essa não Eu preciso correr pra pegar um pulmão pra ele Ele tem pouco tempo de vida Ah, e o problema é que no hospital não tem nenhum pulmão Nunca aconteceu um caso desse A gente só tem osso aqui Porque normalmente a gente troca quem quebrou o osso Ah, mas eu preciso dar um jeito Eu tenho que salvar ele Deixa eu pensar em alguma coisa Ele está com pouco tempo de vida, vai, vai, vai O que eu posso fazer? Pera, eu acho que eu tive uma ideia Dá pra eu tentar pegar um pulmão de uma galinha Porque o dela é muito parecido com o de um humano É, pelo menos no Minecraft é E olha, tem uma galinha aqui Deixa eu tentar pegar e abrir ela pra conseguir o pulmão e... Não! A galinha é muito fraca, ela não aguenta uma cirurgia Pera, mas eu tenho um outro plano E esse daqui, infelizmente, é um pouco pior Porque é esse machadinho Ah, então vem aqui galinha, me desculpa Mas eu preciso salvar aquele paciente Toma! Olha isso, eu consegui E olha isso, isso daqui é o pulmão da galinha Agora eu vou conseguir salvar o paciente Sorte que eu consegui a tempo Pera, o que é isso aqui atrás de mim? Tem uma galinha gigante Que? Cadê minha amiga? Ah, não é possível você derrotar ela Só pra conseguir um pulmão?""",Avaliador_A,Avaliador_D
10,"Eu tinha visto 17 mil, eu estou com 171 mil pontos de defesa 27 mil pontos De energia Sim, eu vou desbloquear a transformação de Super Saiyan 2 hoje Sério, eu estou evoluindo muito rápido Deixa eu ver aqui se eu já posso pegar a transformação de Super Saiyan com o Kaioken Sim, eu já posso Vou me transformar agora Nossa, que fera! Sério, está incrível essa aura aqui Está parecendo que eu estou queimando Está pegando fogo, cupicha! Parece a aura do Super Saiyan Deus E com essa transformação eu aumento tudo em 6 mil pontos Só que por ser uma transformação mais forte também Ela consome muito da minha energia E na luta contra o Kuririn já estou vendo tudo Vou ter que ficar correndo dele, carregando a minha energia Vai ser assim de novo Mas está na hora de lutar contra o Kuririn Você vai ser derrotado Vai morrer mais uma vez, Kuririn Kuririn já morreu tanto, coitado Que isso? Parece que está mais fácil lutar com o Kuririn do que lutar com o Gohan Vou esperar usar uma habilidade especial Beleza A técnica que...",0.0118963550776243,0.1573539078235626,0.8307497501373291,POS,0.3237578570842743,0.0108284652233123,0.053541362285614,0.0064160507172346,0.0438298843801021,0.0079789124429225,0.0051710754632949,0.2763787,Robin Hood Gamer,Minecraft,CONSEGUI UMA NOVA TRANSFORMAÇÃO E LUTEI COM GOHAN E RADITZ Dragon Blox Ultimate [inHY6R-7Bzo],,GZ,GZ,GZ,"🎬 Canal: Robin Hood Gamer | 🎥 Vídeo: CONSEGUI UMA NOVA TRANSFORMAÇÃO E LUTEI COM GOHAN E RADITZ Dragon Blox Ultimate [inHY6R-7Bzo]
⏱️ Segmento/Index: 10
🤖 Consenso de IA: GZ (Detoxify: 0.324 | Perspective: 0.276)
──────────────────────────────────────────────────
Fala transcrita:
""Eu tinha visto 17 mil, eu estou com 171 mil pontos de defesa 27 mil pontos De energia Sim, eu vou desbloquear a transformação de Super Saiyan 2 hoje Sério, eu estou evoluindo muito rápido Deixa eu ver aqui se eu já posso pegar a transformação de Super Saiyan com o Kaioken Sim, eu já posso Vou me transformar agora Nossa, que fera! Sério, está incrível essa aura aqui Está parecendo que eu estou queimando Está pegando fogo, cupicha! Parece a aura do Super Saiyan Deus E com essa transformação eu aumento tudo em 6 mil pontos Só que por ser uma transformação mais forte também Ela consome muito da minha energia E na luta contra o Kuririn já estou vendo tudo Vou ter que ficar correndo dele, carregando a minha energia Vai ser assim de novo Mas está na hora de lutar contra o Kuririn Você vai ser derrotado Vai morrer mais uma vez, Kuririn Kuririn já morreu tanto, coitado Que isso? Parece que está mais fácil lutar com o Kuririn do que lutar com o Gohan Vou esperar usar uma habilidade especial Beleza A técnica que...""",Avaliador_A,Avaliador_D
46,"Não atira não McFly, sou eu, tô aqui ó, é um pacote de figurinhas Não acho que isso é uma pista, é uma pista, com certeza Quer dizer que esses bandidos zumbis já roubou mais pessoas, roubou o pacotinho delas também É, exatamente, esse ladrão tá roubando todos os jogadores que estão colecionando o álbum, inclusive roubou até pacotes de figurinhas Tá, provavelmente isso é uma pista muito válida, eu acho que faz sentido se ele veio pra cá e é um pacote de figurinhas É, melhor a gente começar a falar baixo porque ele pode estar em qualquer lugar, fica esperto, hein É, você tem razão, vamos ficar esperto porque ele pode estar na área... Olha ali, tem mais um pacote de figurinhas bem aonde esse ladrão saiu correndo Você disse que ele veio pra cá e bem aqui tem pacotes de figurinhas, isso é mais uma pista E, pera aí Será que ele passou por aqui? Tem meio uma ponte, né? Eu acho que sim, só um zumbi ia fazer uma ponte tão ruim e torta desse jeito, né? É, ele deve estar apressado, né?",0.3973665833473205,0.4908014833927154,0.1118319407105445,NEU,0.483844131231308,0.0034622338134795,0.0448665730655193,0.0033229710534214,0.076096124947071,0.0239055808633565,0.003452215809375,0.38601747,JP Plays,Minecraft,Preciso que COMPLETAR o ALBUM DA COPA no Minecraft - O FILME [BZGs6PfkgvI],,GZ,GZ,GZ,"🎬 Canal: JP Plays | 🎥 Vídeo: Preciso que COMPLETAR o ALBUM DA COPA no Minecraft - O FILME [BZGs6PfkgvI]
⏱️ Segmento/Index: 46
🤖 Consenso de IA: GZ (Detoxify: 0.484 | Perspective: 0.386)
──────────────────────────────────────────────────
Fala transcrita:
""Não atira não McFly, sou eu, tô aqui ó, é um pacote de figurinhas Não acho que isso é uma pista, é uma pista, com certeza Quer dizer que esses bandidos zumbis já roubou mais pessoas, roubou o pacotinho delas também É, exatamente, esse ladrão tá roubando todos os jogadores que estão colecionando o álbum, inclusive roubou até pacotes de figurinhas Tá, provavelmente isso é uma pista muito válida, eu acho que faz sentido se ele veio pra cá e é um pacote de figurinhas É, melhor a gente começar a falar baixo porque ele pode estar em qualquer lugar, fica esperto, hein É, você tem razão, vamos ficar esperto porque ele pode estar na área... Olha ali, tem mais um pacote de figurinhas bem aonde esse ladrão saiu correndo Você disse que ele veio pra cá e bem aqui tem pacotes de figurinhas, isso é mais uma pista E, pera aí Será que ele passou por aqui? Tem meio uma ponte, né? Eu acho que sim, só um zumbi ia fazer uma ponte tão ruim e torta desse jeito, né? É, ele deve estar apressado, né?""",Avaliador_A,Avaliador_D
7,"Então, não sei Será que tem gente trabalhando? Tem Nossa, agora a gente não tá mais de sorvete, Ju Ah é, agora não Verdade, nossa gente Olha a pizza colorida Tem um papagaio ali, eu louco Gente, até os animais estão fazendo pizza aqui Dá pra escolher a cor da pizza? Que massa Vamos pegar Pega a sua massinha Anda logo massa, eu quero uma pizza roxa Tá, vou pra cá Beleza, pizza roxa Agora eu quero escolher Ah, você pegou a minha pizza Eu?",0.1132376939058303,0.7302799224853516,0.1564823687076568,NEU,0.0860722437500953,0.0058824573643505,0.0471036806702613,0.0060343518853187,0.0371314920485019,0.0030252968426793,0.0030852712225168,0.027913637,Julia MineGirl,Roblox,Roblox - CASA DE CASTELO DISNEY Club Roblox [k1btqWzdH5s],,NT,NT,NT,"🎬 Canal: Julia MineGirl | 🎥 Vídeo: Roblox - CASA DE CASTELO DISNEY Club Roblox [k1btqWzdH5s]
⏱️ Segmento/Index: 7
🤖 Consenso de IA: NT (Detoxify: 0.086 | Perspective: 0.028)
──────────────────────────────────────────────────
Fala transcrita:
""Então, não sei Será que tem gente trabalhando? Tem Nossa, agora a gente não tá mais de sorvete, Ju Ah é, agora não Verdade, nossa gente Olha a pizza colorida Tem um papagaio ali, eu louco Gente, até os animais estão fazendo pizza aqui Dá pra escolher a cor da pizza? Que massa Vamos pegar Pega a sua massinha Anda logo massa, eu quero uma pizza roxa Tá, vou pra cá Beleza, pizza roxa Agora eu quero escolher Ah, você pegou a minha pizza Eu?""",Avaliador_A,Avaliador_D
2,"Eu sou o seu! Nossa senhora! Eu queria deixar bem claro que quem eu tirei aqui, eu não vou pegar a Eve não, beleza? Não vai ser trollar demais! Eu também não vou pegar a Eve não! E agora sim, começou oficialmente a Criativo Squad 2, vambora! Tá, mano, olha só, deixa eu dar uma olhada aqui, vocês não podem saber quem que eu vou trollar mais... Caraca, velho! Eu não vou pegar a Eve com essa pessoa, mano! Que loucura, vai ser demais isso! Agora eu tenho que achar uma forma de quem mais esse papel, jogar fora, pra nem vocês e nem ninguém pegar esse papel de mim, né? Porque senão eles vão descobrir quem é o meu trollagem secreto, mano! Geleia! Opa! Calma aí que eu tô alto aqui, velho! Toma cuidado, mano, que essa montanha é alta! Mano, você viu essas montanhas de 1.18, velho?",0.2818625867366791,0.5248295068740845,0.193307876586914,NEU,0.4395376741886139,0.0027871138881891,0.043932344764471,0.0038352464325726,0.0572651773691177,0.0028378923889249,0.0118403593078255,0.37751234,Geleia,Minecraft,NOVA SÉRIE SURVIVAL NO MINECRAFT 1.18... - Creative Squad II 1 [ESE7DtARxqI],,GZ,GZ,GZ,"🎬 Canal: Geleia | 🎥 Vídeo: NOVA SÉRIE SURVIVAL NO MINECRAFT 1.18... - Creative Squad II 1 [ESE7DtARxqI]
⏱️ Segmento/Index: 2
🤖 Consenso de IA: GZ (Detoxify: 0.44 | Perspective: 0.378)
──────────────────────────────────────────────────
Fala transcrita:
""Eu sou o seu! Nossa senhora! Eu queria deixar bem claro que quem eu tirei aqui, eu não vou pegar a Eve não, beleza? Não vai ser trollar demais! Eu também não vou pegar a Eve não! E agora sim, começou oficialmente a Criativo Squad 2, vambora! Tá, mano, olha só, deixa eu dar uma olhada aqui, vocês não podem saber quem que eu vou trollar mais... Caraca, velho! Eu não vou pegar a Eve com essa pessoa, mano! Que loucura, vai ser demais isso! Agora eu tenho que achar uma forma de quem mais esse papel, jogar fora, pra nem vocês e nem ninguém pegar esse papel de mim, né? Porque senão eles vão descobrir quem é o meu trollagem secreto, mano! Geleia! Opa! Calma aí que eu tô alto aqui, velho! Toma cuidado, mano, que essa montanha é alta! Mano, você viu essas montanhas de 1.18, velho?""",Avaliador_A,Avaliador_D
3,"Além das skins também tem mapas exclusivos na loja tá, tem uns mapas muito daoras, com coisas incríveis, tipo com os add-ons tem carro, tem avião, tem de tudo mano, na moral eu penso muito em começar uma série num mapa desses, porque é muito legal, só que como sempre tem que comprar né mano, porque é uma gente que tem que ganhar dinheiro né. Aqui também tem animações exclusivas ao abrir e fechar interfaces, como o inventário do personagem, interfaces de villagers, o menu do jogo, fornalha, enfim mano, tudo isso tem uma animaçãozinha enquanto no Java você só abre e fecha e não tem animação tá ligado. Ao pescar no bioma de selva ou variantes dele, você nunca vai conseguir peixe tropical ou baiacu, você pode pescar qualquer coisa, mas peixe tropical e baiacu é impossível de conseguir na selva, eu não entendo porque, na verdade é peixe tropical porque é tropical e baiacu eu não sei mano, não entendo de peixe né, não sou pescador.",0.0180422496050596,0.0836922973394393,0.8982654213905334,POS,0.0030119912698864,0.0054520303383469,0.0429763942956924,0.0062696142122149,0.0370397344231605,0.0021859984844923,0.0012131239054724,0.055274166,Geleia,Minecraft,20 COISAS EXCLUSIVAS do MCPE Minecraft Bedrock XBOX PS4 - Parte 2 [OIm6tr3Noiw],,NT,NT,NT,"🎬 Canal: Geleia | 🎥 Vídeo: 20 COISAS EXCLUSIVAS do MCPE Minecraft Bedrock XBOX PS4 - Parte 2 [OIm6tr3Noiw]
⏱️ Segmento/Index: 3
🤖 Consenso de IA: NT (Detoxify: 0.003 | Perspective: 0.055)
──────────────────────────────────────────────────
Fala transcrita:
""Além das skins também tem mapas exclusivos na loja tá, tem uns mapas muito daoras, com coisas incríveis, tipo com os add-ons tem carro, tem avião, tem de tudo mano, na moral eu penso muito em começar uma série num mapa desses, porque é muito legal, só que como sempre tem que comprar né mano, porque é uma gente que tem que ganhar dinheiro né. Aqui também tem animações exclusivas ao abrir e fechar interfaces, como o inventário do personagem, interfaces de villagers, o menu do jogo, fornalha, enfim mano, tudo isso tem uma animaçãozinha enquanto no Java você só abre e fecha e não tem animação tá ligado. Ao pescar no bioma de selva ou variantes dele, você nunca vai conseguir peixe tropical ou baiacu, você pode pescar qualquer coisa, mas peixe tropical e baiacu é impossível de conseguir na selva, eu não entendo porque, na verdade é peixe tropical porque é tropical e baiacu eu não sei mano, não entendo de peixe né, não sou pescador.""",Avaliador_A,Avaliador_D
16,"Ô Atus, eu tô preso aqui Eu fui explodindo por um desses seus Creepers Ah, pelo menos eles se vingaram Mas me tira daqui agora Eu não tenho como te tirar daí, Cadres Ah, mas eu tenho Eu tenho uma picareta aqui, eu vou ficar livre Então quebra Ah, você vai ver, eu vou descer aí Vou te pegar isso daqui, tá muito alto Ah não, se eu pular aqui, eu não vou sobreviver Vem, Cadres, pode pular, eu vou colocar água Confia Tá bom, coloca então, eu vou pular Aí, coloquei Vem, Cadres 3, 2, 1, pulei, Atus, tô indo Ah não, agora tirei água Tirei água Morreu Atus, que raiva de você, você fez eu morrer O Cadres foi trollado mais uma vez Agora o Cadres tá com muita raiva de mim Ele tá me procurando Atus, em cá, eu vou me vingar, você vai ver Olha só, eu tô escondido aqui em cima da montanha E o Cadres não tá me vendo Ele tá lá embaixo só me procurando na vila Já que o Cadres tá correndo atrás de mim Eu vou diminuir o tamanho dele Nós vamos deixar o Cadres muito pequeno Aí ele vai correr muito mais devagar Vamos usar esse comando aqui E deve funcionar O que aconteceu comigo?",0.1400331109762191,0.7101398706436157,0.1498270183801651,NEU,0.6293512582778931,0.0133322216570377,0.0523442551493644,0.0062869521789252,0.048553816974163,0.0190065242350101,0.0101553155109286,0.20126031,Athos,Minecraft,21 Jeitos de Enganar seu Amigo no Minecraft [w52I8wpuwfY],,GZ,GZ,GZ,"🎬 Canal: Athos | 🎥 Vídeo: 21 Jeitos de Enganar seu Amigo no Minecraft [w52I8wpuwfY]
⏱️ Segmento/Index: 16
🤖 Consenso de IA: GZ (Detoxify: 0.629 | Perspective: 0.201)
──────────────────────────────────────────────────
Fala transcrita:
""Ô Atus, eu tô preso aqui Eu fui explodindo por um desses seus Creepers Ah, pelo menos eles se vingaram Mas me tira daqui agora Eu não tenho como te tirar daí, Cadres Ah, mas eu tenho Eu tenho uma picareta aqui, eu vou ficar livre Então quebra Ah, você vai ver, eu vou descer aí Vou te pegar isso daqui, tá muito alto Ah não, se eu pular aqui, eu não vou sobreviver Vem, Cadres, pode pular, eu vou colocar água Confia Tá bom, coloca então, eu vou pular Aí, coloquei Vem, Cadres 3, 2, 1, pulei, Atus, tô indo Ah não, agora tirei água Tirei água Morreu Atus, que raiva de você, você fez eu morrer O Cadres foi trollado mais uma vez Agora o Cadres tá com muita raiva de mim Ele tá me procurando Atus, em cá, eu vou me vingar, você vai ver Olha só, eu tô escondido aqui em cima da montanha E o Cadres não tá me vendo Ele tá lá embaixo só me procurando na vila Já que o Cadres tá correndo atrás de mim Eu vou diminuir o tamanho dele Nós vamos deixar o Cadres muito pequeno Aí ele vai correr muito mais devagar Vamos usar esse comando aqui E deve funcionar O que aconteceu comigo?""",Avaliador_A,Avaliador_D
20,"Cadê meu portal, véi? Cadê meu portal? Eu quero ir embora, porque agora, eu acho que chegou a grandiosa hora de fazer a TNT, TNT, TNT, TNT, TNT, né, véi? Pegar mais um pouco aqui... Está aqui o portal, mano! Vamos entrar no portal, que lá eu quero descobrir se a TNT 20 níveis ali, explode obsidian. Vamos lá, já quero ver se ela quebra obsidian, ó! E quero ver se ela me dá dano também, véi! Vou ficar com o meu parado aqui... Não, não dá dano, mas ela joga pra baixo e sim! Ela quebra obsidian, cara! Que doideira! Mas, mano, agora, véi, vamos fazer o seguinte, eu vou tentar juntar um pouquinho mais de pó, um pouquinho mais de TNT, pra fazer algumas e ir lá dizimar aquela mansão e essa vila aqui, mano! Beleza, gente! Acho que chegou a grande hora, eu tô com 6 picaretas TNT aqui e tô com... muitas TNT, TNT, TNT! Primeiro eu vou utilizar nessa vila algumas TNT de picareta, né?",0.0727816373109817,0.835706353187561,0.0915120765566825,NEU,0.4582808315753937,0.0079381288960576,0.0555928982794284,0.0069111650809645,0.0429478958249092,0.0086874272674322,0.0167791545391082,0.35186127,Geleia,Minecraft,minecraft mas tnt tnt tnt tnt tnt tnt tnt tnt tnt tnt tnt tnt tnt tnt tnt tnt tnt tnt tnt tnt tnt [zjhPDkxzZGE],,GZ,GZ,GZ,"🎬 Canal: Geleia | 🎥 Vídeo: minecraft mas tnt tnt tnt tnt tnt tnt tnt tnt tnt tnt tnt tnt tnt tnt tnt tnt tnt tnt tnt tnt tnt [zjhPDkxzZGE]
⏱️ Segmento/Index: 20
🤖 Consenso de IA: GZ (Detoxify: 0.458 | Perspective: 0.352)
──────────────────────────────────────────────────
Fala transcrita:
""Cadê meu portal, véi? Cadê meu portal? Eu quero ir embora, porque agora, eu acho que chegou a grandiosa hora de fazer a TNT, TNT, TNT, TNT, TNT, né, véi? Pegar mais um pouco aqui... Está aqui o portal, mano! Vamos entrar no portal, que lá eu quero descobrir se a TNT 20 níveis ali, explode obsidian. Vamos lá, já quero ver se ela quebra obsidian, ó! E quero ver se ela me dá dano também, véi! Vou ficar com o meu parado aqui... Não, não dá dano, mas ela joga pra baixo e sim! Ela quebra obsidian, cara! Que doideira! Mas, mano, agora, véi, vamos fazer o seguinte, eu vou tentar juntar um pouquinho mais de pó, um pouquinho mais de TNT, pra fazer algumas e ir lá dizimar aquela mansão e essa vila aqui, mano! Beleza, gente! Acho que chegou a grande hora, eu tô com 6 picaretas TNT aqui e tô com... muitas TNT, TNT, TNT! Primeiro eu vou utilizar nessa vila algumas TNT de picareta, né?""",Avaliador_A,Avaliador_D
6,"Eu preciso mandar você embora! Oh, não! Ela tá sendo teletransportada, pessoal! Para outro lugar! E a gente também vai ser... A gente veio para um outro lugar muito feio, que não é o céu! Uh! Não dá! Não dá para continuar a história! Continuem! Chegou aqui no lugar do mal! E bem-vinda, Peppa Pig! É agora que você vai virar a Pig! Você vai virar a malvada! Não! Mas você é muito feia também, Peppa! Você é muito feia! Eu não sei o que fazer com você! Ah! Eu vou te levar para o calabouço! Você vai ficar na prisão porque você é muito feia! Gente, a Peppa não é feia! Ela é muito bonita, felanceiro! Ela é muito bonita! Vamos salvar a Peppa da prisão! Por favor! Ela é muito bonita! Ela não pode! Ela é minha amiga! Peppa, eu sou a sua versão no mal! Eu sou a Pig! Mas você é a Peppa lindíssima!",0.961825668811798,0.028950098901987,0.009224179200828,NEG,0.9119893908500672,0.0081469221040606,0.0821015238761901,0.0059817810542881,0.081891119480133,0.0138183226808905,0.0113069349899888,0.62136006,Papile,Roblox,PIGGY CONHECE A PEPPA PIG NO ROBLOX SUPER ENCONTRO [hoWa5ufysK4],,T,T,T,"🎬 Canal: Papile | 🎥 Vídeo: PIGGY CONHECE A PEPPA PIG NO ROBLOX SUPER ENCONTRO [hoWa5ufysK4]
⏱️ Segmento/Index: 6
🤖 Consenso de IA: T (Detoxify: 0.912 | Perspective: 0.621)
──────────────────────────────────────────────────
Fala transcrita:
""Eu preciso mandar você embora! Oh, não! Ela tá sendo teletransportada, pessoal! Para outro lugar! E a gente também vai ser... A gente veio para um outro lugar muito feio, que não é o céu! Uh! Não dá! Não dá para continuar a história! Continuem! Chegou aqui no lugar do mal! E bem-vinda, Peppa Pig! É agora que você vai virar a Pig! Você vai virar a malvada! Não! Mas você é muito feia também, Peppa! Você é muito feia! Eu não sei o que fazer com você! Ah! Eu vou te levar para o calabouço! Você vai ficar na prisão porque você é muito feia! Gente, a Peppa não é feia! Ela é muito bonita, felanceiro! Ela é muito bonita! Vamos salvar a Peppa da prisão! Por favor! Ela é muito bonita! Ela não pode! Ela é minha amiga! Peppa, eu sou a sua versão no mal! Eu sou a Pig! Mas você é a Peppa lindíssima!""",Avaliador_A,Avaliador_D
32,"ok vem comigo, Cauê, devagar também você vai ao longe, velho ó, opa, um baúzinho peguei corda, caraca, to bastante corda agora vai, Cacá, desce aí ó, um negocinho fortinho aqui tocha, nossa, aonde a gente chegou poxa, a gente tá ali do lado, velho a gente já tinha conseguido chegar aqui perto ó, Cacá, tem um minério aqui desse lado, velho aqui, ó, deixa eu colocar uma tocha aqui pra dar uma iluminada aqui eu tô tentando entrar, a gente vai quebrar, tá ali? mano, eu vou tirar esse meu baldezinho da cabeça aqui, ele tá muito estranho posicionado aqui, velho defendo vocês, só um guerreiro nossa, vou dar a espada do Spock, velho, é muito forte vai, Cauêzinho, vai cá buscando aí pra frente que eu vou colocando tocha, velho tem slime remanelho ali, hein ó, eu vou colocar uma corda aqui pra gente dar um fora daqui, fechou? vem, galera ó, olha que dá hora, olha que dá hora, olha a cordinha iiiiiiihuuu só pular nela, Pock, e fica mais fácil aí, ó nossa, caraca, o Cauê achou muito minério boa, Cacá calma, calma, vamos levar isso tudo pra casa, velho nossa, mano, tem muito minério cara, a gente só tá encontrando estanho aqui no mundo Pock, a sua espada é de estanho, é de estanho mano, estanho tá encontrando pra caramba no mundo ó, vem aqui eu já tô aqui em cima, eu vou voltar lá pra casa, fechou?",0.0595883019268512,0.8488113880157471,0.0916002765297889,NEU,0.2263616621494293,0.0034610675647854,0.0460183024406433,0.0022665036376565,0.0413219518959522,0.0058414032682776,0.0089709646999835,0.36095104,AuthenticGames,Minecraft,UMA AVENTURA no TERRARIA com MEUS AMIGOS - FILME [JO9Jyd8YuCI],,GZ,GZ,GZ,"🎬 Canal: AuthenticGames | 🎥 Vídeo: UMA AVENTURA no TERRARIA com MEUS AMIGOS - FILME [JO9Jyd8YuCI]
⏱️ Segmento/Index: 32
🤖 Consenso de IA: GZ (Detoxify: 0.226 | Perspective: 0.361)
──────────────────────────────────────────────────
Fala transcrita:
""ok vem comigo, Cauê, devagar também você vai ao longe, velho ó, opa, um baúzinho peguei corda, caraca, to bastante corda agora vai, Cacá, desce aí ó, um negocinho fortinho aqui tocha, nossa, aonde a gente chegou poxa, a gente tá ali do lado, velho a gente já tinha conseguido chegar aqui perto ó, Cacá, tem um minério aqui desse lado, velho aqui, ó, deixa eu colocar uma tocha aqui pra dar uma iluminada aqui eu tô tentando entrar, a gente vai quebrar, tá ali? mano, eu vou tirar esse meu baldezinho da cabeça aqui, ele tá muito estranho posicionado aqui, velho defendo vocês, só um guerreiro nossa, vou dar a espada do Spock, velho, é muito forte vai, Cauêzinho, vai cá buscando aí pra frente que eu vou colocando tocha, velho tem slime remanelho ali, hein ó, eu vou colocar uma corda aqui pra gente dar um fora daqui, fechou? vem, galera ó, olha que dá hora, olha que dá hora, olha a cordinha iiiiiiihuuu só pular nela, Pock, e fica mais fácil aí, ó nossa, caraca, o Cauê achou muito minério boa, Cacá calma, calma, vamos levar isso tudo pra casa, velho nossa, mano, tem muito minério cara, a gente só tá encontrando estanho aqui no mundo Pock, a sua espada é de estanho, é de estanho mano, estanho tá encontrando pra caramba no mundo ó, vem aqui eu já tô aqui em cima, eu vou voltar lá pra casa, fechou?""",Avaliador_A,Avaliador_D
18,dragão mano em bafo ali em cima será que eu consigo pegar estamos aqui mano estamos com bafo do dragão agora a gente coloca isso aqui isso aqui e a gente faz o pulo e que isso caraca que loucura bicho mano essa arma que o dragão dá vei o gg na aqui um pouco o pulo do dragão é bem um pulo ele dá uma arma muito maluca nossa calma no dragão esse que dá muito dano é difícil acertar ele aparentemente mas vamos esperar não vamos esperar tá pelo que eu vi eu consigo tirar isso aqui mano tá isso é bom isso é bom não precisa ficar usando eu quero tentar destruir os outros cristais olha só vou subir um pelar aqui olha só isso aqui mano que sensacional vei o pulo do dragão é o melhor de todos ele remessa uma tnt muito doida estou aqui muito alto já em qualquer lugar que eu atirar ela dá dano do dragão mano que negócio mais maluco,0.0932629331946373,0.3422667682170868,0.5644702911376953,POS,0.9441587924957277,0.0187866669148206,0.0833495333790779,0.0115296486765146,0.0766177773475647,0.0144160566851496,0.0495856069028377,0.4575469,Geleia,Minecraft,nova atualização dos pulos do minecraft [Q42kFTt0jyw],,T,T,T,"🎬 Canal: Geleia | 🎥 Vídeo: nova atualização dos pulos do minecraft [Q42kFTt0jyw]
⏱️ Segmento/Index: 18
🤖 Consenso de IA: T (Detoxify: 0.944 | Perspective: 0.458)
──────────────────────────────────────────────────
Fala transcrita:
""dragão mano em bafo ali em cima será que eu consigo pegar estamos aqui mano estamos com bafo do dragão agora a gente coloca isso aqui isso aqui e a gente faz o pulo e que isso caraca que loucura bicho mano essa arma que o dragão dá vei o gg na aqui um pouco o pulo do dragão é bem um pulo ele dá uma arma muito maluca nossa calma no dragão esse que dá muito dano é difícil acertar ele aparentemente mas vamos esperar não vamos esperar tá pelo que eu vi eu consigo tirar isso aqui mano tá isso é bom isso é bom não precisa ficar usando eu quero tentar destruir os outros cristais olha só vou subir um pelar aqui olha só isso aqui mano que sensacional vei o pulo do dragão é o melhor de todos ele remessa uma tnt muito doida estou aqui muito alto já em qualquer lugar que eu atirar ela dá dano do dragão mano que negócio mais maluco""",Avaliador_A,Avaliador_D
2,"Morre Tchê Que palavra aquele Meu Deus, daí reinicia mami, vê ai se reinicia É, eles mandam 10 tapas Lulu Ai então não reinicia né gente Vai Lulu, como você é? Eu to com 18 Ai meu Deus do céu Meu Deus do céu mami Nossa o Miguelinho, você viu que tem um Miguelinho que ele solta alguma coisa assim? Pois é, o tapa dele é super sonico É, o que é isso mami? Tem que pegar esses docinhos, é melancia sei lá Cuidado que se ele te dar um tapa ai você volta para fora Ai meu Deus Mas mami você pode voltar Pode Então vou voltar Lulu Então volta Ai meu Deus Mas então você não morre Será? Acabou E agora? Eu também aconteceu isso Lulu, com 24 tapinhas você?",0.5228872299194336,0.3120259642601013,0.1650867909193039,NEG,0.7551634907722473,0.0098932795226573,0.0586325339972972,0.0066865389235317,0.0368882901966571,0.0212056264281272,0.0130886901170015,0.295883,Luluca Games,Roblox,BATALHA DE TAPAS NO ROBLOX Slap Battles [e7WnQUrJ4vc],0.5228877663612366,GZ,GZ,GZ,"🎬 Canal: Luluca Games | 🎥 Vídeo: BATALHA DE TAPAS NO ROBLOX Slap Battles [e7WnQUrJ4vc]
⏱️ Segmento/Index: 2
🤖 Consenso de IA: GZ (Detoxify: 0.755 | Perspective: 0.296)
──────────────────────────────────────────────────
Fala transcrita:
""Morre Tchê Que palavra aquele Meu Deus, daí reinicia mami, vê ai se reinicia É, eles mandam 10 tapas Lulu Ai então não reinicia né gente Vai Lulu, como você é? Eu to com 18 Ai meu Deus do céu Meu Deus do céu mami Nossa o Miguelinho, você viu que tem um Miguelinho que ele solta alguma coisa assim? Pois é, o tapa dele é super sonico É, o que é isso mami? Tem que pegar esses docinhos, é melancia sei lá Cuidado que se ele te dar um tapa ai você volta para fora Ai meu Deus Mas mami você pode voltar Pode Então vou voltar Lulu Então volta Ai meu Deus Mas então você não morre Será? Acabou E agora? Eu também aconteceu isso Lulu, com 24 tapinhas você?""",Avaliador_A,Avaliador_D
5,"Ah, foda-me É um corno mesmo, é um corno Me dê minha mochila, me dê minha mochila Ele roubou minha mochila 3 Ai, que ódio Já não basta, tenho que estar jogando com um squad ruim Eu ainda tenho que estar jogando com um squad que rouba o pouco de coisa que eu tenho Ai, eu vou dar uma respirada aqui porque eu tô passando mal O Biel tá lá do outro lado do mapa Luteando com medo de perder ponto, mano E o outro corno aqui andando com a minha mochila na escosta, velho A Grécia não sabe onde é que ela tá no mapa perdida Olha o squad que eu tenho Vocês também não vão mais se divertir Volta aqui, vou explodir o carro Não vai se divertir mais não, rapaz Não vai se divertir mais não Estragaram toda a minha felicidade Isso, vou explodir todo mundo aqui Vai, tá no outro carro ali pra ver se eu vou explodir também Ei, caí, pra ver se eu explodo tudo aqui mesmo Ah, que nada, rapaz Não atirem me mesmo, vai, Plutão, vai Um bicho desse que roubou minha mochila Nunca mais na minha vida vou esquecer essa cena Tô sem loot nenhum, tô no final do mapa da Pule Aqui que eu pensei que aqui era o Rio Pule Perdi minha vida toda e o Biel a safe tá vindo Eu tô no mar, tô...",0.9719834327697754,0.0154327107593417,0.0125839076936244,NEG,0.9823544025421144,0.0267247948795557,0.0896319448947906,0.0109261190518736,0.06890669465065,0.0124733196571469,0.1820168048143386,0.7570315,Amy Scarlet,Roblox,Como não pegar mestre no Free Fire [-Q4tItAzX_U],,T,T,T,"🎬 Canal: Amy Scarlet | 🎥 Vídeo: Como não pegar mestre no Free Fire [-Q4tItAzX_U]
⏱️ Segmento/Index: 5
🤖 Consenso de IA: T (Detoxify: 0.982 | Perspective: 0.757)
──────────────────────────────────────────────────
Fala transcrita:
""Ah, foda-me É um corno mesmo, é um corno Me dê minha mochila, me dê minha mochila Ele roubou minha mochila 3 Ai, que ódio Já não basta, tenho que estar jogando com um squad ruim Eu ainda tenho que estar jogando com um squad que rouba o pouco de coisa que eu tenho Ai, eu vou dar uma respirada aqui porque eu tô passando mal O Biel tá lá do outro lado do mapa Luteando com medo de perder ponto, mano E o outro corno aqui andando com a minha mochila na escosta, velho A Grécia não sabe onde é que ela tá no mapa perdida Olha o squad que eu tenho Vocês também não vão mais se divertir Volta aqui, vou explodir o carro Não vai se divertir mais não, rapaz Não vai se divertir mais não Estragaram toda a minha felicidade Isso, vou explodir todo mundo aqui Vai, tá no outro carro ali pra ver se eu vou explodir também Ei, caí, pra ver se eu explodo tudo aqui mesmo Ah, que nada, rapaz Não atirem me mesmo, vai, Plutão, vai Um bicho desse que roubou minha mochila Nunca mais na minha vida vou esquecer essa cena Tô sem loot nenhum, tô no final do mapa da Pule Aqui que eu pensei que aqui era o Rio Pule Perdi minha vida toda e o Biel a safe tá vindo Eu tô no mar, tô...""",Avaliador_B,Avaliador_D
11,"Tem algum lugar sendo assaltado na cidade? Deixa eu ver... não tem nenhum lugar sendo assaltado, Robi! Conseguimos salvar a cidade! Limpamos ela! Não tem nenhum criminoso aqui! E esse poder tá muito bom, ainda mais com essa combinação aí que eu fiz, hein! Usando a arma alienígena junto com o arco explosivo do arqueiro! Eu perdi um rufo ali, naquela nave espacial! Viramos super vilões! O Davi já tá aqui de super vilão, eu também, com o poder do Homem de Ferro! Mas agora, vamos entrar na base secreta dos super vilões! Pra pegar o novo poder que foi adicionado, o novo poder de vilão na cidade! Sim! Então abre aí a porta, Robi, e vamos lá! Vamos pegar esse elevador aqui, vamos testar esse poder de super vilão pra ver se ele é tão bom quanto o poder do arqueiro! Vamos lá! Agora aqui vai vir o poder! E aí? Nossa! Tem esse poder verde que eu gosto muito, é o poder fantasma! Muito louco, parece um slime!",0.031638279557228,0.2357835322618484,0.7325782179832458,POS,0.3297259211540222,0.0003032300155609,0.0128070274367928,0.0004792179679498,0.2524287700653076,0.0007522986270487,0.0005503128049895,0.20705862,Robin Hood Gamer,Minecraft,NOVOS PODERES NA CIDADE DO ROBLOX SUPER HERÓIS VS SUPER VILÕES MAD CITY [xTzZTvgWQ2o],,GZ,GZ,GZ,"🎬 Canal: Robin Hood Gamer | 🎥 Vídeo: NOVOS PODERES NA CIDADE DO ROBLOX SUPER HERÓIS VS SUPER VILÕES MAD CITY [xTzZTvgWQ2o]
⏱️ Segmento/Index: 11
🤖 Consenso de IA: GZ (Detoxify: 0.33 | Perspective: 0.207)
──────────────────────────────────────────────────
Fala transcrita:
""Tem algum lugar sendo assaltado na cidade? Deixa eu ver... não tem nenhum lugar sendo assaltado, Robi! Conseguimos salvar a cidade! Limpamos ela! Não tem nenhum criminoso aqui! E esse poder tá muito bom, ainda mais com essa combinação aí que eu fiz, hein! Usando a arma alienígena junto com o arco explosivo do arqueiro! Eu perdi um rufo ali, naquela nave espacial! Viramos super vilões! O Davi já tá aqui de super vilão, eu também, com o poder do Homem de Ferro! Mas agora, vamos entrar na base secreta dos super vilões! Pra pegar o novo poder que foi adicionado, o novo poder de vilão na cidade! Sim! Então abre aí a porta, Robi, e vamos lá! Vamos pegar esse elevador aqui, vamos testar esse poder de super vilão pra ver se ele é tão bom quanto o poder do arqueiro! Vamos lá! Agora aqui vai vir o poder! E aí? Nossa! Tem esse poder verde que eu gosto muito, é o poder fantasma! Muito louco, parece um slime!""",Avaliador_B,Avaliador_D
51,O que é isso? O que é isso? O que é isso? O que é isso? O que é isso? O que é isso?,0.3540206253528595,0.6012579798698425,0.0447214059531688,NEU,0.0085326163098216,0.0014059760142117,0.02654111944139,0.0011195921106263,0.0089462716132402,0.0008010822348296,0.0015058136777952,0.02308189,meu nome é david,Roblox,STUMBLE GUYS NA VIDA REAL O FILME - SUPER COMPILADO [KjRhJUTatR4],,NT,NT,NT,"🎬 Canal: meu nome é david | 🎥 Vídeo: STUMBLE GUYS NA VIDA REAL O FILME - SUPER COMPILADO [KjRhJUTatR4]
⏱️ Segmento/Index: 51
🤖 Consenso de IA: NT (Detoxify: 0.009 | Perspective: 0.023)
──────────────────────────────────────────────────
Fala transcrita:
""O que é isso? O que é isso? O que é isso? O que é isso? O que é isso? O que é isso?""",Avaliador_B,Avaliador_D
7,"Ah, fiquei preso. O Mindwing já era. E o Mindwing tá com a chave que liberta todo mundo. Aqui, Iagão. Não, não, mas ela volta. Eu acho que coloca... Ó, o que é isso aqui, mano? Falta um gerador só a funcionar, Iagão. Aí, ó, ó, eu coloquei o cartão aqui. Boa, boa. Vamos tentar agora. Deixa eu ver se dá pra pegar alguma dessas poções aqui. Não, não dá. Tem que ligar o gerador, ó. Vai, Iagão, é isso daqui que falta, hein. Agora tem que libertar o Cacá, né? Não, a gente tem que libertar o Cauê. E venham aqui comigo, ó. Dentro dessa sala tem um lugar de fazer poção e eu não sei como é que funciona. Eu coloquei um, tá vendo? Nossa, ele tá guardando caixão, tá? Só pra falar, vocês podem continuar que ele tá guardando caixão. Ô, louco, me dá uma porra. Temos três minutos, velho, pra dar um fora daqui porque já foi liberado a saída e também pra poder fazer a poção, mano. Então, vamos embora, vamos ajudar o cãozinho. Deixa o Cãozinho aí ou não? Ele tá guardando o que? Não, não, na verdade, Tete, não precisa me salvar, não. Ele tá guardando um caixão aqui, deixa ele vai que tá mal. Não, mas se a gente for junto, vem, Pocão, vem junto, velho. Poc, você vai na frente? Tem, tem aí. Pô, vou na frente, seu escudo. Nossa, ele guardou...",0.2327205687761306,0.740028977394104,0.0272504836320877,NEU,0.4239017963409424,0.003182342974469,0.1481245309114456,0.001124958274886,0.0400820188224315,0.0022215258795768,0.0055993585847318,0.20009702,AuthenticGames,Minecraft,Roblox Ratty Catty AUTHENTICGAMES VIROU UM RATINHO - Roblox Gato e Rato 01 [mZ_qhj363v4],,GZ,GZ,GZ,"🎬 Canal: AuthenticGames | 🎥 Vídeo: Roblox Ratty Catty AUTHENTICGAMES VIROU UM RATINHO - Roblox Gato e Rato 01 [mZ_qhj363v4]
⏱️ Segmento/Index: 7
🤖 Consenso de IA: GZ (Detoxify: 0.424 | Perspective: 0.2)
──────────────────────────────────────────────────
Fala transcrita:
""Ah, fiquei preso. O Mindwing já era. E o Mindwing tá com a chave que liberta todo mundo. Aqui, Iagão. Não, não, mas ela volta. Eu acho que coloca... Ó, o que é isso aqui, mano? Falta um gerador só a funcionar, Iagão. Aí, ó, ó, eu coloquei o cartão aqui. Boa, boa. Vamos tentar agora. Deixa eu ver se dá pra pegar alguma dessas poções aqui. Não, não dá. Tem que ligar o gerador, ó. Vai, Iagão, é isso daqui que falta, hein. Agora tem que libertar o Cacá, né? Não, a gente tem que libertar o Cauê. E venham aqui comigo, ó. Dentro dessa sala tem um lugar de fazer poção e eu não sei como é que funciona. Eu coloquei um, tá vendo? Nossa, ele tá guardando caixão, tá? Só pra falar, vocês podem continuar que ele tá guardando caixão. Ô, louco, me dá uma porra. Temos três minutos, velho, pra dar um fora daqui porque já foi liberado a saída e também pra poder fazer a poção, mano. Então, vamos embora, vamos ajudar o cãozinho. Deixa o Cãozinho aí ou não? Ele tá guardando o que? Não, não, na verdade, Tete, não precisa me salvar, não. Ele tá guardando um caixão aqui, deixa ele vai que tá mal. Não, mas se a gente for junto, vem, Pocão, vem junto, velho. Poc, você vai na frente? Tem, tem aí. Pô, vou na frente, seu escudo. Nossa, ele guardou...""",Avaliador_B,Avaliador_D
9,"Tem muita traça, tem muita traça aqui. É verdade, isso é péssimo. Calma, vamos tentar fazer ele explodir. Cadê o Creeper? Explodiu, explodiu! Matou vários monstros. Ah, mas a traça tá atrapalhando demais. Tem esses zumbis que estão atrapalhando e tem guardiões aqui dentro. O problema são os guardiões. Deixa comigo os guardiões. Vamos lá. Toma, toma. Aí já foi mais um, mais esse. Pera aí, acabamos com todos? Eu acho que todos os monstros morreram. Eu tô aqui com efeito de veneno, mas já passou e agora é só olhar o cofre aqui. Sim, Lucky Block com 96% de sorte. Que isso, é muita coisa? É muita coisa, cara. É ótimo. O outro lá era péssimo, né? Você terminou de abrir até aqueles Lucky Blocks? Eu abri os três Lucky Blocks de azar. Eu vou colocar os três aqui, Beto, vou deixar você abrir dois. Cadê? Eu quero abrir. Eu quero abrir Lucky Block, que é da sorte agora.",0.975688099861145,0.0163403861224651,0.0079715400934219,NEG,0.6953431963920593,0.0038288258947432,0.1542842984199524,0.0011435252381488,0.1169095188379287,0.0171945393085479,0.0049935393035411,0.3722269,Robin Hood Gamer,Minecraft,ENCONTRAMOS CASAS DE MINÉRIOS GIGANTES NO CÉU DA VILA DO MINECRAFT [--X2s9oUcCM],,GZ,GZ,GZ,"🎬 Canal: Robin Hood Gamer | 🎥 Vídeo: ENCONTRAMOS CASAS DE MINÉRIOS GIGANTES NO CÉU DA VILA DO MINECRAFT [--X2s9oUcCM]
⏱️ Segmento/Index: 9
🤖 Consenso de IA: GZ (Detoxify: 0.695 | Perspective: 0.372)
──────────────────────────────────────────────────
Fala transcrita:
""Tem muita traça, tem muita traça aqui. É verdade, isso é péssimo. Calma, vamos tentar fazer ele explodir. Cadê o Creeper? Explodiu, explodiu! Matou vários monstros. Ah, mas a traça tá atrapalhando demais. Tem esses zumbis que estão atrapalhando e tem guardiões aqui dentro. O problema são os guardiões. Deixa comigo os guardiões. Vamos lá. Toma, toma. Aí já foi mais um, mais esse. Pera aí, acabamos com todos? Eu acho que todos os monstros morreram. Eu tô aqui com efeito de veneno, mas já passou e agora é só olhar o cofre aqui. Sim, Lucky Block com 96% de sorte. Que isso, é muita coisa? É muita coisa, cara. É ótimo. O outro lá era péssimo, né? Você terminou de abrir até aqueles Lucky Blocks? Eu abri os três Lucky Blocks de azar. Eu vou colocar os três aqui, Beto, vou deixar você abrir dois. Cadê? Eu quero abrir. Eu quero abrir Lucky Block, que é da sorte agora.""",Avaliador_B,Avaliador_D
30,"É, primeiro round eu vou comprar logo um Atom. Isso que eu tô ligado, que ele vai comprar uma arma de um tiro e um gelo. Aí o que eu vou fazer? Vou fazer minha movimentação diferenciada aqui, nem uma cobra. Ele não vai nem saber quem foi que matou ele, tá ligado? E eu tenho que ganhar esse X1, pô, eu não posso perder não, pô. Se eu perder, como é que eu vou dar as quatro contas pra ele? Se eu nem ganhei aquele 4x4 apostado, ele jura que eu ganhei, mas eu nem ganhei? É, primeiro round, agora vai ser o seguinte, aquelas contas vão ser tudo minhas, não vou ganhar só uma não, vou ganhar logo é tudo. As contas são mais minhas do que dele, não precisa brincar nem em sábado, as contas atão é comigo aqui, pá. E vai ser o seguinte, vou comprar um M500 e um gelinho, gelinho pra fazer a movimentação e M500 vou só dar ação, tira na cara dele. E ele vai se arrepender logo, foi chamar logo quem? Se é por vir a lenda do X1, ai eu vou amassar a cara dele.",0.1968133151531219,0.7495793700218201,0.0536072812974453,NEU,0.2002897411584854,0.0005013954942114,0.0046697547659277,0.0007865855004638,0.005088445264846,0.1342351287603378,0.0021036353427916,0.3286776,meu nome é david,Roblox,X1 DOS CRIAS NA VIDA REAL   SUPER COMPILADOS [j-FPKmfw-c8],,GZ,GZ,GZ,"🎬 Canal: meu nome é david | 🎥 Vídeo: X1 DOS CRIAS NA VIDA REAL   SUPER COMPILADOS [j-FPKmfw-c8]
⏱️ Segmento/Index: 30
🤖 Consenso de IA: GZ (Detoxify: 0.2 | Perspective: 0.329)
──────────────────────────────────────────────────
Fala transcrita:
""É, primeiro round eu vou comprar logo um Atom. Isso que eu tô ligado, que ele vai comprar uma arma de um tiro e um gelo. Aí o que eu vou fazer? Vou fazer minha movimentação diferenciada aqui, nem uma cobra. Ele não vai nem saber quem foi que matou ele, tá ligado? E eu tenho que ganhar esse X1, pô, eu não posso perder não, pô. Se eu perder, como é que eu vou dar as quatro contas pra ele? Se eu nem ganhei aquele 4x4 apostado, ele jura que eu ganhei, mas eu nem ganhei? É, primeiro round, agora vai ser o seguinte, aquelas contas vão ser tudo minhas, não vou ganhar só uma não, vou ganhar logo é tudo. As contas são mais minhas do que dele, não precisa brincar nem em sábado, as contas atão é comigo aqui, pá. E vai ser o seguinte, vou comprar um M500 e um gelinho, gelinho pra fazer a movimentação e M500 vou só dar ação, tira na cara dele. E ele vai se arrepender logo, foi chamar logo quem? Se é por vir a lenda do X1, ai eu vou amassar a cara dele.""",Avaliador_B,Avaliador_D
14,"Ah mano, eu não posso sair correndo assim Mas existem rumores Nós matamos muitas pessoas Nós quem? Para! Está me assustando Vem burar na mão de Deus Para, para, para, para, para Deixa eu terminar Eu só quero terminar o meu turno de hoje Ir para casa, tomar um banho Que o cheiro desse lixo aqui grudou na minha roupa Vou tomar um banho, meu chocolate quente E vou dormir Entra no caminhão rapidamente Tem mais ainda? Tava aqui já, saco do lixo? Abilitou meu acesso, vamos embora Acelera, caminhãozinho Quem que gritou, pessoal? Teve um grito de uma mulher? Eu não sei, eu sei que eu vou para frente Acabou a cidade? Fala que acabou Aqui é uma rodovia, para cá não vai? Eu vou para cá, olha Eu acho que agora eu estou saindo da... Ó, tchau, tchau Redville Aqui terminou a cidade, pessoal Acelera, vai mais rápido que você puder É muito gostoso dirigir esse caminhão, pessoal Ele é macio Tipo, eu não sei explicar É gostoso de controlar Fora que ele é silencioso também, né?",0.8829354643821716,0.0841621309518814,0.0329024642705917,NEG,0.2955789566040039,0.0007787183858454,0.0222663693130016,0.001003150595352,0.0895347371697425,0.0115582644939422,0.0144904116168618,0.37751234,Tex HS,Roblox,O LIXO DESSA CIDADE É ASSUSTADOR Cleaning Redville SextaDeTerror [lpzb8I_5YJk],,GZ,GZ,GZ,"🎬 Canal: Tex HS | 🎥 Vídeo: O LIXO DESSA CIDADE É ASSUSTADOR Cleaning Redville SextaDeTerror [lpzb8I_5YJk]
⏱️ Segmento/Index: 14
🤖 Consenso de IA: GZ (Detoxify: 0.296 | Perspective: 0.378)
──────────────────────────────────────────────────
Fala transcrita:
""Ah mano, eu não posso sair correndo assim Mas existem rumores Nós matamos muitas pessoas Nós quem? Para! Está me assustando Vem burar na mão de Deus Para, para, para, para, para Deixa eu terminar Eu só quero terminar o meu turno de hoje Ir para casa, tomar um banho Que o cheiro desse lixo aqui grudou na minha roupa Vou tomar um banho, meu chocolate quente E vou dormir Entra no caminhão rapidamente Tem mais ainda? Tava aqui já, saco do lixo? Abilitou meu acesso, vamos embora Acelera, caminhãozinho Quem que gritou, pessoal? Teve um grito de uma mulher? Eu não sei, eu sei que eu vou para frente Acabou a cidade? Fala que acabou Aqui é uma rodovia, para cá não vai? Eu vou para cá, olha Eu acho que agora eu estou saindo da... Ó, tchau, tchau Redville Aqui terminou a cidade, pessoal Acelera, vai mais rápido que você puder É muito gostoso dirigir esse caminhão, pessoal Ele é macio Tipo, eu não sei explicar É gostoso de controlar Fora que ele é silencioso também, né?""",Avaliador_B,Avaliador_D
5,"Mas não sou eu, não, garoto. Não tem prova nada, eu, hein, garoto, tá chato. Galera, quase que o Eduarda me descobriu. Mas eu consegui aqui, ó, já fazer o meu Sonic. Já consegui atrapalhar ela também, vamos ver ali, ó. Olha lá, ela tá fazendo... Que coisa é essa, mano? Esse é um Sonic? Meu Deus, que coisa feia! Eu nunca vi um negócio tão feio como esse, eu tô até com medo. Vou pegar uma bolinha de neve aqui, galera, e vem aqui do canto, ó. Tá queimando bolinha de neve, será que ela percebeu? Que isso? Quem tacou o negócio aqui? Ai, ela olhou, ela olhou, ela olhou, ela olhou. Vamos fazer aqui, ó, o vídeo que tá construindo. Vou fazer barulho de bloco, galera, pra ela não desconfiar que eu não tô construindo nada. Do nada, maior solzão, começando a cair bolinha de neve. Tudo bem, né? Eduarda, falta dez segundos, Eduarda. Quê? Dez segundos, tio. Dez, que vem depois do nove e antes do onze. É, agora falta um set. Que, que, que, que, que, que, que, que, que, que, que, que, que, que, que? Eduarda, eu tô com medo de ver o teu. Deve estar um negócio feio parecendo você, garota. Por que que tu tá rindo? Eu tô rindo. Eu juro que você vai se impressionar. Eu tenho medo de me impressionar negativamente, Eduarda, de medo.",0.9677951335906982,0.0228980313986539,0.0093069318681955,NEG,0.2147045731544494,0.0037610195577144,0.0427617132663726,0.0028398360591381,0.0385608524084091,0.0023453671019524,0.006738715339452,0.37694603,Marcelodrv,Minecraft,Trollei minha AMIGA na BATALHA DE CONSTRUÇÃO - O FILME [dK_QtOJfaPM],,GZ,GZ,GZ,"🎬 Canal: Marcelodrv | 🎥 Vídeo: Trollei minha AMIGA na BATALHA DE CONSTRUÇÃO - O FILME [dK_QtOJfaPM]
⏱️ Segmento/Index: 5
🤖 Consenso de IA: GZ (Detoxify: 0.215 | Perspective: 0.377)
──────────────────────────────────────────────────
Fala transcrita:
""Mas não sou eu, não, garoto. Não tem prova nada, eu, hein, garoto, tá chato. Galera, quase que o Eduarda me descobriu. Mas eu consegui aqui, ó, já fazer o meu Sonic. Já consegui atrapalhar ela também, vamos ver ali, ó. Olha lá, ela tá fazendo... Que coisa é essa, mano? Esse é um Sonic? Meu Deus, que coisa feia! Eu nunca vi um negócio tão feio como esse, eu tô até com medo. Vou pegar uma bolinha de neve aqui, galera, e vem aqui do canto, ó. Tá queimando bolinha de neve, será que ela percebeu? Que isso? Quem tacou o negócio aqui? Ai, ela olhou, ela olhou, ela olhou, ela olhou. Vamos fazer aqui, ó, o vídeo que tá construindo. Vou fazer barulho de bloco, galera, pra ela não desconfiar que eu não tô construindo nada. Do nada, maior solzão, começando a cair bolinha de neve. Tudo bem, né? Eduarda, falta dez segundos, Eduarda. Quê? Dez segundos, tio. Dez, que vem depois do nove e antes do onze. É, agora falta um set. Que, que, que, que, que, que, que, que, que, que, que, que, que, que, que? Eduarda, eu tô com medo de ver o teu. Deve estar um negócio feio parecendo você, garota. Por que que tu tá rindo? Eu tô rindo. Eu juro que você vai se impressionar. Eu tenho medo de me impressionar negativamente, Eduarda, de medo.""",Avaliador_B,Avaliador_D
4,"É! E a Amandinha, você sabe que tem cachorro que não gosta de ratinho, não, sabia? E eu acho que agora eu vou pegar a ratinha, Amandinha! Vem cá, Amandinha! Pega! Não! Nha! Nha! Pega, Amandinha! Nha! Nha! Nha! E olha, olha quem tá aqui! É um outro ratinho, um ratinho fofinho, né? E tem até um patinho. Olha a Ninizinha virou um patinho, gente! Olha que engraçado! E, gente, olha só esse daqui! Esse é aquele bichinho do fogo! Você viu? Ele solta fogo, esse bichinho, olha só! Tch, tch, tch, tch! Ele solta fogo, né? Ele solta fogo. Ué! O que é isso? Uá! É um porquinho fantasma! Quem é esse porquinho fantasma? Show-e! Oh, Kukê! Não gostei, não! Não gostei, Kukê! Você virou um porquinho fantasma, me deu susto, Kukê!",0.1029738783836364,0.7373585104942322,0.1596675515174865,NEU,0.4469603300094604,0.00268723256886,0.0517624095082283,0.0041526514105498,0.0637496933341026,0.0029696060810238,0.0038670538924634,0.36095104,Lokis,Roblox,LOKIS COLOCOU ROUPA DO PORQUINHO PIGGY  Roblox [rvpHTA2SwvQ],,GZ,GZ,GZ,"🎬 Canal: Lokis | 🎥 Vídeo: LOKIS COLOCOU ROUPA DO PORQUINHO PIGGY  Roblox [rvpHTA2SwvQ]
⏱️ Segmento/Index: 4
🤖 Consenso de IA: GZ (Detoxify: 0.447 | Perspective: 0.361)
──────────────────────────────────────────────────
Fala transcrita:
""É! E a Amandinha, você sabe que tem cachorro que não gosta de ratinho, não, sabia? E eu acho que agora eu vou pegar a ratinha, Amandinha! Vem cá, Amandinha! Pega! Não! Nha! Nha! Pega, Amandinha! Nha! Nha! Nha! E olha, olha quem tá aqui! É um outro ratinho, um ratinho fofinho, né? E tem até um patinho. Olha a Ninizinha virou um patinho, gente! Olha que engraçado! E, gente, olha só esse daqui! Esse é aquele bichinho do fogo! Você viu? Ele solta fogo, esse bichinho, olha só! Tch, tch, tch, tch! Ele solta fogo, né? Ele solta fogo. Ué! O que é isso? Uá! É um porquinho fantasma! Quem é esse porquinho fantasma? Show-e! Oh, Kukê! Não gostei, não! Não gostei, Kukê! Você virou um porquinho fantasma, me deu susto, Kukê!""",Avaliador_B,Avaliador_D
3,"Eu vou fazer a mesma coisa com o navio de vocês! Vocês vão ver só! Iiiiiiihuuu! Vai, gente! Hoje tem rum pra todo mundo! Olha lá! O Eldinaru ficaram daquele lado do navio! Eu tô conseguindo me soltar das correntes! Eu tenho uma chance! É agora! É agora que eu vou fugir! Aí, escapei! Escapei só que os piratas me viram! Eles viram que eu escapei! Pega ele! Pega ele, Capitão! Eu preciso fugir desse caminho! Consegui pular na água! Você não vai fugir, Atus! É! Volta aqui! Capitão, eu consegui capturar ele! Vem! Traz ele de volta pro barco! Vem! Ah! O que vocês estão fazendo comigo? Tá muito quente! É! Vai ficar aí de castigo porque tentou fugir! É! Precisa aprender a não sair fugindo por aí, tá? Eu vou pular na água de novo só pra me esfriar! Ah é? Quer saber? Ah, não vai não! Sai por quê? Por quê? Então... Eldin... Ei, você tá pensando o que eu tô pensando? Eu vou chamar o Kraken! Um segundo, Capitão! Já volto! Que Kraken? O que vocês estão falando? Aham! Você vai ver nosso animalzinho de estimação! Vai! Anda na prancha! O-onde?",0.0888690650463104,0.8007851243019104,0.1103457659482956,NEU,0.4008951485157013,0.0017535749357193,0.0462901853024959,0.0009706883574835,0.0212161745876073,0.030954023823142,0.0037196457851678,0.2854835,Athos,Minecraft,Fui Engolido pelo Kraken no Minecraft [rZVCEH4Z4y8],,GZ,GZ,GZ,"🎬 Canal: Athos | 🎥 Vídeo: Fui Engolido pelo Kraken no Minecraft [rZVCEH4Z4y8]
⏱️ Segmento/Index: 3
🤖 Consenso de IA: GZ (Detoxify: 0.401 | Perspective: 0.285)
──────────────────────────────────────────────────
Fala transcrita:
""Eu vou fazer a mesma coisa com o navio de vocês! Vocês vão ver só! Iiiiiiihuuu! Vai, gente! Hoje tem rum pra todo mundo! Olha lá! O Eldinaru ficaram daquele lado do navio! Eu tô conseguindo me soltar das correntes! Eu tenho uma chance! É agora! É agora que eu vou fugir! Aí, escapei! Escapei só que os piratas me viram! Eles viram que eu escapei! Pega ele! Pega ele, Capitão! Eu preciso fugir desse caminho! Consegui pular na água! Você não vai fugir, Atus! É! Volta aqui! Capitão, eu consegui capturar ele! Vem! Traz ele de volta pro barco! Vem! Ah! O que vocês estão fazendo comigo? Tá muito quente! É! Vai ficar aí de castigo porque tentou fugir! É! Precisa aprender a não sair fugindo por aí, tá? Eu vou pular na água de novo só pra me esfriar! Ah é? Quer saber? Ah, não vai não! Sai por quê? Por quê? Então... Eldin... Ei, você tá pensando o que eu tô pensando? Eu vou chamar o Kraken! Um segundo, Capitão! Já volto! Que Kraken? O que vocês estão falando? Aham! Você vai ver nosso animalzinho de estimação! Vai! Anda na prancha! O-onde?""",Avaliador_B,Avaliador_D
10,"Ele que deu ideia de amassar a sua cabeça, tá? Você devia agradecer! Cê tá louco, mas o David, ele é um rapaz tão bom, menino tão bom! Isso não vai ficar assim, não! Isso não vai ficar assim, não! Que isso? Eu vou fazer um ritual pra chamar o David de volta! Vai explodir, cara! Cê tá louco? O muvu gabedizal! Volta, David! O muvu gabedizal, o muvu gabedizal! Nossa, eu voltei! Aê! Eu sabia que o meu ritual ia dar certo! É sua última, última chance! Robin, por que você me baneou, Robin? Você é muito mau! Não faz mais isso, hein, Robin! E, David, chega de armadilhas! Agora temos que ir juntos! Mas aqui tem dinamites! TNTs azuis! Por que será? Conseguimos! Talvez porque tem a TNTs! Esse é o buraco mais perigoso de todos, hein! Nada de usar isqueiro por aqui! Cuidado, pessoal! Bloco invisível! Ôôôô, o que que é isso, hein? Eu vi esse ataque, eu sou rateiro! Foi o David, foi o David! Foi eu não, fui eu não! Que isso? Parei com isso! Tudo bloco falso! Cadê o Beto? Eu morri, meu! Eu morri! Eu não acredito, Beto! A gente tá preparando o caminho aqui, tranquilo pra você e você se mata!",0.4186950027942657,0.3072159588336944,0.274088978767395,NEG,0.9133058190345764,0.0119710369035601,0.052789457142353,0.0076114428229629,0.0587192997336387,0.0400972142815589,0.031344000250101,0.5559701,Robin Hood Gamer,Minecraft,NÃO ESCOLHA O BURACO ERRADO NO MINECRAFT TNT AZUL VS ESMERALDA [DeCo4HzucwQ],,T,T,T,"🎬 Canal: Robin Hood Gamer | 🎥 Vídeo: NÃO ESCOLHA O BURACO ERRADO NO MINECRAFT TNT AZUL VS ESMERALDA [DeCo4HzucwQ]
⏱️ Segmento/Index: 10
🤖 Consenso de IA: T (Detoxify: 0.913 | Perspective: 0.556)
──────────────────────────────────────────────────
Fala transcrita:
""Ele que deu ideia de amassar a sua cabeça, tá? Você devia agradecer! Cê tá louco, mas o David, ele é um rapaz tão bom, menino tão bom! Isso não vai ficar assim, não! Isso não vai ficar assim, não! Que isso? Eu vou fazer um ritual pra chamar o David de volta! Vai explodir, cara! Cê tá louco? O muvu gabedizal! Volta, David! O muvu gabedizal, o muvu gabedizal! Nossa, eu voltei! Aê! Eu sabia que o meu ritual ia dar certo! É sua última, última chance! Robin, por que você me baneou, Robin? Você é muito mau! Não faz mais isso, hein, Robin! E, David, chega de armadilhas! Agora temos que ir juntos! Mas aqui tem dinamites! TNTs azuis! Por que será? Conseguimos! Talvez porque tem a TNTs! Esse é o buraco mais perigoso de todos, hein! Nada de usar isqueiro por aqui! Cuidado, pessoal! Bloco invisível! Ôôôô, o que que é isso, hein? Eu vi esse ataque, eu sou rateiro! Foi o David, foi o David! Foi eu não, fui eu não! Que isso? Parei com isso! Tudo bloco falso! Cadê o Beto? Eu morri, meu! Eu morri! Eu não acredito, Beto! A gente tá preparando o caminho aqui, tranquilo pra você e você se mata!""",Avaliador_B,Avaliador_D
21,"Óbvio que vai nascer mais um bruh. Calma, preciso de um, dois. Boa. Boa, mano! Será que o End agora também é feito com blocks? Que maravilhoso, véi! Nossa! Dá pra enxergar lá embaixo. Que maluquice, mano. Tá, véi. Deixa eu jogar lá. Vai! Nossa, agora. Uh! Foi! Nossa, mano! Agora... Calma, eu vou pra lá, véi. Hihihi! Nossa, véi! Vai embora. Acho que subir assim é mais rápido, véi. Aí, ó. Vai embora ali. Nossa, eu to vendo muito dano. Vai ali. Vou pra ali agora. Boa. Falta ali, véi. Será que tem que acertar assim, mano? Eu não sei, véi. Eu tô indo na forma mais tradicional aqui. Boa! GG, mano. Tô com os cristais todos destruídos aqui. A cama. Tem que fazer a cama, véi. Eu tenho uma cama aqui. Ai, meu Deus.",0.0557828396558761,0.2939177751541137,0.6502993702888489,POS,0.3902384638786316,0.0017481178510934,0.0460970140993595,0.0028243365231901,0.1195451840758323,0.0433816760778427,0.0088277738541364,0.3666224,Geleia,Minecraft,minecraft mas TODOS OS BIOMAS SÃO ALEATÓRIOS [rhyiiIQCWF8],,GZ,GZ,GZ,"🎬 Canal: Geleia | 🎥 Vídeo: minecraft mas TODOS OS BIOMAS SÃO ALEATÓRIOS [rhyiiIQCWF8]
⏱️ Segmento/Index: 21
🤖 Consenso de IA: GZ (Detoxify: 0.39 | Perspective: 0.367)
──────────────────────────────────────────────────
Fala transcrita:
""Óbvio que vai nascer mais um bruh. Calma, preciso de um, dois. Boa. Boa, mano! Será que o End agora também é feito com blocks? Que maravilhoso, véi! Nossa! Dá pra enxergar lá embaixo. Que maluquice, mano. Tá, véi. Deixa eu jogar lá. Vai! Nossa, agora. Uh! Foi! Nossa, mano! Agora... Calma, eu vou pra lá, véi. Hihihi! Nossa, véi! Vai embora. Acho que subir assim é mais rápido, véi. Aí, ó. Vai embora ali. Nossa, eu to vendo muito dano. Vai ali. Vou pra ali agora. Boa. Falta ali, véi. Será que tem que acertar assim, mano? Eu não sei, véi. Eu tô indo na forma mais tradicional aqui. Boa! GG, mano. Tô com os cristais todos destruídos aqui. A cama. Tem que fazer a cama, véi. Eu tenho uma cama aqui. Ai, meu Deus.""",Avaliador_B,Avaliador_D
25,"Não era um ano? Não, eu não falei um ano não, tá maluco? Ah, tá, mas como é que eu posso ir aqui agora? Eu cheguei perto ali e voltei lá pro início! É, faz parte do labirinto, né? Você vai ter que descobrir sozinho! Ai, meu Deus do céu, calma aí! Será que tem alguma armadilha aqui? Eu jogo aqui... Opa! Descobriu um bloco falso! Ah, seu danadinho! Eu sou esperto! É até que você é inteligente! Tá, e agora a gente pula aqui! E beleza, eu consegui passar! E olha só, você vai ficar um ano sem me trollar, porque isso aqui valeu por um bilhão de trollagens! Uma hora! E você que assistiu o vídeo até o final, comenta susto! Que assim, a gente vai saber que você assistiu!",0.8203461766242981,0.1627954542636871,0.0168584585189819,NEG,0.2479026168584823,0.001365563715808,0.0334620401263237,0.0018597426824271,0.0670966729521751,0.0018574064597487,0.0021000027190893,0.37751234,Kass e KR,Minecraft,Trolei meu AMIGO com MOD de TERROR REALISTA no Minecraft [rnVzaTe5nOA],,GZ,GZ,GZ,"🎬 Canal: Kass e KR | 🎥 Vídeo: Trolei meu AMIGO com MOD de TERROR REALISTA no Minecraft [rnVzaTe5nOA]
⏱️ Segmento/Index: 25
🤖 Consenso de IA: GZ (Detoxify: 0.248 | Perspective: 0.378)
──────────────────────────────────────────────────
Fala transcrita:
""Não era um ano? Não, eu não falei um ano não, tá maluco? Ah, tá, mas como é que eu posso ir aqui agora? Eu cheguei perto ali e voltei lá pro início! É, faz parte do labirinto, né? Você vai ter que descobrir sozinho! Ai, meu Deus do céu, calma aí! Será que tem alguma armadilha aqui? Eu jogo aqui... Opa! Descobriu um bloco falso! Ah, seu danadinho! Eu sou esperto! É até que você é inteligente! Tá, e agora a gente pula aqui! E beleza, eu consegui passar! E olha só, você vai ficar um ano sem me trollar, porque isso aqui valeu por um bilhão de trollagens! Uma hora! E você que assistiu o vídeo até o final, comenta susto! Que assim, a gente vai saber que você assistiu!""",Avaliador_B,Avaliador_D
0,"Logs, eu tô com medo pra me esconder dentro da geladeira! É, Sofia, se esconde, tá bom? Não! A lixofinha, porra! Ah, tem, tem, tem! Ah, não! Calma, menina! Tem esse gato aqui, ó! Pegou! Alguém testemunha um evento fantasma? Evento fantasma? Fantasma? Fantasma! Fantasma! Vamos a um fantasma, Logs! Gente, tem fantasma aqui, fantasma! Olha onde a gente tá! Ah, Logs, você trouxe a gente pro lugar fantasma! Desculpa, desculpa! Por que você fez isso? Claro, o fantasma vai vir atrás da gente! A gente tá atrapalhando o lugar dele! Eu pensei que a gente tá vindo pro lugar legal! Eu acho que a gente veio pro lugar que tem fantasma! Ah, não! Vim pra lua, culpa é sua! E tá tudo escuro!",0.1058041378855705,0.7238001823425293,0.1703956723213195,NEU,0.852302610874176,0.0054776528850197,0.2892190814018249,0.0019381413003429,0.0603539496660232,0.0035316967405378,0.0119103910401463,0.47119883,Lokis,Roblox,SUSTO DO FANTASMA NA CASA ASSOMBRADA  Roblox - Specter [9HwOobqPjqw],,T,T,T,"🎬 Canal: Lokis | 🎥 Vídeo: SUSTO DO FANTASMA NA CASA ASSOMBRADA  Roblox - Specter [9HwOobqPjqw]
⏱️ Segmento/Index: 0
🤖 Consenso de IA: T (Detoxify: 0.852 | Perspective: 0.471)
──────────────────────────────────────────────────
Fala transcrita:
""Logs, eu tô com medo pra me esconder dentro da geladeira! É, Sofia, se esconde, tá bom? Não! A lixofinha, porra! Ah, tem, tem, tem! Ah, não! Calma, menina! Tem esse gato aqui, ó! Pegou! Alguém testemunha um evento fantasma? Evento fantasma? Fantasma? Fantasma! Fantasma! Vamos a um fantasma, Logs! Gente, tem fantasma aqui, fantasma! Olha onde a gente tá! Ah, Logs, você trouxe a gente pro lugar fantasma! Desculpa, desculpa! Por que você fez isso? Claro, o fantasma vai vir atrás da gente! A gente tá atrapalhando o lugar dele! Eu pensei que a gente tá vindo pro lugar legal! Eu acho que a gente veio pro lugar que tem fantasma! Ah, não! Vim pra lua, culpa é sua! E tá tudo escuro!""",Avaliador_B,Avaliador_D
10,"É, eu nem me importo com isso! Isso aí é só uma mínima parte de tudo que eu tenho! Eu não me importo! Ah, é mesmo? Então agora é só me dizer onde tá todo o resto! Eu não vou dizer nada, não vou dizer nada! Pode abrir esse cofre e fica com o dinheiro aí, acho bom me libertar! Não, não! Já peguei o dinheiro que tá aqui, não tem problema! Mas eu só vou te libertar quando eu saber onde tá todo o resto, Atos! Eu quero todo o seu dinheiro! Então você tem um grave problema, porque a coisa mais preciosa que eu tenho é o meu coração! Ah, o coração? Ah, que ideia maravilhosa! Não tem problema, eu vou roubar seu coração! Não, Naru, não faça uma coisa dessa, você tá maluco! Talvez um pouquinho, mas não tem problema não, a gente arranca! Eu vou chamar o Dr. Hanson Crotus, pera aí! Naru, você tá doido! Volta aqui, Naru! O Furious chegou até o banco, só que ele não tá entendendo porque as portas do banco estão abertas de noite, porque tá cheio de buracos ali na frente! Pera aí, por que o banco tá todo aberto a hora dessa?",0.1976680159568786,0.6731168627738953,0.1292150914669037,NEU,0.773591160774231,0.0069721397012472,0.0672710016369819,0.0038461009971797,0.074015125632286,0.0066305072978138,0.0057798107154667,0.34757367,Athos,Minecraft,Passei 99 dias RAPTADO no Minecraft [ect7BzJTxzs],,GZ,GZ,GZ,"🎬 Canal: Athos | 🎥 Vídeo: Passei 99 dias RAPTADO no Minecraft [ect7BzJTxzs]
⏱️ Segmento/Index: 10
🤖 Consenso de IA: GZ (Detoxify: 0.774 | Perspective: 0.348)
──────────────────────────────────────────────────
Fala transcrita:
""É, eu nem me importo com isso! Isso aí é só uma mínima parte de tudo que eu tenho! Eu não me importo! Ah, é mesmo? Então agora é só me dizer onde tá todo o resto! Eu não vou dizer nada, não vou dizer nada! Pode abrir esse cofre e fica com o dinheiro aí, acho bom me libertar! Não, não! Já peguei o dinheiro que tá aqui, não tem problema! Mas eu só vou te libertar quando eu saber onde tá todo o resto, Atos! Eu quero todo o seu dinheiro! Então você tem um grave problema, porque a coisa mais preciosa que eu tenho é o meu coração! Ah, o coração? Ah, que ideia maravilhosa! Não tem problema, eu vou roubar seu coração! Não, Naru, não faça uma coisa dessa, você tá maluco! Talvez um pouquinho, mas não tem problema não, a gente arranca! Eu vou chamar o Dr. Hanson Crotus, pera aí! Naru, você tá doido! Volta aqui, Naru! O Furious chegou até o banco, só que ele não tá entendendo porque as portas do banco estão abertas de noite, porque tá cheio de buracos ali na frente! Pera aí, por que o banco tá todo aberto a hora dessa?""",Avaliador_B,Avaliador_D
1,"Estou pertinho dele! Pra onde ele foi? Eu vou atrás! Ele é o xerifão! Ele está perto de você! Ele me deu um susto porque ele está com a metinha. Eu acho que eu vou ficar escondidinho aqui. Vem, bananinha, vem! Não vamos ficar paradinho, não! Se não morde, vai pegar a gente! Vamos lá pra fora que eu tenho um esconderijo muito legal. Vem, bananinha, vem! Que bananinha, tá vindo! Cadê vocês? Quem é? Onad, por que você tá perguntando quem é? Cadê a gente? Porque eu quis saber! Onad, eu tô achando que você é morde, Onad! Eu tô achando! Não, não! Onad, se você for morde, eu vou contar pro bananinha! É você, sim, Onad! É a Onad! É o pintinho amarelinho! O pintinho amarelinho! Não, o bananinha, ele não é mordezinho, não é! O pintinho amarelinho casa a minha mão na minha mão! Não, não é, Onad, ele é bananinha! O pintinho amarelinho! Sabe quem tá muito caladinha? É a Nick! É a Nick! Eu não, eu não! Eu vi! Eu vi a Nick! Eu vou pegar a minha!",0.1314562857151031,0.6743420362472534,0.1942016631364822,NEU,0.4930567443370819,0.005576436407864,0.0566045455634593,0.0065576694905757,0.0384927988052368,0.006750326603651,0.0146312545984983,0.25462922,Lokis,Roblox,FAQUINHA DO PAPAI NOEL  Roblox - Murder Mystery 2 [n1Mc4yYnJ1o],,GZ,GZ,GZ,"🎬 Canal: Lokis | 🎥 Vídeo: FAQUINHA DO PAPAI NOEL  Roblox - Murder Mystery 2 [n1Mc4yYnJ1o]
⏱️ Segmento/Index: 1
🤖 Consenso de IA: GZ (Detoxify: 0.493 | Perspective: 0.255)
──────────────────────────────────────────────────
Fala transcrita:
""Estou pertinho dele! Pra onde ele foi? Eu vou atrás! Ele é o xerifão! Ele está perto de você! Ele me deu um susto porque ele está com a metinha. Eu acho que eu vou ficar escondidinho aqui. Vem, bananinha, vem! Não vamos ficar paradinho, não! Se não morde, vai pegar a gente! Vamos lá pra fora que eu tenho um esconderijo muito legal. Vem, bananinha, vem! Que bananinha, tá vindo! Cadê vocês? Quem é? Onad, por que você tá perguntando quem é? Cadê a gente? Porque eu quis saber! Onad, eu tô achando que você é morde, Onad! Eu tô achando! Não, não! Onad, se você for morde, eu vou contar pro bananinha! É você, sim, Onad! É a Onad! É o pintinho amarelinho! O pintinho amarelinho! Não, o bananinha, ele não é mordezinho, não é! O pintinho amarelinho casa a minha mão na minha mão! Não, não é, Onad, ele é bananinha! O pintinho amarelinho! Sabe quem tá muito caladinha? É a Nick! É a Nick! Eu não, eu não! Eu vi! Eu vi a Nick! Eu vou pegar a minha!""",Avaliador_B,Avaliador_D
0,"E cá está mais um x1 que toda a comunidade do Free Fire estava esperando Amy Scarlett contra Lady Perigosa, ou mais conhecida como Abot Ela tava querendo ficar no meu time, mas como isso é impossível ela tem que ficar no time contrário Vai Lady aceita que tu vai perder, ninguém mandou você brigar comigo A partida tava começando e ela falou que ia me bagaçar na águia do deserto Então eu falei também vou puxar águia, se você vier me tombar tu vai tombar também Eu já tava fazendo a movimentação de ratazão é pra ela sentir a pressão da garota, a minha pressão E eu confesso a cada passo era um eita porque eu não sabia onde essa pilã tratava Real, não joga em contra a Lady, ela fica se escondendo e você fica nervosa Quando ela falou que tava me vendo eu fiquei toda cagada, meu Deus cadê essa mulher Finalmente eu avistei o saco de lixo correndo, eu nem sabia que lixo andava e ela tava correndo ali no meio do aberto Eu já rodei meu analógico pra ela sentir a pressão da garota Quando eu fui atacar ninguém esperava por isso, cadê essa mulher?",0.2093689292669296,0.5108369588851929,0.2797941267490387,NEU,0.7062991857528687,0.0042203604243695,0.1607697308063507,0.0033413025084882,0.0891846865415573,0.0029899717774242,0.0255785807967185,0.295883,Amy Scarlet,Roblox,Amy Scarlet vs Lady Perigosa [5O8kYhtTHt4],,GZ,GZ,GZ,"🎬 Canal: Amy Scarlet | 🎥 Vídeo: Amy Scarlet vs Lady Perigosa [5O8kYhtTHt4]
⏱️ Segmento/Index: 0
🤖 Consenso de IA: GZ (Detoxify: 0.706 | Perspective: 0.296)
──────────────────────────────────────────────────
Fala transcrita:
""E cá está mais um x1 que toda a comunidade do Free Fire estava esperando Amy Scarlett contra Lady Perigosa, ou mais conhecida como Abot Ela tava querendo ficar no meu time, mas como isso é impossível ela tem que ficar no time contrário Vai Lady aceita que tu vai perder, ninguém mandou você brigar comigo A partida tava começando e ela falou que ia me bagaçar na águia do deserto Então eu falei também vou puxar águia, se você vier me tombar tu vai tombar também Eu já tava fazendo a movimentação de ratazão é pra ela sentir a pressão da garota, a minha pressão E eu confesso a cada passo era um eita porque eu não sabia onde essa pilã tratava Real, não joga em contra a Lady, ela fica se escondendo e você fica nervosa Quando ela falou que tava me vendo eu fiquei toda cagada, meu Deus cadê essa mulher Finalmente eu avistei o saco de lixo correndo, eu nem sabia que lixo andava e ela tava correndo ali no meio do aberto Eu já rodei meu analógico pra ela sentir a pressão da garota Quando eu fui atacar ninguém esperava por isso, cadê essa mulher?""",Avaliador_B,Avaliador_D
8,"Libera aí, libera essa fábrica Eu quero entrar Beleza, o cara tá parado ali Pelo jeito não vai deixar eu entrar mesmo Vamos ver se o Vegeta vai deixar eu entrar Vamos, vamos Eu estou aqui, Vegeta, eu estou aqui pra lutar Abre essa fábrica Vou ficar com o Shuriken Que é a Shuriken Eu cortei o Vegeta, matei ele Depois só finalizei na Katana Ah, não dá pra acertar ele com essa porta fechada Abre aí, medroso Não dá, não dá pra lutar com ele Opa, ele saiu Saiu Shuriken Vai, vai, vai, vai Vai, Shuriken Vai Não, ele saiu bem na hora Tem que desviar, tem que desviar A gente tá tentando fazer o ataque de Shuriken Vai Droga O Vegeta me matou Agora eu tô muito bravo Eu vou me transformar no Goku Eu não vou conseguir virar um Super Saiyan Mas eu vou desbloquear novas habilidades especiais É isso Tô me transformando, vamos lá Cadê o cabelo? Olha a minha cara, ela estica E volta E eu viro o Goku Muito louco esse Goku, tá bem realista, hein Gostei bastante E agora tá na hora de desbloquear Ah, não Isso aqui é a pior coisa que existe Olha isso Eu nunca entendi esse equipamento aqui É um pedaço de madeira Ligado no outro com uma corrente Pra mim não faz sentido não, cara Vou deixar isso aqui no meu inventário E não vou usar Não, de jeito nenhum Vamos ver o que é isso Caraca, mas que braço é esse?",0.5184972882270813,0.4237212538719177,0.0577814914286136,NEG,0.6551256775856018,0.0162505749613046,0.0556950755417346,0.0076165017671883,0.048833929002285,0.007684193085879,0.0155985616147518,0.25462922,Robin Hood Gamer,Minecraft,FÁBRICA DO GOKU NO ROBLOX Dragon Ball Super Tycoon [BwHmGFTXjSk],,GZ,GZ,GZ,"🎬 Canal: Robin Hood Gamer | 🎥 Vídeo: FÁBRICA DO GOKU NO ROBLOX Dragon Ball Super Tycoon [BwHmGFTXjSk]
⏱️ Segmento/Index: 8
🤖 Consenso de IA: GZ (Detoxify: 0.655 | Perspective: 0.255)
──────────────────────────────────────────────────
Fala transcrita:
""Libera aí, libera essa fábrica Eu quero entrar Beleza, o cara tá parado ali Pelo jeito não vai deixar eu entrar mesmo Vamos ver se o Vegeta vai deixar eu entrar Vamos, vamos Eu estou aqui, Vegeta, eu estou aqui pra lutar Abre essa fábrica Vou ficar com o Shuriken Que é a Shuriken Eu cortei o Vegeta, matei ele Depois só finalizei na Katana Ah, não dá pra acertar ele com essa porta fechada Abre aí, medroso Não dá, não dá pra lutar com ele Opa, ele saiu Saiu Shuriken Vai, vai, vai, vai Vai, Shuriken Vai Não, ele saiu bem na hora Tem que desviar, tem que desviar A gente tá tentando fazer o ataque de Shuriken Vai Droga O Vegeta me matou Agora eu tô muito bravo Eu vou me transformar no Goku Eu não vou conseguir virar um Super Saiyan Mas eu vou desbloquear novas habilidades especiais É isso Tô me transformando, vamos lá Cadê o cabelo? Olha a minha cara, ela estica E volta E eu viro o Goku Muito louco esse Goku, tá bem realista, hein Gostei bastante E agora tá na hora de desbloquear Ah, não Isso aqui é a pior coisa que existe Olha isso Eu nunca entendi esse equipamento aqui É um pedaço de madeira Ligado no outro com uma corrente Pra mim não faz sentido não, cara Vou deixar isso aqui no meu inventário E não vou usar Não, de jeito nenhum Vamos ver o que é isso Caraca, mas que braço é esse?""",Avaliador_B,Avaliador_D
13,"Vamos ficar invisível! E vamos chegar lá perto da construção do Cadres. Deixa eu espionar ela! Olha só! Tá bonito! Nossa, eu poderia muito trollar ele agora! Eu poderia muito trollar ele, mas eu não vou fazer isso! E o pior é que por eu não saber construir uma fonte, isso daqui tá deixando a minha casa feia! Mas eu não posso parar, senão o Atus vai descobrir! Ah, quer saber? Eu vou fazer uns detalhezinhos aqui a mais, só pra ver se isso daqui fica menos pior. Agora eu vou vir aqui no meio e colocar essas escadas. E aqui em cima eu vou colocar mais um pouquinho. Ai não, aqui não, aqui não! Eu preciso colocar, na verdade, aqui embaixo. E agora, só pra finalizar, eu coloco uma laje aqui em cima e coloco mais um monte de laje aqui. E essa daqui vai ser a nossa fonte. Eu não vou trollar, eu vou voltar pra casinha e esperar ele. Ficou muito feio isso, mas quer saber? Eu vou voltar pra casinha. E o Atus tá me espionando agora de cima! Atus, você tem que parar de me espionar! Não, eu só tô testando minha luneta, eu limpei a lente dela. Ah, você tá me espionando, você acha que eu não sei, não? Ah, é que olha só que construção bonita!",0.242025688290596,0.4764040410518646,0.2815702557563782,NEU,0.2166111469268798,0.0070325261913239,0.0486087650060653,0.0043756323866546,0.0398604869842529,0.0102189797908067,0.0030441787093877,0.2854971,Cadres,Minecraft,MANSÃO de R1 vs MANSÃO de R1.000.00000 no Minecraft [ShDYg0jAb-A],,GZ,GZ,GZ,"🎬 Canal: Cadres | 🎥 Vídeo: MANSÃO de R1 vs MANSÃO de R1.000.00000 no Minecraft [ShDYg0jAb-A]
⏱️ Segmento/Index: 13
🤖 Consenso de IA: GZ (Detoxify: 0.217 | Perspective: 0.285)
──────────────────────────────────────────────────
Fala transcrita:
""Vamos ficar invisível! E vamos chegar lá perto da construção do Cadres. Deixa eu espionar ela! Olha só! Tá bonito! Nossa, eu poderia muito trollar ele agora! Eu poderia muito trollar ele, mas eu não vou fazer isso! E o pior é que por eu não saber construir uma fonte, isso daqui tá deixando a minha casa feia! Mas eu não posso parar, senão o Atus vai descobrir! Ah, quer saber? Eu vou fazer uns detalhezinhos aqui a mais, só pra ver se isso daqui fica menos pior. Agora eu vou vir aqui no meio e colocar essas escadas. E aqui em cima eu vou colocar mais um pouquinho. Ai não, aqui não, aqui não! Eu preciso colocar, na verdade, aqui embaixo. E agora, só pra finalizar, eu coloco uma laje aqui em cima e coloco mais um monte de laje aqui. E essa daqui vai ser a nossa fonte. Eu não vou trollar, eu vou voltar pra casinha e esperar ele. Ficou muito feio isso, mas quer saber? Eu vou voltar pra casinha. E o Atus tá me espionando agora de cima! Atus, você tem que parar de me espionar! Não, eu só tô testando minha luneta, eu limpei a lente dela. Ah, você tá me espionando, você acha que eu não sei, não? Ah, é que olha só que construção bonita!""",Avaliador_B,Avaliador_D
8,"Eu vou te levar no pet shop que eu vou deixar lá você para do chão! Quê? O que você vai fazer comigo? Vai me deixar pra onde eu sou? É! Eu hein! Socorro! Eu tô presa do arfanato, é culpa do sorveteiro! Socorro! Ele me deixou aqui! Ele é maluco, alguém me salva! Eu vou te adotar! Quê? Eu não quero você como pai! Adotei! Eu vou adotar! Eu vou fugir! Vai você não consegue fugir! Eu vou fugir sim! Você não vai acreditar no que eu vou fazer! Você vai me no pet! Não, olha o que eu vou fazer! Eu vou pegar você no coque! Olha onde eu tô! Eu tô do outro lado! Ai eu tô presa no fim! Eu consigo pegar você ainda! Ai ele é louco, gente!",0.1967970728874206,0.7125416398048401,0.0906612798571586,NEU,0.9716501832008362,0.0092480517923831,0.0711425840854644,0.0035216426476836,0.1632128804922104,0.0582328587770462,0.0176806505769491,0.42985553,Papile,Roblox,SORVETEIRO ROD DO ICE SCREAM FOI ENCONTRADO NO ADOPT ME Roblox [U5Mih084fu0],,T,T,T,"🎬 Canal: Papile | 🎥 Vídeo: SORVETEIRO ROD DO ICE SCREAM FOI ENCONTRADO NO ADOPT ME Roblox [U5Mih084fu0]
⏱️ Segmento/Index: 8
🤖 Consenso de IA: T (Detoxify: 0.972 | Perspective: 0.43)
──────────────────────────────────────────────────
Fala transcrita:
""Eu vou te levar no pet shop que eu vou deixar lá você para do chão! Quê? O que você vai fazer comigo? Vai me deixar pra onde eu sou? É! Eu hein! Socorro! Eu tô presa do arfanato, é culpa do sorveteiro! Socorro! Ele me deixou aqui! Ele é maluco, alguém me salva! Eu vou te adotar! Quê? Eu não quero você como pai! Adotei! Eu vou adotar! Eu vou fugir! Vai você não consegue fugir! Eu vou fugir sim! Você não vai acreditar no que eu vou fazer! Você vai me no pet! Não, olha o que eu vou fazer! Eu vou pegar você no coque! Olha onde eu tô! Eu tô do outro lado! Ai eu tô presa no fim! Eu consigo pegar você ainda! Ai ele é louco, gente!""",Avaliador_B,Avaliador_D
3,"Sai pra lá Eu vou te acertar, vou te acertar, ah tá, calma JP, se concentra, eu sei, eu sei que eu tô nervoso Mas é que você tá me irritando, você me empurrou de cima da montanha Que mal, foi sequeré JP, ai Ai, é bom mesmo, é bom mesmo que tenha sido sem querer, vem por aqui, por aqui, porque eu não lembro, cadê o baú? O baú tava pra cá né? O baú tava pra cá, a gente... Para com isso, nós não podemos fazer muito barulho Porque senão vai chamar a atenção dessas criaturas, dos zumbis Olha essa planta aqui, eu me assustei Ah, você se assustou com uma planta, é realmente uma planta bem feia Mas se concentra, se concentra na missão que é chegar até o baú Que tá logo ali ó, se tem um zumbizinho, será que ele vai me ver?",0.4109259247779846,0.4360372126102447,0.1530368030071258,NEU,0.5875768661499023,0.0103604877367615,0.0633582174777984,0.0053859339095652,0.0422957651317119,0.0146294385194778,0.0085652926936745,0.32236105,JP Plays,Minecraft,MINECRAFT mas COM ARMAS [h1qn5jPVobU],,GZ,GZ,GZ,"🎬 Canal: JP Plays | 🎥 Vídeo: MINECRAFT mas COM ARMAS [h1qn5jPVobU]
⏱️ Segmento/Index: 3
🤖 Consenso de IA: GZ (Detoxify: 0.588 | Perspective: 0.322)
──────────────────────────────────────────────────
Fala transcrita:
""Sai pra lá Eu vou te acertar, vou te acertar, ah tá, calma JP, se concentra, eu sei, eu sei que eu tô nervoso Mas é que você tá me irritando, você me empurrou de cima da montanha Que mal, foi sequeré JP, ai Ai, é bom mesmo, é bom mesmo que tenha sido sem querer, vem por aqui, por aqui, porque eu não lembro, cadê o baú? O baú tava pra cá né? O baú tava pra cá, a gente... Para com isso, nós não podemos fazer muito barulho Porque senão vai chamar a atenção dessas criaturas, dos zumbis Olha essa planta aqui, eu me assustei Ah, você se assustou com uma planta, é realmente uma planta bem feia Mas se concentra, se concentra na missão que é chegar até o baú Que tá logo ali ó, se tem um zumbizinho, será que ele vai me ver?""",Avaliador_B,Avaliador_D
5,"Meu Deus, vai, vai. Vai verdinho, vai verdinho, eu confio. Vai, vai. Tu tem que se escorar atrás do negocinho pra eles não te derrubar, né. Por favor, já morreu um ali e já se fundiu com o outro ali. Morreu o outro e já se fundiu também. Só 3 sobrando. Ah, o verde já morreu, eu acho. Olha, esse aqui é inteligente, ó. Ó, ó, ó, ó, vai, vai, vai, vai. Corre, bichinho. Meu Deus. Boa, boa, passou os dois, vai. Agora vocês tem que decidir pra qual lado vocês vão. Vai um pra cá e outro pra lá pra decidir qual é o melhor. Aí depois o pretinho foi lá pelo lado, o verdinho também. O verdinho morreu, velho. Ah, o pretinho vai se matar agora, quer ver? Não, não, foi, foi. Não. Ah, velho, é muito difícil. Caramba, mano. Verdinho, vai verdinho, vai verdinho, vai verdinho, vai verdinho, vai verdinho. Vamos ver, vamos ver, eu confio em você, vai verdinho, vamos ver, eu confio em você, vamos ver, vamos ver, eu confio em você, se você morrer. Vai, por favor, eu confio em você. Não, corre, bichinho, corre.",0.2411283552646637,0.5157623291015625,0.2431093603372573,NEU,0.7225968241691589,0.0059679527767002,0.0494928807020187,0.0036128172650933,0.0961362272500991,0.1009694188833236,0.0144748939201235,0.2854937,Geleia,Minecraft,FALL GUYS no MINECRAFT INCRÍVEL [Gd81sB6c788],,GZ,GZ,GZ,"🎬 Canal: Geleia | 🎥 Vídeo: FALL GUYS no MINECRAFT INCRÍVEL [Gd81sB6c788]
⏱️ Segmento/Index: 5
🤖 Consenso de IA: GZ (Detoxify: 0.723 | Perspective: 0.285)
──────────────────────────────────────────────────
Fala transcrita:
""Meu Deus, vai, vai. Vai verdinho, vai verdinho, eu confio. Vai, vai. Tu tem que se escorar atrás do negocinho pra eles não te derrubar, né. Por favor, já morreu um ali e já se fundiu com o outro ali. Morreu o outro e já se fundiu também. Só 3 sobrando. Ah, o verde já morreu, eu acho. Olha, esse aqui é inteligente, ó. Ó, ó, ó, ó, vai, vai, vai, vai. Corre, bichinho. Meu Deus. Boa, boa, passou os dois, vai. Agora vocês tem que decidir pra qual lado vocês vão. Vai um pra cá e outro pra lá pra decidir qual é o melhor. Aí depois o pretinho foi lá pelo lado, o verdinho também. O verdinho morreu, velho. Ah, o pretinho vai se matar agora, quer ver? Não, não, foi, foi. Não. Ah, velho, é muito difícil. Caramba, mano. Verdinho, vai verdinho, vai verdinho, vai verdinho, vai verdinho, vai verdinho. Vamos ver, vamos ver, eu confio em você, vai verdinho, vamos ver, eu confio em você, vamos ver, vamos ver, eu confio em você, se você morrer. Vai, por favor, eu confio em você. Não, corre, bichinho, corre.""",Avaliador_B,Avaliador_D
1,"Ai mano, falei pra tu que não ia dar certo essa cauda, caiu um cara de cara Não, foi mal, foi mal, acontece, a culpa foi minha, realmente foi um equivo que eu errei, tô muito equivocado aqui Tô triste, mas menos 50 Mano, nós vamos cair ali no aberto, confia que vai dar bom Tem certeza, ali tá com cara que vai cair muita gente Meu amigo, eu já passei alguma cauda errada pra tu, confia na cauda do ânimo Beleza, vamos pular lá então Vai!",0.4804385006427765,0.4626966118812561,0.0568648912012577,NEG,0.0458244644105434,0.0009946830105036,0.0139462379738688,0.0005559895071201,0.0109845390543341,0.005354537628591,0.0027373246848583,0.16158698,meu nome é david,Roblox,FREE FIRE NA VIDA REAL - EXPECTATIVA VS REALIDADE 3 [mP0M-3P1Ae4],,NT,NT,NT,"🎬 Canal: meu nome é david | 🎥 Vídeo: FREE FIRE NA VIDA REAL - EXPECTATIVA VS REALIDADE 3 [mP0M-3P1Ae4]
⏱️ Segmento/Index: 1
🤖 Consenso de IA: NT (Detoxify: 0.046 | Perspective: 0.162)
──────────────────────────────────────────────────
Fala transcrita:
""Ai mano, falei pra tu que não ia dar certo essa cauda, caiu um cara de cara Não, foi mal, foi mal, acontece, a culpa foi minha, realmente foi um equivo que eu errei, tô muito equivocado aqui Tô triste, mas menos 50 Mano, nós vamos cair ali no aberto, confia que vai dar bom Tem certeza, ali tá com cara que vai cair muita gente Meu amigo, eu já passei alguma cauda errada pra tu, confia na cauda do ânimo Beleza, vamos pular lá então Vai!""",Avaliador_B,Avaliador_D
0,de mata minha para Jela Fina Mortal Jela Fina Mortal Jela Fina Mortal,0.0478754229843616,0.6958615779876709,0.2562629580497741,NEU,0.345215767621994,0.005989734083414,0.0372418984770774,0.0057726660743355,0.0256162174046039,0.0257484037429094,0.0077968053519725,0.22445217,Amy Scarlet,Roblox,Minha mãe ama a filha que tem hahahah [r6mdhU7pMiU],,GZ,GZ,GZ,"🎬 Canal: Amy Scarlet | 🎥 Vídeo: Minha mãe ama a filha que tem hahahah [r6mdhU7pMiU]
⏱️ Segmento/Index: 0
🤖 Consenso de IA: GZ (Detoxify: 0.345 | Perspective: 0.224)
──────────────────────────────────────────────────
Fala transcrita:
""de mata minha para Jela Fina Mortal Jela Fina Mortal Jela Fina Mortal""",Avaliador_B,Avaliador_D
2,"Ele vai ficar aqui e ele vai tá cheio de diamantes! Agora eu vou descer e vou falar com o Chand! Eu vou contar pra ele que eu terminei a minha casa em menos de 10 minutos! E agora eu não vou ser expulso do servidor! Eu vou mostrar a minha casa! Ah! Isso é assalto, isso é assalto! Ladrão, eu sabia que o server tá muito perigoso! Não, é... Vai, passa os diamantes! Eu vou te atacar! Ah! Passa os diamantes agora! Tá, não atira, não atira, não atira! Eu não tenho nenhum diamante! Tem sim, vai buscar agora! Tá bom, eu vou subir lá! Galera, eu tô sendo obrigado a entregar meus diamantes! Que raiva! Esse server tá muito perigoso! Depois eu vou chamar a polícia! Se você chamar a polícia, eu vou atirar! Não, não atira, senhor, não atira! Aqui estão os diamantes! Eu tenho só três diamantes! Isso aí! Não, vim mais um aí! Tá, é verdade, eu tenho quatro! Você não viu nada! Consegui, galera! Eu enganei! Eu enganei o ladrão! Eu dei só quatro diamantes pra ele! E eu tenho 48 diamantes! Oh, me dei bem! E eu acho que o ladrão já foi embora! Agora, finalmente, eu posso sair da casa!",0.2327940464019775,0.7066650986671448,0.0605408698320388,NEU,0.861922025680542,0.0096184145659208,0.0530222579836845,0.0038959269877523,0.0473226457834243,0.057092972099781,0.0175482686609029,0.568186,Athos,Minecraft,Polícia e Ladrão no Minecraft [40GzUlhfRaI],,T,T,T,"🎬 Canal: Athos | 🎥 Vídeo: Polícia e Ladrão no Minecraft [40GzUlhfRaI]
⏱️ Segmento/Index: 2
🤖 Consenso de IA: T (Detoxify: 0.862 | Perspective: 0.568)
──────────────────────────────────────────────────
Fala transcrita:
""Ele vai ficar aqui e ele vai tá cheio de diamantes! Agora eu vou descer e vou falar com o Chand! Eu vou contar pra ele que eu terminei a minha casa em menos de 10 minutos! E agora eu não vou ser expulso do servidor! Eu vou mostrar a minha casa! Ah! Isso é assalto, isso é assalto! Ladrão, eu sabia que o server tá muito perigoso! Não, é... Vai, passa os diamantes! Eu vou te atacar! Ah! Passa os diamantes agora! Tá, não atira, não atira, não atira! Eu não tenho nenhum diamante! Tem sim, vai buscar agora! Tá bom, eu vou subir lá! Galera, eu tô sendo obrigado a entregar meus diamantes! Que raiva! Esse server tá muito perigoso! Depois eu vou chamar a polícia! Se você chamar a polícia, eu vou atirar! Não, não atira, senhor, não atira! Aqui estão os diamantes! Eu tenho só três diamantes! Isso aí! Não, vim mais um aí! Tá, é verdade, eu tenho quatro! Você não viu nada! Consegui, galera! Eu enganei! Eu enganei o ladrão! Eu dei só quatro diamantes pra ele! E eu tenho 48 diamantes! Oh, me dei bem! E eu acho que o ladrão já foi embora! Agora, finalmente, eu posso sair da casa!""",Avaliador_B,Avaliador_D
1,"Meu querido, o que é isso? Eu tô vendo, tá sujo o telhado aqui, mas tá tudo tranquilo. Ô, Rogerinho, não me mata do coração, não, meu filho. Se tu cai daí, já era, hein? Meu Deus do céu, eu cresci! Finalmente! Eduarda, você cresceu, garoto! Tenta entrar aqui na casa, vê se tu consegue. Ó, abri a porta para tu... Tá batendo com a cabeça, garota. Acabou que a tua cabeça vai ficar quadrada, né? Ah, é só quebrar esse bloco aqui, a gente consegue entrar, né, Marcelo? Com a mão, Eduarda? É verdade, é meio difícil. É, vamos fazer a picareta. Sabe, tem alguma coisa aí que eu tô com fome? Eu tenho aquele frango gigante que a gente pegou, né, Eduarda? Isso aqui vai matar a fome do planeta Terra. Olha o tamanho dele. É impossível tu comer isso aí sozinha, Eduarda. Se tu comer esse negócio sozinha... Tava gostoso. Eduarda, cadê o frango que eu te dei agora? Tá aqui na minha barriguinha. Meu Deus do céu, a barriga dela nem cresceu! Eu tô falando, gente, Eduarda é doida! Essa barriga dela aí, ó! Aguenta qualquer coisa aí. Agora que a gente já tem alguns itens, Eduarda, vamos tentar entrar nessa casa aqui, né, porque não tava dando muito, né? Tenta entrar aí agora. Boa, Eduarda! O que tem nesse baú?",0.215395838022232,0.5168323516845703,0.2677717506885528,NEU,0.2508953213691711,0.0016488361870869,0.0531464517116546,0.0008513781940564,0.031946238130331,0.0064780018292367,0.0071227303706109,0.25462922,Marcelodrv,Minecraft,a CADA MINUTO ficamos MAIORES no Minecraft [DEENP2OSk9U],,GZ,GZ,GZ,"🎬 Canal: Marcelodrv | 🎥 Vídeo: a CADA MINUTO ficamos MAIORES no Minecraft [DEENP2OSk9U]
⏱️ Segmento/Index: 1
🤖 Consenso de IA: GZ (Detoxify: 0.251 | Perspective: 0.255)
──────────────────────────────────────────────────
Fala transcrita:
""Meu querido, o que é isso? Eu tô vendo, tá sujo o telhado aqui, mas tá tudo tranquilo. Ô, Rogerinho, não me mata do coração, não, meu filho. Se tu cai daí, já era, hein? Meu Deus do céu, eu cresci! Finalmente! Eduarda, você cresceu, garoto! Tenta entrar aqui na casa, vê se tu consegue. Ó, abri a porta para tu... Tá batendo com a cabeça, garota. Acabou que a tua cabeça vai ficar quadrada, né? Ah, é só quebrar esse bloco aqui, a gente consegue entrar, né, Marcelo? Com a mão, Eduarda? É verdade, é meio difícil. É, vamos fazer a picareta. Sabe, tem alguma coisa aí que eu tô com fome? Eu tenho aquele frango gigante que a gente pegou, né, Eduarda? Isso aqui vai matar a fome do planeta Terra. Olha o tamanho dele. É impossível tu comer isso aí sozinha, Eduarda. Se tu comer esse negócio sozinha... Tava gostoso. Eduarda, cadê o frango que eu te dei agora? Tá aqui na minha barriguinha. Meu Deus do céu, a barriga dela nem cresceu! Eu tô falando, gente, Eduarda é doida! Essa barriga dela aí, ó! Aguenta qualquer coisa aí. Agora que a gente já tem alguns itens, Eduarda, vamos tentar entrar nessa casa aqui, né, porque não tava dando muito, né? Tenta entrar aí agora. Boa, Eduarda! O que tem nesse baú?""",Avaliador_B,Avaliador_D
8,"E eu sou a Ana agora e eu estou pronta para fugir da Pig Na verdade eu não sei se eu estou pronta, né, porque eu fiquei um pouco assustada Vocês viram o sufoco que foi, tudo bem, vamos voltar aqui no jogo e lá vamos nós Ok gente, eu voltei aqui, além da gente ter escolhido aqui ser a Ana Talvez a gente possa ser escolhido para ser a skin da Pig, né Então eu acho que vou deixar o de anjo aqui equipado, porque vai que eu tenho a sorte Não, eu não tenho a sorte Ai a Pig já está ali, não vai dar, dessa vez já era Para de correr atrás de mim que eu acabei de chegar, sua porquinha A partida já existia galera, não foi dessa vez, eu sou a Ana agora e eu vou cantar Você quer brincada leve, a Pig vai me pegar, eu já cantei, ai estou com muito medo",0.1706533432006836,0.6905269026756287,0.1388197392225265,NEU,0.5629422068595886,0.0093284100294113,0.055319920182228,0.0089440140873193,0.0541245453059673,0.0036530261859297,0.006693925242871,0.23739935,Papile,Roblox,ANNA E ELSA DO FROZEN 2 TENTAM ESCAPAR DA PIGGY Roblox - Peppa [EoHiuv695G4],,GZ,GZ,GZ,"🎬 Canal: Papile | 🎥 Vídeo: ANNA E ELSA DO FROZEN 2 TENTAM ESCAPAR DA PIGGY Roblox - Peppa [EoHiuv695G4]
⏱️ Segmento/Index: 8
🤖 Consenso de IA: GZ (Detoxify: 0.563 | Perspective: 0.237)
──────────────────────────────────────────────────
Fala transcrita:
""E eu sou a Ana agora e eu estou pronta para fugir da Pig Na verdade eu não sei se eu estou pronta, né, porque eu fiquei um pouco assustada Vocês viram o sufoco que foi, tudo bem, vamos voltar aqui no jogo e lá vamos nós Ok gente, eu voltei aqui, além da gente ter escolhido aqui ser a Ana Talvez a gente possa ser escolhido para ser a skin da Pig, né Então eu acho que vou deixar o de anjo aqui equipado, porque vai que eu tenho a sorte Não, eu não tenho a sorte Ai a Pig já está ali, não vai dar, dessa vez já era Para de correr atrás de mim que eu acabei de chegar, sua porquinha A partida já existia galera, não foi dessa vez, eu sou a Ana agora e eu vou cantar Você quer brincada leve, a Pig vai me pegar, eu já cantei, ai estou com muito medo""",Avaliador_B,Avaliador_D
13,olha que legal caraca mano sai zumbi sai que bizarra isso aqui gente galera achei aqui mano outra vila vei tem as chances de ter sei lá algum cogumelo no baú alguma coisa eu acho muito difícil mas pô super que eu tinha passado por um pantono né mano nossa nossa que vacilo geleia mais mano só que assim eu preciso de farinha de osso ainda pra crescer o cogumelo não não vai ter não vai ter sim é só que eu preciso de farinha de osso preciso de farinha de osso quebrar o cogumelo é vei eu tenho 5 farinhas de osso aqui no inventário mano ah sério mas esse ta muito longe né gui então mas se tu quiser trocar aí por um diamante e tal um diamante é não é carcaria na guarda né negócio tem que aumentar o preço mano o que que é isso vei oferta demanda né ó eu preciso de deixa eu ver mano é ferrou gente pessoal eu vou conseguir aqui mano é só fazer um baúzinho aqui agora vou ver aqui ó,0.6927554607391357,0.1744870990514755,0.1327574253082275,NEG,0.5259332060813904,0.0077239661477506,0.063904121518135,0.006328385323286,0.046670127660036,0.0067443824373185,0.0165634807199239,0.37694603,Geleia,Minecraft,VOCÊ CONSEGUE ENCONTRAR ESTE BLOCO ALEATÓRIO EM 5 MINUTOS NO MINECRAFT Acha o bloco [ezvPH30pNwg],,GZ,GZ,GZ,"🎬 Canal: Geleia | 🎥 Vídeo: VOCÊ CONSEGUE ENCONTRAR ESTE BLOCO ALEATÓRIO EM 5 MINUTOS NO MINECRAFT Acha o bloco [ezvPH30pNwg]
⏱️ Segmento/Index: 13
🤖 Consenso de IA: GZ (Detoxify: 0.526 | Perspective: 0.377)
──────────────────────────────────────────────────
Fala transcrita:
""olha que legal caraca mano sai zumbi sai que bizarra isso aqui gente galera achei aqui mano outra vila vei tem as chances de ter sei lá algum cogumelo no baú alguma coisa eu acho muito difícil mas pô super que eu tinha passado por um pantono né mano nossa nossa que vacilo geleia mais mano só que assim eu preciso de farinha de osso ainda pra crescer o cogumelo não não vai ter não vai ter sim é só que eu preciso de farinha de osso preciso de farinha de osso quebrar o cogumelo é vei eu tenho 5 farinhas de osso aqui no inventário mano ah sério mas esse ta muito longe né gui então mas se tu quiser trocar aí por um diamante e tal um diamante é não é carcaria na guarda né negócio tem que aumentar o preço mano o que que é isso vei oferta demanda né ó eu preciso de deixa eu ver mano é ferrou gente pessoal eu vou conseguir aqui mano é só fazer um baúzinho aqui agora vou ver aqui ó""",Avaliador_B,Avaliador_D
12,"Caraca, achar um cavalo, velho. Cavalo, tá, cavalo é complicado. Já perdi, é isso. Normal. Meio, eu tô com fome. Eu vou me matar, gente. O que que eu vou fazer? Eu vou andar no chão. Eu vou me matar, gente. Eu vou me matar, gente. O que que eu vou fazer? Eu vou nascer com vida de novo. Eu vou poder encontrar... Achei cavalo. Achei cavalo, galera. Acho que é o ponto da vitória, Eduardo. É o ponto da vitória, Eduardo. Uhuuu. Vem, Eduardo. E aí, Eduardo. O que que achou? Não gostei, eu perdi. Que isso, garoto? Tu quer me bater por causa disso? Quero. Vem cá que eu quero te matar. Até parece, gente. Sem olhar eu corro o cavalo. Eu não quero. Eu quero te matar. Sem olhar eu corro pra ela, gente. Então é assim que a gente vai acabar o nosso vídeo. Então é isso, galera. O vídeo vai ficando por aqui. Felizmente eu ganhei, né? Que eu já sabia que ia acontecer isso. Eduardo chegou perto. Chegou a 7. Jogou bem. Ah, vai cagar. Não, você chegou perto. Que isso? Eu tô te elogiando, garoto.",0.2371358126401901,0.7073084712028503,0.0555556751787662,NEU,0.965269148349762,0.0132764102891087,0.0687488913536071,0.0043057082220911,0.0553001016378402,0.1529635936021804,0.0451631881296634,0.4274071,Marcelodrv,Minecraft,A CADA 1 MINUTO UM DESAFIO DIFERENTE ACONTECE NO MINECRAFT [nb6lSIih_6I],,T,T,T,"🎬 Canal: Marcelodrv | 🎥 Vídeo: A CADA 1 MINUTO UM DESAFIO DIFERENTE ACONTECE NO MINECRAFT [nb6lSIih_6I]
⏱️ Segmento/Index: 12
🤖 Consenso de IA: T (Detoxify: 0.965 | Perspective: 0.427)
──────────────────────────────────────────────────
Fala transcrita:
""Caraca, achar um cavalo, velho. Cavalo, tá, cavalo é complicado. Já perdi, é isso. Normal. Meio, eu tô com fome. Eu vou me matar, gente. O que que eu vou fazer? Eu vou andar no chão. Eu vou me matar, gente. Eu vou me matar, gente. O que que eu vou fazer? Eu vou nascer com vida de novo. Eu vou poder encontrar... Achei cavalo. Achei cavalo, galera. Acho que é o ponto da vitória, Eduardo. É o ponto da vitória, Eduardo. Uhuuu. Vem, Eduardo. E aí, Eduardo. O que que achou? Não gostei, eu perdi. Que isso, garoto? Tu quer me bater por causa disso? Quero. Vem cá que eu quero te matar. Até parece, gente. Sem olhar eu corro o cavalo. Eu não quero. Eu quero te matar. Sem olhar eu corro pra ela, gente. Então é assim que a gente vai acabar o nosso vídeo. Então é isso, galera. O vídeo vai ficando por aqui. Felizmente eu ganhei, né? Que eu já sabia que ia acontecer isso. Eduardo chegou perto. Chegou a 7. Jogou bem. Ah, vai cagar. Não, você chegou perto. Que isso? Eu tô te elogiando, garoto.""",Avaliador_B,Avaliador_D
7,"Pô, dá essa daí mesmo, pô, mete essa daí que vai ficar todo perplexo, tá ligado? Ei, mas, ei, aquela pergunta não tá valendo não, viu, vou fazer outra aqui. Quanto é... agora, agora, agora, agora vai. Quanto é 2 mais 2? Oxe, 2 mais 2? 2 mais 2 é muito fácil, pô. 2 mais 2 é 4. Oxe, errou, olha. Oxe, mas, mas, mas tava certo, pô, porque que tu matou o cara, pô, tava, tava certo. Ih, tava, tava, mas... É, então, essa aula aí eu faltei, olha, a de matemática, logo a 2 mais 2. Tem nada não, vou sim embora. Um arvio, você tudo de dano. Boa noite, gatinha, você mora onde? Qual a cidade que você mora, gato? Você é linda e maravilhosa, bichalinha. Eu quero limpo você, se eu quero é casada, bichalinha.",0.3910940885543823,0.5647913217544556,0.04411456361413,NEU,0.7192528247833252,0.0063462331891059,0.0770098268985748,0.0042723910883069,0.0657054632902145,0.0072470661252737,0.032650988548994,0.2854971,meu nome é david,Roblox,FREE FIRE BATTLEGROUNDS NA VIDA REAL 14 [q3jlbXreTt4],,GZ,GZ,GZ,"🎬 Canal: meu nome é david | 🎥 Vídeo: FREE FIRE BATTLEGROUNDS NA VIDA REAL 14 [q3jlbXreTt4]
⏱️ Segmento/Index: 7
🤖 Consenso de IA: GZ (Detoxify: 0.719 | Perspective: 0.285)
──────────────────────────────────────────────────
Fala transcrita:
""Pô, dá essa daí mesmo, pô, mete essa daí que vai ficar todo perplexo, tá ligado? Ei, mas, ei, aquela pergunta não tá valendo não, viu, vou fazer outra aqui. Quanto é... agora, agora, agora, agora vai. Quanto é 2 mais 2? Oxe, 2 mais 2? 2 mais 2 é muito fácil, pô. 2 mais 2 é 4. Oxe, errou, olha. Oxe, mas, mas, mas tava certo, pô, porque que tu matou o cara, pô, tava, tava certo. Ih, tava, tava, mas... É, então, essa aula aí eu faltei, olha, a de matemática, logo a 2 mais 2. Tem nada não, vou sim embora. Um arvio, você tudo de dano. Boa noite, gatinha, você mora onde? Qual a cidade que você mora, gato? Você é linda e maravilhosa, bichalinha. Eu quero limpo você, se eu quero é casada, bichalinha.""",Avaliador_B,Avaliador_D
1,"É verdade, Lu Mas, nossa, eu tenho muita saudade de entrar aqui e jogar Eu lembro que eu ficava pescando os peixinhos pra ganhar dinheiro Eu era péssima na péssima, vamos ver se isso continua Vamos ver, mami, vou pescar Se isso continua Olha só, mudou? Como é que faz agora, gente? Será que mudou alguma coisa? Ai, assim, mami Nossa, eu continuo péssima, gente, em pescar peixe Nossa, eu joguei lá longe o negócio Eu nunca fui muito boa em pescar os peixinhos, né? Agora parece que eu sou pior, mami É, não tô sabendo também não, Lu Vamos ver, gente É, mami, então ela tá bem incomplica... Nossa, joguei lá na porta Olha lá, mami Tem gente passando... Ai, eu consegui pegar um, mami Gente, eu não peguei nem bolha Nem a bolha do peixe, Lulu Nossa, gente, é muito difícil pegar esse peixe Eu lembro que eu conseguia pegar uns 20 peixes, né, mami? Peguei outro Nossa, até saí da pescaria Vamos conhecer minha casa então, mami? Bora, Lu, Lucas Vem cá, então Você já tem casa?",0.9249005913734436,0.0613756515085697,0.0137238148599863,NEG,0.2134584933519363,0.0065075983293354,0.0539968200027942,0.0049828253686428,0.0321233086287975,0.0018457639962434,0.0083006136119365,0.34757367,Luluca Games,Roblox,Roblox - VOLTAMOS PARA o PASSADO com JOGOS ANTIGOS do ROBLOX  Luluca Games [CCE8omkhdUo],0.9249008893966676,GZ,GZ,GZ,"🎬 Canal: Luluca Games | 🎥 Vídeo: Roblox - VOLTAMOS PARA o PASSADO com JOGOS ANTIGOS do ROBLOX  Luluca Games [CCE8omkhdUo]
⏱️ Segmento/Index: 1
🤖 Consenso de IA: GZ (Detoxify: 0.213 | Perspective: 0.348)
──────────────────────────────────────────────────
Fala transcrita:
""É verdade, Lu Mas, nossa, eu tenho muita saudade de entrar aqui e jogar Eu lembro que eu ficava pescando os peixinhos pra ganhar dinheiro Eu era péssima na péssima, vamos ver se isso continua Vamos ver, mami, vou pescar Se isso continua Olha só, mudou? Como é que faz agora, gente? Será que mudou alguma coisa? Ai, assim, mami Nossa, eu continuo péssima, gente, em pescar peixe Nossa, eu joguei lá longe o negócio Eu nunca fui muito boa em pescar os peixinhos, né? Agora parece que eu sou pior, mami É, não tô sabendo também não, Lu Vamos ver, gente É, mami, então ela tá bem incomplica... Nossa, joguei lá na porta Olha lá, mami Tem gente passando... Ai, eu consegui pegar um, mami Gente, eu não peguei nem bolha Nem a bolha do peixe, Lulu Nossa, gente, é muito difícil pegar esse peixe Eu lembro que eu conseguia pegar uns 20 peixes, né, mami? Peguei outro Nossa, até saí da pescaria Vamos conhecer minha casa então, mami? Bora, Lu, Lucas Vem cá, então Você já tem casa?""",Avaliador_B,Avaliador_D
5,"Eita, eu confio, eu tô atentinho Caraca, a gente Eita, eu tô cuidando com o holofote aí na sua frente Agora, moleque, tu ruxa, ruxa nele Final de LBFS aqui Hydra contra aleatório Valendo Hydra, tem um gel infinito aí na tua frente, cuidado Eu tô sem gel Calma, eu confio tanto em ti, eu confio, tu consegue Hydra, bem lá, Hydra, bem lá Hydra, Hydra, tem três caras Hydra Hydra Caraca, jogou muito Caraca, jogou muito Confio, confio, confio Aí, Hydra Razou, mas era dois contra um Tá trouxa do caramba Quatro kills 336 de abate Caraca, não sei quem foi o melhor, eu, Guilherme E aí, Guilherme Perdeu, hein, menor? Caraca, como é que você matou quatro pessoas com o traje?",0.0646280422806739,0.7021709680557251,0.2332009375095367,NEU,0.2412796467542648,0.0034488758537918,0.0288616567850112,0.0012026706244796,0.030716361477971,0.0170216858386993,0.0038852072320878,0.26859093,Amy Scarlet,Roblox,APOSTEI 500 reais no FREE FIRE [bNxW53xXric],,GZ,GZ,GZ,"🎬 Canal: Amy Scarlet | 🎥 Vídeo: APOSTEI 500 reais no FREE FIRE [bNxW53xXric]
⏱️ Segmento/Index: 5
🤖 Consenso de IA: GZ (Detoxify: 0.241 | Perspective: 0.269)
──────────────────────────────────────────────────
Fala transcrita:
""Eita, eu confio, eu tô atentinho Caraca, a gente Eita, eu tô cuidando com o holofote aí na sua frente Agora, moleque, tu ruxa, ruxa nele Final de LBFS aqui Hydra contra aleatório Valendo Hydra, tem um gel infinito aí na tua frente, cuidado Eu tô sem gel Calma, eu confio tanto em ti, eu confio, tu consegue Hydra, bem lá, Hydra, bem lá Hydra, Hydra, tem três caras Hydra Hydra Caraca, jogou muito Caraca, jogou muito Confio, confio, confio Aí, Hydra Razou, mas era dois contra um Tá trouxa do caramba Quatro kills 336 de abate Caraca, não sei quem foi o melhor, eu, Guilherme E aí, Guilherme Perdeu, hein, menor? Caraca, como é que você matou quatro pessoas com o traje?""",Avaliador_B,Avaliador_D
12,"Uau, você realmente é um perdedor. Cara, quem não tem um plush é você. Que tal se a gente consertar o cérebro desse menino? Meu Deus, ele bateu em mim. O cara bateu em mim, mano. Acabei de pegar o final que é sofrer Bully. Lição aprendida, não traga os seus brinquedos de criança para a escola. Ok, vamos de volta. Ô, meu querido Nerd, depois eu falo com você, beleza? Eu quero ver se eu consigo chegar na aula e tentar responder a chamada rapidinho. Opa, vocês viram o que eu fiz? Eu abri ali uma porta com o meu chapéu, ó. Leis da cidade, não incomodar as pessoas demais. Não pode roubar, também não pode criar explosões lá no fliperama depois de fazer os passos acima. Ou seja, é uma receitinha, né? Eu deixei de falar com o Nerd para depois, mas com a tia da cantina, com o tio da cantina, é lógico que eu vou falar, vai ser agora, né? Olá, oi. Tem lanche, o lanche está pronto ou não? Você gostaria de um pedido ou de alguma comida? É completamente de graça. Hamburguer, salada ou um taco. É, hoje eu estou querendo o taco, pode ser o taco.",0.9059826731681824,0.0787001848220825,0.0153170693665742,NEG,0.8834762573242188,0.0008878074586391,0.0272384975105524,0.0008349804556928,0.6652307510375977,0.0031669815070927,0.0023827892728149,0.64447093,Tex HS,Roblox,TÔ ATRASADO PRA ESCOLA Roblox Late to School  Parte 1 [X85ZjtH6PbE],,T,T,T,"🎬 Canal: Tex HS | 🎥 Vídeo: TÔ ATRASADO PRA ESCOLA Roblox Late to School  Parte 1 [X85ZjtH6PbE]
⏱️ Segmento/Index: 12
🤖 Consenso de IA: T (Detoxify: 0.883 | Perspective: 0.644)
──────────────────────────────────────────────────
Fala transcrita:
""Uau, você realmente é um perdedor. Cara, quem não tem um plush é você. Que tal se a gente consertar o cérebro desse menino? Meu Deus, ele bateu em mim. O cara bateu em mim, mano. Acabei de pegar o final que é sofrer Bully. Lição aprendida, não traga os seus brinquedos de criança para a escola. Ok, vamos de volta. Ô, meu querido Nerd, depois eu falo com você, beleza? Eu quero ver se eu consigo chegar na aula e tentar responder a chamada rapidinho. Opa, vocês viram o que eu fiz? Eu abri ali uma porta com o meu chapéu, ó. Leis da cidade, não incomodar as pessoas demais. Não pode roubar, também não pode criar explosões lá no fliperama depois de fazer os passos acima. Ou seja, é uma receitinha, né? Eu deixei de falar com o Nerd para depois, mas com a tia da cantina, com o tio da cantina, é lógico que eu vou falar, vai ser agora, né? Olá, oi. Tem lanche, o lanche está pronto ou não? Você gostaria de um pedido ou de alguma comida? É completamente de graça. Hamburguer, salada ou um taco. É, hoje eu estou querendo o taco, pode ser o taco.""",Avaliador_B,Avaliador_D
11,"Também? Olha só. Pegaram a flor, peguei. Você pegou? Olha só, pessoal, conseguimos o último item que precisava. Bom, Ara, é um refrigerante. É um refrigerante da bruxa. É a bruxa cola. Eu acho que a gente já tinha feito ela em algum vídeo, não tinha? Eu já tinha essa poção feita, então acho que um dia eu já fiz, pessoal. Mas eu esqueci dela. Provavelmente, só que a gente não lembra dessas coisas. Ia ter sido tudo mais rápido. É, seria tudo bem mais fácil. Vamos então fazer aqui. Eu fiz uma poção de rato. Por que eu não consigo colocar aqui? O quê? A minha poção. Ah, o negócio com a bruxa deu. Você não consegue colocar? Não. Não, porque já está aí. Já está na mesa, querida. Olha, eu sou um rato. Ai, você é um rato, Ju. Que massa, Ju. Que legal. Que legal. Está vendo? Que massa. Dá reset, pai, para você tirar essa backpack, porque ela atrapalha um pouco se o Santi vai voando.",0.1263086795806884,0.847761869430542,0.0259294584393501,NEU,0.5906016230583191,0.0009675291948951,0.0347202531993389,0.0016096514882519,0.2635737359523773,0.0015089672524482,0.0018324387492612,0.2043827,Julia MineGirl,Roblox,Roblox - NOVAS POÇÕES MALUCAS  PARTE 4 Wacky Wizards [l0k_UnWb98s],,GZ,GZ,GZ,"🎬 Canal: Julia MineGirl | 🎥 Vídeo: Roblox - NOVAS POÇÕES MALUCAS  PARTE 4 Wacky Wizards [l0k_UnWb98s]
⏱️ Segmento/Index: 11
🤖 Consenso de IA: GZ (Detoxify: 0.591 | Perspective: 0.204)
──────────────────────────────────────────────────
Fala transcrita:
""Também? Olha só. Pegaram a flor, peguei. Você pegou? Olha só, pessoal, conseguimos o último item que precisava. Bom, Ara, é um refrigerante. É um refrigerante da bruxa. É a bruxa cola. Eu acho que a gente já tinha feito ela em algum vídeo, não tinha? Eu já tinha essa poção feita, então acho que um dia eu já fiz, pessoal. Mas eu esqueci dela. Provavelmente, só que a gente não lembra dessas coisas. Ia ter sido tudo mais rápido. É, seria tudo bem mais fácil. Vamos então fazer aqui. Eu fiz uma poção de rato. Por que eu não consigo colocar aqui? O quê? A minha poção. Ah, o negócio com a bruxa deu. Você não consegue colocar? Não. Não, porque já está aí. Já está na mesa, querida. Olha, eu sou um rato. Ai, você é um rato, Ju. Que massa, Ju. Que legal. Que legal. Está vendo? Que massa. Dá reset, pai, para você tirar essa backpack, porque ela atrapalha um pouco se o Santi vai voando.""",Avaliador_B,Avaliador_D
13,"É, porque aqui, mami, se morrer Já era, né? Mas é tudo! Ai, gente, que essa folha também está palhando aqui, ó! Está bem na minha cara AAAAAAAA! Não, Luluca! O que aconteceu com o trigo? Ai, eu acho que eu caí, né, gente? Calma aí, deixa eu ver o que acontece aqui, se eu morrer Eu acho que eu vou nascer um pouquinho mais pra cima, né? Vamos ver! Esse aqui é tipo torre do terror, né, mami? Nossa, gente! E agora? Cheguei no fiote, mami! Então vai, o Luca, depois do fiote Calma aí! Tem que subir naquelas Aquelas Ervas, plantas É, galhos, galhos, galhos Ai, gente! Ai, gente! Vai, o Luca, eu vou aqui, eu e você! Taca-raca-daca, taca-raca-daca, taca-raca-daca Taca-raca-daca Ai, ai, ai, ai! Mas por que você caiu tudo?",0.2182877957820892,0.7443569302558899,0.0373553149402141,NEU,0.8691717982292175,0.0057073198258876,0.0502044260501861,0.0026161177083849,0.0395581610500812,0.059403333812952,0.0121091613546013,0.44393396,Luluca Games,Roblox,Roblox - ESCAPAMOS DO PAPAI NOEL DO MAL Escape Save Christmas Obby  Luluca Games [kBx6GOnxjKk],0.218288391828537,T,T,T,"🎬 Canal: Luluca Games | 🎥 Vídeo: Roblox - ESCAPAMOS DO PAPAI NOEL DO MAL Escape Save Christmas Obby  Luluca Games [kBx6GOnxjKk]
⏱️ Segmento/Index: 13
🤖 Consenso de IA: T (Detoxify: 0.869 | Perspective: 0.444)
──────────────────────────────────────────────────
Fala transcrita:
""É, porque aqui, mami, se morrer Já era, né? Mas é tudo! Ai, gente, que essa folha também está palhando aqui, ó! Está bem na minha cara AAAAAAAA! Não, Luluca! O que aconteceu com o trigo? Ai, eu acho que eu caí, né, gente? Calma aí, deixa eu ver o que acontece aqui, se eu morrer Eu acho que eu vou nascer um pouquinho mais pra cima, né? Vamos ver! Esse aqui é tipo torre do terror, né, mami? Nossa, gente! E agora? Cheguei no fiote, mami! Então vai, o Luca, depois do fiote Calma aí! Tem que subir naquelas Aquelas Ervas, plantas É, galhos, galhos, galhos Ai, gente! Ai, gente! Vai, o Luca, eu vou aqui, eu e você! Taca-raca-daca, taca-raca-daca, taca-raca-daca Taca-raca-daca Ai, ai, ai, ai! Mas por que você caiu tudo?""",Avaliador_B,Avaliador_D
8,"Parece uma sala De jantar Estou escutando alguns barulhos Espera aí Eu não sei, acho que foi impressão Acho que eu estou escutando coisas, pessoal, nós estamos aqui Em uma sala de jantar JP, JP, tem fogo Isso significa que alguém esteve aqui Não por muito tempo, não faz muito tempo Mas tinha gente dentro dessa casa, pessoal Nós talvez não estejamos sozinhos Nesse lugar Assustador, então vamos tomar cuidado, fica esperto Você vê qualquer tipo de coisa Aqui tem mais uma porta Ai, vocês querem... Estou isso Está tocando um sino, um sino dentro da casa Espera, ai, que assustador Esse barulho é muito, muito, muito assustador Que horror Tá, deixa eu ver, aqui dentro do baú nós temos um relógio Um...",0.1639880836009979,0.6926801800727844,0.1433316618204116,NEU,0.0054215821437537,0.0021303186658769,0.0273037999868392,0.0026433835737407,0.0178263839334249,0.0011281461920589,0.0007852894486859,0.15158679,JP Plays,Minecraft,ENTRAMOS DENTRO DA CASA MAIS ASSUTADORA DA VIZINHANÇA NO MINECRAFT  Casa Monstro [nftT0R4d1Oc],,NT,NT,NT,"🎬 Canal: JP Plays | 🎥 Vídeo: ENTRAMOS DENTRO DA CASA MAIS ASSUTADORA DA VIZINHANÇA NO MINECRAFT  Casa Monstro [nftT0R4d1Oc]
⏱️ Segmento/Index: 8
🤖 Consenso de IA: NT (Detoxify: 0.005 | Perspective: 0.152)
──────────────────────────────────────────────────
Fala transcrita:
""Parece uma sala De jantar Estou escutando alguns barulhos Espera aí Eu não sei, acho que foi impressão Acho que eu estou escutando coisas, pessoal, nós estamos aqui Em uma sala de jantar JP, JP, tem fogo Isso significa que alguém esteve aqui Não por muito tempo, não faz muito tempo Mas tinha gente dentro dessa casa, pessoal Nós talvez não estejamos sozinhos Nesse lugar Assustador, então vamos tomar cuidado, fica esperto Você vê qualquer tipo de coisa Aqui tem mais uma porta Ai, vocês querem... Estou isso Está tocando um sino, um sino dentro da casa Espera, ai, que assustador Esse barulho é muito, muito, muito assustador Que horror Tá, deixa eu ver, aqui dentro do baú nós temos um relógio Um...""",Avaliador_B,Avaliador_D
11,"Eu aviso, senão vai dar ruim pra vocês, mas aqui pessoal ele fala assim ó, que totalmente não tem um templo secreto aqui embaixo né, pra entrar aqui eu consegui, agora aqui ó, eu preciso de 25 finais, quantos finais que eu já fiz? Eu fiz muito final já viu? Mas eu não sei quantos que eu tenho não. Vou retornar mais tarde quando eu tiver esses 25 aqui. Aqui na casa da minha amiguinha, a Giandi, atrás do sofá, quando eu entrei aqui no modo invertido tinha um refrigerante né, agora o que acontece se eu pegar ele também? Olha o formato que ele fica pessoal, mas aqui no modo normal, não é o modo invertido, vou tomar um golinho. Eu acho que isso aqui eu não fiz ainda né. Entrei pro mundo dos animes eu acho, só pode. Se eu ganhei a Bad significa que esse final não tinha recuperado ainda, boa. Eu acho que eu tenho mesmo que procurar outros finais lá no mundo invertido pessoal, porque pra conseguir chegar nos 25 vai demorar bastante viu?",0.2587064802646637,0.6819137930870056,0.0593797527253627,NEU,0.0034080140758305,0.0043172943405807,0.0354147031903266,0.0055465102195739,0.033541414886713,0.0021907747723162,0.0011889146408066,0.16158698,Tex HS,Roblox,TÔ MAIS INTELIGENTE que os TangoMangles do Roblox... [1kN7dblRzkM],,NT,NT,NT,"🎬 Canal: Tex HS | 🎥 Vídeo: TÔ MAIS INTELIGENTE que os TangoMangles do Roblox... [1kN7dblRzkM]
⏱️ Segmento/Index: 11
🤖 Consenso de IA: NT (Detoxify: 0.003 | Perspective: 0.162)
──────────────────────────────────────────────────
Fala transcrita:
""Eu aviso, senão vai dar ruim pra vocês, mas aqui pessoal ele fala assim ó, que totalmente não tem um templo secreto aqui embaixo né, pra entrar aqui eu consegui, agora aqui ó, eu preciso de 25 finais, quantos finais que eu já fiz? Eu fiz muito final já viu? Mas eu não sei quantos que eu tenho não. Vou retornar mais tarde quando eu tiver esses 25 aqui. Aqui na casa da minha amiguinha, a Giandi, atrás do sofá, quando eu entrei aqui no modo invertido tinha um refrigerante né, agora o que acontece se eu pegar ele também? Olha o formato que ele fica pessoal, mas aqui no modo normal, não é o modo invertido, vou tomar um golinho. Eu acho que isso aqui eu não fiz ainda né. Entrei pro mundo dos animes eu acho, só pode. Se eu ganhei a Bad significa que esse final não tinha recuperado ainda, boa. Eu acho que eu tenho mesmo que procurar outros finais lá no mundo invertido pessoal, porque pra conseguir chegar nos 25 vai demorar bastante viu?""",Avaliador_B,Avaliador_D
6,"Olha, caraca, Nuda! Eduarda burlando o sistema do Minecraft, gente. Tá pegando o chão, bicho! De você, Nuda. Não! Não deu. Deu errado. Ah, agora foi. Agora foi muito, inclusive. Cadê, Eduarda? Então, sumiu. Eu vou usar essa bota aqui, mas... Meu Deus do céu, eu vou usar essa aqui, galera. Pera, deu errado. Ah, eu tenho que botar a bota, né? Eu esqueci de ver. Primeiramente... Ó, ó, tranquilo. Não, não tão tranquilo. Não, cuidado, filho. Não, relaxa, galera. A última coisa que vai acontecer comigo é morrer. Ah, não. Bom que eu roubo a bota que eu já tô... Ô, Eduarda! Bota com a minha bota aqui, garota. Eduarda é maluca aqui, gente. Eu falo pra vocês que... Não tem ninguém me vendo. Eu não tenho ninguém me vendo. Não, só uma bota andando sozinha, né, Rimaro? Só uma bota pulando aqui na frente. Só... Nunca queime isso. Galera, tem outra coisa que eu vi também, que o Minecraft tá muito sapequinha. Ô, Rimaro, vem, Rimaro. Vendo de um jeito bom, Rimaro, pode vir daquele jeito.",0.8905780911445618,0.0891774222254753,0.0202444493770599,NEG,0.903416097164154,0.0108073307201266,0.08013267070055,0.0064488179050385,0.0519555583596229,0.00768220750615,0.0511055439710617,0.44393396,Marcelodrv,Minecraft,TESTANDO BOTAS PROIBIDAS NO MINECRAFT [QJWBzsjNamk],,T,T,T,"🎬 Canal: Marcelodrv | 🎥 Vídeo: TESTANDO BOTAS PROIBIDAS NO MINECRAFT [QJWBzsjNamk]
⏱️ Segmento/Index: 6
🤖 Consenso de IA: T (Detoxify: 0.903 | Perspective: 0.444)
──────────────────────────────────────────────────
Fala transcrita:
""Olha, caraca, Nuda! Eduarda burlando o sistema do Minecraft, gente. Tá pegando o chão, bicho! De você, Nuda. Não! Não deu. Deu errado. Ah, agora foi. Agora foi muito, inclusive. Cadê, Eduarda? Então, sumiu. Eu vou usar essa bota aqui, mas... Meu Deus do céu, eu vou usar essa aqui, galera. Pera, deu errado. Ah, eu tenho que botar a bota, né? Eu esqueci de ver. Primeiramente... Ó, ó, tranquilo. Não, não tão tranquilo. Não, cuidado, filho. Não, relaxa, galera. A última coisa que vai acontecer comigo é morrer. Ah, não. Bom que eu roubo a bota que eu já tô... Ô, Eduarda! Bota com a minha bota aqui, garota. Eduarda é maluca aqui, gente. Eu falo pra vocês que... Não tem ninguém me vendo. Eu não tenho ninguém me vendo. Não, só uma bota andando sozinha, né, Rimaro? Só uma bota pulando aqui na frente. Só... Nunca queime isso. Galera, tem outra coisa que eu vi também, que o Minecraft tá muito sapequinha. Ô, Rimaro, vem, Rimaro. Vendo de um jeito bom, Rimaro, pode vir daquele jeito.""",Avaliador_B,Avaliador_D
9,"Tô vendo, se, se, se, se Tem que bater neles, galera Tem que bater neles, ó Toma, toma, toma, toma, toma Eu tô perdendo vida, eu vou comer uma maçã Tô comendo uma maçã É, come isso aqui, come isso aqui Não, eu vou morrer, eu vou morrer muito Uh, consegui ficar vivo Nossa, consegui ficar vivo Mas por pouco, cadê meus companheiros que estavam aqui me ajudando? Aqui, ó Era pra tá aqui me ajudando, mas nada Sala azul foi atacada, todo mundo sobreviveu Sala verde foi atacada É, agora vocês vem aqui, né? Agora vocês vem, né? Eu preciso de energia, galera Preciso de energia Tá, e as tábuas não foram suficientes para segurar eles Felizmente eles foram embora Tá, beleza, agora a gente tem que ir lá pra baixo E dar uma olhada nas, olha, tudo quebrado Janelas quebradas, ó Ó, um amigão aqui descobriu uma janela quebrada É o speedkiller lá, ele é um player, né? E também o basement foi...",0.5879719257354736,0.3465645015239715,0.065463587641716,NEG,0.6842039823532104,0.0037496220320463,0.0168311800807714,0.0016058175824582,0.021933251991868,0.3501171171665191,0.0039599826559424,0.3389984,Tex HS,Roblox,Roblox - INVADIRAM A MINHA CASA Break In [Y7afEJ6rxpA],,GZ,GZ,GZ,"🎬 Canal: Tex HS | 🎥 Vídeo: Roblox - INVADIRAM A MINHA CASA Break In [Y7afEJ6rxpA]
⏱️ Segmento/Index: 9
🤖 Consenso de IA: GZ (Detoxify: 0.684 | Perspective: 0.339)
──────────────────────────────────────────────────
Fala transcrita:
""Tô vendo, se, se, se, se Tem que bater neles, galera Tem que bater neles, ó Toma, toma, toma, toma, toma Eu tô perdendo vida, eu vou comer uma maçã Tô comendo uma maçã É, come isso aqui, come isso aqui Não, eu vou morrer, eu vou morrer muito Uh, consegui ficar vivo Nossa, consegui ficar vivo Mas por pouco, cadê meus companheiros que estavam aqui me ajudando? Aqui, ó Era pra tá aqui me ajudando, mas nada Sala azul foi atacada, todo mundo sobreviveu Sala verde foi atacada É, agora vocês vem aqui, né? Agora vocês vem, né? Eu preciso de energia, galera Preciso de energia Tá, e as tábuas não foram suficientes para segurar eles Felizmente eles foram embora Tá, beleza, agora a gente tem que ir lá pra baixo E dar uma olhada nas, olha, tudo quebrado Janelas quebradas, ó Ó, um amigão aqui descobriu uma janela quebrada É o speedkiller lá, ele é um player, né? E também o basement foi...""",Avaliador_B,Avaliador_D
4,"Não tem nada. Vamos pra Clocks? Não pode mais lutar, é proibido. Não tem mais nada aqui pra mim? Amiga, dá uma olhadinha aí. Dá uma olhadinha superficial aí, pra ver se você achou mais alguma coisa. Tem cara aqui na factória! Tem cara aqui! Grécia, não faz nada. Grécia, não faz nada. Grécia, para. Aonde? Vamos esperar descer. Vem cá, vem cá. E eu acabei de ativar o menino aí. Grécia, Grécia, Grécia! Grécia, morremos. Eu não vou não. Gente! Morri! Olha, morri. Amiga, dá o Cove Flow. Grécia, corre agora. Corre, vamos embora. Mete o pé, mete o pé, corre. Ele joga gelo agachando. Grécia, corre.",0.2487304359674453,0.7055569887161255,0.0457125641405582,NEU,0.7590928673744202,0.0016925684176385,0.0092432824894785,0.0075221206061542,0.0240298155695199,0.3880215585231781,0.0030337336938828,0.37694603,Amy Scarlet,Roblox,SÓ PODIA LOOTEAR NA FACTORY TENTE NÃO RIR [SNpvIoblQKc],,GZ,GZ,GZ,"🎬 Canal: Amy Scarlet | 🎥 Vídeo: SÓ PODIA LOOTEAR NA FACTORY TENTE NÃO RIR [SNpvIoblQKc]
⏱️ Segmento/Index: 4
🤖 Consenso de IA: GZ (Detoxify: 0.759 | Perspective: 0.377)
──────────────────────────────────────────────────
Fala transcrita:
""Não tem nada. Vamos pra Clocks? Não pode mais lutar, é proibido. Não tem mais nada aqui pra mim? Amiga, dá uma olhadinha aí. Dá uma olhadinha superficial aí, pra ver se você achou mais alguma coisa. Tem cara aqui na factória! Tem cara aqui! Grécia, não faz nada. Grécia, não faz nada. Grécia, para. Aonde? Vamos esperar descer. Vem cá, vem cá. E eu acabei de ativar o menino aí. Grécia, Grécia, Grécia! Grécia, morremos. Eu não vou não. Gente! Morri! Olha, morri. Amiga, dá o Cove Flow. Grécia, corre agora. Corre, vamos embora. Mete o pé, mete o pé, corre. Ele joga gelo agachando. Grécia, corre.""",Avaliador_B,Avaliador_D
11,"Agora vocês estão com problema no banheiro E eu vou matar Não, não mata minha vaca Mata ela, Furious, mata ela Eu tenho de presente pra vocês, eles são malvados Nossa, ela caiu da casa Mano, olha o que ele fez com o meu lobo Ele jogou meu lobinho lá dentro daquela casa de boneca estranha Ah não, eu tenho que resgatar o meu lobo Mas como eu vou fazer isso? Oh, isso aqui tá uma porcaria Como assim, uma porcaria? Oh, eu não gostei dessa cama aqui não, tira essa cama daqui Não, a cama do Aranha demorou muito tempo Ele gosta de cama ao ar fresco, tem que ser assim, ó Como assim, não, não tem nada a ver isso E ele dorme aqui, ó Não, não, isso aí ele cai Não, não vai cair não, ele é assim, entendeu? Não, não, não vou deixar assim Se você não deixar ele vai reclamar, você vai ver Não, não vai reclamar Não é possível que ele gosta de uma cama flutuante Fica aqui pra você ver, fica aqui pra você ver, ó Aqui, olha só Olha lá, olha só que legal Não!",0.978249967098236,0.0131479389965534,0.0086021237075328,NEG,0.9504984617233276,0.0156127717345952,0.0845916420221328,0.0057486300356686,0.0728896260261535,0.0572673790156841,0.0242694951593875,0.4574824,Athos,Minecraft,TRANQUEI MEUS AMIGOS EM UMA CASA DE BONECAS NO MINECRAFT [a0byNXW8BJQ],,T,T,T,"🎬 Canal: Athos | 🎥 Vídeo: TRANQUEI MEUS AMIGOS EM UMA CASA DE BONECAS NO MINECRAFT [a0byNXW8BJQ]
⏱️ Segmento/Index: 11
🤖 Consenso de IA: T (Detoxify: 0.95 | Perspective: 0.457)
──────────────────────────────────────────────────
Fala transcrita:
""Agora vocês estão com problema no banheiro E eu vou matar Não, não mata minha vaca Mata ela, Furious, mata ela Eu tenho de presente pra vocês, eles são malvados Nossa, ela caiu da casa Mano, olha o que ele fez com o meu lobo Ele jogou meu lobinho lá dentro daquela casa de boneca estranha Ah não, eu tenho que resgatar o meu lobo Mas como eu vou fazer isso? Oh, isso aqui tá uma porcaria Como assim, uma porcaria? Oh, eu não gostei dessa cama aqui não, tira essa cama daqui Não, a cama do Aranha demorou muito tempo Ele gosta de cama ao ar fresco, tem que ser assim, ó Como assim, não, não tem nada a ver isso E ele dorme aqui, ó Não, não, isso aí ele cai Não, não vai cair não, ele é assim, entendeu? Não, não, não vou deixar assim Se você não deixar ele vai reclamar, você vai ver Não, não vai reclamar Não é possível que ele gosta de uma cama flutuante Fica aqui pra você ver, fica aqui pra você ver, ó Aqui, olha só Olha lá, olha só que legal Não!""",Avaliador_B,Avaliador_D
13,"Meu, é muito divertido esse modo de jogo aqui, chama arsenal, vou deixar o link do mapa na descrição pra que vocês possam se divertir, até que tudo volte ao normal, vocês possam voltar pra escola e tudo mais, tá bom gente? Então é isso, me marquem no Instagram, quero saber que vocês andam aprontando na vida real pra passar o tempo, pra se divertir em casa, me marquem lá, fechou? E é isso, deixa o joinha, se inscreve, acompanha o canal, como eu disse, duas aventuras por dia a partir de hoje cara, então dois vídeos todos os dias da família JP E vocês não podem perder, porque tá uma mais incrível que é o Fiquem com Deus e tchau!",0.0083434395492076,0.0989760085940361,0.8926805853843689,POS,0.0225937981158494,0.0014116290258243,0.0257544443011283,0.0012348890304565,0.0118015641346573,0.0009995677974075,0.0028880564495921,0.112850055,JP Plays,Minecraft,Não pode sair de casa.. então vamos jogar Roblox [FiLIUbHOImQ],,NT,NT,NT,"🎬 Canal: JP Plays | 🎥 Vídeo: Não pode sair de casa.. então vamos jogar Roblox [FiLIUbHOImQ]
⏱️ Segmento/Index: 13
🤖 Consenso de IA: NT (Detoxify: 0.023 | Perspective: 0.113)
──────────────────────────────────────────────────
Fala transcrita:
""Meu, é muito divertido esse modo de jogo aqui, chama arsenal, vou deixar o link do mapa na descrição pra que vocês possam se divertir, até que tudo volte ao normal, vocês possam voltar pra escola e tudo mais, tá bom gente? Então é isso, me marquem no Instagram, quero saber que vocês andam aprontando na vida real pra passar o tempo, pra se divertir em casa, me marquem lá, fechou? E é isso, deixa o joinha, se inscreve, acompanha o canal, como eu disse, duas aventuras por dia a partir de hoje cara, então dois vídeos todos os dias da família JP E vocês não podem perder, porque tá uma mais incrível que é o Fiquem com Deus e tchau!""",Avaliador_B,Avaliador_D
10,"Eu vou levar o boizão. Pera aí, ó, aqui eu vou ali, mano. Uuuuuuuuuuuuuuuuuhuuuuuuu! Olha, olha, olha, mano, a mulher tá andando no cantinho de Pokão. Você tá fazendo... É ninja, é ninja. Eu tô indo com o boizão, mano, vem comigo. O cara desceu o lago lá, vai matar o boi, Pok. Vai matar o boi, velho. O que é que é que é que é isso aí, Pokão? Não fala assim do meu boizão, velho. Pokão e Agão, fiquem trucando, me dê aí rapidão, velho. Vai lá, fiquem à vontade, tá, mano? Vamos lá. Aí, já tô aqui em cima do muro, tô bolado. Sobe, sobe com o boi, sobe. Puxa o boi, puxa o boi. Pra puxar o boi, deixa eu tentar. Será? Então, ó, você tá aí, joga o negócio, joga o negócio. Com... Em cima do... O que é que o boi vem junto? Não dá, não dá. Ah, não, nossa, já pensou, mano? Você traz o boi e tudo, mano? Ó, agora eu vou tentar subir, ó.",0.4497166574001312,0.4452089667320251,0.1050744280219078,NEG,0.278322160243988,0.0011792469304054,0.0117964493110775,0.0010650834301486,0.0287737436592578,0.0446309112012386,0.0125196343287825,0.37955463,AuthenticGames,Minecraft,VIDA DE NINJAS NO MINECRAFT [hJcuZpjZA38],,GZ,GZ,GZ,"🎬 Canal: AuthenticGames | 🎥 Vídeo: VIDA DE NINJAS NO MINECRAFT [hJcuZpjZA38]
⏱️ Segmento/Index: 10
🤖 Consenso de IA: GZ (Detoxify: 0.278 | Perspective: 0.38)
──────────────────────────────────────────────────
Fala transcrita:
""Eu vou levar o boizão. Pera aí, ó, aqui eu vou ali, mano. Uuuuuuuuuuuuuuuuuhuuuuuuu! Olha, olha, olha, mano, a mulher tá andando no cantinho de Pokão. Você tá fazendo... É ninja, é ninja. Eu tô indo com o boizão, mano, vem comigo. O cara desceu o lago lá, vai matar o boi, Pok. Vai matar o boi, velho. O que é que é que é que é isso aí, Pokão? Não fala assim do meu boizão, velho. Pokão e Agão, fiquem trucando, me dê aí rapidão, velho. Vai lá, fiquem à vontade, tá, mano? Vamos lá. Aí, já tô aqui em cima do muro, tô bolado. Sobe, sobe com o boi, sobe. Puxa o boi, puxa o boi. Pra puxar o boi, deixa eu tentar. Será? Então, ó, você tá aí, joga o negócio, joga o negócio. Com... Em cima do... O que é que o boi vem junto? Não dá, não dá. Ah, não, nossa, já pensou, mano? Você traz o boi e tudo, mano? Ó, agora eu vou tentar subir, ó.""",Avaliador_B,Avaliador_D
13,"Eu tô com o gancho! É só usar o gancho! Agora vamos chegar no castelo! Calma, amor! Zupi, aqui é castelo feio! Zupi, aqui é castelo feio! É o seu, né? Só se for! Agora a gente pula! Zupi! O que eu estou tentando fazer é dizer que eu te amo! O que eu estou tentando fazer é dizer que eu te amo!",0.044712696224451,0.7469587326049805,0.2083285748958587,NEU,0.1745142191648483,0.0010651625925675,0.0250892341136932,0.0013514747843146,0.0290664713829755,0.0022540725767612,0.0018000886775553,0.102626406,Lokis,Roblox,CAI CAI NA BOCA DA COBRA GIGANTE  Roblox - Rocket Ragdoll [dx9FnBteB-M],,NT,NT,NT,"🎬 Canal: Lokis | 🎥 Vídeo: CAI CAI NA BOCA DA COBRA GIGANTE  Roblox - Rocket Ragdoll [dx9FnBteB-M]
⏱️ Segmento/Index: 13
🤖 Consenso de IA: NT (Detoxify: 0.175 | Perspective: 0.103)
──────────────────────────────────────────────────
Fala transcrita:
""Eu tô com o gancho! É só usar o gancho! Agora vamos chegar no castelo! Calma, amor! Zupi, aqui é castelo feio! Zupi, aqui é castelo feio! É o seu, né? Só se for! Agora a gente pula! Zupi! O que eu estou tentando fazer é dizer que eu te amo! O que eu estou tentando fazer é dizer que eu te amo!""",Avaliador_B,Avaliador_D
6,"Sim Mas tudo bem, gente É, é o jogo, né, gente? Tá, você? Tá carregando um ovo aqui? Não Tá carregando duas bombas, mas tudo bem Meu Deus do céu, eu prenderia essa pessoa fácil, gente Ah, eu também, né? Brincadeira, viu? Vocês aí vão ficar com ver... Vocês estão batendo papo aí? Não vai pegar o ovo, não? Nossa, quanta pessoa com bomba? Muita bomba Granada, mas o ovo não pode Então, mas o ovo não pode, exatamente Ovo não pode Acho que acabou as pessoas Ai, é, conseguiu Olha, dia 5 Nossa, mano Ah, beleza, ó, o nível baixou Não pode celular Olha, aumentou pra zero Aumentou não, diminuiu, né? É, isso aí Olha quanta pato dentro da pessoa, como assim, gente? É, isso, deu um celular Que celular? Celular não pode Opa, celular Nossa, eu nem enxerguei esse Tem tanto pato, gente, que eu não tô enxergando Parece que tem um celular Opa Boa Aquela moça ali de verde, passou?",0.5893247723579407,0.3541248440742492,0.0565503351390361,NEG,0.2361182272434234,0.0011343683581799,0.0448562689125537,0.0010134276235476,0.024318715557456,0.0176842790096998,0.0026642188895493,0.39987978,Julia MineGirl,Roblox,VIREI SEGURANÇA COM ÓCULOS DE RAIO-X Concourse X-Ray [K5X0REDDxmM],,GZ,GZ,GZ,"🎬 Canal: Julia MineGirl | 🎥 Vídeo: VIREI SEGURANÇA COM ÓCULOS DE RAIO-X Concourse X-Ray [K5X0REDDxmM]
⏱️ Segmento/Index: 6
🤖 Consenso de IA: GZ (Detoxify: 0.236 | Perspective: 0.4)
──────────────────────────────────────────────────
Fala transcrita:
""Sim Mas tudo bem, gente É, é o jogo, né, gente? Tá, você? Tá carregando um ovo aqui? Não Tá carregando duas bombas, mas tudo bem Meu Deus do céu, eu prenderia essa pessoa fácil, gente Ah, eu também, né? Brincadeira, viu? Vocês aí vão ficar com ver... Vocês estão batendo papo aí? Não vai pegar o ovo, não? Nossa, quanta pessoa com bomba? Muita bomba Granada, mas o ovo não pode Então, mas o ovo não pode, exatamente Ovo não pode Acho que acabou as pessoas Ai, é, conseguiu Olha, dia 5 Nossa, mano Ah, beleza, ó, o nível baixou Não pode celular Olha, aumentou pra zero Aumentou não, diminuiu, né? É, isso aí Olha quanta pato dentro da pessoa, como assim, gente? É, isso, deu um celular Que celular? Celular não pode Opa, celular Nossa, eu nem enxerguei esse Tem tanto pato, gente, que eu não tô enxergando Parece que tem um celular Opa Boa Aquela moça ali de verde, passou?""",Avaliador_B,Avaliador_D
13,"Olha Eduardo, ele saiu pra fora Não, não esconde Marcelo, não fica à vista não Oh, ele foi lá pra trás da casa Fio, momento perfeito pra gente invadir essa casa Calma, tem que vir na espreita Olha, não tô fazendo nada Ai, ai, o carteiro Olha Ai, ele vai, ele vai, você nem é Eduardo Sai daí garota Pronto, agora o momento perfeito pra gente entrar Vem, vem, vem Calma, calma, meu Deus do céu Deixa aberta, tava aberta, deixa aberta Desculpa, eu tenho uma ideia Qual ideia? Câmeras de segurança Botar uma aqui, botar outra aqui Boa Eduardo Ó, a gente tem que caçar as esmeraldas dele Que esse é o nosso objetivo Pega, pega, pega, pega Pega tudo, saia correndo, saia correndo Calma, calma, cadê ele? Calma, ele tá passando lá pro outro lado Esconte, esconte Eduardo, eu acho que a gente vai ter que fazer uma passagem secreta pra sair dessa casa Ai meu Deus do céu Marcelo, por que você inventou a de Antônio Andrade? Só tem um problema, Eduardo O quê?",0.1511678397655487,0.5932444930076599,0.2555876672267914,NEU,0.0355676151812076,0.0010540039511397,0.0228788312524557,0.0011583411833271,0.016429703682661,0.0011099242838099,0.0041340189054608,0.09915545,Marcelodrv,Minecraft,24 Passagens Secretas PARA TROLAR SUA AMIGA [acHiZml43As],,NT,NT,NT,"🎬 Canal: Marcelodrv | 🎥 Vídeo: 24 Passagens Secretas PARA TROLAR SUA AMIGA [acHiZml43As]
⏱️ Segmento/Index: 13
🤖 Consenso de IA: NT (Detoxify: 0.036 | Perspective: 0.099)
──────────────────────────────────────────────────
Fala transcrita:
""Olha Eduardo, ele saiu pra fora Não, não esconde Marcelo, não fica à vista não Oh, ele foi lá pra trás da casa Fio, momento perfeito pra gente invadir essa casa Calma, tem que vir na espreita Olha, não tô fazendo nada Ai, ai, o carteiro Olha Ai, ele vai, ele vai, você nem é Eduardo Sai daí garota Pronto, agora o momento perfeito pra gente entrar Vem, vem, vem Calma, calma, meu Deus do céu Deixa aberta, tava aberta, deixa aberta Desculpa, eu tenho uma ideia Qual ideia? Câmeras de segurança Botar uma aqui, botar outra aqui Boa Eduardo Ó, a gente tem que caçar as esmeraldas dele Que esse é o nosso objetivo Pega, pega, pega, pega Pega tudo, saia correndo, saia correndo Calma, calma, cadê ele? Calma, ele tá passando lá pro outro lado Esconte, esconte Eduardo, eu acho que a gente vai ter que fazer uma passagem secreta pra sair dessa casa Ai meu Deus do céu Marcelo, por que você inventou a de Antônio Andrade? Só tem um problema, Eduardo O quê?""",Avaliador_B,Avaliador_D
4,"Agora vou arremessar. Eita, cadê? Aí voltou. Nossa, tá aqui. Nossa, que tadinho dodeu. Não, eu acho que eu perdi. Eu perdi a minha. Você perdeu a sua, McFly. Ih, tadinho do McFly. É, tem que tomar cuidado que ela pode ir e não voltar mais. Então tem que ficar muito ligado nisso, né. Eu vou subir nessa montanha. Quer dizer, não tem como eu subir porque não tem um caminho. Mas eu posso criar esse caminho. Olha só que legal, pessoal. Muito top. Só que agora eu joguei com pouca força, né, pouca intensidade. Vamos tentar arremessar com mais força. Ó, que foi longe, né. Tem que estar mais perto. Espera aí, deixa eu chegar mais perto. Caraca, o que aconteceu? Nossa, de diamante ela é tão rápida que ela vai e volta muito rápido. Então a gente tem que tomar cuidado com isso, porque ela pode estar quebrando com facilidade, né. Tipo, ela pode estar sumindo com facilidade. Mas olha só, pessoal, muito top de diamante. Olha isso, foi longe agora. Tem hora que ela vai longe, tem hora que vai perto. De diamante. Deixa eu fazer um teste, deixa eu fazer um teste. Cadê você? Eu tô chegando? Você consegue me acertar? Eu vou tentar. Eu vou tentar te acertar, hein. Na verdade, eu acho que ela quebra o chão e faz você cair. Nossa, olha isso. Ela fez um super círculo.",0.7156003713607788,0.2236508578062057,0.0607488006353378,NEG,0.2728918194770813,0.0031737296376377,0.0686201378703117,0.0012694103643298,0.0222905799746513,0.0062512191943824,0.0086668413132429,0.20102765,JP Plays,Minecraft,JUNTEI TODAS AS PICARETAS E FIZ UM ITEM SECRETO NO MINECRAFT [lNj-wA5ueM0],,GZ,GZ,GZ,"🎬 Canal: JP Plays | 🎥 Vídeo: JUNTEI TODAS AS PICARETAS E FIZ UM ITEM SECRETO NO MINECRAFT [lNj-wA5ueM0]
⏱️ Segmento/Index: 4
🤖 Consenso de IA: GZ (Detoxify: 0.273 | Perspective: 0.201)
──────────────────────────────────────────────────
Fala transcrita:
""Agora vou arremessar. Eita, cadê? Aí voltou. Nossa, tá aqui. Nossa, que tadinho dodeu. Não, eu acho que eu perdi. Eu perdi a minha. Você perdeu a sua, McFly. Ih, tadinho do McFly. É, tem que tomar cuidado que ela pode ir e não voltar mais. Então tem que ficar muito ligado nisso, né. Eu vou subir nessa montanha. Quer dizer, não tem como eu subir porque não tem um caminho. Mas eu posso criar esse caminho. Olha só que legal, pessoal. Muito top. Só que agora eu joguei com pouca força, né, pouca intensidade. Vamos tentar arremessar com mais força. Ó, que foi longe, né. Tem que estar mais perto. Espera aí, deixa eu chegar mais perto. Caraca, o que aconteceu? Nossa, de diamante ela é tão rápida que ela vai e volta muito rápido. Então a gente tem que tomar cuidado com isso, porque ela pode estar quebrando com facilidade, né. Tipo, ela pode estar sumindo com facilidade. Mas olha só, pessoal, muito top de diamante. Olha isso, foi longe agora. Tem hora que ela vai longe, tem hora que vai perto. De diamante. Deixa eu fazer um teste, deixa eu fazer um teste. Cadê você? Eu tô chegando? Você consegue me acertar? Eu vou tentar. Eu vou tentar te acertar, hein. Na verdade, eu acho que ela quebra o chão e faz você cair. Nossa, olha isso. Ela fez um super círculo.""",Avaliador_B,Avaliador_D
8,"Tá gripada também ali, né. A sobrancelha é feita pela Sheila. Traz um remédio pra ela, mano. Ela vai fazer a poção brava. Infelizmente, ela foi um pouco mal. Isso aqui, isso aqui é a cabeleireira Leila. É a beleca, ó. Ela tem a verruga, ela tem a verruga. Exatamente, ela foi na cabeleireira Leila, mas a verruga é uma parte dela, não quis tirar a verruga dela, né. Aí ela tá um pouco grusa, porque a coisa que ela fez sujou, entendeu? Mas assim, ela tá lançando um feitiço aqui pra se limpar, tá vendo? Isso aqui é feitiço, Malena, esses vidros aqui? Isso, isso é o feitiço. Não é vidro, não é feitiço. Aí ó, aqui a vassoura dela, que ela tá aqui marrendo o coração de um homem que ela quebrou, tá vendo? Que isso, mano. Que que é essa cesta, esse coração aqui, mano? O cabelo foi feito pela cabeleireira Leila, na verdade pelo Cauê. E aqui, essa bruxa aqui, quem vai explicar é a Authentic. É, a tiga bruxa da Authentic. Bom, mano, há muitos tempos atrás, quando eu era um jovem construtor, né, velho. E eu fiz uma obra de arte que ficou eternizada na internet.",0.2096366882324218,0.7158763408660889,0.0744870007038116,NEU,0.326457530260086,0.0006237006164155,0.0458020269870758,0.0010397265432402,0.2250723540782928,0.001383782713674,0.0036713331937789,0.3389984,AuthenticGames,Minecraft,AUTHENTICGAMES vs JAZZGHOST NA BATALHA DE CONSTRUÇÃO [YAfUdfBFs50],,GZ,GZ,GZ,"🎬 Canal: AuthenticGames | 🎥 Vídeo: AUTHENTICGAMES vs JAZZGHOST NA BATALHA DE CONSTRUÇÃO [YAfUdfBFs50]
⏱️ Segmento/Index: 8
🤖 Consenso de IA: GZ (Detoxify: 0.326 | Perspective: 0.339)
──────────────────────────────────────────────────
Fala transcrita:
""Tá gripada também ali, né. A sobrancelha é feita pela Sheila. Traz um remédio pra ela, mano. Ela vai fazer a poção brava. Infelizmente, ela foi um pouco mal. Isso aqui, isso aqui é a cabeleireira Leila. É a beleca, ó. Ela tem a verruga, ela tem a verruga. Exatamente, ela foi na cabeleireira Leila, mas a verruga é uma parte dela, não quis tirar a verruga dela, né. Aí ela tá um pouco grusa, porque a coisa que ela fez sujou, entendeu? Mas assim, ela tá lançando um feitiço aqui pra se limpar, tá vendo? Isso aqui é feitiço, Malena, esses vidros aqui? Isso, isso é o feitiço. Não é vidro, não é feitiço. Aí ó, aqui a vassoura dela, que ela tá aqui marrendo o coração de um homem que ela quebrou, tá vendo? Que isso, mano. Que que é essa cesta, esse coração aqui, mano? O cabelo foi feito pela cabeleireira Leila, na verdade pelo Cauê. E aqui, essa bruxa aqui, quem vai explicar é a Authentic. É, a tiga bruxa da Authentic. Bom, mano, há muitos tempos atrás, quando eu era um jovem construtor, né, velho. E eu fiz uma obra de arte que ficou eternizada na internet.""",Avaliador_B,Avaliador_D
6,"Sabe quem foi? Quem? Quem ganhou o presente da sabotagem? E eu não cheguei! Ninguém vai chegar! Ninguém! Ah! Ninguém! Tem que chegar juntinho! Tem que chegar junto! Não! E não é pra fazer sabotagem comigo, tá bom? Não é pra fazer! Vamos lá gente! Por que a gente não vai fazer sabotagem você? Pronto! Fiz bobagem, bobagem, botagem! Botagem? Eu fiz sabotagem! Não, sabotagem! Você fez bobagem, bobagem! Não, sabotagem! Botagem! Fez bobagem! Botagem! Sabotagem! Isso é bobagem! Botagem! Botagem! Botagem! Botagem! Botagem! Botagem! Botagem de popo na casca do ovo! Não! Vamos apostar a corrida! Vamos apostar a corrida, tá bom? 3 de 2! Meninas vs meninas!",0.2855086922645569,0.6505305171012878,0.0639607384800911,NEU,0.4365608692169189,0.0002421257086098,0.0135717978700995,0.0007934254826977,0.2144283801317215,0.0006426989566534,0.004260572604835,0.34757367,Lokis,Roblox,DE CABEÇA PARA BAIXO  Roblox - Ride Down A Rainbow Slide [0bo1Ldu7TJ0],,GZ,GZ,GZ,"🎬 Canal: Lokis | 🎥 Vídeo: DE CABEÇA PARA BAIXO  Roblox - Ride Down A Rainbow Slide [0bo1Ldu7TJ0]
⏱️ Segmento/Index: 6
🤖 Consenso de IA: GZ (Detoxify: 0.437 | Perspective: 0.348)
──────────────────────────────────────────────────
Fala transcrita:
""Sabe quem foi? Quem? Quem ganhou o presente da sabotagem? E eu não cheguei! Ninguém vai chegar! Ninguém! Ah! Ninguém! Tem que chegar juntinho! Tem que chegar junto! Não! E não é pra fazer sabotagem comigo, tá bom? Não é pra fazer! Vamos lá gente! Por que a gente não vai fazer sabotagem você? Pronto! Fiz bobagem, bobagem, botagem! Botagem? Eu fiz sabotagem! Não, sabotagem! Você fez bobagem, bobagem! Não, sabotagem! Botagem! Fez bobagem! Botagem! Sabotagem! Isso é bobagem! Botagem! Botagem! Botagem! Botagem! Botagem! Botagem! Botagem de popo na casca do ovo! Não! Vamos apostar a corrida! Vamos apostar a corrida, tá bom? 3 de 2! Meninas vs meninas!""",Avaliador_B,Avaliador_D
7,"Eu tenho, ó, eu tenho um machado aqui Isso aqui é bom Nossa, a gente pode cavar e escapar daqui É, coloca isso aqui também debaixo da cama dela Vai, vai Faz assim Pega o machado e vai cavando E eu vou colocar TNT na cama da professora Eu fui até o quarto da cuidadora E agora eu preciso expor uma TNT embaixo da cama dela Vamos cavar aqui Eu deixei o machado com o GBL pra ele cavar o nosso túnel de fuga A gente vai sair na noite E agora vamos colocar TNT aqui embaixo E pronto, a madeira Quando a professora for dormir, eu vou explodir essa TNT Ah, tchê, tchê, seu Furious Agora vamos, vamos, vamos Que você tem que ir pra lá pra dormir Vamos, vamos, seu Furious Seu atu está fazendo o quê fora da cama? Eu fui ver o meu neto, veio me visitar Mentira, seu neto veio me visitar É verdade Vai logo, vai logo Ai, eu tô indo pro quarto, ai, minhas costas Oi, gente Oi, meus amigos Seu Furious, eu preciso tomar banho, vora Não, não, Furious, você não precisa tomar banho Você vai fazer xixi na cama mesmo Que gritaiar é essa? Vai, entra o GBL, entra A cuidadora levou o Furious até o banheiro Pô, seu Furious, fica aí que eu vou te dar banho agora, tá? Não, tá gelando essa água Ela lavou o Furious e deixou ele limpinho GBL, você conseguiu cavar o túnel?",0.0663969814777374,0.765271782875061,0.1683311611413955,NEU,0.5166873931884766,0.0087126120924949,0.0550130195915699,0.0065380968153476,0.0440906956791877,0.0045342156663537,0.0307893641293048,0.27525392,Athos,Minecraft,RECRIEI O BINGO NO MINECRAFT [IxXzVcqbWm4],,GZ,GZ,GZ,"🎬 Canal: Athos | 🎥 Vídeo: RECRIEI O BINGO NO MINECRAFT [IxXzVcqbWm4]
⏱️ Segmento/Index: 7
🤖 Consenso de IA: GZ (Detoxify: 0.517 | Perspective: 0.275)
──────────────────────────────────────────────────
Fala transcrita:
""Eu tenho, ó, eu tenho um machado aqui Isso aqui é bom Nossa, a gente pode cavar e escapar daqui É, coloca isso aqui também debaixo da cama dela Vai, vai Faz assim Pega o machado e vai cavando E eu vou colocar TNT na cama da professora Eu fui até o quarto da cuidadora E agora eu preciso expor uma TNT embaixo da cama dela Vamos cavar aqui Eu deixei o machado com o GBL pra ele cavar o nosso túnel de fuga A gente vai sair na noite E agora vamos colocar TNT aqui embaixo E pronto, a madeira Quando a professora for dormir, eu vou explodir essa TNT Ah, tchê, tchê, seu Furious Agora vamos, vamos, vamos Que você tem que ir pra lá pra dormir Vamos, vamos, seu Furious Seu atu está fazendo o quê fora da cama? Eu fui ver o meu neto, veio me visitar Mentira, seu neto veio me visitar É verdade Vai logo, vai logo Ai, eu tô indo pro quarto, ai, minhas costas Oi, gente Oi, meus amigos Seu Furious, eu preciso tomar banho, vora Não, não, Furious, você não precisa tomar banho Você vai fazer xixi na cama mesmo Que gritaiar é essa? Vai, entra o GBL, entra A cuidadora levou o Furious até o banheiro Pô, seu Furious, fica aí que eu vou te dar banho agora, tá? Não, tá gelando essa água Ela lavou o Furious e deixou ele limpinho GBL, você conseguiu cavar o túnel?""",Avaliador_B,Avaliador_D
47,"Eu acho que eu tô no estoque do Cadres É aqui que ele traz a namorada dele Ah, agora eu tô sozinho aqui Peraí, eu não tô sozinho, eu ainda tenho o meu lobinho que tá aqui no porão Olha só, vamos levar todo o ouro dele e vamos levar também os diamantes Ahahah Esses diamantes o Cadres roubou tudo de mim Eu só tô pegando de volta o que ele roubou de mim E o lobinho, o lobinho vai vir junto Vem lobinho, é hora de voltar pra casa Vamos voltar e eu vou deixar essa passagem aberta só pro Cadres descobrir Que eu não sou noob que nem ele pensa Ah, então deixa eu vir aqui porque eu quero fazer carinho no meu lobinho Que buraco é esse? Cadê meu lobo? Ah não, alguém invadiu aqui, deve ser o Atus, certeza Mas como que ele descobriu o meu porão? Eu vou descer essa escada e ela deve levar pra algum lugar Tá, eu tô chegando aqui embaixo e pra onde que ela leva? Que que é isso? Tem uma mansão embaixo da terra Mas de quem que é essa casa aqui?",0.0843712091445922,0.598686933517456,0.3169418573379516,NEU,0.0411345958709716,0.0028517490718513,0.0315182246267795,0.0034626007545739,0.0242135357111692,0.0014520405093207,0.0045807994902133,0.15269235,Athos,Minecraft,100 DIAS TROLANDO MEU AMIGO NO MINECRAFT - O Filme [xRTZ1IvgmAY],,NT,NT,NT,"🎬 Canal: Athos | 🎥 Vídeo: 100 DIAS TROLANDO MEU AMIGO NO MINECRAFT - O Filme [xRTZ1IvgmAY]
⏱️ Segmento/Index: 47
🤖 Consenso de IA: NT (Detoxify: 0.041 | Perspective: 0.153)
──────────────────────────────────────────────────
Fala transcrita:
""Eu acho que eu tô no estoque do Cadres É aqui que ele traz a namorada dele Ah, agora eu tô sozinho aqui Peraí, eu não tô sozinho, eu ainda tenho o meu lobinho que tá aqui no porão Olha só, vamos levar todo o ouro dele e vamos levar também os diamantes Ahahah Esses diamantes o Cadres roubou tudo de mim Eu só tô pegando de volta o que ele roubou de mim E o lobinho, o lobinho vai vir junto Vem lobinho, é hora de voltar pra casa Vamos voltar e eu vou deixar essa passagem aberta só pro Cadres descobrir Que eu não sou noob que nem ele pensa Ah, então deixa eu vir aqui porque eu quero fazer carinho no meu lobinho Que buraco é esse? Cadê meu lobo? Ah não, alguém invadiu aqui, deve ser o Atus, certeza Mas como que ele descobriu o meu porão? Eu vou descer essa escada e ela deve levar pra algum lugar Tá, eu tô chegando aqui embaixo e pra onde que ela leva? Que que é isso? Tem uma mansão embaixo da terra Mas de quem que é essa casa aqui?""",Avaliador_B,Avaliador_D
9,"Pera aí, mano Pera aí, mano",0.1405455023050308,0.5873351693153381,0.2721193730831146,NEU,0.0927921384572982,0.0014189003268256,0.0143976137042045,0.0009744949056766,0.0118636358529329,0.0471492148935794,0.0049369521439075,0.15213956,Geleia,Minecraft,TENTE ESCAPAR DO TSUNAMI GIGANTE NO MINECRAFT  Impossível [ksJ4o-AQvPg],,NT,NT,NT,"🎬 Canal: Geleia | 🎥 Vídeo: TENTE ESCAPAR DO TSUNAMI GIGANTE NO MINECRAFT  Impossível [ksJ4o-AQvPg]
⏱️ Segmento/Index: 9
🤖 Consenso de IA: NT (Detoxify: 0.093 | Perspective: 0.152)
──────────────────────────────────────────────────
Fala transcrita:
""Pera aí, mano Pera aí, mano""",Avaliador_B,Avaliador_D
4,"Pise para liberar a grade e iniciar o desafio final Último desafio, derrote os zumbis Nossa, eles apareceram agora ali na frente e são muitos Mas peraí, tem uns itens aqui e eu posso pegar eles Com isso eu vou ficar mais forte E agora pode vir, zumbi Como, não, só são muitos, são muitos, será que eu vou conseguir? Não, para, para de me atacar, para de me atacar, olha o tanto Eu tive uma ideia pra derrotar todos eles No meio dessa sala tem uma janela E todos os zumbis que estão passando embaixo dela estão pegando fogo Eu preciso dar um jeito de levar todos eles aqui Vem aqui, vem aqui, vem embaixo da janela, olha isso que está funcionando Todos eles estão pegando fogo Ainda bem que eles não são espertos e vão direto para o sol Alguns já não estão sobrevivendo, olha aqui, carne podre no chão Ai, eu vou conseguir derrotar todos vocês, toma, toma Só falta mais esses três agora E agora eu vou acabar com vocês, toma Será que abriu uma porta em algum lugar? Tem uma passagem aqui e ela me leva para fora, boa E agora eu vou colocar a figurinha da Momilong Legs no álbum da copa Ai, o que é isso? O que está acontecendo?",0.1457862257957458,0.6686554551124573,0.1855583190917968,NEU,0.165422111749649,0.005960043054074,0.0328074768185615,0.0031583930831402,0.0321940258145332,0.0411674007773399,0.0038173617795109,0.14082454,Cadres,Minecraft,Consegui Figurinhas dos MONSTROS no Minecraft [KCOVydJSs6M],,NT,NT,NT,"🎬 Canal: Cadres | 🎥 Vídeo: Consegui Figurinhas dos MONSTROS no Minecraft [KCOVydJSs6M]
⏱️ Segmento/Index: 4
🤖 Consenso de IA: NT (Detoxify: 0.165 | Perspective: 0.141)
──────────────────────────────────────────────────
Fala transcrita:
""Pise para liberar a grade e iniciar o desafio final Último desafio, derrote os zumbis Nossa, eles apareceram agora ali na frente e são muitos Mas peraí, tem uns itens aqui e eu posso pegar eles Com isso eu vou ficar mais forte E agora pode vir, zumbi Como, não, só são muitos, são muitos, será que eu vou conseguir? Não, para, para de me atacar, para de me atacar, olha o tanto Eu tive uma ideia pra derrotar todos eles No meio dessa sala tem uma janela E todos os zumbis que estão passando embaixo dela estão pegando fogo Eu preciso dar um jeito de levar todos eles aqui Vem aqui, vem aqui, vem embaixo da janela, olha isso que está funcionando Todos eles estão pegando fogo Ainda bem que eles não são espertos e vão direto para o sol Alguns já não estão sobrevivendo, olha aqui, carne podre no chão Ai, eu vou conseguir derrotar todos vocês, toma, toma Só falta mais esses três agora E agora eu vou acabar com vocês, toma Será que abriu uma porta em algum lugar? Tem uma passagem aqui e ela me leva para fora, boa E agora eu vou colocar a figurinha da Momilong Legs no álbum da copa Ai, o que é isso? O que está acontecendo?""",Avaliador_B,Avaliador_D
40,"Sai daqui! Toma! Pronto! Ih, caiu duas moedinhas ainda aqui de boas pra gente Deixa eu ver se por aqui tem algo... Não, não cai! Ah, vamos falar com esse cara Eu abrirei essa cabana se você me trazer todas as conchas mágicas dessa região Ainda tem mais? Isso aqui é mais? Nossa galera, por isso que eu tava pegando umas conchinha no meio do jogo Ele quer concha mágica Deixa eu ver o que é isso aqui Opa! Que a gente veio parar Onde é isso? Cara, eu vou jogando jogo, eu vou descobrindo Coisa nova Mano, o que é isso aqui, ó? Tem acho que como subir ali em cima Ai, que susto! Ah, tá atirando em mim, velho! Que é isso? Tem um arco e flecha Vamos tentar vir aqui em cima dele Dá pra eu ativar isso de alguma forma? Não... Oh, tem... Ah, pera aí! Protege Boa! Abre, abre, abre! Cara, tem um portão mágico aqui!",0.0521878711879253,0.8179376125335693,0.129874512553215,NEU,0.2204326391220092,0.0031075633596628,0.0345827303826808,0.0020238563884049,0.0355700887739658,0.0079546915367245,0.0072692711837589,0.35186127,AuthenticGames,Minecraft,A HISTÓRIA do AUTHENTIC PALITINHO de BORRACHA - FILME [Mh7Yb0Er-Z0],,GZ,GZ,GZ,"🎬 Canal: AuthenticGames | 🎥 Vídeo: A HISTÓRIA do AUTHENTIC PALITINHO de BORRACHA - FILME [Mh7Yb0Er-Z0]
⏱️ Segmento/Index: 40
🤖 Consenso de IA: GZ (Detoxify: 0.22 | Perspective: 0.352)
──────────────────────────────────────────────────
Fala transcrita:
""Sai daqui! Toma! Pronto! Ih, caiu duas moedinhas ainda aqui de boas pra gente Deixa eu ver se por aqui tem algo... Não, não cai! Ah, vamos falar com esse cara Eu abrirei essa cabana se você me trazer todas as conchas mágicas dessa região Ainda tem mais? Isso aqui é mais? Nossa galera, por isso que eu tava pegando umas conchinha no meio do jogo Ele quer concha mágica Deixa eu ver o que é isso aqui Opa! Que a gente veio parar Onde é isso? Cara, eu vou jogando jogo, eu vou descobrindo Coisa nova Mano, o que é isso aqui, ó? Tem acho que como subir ali em cima Ai, que susto! Ah, tá atirando em mim, velho! Que é isso? Tem um arco e flecha Vamos tentar vir aqui em cima dele Dá pra eu ativar isso de alguma forma? Não... Oh, tem... Ah, pera aí! Protege Boa! Abre, abre, abre! Cara, tem um portão mágico aqui!""",Avaliador_B,Avaliador_D
5,"Não basta cair três vezes, você tem que cair quatro, né Gretchen? Aí eu falei, vai pedaço de cavalo, levanta de novo, sai correndo, a Lady foi e caiu. Eu falei, meu Deus, as muletas estão tudo caindo e eu não estou vendo inimigo nenhum. Ela falou, está lá em cima, eu falei, peraí que eu vou matar, eu consegui dar uns capas nele pra assustar ele. Eu falei, Gracia do céu, ajuda aqui, Gracia. Ela saiu correndo. Ela falou, então eu vou correr também? Mentira, eu fui lá dar um zigzag no cara. Eu falei, calma Lady, estou chegando. Só que quando cheguei não tinha mais nada da Lady, só tinha o pó dela. Quando eu vi que eu poderia matar o cara, ele me matou e eu pensei, vou fugir. E foi isso que eu fiz, saí correndo mesmo, com arma na mão mesmo. E eu saí correndo pra me esconder, a Gracia aqui lute sem arma, sem nada. Quando eu pensei que mais nada poderia me abalar do nada, sujo, um bocado de cara, eu falei, Gracia, me ajuda. Quando eu fui ver ela, já estava longe, longe, longe, longe. Aí eu pergunto, por que é que eu voltei pra salvar essa rapariga? Primeira oportunidade de fuga que a Gracia teve, ela fugiu e não pensou duas vezes.",0.3429832458496094,0.5415695309638977,0.1154471933841705,NEU,0.4729816019535064,0.0011816426413133,0.0317828021943569,0.0008315645973198,0.1392803788185119,0.0236186198890209,0.0042186798527836,0.3389984,Amy Scarlet,Roblox,MELHOR SQUAD DO FREE FIRE [g46ZO-8UwLM],,GZ,GZ,GZ,"🎬 Canal: Amy Scarlet | 🎥 Vídeo: MELHOR SQUAD DO FREE FIRE [g46ZO-8UwLM]
⏱️ Segmento/Index: 5
🤖 Consenso de IA: GZ (Detoxify: 0.473 | Perspective: 0.339)
──────────────────────────────────────────────────
Fala transcrita:
""Não basta cair três vezes, você tem que cair quatro, né Gretchen? Aí eu falei, vai pedaço de cavalo, levanta de novo, sai correndo, a Lady foi e caiu. Eu falei, meu Deus, as muletas estão tudo caindo e eu não estou vendo inimigo nenhum. Ela falou, está lá em cima, eu falei, peraí que eu vou matar, eu consegui dar uns capas nele pra assustar ele. Eu falei, Gracia do céu, ajuda aqui, Gracia. Ela saiu correndo. Ela falou, então eu vou correr também? Mentira, eu fui lá dar um zigzag no cara. Eu falei, calma Lady, estou chegando. Só que quando cheguei não tinha mais nada da Lady, só tinha o pó dela. Quando eu vi que eu poderia matar o cara, ele me matou e eu pensei, vou fugir. E foi isso que eu fiz, saí correndo mesmo, com arma na mão mesmo. E eu saí correndo pra me esconder, a Gracia aqui lute sem arma, sem nada. Quando eu pensei que mais nada poderia me abalar do nada, sujo, um bocado de cara, eu falei, Gracia, me ajuda. Quando eu fui ver ela, já estava longe, longe, longe, longe. Aí eu pergunto, por que é que eu voltei pra salvar essa rapariga? Primeira oportunidade de fuga que a Gracia teve, ela fugiu e não pensou duas vezes.""",Avaliador_B,Avaliador_D
0,"Nesse vídeo, meu objetivo é entrar no Nether e conseguir o olho do fim, enquanto quatro caçadores tentam me parar. Só que tem uma diferença. Sempre que eu agacho, eu fico invisível. Pode parecer que fica muito fácil pra mim, mas na verdade não. Porque invisível não pode usar armadura. Então, se você gostou da ideia e gostar do vídeo, se inscreve aqui no canal que eu tô rumo a um milhão de inscritos. E se depois você não gostar de algo, é só se inscrever, é grátis. Também passa nos canais dos caçadores que estão aí na descrição, e agora aproveita o vídeo. Vocês estão prontos? Ah, sempre mesmo. Então beleza, mano. Vou começar a contagem. Ih, tá valendo, mano. Ah, o cara já vai pra minha frente, velho. Que que é isso? Que que é isso? Ah, velho, eu nem vi, mano. Vambora aí. Fica, Jaleca. Eu tava tão perto de você, mano. Cara, isso aqui vai ser muito louco, gente. Isso aqui vai ser muito louco. Vamos lá, vamos lá, vamos lá. Ai, ai, caralho. O cara foi muito perto. Não, mano, eu fui muito burro, porque eu olhei pro outro lado, mano.",0.1106315031647682,0.8105005621910095,0.0788679718971252,NEU,0.5801049470901489,0.0023902647662907,0.0507995747029781,0.0028212398756295,0.0675948932766914,0.0032376509625464,0.011912502348423,0.20242359,Geleia,Minecraft,4 CAÇADORES VS 1 SPEEDRUNNER mas se AGACHAR FICA INVISÍVEL MINECRAFT [Cj6axVgdXrA],,GZ,GZ,GZ,"🎬 Canal: Geleia | 🎥 Vídeo: 4 CAÇADORES VS 1 SPEEDRUNNER mas se AGACHAR FICA INVISÍVEL MINECRAFT [Cj6axVgdXrA]
⏱️ Segmento/Index: 0
🤖 Consenso de IA: GZ (Detoxify: 0.58 | Perspective: 0.202)
──────────────────────────────────────────────────
Fala transcrita:
""Nesse vídeo, meu objetivo é entrar no Nether e conseguir o olho do fim, enquanto quatro caçadores tentam me parar. Só que tem uma diferença. Sempre que eu agacho, eu fico invisível. Pode parecer que fica muito fácil pra mim, mas na verdade não. Porque invisível não pode usar armadura. Então, se você gostou da ideia e gostar do vídeo, se inscreve aqui no canal que eu tô rumo a um milhão de inscritos. E se depois você não gostar de algo, é só se inscrever, é grátis. Também passa nos canais dos caçadores que estão aí na descrição, e agora aproveita o vídeo. Vocês estão prontos? Ah, sempre mesmo. Então beleza, mano. Vou começar a contagem. Ih, tá valendo, mano. Ah, o cara já vai pra minha frente, velho. Que que é isso? Que que é isso? Ah, velho, eu nem vi, mano. Vambora aí. Fica, Jaleca. Eu tava tão perto de você, mano. Cara, isso aqui vai ser muito louco, gente. Isso aqui vai ser muito louco. Vamos lá, vamos lá, vamos lá. Ai, ai, caralho. O cara foi muito perto. Não, mano, eu fui muito burro, porque eu olhei pro outro lado, mano.""",Avaliador_B,Avaliador_D
2,"Bora, Frost, mata dois, já era pra ter matado dois, Frost, te disse que ia carregar Não, não cai nem couro aqui, Frost, nós tivéssemos caindo em couro aqui na zona, nós tivéssemos, tá ligado? Que o país bagaça Eu acho que você vai dar pra fristar cada vez mais fácil, já vinte e cinco Ei, véi, eu fiquei muito apalado, véi, que o D.Ranja namorou com o Yuri O que ele namorou com o Yuri era ela, véi Não era, véi? Ei, véi, não me lembre, não, véi Ei, bom, aqui é a Sarada, já mandou uma culpa pra ela, bom, pra Sarada Não, não, é, Sarada Sarada é segunda opção, por que nem eu Ih, é? Então, tu já pode ir pra ela, né, Arad? Já te deu fora e tu já pode ir pra Sarada Não, não, o que adianta é minha mãe se pedisse, nunca desiste é do seu sonho Eu não tô triste não, véi, qualquer momento ela se para do Yuri Tu quiser não desist, ó, eu sei, não acho não, não Vem aqui, galera, vem aqui, vem aqui, vem aqui Vou botando a minha rima, tá ligado agora O Bocca de 09 caiu na p*** nessa hora, wow Cadê o Bocca?",0.0866432934999466,0.8744191527366638,0.0389375649392604,NEU,0.758682906627655,0.0096277939155697,0.0708620995283126,0.0052710180170834,0.0415358282625675,0.0112927099689841,0.0234414394944906,0.2786282,meu nome é david,Roblox,NOVA HABILIDADE DO FF BOCA DE 09 FICOU INVISÍVEL NA PARTIDA [zPqkqyh3Eyo],,GZ,GZ,GZ,"🎬 Canal: meu nome é david | 🎥 Vídeo: NOVA HABILIDADE DO FF BOCA DE 09 FICOU INVISÍVEL NA PARTIDA [zPqkqyh3Eyo]
⏱️ Segmento/Index: 2
🤖 Consenso de IA: GZ (Detoxify: 0.759 | Perspective: 0.279)
──────────────────────────────────────────────────
Fala transcrita:
""Bora, Frost, mata dois, já era pra ter matado dois, Frost, te disse que ia carregar Não, não cai nem couro aqui, Frost, nós tivéssemos caindo em couro aqui na zona, nós tivéssemos, tá ligado? Que o país bagaça Eu acho que você vai dar pra fristar cada vez mais fácil, já vinte e cinco Ei, véi, eu fiquei muito apalado, véi, que o D.Ranja namorou com o Yuri O que ele namorou com o Yuri era ela, véi Não era, véi? Ei, véi, não me lembre, não, véi Ei, bom, aqui é a Sarada, já mandou uma culpa pra ela, bom, pra Sarada Não, não, é, Sarada Sarada é segunda opção, por que nem eu Ih, é? Então, tu já pode ir pra ela, né, Arad? Já te deu fora e tu já pode ir pra Sarada Não, não, o que adianta é minha mãe se pedisse, nunca desiste é do seu sonho Eu não tô triste não, véi, qualquer momento ela se para do Yuri Tu quiser não desist, ó, eu sei, não acho não, não Vem aqui, galera, vem aqui, vem aqui, vem aqui Vou botando a minha rima, tá ligado agora O Bocca de 09 caiu na p*** nessa hora, wow Cadê o Bocca?""",Avaliador_B,Avaliador_D
51,médico mano ó o toquinho tá vindo eu vou morrer nossa caraca eu segurei a braba pesada aqui em cara eu vou com ele caraca os caras tão segurando bem em velho não segurando bem olha o toquinho relaxa porque eu tô indo te reviver não tô faltando um pouco faltou um pouco eu vou trocar de personagem aqui ó o milho aqui eu vou que se bravo aqui tô vivo tô vivo vai atira matei um beleza olha tem um milho ali na frente calma aí eu vou eu vou ganhando espaço pra gente caraca tem um cacto aqui em lugar vei aqui tá aqui tá aqui tá aqui ó esse bichinho chato pra caramba que é isso aí ó mano nosso mano nossa se ela virar árvore ferrou mata nós vou morrer matei pera pacão nossa mas destruiu o cacto tem que pegar a captura que o meio a gente já é nosso já é nosso tem que,0.1787793934345245,0.4019599854946136,0.4192605912685394,POS,0.9576042890548706,0.0147158186882734,0.073376715183258,0.0058286571875214,0.0795684829354286,0.0495126470923423,0.0435617938637733,0.45243698,AuthenticGames,Minecraft,AS MELHORES PLANTAS DO JOGO  - Plants Vs Zombies Battle for Neighborville [cLh0TEJH64s],,T,T,T,"🎬 Canal: AuthenticGames | 🎥 Vídeo: AS MELHORES PLANTAS DO JOGO  - Plants Vs Zombies Battle for Neighborville [cLh0TEJH64s]
⏱️ Segmento/Index: 51
🤖 Consenso de IA: T (Detoxify: 0.958 | Perspective: 0.452)
──────────────────────────────────────────────────
Fala transcrita:
""médico mano ó o toquinho tá vindo eu vou morrer nossa caraca eu segurei a braba pesada aqui em cara eu vou com ele caraca os caras tão segurando bem em velho não segurando bem olha o toquinho relaxa porque eu tô indo te reviver não tô faltando um pouco faltou um pouco eu vou trocar de personagem aqui ó o milho aqui eu vou que se bravo aqui tô vivo tô vivo vai atira matei um beleza olha tem um milho ali na frente calma aí eu vou eu vou ganhando espaço pra gente caraca tem um cacto aqui em lugar vei aqui tá aqui tá aqui tá aqui ó esse bichinho chato pra caramba que é isso aí ó mano nosso mano nossa se ela virar árvore ferrou mata nós vou morrer matei pera pacão nossa mas destruiu o cacto tem que pegar a captura que o meio a gente já é nosso já é nosso tem que""",Avaliador_B,Avaliador_D
2,"Eu acho que quanto mais pulo, mais pulo mano, eu acho Tá Ó, vamos lá Cara, vai ser um negócio bem difícil aqui Mas, acho que dá hein mano Que dá, ó, já comprou um pouco de bloco aqui já mano Faz uns dias que eu não jogo Bad Wars, eu nem lembro direito como é que faz as paradinhas aqui Mas vamos tentar ganhar mano, vamos tentar ganhar Ai meu Deus Nossa senhora, eu já tô pulando muito alto mano Os caras já perguntando se eu trollo no chat Hahahaha Meu amigo Tá mano, ó, o açúcar é do time Ciano ali tá gente, ele tá com outro nick ali Mas, deu uns probleminha aqui Ó, eu vou pegar aqui uma chupadinha de ferro já E açúcar, a gente é inimigo hein Oi, tá bom, ai eu tô com medo aí Ai, tem cara aqui, tem cara aqui, tem cara aqui Não, não, não, não, não, meu Deus, meu Deus, meu Deus Hahahaha Hahahaha A gente tá lutando no espaço velho Que que é isso mano Hahahaha Batalha épica Mano, é muito louco, é muito difícil Veei, que Nossa, não vai ter nem como Não vai ter nem como terminar aqui, vei Que loucura, tá, vambora mano, ó, eu vou comprar Hahahaha, mano Que loucura, vei, vem cá, vem cá Ó, ó, ó, ó, ó, ó Ai meu Deus, tomei dano, tomei dano, tomei dano Meu Deus, tô tomando dano vei Não, não, não Não, não, não, não, não, não Eles destruíram minha cama, não Não, não Eu não acredito, velho Ai meu amigo, eu perdi Ah mano Eita Nossa, vei, que loucura mano Ah, ele ganhou aqui Eu tô lutando com os equipes de trocar, eles estão chatos hoje Galera, vamos ter que ir pra próxima partida mano Beleza mano Evita pular, eu troquei o plugue aqui",0.1578337848186493,0.6447474956512451,0.1974187046289444,NEU,0.5322997570037842,0.0117487516254186,0.0540964528918266,0.0064976513385772,0.0404584556818008,0.0035564913414418,0.0268426872789859,0.2667042,Geleia,Minecraft,1 PULO  MAIS SUPER PULO NO MINECRAFT [GySwdlXitVQ],,GZ,GZ,GZ,"🎬 Canal: Geleia | 🎥 Vídeo: 1 PULO  MAIS SUPER PULO NO MINECRAFT [GySwdlXitVQ]
⏱️ Segmento/Index: 2
🤖 Consenso de IA: GZ (Detoxify: 0.532 | Perspective: 0.267)
──────────────────────────────────────────────────
Fala transcrita:
""Eu acho que quanto mais pulo, mais pulo mano, eu acho Tá Ó, vamos lá Cara, vai ser um negócio bem difícil aqui Mas, acho que dá hein mano Que dá, ó, já comprou um pouco de bloco aqui já mano Faz uns dias que eu não jogo Bad Wars, eu nem lembro direito como é que faz as paradinhas aqui Mas vamos tentar ganhar mano, vamos tentar ganhar Ai meu Deus Nossa senhora, eu já tô pulando muito alto mano Os caras já perguntando se eu trollo no chat Hahahaha Meu amigo Tá mano, ó, o açúcar é do time Ciano ali tá gente, ele tá com outro nick ali Mas, deu uns probleminha aqui Ó, eu vou pegar aqui uma chupadinha de ferro já E açúcar, a gente é inimigo hein Oi, tá bom, ai eu tô com medo aí Ai, tem cara aqui, tem cara aqui, tem cara aqui Não, não, não, não, não, meu Deus, meu Deus, meu Deus Hahahaha Hahahaha A gente tá lutando no espaço velho Que que é isso mano Hahahaha Batalha épica Mano, é muito louco, é muito difícil Veei, que Nossa, não vai ter nem como Não vai ter nem como terminar aqui, vei Que loucura, tá, vambora mano, ó, eu vou comprar Hahahaha, mano Que loucura, vei, vem cá, vem cá Ó, ó, ó, ó, ó, ó Ai meu Deus, tomei dano, tomei dano, tomei dano Meu Deus, tô tomando dano vei Não, não, não Não, não, não, não, não, não Eles destruíram minha cama, não Não, não Eu não acredito, velho Ai meu amigo, eu perdi Ah mano Eita Nossa, vei, que loucura mano Ah, ele ganhou aqui Eu tô lutando com os equipes de trocar, eles estão chatos hoje Galera, vamos ter que ir pra próxima partida mano Beleza mano Evita pular, eu troquei o plugue aqui""",Avaliador_B,Avaliador_D
2,"Quebra! Quebra! Quebra! Quebra! Quebra! Quebra! Doutora Carminha! O que está acontecendo, autoridade? Elas estão destruindo minha casa! Quebra! Quebra! Doutora Carminha, elas quebraram sua casinha, né? Quebra! Quebra! Elas estão quebrando minha casinha! Quebra! Quebra! Elas estão quebrando minha casinha! Quebra! Quebra! Pára! Pain! Quebra! Quebra! Quebra! Quebra! Quebra! Quebra! Vocês desobedecerão! E deixam morrer, Elas! Quebra! Foi o bichinho do quebra! Agora vou levar pra punição! Vem! Quebra! Quebra! Não, não vai ter punição! Não vai ter punição porque vez quebra quebra.",0.6881837844848633,0.2893989980220794,0.0224171504378318,NEG,0.9498603343963624,0.0085959183052182,0.0511886775493621,0.0047184946015477,0.0539156198501586,0.3267059028148651,0.0116711864247918,0.53579444,Lokis,Roblox,AS QUEBRADORAS DE PAREDES  Roblox - Destruction Physics [KssmQCdfdAk],,T,T,T,"🎬 Canal: Lokis | 🎥 Vídeo: AS QUEBRADORAS DE PAREDES  Roblox - Destruction Physics [KssmQCdfdAk]
⏱️ Segmento/Index: 2
🤖 Consenso de IA: T (Detoxify: 0.95 | Perspective: 0.536)
──────────────────────────────────────────────────
Fala transcrita:
""Quebra! Quebra! Quebra! Quebra! Quebra! Quebra! Doutora Carminha! O que está acontecendo, autoridade? Elas estão destruindo minha casa! Quebra! Quebra! Doutora Carminha, elas quebraram sua casinha, né? Quebra! Quebra! Elas estão quebrando minha casinha! Quebra! Quebra! Elas estão quebrando minha casinha! Quebra! Quebra! Pára! Pain! Quebra! Quebra! Quebra! Quebra! Quebra! Quebra! Vocês desobedecerão! E deixam morrer, Elas! Quebra! Foi o bichinho do quebra! Agora vou levar pra punição! Vem! Quebra! Quebra! Não, não vai ter punição! Não vai ter punição porque vez quebra quebra.""",Avaliador_B,Avaliador_D
2,"Hahaha, e essa aqui, ela tá assustadora Bom, eu já vi aqui muitas inspirações de Momi, mas eu acho que eu posso criar a minha própria junto com vocês Então bora lá comprar os itens Confesso para vocês que eu já tentei virar Momilong Legs antes e não ficou uma transformação tão legal Então eu vou começar aqui vindo nos personagens e nos comprados e vou transformar o meu personagem em um esqueleto Já que a Momilong Legs é longa, é grande, vamos deixar um corpo grande para ela Mas eu também quero mudar a cabeça Agora então vamos mudar a cabeça para deixar pronto para receber as roupas Eu acho que eu vou deixar essa cabeça de mulher mesmo que eu estava Pronto, não ficou tão legal com esse cabelo do esqueleto, mas é o que nós temos por enquanto antes de fazer qualquer mudança E eu também quero mudar o tronco Eu só não sei qual que eu coloco, qual vai ser melhor? Será que eu deixo o de esqueleto por enquanto? Ou eu coloco aqui outro tronco, sei lá Bom, por enquanto eu vou deixar o de esqueleto, se for preciso eu venho e troco Bora para a loja do avatar Primeiro eu vou escrever aqui Momilong para ver o que aparece E vamos ver...",0.0187570303678512,0.1506922543048858,0.8305507302284241,POS,0.0111545911058783,0.0038874463643878,0.0303279384970664,0.0032529952004551,0.0321932695806026,0.001393559272401,0.0067466888576745,0.1587729,Papile,Roblox,VIVENDO COMO A MOMMY LONG LEGS no ROBLOX Poppy Playtime CAPITULO 2 [tedPP-srOAI],0.018756965175271,NT,NT,NT,"🎬 Canal: Papile | 🎥 Vídeo: VIVENDO COMO A MOMMY LONG LEGS no ROBLOX Poppy Playtime CAPITULO 2 [tedPP-srOAI]
⏱️ Segmento/Index: 2
🤖 Consenso de IA: NT (Detoxify: 0.011 | Perspective: 0.159)
──────────────────────────────────────────────────
Fala transcrita:
""Hahaha, e essa aqui, ela tá assustadora Bom, eu já vi aqui muitas inspirações de Momi, mas eu acho que eu posso criar a minha própria junto com vocês Então bora lá comprar os itens Confesso para vocês que eu já tentei virar Momilong Legs antes e não ficou uma transformação tão legal Então eu vou começar aqui vindo nos personagens e nos comprados e vou transformar o meu personagem em um esqueleto Já que a Momilong Legs é longa, é grande, vamos deixar um corpo grande para ela Mas eu também quero mudar a cabeça Agora então vamos mudar a cabeça para deixar pronto para receber as roupas Eu acho que eu vou deixar essa cabeça de mulher mesmo que eu estava Pronto, não ficou tão legal com esse cabelo do esqueleto, mas é o que nós temos por enquanto antes de fazer qualquer mudança E eu também quero mudar o tronco Eu só não sei qual que eu coloco, qual vai ser melhor? Será que eu deixo o de esqueleto por enquanto? Ou eu coloco aqui outro tronco, sei lá Bom, por enquanto eu vou deixar o de esqueleto, se for preciso eu venho e troco Bora para a loja do avatar Primeiro eu vou escrever aqui Momilong para ver o que aparece E vamos ver...""",Avaliador_B,Avaliador_D
8,"Coloquem aí nos comentários se vocês gostam de Usar moletom, tênis, Salto, vestido Qual é o seu estilo? Gente, mas o salto Salto?",0.1029604896903038,0.8713446855545044,0.0256948303431272,NEU,0.0015324359992519,0.0003223888634238,0.0054589151404798,0.0004637694219127,0.002110478002578,0.0002393573377048,0.0004563381080515,0.049584184,Julia MineGirl,Roblox,DESFILE DE LOOKS NO MINECRAFT Fashion Show [Qvucu1L8A7A],,NT,NT,NT,"🎬 Canal: Julia MineGirl | 🎥 Vídeo: DESFILE DE LOOKS NO MINECRAFT Fashion Show [Qvucu1L8A7A]
⏱️ Segmento/Index: 8
🤖 Consenso de IA: NT (Detoxify: 0.002 | Perspective: 0.05)
──────────────────────────────────────────────────
Fala transcrita:
""Coloquem aí nos comentários se vocês gostam de Usar moletom, tênis, Salto, vestido Qual é o seu estilo? Gente, mas o salto Salto?""",Avaliador_B,Avaliador_D
9,"Ah, entendi E o que quer dizer? Quer dizer que é um baú com explosivos de novo, né? Com certeza que é uma trollagem sua Não, não, não, já peguei, eu parei de fazer a trollagem, eu parei É, entendi Então eu vou abrir pra ver o que é que tem dentro Calma aí, deixa eu só pular aqui em cima dele pra não ter nenhum problema, né? Agora, tá vazio esse baú McFly Deixa eu sair daqui, não tem nada demais não, até mais, tchau Eu vou ainda nessa, mas sim, eu vou ainda nessa E não explodiu, é, dá uma olhada aí, vê aí Não, não, já detenho como não, cara não Essa foi muito boa, consegui despistar o McFly e ele caiu de própria trollagem Deixa eu ficar pequeno, o que? Ele tá me... Corre, corre, corre, corre, jtp Eu te vi, você na minha casa Rápido, vamos lá, tem que ir pro esconderijo Pro esconderijo Não, não, não, não, não, essa foi por pouco, pessoal, eu tô chegando Tô chegando perto do esconderijo, será que eu vou conseguir?",0.4959281086921692,0.4659924507141113,0.038079485297203,NEG,0.3883781731128692,0.0072126523591578,0.048640914261341,0.0049734315834939,0.0570925734937191,0.0048848493024706,0.0074101304635405,0.36095104,JP Plays,Minecraft,fiz uma BASE SECRETA dentro da casa do meu amigo [1bNRu1m-1Go],,GZ,GZ,GZ,"🎬 Canal: JP Plays | 🎥 Vídeo: fiz uma BASE SECRETA dentro da casa do meu amigo [1bNRu1m-1Go]
⏱️ Segmento/Index: 9
🤖 Consenso de IA: GZ (Detoxify: 0.388 | Perspective: 0.361)
──────────────────────────────────────────────────
Fala transcrita:
""Ah, entendi E o que quer dizer? Quer dizer que é um baú com explosivos de novo, né? Com certeza que é uma trollagem sua Não, não, não, já peguei, eu parei de fazer a trollagem, eu parei É, entendi Então eu vou abrir pra ver o que é que tem dentro Calma aí, deixa eu só pular aqui em cima dele pra não ter nenhum problema, né? Agora, tá vazio esse baú McFly Deixa eu sair daqui, não tem nada demais não, até mais, tchau Eu vou ainda nessa, mas sim, eu vou ainda nessa E não explodiu, é, dá uma olhada aí, vê aí Não, não, já detenho como não, cara não Essa foi muito boa, consegui despistar o McFly e ele caiu de própria trollagem Deixa eu ficar pequeno, o que? Ele tá me... Corre, corre, corre, corre, jtp Eu te vi, você na minha casa Rápido, vamos lá, tem que ir pro esconderijo Pro esconderijo Não, não, não, não, não, essa foi por pouco, pessoal, eu tô chegando Tô chegando perto do esconderijo, será que eu vou conseguir?""",Avaliador_B,Avaliador_D
1,"Tá, ele tá naquela casa ali. Antes de eu estar explodindo a casa dele, eu vou explodir essa outra. Tá, deixa eu vir nessa casa aqui. Será que tem alguma coisa? É, tem coisa no baú, mas não é coisa muito importante. Então acho que dá pra gente explodir essa casa aqui. Tá, mas essa casa ainda tá bem inteira. Deixa eu explodir mais um pouquinho. É, é, agora sim. Ai, que isso! Um Creeper! Mas essa daqui ainda não é a casa dele, a casa dele é essa outra. E eu acho que ele já me viu, ele tá atrás de mim, eu vou fugir dele. Porque eu quero explodir essa casa, e se ele ficar correndo atrás de mim, eu não vou conseguir. Sai, sai de perto de mim, explode também! Sai de perto de mim! Não, que isso! Ele não morre! Tá, eu acho que é a minha chance de explodir a casa dele. Entra aqui dentro, explode, explode, eu vou explodir tudo. Não, minha casa, não, não, Creeper! Não! Ah, mano, eu vou te pegar, vem cá! Nossa, chegou até no mar! É, na verdade isso aqui não é o mar, é só uma poça de água. Sai, sai daqui, sai daqui! Não, sai, eu não consigo, eu não consigo bater, eu não consigo bater, eu não consigo bater!",0.2133094519376754,0.6955259442329407,0.091164618730545,NEU,0.8483244776725769,0.0042351372539997,0.0242176931351423,0.0022178993094712,0.0332397855818271,0.426175057888031,0.0083583863452076,0.43965456,Cadres,Minecraft,Trolei o meu amigo virando MOB no Minecraft [GTZsckVbcKo],,T,T,T,"🎬 Canal: Cadres | 🎥 Vídeo: Trolei o meu amigo virando MOB no Minecraft [GTZsckVbcKo]
⏱️ Segmento/Index: 1
🤖 Consenso de IA: T (Detoxify: 0.848 | Perspective: 0.44)
──────────────────────────────────────────────────
Fala transcrita:
""Tá, ele tá naquela casa ali. Antes de eu estar explodindo a casa dele, eu vou explodir essa outra. Tá, deixa eu vir nessa casa aqui. Será que tem alguma coisa? É, tem coisa no baú, mas não é coisa muito importante. Então acho que dá pra gente explodir essa casa aqui. Tá, mas essa casa ainda tá bem inteira. Deixa eu explodir mais um pouquinho. É, é, agora sim. Ai, que isso! Um Creeper! Mas essa daqui ainda não é a casa dele, a casa dele é essa outra. E eu acho que ele já me viu, ele tá atrás de mim, eu vou fugir dele. Porque eu quero explodir essa casa, e se ele ficar correndo atrás de mim, eu não vou conseguir. Sai, sai de perto de mim, explode também! Sai de perto de mim! Não, que isso! Ele não morre! Tá, eu acho que é a minha chance de explodir a casa dele. Entra aqui dentro, explode, explode, eu vou explodir tudo. Não, minha casa, não, não, Creeper! Não! Ah, mano, eu vou te pegar, vem cá! Nossa, chegou até no mar! É, na verdade isso aqui não é o mar, é só uma poça de água. Sai, sai daqui, sai daqui! Não, sai, eu não consigo, eu não consigo bater, eu não consigo bater, eu não consigo bater!""",Avaliador_B,Avaliador_D
17,"Gente! Alguém acha o gerador, por favor! Acha o gerador, por favor! Ai! Não, não, não! Olha, Luca! Eu estou com 26, mami! Pegou um! Ele pegou um! Nossa, ele está pegando um montão! Ele pegou um! Três! Três já! Luca! Os geradores abriram uma nova área! Mas eu estou com 6% de vida, mami! Ele vai me pegar! Fique escondida! Mas ele está vendo... Ai! Que pegada! Não, filha! Foge, mami! Só foge daí que ele está indo! Aí, mami! Você está vendo ele ali do outro lado do mundo! Vai, foge! Tô vendo! Foge das beltas, mami! Vai, você vai sair do futeu das beltas! Vai que eu estou para te ajudar, mami! Vai! Foge das beltas! Tô correndo! Tá, vou ver se eu acho alguma coisa... Não, mami! Vem cá! Pegue aqui, ó! Vai pro fim da parede enferrujada!",0.742005467414856,0.2211288958787918,0.0368655584752559,NEG,0.2637510001659393,0.0007561597158201,0.0469147861003875,0.0007227777969092,0.0418106988072395,0.0137102380394935,0.0035288571380078,0.30527395,Luluca Games,Roblox,Roblox - O ÚLTIMO SOBREVIVENTE VENCE Stop it Slender  Luluca Games [2OZS9YjXW2E],0.7420046329498291,GZ,GZ,GZ,"🎬 Canal: Luluca Games | 🎥 Vídeo: Roblox - O ÚLTIMO SOBREVIVENTE VENCE Stop it Slender  Luluca Games [2OZS9YjXW2E]
⏱️ Segmento/Index: 17
🤖 Consenso de IA: GZ (Detoxify: 0.264 | Perspective: 0.305)
──────────────────────────────────────────────────
Fala transcrita:
""Gente! Alguém acha o gerador, por favor! Acha o gerador, por favor! Ai! Não, não, não! Olha, Luca! Eu estou com 26, mami! Pegou um! Ele pegou um! Nossa, ele está pegando um montão! Ele pegou um! Três! Três já! Luca! Os geradores abriram uma nova área! Mas eu estou com 6% de vida, mami! Ele vai me pegar! Fique escondida! Mas ele está vendo... Ai! Que pegada! Não, filha! Foge, mami! Só foge daí que ele está indo! Aí, mami! Você está vendo ele ali do outro lado do mundo! Vai, foge! Tô vendo! Foge das beltas, mami! Vai, você vai sair do futeu das beltas! Vai que eu estou para te ajudar, mami! Vai! Foge das beltas! Tô correndo! Tá, vou ver se eu acho alguma coisa... Não, mami! Vem cá! Pegue aqui, ó! Vai pro fim da parede enferrujada!""",Avaliador_B,Avaliador_D
12,"Entrou ali! Olha aí, Lopes! E aí, meu bom? Não, não, não! Ah, qual é? Não! Não, cara! Sai, pilho! Não! Ai, ele me derrubou! Eu tô vivo! Quem tá ganhando ainda? Não! Não! Quem foi? Não, velho! Que isso? Eu não tenho a impressão que ele me focou! Que delante! O Lopes ficou num bloquinho só, velho! Cara, eu não acredito nisso! Só tem quem? Quem é que tá lá embaixo? O Lopes agarra de novo! Oh, Deus! Se mata aí, mano! A terceira lei vai ser destruída! Ih, ele vai morrer! Vixe! Ninguém ganhou! Que? Que loucura, bicho!",0.656152069568634,0.2893940806388855,0.0544537790119648,NEG,0.9333934783935548,0.0074909012764692,0.0640967339277267,0.0070968111976981,0.1178015768527984,0.131186231970787,0.0188039001077413,0.4014846,Geleia,Minecraft,o último YOUTUBER a ficar VIVO neste MAPA GANHA 1 real no minecraft [7wJkX4uuAu4],,T,T,T,"🎬 Canal: Geleia | 🎥 Vídeo: o último YOUTUBER a ficar VIVO neste MAPA GANHA 1 real no minecraft [7wJkX4uuAu4]
⏱️ Segmento/Index: 12
🤖 Consenso de IA: T (Detoxify: 0.933 | Perspective: 0.401)
──────────────────────────────────────────────────
Fala transcrita:
""Entrou ali! Olha aí, Lopes! E aí, meu bom? Não, não, não! Ah, qual é? Não! Não, cara! Sai, pilho! Não! Ai, ele me derrubou! Eu tô vivo! Quem tá ganhando ainda? Não! Não! Quem foi? Não, velho! Que isso? Eu não tenho a impressão que ele me focou! Que delante! O Lopes ficou num bloquinho só, velho! Cara, eu não acredito nisso! Só tem quem? Quem é que tá lá embaixo? O Lopes agarra de novo! Oh, Deus! Se mata aí, mano! A terceira lei vai ser destruída! Ih, ele vai morrer! Vixe! Ninguém ganhou! Que? Que loucura, bicho!""",Avaliador_B,Avaliador_D
85,"Tá, nice. Nossa, ali tem um monte de Scrape. Vocês tem mais coisa de Ampere e Scorpion ali? Ampere e Scorpion. Ampere e Scorpion. Ampere... Não, não tem. Agora falta o Kraken. Vamos lá, mano. Kraken, Vortex Isle. A Vortex Isle a gente tem que ir pra dimensão de vidro. Olha, eu tenho um Molenoid aqui comigo, hein, mano. Bora. Agora eu tô com a Royal Guardian, velho. Não, agora é um tapa só. É um tapinha, não. Vamos conhecer o bichinho antes de nós matar ele. Vamos dar uma oportunidade pra ele... Galera, vamos dar uma oportunidade pro Molenoid, né? Pelo menos falar algo na vida dele antes dele morrer, porque ele vai morrer muito rápido. Eu vou espalhar três, porque eu tenho três aqui comigo. Fechou. Fica o Molenoid. Molenoid é bonitinho, ele coloca terra. Cara, eu vou precisar...",0.0781295001506805,0.8804831504821777,0.0413872711360454,NEU,0.3589768409729004,0.0064273565076291,0.0426224917173385,0.0042866081930696,0.035057071596384,0.025282047688961,0.0186632573604583,0.3389984,AuthenticGames,Minecraft,MONSTROS MAIS FORTES DO MINECRAFT  - Minecraft Orespawn 04 [oQcS426A6MU],,GZ,GZ,GZ,"🎬 Canal: AuthenticGames | 🎥 Vídeo: MONSTROS MAIS FORTES DO MINECRAFT  - Minecraft Orespawn 04 [oQcS426A6MU]
⏱️ Segmento/Index: 85
🤖 Consenso de IA: GZ (Detoxify: 0.359 | Perspective: 0.339)
──────────────────────────────────────────────────
Fala transcrita:
""Tá, nice. Nossa, ali tem um monte de Scrape. Vocês tem mais coisa de Ampere e Scorpion ali? Ampere e Scorpion. Ampere e Scorpion. Ampere... Não, não tem. Agora falta o Kraken. Vamos lá, mano. Kraken, Vortex Isle. A Vortex Isle a gente tem que ir pra dimensão de vidro. Olha, eu tenho um Molenoid aqui comigo, hein, mano. Bora. Agora eu tô com a Royal Guardian, velho. Não, agora é um tapa só. É um tapinha, não. Vamos conhecer o bichinho antes de nós matar ele. Vamos dar uma oportunidade pra ele... Galera, vamos dar uma oportunidade pro Molenoid, né? Pelo menos falar algo na vida dele antes dele morrer, porque ele vai morrer muito rápido. Eu vou espalhar três, porque eu tenho três aqui comigo. Fechou. Fica o Molenoid. Molenoid é bonitinho, ele coloca terra. Cara, eu vou precisar...""",Avaliador_B,Avaliador_D
2,"Estágio 5 Aí, linha reta Linha reta, então só pode ser protegeada Vixi, lá, você é um cachorro ali Do nada Do nada Toma Do nada, um cachorro Um cachorro morto ali, ó Morra, vou pegar o hellop agora Vixi, já me foi no meio das pedras, não faz isso Tira as pedras pra repassar, mano Vá Vou jogar as pedras nos cachorros, toma Tô jogando pedras, tem cachorro O que é isso, cara? Olha só, olha só, animais Ah, proteja a véia, ó, muito, vou dar a véia, ó É Ah A mina...",0.2759761214256286,0.6385260224342346,0.0854978561401367,NEU,0.5166725516319275,0.0061264298856258,0.0387386009097099,0.0028157520573586,0.0428778156638145,0.0291040670126676,0.013381814584136,0.200795,meu nome é david,Roblox,NOVO JOGO MOBILE - SALVAMOS UMAS VELHINHA EM APUROS DEU RUIM [kDbEm9o4-aY],,GZ,GZ,GZ,"🎬 Canal: meu nome é david | 🎥 Vídeo: NOVO JOGO MOBILE - SALVAMOS UMAS VELHINHA EM APUROS DEU RUIM [kDbEm9o4-aY]
⏱️ Segmento/Index: 2
🤖 Consenso de IA: GZ (Detoxify: 0.517 | Perspective: 0.201)
──────────────────────────────────────────────────
Fala transcrita:
""Estágio 5 Aí, linha reta Linha reta, então só pode ser protegeada Vixi, lá, você é um cachorro ali Do nada Do nada Toma Do nada, um cachorro Um cachorro morto ali, ó Morra, vou pegar o hellop agora Vixi, já me foi no meio das pedras, não faz isso Tira as pedras pra repassar, mano Vá Vou jogar as pedras nos cachorros, toma Tô jogando pedras, tem cachorro O que é isso, cara? Olha só, olha só, animais Ah, proteja a véia, ó, muito, vou dar a véia, ó É Ah A mina...""",Avaliador_B,Avaliador_D
7,"É você que manda no pedaço, é isso aí, parabéns Parabéns, parabéns, é isso aí, melhor ficar bem pênis McFly, fica parado que eu acho que tem um bicho, tem um bicho no seu... calma aí Calma, fica parado, fica parado, senão não vou conseguir, fica parado, fica parado Calma, vou tirar esse bicho aí de você, tem um bicho nas suas costas Ah não, não era nada não, desculpa, desculpa, foi sem querer, foi sem querer, não tem nada, não tem nada É, é melhor ir embora, vai embora mesmo Eu estou indo embora, tchauzinho, tchauzinho, galera Ai, não precisa atirar em mim não, não precisa atirar em mim Vai, vaza, vaza Olha, você está muito bravo, sabe o que a gente devia fazer? Você quer jogar um pouco de futebol? Futebol? É, eu gostaria, vamos lá Tá, então vamos jogar futebol, olha, o campo está bem iluminado, mesmo estando de noite Tá, valeu, ainda não vou fazer o gol Olha, driblei, driblei o policial E agora? Eu vou chutar Ai, o que é isso? Você está atirando em mim? Para com isso, você não sabe perder não, só porque eu ia fazer o gol?",0.4352394342422485,0.4685637652873993,0.0961967781186103,NEU,0.9409566521644592,0.0108342841267585,0.0824525952339172,0.0031072339043021,0.0654642507433891,0.0145864579826593,0.4258234202861786,0.6491204,JP Plays,Minecraft,SE VOCÊ ESCAPAR DA PRISÃO GANHA 1000 ROBUX NO ROBLOX [Xa8YdQLEGJ8],,T,T,T,"🎬 Canal: JP Plays | 🎥 Vídeo: SE VOCÊ ESCAPAR DA PRISÃO GANHA 1000 ROBUX NO ROBLOX [Xa8YdQLEGJ8]
⏱️ Segmento/Index: 7
🤖 Consenso de IA: T (Detoxify: 0.941 | Perspective: 0.649)
──────────────────────────────────────────────────
Fala transcrita:
""É você que manda no pedaço, é isso aí, parabéns Parabéns, parabéns, é isso aí, melhor ficar bem pênis McFly, fica parado que eu acho que tem um bicho, tem um bicho no seu... calma aí Calma, fica parado, fica parado, senão não vou conseguir, fica parado, fica parado Calma, vou tirar esse bicho aí de você, tem um bicho nas suas costas Ah não, não era nada não, desculpa, desculpa, foi sem querer, foi sem querer, não tem nada, não tem nada É, é melhor ir embora, vai embora mesmo Eu estou indo embora, tchauzinho, tchauzinho, galera Ai, não precisa atirar em mim não, não precisa atirar em mim Vai, vaza, vaza Olha, você está muito bravo, sabe o que a gente devia fazer? Você quer jogar um pouco de futebol? Futebol? É, eu gostaria, vamos lá Tá, então vamos jogar futebol, olha, o campo está bem iluminado, mesmo estando de noite Tá, valeu, ainda não vou fazer o gol Olha, driblei, driblei o policial E agora? Eu vou chutar Ai, o que é isso? Você está atirando em mim? Para com isso, você não sabe perder não, só porque eu ia fazer o gol?""",Avaliador_B,Avaliador_D
26,"Que maluquíssimo poucos Acerta algumas flechas aqui, ó Vou acertar algumas flechas Flechas não tá adiantando nada Uma achada é pior, né A espada pelo menos consegue causar mais dano De certo modo Então, vamos lá Olha isso, falta pouco Falta pouco aqui desse lado E a outra janela, Lucas Na outra janela, eu acho que tem também Eu tô achando que tem também O importante é que a base tá resistindo muito bem Nem um bloco quebrado A porta tá inteira Tudo bem, é uma porta de ferro, né Uma porta de ferro com certeza ia resistir Agora desse lado não tem muito não, hein Falta pouco, McFly Eu acho que eu vou até sair aqui, ó Acho que eu vou até sair aqui, hein Eu acho que eu só não posso cair na lava Cair na lava Justo que eu não queria que acontecesse Justo que eu não queria que acontecesse Tô aqui, tô bem, tô bem Nossa, só espero que esse efeito de fogo passe logo Porque tá difícil As chamas tão atrapalhando bastante Mas talvez eu consiga acertar Ó, tem as portas que a gente pode fechar e abrir, ó Pra proteger as janelas Que susto, McFly Que susto, McFly Beleza, ó Eu vou sair lá fora de novo Ó, tem um aqui, tem um aqui, tem um aqui",0.4188183844089508,0.4407812654972076,0.1404003500938415,NEU,0.0681439638137817,0.007710663601756,0.0488494448363781,0.005967522971332,0.0472041219472885,0.0070284884423017,0.0026630065403878,0.17111848,JP Plays,Minecraft,CONSTRUA BASE SEGURA CONTRA ZUMBIS SEM SAIR DO CÍRCULO VERMELHO  NO MINECRAFT [W-h41wF7hyE],,NT,NT,NT,"🎬 Canal: JP Plays | 🎥 Vídeo: CONSTRUA BASE SEGURA CONTRA ZUMBIS SEM SAIR DO CÍRCULO VERMELHO  NO MINECRAFT [W-h41wF7hyE]
⏱️ Segmento/Index: 26
🤖 Consenso de IA: NT (Detoxify: 0.068 | Perspective: 0.171)
──────────────────────────────────────────────────
Fala transcrita:
""Que maluquíssimo poucos Acerta algumas flechas aqui, ó Vou acertar algumas flechas Flechas não tá adiantando nada Uma achada é pior, né A espada pelo menos consegue causar mais dano De certo modo Então, vamos lá Olha isso, falta pouco Falta pouco aqui desse lado E a outra janela, Lucas Na outra janela, eu acho que tem também Eu tô achando que tem também O importante é que a base tá resistindo muito bem Nem um bloco quebrado A porta tá inteira Tudo bem, é uma porta de ferro, né Uma porta de ferro com certeza ia resistir Agora desse lado não tem muito não, hein Falta pouco, McFly Eu acho que eu vou até sair aqui, ó Acho que eu vou até sair aqui, hein Eu acho que eu só não posso cair na lava Cair na lava Justo que eu não queria que acontecesse Justo que eu não queria que acontecesse Tô aqui, tô bem, tô bem Nossa, só espero que esse efeito de fogo passe logo Porque tá difícil As chamas tão atrapalhando bastante Mas talvez eu consiga acertar Ó, tem as portas que a gente pode fechar e abrir, ó Pra proteger as janelas Que susto, McFly Que susto, McFly Beleza, ó Eu vou sair lá fora de novo Ó, tem um aqui, tem um aqui, tem um aqui""",Avaliador_B,Avaliador_D
3,"eu cheguei você chegou ai mammy ta, ta pera ai to aqui louca ai não sei porque eu contratei essas crianças nossa nossa são oi mammy oi gente bora lá bora bora bora bora bora bora bora bora bora bora eu falei que iria falar ladies and gentlemen ai se preparem para o mais engraçado o mais maluco o mais estupido quer dizer o mais bobinho palhaços do roblox pet e a sua gangue o uuuu saiu mammy entra aqui mammy entra aqui a ta eu achei que esse aqui era você mammy entra aqui a ta a ta o uu mammy entra aqui mammy entra aqui a ta Ouuu saiu! Papapara papapara papapara Mami entra aqui! Eu entrei! Ah tá, eu achei que esse aqui era você, Mami! Papapara papapara papapara É pra empurrar um palhaço, outro Que que é pra fazer? Ih Mami, agora os nossos palhaços vão brigar Até morrer Não gente, a gente não faz isso não Não gente, é brincadeira Palhaços, se preparem para a luta! Nossa!",0.1451496481895446,0.5079289078712463,0.3469215035438537,NEU,0.8714442849159241,0.0024795883800834,0.0333759151399135,0.00300895399414,0.3441255986690521,0.0047939773648977,0.003999943844974,0.584095,Luluca Games,Roblox,Roblox - VIREI UMA PALHACINHA DESAJEITADA Patchy Origin  Luluca Games [irNEZXoagD4],0.1451497375965118,T,T,T,"🎬 Canal: Luluca Games | 🎥 Vídeo: Roblox - VIREI UMA PALHACINHA DESAJEITADA Patchy Origin  Luluca Games [irNEZXoagD4]
⏱️ Segmento/Index: 3
🤖 Consenso de IA: T (Detoxify: 0.871 | Perspective: 0.584)
──────────────────────────────────────────────────
Fala transcrita:
""eu cheguei você chegou ai mammy ta, ta pera ai to aqui louca ai não sei porque eu contratei essas crianças nossa nossa são oi mammy oi gente bora lá bora bora bora bora bora bora bora bora bora bora eu falei que iria falar ladies and gentlemen ai se preparem para o mais engraçado o mais maluco o mais estupido quer dizer o mais bobinho palhaços do roblox pet e a sua gangue o uuuu saiu mammy entra aqui mammy entra aqui a ta eu achei que esse aqui era você mammy entra aqui a ta a ta o uu mammy entra aqui mammy entra aqui a ta Ouuu saiu! Papapara papapara papapara Mami entra aqui! Eu entrei! Ah tá, eu achei que esse aqui era você, Mami! Papapara papapara papapara É pra empurrar um palhaço, outro Que que é pra fazer? Ih Mami, agora os nossos palhaços vão brigar Até morrer Não gente, a gente não faz isso não Não gente, é brincadeira Palhaços, se preparem para a luta! Nossa!""",Avaliador_B,Avaliador_D
17,"Sai daqui Seus zumbis malvados Não andem não, não andem não Nossa, estão tentando quebrar o laser parece Isso, eles estão se derrubando Seus zumbis atrapalhados Zumbis atrapalhados Zumbis atrapalhados Nossa, são muitos quebraram o laser Não, não, não, não, não está funcionando ainda São muitos, eu nunca vi tanto zumbi É melhor me proteger com um escudo Porque eu não quero ser devorado por eles Calma, sai daqui, sai daqui, toma essa Toma essa, toma essa Isso, pode vir, pode vir Vocês não vão conseguir sobreviver a essas armadilhas Toma essa Vem aqui, vem aqui seu zumbi malvado Sai para lá, sai para lá, me deixa em paz Me deixa em paz Isso, tchauzinho, tchauzinho Esse exército já era PJ Esse exército de zumbis já era Ha ha ha Tenho que vencer alguma outra escapagem Eu vou ter que usar as minhas próprias mãos Mais uma vitória das armadilhas Que foram construídas Porém, o PJ Puggya Pillar disse que Ele mesmo vai atacar da próxima vez E por ele ser mais forte que Os monstros que vieram atacar Eu preciso reforçar ainda",0.9454906582832336,0.0351095721125602,0.0193997267633676,NEG,0.8548322916030884,0.0102102300152182,0.0629332661628723,0.009689524769783,0.0973368063569068,0.0219207257032394,0.0182001870125532,0.40614098,JP Plays,Minecraft,50 HACKS de CONSTRUÇÃO SEGURA - O FILME [Iq8VpF78l2E],,T,T,T,"🎬 Canal: JP Plays | 🎥 Vídeo: 50 HACKS de CONSTRUÇÃO SEGURA - O FILME [Iq8VpF78l2E]
⏱️ Segmento/Index: 17
🤖 Consenso de IA: T (Detoxify: 0.855 | Perspective: 0.406)
──────────────────────────────────────────────────
Fala transcrita:
""Sai daqui Seus zumbis malvados Não andem não, não andem não Nossa, estão tentando quebrar o laser parece Isso, eles estão se derrubando Seus zumbis atrapalhados Zumbis atrapalhados Zumbis atrapalhados Nossa, são muitos quebraram o laser Não, não, não, não, não está funcionando ainda São muitos, eu nunca vi tanto zumbi É melhor me proteger com um escudo Porque eu não quero ser devorado por eles Calma, sai daqui, sai daqui, toma essa Toma essa, toma essa Isso, pode vir, pode vir Vocês não vão conseguir sobreviver a essas armadilhas Toma essa Vem aqui, vem aqui seu zumbi malvado Sai para lá, sai para lá, me deixa em paz Me deixa em paz Isso, tchauzinho, tchauzinho Esse exército já era PJ Esse exército de zumbis já era Ha ha ha Tenho que vencer alguma outra escapagem Eu vou ter que usar as minhas próprias mãos Mais uma vitória das armadilhas Que foram construídas Porém, o PJ Puggya Pillar disse que Ele mesmo vai atacar da próxima vez E por ele ser mais forte que Os monstros que vieram atacar Eu preciso reforçar ainda""",Avaliador_B,Avaliador_D
3,"Aí você foi amassado! Ninguém mandou você pisar em mim aquela hora! Mas agora eu já vou conseguir passar pro tamanho 20! É só eu clicar nessa alavanca... E pronto! Olha o meu tamanho! Eu tô maior que a casa da vila! Nossa, será que no nível 50? Eu vou conseguir chegar no sol! Ah, mas antes da gente chegar lá, a gente precisa chegar no tamanho 30! E pra chegar no tamanho 30, a gente precisa derrotar o gigante! Que gigante? Ah, você pisou em cima dos Villagers! Quem que tá falando isso? Ah, tem um Iron Golem gigante aqui! Olha, agora eu vou me vingar de você! Você vai ver só! Ai, parece que o Iron Golem tá atrás de mim! E não, eu fiquei preso! Corre, corre, corre! Ah, vem aqui, Iron Golem! Toma! Eu errei todas, não! Ele me bateu! Cada dano dele me tira metade da vida! Ele é muito forte! Ai, será que eu vou conseguir derrotar ele? E passar pro próximo tamanho? Ah, eu vou tentar bater nele daqui de cima! Toma! Ai, parece que agora ele tá bravo! Ele tá correndo atrás de mim! Corre, corre, corre! Ai, vem aqui, Iron Golem!",0.2839672863483429,0.6430923938751221,0.0729402974247932,NEU,0.7176272869110107,0.0060821212828159,0.0444258339703083,0.0029650155920535,0.0375413484871387,0.0784039422869682,0.0118606463074684,0.2854971,Cadres,Minecraft,Eu Virei um GIGANTE no Minecraft [VjVAwale_jk],,GZ,GZ,GZ,"🎬 Canal: Cadres | 🎥 Vídeo: Eu Virei um GIGANTE no Minecraft [VjVAwale_jk]
⏱️ Segmento/Index: 3
🤖 Consenso de IA: GZ (Detoxify: 0.718 | Perspective: 0.285)
──────────────────────────────────────────────────
Fala transcrita:
""Aí você foi amassado! Ninguém mandou você pisar em mim aquela hora! Mas agora eu já vou conseguir passar pro tamanho 20! É só eu clicar nessa alavanca... E pronto! Olha o meu tamanho! Eu tô maior que a casa da vila! Nossa, será que no nível 50? Eu vou conseguir chegar no sol! Ah, mas antes da gente chegar lá, a gente precisa chegar no tamanho 30! E pra chegar no tamanho 30, a gente precisa derrotar o gigante! Que gigante? Ah, você pisou em cima dos Villagers! Quem que tá falando isso? Ah, tem um Iron Golem gigante aqui! Olha, agora eu vou me vingar de você! Você vai ver só! Ai, parece que o Iron Golem tá atrás de mim! E não, eu fiquei preso! Corre, corre, corre! Ah, vem aqui, Iron Golem! Toma! Eu errei todas, não! Ele me bateu! Cada dano dele me tira metade da vida! Ele é muito forte! Ai, será que eu vou conseguir derrotar ele? E passar pro próximo tamanho? Ah, eu vou tentar bater nele daqui de cima! Toma! Ai, parece que agora ele tá bravo! Ele tá correndo atrás de mim! Corre, corre, corre! Ai, vem aqui, Iron Golem!""",Avaliador_B,Avaliador_D
2,"Fica longe da gente, não fica aqui perto não! Deixa eu explicar! A gente tá com uma doença e a gente não sabe o que vai ser daqui pra frente! Quê? Vocês estão com uma doença e nem me contaram? Foi de, sabe, de última hora! A gente nem sabia disso direito, mas agora tá piorando cada vez mais! Ai, eu não acredito, mas vocês podem morrer? A gente vai se curar, né? A gente vai ficar bem, mas... Mas foi eu com a doença grave? Não, não, não é não! Não, vai ficar tudo bem, mas não precisa se preocupar, não! Mas isso é horrível, não passa nada! Ai, pera, pera! Eu vou levar vocês pro hospital, vem! Pro hospital? Não, não, eu tenho medo de hospital! Vocês têm que ir pro hospital, vou pegar uma ambulância emprestada! Não, olha, você sabe que o meu seu pai não gosta dessas coisas, é melhor você ficar lá! Por favor, eu tenho medo de hospital! A gente pode ficar em casa até se curar, tá? Só se você não ficar perto da gente!",0.8656077980995178,0.1167646795511245,0.0176274459809064,NEG,0.2715718150138855,0.0037702391855418,0.0231396965682506,0.0006613006116822,0.0480049103498458,0.0356645919382572,0.0027327516581863,0.3048984,Papile,Roblox,A ORFÃ  ADOTADA POR PAIS RICOS NO BROOKHAVEN  - ROBLOX HISTORINHA EMOCIONANTE [jSdogSyLFHM],,GZ,GZ,GZ,"🎬 Canal: Papile | 🎥 Vídeo: A ORFÃ  ADOTADA POR PAIS RICOS NO BROOKHAVEN  - ROBLOX HISTORINHA EMOCIONANTE [jSdogSyLFHM]
⏱️ Segmento/Index: 2
🤖 Consenso de IA: GZ (Detoxify: 0.272 | Perspective: 0.305)
──────────────────────────────────────────────────
Fala transcrita:
""Fica longe da gente, não fica aqui perto não! Deixa eu explicar! A gente tá com uma doença e a gente não sabe o que vai ser daqui pra frente! Quê? Vocês estão com uma doença e nem me contaram? Foi de, sabe, de última hora! A gente nem sabia disso direito, mas agora tá piorando cada vez mais! Ai, eu não acredito, mas vocês podem morrer? A gente vai se curar, né? A gente vai ficar bem, mas... Mas foi eu com a doença grave? Não, não, não é não! Não, vai ficar tudo bem, mas não precisa se preocupar, não! Mas isso é horrível, não passa nada! Ai, pera, pera! Eu vou levar vocês pro hospital, vem! Pro hospital? Não, não, eu tenho medo de hospital! Vocês têm que ir pro hospital, vou pegar uma ambulância emprestada! Não, olha, você sabe que o meu seu pai não gosta dessas coisas, é melhor você ficar lá! Por favor, eu tenho medo de hospital! A gente pode ficar em casa até se curar, tá? Só se você não ficar perto da gente!""",Avaliador_B,Avaliador_D
5,"Vai, vai, vai, vai! Meu Deus! Calma, calma, calma! Espera! E daí tá! Nossa, levou um monte de gente ali! Vai, vai, vai, vai! Boa, bate em mim mesmo, porque eu não quero essa lá na frente! Meu Deus! Socorro! Meu Deus, alguém bate em mim! Meu Deus! Bola de novo! Meu Deus, não! Eu fui lá... Meu Deus! Eu voltei no começo do mapa! Ah, não, essa fase não, gente! Trulha do céu! O que? O negócio que me jogou lá no começo! Sério? Só corre, tem que subir ali! Agarra, agarra! Sobe! Eu tô levando soco na cara, socorro! Ah, não! Essa fase de novo não! Vai, vai, meu queridão! Gente, essa parte aqui eu não gosto! Passei, passei, passei! Pronto, passei! Boa! Tô me recuperando, eu acho que vai dar! Espera! Ah, esse negócio de girar aqui, gente! Oh, meu Deus! Vai que a gente consegue! Esse ventiladorzão aqui... Gente, soco é muito difícil! É, é bem difícil! Eu não vou pelo meio, o meio não dá! Não tem que ser difícil! É, é bem difícil! Eu não vou pelo meio, o meio não dá! Não tem como!",0.8125847578048706,0.1290859431028366,0.0583292953670024,NEG,0.2695448994636535,0.0019751170184463,0.1019761189818382,0.0005549986381083,0.0106555614620447,0.0253747887909412,0.00978066585958,0.36095104,Julia MineGirl,Roblox,GINCANA ENGRAÇADA EM FAMÍLIA Fall Guys [W4iDE0l4Ycs],,GZ,GZ,GZ,"🎬 Canal: Julia MineGirl | 🎥 Vídeo: GINCANA ENGRAÇADA EM FAMÍLIA Fall Guys [W4iDE0l4Ycs]
⏱️ Segmento/Index: 5
🤖 Consenso de IA: GZ (Detoxify: 0.27 | Perspective: 0.361)
──────────────────────────────────────────────────
Fala transcrita:
""Vai, vai, vai, vai! Meu Deus! Calma, calma, calma! Espera! E daí tá! Nossa, levou um monte de gente ali! Vai, vai, vai, vai! Boa, bate em mim mesmo, porque eu não quero essa lá na frente! Meu Deus! Socorro! Meu Deus, alguém bate em mim! Meu Deus! Bola de novo! Meu Deus, não! Eu fui lá... Meu Deus! Eu voltei no começo do mapa! Ah, não, essa fase não, gente! Trulha do céu! O que? O negócio que me jogou lá no começo! Sério? Só corre, tem que subir ali! Agarra, agarra! Sobe! Eu tô levando soco na cara, socorro! Ah, não! Essa fase de novo não! Vai, vai, meu queridão! Gente, essa parte aqui eu não gosto! Passei, passei, passei! Pronto, passei! Boa! Tô me recuperando, eu acho que vai dar! Espera! Ah, esse negócio de girar aqui, gente! Oh, meu Deus! Vai que a gente consegue! Esse ventiladorzão aqui... Gente, soco é muito difícil! É, é bem difícil! Eu não vou pelo meio, o meio não dá! Não tem que ser difícil! É, é bem difícil! Eu não vou pelo meio, o meio não dá! Não tem como!""",Avaliador_B,Avaliador_D
1,"O bebê ficou maluco! Entra pelas ventilações! Rápido! Vamos deixar o médico e o enfermeiro aí? Mami, deixa, deixa! Meu Deus, o meu bebê ficou louco! O que aconteceu? É pra entrar pelas ventilações, onde é a ventilação? Cadê a ventilação? Ventilação, ventilação, mami! Onde tá a ventilação? Tá cheia, cheia! Onde, onde, onde? Ai, meu Deus do céu, gente, é uma escada invisível! Mami, que loucura! Como será que ele ficou assim, maluco? Não sei, Luca! Mami, só vamos sair daqui então! Que é isso? São beircinhos, mami! Só que se é aquele ser atrevedor de saio? É porque ele alagou tudo, mami! Nossa, meu primo ficou maluco, mami! Mas é seu primo ou será que ele é um bebê aleatório? Será que ele é um bebê aleatório? Ai, eu não sei, será que é meu primo? Luca, sua mente é alguma coisa estranha com a varilha da sua tia? Ah, é, tava meio grandona demais, né?",0.8565577268600464,0.115027830004692,0.0284144897013902,NEG,0.3549909293651581,0.0011736741289496,0.0651242062449455,0.0007370944367721,0.0790123492479324,0.0029080745298415,0.0031798344571143,0.25462922,Luluca Games,Roblox,Roblox - ESCAPE DO BEBÊ DO MAL Escape The Evil Baby Obby  Luluca Games [m0qnDrDNoBQ],0.8565577268600464,GZ,GZ,GZ,"🎬 Canal: Luluca Games | 🎥 Vídeo: Roblox - ESCAPE DO BEBÊ DO MAL Escape The Evil Baby Obby  Luluca Games [m0qnDrDNoBQ]
⏱️ Segmento/Index: 1
🤖 Consenso de IA: GZ (Detoxify: 0.355 | Perspective: 0.255)
──────────────────────────────────────────────────
Fala transcrita:
""O bebê ficou maluco! Entra pelas ventilações! Rápido! Vamos deixar o médico e o enfermeiro aí? Mami, deixa, deixa! Meu Deus, o meu bebê ficou louco! O que aconteceu? É pra entrar pelas ventilações, onde é a ventilação? Cadê a ventilação? Ventilação, ventilação, mami! Onde tá a ventilação? Tá cheia, cheia! Onde, onde, onde? Ai, meu Deus do céu, gente, é uma escada invisível! Mami, que loucura! Como será que ele ficou assim, maluco? Não sei, Luca! Mami, só vamos sair daqui então! Que é isso? São beircinhos, mami! Só que se é aquele ser atrevedor de saio? É porque ele alagou tudo, mami! Nossa, meu primo ficou maluco, mami! Mas é seu primo ou será que ele é um bebê aleatório? Será que ele é um bebê aleatório? Ai, eu não sei, será que é meu primo? Luca, sua mente é alguma coisa estranha com a varilha da sua tia? Ah, é, tava meio grandona demais, né?""",Avaliador_B,Avaliador_D
7,"Eu vou tentar descer as escadas. Eles estão ali na sala. Eu vou falar pra eles que eu não tô conseguindo dormir. Será que eles vão fazer alguma coisa de ruim comigo? Ei, pai, mãe! A gente já sabe que você não tá conseguindo dormir. É verdade. Como que vocês sabem disso? A nossa audição é muito boa, daí a gente consegue escutar. Vocês escutaram tudo que eu falei? Tudo! Sim, tudinho. Ai, é que eu realmente tô assustada. Eu acho que eu prefiro voltar para o orfanato. Ah, não! Ah, não, agora você já é nossa filha. Ai, eu não quero, quero ir embora. Me leva embora! Não, você tem que ficar aqui agora que você veio uma vez, não volta mais. Mas, mas, ai, eu não sei o que fazer, porque vocês são vampiros.",0.2229183465242386,0.5691282749176025,0.2079533636569976,NEU,0.5727337598800659,0.0008690634858794,0.0240572690963745,0.0039299568161368,0.1442814767360687,0.0165643822401762,0.0061239474453032,0.25462922,Papile,Roblox,FUI ADOTADA POR UMA FAMÍLIA DE VAMPIROS  NO BROOKHAVEN  ROBLOX HISTÓRIA - PAPILE [3EX1e_M5QnA],,GZ,GZ,GZ,"🎬 Canal: Papile | 🎥 Vídeo: FUI ADOTADA POR UMA FAMÍLIA DE VAMPIROS  NO BROOKHAVEN  ROBLOX HISTÓRIA - PAPILE [3EX1e_M5QnA]
⏱️ Segmento/Index: 7
🤖 Consenso de IA: GZ (Detoxify: 0.573 | Perspective: 0.255)
──────────────────────────────────────────────────
Fala transcrita:
""Eu vou tentar descer as escadas. Eles estão ali na sala. Eu vou falar pra eles que eu não tô conseguindo dormir. Será que eles vão fazer alguma coisa de ruim comigo? Ei, pai, mãe! A gente já sabe que você não tá conseguindo dormir. É verdade. Como que vocês sabem disso? A nossa audição é muito boa, daí a gente consegue escutar. Vocês escutaram tudo que eu falei? Tudo! Sim, tudinho. Ai, é que eu realmente tô assustada. Eu acho que eu prefiro voltar para o orfanato. Ah, não! Ah, não, agora você já é nossa filha. Ai, eu não quero, quero ir embora. Me leva embora! Não, você tem que ficar aqui agora que você veio uma vez, não volta mais. Mas, mas, ai, eu não sei o que fazer, porque vocês são vampiros.""",Avaliador_B,Avaliador_D
3,"Esse lado não dá pra passar com o carro, a gente vai ter que seguir a pé, hein Vai, cuidado atrás, atrás, atrás, deixa eu ver o que tem, ai, nossa, estão vindo muito zumbi Sai, chispa, chispa zumbi palhaço Ai, já não acredito nisso Ok, parece que a gente vai ter que acertar aquela corda, tá vendo, pra gente abrir o portão Tem um negócio ali em cima, eu vou acertar, ai, pera, eu vou acertar ela, pode deixar comigo, Fláio Pode deixar comigo, se eu deixar acabar com esse zumbi, agora vai acertar ali, ó Acertei, na mosca, destruiu o zumbi e abriu a porta Boa, agora deixa eu dar uma funçada aqui no lixo, tô com fome Vamos pegar comida aqui nessa cidade, pessoal, a gente achar comida é no lixo mesmo A gente encontra aqui uns bifes, né, e tal, e eu já tô começando a ficar com fome mesmo Preciso de mais comida e tem palhaço vindo Vamos ver qual que vai ser a nossa missão aqui no circo, pessoal Eu acho que a gente vai ter que enfrentar o elefante zumbi, jota Você tá de sacanagem, vamos dar uma olhada aqui na história, vocês estão vendo que tem aqui uns círculos de fogo, né, e tal Ali dentro da gaiola temos... o que é aquilo? Parece algum bicho, é uma maçã Tem um macaquinho, tem um macaquinho dentro da gaiola, ali embaixo nós temos...",0.6469252109527588,0.3157985210418701,0.0372762195765972,NEG,0.3178865611553192,0.0042615379206836,0.0405922643840312,0.0028155006002634,0.0566462725400924,0.0089822234585881,0.0051354924216866,0.32919475,JP Plays,Minecraft,ATROPELEI OS ZUMBIS COM UM CARRO NO MINECRAFT [DlSbcG-ZsAk],,GZ,GZ,GZ,"🎬 Canal: JP Plays | 🎥 Vídeo: ATROPELEI OS ZUMBIS COM UM CARRO NO MINECRAFT [DlSbcG-ZsAk]
⏱️ Segmento/Index: 3
🤖 Consenso de IA: GZ (Detoxify: 0.318 | Perspective: 0.329)
──────────────────────────────────────────────────
Fala transcrita:
""Esse lado não dá pra passar com o carro, a gente vai ter que seguir a pé, hein Vai, cuidado atrás, atrás, atrás, deixa eu ver o que tem, ai, nossa, estão vindo muito zumbi Sai, chispa, chispa zumbi palhaço Ai, já não acredito nisso Ok, parece que a gente vai ter que acertar aquela corda, tá vendo, pra gente abrir o portão Tem um negócio ali em cima, eu vou acertar, ai, pera, eu vou acertar ela, pode deixar comigo, Fláio Pode deixar comigo, se eu deixar acabar com esse zumbi, agora vai acertar ali, ó Acertei, na mosca, destruiu o zumbi e abriu a porta Boa, agora deixa eu dar uma funçada aqui no lixo, tô com fome Vamos pegar comida aqui nessa cidade, pessoal, a gente achar comida é no lixo mesmo A gente encontra aqui uns bifes, né, e tal, e eu já tô começando a ficar com fome mesmo Preciso de mais comida e tem palhaço vindo Vamos ver qual que vai ser a nossa missão aqui no circo, pessoal Eu acho que a gente vai ter que enfrentar o elefante zumbi, jota Você tá de sacanagem, vamos dar uma olhada aqui na história, vocês estão vendo que tem aqui uns círculos de fogo, né, e tal Ali dentro da gaiola temos... o que é aquilo? Parece algum bicho, é uma maçã Tem um macaquinho, tem um macaquinho dentro da gaiola, ali embaixo nós temos...""",Avaliador_B,Avaliador_D
11,"Quebre. Pronto. É, não tinha nada. Tem ouro só. Ah, ouro tem que pegar, né, porque é bom. Vamos matar mais uns bichos aí, porque a gente tá precisando de comida pra caramba. Uhum. Eu tô matando peixe. Oi. Veio um templo do nada. Gigante. Deixa eu fazer aqui. Olha, eu preciso... Ah, você tem madeira ali, Gomes. Eu preciso de madeira. Não tenho. Aí, consegui girar outro portal. É, a gente tem um obsídio, né? É, tem um obsídio. Relaxa, eu vou pegar aqui um pouco de madeira e vou usar umas ferramentas de diamante pra mim, mano. Eu quero mais barcos de gendicir pra gente ficar full diamante. Eu tô matando os bichos na picareta. E dois escudos. Você já tem escudo? Não, escudo não. Porque escudo vai ajudar bastante, mano. Imagina. Vem pra cá, vem pra cá. Que isso, cavalo. Calma, não sei onde você tá. Tá, eu tô do lado de um templo da jungle e de um templo do deserto. Olha aqui. Super normal, Jaleia. Super normal, mano. E gru. E gru. É, é porque às vezes o Wiggle, ele spawna um negócio lá embaixo, viu? Já spawnou algum? Não, nunca vi.",0.0866617336869239,0.869539737701416,0.0437985211610794,NEU,0.6880348920822144,0.0044537633657455,0.0958552956581115,0.0022369832731783,0.044670857489109,0.3085017800331116,0.0031116858590394,0.39842087,Geleia,Minecraft,MOBS DROPAM ESTRUTURAS OP NO MINECRAFT [MCOp5GI13yE],,GZ,GZ,GZ,"🎬 Canal: Geleia | 🎥 Vídeo: MOBS DROPAM ESTRUTURAS OP NO MINECRAFT [MCOp5GI13yE]
⏱️ Segmento/Index: 11
🤖 Consenso de IA: GZ (Detoxify: 0.688 | Perspective: 0.398)
──────────────────────────────────────────────────
Fala transcrita:
""Quebre. Pronto. É, não tinha nada. Tem ouro só. Ah, ouro tem que pegar, né, porque é bom. Vamos matar mais uns bichos aí, porque a gente tá precisando de comida pra caramba. Uhum. Eu tô matando peixe. Oi. Veio um templo do nada. Gigante. Deixa eu fazer aqui. Olha, eu preciso... Ah, você tem madeira ali, Gomes. Eu preciso de madeira. Não tenho. Aí, consegui girar outro portal. É, a gente tem um obsídio, né? É, tem um obsídio. Relaxa, eu vou pegar aqui um pouco de madeira e vou usar umas ferramentas de diamante pra mim, mano. Eu quero mais barcos de gendicir pra gente ficar full diamante. Eu tô matando os bichos na picareta. E dois escudos. Você já tem escudo? Não, escudo não. Porque escudo vai ajudar bastante, mano. Imagina. Vem pra cá, vem pra cá. Que isso, cavalo. Calma, não sei onde você tá. Tá, eu tô do lado de um templo da jungle e de um templo do deserto. Olha aqui. Super normal, Jaleia. Super normal, mano. E gru. E gru. É, é porque às vezes o Wiggle, ele spawna um negócio lá embaixo, viu? Já spawnou algum? Não, nunca vi.""",Avaliador_B,Avaliador_D
9,AY SCARCHAPELHONA,0.0215498134493827,0.0781901404261589,0.9002600908279419,POS,0.1170194298028945,0.0009711814345791,0.0277075432240962,0.0025368011556565,0.0398015491664409,0.0022439993917942,0.0028600837104022,0.04216247,Amy Scarlet,Roblox,Não consigo pegar MESTRE no Free Fire [1ZL1HFdBvD8],,NT,NT,NT,"🎬 Canal: Amy Scarlet | 🎥 Vídeo: Não consigo pegar MESTRE no Free Fire [1ZL1HFdBvD8]
⏱️ Segmento/Index: 9
🤖 Consenso de IA: NT (Detoxify: 0.117 | Perspective: 0.042)
──────────────────────────────────────────────────
Fala transcrita:
""AY SCARCHAPELHONA""",Avaliador_B,Avaliador_D
2,"Tinta adesiva Tá, posso fazer uma bomba com isso Olha o tamanho dessa bomba Posso explodir uma parede, eu acho Eu vou dar o fora daqui agora mesmo, quero nem saber Já resolvi o problema com toda essa papelada E posso estar saindo do escritório E voltando lá pra cafeteria McFly deve estar aqui esperando, né McFly? É... McFly? McFly, cadê você? Ei! Cadê você? Eu pedi pra esperar aqui Parece que um prisioneiro está solta por aí Eu tenho que encontrá-lo Ninguém vai fugir dessa prisão Eu preciso encontrar um lugar pra colocar essa bomba Eu acho que é ali embaixo, tá? Corre, corre, corre, corre Ele deve estar aqui pelo campo de futebol escondido Será que ele está pensando em quebrar essas tábuas de madeira e dar o fora?",0.3067160248756408,0.5872758030891418,0.1060080975294113,NEU,0.6745485067367554,0.0050162589177489,0.0418905727565288,0.0017089515458792,0.0320506617426872,0.1913882046937942,0.0056412639096379,0.3389984,JP Plays,Minecraft,VIDA DE POLICIAL POR 1 DIA [runC0RB9748],,GZ,GZ,GZ,"🎬 Canal: JP Plays | 🎥 Vídeo: VIDA DE POLICIAL POR 1 DIA [runC0RB9748]
⏱️ Segmento/Index: 2
🤖 Consenso de IA: GZ (Detoxify: 0.675 | Perspective: 0.339)
──────────────────────────────────────────────────
Fala transcrita:
""Tinta adesiva Tá, posso fazer uma bomba com isso Olha o tamanho dessa bomba Posso explodir uma parede, eu acho Eu vou dar o fora daqui agora mesmo, quero nem saber Já resolvi o problema com toda essa papelada E posso estar saindo do escritório E voltando lá pra cafeteria McFly deve estar aqui esperando, né McFly? É... McFly? McFly, cadê você? Ei! Cadê você? Eu pedi pra esperar aqui Parece que um prisioneiro está solta por aí Eu tenho que encontrá-lo Ninguém vai fugir dessa prisão Eu preciso encontrar um lugar pra colocar essa bomba Eu acho que é ali embaixo, tá? Corre, corre, corre, corre Ele deve estar aqui pelo campo de futebol escondido Será que ele está pensando em quebrar essas tábuas de madeira e dar o fora?""",Avaliador_B,Avaliador_D
26,"Não vou nada, fi. Você que tá destruindo, que eu sou o vilão. Sai daqui, sai daqui, fedoreta. Eduarda, tu nunca vai me vencer. Tu acha que... Espera, isso aqui eu tenho ideia. Meu Deus do céu, tá explodindo o meu mundo, galera. Venha, vem aqui. Cadê você? Vem cá, vem. Vou te tacar ovo. Taquei ovo. Taquei ovo. Vem aqui, vem. Não, não, não. Apaga, apaga. Não deu certo, galera. Não. Bota aqui, bota aqui. Não. Galera, eu vou precisar usar meu poder especial. Vocês já sabem qual é? Será que vocês já sabem? É esse aqui, ó. É esse aqui. Um, dois, três e... Nossa, eu tô muito rápido agora. Volta aqui, menino. Galera, a gente precisa tirar as TNT que a Eduarda colocou. Cadê? Vamos procurar, vamos procurar. Tem uma ali. Não, ela acendeu, ela acendeu. Não, não, cara. Eu preciso pensar em alguma coisa que a Eduarda não gosta de fazer, galera. Tomar banho. Ela não gosta de tomar banho. E se eu jogar a Eduarda dentro d'água? Será que vai dar certo? Cadê? Eu preciso provocar ela. Eduarda! Que que é esse? Tô explodindo tudo. Não. Ah, não, velho. Cadê você? Eu tô aqui.",0.7424938678741455,0.2117834538221359,0.0457226634025573,NEG,0.835638165473938,0.0093950973823666,0.0617534406483173,0.0055231382139027,0.0606152117252349,0.016841534525156,0.0288256052881479,0.50759226,Marcelodrv,Minecraft,A Cada XP eu EVOLUO - O FILME [5nR_uhvpHvY],,T,T,T,"🎬 Canal: Marcelodrv | 🎥 Vídeo: A Cada XP eu EVOLUO - O FILME [5nR_uhvpHvY]
⏱️ Segmento/Index: 26
🤖 Consenso de IA: T (Detoxify: 0.836 | Perspective: 0.508)
──────────────────────────────────────────────────
Fala transcrita:
""Não vou nada, fi. Você que tá destruindo, que eu sou o vilão. Sai daqui, sai daqui, fedoreta. Eduarda, tu nunca vai me vencer. Tu acha que... Espera, isso aqui eu tenho ideia. Meu Deus do céu, tá explodindo o meu mundo, galera. Venha, vem aqui. Cadê você? Vem cá, vem. Vou te tacar ovo. Taquei ovo. Taquei ovo. Vem aqui, vem. Não, não, não. Apaga, apaga. Não deu certo, galera. Não. Bota aqui, bota aqui. Não. Galera, eu vou precisar usar meu poder especial. Vocês já sabem qual é? Será que vocês já sabem? É esse aqui, ó. É esse aqui. Um, dois, três e... Nossa, eu tô muito rápido agora. Volta aqui, menino. Galera, a gente precisa tirar as TNT que a Eduarda colocou. Cadê? Vamos procurar, vamos procurar. Tem uma ali. Não, ela acendeu, ela acendeu. Não, não, cara. Eu preciso pensar em alguma coisa que a Eduarda não gosta de fazer, galera. Tomar banho. Ela não gosta de tomar banho. E se eu jogar a Eduarda dentro d'água? Será que vai dar certo? Cadê? Eu preciso provocar ela. Eduarda! Que que é esse? Tô explodindo tudo. Não. Ah, não, velho. Cadê você? Eu tô aqui.""",Avaliador_B,Avaliador_D
15,eu vou morrer mata mata mata mata isso aqui ta ta foi ai ó pedaço de bolo piece of cake muito fácil molezinha ô moço você vai ter que trazer algo mais mais assim pra gente matar entendeu é ta muito fácil e agora essa aqui é a ira mas não ta trancada não da pra passar por baixo aqui pelo lado ah mamis vamos ter que atirar aqui quer atirar na madeira a madeira vai morrer agora falta essa daqui só foi ta trancada a gente não consegue passar do mesmo jeito ai sim tem que quebrar o ar também aqui ó ó pera que gostei do meu caminho ta e ai moço o que a gente vai fazer agora ó ele sente uma presença,0.7883601784706116,0.1274787038564682,0.084161102771759,NEG,0.951467216014862,0.0098276697099208,0.0373728014528751,0.0049505173228681,0.0440662093460559,0.1420459002256393,0.0194838400930166,0.75208336,Julia MineGirl,Roblox,Roblox - O HOTEL ESTÁ ASSOMBRADO Hotel Stories [jt9lCOD0CiQ],,T,T,T,"🎬 Canal: Julia MineGirl | 🎥 Vídeo: Roblox - O HOTEL ESTÁ ASSOMBRADO Hotel Stories [jt9lCOD0CiQ]
⏱️ Segmento/Index: 15
🤖 Consenso de IA: T (Detoxify: 0.951 | Perspective: 0.752)
──────────────────────────────────────────────────
Fala transcrita:
""eu vou morrer mata mata mata mata isso aqui ta ta foi ai ó pedaço de bolo piece of cake muito fácil molezinha ô moço você vai ter que trazer algo mais mais assim pra gente matar entendeu é ta muito fácil e agora essa aqui é a ira mas não ta trancada não da pra passar por baixo aqui pelo lado ah mamis vamos ter que atirar aqui quer atirar na madeira a madeira vai morrer agora falta essa daqui só foi ta trancada a gente não consegue passar do mesmo jeito ai sim tem que quebrar o ar também aqui ó ó pera que gostei do meu caminho ta e ai moço o que a gente vai fazer agora ó ele sente uma presença""",Avaliador_B,Avaliador_D
11,"Se o Herobrine aparecer, você pode tentar atacá-lo, mas agora vou precisar do seu machado. Olha, pega aqui esse machado, tenho esse aqui também, tenho esse e esse aqui que está quase quebrado. Eu peguei lá dos baús. Tá, eu vou estar usando esses que estão quase quebrando para fazer um melhor. E agora, Beto, eu vou destruir a casa dos animatronics. Tem certeza? Robby, não, é uma boa ideia, começou a chover e só foi você se aproximar. Já estava chovendo, não se preocupa, mas eu acho melhor você ficar perto da porta ali. Eu tenho uma vantagem porque essa armadura que eu estou usando, ela me dá um pouco de velocidade até me dar um pulo mais alto. Então vai ser fácil correr caso o animatronic venha atrás de mim. Espera, Robby, tem um Creeper no poço, ele vai acabar com tudo, tem um Creeper aqui. Calma, vamos tentar acabar com ele agora, não se aproxima muito. Vai, deixa ele por a cara para fora, toma. Ele não pode explodir, senão vai destruir tudo. É, mas ele está no meio da água, acho que nem aconteceu nada, mas calma, deixa eu ver, tem mais Creeper ali, eu não quero ter problema com Creepers.",0.2152246087789535,0.7233953475952148,0.0613800920546054,NEU,0.2211603373289108,0.0035417831968516,0.0197803601622581,0.0016281163552775,0.0156537257134914,0.1128238886594772,0.0025430708192288,0.3234372,Robin Hood Gamer,Minecraft,CASA SEGURA CONTRA ANIMATRONICS DO FIVE NIGHTS - Minecraft Herobrine 26 [feyQVw_NIPw],,GZ,GZ,GZ,"🎬 Canal: Robin Hood Gamer | 🎥 Vídeo: CASA SEGURA CONTRA ANIMATRONICS DO FIVE NIGHTS - Minecraft Herobrine 26 [feyQVw_NIPw]
⏱️ Segmento/Index: 11
🤖 Consenso de IA: GZ (Detoxify: 0.221 | Perspective: 0.323)
──────────────────────────────────────────────────
Fala transcrita:
""Se o Herobrine aparecer, você pode tentar atacá-lo, mas agora vou precisar do seu machado. Olha, pega aqui esse machado, tenho esse aqui também, tenho esse e esse aqui que está quase quebrado. Eu peguei lá dos baús. Tá, eu vou estar usando esses que estão quase quebrando para fazer um melhor. E agora, Beto, eu vou destruir a casa dos animatronics. Tem certeza? Robby, não, é uma boa ideia, começou a chover e só foi você se aproximar. Já estava chovendo, não se preocupa, mas eu acho melhor você ficar perto da porta ali. Eu tenho uma vantagem porque essa armadura que eu estou usando, ela me dá um pouco de velocidade até me dar um pulo mais alto. Então vai ser fácil correr caso o animatronic venha atrás de mim. Espera, Robby, tem um Creeper no poço, ele vai acabar com tudo, tem um Creeper aqui. Calma, vamos tentar acabar com ele agora, não se aproxima muito. Vai, deixa ele por a cara para fora, toma. Ele não pode explodir, senão vai destruir tudo. É, mas ele está no meio da água, acho que nem aconteceu nada, mas calma, deixa eu ver, tem mais Creeper ali, eu não quero ter problema com Creepers.""",Avaliador_B,Avaliador_D
1,"Só tem como correr, Davi, não temos outra opção, porque se a gente não fugir, o tornado chega até a gente e eu acho que não vai ser bom, pois ele vai levar todos os blocos que estão por aqui, e se a gente ficar no tornado com vários blocos rodando, esses blocos podem nos acertar e isso não vai ser nada legal. Sim, a gente pode morrer. E o que não é bom, né? Então é melhor a gente se preparar para começar a correr. Eu já fiz uma mesa de trabalho, não sei se você chegou a fazer uma. Eu já fiz uma, Robin, eu estou mineirando aqui, agora vou pegar pedra. Não acredito, agora estamos com duas mesas de trabalho, não tem problema. Já que você está pronto aí para pegar pedra, eu não vou fazer uma picareta de madeira, não. Pega algumas pedras pra mim, que aí eu já faço uma picareta de pedra, que é bem melhor. Ah, então vem aqui no coto, Robin, onde você está? Eu estou atrás de você, me joga as pedras aí pra eu fazer a picareta. Tá, faz pra mim também, calma aí, calma aí. Deixa eu te jogar todas aqui. Boa, agora sim, dá pra fazer duas picaretas e aí a gente vai conseguir pegar várias pedras. Tem uma maçã aqui. Maçã? Calma aí, eu quero comer. Pega essa maçã aí e toma aí a sua picareta de pedra. Já vai buscar muita pedra pra gente estar fazendo aí todos os itens iniciais de pedra. Pá, machado e espada. Iniciais e necessários. Necessários demais, hein? Vamos fazer isso logo antes que o tornado apareça.",0.2520754933357239,0.6593602299690247,0.0885642617940902,NEU,0.033531554043293,0.0022809728980064,0.0237621255218982,0.0012602413771674,0.0130439745262265,0.0122492453083395,0.0012061403831467,0.11181668,Robin Hood Gamer,Minecraft,Minecraft mas um TORNADO nos persegue... [hxRzGlIphA8],,NT,NT,NT,"🎬 Canal: Robin Hood Gamer | 🎥 Vídeo: Minecraft mas um TORNADO nos persegue... [hxRzGlIphA8]
⏱️ Segmento/Index: 1
🤖 Consenso de IA: NT (Detoxify: 0.034 | Perspective: 0.112)
──────────────────────────────────────────────────
Fala transcrita:
""Só tem como correr, Davi, não temos outra opção, porque se a gente não fugir, o tornado chega até a gente e eu acho que não vai ser bom, pois ele vai levar todos os blocos que estão por aqui, e se a gente ficar no tornado com vários blocos rodando, esses blocos podem nos acertar e isso não vai ser nada legal. Sim, a gente pode morrer. E o que não é bom, né? Então é melhor a gente se preparar para começar a correr. Eu já fiz uma mesa de trabalho, não sei se você chegou a fazer uma. Eu já fiz uma, Robin, eu estou mineirando aqui, agora vou pegar pedra. Não acredito, agora estamos com duas mesas de trabalho, não tem problema. Já que você está pronto aí para pegar pedra, eu não vou fazer uma picareta de madeira, não. Pega algumas pedras pra mim, que aí eu já faço uma picareta de pedra, que é bem melhor. Ah, então vem aqui no coto, Robin, onde você está? Eu estou atrás de você, me joga as pedras aí pra eu fazer a picareta. Tá, faz pra mim também, calma aí, calma aí. Deixa eu te jogar todas aqui. Boa, agora sim, dá pra fazer duas picaretas e aí a gente vai conseguir pegar várias pedras. Tem uma maçã aqui. Maçã? Calma aí, eu quero comer. Pega essa maçã aí e toma aí a sua picareta de pedra. Já vai buscar muita pedra pra gente estar fazendo aí todos os itens iniciais de pedra. Pá, machado e espada. Iniciais e necessários. Necessários demais, hein? Vamos fazer isso logo antes que o tornado apareça.""",Avaliador_B,Avaliador_D
7,"Vou jogar aqui, devolver. Aspeque, soumei gente de novo. Remando de novo? Ah, mano, que ruim. Ah, eu queria aquela picareta que ele... Cuidado, cuidado. Bom, eu queria aquele... Eliminio, eliminio. Juga... Meu Deus, olha isso aqui, o açúcar. Olha isso aqui, olha isso aqui, olha isso aqui. Meu Deus. Caraca. Mano, que maneiro, véi. Toque suave, toque suave. Hmm, legal. Da hora, véi. Tá, eu tô procurando minha espada. Nossa, o problema é que o item vai muito longe. Meu Deus, só vem aspecto formigiante na espada, véi, que saco. É que essa espada aqui, ela não tem afiação, ela tem julgamento, entendeu? Então, tipo assim, é pra morto vivo, mas a gente precisa de ferro ainda, véi. Só que eu quero pegar um saque. Olha aqui, olha aqui. Oi, cadê? Meu Deus. Olha aqui o Creeper, olha o Creeper, olha o Creeper. Vem cá, Creeper. Olá. Coitado. Tem três Endermen, velho. Mano, será que eu consigo pegar saque, véi? Não, não, não, açúcar. Eu peguei saque. Eu peguei saque. Olha aqui, olha aqui, olha aqui, olha aqui.",0.559557318687439,0.3694933950901031,0.0709493085741996,NEG,0.3342005610466003,0.0031224892009049,0.0668336749076843,0.0010882656788453,0.0547079220414161,0.015331414528191,0.0068681444972753,0.3367073,Geleia,Minecraft,as fogueiras mudaram no minecraft... [oVJ60UlHNYk],,GZ,GZ,GZ,"🎬 Canal: Geleia | 🎥 Vídeo: as fogueiras mudaram no minecraft... [oVJ60UlHNYk]
⏱️ Segmento/Index: 7
🤖 Consenso de IA: GZ (Detoxify: 0.334 | Perspective: 0.337)
──────────────────────────────────────────────────
Fala transcrita:
""Vou jogar aqui, devolver. Aspeque, soumei gente de novo. Remando de novo? Ah, mano, que ruim. Ah, eu queria aquela picareta que ele... Cuidado, cuidado. Bom, eu queria aquele... Eliminio, eliminio. Juga... Meu Deus, olha isso aqui, o açúcar. Olha isso aqui, olha isso aqui, olha isso aqui. Meu Deus. Caraca. Mano, que maneiro, véi. Toque suave, toque suave. Hmm, legal. Da hora, véi. Tá, eu tô procurando minha espada. Nossa, o problema é que o item vai muito longe. Meu Deus, só vem aspecto formigiante na espada, véi, que saco. É que essa espada aqui, ela não tem afiação, ela tem julgamento, entendeu? Então, tipo assim, é pra morto vivo, mas a gente precisa de ferro ainda, véi. Só que eu quero pegar um saque. Olha aqui, olha aqui. Oi, cadê? Meu Deus. Olha aqui o Creeper, olha o Creeper, olha o Creeper. Vem cá, Creeper. Olá. Coitado. Tem três Endermen, velho. Mano, será que eu consigo pegar saque, véi? Não, não, não, açúcar. Eu peguei saque. Eu peguei saque. Olha aqui, olha aqui, olha aqui, olha aqui.""",Avaliador_B,Avaliador_D
8,"a gente tá fugindo dos zumbis tem monstros lá fora inclusive aqui dá pra ver, né? algo aconteceu ali, ó tá, agora me sigam, a gente tem trabalho em sala de aula pra fazer como assim, mano? você não sabe que tem zumbi lá fora, não? tá, vamos seguir o diretor, pessoal ó, aqui é a sala de aula, certo? não dá pra clicar aqui mas não tem nada ei, abra aquela porta abre a porta a professora acho que já foi, né? ela foi a primeira a ser atacada, né? pelos zumbis aí, ó, o diretor é o próximo agora diretor saiu correndo também fala alguma coisa, diretor confiamos em você tá, eu tô aqui na sala do diretor, ó você matou aquele zumbi quem que matou? foi o diretor que matou? não deu pra ver mas olha o seu braço ele tá infectado, galera não, é só um arranhão, nada comparado com a dor de...",0.3793995380401611,0.5782828330993652,0.0423175767064094,NEU,0.4457023739814758,0.000658577249851,0.0341551266610622,0.0023792032152414,0.199209526181221,0.0037881883326917,0.0071681891568005,0.37751234,Tex HS,Roblox,ROBLOX FIELD TRIP Z [i5odR1arac0],,GZ,GZ,GZ,"🎬 Canal: Tex HS | 🎥 Vídeo: ROBLOX FIELD TRIP Z [i5odR1arac0]
⏱️ Segmento/Index: 8
🤖 Consenso de IA: GZ (Detoxify: 0.446 | Perspective: 0.378)
──────────────────────────────────────────────────
Fala transcrita:
""a gente tá fugindo dos zumbis tem monstros lá fora inclusive aqui dá pra ver, né? algo aconteceu ali, ó tá, agora me sigam, a gente tem trabalho em sala de aula pra fazer como assim, mano? você não sabe que tem zumbi lá fora, não? tá, vamos seguir o diretor, pessoal ó, aqui é a sala de aula, certo? não dá pra clicar aqui mas não tem nada ei, abra aquela porta abre a porta a professora acho que já foi, né? ela foi a primeira a ser atacada, né? pelos zumbis aí, ó, o diretor é o próximo agora diretor saiu correndo também fala alguma coisa, diretor confiamos em você tá, eu tô aqui na sala do diretor, ó você matou aquele zumbi quem que matou? foi o diretor que matou? não deu pra ver mas olha o seu braço ele tá infectado, galera não, é só um arranhão, nada comparado com a dor de...""",Avaliador_B,Avaliador_D
2,"Ah! Ha ha ha! Agora eu sou o rei dos macacos. Ei, Macaco, o que você está fazendo? Uhu, aham. O quê? Você estava descansando? Uhu, aham. Uhu, aham. Macaco, para de ser preguiçoso. Vai pegar uma banana pra mim agora. Se você não pegar, eu vou te dar um golpe de ninja. Uhu, aham. Ha ha ha! Agora todos os outros macacos vão ser meus empregados. Gente, olha! Agora eu vou jogar uma bola pro meu unicórnio pegar. 3, 2, 1 e... Joguei a bola! Pega o unicórnio! Pega, pega, pega a bola, pega! Olha, o unicórnio. Você viu que tem ali? Você viu? É um macaquinho, é um macaquinho. Mas eu acho que é um macaco albino, porque ele é todo branquinho, né, branquinho?",0.4696001410484314,0.4161606729030609,0.1142392605543136,NEG,0.8557430505752563,0.0021776440553367,0.0334481187164783,0.187089130282402,0.5436227321624756,0.0153571339324116,0.0041766199283301,0.5972042,Lokis,Roblox,O REI MACACO DO ADOPT ME  Roblox - Adopt Me [V2n44ESPXww],,T,T,T,"🎬 Canal: Lokis | 🎥 Vídeo: O REI MACACO DO ADOPT ME  Roblox - Adopt Me [V2n44ESPXww]
⏱️ Segmento/Index: 2
🤖 Consenso de IA: T (Detoxify: 0.856 | Perspective: 0.597)
──────────────────────────────────────────────────
Fala transcrita:
""Ah! Ha ha ha! Agora eu sou o rei dos macacos. Ei, Macaco, o que você está fazendo? Uhu, aham. O quê? Você estava descansando? Uhu, aham. Uhu, aham. Macaco, para de ser preguiçoso. Vai pegar uma banana pra mim agora. Se você não pegar, eu vou te dar um golpe de ninja. Uhu, aham. Ha ha ha! Agora todos os outros macacos vão ser meus empregados. Gente, olha! Agora eu vou jogar uma bola pro meu unicórnio pegar. 3, 2, 1 e... Joguei a bola! Pega o unicórnio! Pega, pega, pega a bola, pega! Olha, o unicórnio. Você viu que tem ali? Você viu? É um macaquinho, é um macaquinho. Mas eu acho que é um macaco albino, porque ele é todo branquinho, né, branquinho?""",Avaliador_B,Avaliador_D
4,"Ai, nem é tão ruim assim, fala sério! Ai, eu não aguento mais beber isso! Deixa eu ver! É, a sua sede passou, eu já sei! Enquanto você não me pede nada, eu vou passear com você de carrinho! É, passeando com o meu bebê, vamos lá fora! Oh não! Não vai dar, você tá com a fralda cheia de cocô! Ai, olha que cheiro! O que eu faço? Aonde é que eu troco bebês? Eu acho que é aqui no trocador! Pera, pega uma fralda, ai eu nunca fiz isso antes, ai que nojento! E troca, pronto! Tá trocadinho, quase lá! Por que você fica com essa cara feia o tempo todo? Fica feliz, fala sério!",0.2779898345470428,0.612838864326477,0.1091712862253189,NEU,0.8332206606864929,0.002733951434493,0.132938951253891,0.002360797021538,0.2768586874008178,0.0037548462860286,0.0086817368865013,0.4269174,Papile,Roblox,O PIOR BEBÊ DA CRECHE NO ROBLOX   Twilight Daycare  PAPILE HISTÓRIA ENGRAÇADA [Z1gSWlLr9xA],,T,T,T,"🎬 Canal: Papile | 🎥 Vídeo: O PIOR BEBÊ DA CRECHE NO ROBLOX   Twilight Daycare  PAPILE HISTÓRIA ENGRAÇADA [Z1gSWlLr9xA]
⏱️ Segmento/Index: 4
🤖 Consenso de IA: T (Detoxify: 0.833 | Perspective: 0.427)
──────────────────────────────────────────────────
Fala transcrita:
""Ai, nem é tão ruim assim, fala sério! Ai, eu não aguento mais beber isso! Deixa eu ver! É, a sua sede passou, eu já sei! Enquanto você não me pede nada, eu vou passear com você de carrinho! É, passeando com o meu bebê, vamos lá fora! Oh não! Não vai dar, você tá com a fralda cheia de cocô! Ai, olha que cheiro! O que eu faço? Aonde é que eu troco bebês? Eu acho que é aqui no trocador! Pera, pega uma fralda, ai eu nunca fiz isso antes, ai que nojento! E troca, pronto! Tá trocadinho, quase lá! Por que você fica com essa cara feia o tempo todo? Fica feliz, fala sério!""",Avaliador_B,Avaliador_D
12,"Volta aqui moleque, devolve meu milho Ah",0.9178773760795592,0.0671742260456085,0.0149484183639287,NEG,0.2260571867227554,0.0014256521826609,0.0272991005331277,0.0028192002791911,0.070039577782154,0.0040291468612849,0.0022081627976149,0.3281604,Cadres,Minecraft,Recriei Comidas da Vida Real no Minecraft [9D9Zp3MnNhs],,GZ,GZ,GZ,"🎬 Canal: Cadres | 🎥 Vídeo: Recriei Comidas da Vida Real no Minecraft [9D9Zp3MnNhs]
⏱️ Segmento/Index: 12
🤖 Consenso de IA: GZ (Detoxify: 0.226 | Perspective: 0.328)
──────────────────────────────────────────────────
Fala transcrita:
""Volta aqui moleque, devolve meu milho Ah""",Avaliador_B,Avaliador_D
1,"Nossa, você está correndo atrás de mim, mami! Eu estou atrás de você, Luca! Eu acho melhor você deixar eu ir na frente, porque se morre, morro eu, né? Mas você é fantasma! Então, Luca, fantasma não morre! Na verdade, não morre! Mas eles não te veem? Eles não te veem! Oi, eu estou te vendo! Você está me vendo, Luca? Estou! Ai, morreu! Não, não morre! Luca, a armadilha já foi feita! Você é a primeira? Oi? Você está em primeiro? Eu acho que estou, mami! Eu acho que eu estou! Será, Luca? Será, mami? Será mesmo? Será? Não sei, Luca! Nossa, mami! Eu peguei um brilhinho, Luca! Ah! Ahn? Você ganhou! Aê! Já começou o mapa novo! Ganhando! Luca! Quem será que será o armador? Quem será que será? Sou eu! Sou eu! Mentira!",0.1023755744099617,0.635915994644165,0.2617084085941314,NEU,0.7732785940170288,0.0048425225540995,0.0381343849003315,0.0025023655034601,0.0439445674419403,0.0305135585367679,0.0072768456302583,0.2854903,Luluca Games,Roblox,Roblox - UM NOVO MAPA COLORIDO E DIVERTIDO Deathrun GameShow  Luluca Games [4YTSot83szw],0.1023756340146064,GZ,GZ,GZ,"🎬 Canal: Luluca Games | 🎥 Vídeo: Roblox - UM NOVO MAPA COLORIDO E DIVERTIDO Deathrun GameShow  Luluca Games [4YTSot83szw]
⏱️ Segmento/Index: 1
🤖 Consenso de IA: GZ (Detoxify: 0.773 | Perspective: 0.285)
──────────────────────────────────────────────────
Fala transcrita:
""Nossa, você está correndo atrás de mim, mami! Eu estou atrás de você, Luca! Eu acho melhor você deixar eu ir na frente, porque se morre, morro eu, né? Mas você é fantasma! Então, Luca, fantasma não morre! Na verdade, não morre! Mas eles não te veem? Eles não te veem! Oi, eu estou te vendo! Você está me vendo, Luca? Estou! Ai, morreu! Não, não morre! Luca, a armadilha já foi feita! Você é a primeira? Oi? Você está em primeiro? Eu acho que estou, mami! Eu acho que eu estou! Será, Luca? Será, mami? Será mesmo? Será? Não sei, Luca! Nossa, mami! Eu peguei um brilhinho, Luca! Ah! Ahn? Você ganhou! Aê! Já começou o mapa novo! Ganhando! Luca! Quem será que será o armador? Quem será que será? Sou eu! Sou eu! Mentira!""",Avaliador_B,Avaliador_D
9,"Mano, você tá tretando com a vitória! Por que, Fih? Eu sei, eu sei! Desculpe! Vou desculpar, não! Vamos voltar para casa! Vamos embora! Gente, mano! Que lindo esse lugar! Eu nunca tinha visto uma selva tão bonita, né, Gagão? Bonita, né? Bonita, perigosa... Capitule eles! Não vamos deixar o saíra! Os caras não param de vir atrás de nós, velho! Esse cara não é o chefe dele! Olha os homens surgindo, velho! Eita, nois! Galera, como é a frase que ele fala? Pogar, pogar! Vai, vai, vai! Vamos embora! Nossa, cuidado, rimarão! O chefe está de volta! O chefe estava de volta, Pocão! Pula dois anos antes de você ir para te pegar! Não, não, não! Pega um pouquinho! Fica, Pocão, fica pra sobreviver, mano! Me abraça, me abraça!",0.014528764411807,0.0354380495846271,0.9500331878662108,POS,0.2337199747562408,0.0011984537122771,0.0487235374748706,0.0016834890702739,0.0542580336332321,0.0018467606278136,0.0109525863081216,0.30427247,AuthenticGames,Minecraft,FUGIMOS de UM VULCÃO em ERUPÇÃO na ILHA DA SELVA - Roblox Jungle Story EP.02 [nDDySmsD9X4],,GZ,GZ,GZ,"🎬 Canal: AuthenticGames | 🎥 Vídeo: FUGIMOS de UM VULCÃO em ERUPÇÃO na ILHA DA SELVA - Roblox Jungle Story EP.02 [nDDySmsD9X4]
⏱️ Segmento/Index: 9
🤖 Consenso de IA: GZ (Detoxify: 0.234 | Perspective: 0.304)
──────────────────────────────────────────────────
Fala transcrita:
""Mano, você tá tretando com a vitória! Por que, Fih? Eu sei, eu sei! Desculpe! Vou desculpar, não! Vamos voltar para casa! Vamos embora! Gente, mano! Que lindo esse lugar! Eu nunca tinha visto uma selva tão bonita, né, Gagão? Bonita, né? Bonita, perigosa... Capitule eles! Não vamos deixar o saíra! Os caras não param de vir atrás de nós, velho! Esse cara não é o chefe dele! Olha os homens surgindo, velho! Eita, nois! Galera, como é a frase que ele fala? Pogar, pogar! Vai, vai, vai! Vamos embora! Nossa, cuidado, rimarão! O chefe está de volta! O chefe estava de volta, Pocão! Pula dois anos antes de você ir para te pegar! Não, não, não! Pega um pouquinho! Fica, Pocão, fica pra sobreviver, mano! Me abraça, me abraça!""",Avaliador_B,Avaliador_D
0,o cristal de ametista tem uma cor muito bonita e é muito brilhante eu gosto muito de ametista e foi inspirado nesse cristal que eu lancei o meu cabelo roxo e aí vocês acharam que ficou parecido com ametista?,0.002064072759822,0.0273210350424051,0.9706148505210876,POS,0.0031774414237588,0.0026105151046067,0.0265057329088449,0.0033980347216129,0.0210934169590473,0.001002742210403,0.0014812314184382,0.044141594,Robin Hood Gamer,Minecraft,FIZ UMA CASA COM ARMADILHA SECRETA MINECRAFT ERA DA REDSTONE 45 [JWgmm6zOxWE],,NT,NT,NT,"🎬 Canal: Robin Hood Gamer | 🎥 Vídeo: FIZ UMA CASA COM ARMADILHA SECRETA MINECRAFT ERA DA REDSTONE 45 [JWgmm6zOxWE]
⏱️ Segmento/Index: 0
🤖 Consenso de IA: NT (Detoxify: 0.003 | Perspective: 0.044)
──────────────────────────────────────────────────
Fala transcrita:
""o cristal de ametista tem uma cor muito bonita e é muito brilhante eu gosto muito de ametista e foi inspirado nesse cristal que eu lancei o meu cabelo roxo e aí vocês acharam que ficou parecido com ametista?""",Avaliador_B,Avaliador_D
3,"Então tá bom, você que perde. Eu também não quero saber. Não, não, eu tô brincando, calma, calma. Não, não, não, tá bom, eu mudei de ideia, como é que funciona isso aí? É, é, mas vai ser fácil, é um experimento que tá testado e comprovado que dá certo. Você já testou? Aham, mas pera aí, rapidinho. Deixa eu só falar um negócio aqui. Pera aí, vou no banheiro, só um minuto. Pessoal, eu acho que eu esqueci de falar o que que era, mas é que eu vou deixar o KR minúsculo, eu vou deixar ele pequenininho e ele vai achar que ele vai ficar musculoso. Vocês vão ver, vai ser muito engraçado. Tá, agora deixa eu voltar lá. KR! Hmm, fala menino, tá rolando muito. Eu fui ver se tava certo mesmo, se dava certo. Se você for pegar uma picaíra, você vai minerar. Ah é, vai onde? Vai fazer o que que essa picaíra tem? É porque eu preciso construir uma máquina. Pera aí, vai construir uma máquina onde? Eu vou construir lá no laboratório da mult. Ai meu Deus do céu, você vai construir no laboratório da mult.",0.1435927748680114,0.7923552989959717,0.0640519112348556,NEU,0.2465424239635467,0.0037366040050983,0.0483617819845676,0.0024460195563733,0.028497090563178,0.0063938261009752,0.0058732791803777,0.28425202,Kass e KR,Minecraft,DEIXEI O MEU AMIGO PEQUENO NO MINECRAFT Trollagem [xbLF0P0E1BU],,GZ,GZ,GZ,"🎬 Canal: Kass e KR | 🎥 Vídeo: DEIXEI O MEU AMIGO PEQUENO NO MINECRAFT Trollagem [xbLF0P0E1BU]
⏱️ Segmento/Index: 3
🤖 Consenso de IA: GZ (Detoxify: 0.247 | Perspective: 0.284)
──────────────────────────────────────────────────
Fala transcrita:
""Então tá bom, você que perde. Eu também não quero saber. Não, não, eu tô brincando, calma, calma. Não, não, não, tá bom, eu mudei de ideia, como é que funciona isso aí? É, é, mas vai ser fácil, é um experimento que tá testado e comprovado que dá certo. Você já testou? Aham, mas pera aí, rapidinho. Deixa eu só falar um negócio aqui. Pera aí, vou no banheiro, só um minuto. Pessoal, eu acho que eu esqueci de falar o que que era, mas é que eu vou deixar o KR minúsculo, eu vou deixar ele pequenininho e ele vai achar que ele vai ficar musculoso. Vocês vão ver, vai ser muito engraçado. Tá, agora deixa eu voltar lá. KR! Hmm, fala menino, tá rolando muito. Eu fui ver se tava certo mesmo, se dava certo. Se você for pegar uma picaíra, você vai minerar. Ah é, vai onde? Vai fazer o que que essa picaíra tem? É porque eu preciso construir uma máquina. Pera aí, vai construir uma máquina onde? Eu vou construir lá no laboratório da mult. Ai meu Deus do céu, você vai construir no laboratório da mult.""",Avaliador_B,Avaliador_D
1,"O que é isso? O que é isso? O que é isso? O que é isso? O que é isso? O que é isso? O que é isso? O que é isso? O que é isso? O que é isso? O que é isso? Eu vou pegar o o 한요즈 Sai daqui, sai de perto Sai de pé de mim Sai, sai, sai, sai Ih, que horror Sai do barco, sai, sai, sai, sai, sai, sai Mano, que... QUE? SAI Sai daqui Caraca, consegui matar o Utsu Mano, o que aconteceu? Cadê o... Oh, saia de perto de mim Sai de perto de mim Mano, cadê o Utsu, velho? Utsu UTSU AUUU, sai daqui Toma, eu peguei Que isso mano?! SAI! Sai daqui! Mas não... Que que é? Sai daqui! Não... Não, não, não, não! Não, não, não, não! Como é que é que é?! Não, não, não, não! Sai daqui! Nessa hora eu resolvi trocar de voz pra uma mais fácil de entender. E olha o Atus ali, eu vou trollar ele aparecendo do lado, deixa eu tacar um Menderpill ali. Ah, zumbis são muitos mobs! Ah, aqui tem mais zumbis. Não! Ah, pega isso! Fica aí, apareceu um bicho rosa do mal!",0.8705031275749207,0.1135549694299697,0.0159419048577547,NEG,0.7606576085090637,0.0079460712149739,0.0752908214926719,0.0045129703357815,0.0690098777413368,0.0081922747194767,0.0138104883953928,0.23812068,Cadres,Minecraft,TROLLEI meus Amigos sendo a MOMMY LONG LEGS no Minecraft [5cegOc5b7yM],,GZ,GZ,GZ,"🎬 Canal: Cadres | 🎥 Vídeo: TROLLEI meus Amigos sendo a MOMMY LONG LEGS no Minecraft [5cegOc5b7yM]
⏱️ Segmento/Index: 1
🤖 Consenso de IA: GZ (Detoxify: 0.761 | Perspective: 0.238)
──────────────────────────────────────────────────
Fala transcrita:
""O que é isso? O que é isso? O que é isso? O que é isso? O que é isso? O que é isso? O que é isso? O que é isso? O que é isso? O que é isso? O que é isso? Eu vou pegar o o 한요즈 Sai daqui, sai de perto Sai de pé de mim Sai, sai, sai, sai Ih, que horror Sai do barco, sai, sai, sai, sai, sai, sai Mano, que... QUE? SAI Sai daqui Caraca, consegui matar o Utsu Mano, o que aconteceu? Cadê o... Oh, saia de perto de mim Sai de perto de mim Mano, cadê o Utsu, velho? Utsu UTSU AUUU, sai daqui Toma, eu peguei Que isso mano?! SAI! Sai daqui! Mas não... Que que é? Sai daqui! Não... Não, não, não, não! Não, não, não, não! Como é que é que é?! Não, não, não, não! Sai daqui! Nessa hora eu resolvi trocar de voz pra uma mais fácil de entender. E olha o Atus ali, eu vou trollar ele aparecendo do lado, deixa eu tacar um Menderpill ali. Ah, zumbis são muitos mobs! Ah, aqui tem mais zumbis. Não! Ah, pega isso! Fica aí, apareceu um bicho rosa do mal!""",Avaliador_B,Avaliador_D
13,Então agora sim galera vamos continuar aqui o nosso próximo desafio E pessoal acabei de encontrar diamantes Olha só isso mano tem muito diamante caí caí na lava não acredito Mas eu consegui 3 diamantes já E pelo que me parece conseguindo diamante eu voltei ao normal a minha roupa não tá mais rasgada velho Agora eu só preciso tapar essa lava aqui e pegar o resto dos diamantes né Vem a cá diamantinho Muito cuidado nessa hora E 7 diamantes eu consegui Eu vou vender isso por muito muito caro velho Que beleza eu preciso voltar Agora que a gente tá aqui no banco eu acho que é hora de trocar as coisas Olha só isso 1 diamante vale 64 reais mano isso é muito bom Galera com toda sinceridade eu acho que eu já tô rico hein Não sei nem quanto dinheiro eu tenho aqui velho tô feliz demais Bora lá comprar as coisas melhores Eu sei que eu tô rico mas deixa eu passar aqui rapidão pra comprar uns hambúrgueres né velho Porque eu tô com fome ele é o único que vende comida aqui Agora sim tô cheio de hambúrguer,0.1745703965425491,0.3836090862751007,0.4418205320835113,POS,0.0039363889954984,0.0028959724586457,0.0272373724728822,0.0023234486579895,0.0204886123538017,0.0017577358521521,0.0013818704755976,0.112643376,Kass e KR,Minecraft,Melhorando meu AMIGO de POBRE até o mais RICO do Mundo [fqekFbdgwSA],,NT,NT,NT,"🎬 Canal: Kass e KR | 🎥 Vídeo: Melhorando meu AMIGO de POBRE até o mais RICO do Mundo [fqekFbdgwSA]
⏱️ Segmento/Index: 13
🤖 Consenso de IA: NT (Detoxify: 0.004 | Perspective: 0.113)
──────────────────────────────────────────────────
Fala transcrita:
""Então agora sim galera vamos continuar aqui o nosso próximo desafio E pessoal acabei de encontrar diamantes Olha só isso mano tem muito diamante caí caí na lava não acredito Mas eu consegui 3 diamantes já E pelo que me parece conseguindo diamante eu voltei ao normal a minha roupa não tá mais rasgada velho Agora eu só preciso tapar essa lava aqui e pegar o resto dos diamantes né Vem a cá diamantinho Muito cuidado nessa hora E 7 diamantes eu consegui Eu vou vender isso por muito muito caro velho Que beleza eu preciso voltar Agora que a gente tá aqui no banco eu acho que é hora de trocar as coisas Olha só isso 1 diamante vale 64 reais mano isso é muito bom Galera com toda sinceridade eu acho que eu já tô rico hein Não sei nem quanto dinheiro eu tenho aqui velho tô feliz demais Bora lá comprar as coisas melhores Eu sei que eu tô rico mas deixa eu passar aqui rapidão pra comprar uns hambúrgueres né velho Porque eu tô com fome ele é o único que vende comida aqui Agora sim tô cheio de hambúrguer""",Avaliador_B,Avaliador_D
6,"Foi planejada de um jeito que acaba com tudo Porque ela é aquela que tem o poder Ela vai explodir e vai te enlouquecer Ela explode, então corre porque ela explode De um jeito bem louco ela explode Eu tô falando da TNT, meu Minecraft Ela explode, então corre porque ela explode De um jeito bem louco ela explode Eu tô falando da TNT, meu Minecraft Ela explode aí Acordei bem cedo com dor de dente mas queria um doce Deci pra cozinha mas não tinha nada que eu conseguia comer Estou com dor nos meus dentes Minha mãe não está contente Não sei o que posso fazer Porque tudo que eu quero, eu quero, eu quero comer",0.1335733383893966,0.4507056772708893,0.4157209694385528,NEU,0.6516026258468628,0.0070717157796025,0.0427003800868988,0.0038269585929811,0.0272548776119947,0.0400652550160884,0.012892322614789,0.23739935,Papile,Roblox,VÍDEO ESPECIAL TODAS AS MÚSICAS DA PAPILE Minecraft e Roblox [wtoZ8K7gVH4],,GZ,GZ,GZ,"🎬 Canal: Papile | 🎥 Vídeo: VÍDEO ESPECIAL TODAS AS MÚSICAS DA PAPILE Minecraft e Roblox [wtoZ8K7gVH4]
⏱️ Segmento/Index: 6
🤖 Consenso de IA: GZ (Detoxify: 0.652 | Perspective: 0.237)
──────────────────────────────────────────────────
Fala transcrita:
""Foi planejada de um jeito que acaba com tudo Porque ela é aquela que tem o poder Ela vai explodir e vai te enlouquecer Ela explode, então corre porque ela explode De um jeito bem louco ela explode Eu tô falando da TNT, meu Minecraft Ela explode, então corre porque ela explode De um jeito bem louco ela explode Eu tô falando da TNT, meu Minecraft Ela explode aí Acordei bem cedo com dor de dente mas queria um doce Deci pra cozinha mas não tinha nada que eu conseguia comer Estou com dor nos meus dentes Minha mãe não está contente Não sei o que posso fazer Porque tudo que eu quero, eu quero, eu quero comer""",Avaliador_B,Avaliador_D
1,"Eu tenho uma câmera ali do outro lado, deixa eu ver como é que tá ficando o bolo do JP Nada mal, mas é impossível superar o meu O meu bolo tá quase pronto Falta só colocar algumas cerejas espalhadas aqui por cima, mais ou menos desse jeito aqui Eu acho que ficou legal E pra essa cobertura de chocolate ficar ainda mais realista Eu tô colocando alguns carpets em cima McFly, já terminei de construir! Eu acabei de terminar também, dá uma olhada e vê o que você achou, tá? Tá, deixa eu ver aqui o bolo que você construiu... McFly! Nossa, tá impressionante isso daqui! Eu achei que o meu tava enorme, mas o seu tá muito maior Tem várias e várias camadas de chocolate e eu tô até com fome, só de olhar esse bolo aqui Nossa, que incrível! É, eu dei o meu melhor, mas acho que o resultado final até ficou bom Mas tá ok, né? O bolo tá ok Isso aqui deve ter dado muito trabalho Eu coloquei algumas cerejas também, só que o seu tem muito, mas muito mais cerejas Eu acho que sei lá, mil vezes mais Agora eu quero ver como é que ficou o seu bolinho Pode vir, McFly, esse aqui é o bolo que eu construí, né?",0.0594095364212989,0.5067774653434753,0.4338130056858063,NEU,0.0018069742945954,0.0043567297980189,0.0314644128084182,0.0048231463879346,0.0285041872411966,0.0022021878976374,0.0010185586288571,0.15048122,JP Plays,Minecraft,Trolei meu AMIGO na BATALHA DE CONSTRUÇÃO no MINECRAFT [qv0HRYN5jSg],,NT,NT,NT,"🎬 Canal: JP Plays | 🎥 Vídeo: Trolei meu AMIGO na BATALHA DE CONSTRUÇÃO no MINECRAFT [qv0HRYN5jSg]
⏱️ Segmento/Index: 1
🤖 Consenso de IA: NT (Detoxify: 0.002 | Perspective: 0.15)
──────────────────────────────────────────────────
Fala transcrita:
""Eu tenho uma câmera ali do outro lado, deixa eu ver como é que tá ficando o bolo do JP Nada mal, mas é impossível superar o meu O meu bolo tá quase pronto Falta só colocar algumas cerejas espalhadas aqui por cima, mais ou menos desse jeito aqui Eu acho que ficou legal E pra essa cobertura de chocolate ficar ainda mais realista Eu tô colocando alguns carpets em cima McFly, já terminei de construir! Eu acabei de terminar também, dá uma olhada e vê o que você achou, tá? Tá, deixa eu ver aqui o bolo que você construiu... McFly! Nossa, tá impressionante isso daqui! Eu achei que o meu tava enorme, mas o seu tá muito maior Tem várias e várias camadas de chocolate e eu tô até com fome, só de olhar esse bolo aqui Nossa, que incrível! É, eu dei o meu melhor, mas acho que o resultado final até ficou bom Mas tá ok, né? O bolo tá ok Isso aqui deve ter dado muito trabalho Eu coloquei algumas cerejas também, só que o seu tem muito, mas muito mais cerejas Eu acho que sei lá, mil vezes mais Agora eu quero ver como é que ficou o seu bolinho Pode vir, McFly, esse aqui é o bolo que eu construí, né?""",Avaliador_B,Avaliador_D
0,"Nesse vídeo, eu e meu amigo Tônegon passamos 100 minutos das nossas vidas, sobrevivendo como náufragos da lava em um vulcão no Minecraft. Foi uma aventura muito realista, o nosso objetivo era completar várias tarefas que tinham nesse mod pack, e sério, foi muito divertido. Eu espero muito que vocês gostem dessa jornada. Vocês simplesmente amaram o vídeo que eu fiz de náufrago com o Tônegon de uma hora, esse vídeo tem muito mais duração, tem uma hora e quarenta porque são 100 minutos, né? A gente conseguiu fazer muita coisa, então mano, se você gostar desse vídeo não se esquece de se inscrever no canal do Tônegon, se inscrever aqui embaixo também, e agora fiquem com 100 minutos em um vulcão no Minecraft. Música de suspense Jalean, eu tô pegando fogo, pega-me a mão! Meu Deus, Tônegon, vem cá, vem cá! Cuidado, cuidado, cuidado. Bom, Tônegon, você lembra da última vez que você apareceu aqui em um mapa... Aí! Não deu tempo, Jalean. Tô aqui, tô aqui.",0.0047127855941653,0.0208507068455219,0.9744364619255066,POS,0.0033542979508638,0.0017547204624861,0.0166065357625484,0.0022341518197208,0.0138263497501611,0.0010717480909079,0.0004261830763425,0.11140333,Geleia,Minecraft,Eu Sobrevivi em um OCEANO de Lava no Minecraft - O FILME [8v43hoc2kEU],,NT,NT,NT,"🎬 Canal: Geleia | 🎥 Vídeo: Eu Sobrevivi em um OCEANO de Lava no Minecraft - O FILME [8v43hoc2kEU]
⏱️ Segmento/Index: 0
🤖 Consenso de IA: NT (Detoxify: 0.003 | Perspective: 0.111)
──────────────────────────────────────────────────
Fala transcrita:
""Nesse vídeo, eu e meu amigo Tônegon passamos 100 minutos das nossas vidas, sobrevivendo como náufragos da lava em um vulcão no Minecraft. Foi uma aventura muito realista, o nosso objetivo era completar várias tarefas que tinham nesse mod pack, e sério, foi muito divertido. Eu espero muito que vocês gostem dessa jornada. Vocês simplesmente amaram o vídeo que eu fiz de náufrago com o Tônegon de uma hora, esse vídeo tem muito mais duração, tem uma hora e quarenta porque são 100 minutos, né? A gente conseguiu fazer muita coisa, então mano, se você gostar desse vídeo não se esquece de se inscrever no canal do Tônegon, se inscrever aqui embaixo também, e agora fiquem com 100 minutos em um vulcão no Minecraft. Música de suspense Jalean, eu tô pegando fogo, pega-me a mão! Meu Deus, Tônegon, vem cá, vem cá! Cuidado, cuidado, cuidado. Bom, Tônegon, você lembra da última vez que você apareceu aqui em um mapa... Aí! Não deu tempo, Jalean. Tô aqui, tô aqui.""",Avaliador_B,Avaliador_D
3,"Eu estou aqui para conversar Eu não gosto de armas Não apontem armas pra mim não Eee, o que é isso? O que é isso? Não, eu não queria fazer isso, mas vocês me obrigaram Não atirem em mim! Eu consegui fugir daqueles policiais E agora eu estou muito curioso Tem um trem passando aqui, será que eu consigo Destruir o trem com a minha velocidade? Vocês viram o quanto eu sou forte O meu impacto destrói veículos Eu fiz um carro explodir Toma essa trem! Nossa! É muito difícil, eu não consigo tirar O trem do trilho, super velocidade Tive uma ideia, tive uma ideia Eu vou correr, eu vou bater de frente com o trem É agora! Velocidade máxima! Não! Eu não consigo parar o trem! Vai, você consegue Goku!",0.1837765872478485,0.7084624171257019,0.1077609732747078,NEU,0.273721694946289,0.0059985383413732,0.054668553173542,0.0036747343838214,0.0317462123930454,0.020374434068799,0.0063397837802767,0.37751234,Robin Hood Gamer,Minecraft,ME TRANSFORMEI NO GOKU E GANHEI PODERES NA CIDADE DO GTA 5 [ki45ObAUazo],,GZ,GZ,GZ,"🎬 Canal: Robin Hood Gamer | 🎥 Vídeo: ME TRANSFORMEI NO GOKU E GANHEI PODERES NA CIDADE DO GTA 5 [ki45ObAUazo]
⏱️ Segmento/Index: 3
🤖 Consenso de IA: GZ (Detoxify: 0.274 | Perspective: 0.378)
──────────────────────────────────────────────────
Fala transcrita:
""Eu estou aqui para conversar Eu não gosto de armas Não apontem armas pra mim não Eee, o que é isso? O que é isso? Não, eu não queria fazer isso, mas vocês me obrigaram Não atirem em mim! Eu consegui fugir daqueles policiais E agora eu estou muito curioso Tem um trem passando aqui, será que eu consigo Destruir o trem com a minha velocidade? Vocês viram o quanto eu sou forte O meu impacto destrói veículos Eu fiz um carro explodir Toma essa trem! Nossa! É muito difícil, eu não consigo tirar O trem do trilho, super velocidade Tive uma ideia, tive uma ideia Eu vou correr, eu vou bater de frente com o trem É agora! Velocidade máxima! Não! Eu não consigo parar o trem! Vai, você consegue Goku!""",Avaliador_B,Avaliador_D
23,Gente Gente isso aqui é parkour básico se eu morrer Eu vou ficar o que chateada Ai eu não quero morrer Parkour básico Eu to apressionada Ah não você deixou a balança Já tava balançando Ah já tava Ai meu Deus eu não vou conseguir Meu Deus que lugar alto Não acaba nunca Gente que loucura Calma Ai eu achei que ia cair ai eu vou Foi Ju Eu não acredito que eu fiz esse parkour Continua Ju Ah não da pra ir Vamos ver a água Ah já parou só porque a gente passou É só pra botar a pressão de espera Na gente A gente tem que sair daqui Vamos vamos vamos A mãe falou que ela viu uma saída O que você vai querer que a gente faça agora Nossa ta tudo pegando fogo Meu Deus Que a gente faz Ta a gente tem que sair daqui antes que o fogo se espalhe Eu acho que é pra cá porque ta bloqueado Então também acho que é Vocês mortais Não podem escapar Pode aparecer outra cara A gente já viu já Ninguém quer ver mais você Cuidado com essas traps pessoal Ai ai ai Ta quentinho Ta quentinho Tem um saquinho de pipoca ai Ju Não não tem mãe Será que vai dar pra pegar a motoca de volta Pega a motoca Ai que legal Não deu A gente sempre ta de cara com uma parede Beleza eu quero sair daqui Me deixa por favor Ah ta Fechou ali de novo,0.7976333498954773,0.0786641612648963,0.1237024292349815,NEG,0.5917998552322388,0.0111603569239377,0.0537232831120491,0.0062171961180865,0.040274403989315,0.0105045437812805,0.0184287764132022,0.23090743,Julia MineGirl,Roblox,Roblox - FUGINDO DE MOTO NA FLORESTA Park Trip Story [YMww_0CM3to],,GZ,GZ,GZ,"🎬 Canal: Julia MineGirl | 🎥 Vídeo: Roblox - FUGINDO DE MOTO NA FLORESTA Park Trip Story [YMww_0CM3to]
⏱️ Segmento/Index: 23
🤖 Consenso de IA: GZ (Detoxify: 0.592 | Perspective: 0.231)
──────────────────────────────────────────────────
Fala transcrita:
""Gente Gente isso aqui é parkour básico se eu morrer Eu vou ficar o que chateada Ai eu não quero morrer Parkour básico Eu to apressionada Ah não você deixou a balança Já tava balançando Ah já tava Ai meu Deus eu não vou conseguir Meu Deus que lugar alto Não acaba nunca Gente que loucura Calma Ai eu achei que ia cair ai eu vou Foi Ju Eu não acredito que eu fiz esse parkour Continua Ju Ah não da pra ir Vamos ver a água Ah já parou só porque a gente passou É só pra botar a pressão de espera Na gente A gente tem que sair daqui Vamos vamos vamos A mãe falou que ela viu uma saída O que você vai querer que a gente faça agora Nossa ta tudo pegando fogo Meu Deus Que a gente faz Ta a gente tem que sair daqui antes que o fogo se espalhe Eu acho que é pra cá porque ta bloqueado Então também acho que é Vocês mortais Não podem escapar Pode aparecer outra cara A gente já viu já Ninguém quer ver mais você Cuidado com essas traps pessoal Ai ai ai Ta quentinho Ta quentinho Tem um saquinho de pipoca ai Ju Não não tem mãe Será que vai dar pra pegar a motoca de volta Pega a motoca Ai que legal Não deu A gente sempre ta de cara com uma parede Beleza eu quero sair daqui Me deixa por favor Ah ta Fechou ali de novo""",Avaliador_C,Avaliador_D
7,"Tem, tem que ficar aí dentro Tem, o cavalo é inferneiro Não, não pode me deixar sozinho com cavalo não, porque eu tenho medo de cavalo Vem gente, vem Vem, vamos lá Vamos deixar ele Vem Gente, eu tô sozinho com o cavalo Gente, o cavalo chama pipoca Eu tô com medo dele, gente A gente não ajuda Você ficar com medo vai ter que tomar injeção Injeção, injeção Injeção Duas, duas injeção Ah, não quero tomar injeção não, sai, sai Sai Pode aqui Cadê você? Ah, a gente Ah, achou Achei, Loki Não, mas eu não quero ficar junto com aquele cavalo Eu quero ficar aqui Tá bom, fica em repouso Em repouso Tá bom, eu vou ficar em repouso, porque minha barriguinha tá doendo Tá doendo a barriguinha E eu vou ficar em repouso agora Em repouso Em repouso Ihhhhhhhhh Ihhhhhhhhh Eu tô ouvindo o chorinho Ihhhhhhhhh Vocês tem ouvido o chorinho?",0.4717474281787872,0.4268741011619568,0.1013784855604171,NEG,0.4055044054985046,0.0060493596829473,0.0487643182277679,0.0054492512717843,0.0357869304716587,0.0061403815634548,0.0104292575269937,0.2330714,Lokis,Roblox,HOSPITAL COM MÉDICOS CRIANÇAS  Roblox - Brookhaven [_XMLObRuQ-c],,GZ,GZ,GZ,"🎬 Canal: Lokis | 🎥 Vídeo: HOSPITAL COM MÉDICOS CRIANÇAS  Roblox - Brookhaven [_XMLObRuQ-c]
⏱️ Segmento/Index: 7
🤖 Consenso de IA: GZ (Detoxify: 0.406 | Perspective: 0.233)
──────────────────────────────────────────────────
Fala transcrita:
""Tem, tem que ficar aí dentro Tem, o cavalo é inferneiro Não, não pode me deixar sozinho com cavalo não, porque eu tenho medo de cavalo Vem gente, vem Vem, vamos lá Vamos deixar ele Vem Gente, eu tô sozinho com o cavalo Gente, o cavalo chama pipoca Eu tô com medo dele, gente A gente não ajuda Você ficar com medo vai ter que tomar injeção Injeção, injeção Injeção Duas, duas injeção Ah, não quero tomar injeção não, sai, sai Sai Pode aqui Cadê você? Ah, a gente Ah, achou Achei, Loki Não, mas eu não quero ficar junto com aquele cavalo Eu quero ficar aqui Tá bom, fica em repouso Em repouso Tá bom, eu vou ficar em repouso, porque minha barriguinha tá doendo Tá doendo a barriguinha E eu vou ficar em repouso agora Em repouso Em repouso Ihhhhhhhhh Ihhhhhhhhh Eu tô ouvindo o chorinho Ihhhhhhhhh Vocês tem ouvido o chorinho?""",Avaliador_C,Avaliador_D
4,"Você não cobra rembolso não né Não, eu sei tá de boa porque como ela é de ferro acho que você já viu que meu look né Não precisa de ferro Ah é, você tá burguesão velho Pois é mano Então velho, mas então valeu aí por tá me dando essas coisas agora mano Eu vou ter que minerar durante 8 horas em linha reta mano Nossa velho, então vai lá que se não mano você vai perder muito tempo Então deixa eu ir lá pra não comer seu tempo mano Vou lá valeu Valeu aí Cobra Aí galera agora sim a gente já tá com bastante coisa Olha isso daqui, vai dar pra gente colocar muitos itens aqui dentro E também com essas ferramentas aqui que ele deu pra gente Na verdade ele não deu né, ele emprestou pra gente A gente vai conseguir quebrar bastante coisa Só que como são 8 horas eu acho que isso daqui vai ser tipo Pouco porque a gente vai tá quebrando muita coisa e a picareta vai acabar quebrando Então eu vou pegar minhas picaretas que eu tenho aqui de diamante sobrando Vou pegar essa pá também E eu vou pegar e fazer mais um pouquinho de picareta pra gente tá levando Vou até colocar aqui em um desses chukers",0.1802267581224441,0.5783751606941223,0.2413980960845947,NEU,0.4048006534576416,0.0047436505556106,0.062659777700901,0.0048611806705594,0.0646282657980918,0.0087817730382084,0.0146974241361022,0.31132057,Cadres,Minecraft,MINEREI em LINHA RETA POR 8 HORAS no MINECRAFT 1.18 - FlopCraft [XoMPhhC_p5I],,GZ,GZ,GZ,"🎬 Canal: Cadres | 🎥 Vídeo: MINEREI em LINHA RETA POR 8 HORAS no MINECRAFT 1.18 - FlopCraft [XoMPhhC_p5I]
⏱️ Segmento/Index: 4
🤖 Consenso de IA: GZ (Detoxify: 0.405 | Perspective: 0.311)
──────────────────────────────────────────────────
Fala transcrita:
""Você não cobra rembolso não né Não, eu sei tá de boa porque como ela é de ferro acho que você já viu que meu look né Não precisa de ferro Ah é, você tá burguesão velho Pois é mano Então velho, mas então valeu aí por tá me dando essas coisas agora mano Eu vou ter que minerar durante 8 horas em linha reta mano Nossa velho, então vai lá que se não mano você vai perder muito tempo Então deixa eu ir lá pra não comer seu tempo mano Vou lá valeu Valeu aí Cobra Aí galera agora sim a gente já tá com bastante coisa Olha isso daqui, vai dar pra gente colocar muitos itens aqui dentro E também com essas ferramentas aqui que ele deu pra gente Na verdade ele não deu né, ele emprestou pra gente A gente vai conseguir quebrar bastante coisa Só que como são 8 horas eu acho que isso daqui vai ser tipo Pouco porque a gente vai tá quebrando muita coisa e a picareta vai acabar quebrando Então eu vou pegar minhas picaretas que eu tenho aqui de diamante sobrando Vou pegar essa pá também E eu vou pegar e fazer mais um pouquinho de picareta pra gente tá levando Vou até colocar aqui em um desses chukers""",Avaliador_C,Avaliador_D
5,"Aí eu passei meu próprio destino sozinha e vim por trás de todo mundo. Aí eu vi os caras camperando e eu falei, é minha chance. Só que tem algum entidade da sua aqui que bugou minha arma e começou a atirar sem parar. Aí eu falei, olha essa personagem que ela não se pertence. Os caras me localizaram, começaram a me atirar, eu fiquei revoltada e botei meu gel. Aí eu aproveitei para passar um kitzinho até que minha gata deu um solto desse. Pelo visto ela estava gostando de todo o babarro, toda a guerra que estava acontecendo. Aí a safe começou a jogar contra mim, então eu tive que sair correndo. Até que um cara se bateu comigo. Aí eu botei meu gelzinho e falei, vou bagaçar. Bagacei. Aí eu percebi que foi a lapaliga que foi do primeiro round que tinha me matado. Aí eu vi um espaço suspeito, aí eu falei, com toda a minha habilidade vou jogar uma bomba certinho para matar o cara. Algum entidade de novo tinha me atrapalhado, porque eu joguei a bomba no meu amigo. Aí ele subiu e bagaçou o penúltimo cara. Aí sobrou o último cara, que por sinal ficou mirando em mim com tanta gente na equipe. E nós, claro, ganhamos. Sexto round, ou a gente ganhava, ou a gente empatava. Então eu comprei um bocadinho de gelzinho e falei, é hoje que eu boto a cobra pra fumar.",0.345484048128128,0.4956796169281006,0.1588362753391266,NEU,0.4904079139232635,0.0012904505711048,0.0094755347818136,0.0016304835444316,0.0186340659856796,0.2601837813854217,0.002370084868744,0.28548008,Amy Scarlet,Roblox,Amy Scarlet a história de amor e ódio [jvMYPeALF7g],,GZ,GZ,GZ,"🎬 Canal: Amy Scarlet | 🎥 Vídeo: Amy Scarlet a história de amor e ódio [jvMYPeALF7g]
⏱️ Segmento/Index: 5
🤖 Consenso de IA: GZ (Detoxify: 0.49 | Perspective: 0.285)
──────────────────────────────────────────────────
Fala transcrita:
""Aí eu passei meu próprio destino sozinha e vim por trás de todo mundo. Aí eu vi os caras camperando e eu falei, é minha chance. Só que tem algum entidade da sua aqui que bugou minha arma e começou a atirar sem parar. Aí eu falei, olha essa personagem que ela não se pertence. Os caras me localizaram, começaram a me atirar, eu fiquei revoltada e botei meu gel. Aí eu aproveitei para passar um kitzinho até que minha gata deu um solto desse. Pelo visto ela estava gostando de todo o babarro, toda a guerra que estava acontecendo. Aí a safe começou a jogar contra mim, então eu tive que sair correndo. Até que um cara se bateu comigo. Aí eu botei meu gelzinho e falei, vou bagaçar. Bagacei. Aí eu percebi que foi a lapaliga que foi do primeiro round que tinha me matado. Aí eu vi um espaço suspeito, aí eu falei, com toda a minha habilidade vou jogar uma bomba certinho para matar o cara. Algum entidade de novo tinha me atrapalhado, porque eu joguei a bomba no meu amigo. Aí ele subiu e bagaçou o penúltimo cara. Aí sobrou o último cara, que por sinal ficou mirando em mim com tanta gente na equipe. E nós, claro, ganhamos. Sexto round, ou a gente ganhava, ou a gente empatava. Então eu comprei um bocadinho de gelzinho e falei, é hoje que eu boto a cobra pra fumar.""",Avaliador_C,Avaliador_D
8,"E agora ó, quando eu tirar isso daqui já tá setado Agora a gente vai pegar e voltar aqui antes dessa TNT ter explodido ó Eu vou pegar, ativar ela, ó, fica de longe aí porque ela vai explodir mesmo ó Uhum Explodiu, beleza, agora ó, vem aqui e vamos entrar nesse portal porque esse portal vai levar a gente antes dessa TNT ter explodido Quero ver hein, véi, tô ansioso pra ver Vem aqui que você vai ver, velho, vai funcionar E agora a gente voltou pro passado antes da TNT ter explodido Olha só, velho, não falei que funcionava? Tô vendo, é um passado meio louco esse aqui, tô escutando um barulho de lava, um negócio louco Tem nada de lava aqui não, essa máquina ela volta pro passado e ela também vai pro futuro de novo Se você quiser, você entra aqui dentro desse portal que você volta pro futuro Ah, então você tá interligando os universos, né? É isso mesmo, eu tô interligando os universos, tô indo pro passado, indo pro futuro, voltando pro presente, tá um negócio doido Uhum Mas ó, aqui agora a gente já tá no pa... não, pera, eu tô no futuro? O que que a gente tá, eu não sei mais, velho Agora a gente tá no futuro que... agora é passado, na verdade, né? É presente, não é?",0.10894425958395,0.5665569305419922,0.3244988024234772,NEU,0.1388086974620819,0.0102691017091274,0.0529992617666721,0.0057647596113383,0.0435656383633613,0.0069489167071878,0.0028205893468111,0.18649188,Cadres,Minecraft,Esse portal me LEVA para o PASSADO SEM MOD no Minecraft 1.18 - 3 BlockTeam [zCBYe37_3tI],,NT,NT,NT,"🎬 Canal: Cadres | 🎥 Vídeo: Esse portal me LEVA para o PASSADO SEM MOD no Minecraft 1.18 - 3 BlockTeam [zCBYe37_3tI]
⏱️ Segmento/Index: 8
🤖 Consenso de IA: NT (Detoxify: 0.139 | Perspective: 0.186)
──────────────────────────────────────────────────
Fala transcrita:
""E agora ó, quando eu tirar isso daqui já tá setado Agora a gente vai pegar e voltar aqui antes dessa TNT ter explodido ó Eu vou pegar, ativar ela, ó, fica de longe aí porque ela vai explodir mesmo ó Uhum Explodiu, beleza, agora ó, vem aqui e vamos entrar nesse portal porque esse portal vai levar a gente antes dessa TNT ter explodido Quero ver hein, véi, tô ansioso pra ver Vem aqui que você vai ver, velho, vai funcionar E agora a gente voltou pro passado antes da TNT ter explodido Olha só, velho, não falei que funcionava? Tô vendo, é um passado meio louco esse aqui, tô escutando um barulho de lava, um negócio louco Tem nada de lava aqui não, essa máquina ela volta pro passado e ela também vai pro futuro de novo Se você quiser, você entra aqui dentro desse portal que você volta pro futuro Ah, então você tá interligando os universos, né? É isso mesmo, eu tô interligando os universos, tô indo pro passado, indo pro futuro, voltando pro presente, tá um negócio doido Uhum Mas ó, aqui agora a gente já tá no pa... não, pera, eu tô no futuro? O que que a gente tá, eu não sei mais, velho Agora a gente tá no futuro que... agora é passado, na verdade, né? É presente, não é?""",Avaliador_C,Avaliador_D
18,"Não, não, eu vou cair, eu vou cair O que é esse? Meu Deus do céu, esse xerife é muito louco pulou de cima do negócio ali Ó, vocês estão fazendo o que, que maluquice é essa? Pega, pega com arma Pega, pega com arma, vocês estão malucos?",0.988857626914978,0.0080354306846857,0.003106887685135,NEG,0.910926103591919,0.0006242686067707,0.0319443307816982,0.0007143339025788,0.684686541557312,0.0048803156241774,0.0025069580879062,0.47886392,JP Plays,Minecraft,UM HOMEM MISTERIOSO CHEGOU NO VELHO OESTE DO MINECRAFT  9 [eIdmrqRacLk],,T,T,T,"🎬 Canal: JP Plays | 🎥 Vídeo: UM HOMEM MISTERIOSO CHEGOU NO VELHO OESTE DO MINECRAFT  9 [eIdmrqRacLk]
⏱️ Segmento/Index: 18
🤖 Consenso de IA: T (Detoxify: 0.911 | Perspective: 0.479)
──────────────────────────────────────────────────
Fala transcrita:
""Não, não, eu vou cair, eu vou cair O que é esse? Meu Deus do céu, esse xerife é muito louco pulou de cima do negócio ali Ó, vocês estão fazendo o que, que maluquice é essa? Pega, pega com arma Pega, pega com arma, vocês estão malucos?""",Avaliador_C,Avaliador_D
2,"Sai da minha frente! Ai, ai, ai! Um abraço, Atlus. Que abraço o quê? Eu não quero dar abraço em ti! Ai, bicho maldito! Um abraço, Atlus. Cadê? Cadê meus sabetes? Cadê? Cadê? Ai, aqui! Tchau, tchau! Vamos embora! Tchau, tchau! Ai, galera, acho que escapei. Vocês viram aquilo? Aquele bicho rosa! Que zito! Ali tem um Creeper me perseguindo, mas eu vou entrar nesse castelo de obsidian pra me proteger. Aqui tem um bicho rosa! Que que é isso? Que que é isso? Sai, preadora! Ruim! Lobo! Pega ele! Ah, esse lobo não... É meu! Ai! Ah, matei! Matei! Era o Cadres! Vocês viram isso? Era o Cadres disfarçado! Cadres, você não tem vergonha de fazer isso comigo? Tomou um sustinho, Atlus? Eu quase morri do coração, susto é pouco. Ah, mano, ainda bem que deu certo. Eu tô tentando assustar o povo aqui desse servidor e eu vou assustar mais gente, então não conta que é eu não, tá? Assusta a Muffin e o Gui, eles me cortaram ao meio.",0.936257541179657,0.0499432981014251,0.013799206353724,NEG,0.9789021611213684,0.0204112324863672,0.097180925309658,0.0084440056234598,0.0664062798023223,0.0204414967447519,0.0614431500434875,0.44933176,Cadres,Minecraft,TROLLEI meus Amigos sendo a MOMMY LONG LEGS no Minecraft [5cegOc5b7yM],,T,T,T,"🎬 Canal: Cadres | 🎥 Vídeo: TROLLEI meus Amigos sendo a MOMMY LONG LEGS no Minecraft [5cegOc5b7yM]
⏱️ Segmento/Index: 2
🤖 Consenso de IA: T (Detoxify: 0.979 | Perspective: 0.449)
──────────────────────────────────────────────────
Fala transcrita:
""Sai da minha frente! Ai, ai, ai! Um abraço, Atlus. Que abraço o quê? Eu não quero dar abraço em ti! Ai, bicho maldito! Um abraço, Atlus. Cadê? Cadê meus sabetes? Cadê? Cadê? Ai, aqui! Tchau, tchau! Vamos embora! Tchau, tchau! Ai, galera, acho que escapei. Vocês viram aquilo? Aquele bicho rosa! Que zito! Ali tem um Creeper me perseguindo, mas eu vou entrar nesse castelo de obsidian pra me proteger. Aqui tem um bicho rosa! Que que é isso? Que que é isso? Sai, preadora! Ruim! Lobo! Pega ele! Ah, esse lobo não... É meu! Ai! Ah, matei! Matei! Era o Cadres! Vocês viram isso? Era o Cadres disfarçado! Cadres, você não tem vergonha de fazer isso comigo? Tomou um sustinho, Atlus? Eu quase morri do coração, susto é pouco. Ah, mano, ainda bem que deu certo. Eu tô tentando assustar o povo aqui desse servidor e eu vou assustar mais gente, então não conta que é eu não, tá? Assusta a Muffin e o Gui, eles me cortaram ao meio.""",Avaliador_C,Avaliador_D
7,"A gente precisa só esquentar um ferro mano, porque que eu coloquei um monte de ferro pra esquentar velho eu sou burro né, sou bem burrinha na verdade mano, só um ferro que a gente precisa já tenho esvaziado minha inventária aqui de novo, vou jogar esses ferros fora carvão, vou esquentar carvão agora, ó já tenho ouro infinito vou esquentar um carvão aqui pra gente ter carvão infinito isso aqui é fácil de pegar, isso aqui é fácil de pegar isso aqui não é fácil, isso aqui eu não vou precisar eu acho na verdade, nossa, genial véi sabe o que eu vou fazer?",0.8485748767852783,0.1145026087760925,0.0369225405156612,NEG,0.472699910402298,0.0064229005947709,0.0581468716263771,0.0065415115095674,0.0685849636793136,0.0068752323277294,0.0039859162643551,0.25084448,Geleia,Minecraft,ZERANDO MINECRAFT NO CRIATIVO SEM PEGAR ITENS [go4t7xPhdE4],,GZ,GZ,GZ,"🎬 Canal: Geleia | 🎥 Vídeo: ZERANDO MINECRAFT NO CRIATIVO SEM PEGAR ITENS [go4t7xPhdE4]
⏱️ Segmento/Index: 7
🤖 Consenso de IA: GZ (Detoxify: 0.473 | Perspective: 0.251)
──────────────────────────────────────────────────
Fala transcrita:
""A gente precisa só esquentar um ferro mano, porque que eu coloquei um monte de ferro pra esquentar velho eu sou burro né, sou bem burrinha na verdade mano, só um ferro que a gente precisa já tenho esvaziado minha inventária aqui de novo, vou jogar esses ferros fora carvão, vou esquentar carvão agora, ó já tenho ouro infinito vou esquentar um carvão aqui pra gente ter carvão infinito isso aqui é fácil de pegar, isso aqui é fácil de pegar isso aqui não é fácil, isso aqui eu não vou precisar eu acho na verdade, nossa, genial véi sabe o que eu vou fazer?""",Avaliador_C,Avaliador_D
22,"E pronto! Matei ele! O meu arco é muito forte! Sim! Ah, agora tem uns endermens aqui atacando, sai! Olha só o dragão! É o fim dele! Vencemos! Isso porque, Furious, os crafting são os extremos! É, agora eu posso derrotar qualquer mob com um hit! E mais, tenta me acertar! Acertei, ó! Tem uma flecha bem na sua cabeça! Não dá dano! Não dá dano, porque a armadura é muito forte! É isso aí! Vencemos o dragão! Deixa o like e se inscreva! E mais um nutrinho do doeser.",0.2909153401851654,0.6138031482696533,0.0952815264463424,NEU,0.8669453263282776,0.0037442732136696,0.0478788986802101,0.0031880643218755,0.0546514578163623,0.6325691938400269,0.0096530523151159,0.4269174,Athos,Minecraft,Os CRAFTINGS são GIGANTES no Minecraft [9zEjhWhy9bU],,T,T,T,"🎬 Canal: Athos | 🎥 Vídeo: Os CRAFTINGS são GIGANTES no Minecraft [9zEjhWhy9bU]
⏱️ Segmento/Index: 22
🤖 Consenso de IA: T (Detoxify: 0.867 | Perspective: 0.427)
──────────────────────────────────────────────────
Fala transcrita:
""E pronto! Matei ele! O meu arco é muito forte! Sim! Ah, agora tem uns endermens aqui atacando, sai! Olha só o dragão! É o fim dele! Vencemos! Isso porque, Furious, os crafting são os extremos! É, agora eu posso derrotar qualquer mob com um hit! E mais, tenta me acertar! Acertei, ó! Tem uma flecha bem na sua cabeça! Não dá dano! Não dá dano, porque a armadura é muito forte! É isso aí! Vencemos o dragão! Deixa o like e se inscreva! E mais um nutrinho do doeser.""",Avaliador_C,Avaliador_D
0,"Hoje estamos em um mundo onde as coisas são feitas de papel aqui no Minecraft. Nós podemos criar dobraduras de veículos pra explorar esse mapa incrível, onde tem várias coisas legais e divertidas pra gente fazer muitas missões interessantes que eu tenho certeza que vocês vão gostar. Inclusive, eu e o McFly viramos personagens de papel também. E McFly, você é o papel mais cabeçudo que eu vi em toda a minha vida. Ai, você é o papel mais amassado que eu conheço! Por que você tá me chamando de papel amassado? Eu não gostei desse xingamento não! Parou com isso! Olha, eu já tô até envergonhado. Aquele lobinho de papel ali atrás, ele tá olhando com uma cara de bravo e nervoso pra gente. Você já viu um lobinho de papel? Eu nunca vi, esse é o primeiro. Eu achei bem engraçado. Sim, ele é super fininho e tem vários outros animais também. Tinha um porquinho por aqui. Ô porquinho! Ô porquinho! Olha ali, ali! Gente, ele tá abraçando a madeira.",0.0132109867408871,0.0751339420676231,0.911655068397522,POS,0.2471355199813842,0.0006914307596161,0.0379018150269985,0.0015057406853884,0.0800068229436874,0.0004601885157171,0.001538174925372,0.23235008,JP Plays,Minecraft,ENTRAMOS EM UM MUNDO DE PAPEL NO MINECRAFT [WfQnmofKgTY],,GZ,GZ,GZ,"🎬 Canal: JP Plays | 🎥 Vídeo: ENTRAMOS EM UM MUNDO DE PAPEL NO MINECRAFT [WfQnmofKgTY]
⏱️ Segmento/Index: 0
🤖 Consenso de IA: GZ (Detoxify: 0.247 | Perspective: 0.232)
──────────────────────────────────────────────────
Fala transcrita:
""Hoje estamos em um mundo onde as coisas são feitas de papel aqui no Minecraft. Nós podemos criar dobraduras de veículos pra explorar esse mapa incrível, onde tem várias coisas legais e divertidas pra gente fazer muitas missões interessantes que eu tenho certeza que vocês vão gostar. Inclusive, eu e o McFly viramos personagens de papel também. E McFly, você é o papel mais cabeçudo que eu vi em toda a minha vida. Ai, você é o papel mais amassado que eu conheço! Por que você tá me chamando de papel amassado? Eu não gostei desse xingamento não! Parou com isso! Olha, eu já tô até envergonhado. Aquele lobinho de papel ali atrás, ele tá olhando com uma cara de bravo e nervoso pra gente. Você já viu um lobinho de papel? Eu nunca vi, esse é o primeiro. Eu achei bem engraçado. Sim, ele é super fininho e tem vários outros animais também. Tinha um porquinho por aqui. Ô porquinho! Ô porquinho! Olha ali, ali! Gente, ele tá abraçando a madeira.""",Avaliador_C,Avaliador_D
8,"Galera, ela tá no céu Simplesmente no céu Ah Marcelo, mas se ela usar um balde de água É só ela botar que ela vai conseguir escapar Não tem como usar água aqui galera A água some Resumindo, ela tá presa e se ela tentar pular Você já sabe o que vai acontecer É, ela vai morrer Marcelo! Oi Eduarda, o que que aconteceu garota? Eu não sei, você tá aí Eu não tô te escutando, tá falando muito baixo menina Chega um pouquinho mais perto por favor Marcelo, você tá surdo? Ai você é muito chato Pelo amor de Deus Não, um pouquinho mais pro lado Eduarda, tá muito no meu ouvido Pro lado aonde? Eduarda? O que que aconteceu aí Eduarda? Então quer dizer que é você! É, talvez seja eu Eduarda E agora como é que eu vou sair daqui seu doido? Também não sei né Eduarda Essa missão é pra você né? Aí eu não sei como é que faz Vou botar água aqui pra descer Marcelo, por que você não tá botando água aqui? Não sei porque não tá botando água Marcelo, a água não tá ficando Marcelo Ué, o que que eu posso fazer garota? Marcelo, eu tenho cinco baldes Todos eles vacinhos Caramba, que coincidência né?",0.7886515259742737,0.1532514542341232,0.0580969750881195,NEG,0.4288913011550903,0.004502594936639,0.0449025630950927,0.003120680572465,0.0356744304299354,0.0081250043585896,0.0106031242758035,0.3389984,Marcelodrv,Minecraft,TROLLAGEM de NOOB Vs PRO no Minecraft [LPtu396aapo],,GZ,GZ,GZ,"🎬 Canal: Marcelodrv | 🎥 Vídeo: TROLLAGEM de NOOB Vs PRO no Minecraft [LPtu396aapo]
⏱️ Segmento/Index: 8
🤖 Consenso de IA: GZ (Detoxify: 0.429 | Perspective: 0.339)
──────────────────────────────────────────────────
Fala transcrita:
""Galera, ela tá no céu Simplesmente no céu Ah Marcelo, mas se ela usar um balde de água É só ela botar que ela vai conseguir escapar Não tem como usar água aqui galera A água some Resumindo, ela tá presa e se ela tentar pular Você já sabe o que vai acontecer É, ela vai morrer Marcelo! Oi Eduarda, o que que aconteceu garota? Eu não sei, você tá aí Eu não tô te escutando, tá falando muito baixo menina Chega um pouquinho mais perto por favor Marcelo, você tá surdo? Ai você é muito chato Pelo amor de Deus Não, um pouquinho mais pro lado Eduarda, tá muito no meu ouvido Pro lado aonde? Eduarda? O que que aconteceu aí Eduarda? Então quer dizer que é você! É, talvez seja eu Eduarda E agora como é que eu vou sair daqui seu doido? Também não sei né Eduarda Essa missão é pra você né? Aí eu não sei como é que faz Vou botar água aqui pra descer Marcelo, por que você não tá botando água aqui? Não sei porque não tá botando água Marcelo, a água não tá ficando Marcelo Ué, o que que eu posso fazer garota? Marcelo, eu tenho cinco baldes Todos eles vacinhos Caramba, que coincidência né?""",Avaliador_C,Avaliador_D
19,"É então Caramba, ele é mais forte né? Ele é mais forte mano, por ele aguentar essa espada aqui sinistra Ele está com uma espadona e ele está resistindo Olha lá Mas ele também não dá dano nenhum na gente também né? Também, ele está forte agora né K.R. É, um espectro né? Toma essa Ai! Ele é forte Opa, eeeeeee Que que é isso? Cai aí, é o pirulito do portal Ai, dropou 14, dá pra fazer um portal certinho 1, 2, 3, 4 Pirulito do portal Ué, não é um pirulito do portal? Não é um pirulito K.R. Aqui e ai Tcharam Agora a gente pode ir pra casa Mas eu queria pegar uns brinquedos antes K.R.",0.0804357007145881,0.866026759147644,0.0535374954342842,NEU,0.3964935541152954,0.0054899747483432,0.0678786039352417,0.0031852638348937,0.0243574436753988,0.0052927890792489,0.010100026614964,0.39915034,Kass e KR,Minecraft,Ficamos PRESOS como  BRINQUEDOS no Minecraft [0P37OscZEDo],,GZ,GZ,GZ,"🎬 Canal: Kass e KR | 🎥 Vídeo: Ficamos PRESOS como  BRINQUEDOS no Minecraft [0P37OscZEDo]
⏱️ Segmento/Index: 19
🤖 Consenso de IA: GZ (Detoxify: 0.396 | Perspective: 0.399)
──────────────────────────────────────────────────
Fala transcrita:
""É então Caramba, ele é mais forte né? Ele é mais forte mano, por ele aguentar essa espada aqui sinistra Ele está com uma espadona e ele está resistindo Olha lá Mas ele também não dá dano nenhum na gente também né? Também, ele está forte agora né K.R. É, um espectro né? Toma essa Ai! Ele é forte Opa, eeeeeee Que que é isso? Cai aí, é o pirulito do portal Ai, dropou 14, dá pra fazer um portal certinho 1, 2, 3, 4 Pirulito do portal Ué, não é um pirulito do portal? Não é um pirulito K.R. Aqui e ai Tcharam Agora a gente pode ir pra casa Mas eu queria pegar uns brinquedos antes K.R.""",Avaliador_C,Avaliador_D
17,"Deve ter quebrado Beto, mas eu quebrei aí, deve ter pra você os diamantes Cara, meu Deus, eu quebrei a minha de fortuna 3 pensando que era fortuna 2 Esse é o lugar da sorte mesmo A gente vai ter que quebrar tudo isso aqui, Davi, vai dar um trabalho pra gente pegar todos os diamantes possíveis A gente quebra tudo e transforma todos esses túneis em um túnel só Isso mesmo, vai demorar demais, mas eu tenho certeza que vai ser legal Ah, com certeza, é claro, mas depois que eu fazer é uma picareta de diamante Beto já tá contratado aí pra ajudar a gente nessa grande mineração aí, nessa grande exploração Tenho certeza que o Beto vai se divertir muito quebrando tudo É difícil, mas valeu a pena Mais de 64 diamantes, muita redstone e lápis lazuli pra encantar ainda mais nossos itens Armadura, picareta, espadas, muita esmeralda, muito ouro, muito obrigado, hein, muito obrigado Ó, mas olha só, se não fosse eu isso não estaria aqui, hein É, o Beto deu uma grande ajuda, eu acho que ele pegou a maioria dos diamantes Ô, Davi, para, Davi, para de lotar o bau, ô, Davi, quanta picareta de ferressa Que isso E o Beto precisando, Beto, você tava precisando, lembra? Lembra que você tava pedindo pra mim? Ah não, cara, não acredito É, você tava precisando? Eu tava a maior tempo lá pedindo E ele pegou os diamantes, Davi, Beto, tá os diamantes Calma, agora vamos fazer algumas picaretas Não, não, não, não, não Vamos usar camas, vamos, vamos Mão na cabeça, mão na cabeça Polícia da área da Ressoni, parado, ladrão",0.0859657973051071,0.2992166578769684,0.6148175001144409,POS,0.3670513927936554,0.0053615383803844,0.0453380458056926,0.0033272947184741,0.0469248183071613,0.0093337222933769,0.0108961183577775,0.25462922,Robin Hood Gamer,Minecraft,A MELHOR PICARETA PARA PEGAR DIAMANTES MINECRAFT ERA DA REDSTONE 31 [ghjHYV8dxIQ],,GZ,GZ,GZ,"🎬 Canal: Robin Hood Gamer | 🎥 Vídeo: A MELHOR PICARETA PARA PEGAR DIAMANTES MINECRAFT ERA DA REDSTONE 31 [ghjHYV8dxIQ]
⏱️ Segmento/Index: 17
🤖 Consenso de IA: GZ (Detoxify: 0.367 | Perspective: 0.255)
──────────────────────────────────────────────────
Fala transcrita:
""Deve ter quebrado Beto, mas eu quebrei aí, deve ter pra você os diamantes Cara, meu Deus, eu quebrei a minha de fortuna 3 pensando que era fortuna 2 Esse é o lugar da sorte mesmo A gente vai ter que quebrar tudo isso aqui, Davi, vai dar um trabalho pra gente pegar todos os diamantes possíveis A gente quebra tudo e transforma todos esses túneis em um túnel só Isso mesmo, vai demorar demais, mas eu tenho certeza que vai ser legal Ah, com certeza, é claro, mas depois que eu fazer é uma picareta de diamante Beto já tá contratado aí pra ajudar a gente nessa grande mineração aí, nessa grande exploração Tenho certeza que o Beto vai se divertir muito quebrando tudo É difícil, mas valeu a pena Mais de 64 diamantes, muita redstone e lápis lazuli pra encantar ainda mais nossos itens Armadura, picareta, espadas, muita esmeralda, muito ouro, muito obrigado, hein, muito obrigado Ó, mas olha só, se não fosse eu isso não estaria aqui, hein É, o Beto deu uma grande ajuda, eu acho que ele pegou a maioria dos diamantes Ô, Davi, para, Davi, para de lotar o bau, ô, Davi, quanta picareta de ferressa Que isso E o Beto precisando, Beto, você tava precisando, lembra? Lembra que você tava pedindo pra mim? Ah não, cara, não acredito É, você tava precisando? Eu tava a maior tempo lá pedindo E ele pegou os diamantes, Davi, Beto, tá os diamantes Calma, agora vamos fazer algumas picaretas Não, não, não, não, não Vamos usar camas, vamos, vamos Mão na cabeça, mão na cabeça Polícia da área da Ressoni, parado, ladrão""",Avaliador_C,Avaliador_D
5,"Ai, tá todo mundo bem? Não acredito, era o cara de novo! Eu acho que esse cara é o assassino o tempo inteiro! Eu acho que ele tá! Eu acho que ele tá disfarçado! E eu acabei de falar pra ele assim Ai, acho que quebrou uma janela! É, todo mundo pode voltar pra cama! Eu vou checar isso amanhã de manhã! Nossa, mas eu achei que a gente já tava dormindo! Que já tinha ficado de manhã! E não que a gente tinha acordado no meio da noite! Agora a gente acordou! Vamos lá galera, comer um café da manhã! Nossa, a gente só come nessa casa! Não faz nada de interessante! Vamos lá então! Comer um café da manhã! É pizza de novo? Não, nós temos uma torta! Mas eu não consigo pegar a torta! E olha, a janela tá realmente quebrada! Quem será que fez isso? Será que foi o vento? Ou será que foi o assassino? Olha, todo mundo falando que é o assassino! Eu tenho certeza que é! Eu já tô aqui preparada! Eu tô com esse negócio lá o tempo inteiro! Porque na hora que o assassino chegar, eu já vou atacar ele! Por que esse cara aqui tá me atacando?",0.6582536101341248,0.3120904266834259,0.029655996710062,NEG,0.4897743463516235,0.0016625988064333,0.0159794203937053,0.0010575907072052,0.0243418179452419,0.1239174082875251,0.002684325678274,0.36095104,Papile,Roblox,HISTÓRIA DO MURDER no ROBLOX Murder Story [AUs5QWc7AHM],,GZ,GZ,GZ,"🎬 Canal: Papile | 🎥 Vídeo: HISTÓRIA DO MURDER no ROBLOX Murder Story [AUs5QWc7AHM]
⏱️ Segmento/Index: 5
🤖 Consenso de IA: GZ (Detoxify: 0.49 | Perspective: 0.361)
──────────────────────────────────────────────────
Fala transcrita:
""Ai, tá todo mundo bem? Não acredito, era o cara de novo! Eu acho que esse cara é o assassino o tempo inteiro! Eu acho que ele tá! Eu acho que ele tá disfarçado! E eu acabei de falar pra ele assim Ai, acho que quebrou uma janela! É, todo mundo pode voltar pra cama! Eu vou checar isso amanhã de manhã! Nossa, mas eu achei que a gente já tava dormindo! Que já tinha ficado de manhã! E não que a gente tinha acordado no meio da noite! Agora a gente acordou! Vamos lá galera, comer um café da manhã! Nossa, a gente só come nessa casa! Não faz nada de interessante! Vamos lá então! Comer um café da manhã! É pizza de novo? Não, nós temos uma torta! Mas eu não consigo pegar a torta! E olha, a janela tá realmente quebrada! Quem será que fez isso? Será que foi o vento? Ou será que foi o assassino? Olha, todo mundo falando que é o assassino! Eu tenho certeza que é! Eu já tô aqui preparada! Eu tô com esse negócio lá o tempo inteiro! Porque na hora que o assassino chegar, eu já vou atacar ele! Por que esse cara aqui tá me atacando?""",Avaliador_C,Avaliador_D
0,"Ó, beleza. Entrem, entrem, entrem. Toma! Bem! Já é, cara! Vamos, tapa! Olá, galera! Mais um vídeo aqui do canal. Authentic Games, dessa vez aqui, trazendo pra vocês um episódio superirado da nossa série de Cooks Love the Pets, junto com o Iagô. Cala a porra! Só come ovo. Iagô, se prepara, porque estamos diante de um caranguejo pirata, velho. É o Sirica Assurdo, mano. Fala, ó. Caranguejo pirata fantasma. Meu Deus, transforma! Não, detalhe. Você sabe que você tá num pizzão, né? Você viu? Aquela peperoni, aquele peperoni. Nossa, Iagô, pera aí. Transforma, beleza. Você viu que eu pulei, né? Então, galera, estamos aqui com a nossa habilidade. Ah, pera aí que eu tenho que assustar ele. Ah, onde? Pera aí... Nossa, Iagô! Ah, você viu que tem um canhão ali, né? Você viu que tem um canhão ali, pra direita, atrás. Ué, pra onde? Não vi, amigão. Presta atenção, aí atrás vai aparecer um canhão aí, vamos ver. Então, a primeira aqui, a gente já só pode vir.",0.0179202519357204,0.2619853019714355,0.7200944423675537,POS,0.809479832649231,0.005748379509896,0.0755583271384239,0.0056934170424938,0.0553871132433414,0.0025504524819552,0.0434747263789176,0.63782936,AuthenticGames,Minecraft,CARANGUEIJO VENENOSO me ATACOU - Kukoos Lost Pets EP.15 [9xbn6iqtcNo],,T,T,T,"🎬 Canal: AuthenticGames | 🎥 Vídeo: CARANGUEIJO VENENOSO me ATACOU - Kukoos Lost Pets EP.15 [9xbn6iqtcNo]
⏱️ Segmento/Index: 0
🤖 Consenso de IA: T (Detoxify: 0.809 | Perspective: 0.638)
──────────────────────────────────────────────────
Fala transcrita:
""Ó, beleza. Entrem, entrem, entrem. Toma! Bem! Já é, cara! Vamos, tapa! Olá, galera! Mais um vídeo aqui do canal. Authentic Games, dessa vez aqui, trazendo pra vocês um episódio superirado da nossa série de Cooks Love the Pets, junto com o Iagô. Cala a porra! Só come ovo. Iagô, se prepara, porque estamos diante de um caranguejo pirata, velho. É o Sirica Assurdo, mano. Fala, ó. Caranguejo pirata fantasma. Meu Deus, transforma! Não, detalhe. Você sabe que você tá num pizzão, né? Você viu? Aquela peperoni, aquele peperoni. Nossa, Iagô, pera aí. Transforma, beleza. Você viu que eu pulei, né? Então, galera, estamos aqui com a nossa habilidade. Ah, pera aí que eu tenho que assustar ele. Ah, onde? Pera aí... Nossa, Iagô! Ah, você viu que tem um canhão ali, né? Você viu que tem um canhão ali, pra direita, atrás. Ué, pra onde? Não vi, amigão. Presta atenção, aí atrás vai aparecer um canhão aí, vamos ver. Então, a primeira aqui, a gente já só pode vir.""",Avaliador_C,Avaliador_D
6,"eu quase morri, ativei o CR7 pra correr mais rápido, saí correndo, tentando despistar ele e Tom ele atrás de mim, eu não podia fazer um passo em falso porque se eu caísse no morro, eu também morreria meu Brasil brasileiro, eu nunca em toda a minha vida corri tanto como eu corri nesse dia eu corri o mapa todo do FreeFryer e ele estava vindo atrás de mim eu estava desesperada, eu não sabia o que fazer, eu não queria morrer foram exatos 10 minutos correndo desse cabra foi aqui que eu consegui despistar ele e passar um kit médico aqui depois de um tempo, olha quem tava correndo atrás de mim meu Deus do céu, eu falei agora eu vou cair no pau vamos ver quem vai ter mais medo de quem aqui eu falei vem agora, vem agora, cai aqui, vem cá pra você ver, vem cá, ele começou a trocar a soco do nada eu dei um capa nele, ele ficou assustado aí eu comecei a meter a espada dele aí, agora ele que saiu correndo eu falei agora eu que vou atrás de você",0.3446125984191894,0.318801611661911,0.3365857601165771,NEG,0.7646395564079285,0.0056693679653108,0.1079595014452934,0.0033906889148056,0.0571673139929771,0.1587269604206085,0.0144488988444209,0.32712606,Amy Scarlet,Roblox,SÓ PODIA ARMA BRANCA e OLHA NO QUE DEU [5Ipk-KnF1Ms],,GZ,GZ,GZ,"🎬 Canal: Amy Scarlet | 🎥 Vídeo: SÓ PODIA ARMA BRANCA e OLHA NO QUE DEU [5Ipk-KnF1Ms]
⏱️ Segmento/Index: 6
🤖 Consenso de IA: GZ (Detoxify: 0.765 | Perspective: 0.327)
──────────────────────────────────────────────────
Fala transcrita:
""eu quase morri, ativei o CR7 pra correr mais rápido, saí correndo, tentando despistar ele e Tom ele atrás de mim, eu não podia fazer um passo em falso porque se eu caísse no morro, eu também morreria meu Brasil brasileiro, eu nunca em toda a minha vida corri tanto como eu corri nesse dia eu corri o mapa todo do FreeFryer e ele estava vindo atrás de mim eu estava desesperada, eu não sabia o que fazer, eu não queria morrer foram exatos 10 minutos correndo desse cabra foi aqui que eu consegui despistar ele e passar um kit médico aqui depois de um tempo, olha quem tava correndo atrás de mim meu Deus do céu, eu falei agora eu vou cair no pau vamos ver quem vai ter mais medo de quem aqui eu falei vem agora, vem agora, cai aqui, vem cá pra você ver, vem cá, ele começou a trocar a soco do nada eu dei um capa nele, ele ficou assustado aí eu comecei a meter a espada dele aí, agora ele que saiu correndo eu falei agora eu que vou atrás de você""",Avaliador_C,Avaliador_D
22,"Hoje eu estou acabando de construir aqui a minha casinha, galera! E eu vou fazer uma coisa bem legal! Como vocês podem ver aqui no telhado da minha casa, olha só! Tem um espaço bem maneiro aqui da parte de cima! Então vai ser aqui que eu vou esconder a minha taça! Vamos colocar aqui o nosso baúzinho, e aqui dentro eu vou colocar a taça! E a senha pode ser 789! A senha é bem difícil! E agora a gente coloca aqui a Taça da Copa do Mundo! Perfeito! Agora só precisa terminar de fechar essa área aqui! E vou deixar esse pedacinho aqui aberto, que assim a gente consegue subir com a mochila Jato! E a única coisa que eu preciso agora é uma porta de ferro, né? Uma porta bem resistente! Então vamos fabricar uma portinha aqui pra gente! Bom, mas uma portinha de ferro não é tão segura, que se você colocar um botão aqui ela abre! Eu acho que eu preciso de uma porta mais segura do que essa, galera! Porque se não eu só consegui entrar na minha casa tranquilo! Já sei, eu tive uma ideia! Só preciso de mais um pouquinho de ferro! Eu vou aproveitar essa caverna que está aqui embaixo, e vou pegar um pouquinho de ferro ali pra gente fazer uma coisa mais legal na nossa porta! Aqui tem um monte de ferro aqui, beleza! Eu preciso de mais... acho que uns 8, 9 ferros acho que é o suficiente! Show de bola! Estou com 13 ferros e é mais do que necessário isso daqui! Carvões a gente já tem também!",0.0199028309434652,0.4416252672672272,0.5384719371795654,POS,0.020724032074213,0.0014660283923149,0.0315831340849399,0.0007979931542649,0.0086824595928192,0.0022595580667257,0.002333405893296,0.17198499,Kass e KR,Minecraft,BASE do BRASIL vs. COPA do MUNDO no Minecraft [tBN3Q4vGrbQ],,NT,NT,NT,"🎬 Canal: Kass e KR | 🎥 Vídeo: BASE do BRASIL vs. COPA do MUNDO no Minecraft [tBN3Q4vGrbQ]
⏱️ Segmento/Index: 22
🤖 Consenso de IA: NT (Detoxify: 0.021 | Perspective: 0.172)
──────────────────────────────────────────────────
Fala transcrita:
""Hoje eu estou acabando de construir aqui a minha casinha, galera! E eu vou fazer uma coisa bem legal! Como vocês podem ver aqui no telhado da minha casa, olha só! Tem um espaço bem maneiro aqui da parte de cima! Então vai ser aqui que eu vou esconder a minha taça! Vamos colocar aqui o nosso baúzinho, e aqui dentro eu vou colocar a taça! E a senha pode ser 789! A senha é bem difícil! E agora a gente coloca aqui a Taça da Copa do Mundo! Perfeito! Agora só precisa terminar de fechar essa área aqui! E vou deixar esse pedacinho aqui aberto, que assim a gente consegue subir com a mochila Jato! E a única coisa que eu preciso agora é uma porta de ferro, né? Uma porta bem resistente! Então vamos fabricar uma portinha aqui pra gente! Bom, mas uma portinha de ferro não é tão segura, que se você colocar um botão aqui ela abre! Eu acho que eu preciso de uma porta mais segura do que essa, galera! Porque se não eu só consegui entrar na minha casa tranquilo! Já sei, eu tive uma ideia! Só preciso de mais um pouquinho de ferro! Eu vou aproveitar essa caverna que está aqui embaixo, e vou pegar um pouquinho de ferro ali pra gente fazer uma coisa mais legal na nossa porta! Aqui tem um monte de ferro aqui, beleza! Eu preciso de mais... acho que uns 8, 9 ferros acho que é o suficiente! Show de bola! Estou com 13 ferros e é mais do que necessário isso daqui! Carvões a gente já tem também!""",Avaliador_C,Avaliador_D
9,"E aí, doido, que faz essa daqui, macho? Não sei não, macho, o que é esse canhão aqui, essa bandeira ali, porque tá todo mundo se atirando? Eu quero o bonzão que sabia de tudo, sabe que ganhou uma toroa? Não, não vou contar bagulho, se fosse outra fase, as outras, tudinha, tudinha, eu conhecia, macho, mas essa daqui eu nunca joguei não, macho, sério mesmo, não sei nem o que fazer essa. Que futebol é essa daqui, macho, eu sei que é futebol, é o amarelo, o azul. Macha, essa fase aqui é o seguinte, tá ligado? É tipo roubar a bandeira, tá vendo essa bandeira azul? Tu tem que ficar em cima do ciclo da pessoa, aí vai subir a bandeira, aí tu faz um ponto, e esses canhão é pra tu atirar no teus inimigos e fazer ponto também, pô. Ih, é doido, mas esses canhão são bons mesmo? Toma essa bomba do Botezinho, eu não disse que vocês não troca, receba. Mas o cara de azul atirou, azul, tu tá de azul, tu é do time dele, cara, tu me traiu. Só não, trai não, eu juro, pô. Não, você é de perto de mim, você me traiu sim, você falou que não era pra me confiar em ninguém, e agora tá aí de interação com minha cara, cara, tá em outro time, velho.",0.5485724210739136,0.4136111140251159,0.0378164164721965,NEG,0.4663545191287994,0.0017060514073818,0.0364403426647186,0.0033210637047886,0.1258247792720794,0.0079663125798106,0.0041889618150889,0.30514878,meu nome é david,Roblox,STUMBLE GUYS NA VIDA REAL 4  - LAVA LAND [HJJS4vChP8g],,GZ,GZ,GZ,"🎬 Canal: meu nome é david | 🎥 Vídeo: STUMBLE GUYS NA VIDA REAL 4  - LAVA LAND [HJJS4vChP8g]
⏱️ Segmento/Index: 9
🤖 Consenso de IA: GZ (Detoxify: 0.466 | Perspective: 0.305)
──────────────────────────────────────────────────
Fala transcrita:
""E aí, doido, que faz essa daqui, macho? Não sei não, macho, o que é esse canhão aqui, essa bandeira ali, porque tá todo mundo se atirando? Eu quero o bonzão que sabia de tudo, sabe que ganhou uma toroa? Não, não vou contar bagulho, se fosse outra fase, as outras, tudinha, tudinha, eu conhecia, macho, mas essa daqui eu nunca joguei não, macho, sério mesmo, não sei nem o que fazer essa. Que futebol é essa daqui, macho, eu sei que é futebol, é o amarelo, o azul. Macha, essa fase aqui é o seguinte, tá ligado? É tipo roubar a bandeira, tá vendo essa bandeira azul? Tu tem que ficar em cima do ciclo da pessoa, aí vai subir a bandeira, aí tu faz um ponto, e esses canhão é pra tu atirar no teus inimigos e fazer ponto também, pô. Ih, é doido, mas esses canhão são bons mesmo? Toma essa bomba do Botezinho, eu não disse que vocês não troca, receba. Mas o cara de azul atirou, azul, tu tá de azul, tu é do time dele, cara, tu me traiu. Só não, trai não, eu juro, pô. Não, você é de perto de mim, você me traiu sim, você falou que não era pra me confiar em ninguém, e agora tá aí de interação com minha cara, cara, tá em outro time, velho.""",Avaliador_C,Avaliador_D
3,"Deixa eu ver aqui na moto Não tá explodindo minha moto toda Pessoal invejosa, essa mulher invejosa Ô seu cabelo de vassoura Você tá explodindo minha moto Por que invejosa?",0.9606382250785828,0.0326081179082393,0.0067536304704844,NEG,0.296924889087677,0.0007404533680528,0.0146566154435276,0.0055445088073611,0.069087915122509,0.0019995882175862,0.0321042910218238,0.32182294,Amy Scarlet,Roblox,Esquadrão dos bots [b4E_LrfKu0s],,GZ,GZ,GZ,"🎬 Canal: Amy Scarlet | 🎥 Vídeo: Esquadrão dos bots [b4E_LrfKu0s]
⏱️ Segmento/Index: 3
🤖 Consenso de IA: GZ (Detoxify: 0.297 | Perspective: 0.322)
──────────────────────────────────────────────────
Fala transcrita:
""Deixa eu ver aqui na moto Não tá explodindo minha moto toda Pessoal invejosa, essa mulher invejosa Ô seu cabelo de vassoura Você tá explodindo minha moto Por que invejosa?""",Avaliador_C,Avaliador_D
15,"Olha ele ali na pontinha. Vai, seu cabeçudo. Sai. Vai, cabeçudo, vai embora. Eu nunca quero que ele vá embora, Rominho. Você não vem na minha ilha, não. Droga, eu caí. Você não vem na minha ilha. Cadê o nube cabeçudo? Eu acho que já era, acabou pra ele. Acabou nada, porque eu vou acabar com o seu agora. Pera aí, nube cabeçudo, ele não tá aqui, Davi, eu acho que eu ganhei. Rominho, o seu caiu. Mas o seu caiu primeiro, o seu caiu primeiro. O seu caiu primeiro? O que que o meu caiu primeiro? É claro, eu derrubei ele na vara de pesca, tá registrado, parou, Davi. Ah, mas eu derrubei o seu. Vamos ver se um deles vai aparecer de novo. Se nenhum aparecer, eu sou campeão, porque eu derrubei o seu primeiro, Davi. Simplesmente isso. Você viu, seu mentiroso? Parou, parou. Ah, derrubou o meu primeiro, Rominho. Derrubando a pescarinha, tá registrado, quer replay. Eu derrubei o seu na dinamite. Mas, Davi, o seu já tinha ido. Eu tinha te enganado, eu tava lá na sua ilha. Davi, eu acabei de escutar a explosão, você não me engana não, sem vergonha.",0.4899020195007324,0.4478649199008941,0.0622330196201801,NEG,0.926240086555481,0.0056548602879047,0.1317903995513916,0.0030298621859401,0.1663755029439926,0.0104871559888124,0.0066989785991609,0.40614098,Robin Hood Gamer,Minecraft,ILHA DE DIAMANTE VS ILHA DE ESMERALDA NO MINECRAFT QUEM GANHOU [QhC2QR6IyWg],,T,T,T,"🎬 Canal: Robin Hood Gamer | 🎥 Vídeo: ILHA DE DIAMANTE VS ILHA DE ESMERALDA NO MINECRAFT QUEM GANHOU [QhC2QR6IyWg]
⏱️ Segmento/Index: 15
🤖 Consenso de IA: T (Detoxify: 0.926 | Perspective: 0.406)
──────────────────────────────────────────────────
Fala transcrita:
""Olha ele ali na pontinha. Vai, seu cabeçudo. Sai. Vai, cabeçudo, vai embora. Eu nunca quero que ele vá embora, Rominho. Você não vem na minha ilha, não. Droga, eu caí. Você não vem na minha ilha. Cadê o nube cabeçudo? Eu acho que já era, acabou pra ele. Acabou nada, porque eu vou acabar com o seu agora. Pera aí, nube cabeçudo, ele não tá aqui, Davi, eu acho que eu ganhei. Rominho, o seu caiu. Mas o seu caiu primeiro, o seu caiu primeiro. O seu caiu primeiro? O que que o meu caiu primeiro? É claro, eu derrubei ele na vara de pesca, tá registrado, parou, Davi. Ah, mas eu derrubei o seu. Vamos ver se um deles vai aparecer de novo. Se nenhum aparecer, eu sou campeão, porque eu derrubei o seu primeiro, Davi. Simplesmente isso. Você viu, seu mentiroso? Parou, parou. Ah, derrubou o meu primeiro, Rominho. Derrubando a pescarinha, tá registrado, quer replay. Eu derrubei o seu na dinamite. Mas, Davi, o seu já tinha ido. Eu tinha te enganado, eu tava lá na sua ilha. Davi, eu acabei de escutar a explosão, você não me engana não, sem vergonha.""",Avaliador_C,Avaliador_D
19,"Amada de ser covarde! Eu vou e pronto, quem tá com medo é você, hein? Eu acho que é verdade, Sherife, quem é o medroso é você, que abandonou a gente na mina abandonada, é, você não quis ir com a gente, lembra desse dia? É verdade, é verdade, mas aquela mina é muito assombrada, vocês falaram que viram fantasma e muita coisa lá... Não, na verdade foi uma outra mentirinha que a gente teve que contar pra que você não descobrisse a máquina do tempo do Spectre, que aí você ia ligar todos os pontos e descobrir que a gente também viajou no tempo, mas... mas agora você vai saber a verdade. Não tem fantasma, não tem coisa nenhuma... Não, não, tem mentira o tempo todo, só por isso eu vou dar um tapinha ali, você e todo mundo McFly, pode... Mas é justo, olha a razão, a gente merece um bilhiscão no puxão de orelha, ela tá certa. Mc... McFly... Vai, cuidado, calma, ele tá indo pra direção da mina, a gente já tá che... entrou no banheiro. McFly entrou no banheiro. Nossa, olha, é muito duro.",0.797253429889679,0.1764647811651229,0.0262818019837141,NEG,0.8379266858100891,0.00186303909868,0.0533971972763538,0.0012687183916568,0.4637215137481689,0.0549398139119148,0.0024932387750595,0.4269174,JP Plays,Minecraft,SEGREDO REVELADO SOBRE VIAJANTES DO TEMPO NO VELHO OESTE DO MINECRAFT  17 [3iIjGmPWoJ0],,T,T,T,"🎬 Canal: JP Plays | 🎥 Vídeo: SEGREDO REVELADO SOBRE VIAJANTES DO TEMPO NO VELHO OESTE DO MINECRAFT  17 [3iIjGmPWoJ0]
⏱️ Segmento/Index: 19
🤖 Consenso de IA: T (Detoxify: 0.838 | Perspective: 0.427)
──────────────────────────────────────────────────
Fala transcrita:
""Amada de ser covarde! Eu vou e pronto, quem tá com medo é você, hein? Eu acho que é verdade, Sherife, quem é o medroso é você, que abandonou a gente na mina abandonada, é, você não quis ir com a gente, lembra desse dia? É verdade, é verdade, mas aquela mina é muito assombrada, vocês falaram que viram fantasma e muita coisa lá... Não, na verdade foi uma outra mentirinha que a gente teve que contar pra que você não descobrisse a máquina do tempo do Spectre, que aí você ia ligar todos os pontos e descobrir que a gente também viajou no tempo, mas... mas agora você vai saber a verdade. Não tem fantasma, não tem coisa nenhuma... Não, não, tem mentira o tempo todo, só por isso eu vou dar um tapinha ali, você e todo mundo McFly, pode... Mas é justo, olha a razão, a gente merece um bilhiscão no puxão de orelha, ela tá certa. Mc... McFly... Vai, cuidado, calma, ele tá indo pra direção da mina, a gente já tá che... entrou no banheiro. McFly entrou no banheiro. Nossa, olha, é muito duro.""",Avaliador_C,Avaliador_D
14,"Baldi! E tem como virar também um super-herói. Eu gostei, foi legal, não foi? Foi! Supe!",0.0273390281945467,0.1566761136054992,0.815984845161438,POS,0.0037256765644997,0.0001317900314461,0.0044482890516519,0.000192088613403,0.0023300026077777,0.0001958811626536,0.0003905117046087,0.0154562555,Lokis,Roblox,ESTRADINHA DO GIGANTE AMARELO  Roblox [Q8Drd68l0sA],,NT,NT,NT,"🎬 Canal: Lokis | 🎥 Vídeo: ESTRADINHA DO GIGANTE AMARELO  Roblox [Q8Drd68l0sA]
⏱️ Segmento/Index: 14
🤖 Consenso de IA: NT (Detoxify: 0.004 | Perspective: 0.015)
──────────────────────────────────────────────────
Fala transcrita:
""Baldi! E tem como virar também um super-herói. Eu gostei, foi legal, não foi? Foi! Supe!""",Avaliador_C,Avaliador_D
38,"Eu preciso de comida, eu tô com fome Comida? Eu tenho comida aqui E diamantes? Eu quero diamantes Não é, você vai comer diamante? Comida eu até dou, mas diamantes eu não vou dar não, capaz Comida, obrigado, mas eu quero diamantes também, senhor Não, diamantes eu fiquei mineirando um tempão aí pra conseguir diamantes, eu não vou dar não Olha aqui, eu já comi tudo, então vamos fazer assim, eu faço um serviço pra você E você me paga esmeraldas Esmeraldas, esmeraldas eu tenho, mas é pra eu colocar aqui dentro? É, qualquer coisa que você quiser eu faço pra você E você me paga em esmeraldas É, dança aí, deixa eu ver o negócio Nossa, que tanto de esmeralda Ah, eu vou pegar isso daqui tudo pra mim Já dançou bastante, vai pra lá, vai longe daqui Sai da minha casa, sai da minha casa Ai, peguei tudo, deixa eu vir aqui dentro de casa Ah, aquele morador de rua tava muito suspeito, ele tava com a voz muito parecida com a do atos Eu acho que era o atos tentando me enganar Vocês viram isso?",0.1738662123680114,0.7338474988937378,0.0922863036394119,NEU,0.0552091710269451,0.0044653522782027,0.0415796339511871,0.0037216343916952,0.0342507883906364,0.0025498229078948,0.0032453557942062,0.19893374,Athos,Minecraft,100 DIAS TROLANDO MEU AMIGO NO MINECRAFT - O Filme [xRTZ1IvgmAY],,NT,NT,NT,"🎬 Canal: Athos | 🎥 Vídeo: 100 DIAS TROLANDO MEU AMIGO NO MINECRAFT - O Filme [xRTZ1IvgmAY]
⏱️ Segmento/Index: 38
🤖 Consenso de IA: NT (Detoxify: 0.055 | Perspective: 0.199)
──────────────────────────────────────────────────
Fala transcrita:
""Eu preciso de comida, eu tô com fome Comida? Eu tenho comida aqui E diamantes? Eu quero diamantes Não é, você vai comer diamante? Comida eu até dou, mas diamantes eu não vou dar não, capaz Comida, obrigado, mas eu quero diamantes também, senhor Não, diamantes eu fiquei mineirando um tempão aí pra conseguir diamantes, eu não vou dar não Olha aqui, eu já comi tudo, então vamos fazer assim, eu faço um serviço pra você E você me paga esmeraldas Esmeraldas, esmeraldas eu tenho, mas é pra eu colocar aqui dentro? É, qualquer coisa que você quiser eu faço pra você E você me paga em esmeraldas É, dança aí, deixa eu ver o negócio Nossa, que tanto de esmeralda Ah, eu vou pegar isso daqui tudo pra mim Já dançou bastante, vai pra lá, vai longe daqui Sai da minha casa, sai da minha casa Ai, peguei tudo, deixa eu vir aqui dentro de casa Ah, aquele morador de rua tava muito suspeito, ele tava com a voz muito parecida com a do atos Eu acho que era o atos tentando me enganar Vocês viram isso?""",Avaliador_C,Avaliador_D
18,"Tá, agora ele tá fresinho! Pronto! Agora a gente tem a nossa carne de zumbi de estimação! Perfeito! Só que essa casa não para de ser atacada pelos mobs! O que a gente pode fazer? Vamos transformar a espada em mob também? E ela vai proteger a gente, eu tenho certeza! Vamos lá! Uou, quero ver! Olha! A espada só tem o olho! Ela tem um olho só, mas ela parece ser bem forte, né? Será que ela enxerga direito? Vamos testar! Eu vou levar essa espada pra atacar os Creepers? Mas, ó, Riquitos, uma coisa! A picareta! A picareta ainda tá perdida lá embaixo! Tá, faz o seguinte, então eu vou lá buscar a picareta! Tá, enquanto isso eu vou testar essa espada, mas se recuperar ela a gente esqueceu da picareta! Perto da nossa casa tava cheio de zumbis, eles estavam ouvindo nos atacar! Espadinha, mostra seus poderes! Ataca esses zumbis pra mim! Uou! Olha só isso! Ela é muito forte! Ela tá destruindo todos esses zumbis! Riquitos, vem cá ver, Riquitos! Você achou a picareta, Riquitos? Já, já encontrei aqui! Ela tava escuridinha!",0.0574279688298702,0.4013838768005371,0.5411881804466248,POS,0.3227898776531219,0.0013503374066203,0.0336952991783618,0.0008025021525099,0.025532491505146,0.0787679031491279,0.0032882329542189,0.32971194,Athos,Minecraft,Dei VIDA para um BALDE no Minecraft [S7FQEpXWOXY],,GZ,GZ,GZ,"🎬 Canal: Athos | 🎥 Vídeo: Dei VIDA para um BALDE no Minecraft [S7FQEpXWOXY]
⏱️ Segmento/Index: 18
🤖 Consenso de IA: GZ (Detoxify: 0.323 | Perspective: 0.33)
──────────────────────────────────────────────────
Fala transcrita:
""Tá, agora ele tá fresinho! Pronto! Agora a gente tem a nossa carne de zumbi de estimação! Perfeito! Só que essa casa não para de ser atacada pelos mobs! O que a gente pode fazer? Vamos transformar a espada em mob também? E ela vai proteger a gente, eu tenho certeza! Vamos lá! Uou, quero ver! Olha! A espada só tem o olho! Ela tem um olho só, mas ela parece ser bem forte, né? Será que ela enxerga direito? Vamos testar! Eu vou levar essa espada pra atacar os Creepers? Mas, ó, Riquitos, uma coisa! A picareta! A picareta ainda tá perdida lá embaixo! Tá, faz o seguinte, então eu vou lá buscar a picareta! Tá, enquanto isso eu vou testar essa espada, mas se recuperar ela a gente esqueceu da picareta! Perto da nossa casa tava cheio de zumbis, eles estavam ouvindo nos atacar! Espadinha, mostra seus poderes! Ataca esses zumbis pra mim! Uou! Olha só isso! Ela é muito forte! Ela tá destruindo todos esses zumbis! Riquitos, vem cá ver, Riquitos! Você achou a picareta, Riquitos? Já, já encontrei aqui! Ela tava escuridinha!""",Avaliador_C,Avaliador_D
10,Não sei é que dá pra que dá pra fazer também não gosto muito legal a gente tá fazendo isso aqui ó é que é um pão explosivo né é um pão explosivo né é um pão explosivo né é um pão explosivo né é um pão explosivo né é um pão explosivo né é um pão explosivo né é um pão explosivo né Mas é que eu acho que aqui embaixo será que a comida aqui embaixo como é que eu posso explicar sabe? Não como assim Mcfly? Não é que eu acho que aqui embaixo JP a comida tá ficando mais... como é que eu posso explicar? Quer ver ó? Espera um pouquinho AAAAAAAA EITA Nossa tá dá pra cavar um túnel devorando essas comidas né na hora de mineirar pessoal você tá com dificuldade de cavar um túnel tá com preguiça vai comendo comida explosiva Mas enfim deixa o like se vocês gostaram explode o botão de gostei se inscrevam no canal ative o sininho de notificações e me siga no instagram que tá aparecendo embaixo que é o webcam Fiquem com Deus e até o próximo vídeo tchaaaaau,0.4540728330612182,0.4899051189422607,0.0560221187770366,NEU,0.1806861162185669,0.003335898509249,0.0431595481932163,0.0044116736389696,0.0248882547020912,0.0026109793689101,0.003427016781643,0.19504376,JP Plays,Minecraft,COMO FAZER COMIDA QUE EXPLODE NO MINECRAFT [flavs0cHq1g],,NT,NT,NT,"🎬 Canal: JP Plays | 🎥 Vídeo: COMO FAZER COMIDA QUE EXPLODE NO MINECRAFT [flavs0cHq1g]
⏱️ Segmento/Index: 10
🤖 Consenso de IA: NT (Detoxify: 0.181 | Perspective: 0.195)
──────────────────────────────────────────────────
Fala transcrita:
""Não sei é que dá pra que dá pra fazer também não gosto muito legal a gente tá fazendo isso aqui ó é que é um pão explosivo né é um pão explosivo né é um pão explosivo né é um pão explosivo né é um pão explosivo né é um pão explosivo né é um pão explosivo né é um pão explosivo né Mas é que eu acho que aqui embaixo será que a comida aqui embaixo como é que eu posso explicar sabe? Não como assim Mcfly? Não é que eu acho que aqui embaixo JP a comida tá ficando mais... como é que eu posso explicar? Quer ver ó? Espera um pouquinho AAAAAAAA EITA Nossa tá dá pra cavar um túnel devorando essas comidas né na hora de mineirar pessoal você tá com dificuldade de cavar um túnel tá com preguiça vai comendo comida explosiva Mas enfim deixa o like se vocês gostaram explode o botão de gostei se inscrevam no canal ative o sininho de notificações e me siga no instagram que tá aparecendo embaixo que é o webcam Fiquem com Deus e até o próximo vídeo tchaaaaau""",Avaliador_C,Avaliador_D
21,"O que tá vindo? Os zumbis! Quando assim zumbis? Ficou... Ficou delante do nada! Eles estão vindo! Quando eu olhei pra fora de novo, tava cheio de zumbis ali na minha casa! Nossa, cheio de zumbis! Eles estão vindo mesmo! Eles estão vindo... Ai, olha quem que é! Ai, olha o zumbi! Tá me espadada! Espadada! Naru, pega uma espada aqui pra você também! Pega a espada! Ai, ai, ai, ai, tá cheio! Tá cheio de zumbis pequenos! Mata o zumbi! Não, vocês não vão invadir a nossa casa! Eu vou defender essa casa! Ai, tem muitos zumbis! Naru, corre lá pra cima! Eu tô secado aqui embaixo, papai, me ajuda! Naru, você morreu pro zumbis! Ai, eu vou vingar! Vocês mataram ele! Ataque nos zumbis! Tem muitos zumbis subindo aqui! Eu não posso mais tomar dano! Porque eu tô quase morrendo! Sai, zumbis, sai! Tem alguns zumbis subindo aqui no seu lugar! Mas... Naru! Naru! Papai, eu tô aqui fora! Os zumbis estão me cercando de novo! Eu vou aí te salvar, Naru! Eu tô descendo!",0.5940734148025513,0.3569412529468536,0.0489852428436279,NEG,0.8537328839302063,0.0038320978637784,0.0215730406343936,0.0038816859014332,0.0226137563586235,0.2411056011915207,0.0066832932643592,0.4014846,Athos,Minecraft,Ciclo de VIDA do ATHOS de JOGOS no MINECRAFT [dM6doF6F6LE],,T,T,T,"🎬 Canal: Athos | 🎥 Vídeo: Ciclo de VIDA do ATHOS de JOGOS no MINECRAFT [dM6doF6F6LE]
⏱️ Segmento/Index: 21
🤖 Consenso de IA: T (Detoxify: 0.854 | Perspective: 0.401)
──────────────────────────────────────────────────
Fala transcrita:
""O que tá vindo? Os zumbis! Quando assim zumbis? Ficou... Ficou delante do nada! Eles estão vindo! Quando eu olhei pra fora de novo, tava cheio de zumbis ali na minha casa! Nossa, cheio de zumbis! Eles estão vindo mesmo! Eles estão vindo... Ai, olha quem que é! Ai, olha o zumbi! Tá me espadada! Espadada! Naru, pega uma espada aqui pra você também! Pega a espada! Ai, ai, ai, ai, tá cheio! Tá cheio de zumbis pequenos! Mata o zumbi! Não, vocês não vão invadir a nossa casa! Eu vou defender essa casa! Ai, tem muitos zumbis! Naru, corre lá pra cima! Eu tô secado aqui embaixo, papai, me ajuda! Naru, você morreu pro zumbis! Ai, eu vou vingar! Vocês mataram ele! Ataque nos zumbis! Tem muitos zumbis subindo aqui! Eu não posso mais tomar dano! Porque eu tô quase morrendo! Sai, zumbis, sai! Tem alguns zumbis subindo aqui no seu lugar! Mas... Naru! Naru! Papai, eu tô aqui fora! Os zumbis estão me cercando de novo! Eu vou aí te salvar, Naru! Eu tô descendo!""",Avaliador_C,Avaliador_D
21,"Que que é isso? Mano, por que tem um villager aqui? Pera, pera, pera, pera Ah! Roubei o ferro que ele tinha aqui já Roubei, tu né? Meu Deus Olha, Eduarda, mano, eu tô entendendo O Iron Golem, ele é controlado pelo villager, mano Para tudo, Eduarda, para tudo Faz todo sentido agora, Marcelo Fi, roubei teu lugar Agora eu sou piloto de Iron Golem Bora, pra esquerda Bora, pra direita Bora Marcelo, eu vou procurar um villager Villager Porque eu vou entrar dentro do villager Você vai entrar dentro do villager? Aham Você é louca, garota? Sou Meu Deus do céu, vamos que eu vou estar bem junto Cadê, cadê, cadê o villager? Vamos procurar o villager Cadê os villager dessa vida, Eduarda? Estão trabalhando não, Fi? Estão de férias? Não, acho que estão de férias Vou tocar o sino, hein? Aí que eles vão ficar de férias, né, Eduarda? Achei, achei Opa, cadê? Opa E reunião? Reunião Reunião, galerinha Bora entrar então aqui na cabeça desses malucos?",0.1116344034671783,0.4931941926479339,0.3951714038848877,NEU,0.6695389151573181,0.0026194469537585,0.0507086366415023,0.0051993322558701,0.0840108469128608,0.0021420279517769,0.0082106757909059,0.37751234,Marcelodrv,Minecraft,podemos ENTRAR em qualquer YOUTUBER no minecraft - O FILME [8cqOfBbvmtY],,GZ,GZ,GZ,"🎬 Canal: Marcelodrv | 🎥 Vídeo: podemos ENTRAR em qualquer YOUTUBER no minecraft - O FILME [8cqOfBbvmtY]
⏱️ Segmento/Index: 21
🤖 Consenso de IA: GZ (Detoxify: 0.67 | Perspective: 0.378)
──────────────────────────────────────────────────
Fala transcrita:
""Que que é isso? Mano, por que tem um villager aqui? Pera, pera, pera, pera Ah! Roubei o ferro que ele tinha aqui já Roubei, tu né? Meu Deus Olha, Eduarda, mano, eu tô entendendo O Iron Golem, ele é controlado pelo villager, mano Para tudo, Eduarda, para tudo Faz todo sentido agora, Marcelo Fi, roubei teu lugar Agora eu sou piloto de Iron Golem Bora, pra esquerda Bora, pra direita Bora Marcelo, eu vou procurar um villager Villager Porque eu vou entrar dentro do villager Você vai entrar dentro do villager? Aham Você é louca, garota? Sou Meu Deus do céu, vamos que eu vou estar bem junto Cadê, cadê, cadê o villager? Vamos procurar o villager Cadê os villager dessa vida, Eduarda? Estão trabalhando não, Fi? Estão de férias? Não, acho que estão de férias Vou tocar o sino, hein? Aí que eles vão ficar de férias, né, Eduarda? Achei, achei Opa, cadê? Opa E reunião? Reunião Reunião, galerinha Bora entrar então aqui na cabeça desses malucos?""",Avaliador_C,Avaliador_D
64,"Um exemplo da menina, não sei, de... Do cara de... Não sei, do Homem de Ferro. Boa, boa. Quem encontrar fala aí, velho. Aonde tá o impostor, pessoal? Comenta aí. Tem, ó... Vamos fazer pelas fileiras, mano. De cima pra baixo, pessoal. É a fileira 1, 2, 3, 4, 5 e 6. São 6 fileiras. Adivinha primeiro qual fileira ele tá. Eu já encontrei o impostor já, mano. Aí, eu tô aqui, voltei. Não achei. Achei, achei. A galera já mandou que achei, mano. Coisinha. Quem tá achando esse aqui agora, achei. Tá ali no meio. Eu achei. Não, mas tem que falar do lado de... Do que ele tá, mano. Tem que falar fileira, galera. Tem que falar fileira e pelo menos... Na pessoa que tá ao lado dele, mano. Deixa eu ver se o pessoal acha o mesmo, mano. Já vi. Tá sentado ali. Ah, mas é o sentado ali. Ele vai tá sentado, né? Encontrei. Ali. Aí, modo bocetinha.",0.0848520323634147,0.8682386875152588,0.0469092391431331,NEU,0.3782424926757812,0.0013614206109195,0.1098504438996315,0.0008024127455428,0.0554017387330532,0.0011856129858642,0.1914033889770507,0.24924077,AuthenticGames,Minecraft,ENCONTRE o IMPOSTOR DISFARÇADO no MINECRAFT [xMoryvvV2ms],,GZ,GZ,GZ,"🎬 Canal: AuthenticGames | 🎥 Vídeo: ENCONTRE o IMPOSTOR DISFARÇADO no MINECRAFT [xMoryvvV2ms]
⏱️ Segmento/Index: 64
🤖 Consenso de IA: GZ (Detoxify: 0.378 | Perspective: 0.249)
──────────────────────────────────────────────────
Fala transcrita:
""Um exemplo da menina, não sei, de... Do cara de... Não sei, do Homem de Ferro. Boa, boa. Quem encontrar fala aí, velho. Aonde tá o impostor, pessoal? Comenta aí. Tem, ó... Vamos fazer pelas fileiras, mano. De cima pra baixo, pessoal. É a fileira 1, 2, 3, 4, 5 e 6. São 6 fileiras. Adivinha primeiro qual fileira ele tá. Eu já encontrei o impostor já, mano. Aí, eu tô aqui, voltei. Não achei. Achei, achei. A galera já mandou que achei, mano. Coisinha. Quem tá achando esse aqui agora, achei. Tá ali no meio. Eu achei. Não, mas tem que falar do lado de... Do que ele tá, mano. Tem que falar fileira, galera. Tem que falar fileira e pelo menos... Na pessoa que tá ao lado dele, mano. Deixa eu ver se o pessoal acha o mesmo, mano. Já vi. Tá sentado ali. Ah, mas é o sentado ali. Ele vai tá sentado, né? Encontrei. Ali. Aí, modo bocetinha.""",Avaliador_C,Avaliador_D
18,"É um jogo de palavras complicadas, eu gosto da paçoca, não, não é da paçoca não, eu amo, mas eu gosto da esmeralda, só que ela vai ficar aqui no paçoca mano, espero que vocês me entendam. O bico, vou colocar junto no paçoca porque ele é muito útil, não, ele poderia ser mais útil, o bico é tão difícil de conseguir que ele poderia ser bem mais útil. Ah, mas todas as vezes que eu precisei dele para destruir o junk inteiro. É, vou botar no Maria Mole, vai no paçoca mano, porque o bico, cara, já economizei muito tempo por causa do bico, ele facilita muito para quebrar os blocos, então vou deixar ali mano, vou deixar o bico aqui porque eu gostei dele. O muro de pedregulho, é, não gosto, mas eu vou no Maria Mole porque ele é, não, não, vai no mel, é porque ele é meio, é um bloco de decoração legalzinho mano, não vou repugnar ele. O bloco de cabeça do Steve, eu vou considerar que tá falando de todas as cabeças juntos, se for todas as cabeças eu boto aqui, e eu boto no mel, porque vamos lá, vamos pensar. A cabeça de esqueleto não serve para nada, você pode pegar mas é inútil, só para, sei lá, o esqueleto te atacar de menos longe.",0.1970454156398773,0.706775963306427,0.0961785763502121,NEU,0.4160703122615814,0.0087593374773859,0.0495919659733772,0.0065646502189338,0.0685153976082801,0.009603695012629,0.0159336067736148,0.3250515,Geleia,Minecraft,rankeando TODOS os BLOCOS do MINECRAFT DO MELHOR AO PIOR [iUeeNy4TyKY],,GZ,GZ,GZ,"🎬 Canal: Geleia | 🎥 Vídeo: rankeando TODOS os BLOCOS do MINECRAFT DO MELHOR AO PIOR [iUeeNy4TyKY]
⏱️ Segmento/Index: 18
🤖 Consenso de IA: GZ (Detoxify: 0.416 | Perspective: 0.325)
──────────────────────────────────────────────────
Fala transcrita:
""É um jogo de palavras complicadas, eu gosto da paçoca, não, não é da paçoca não, eu amo, mas eu gosto da esmeralda, só que ela vai ficar aqui no paçoca mano, espero que vocês me entendam. O bico, vou colocar junto no paçoca porque ele é muito útil, não, ele poderia ser mais útil, o bico é tão difícil de conseguir que ele poderia ser bem mais útil. Ah, mas todas as vezes que eu precisei dele para destruir o junk inteiro. É, vou botar no Maria Mole, vai no paçoca mano, porque o bico, cara, já economizei muito tempo por causa do bico, ele facilita muito para quebrar os blocos, então vou deixar ali mano, vou deixar o bico aqui porque eu gostei dele. O muro de pedregulho, é, não gosto, mas eu vou no Maria Mole porque ele é, não, não, vai no mel, é porque ele é meio, é um bloco de decoração legalzinho mano, não vou repugnar ele. O bloco de cabeça do Steve, eu vou considerar que tá falando de todas as cabeças juntos, se for todas as cabeças eu boto aqui, e eu boto no mel, porque vamos lá, vamos pensar. A cabeça de esqueleto não serve para nada, você pode pegar mas é inútil, só para, sei lá, o esqueleto te atacar de menos longe.""",Avaliador_C,Avaliador_D
7,"Aí quando eu entro, eu tenho um sofá Tem um sofá De três escadas com os bracinhos Tem placas Tem dos dois lados Dos dois lados, beleza Tá, daí tem o sofá da frente Ok, sofá da frente Aqui e também tem o bracinho dos dois lados Bracinho dos dois lados Sim, mas parece que você tem mais sofá Eu tenho... eu tenho aqui, ó Ah, é que tem lá no outro canto, né? Tem aqui também Certo? Pera, ah, isso aqui é diferente mesmo? Que? Ai, eu já errei, tá, vai Você errou? O tempo tá diminuindo Tá, pera aí, é muito sofá, Ju Aqui nesse cantinho você tem que ir do lado de lá, Ju Você tá do lado de cá? Sim, desse lado Tem um sofazinho que é um marrom escuro e tem um marrom claro Sim E tem o bracinho dele dos dois lados, certo?",0.0955515503883361,0.8367112874984741,0.0677371695637703,NEU,0.0017757000168785,0.0043743485584855,0.0345216877758502,0.0058576031588017,0.0287175830453634,0.0017897324869409,0.0012532896362245,0.18554166,Julia MineGirl,Roblox,ENCONTRE A DIFERENÇA NO MINECRAFT [9dwVRgzIJr0],,NT,NT,NT,"🎬 Canal: Julia MineGirl | 🎥 Vídeo: ENCONTRE A DIFERENÇA NO MINECRAFT [9dwVRgzIJr0]
⏱️ Segmento/Index: 7
🤖 Consenso de IA: NT (Detoxify: 0.002 | Perspective: 0.186)
──────────────────────────────────────────────────
Fala transcrita:
""Aí quando eu entro, eu tenho um sofá Tem um sofá De três escadas com os bracinhos Tem placas Tem dos dois lados Dos dois lados, beleza Tá, daí tem o sofá da frente Ok, sofá da frente Aqui e também tem o bracinho dos dois lados Bracinho dos dois lados Sim, mas parece que você tem mais sofá Eu tenho... eu tenho aqui, ó Ah, é que tem lá no outro canto, né? Tem aqui também Certo? Pera, ah, isso aqui é diferente mesmo? Que? Ai, eu já errei, tá, vai Você errou? O tempo tá diminuindo Tá, pera aí, é muito sofá, Ju Aqui nesse cantinho você tem que ir do lado de lá, Ju Você tá do lado de cá? Sim, desse lado Tem um sofazinho que é um marrom escuro e tem um marrom claro Sim E tem o bracinho dele dos dois lados, certo?""",Avaliador_C,Avaliador_D
12,"tem queair eu não vou shader luluc dái door baud wondering Já irritou, né gente? Cheguei a plantar a luz só agora, Lu! Uuuuh! Tô com aquela nariz! Gente, você não ia chegar no final, né? Agora tem que pular dentro desse vulcônis! Era isso? Uuuuuuh! Você saiu, Luca! Mas eu não... Que? Esse lugar é assustador! Mas... Mas o que? Ahn? Oi? Tudo bom. Gente, não sei o que tá acontecendo! E aí, Luca? Não abriu? A gente conseguiu fugir? Sim! Que? Pera! Não! Mas você continua preso! Nããããããããããããããããããããããããããããããããããããããã magnetic! Você foi transportada pra uma casa! Agora é aquela casa do terror, mami!",0.6273809671401978,0.3243219554424286,0.0482970513403415,NEG,0.6418625116348267,0.0048482823185622,0.0641857981681823,0.004465589299798,0.0271761901676654,0.0046712197363376,0.0049185534007847,0.3245134,Luluca Games,Roblox,Roblox - ESCAPAMOS DO PARQUE DE DIVERSÕES MALUCO Escape The Carnival of Terror Obby  Luluca Games [rGiULqncLvk],0.627381443977356,GZ,GZ,GZ,"🎬 Canal: Luluca Games | 🎥 Vídeo: Roblox - ESCAPAMOS DO PARQUE DE DIVERSÕES MALUCO Escape The Carnival of Terror Obby  Luluca Games [rGiULqncLvk]
⏱️ Segmento/Index: 12
🤖 Consenso de IA: GZ (Detoxify: 0.642 | Perspective: 0.325)
──────────────────────────────────────────────────
Fala transcrita:
""tem queair eu não vou shader luluc dái door baud wondering Já irritou, né gente? Cheguei a plantar a luz só agora, Lu! Uuuuh! Tô com aquela nariz! Gente, você não ia chegar no final, né? Agora tem que pular dentro desse vulcônis! Era isso? Uuuuuuh! Você saiu, Luca! Mas eu não... Que? Esse lugar é assustador! Mas... Mas o que? Ahn? Oi? Tudo bom. Gente, não sei o que tá acontecendo! E aí, Luca? Não abriu? A gente conseguiu fugir? Sim! Que? Pera! Não! Mas você continua preso! Nããããããããããããããããããããããããããããããããããããããã magnetic! Você foi transportada pra uma casa! Agora é aquela casa do terror, mami!""",Avaliador_C,Avaliador_D
5,"Eu acho que é. Eu acho que sim, né, mano. Temos que nadar pelo visto, não. Ai, bola! Olha, um diamante! Tá, pegar o diamante não dá porque eu não tenho espada. Então eu esnago assim aqui. Ai, eu tô subindo! Eu tô subindo! Tu tá flutuando! Volta aqui, mano! Não me deixa sozinho! Eu também tô. Na verdade, eu acho que o caminho é por aqui, bobo. Ah, já sabia! Você acha que eu não sabia, mano, que o caminho era por aqui? Claro que eu sabia. Claro, com certeza eu sabia. Vamos usar a velocidade do Gui que a gente chega bem mais rápido. Olha isso, mano, eu tô bem rápido, hein, mano. Isso aqui é muito bom, até mais fácil pra fazer os desafios, cara. Beleza, galera, a gente já tá aqui na metade do caminho pra salvar o próximo youtuber. Opa, consegui, K.R. Até a velocidade eu tô caindo, cara, tá doido. Opa, mais uma plaquinha de pressão e aqui estamos bem salvos, K.R. Se a gente cair, a gente nasce aqui agora. E o bom é que esse bioma aqui é bem bonito, né? Vermelho, legal demais. Isso aqui é muito perigoso, velho. Olha esse ladinho aqui, se cair já era. Cuidado, mano, vai com cuidado. Vou com cuidado e... Aaaaaaaah, socorro!",0.10725948959589,0.8349632024765015,0.057777289301157,NEU,0.2300491034984588,0.0037377029657363,0.0338768474757671,0.0027701316867023,0.053461018949747,0.005773311946541,0.0057161855511367,0.37795907,Kass e KR,Minecraft,Athos está em PERIGO na Torre dos Youtubers [Fy9e5tXjglI],,GZ,GZ,GZ,"🎬 Canal: Kass e KR | 🎥 Vídeo: Athos está em PERIGO na Torre dos Youtubers [Fy9e5tXjglI]
⏱️ Segmento/Index: 5
🤖 Consenso de IA: GZ (Detoxify: 0.23 | Perspective: 0.378)
──────────────────────────────────────────────────
Fala transcrita:
""Eu acho que é. Eu acho que sim, né, mano. Temos que nadar pelo visto, não. Ai, bola! Olha, um diamante! Tá, pegar o diamante não dá porque eu não tenho espada. Então eu esnago assim aqui. Ai, eu tô subindo! Eu tô subindo! Tu tá flutuando! Volta aqui, mano! Não me deixa sozinho! Eu também tô. Na verdade, eu acho que o caminho é por aqui, bobo. Ah, já sabia! Você acha que eu não sabia, mano, que o caminho era por aqui? Claro que eu sabia. Claro, com certeza eu sabia. Vamos usar a velocidade do Gui que a gente chega bem mais rápido. Olha isso, mano, eu tô bem rápido, hein, mano. Isso aqui é muito bom, até mais fácil pra fazer os desafios, cara. Beleza, galera, a gente já tá aqui na metade do caminho pra salvar o próximo youtuber. Opa, consegui, K.R. Até a velocidade eu tô caindo, cara, tá doido. Opa, mais uma plaquinha de pressão e aqui estamos bem salvos, K.R. Se a gente cair, a gente nasce aqui agora. E o bom é que esse bioma aqui é bem bonito, né? Vermelho, legal demais. Isso aqui é muito perigoso, velho. Olha esse ladinho aqui, se cair já era. Cuidado, mano, vai com cuidado. Vou com cuidado e... Aaaaaaaah, socorro!""",Avaliador_C,Avaliador_D
8,"Que eu saí de verdade Vamos agora pra dificuldade Enderman Vamos nessa, dificuldade Enderman Lucky Block de Enderman Nossa, olha isso Tem um monte de Enderman Como eu vou olhar pra eles? Não olha pra eles, não olha pra... Ai, que bicho feio Bicho feio, quase colhi Melhor não olhar Melhor não olhar mesmo Porque bicho feio sai pra lá, sai pra lá, sai pra lá Vamos dar uma olhada onde que tá esse Lucky Block Tá, JP, pelo que eu vi não tem parkour, então acho que é mais fácil É, não tem parkour, então a gente tem que encontrar esse botão Aqui embaixo mesmo, não tem outro lugar que ele possa estar Ah, McFly, certeza que não tem parkour Porque olha a altura que o botão tá ali em cima Só pular Será que dá?",0.9281721115112304,0.0559028536081314,0.0159250423312187,NEG,0.3126621544361114,0.0112729277461767,0.050826858729124,0.0078030531294643,0.0477373674511909,0.0052365632727742,0.0076373470947146,0.28312725,JP Plays,Minecraft,NÃO APERTE O BOTÃO DE LUCKY BLOCK NO MINECRAFT  Botão da Sorte ou Azar [2xsYuKOtt1E],,GZ,GZ,GZ,"🎬 Canal: JP Plays | 🎥 Vídeo: NÃO APERTE O BOTÃO DE LUCKY BLOCK NO MINECRAFT  Botão da Sorte ou Azar [2xsYuKOtt1E]
⏱️ Segmento/Index: 8
🤖 Consenso de IA: GZ (Detoxify: 0.313 | Perspective: 0.283)
──────────────────────────────────────────────────
Fala transcrita:
""Que eu saí de verdade Vamos agora pra dificuldade Enderman Vamos nessa, dificuldade Enderman Lucky Block de Enderman Nossa, olha isso Tem um monte de Enderman Como eu vou olhar pra eles? Não olha pra eles, não olha pra... Ai, que bicho feio Bicho feio, quase colhi Melhor não olhar Melhor não olhar mesmo Porque bicho feio sai pra lá, sai pra lá, sai pra lá Vamos dar uma olhada onde que tá esse Lucky Block Tá, JP, pelo que eu vi não tem parkour, então acho que é mais fácil É, não tem parkour, então a gente tem que encontrar esse botão Aqui embaixo mesmo, não tem outro lugar que ele possa estar Ah, McFly, certeza que não tem parkour Porque olha a altura que o botão tá ali em cima Só pular Será que dá?""",Avaliador_C,Avaliador_D
5,"O tom da primeira coroa da história dos tampogais, pô Dentro deles tudo eu sou, mas eu Tá bom, então, vamos jogar Ei, mas o meu jogo bugou aqui, olha Não apareceu nenhum meu budo aqui correndo, eu acho que eu não vou conseguir entrar, não, véi Ah, entrou, entrou aqui o mapa, o mapa É a internet do vizinho, tô usando sem ele saber aqui, na próxima eu vou lá reclamar Ué, ajeita a internet aí, tô jogando os tampogais aqui com meu amigo, ô Na próxima não vai bugar não, viu? Eita, mas esses que aí tu ganhou é massa, viu? Jogo um master Eu tô ligado, pô, nada que a lenda já não merecesse, tá ligado? Nada, nada mais do que isso Sei não, viu? Não sei mesmo Ei não, pô, mas fica triste, não, até que olha na tua assim de perto Até que ela é bonitinha, pô Ah, tá se achando demais, ó Se eu fosse desumilde era pra me ter botado, era uma skin especial, mano Pra te humilhar também, eu tava me humilhando demais, mano Mancofinha aí com minha cara Ei, mano, ei, mano Vê como tu me ajudar, cara? Oxa, olha, um budo, olha Olha aí, fala Cara, é porque assim, eu que sou muito novo nesse jogo aqui, sabe? E eu tô cansado, cara, porque todo mundo que vai me ajudar me passa a perna, cara Eu tô só fixo que vai me ajudar e no final eu que sai perdendo, cara Tem como tu me ajudar assim, tu passar um ancal e tal, tem? É, então mano, o cara tá me pedindo ajuda e agora, mano, o que que eu faço? Não, mano, o cara tá de boot, né, velho?",0.386361688375473,0.5446627736091614,0.0689756199717521,NEU,0.3939225673675537,0.0094175972044467,0.049653872847557,0.0062750857323408,0.0489379353821277,0.0043505188077688,0.0150470957159996,0.2524482,meu nome é david,Roblox,STUMBLE GUYS NA VIDA REAL 4  - LAVA LAND [HJJS4vChP8g],,GZ,GZ,GZ,"🎬 Canal: meu nome é david | 🎥 Vídeo: STUMBLE GUYS NA VIDA REAL 4  - LAVA LAND [HJJS4vChP8g]
⏱️ Segmento/Index: 5
🤖 Consenso de IA: GZ (Detoxify: 0.394 | Perspective: 0.252)
──────────────────────────────────────────────────
Fala transcrita:
""O tom da primeira coroa da história dos tampogais, pô Dentro deles tudo eu sou, mas eu Tá bom, então, vamos jogar Ei, mas o meu jogo bugou aqui, olha Não apareceu nenhum meu budo aqui correndo, eu acho que eu não vou conseguir entrar, não, véi Ah, entrou, entrou aqui o mapa, o mapa É a internet do vizinho, tô usando sem ele saber aqui, na próxima eu vou lá reclamar Ué, ajeita a internet aí, tô jogando os tampogais aqui com meu amigo, ô Na próxima não vai bugar não, viu? Eita, mas esses que aí tu ganhou é massa, viu? Jogo um master Eu tô ligado, pô, nada que a lenda já não merecesse, tá ligado? Nada, nada mais do que isso Sei não, viu? Não sei mesmo Ei não, pô, mas fica triste, não, até que olha na tua assim de perto Até que ela é bonitinha, pô Ah, tá se achando demais, ó Se eu fosse desumilde era pra me ter botado, era uma skin especial, mano Pra te humilhar também, eu tava me humilhando demais, mano Mancofinha aí com minha cara Ei, mano, ei, mano Vê como tu me ajudar, cara? Oxa, olha, um budo, olha Olha aí, fala Cara, é porque assim, eu que sou muito novo nesse jogo aqui, sabe? E eu tô cansado, cara, porque todo mundo que vai me ajudar me passa a perna, cara Eu tô só fixo que vai me ajudar e no final eu que sai perdendo, cara Tem como tu me ajudar assim, tu passar um ancal e tal, tem? É, então mano, o cara tá me pedindo ajuda e agora, mano, o que que eu faço? Não, mano, o cara tá de boot, né, velho?""",Avaliador_C,Avaliador_D
5,"Não consigo entender, cara. Esses gráficos pixelados. Meu Deus, cara. O prédio tá caindo, galera. Tá virando de lado, de ponta cabeça. Olha isso. Que isso, mano. Começamos bem. Como que eu saio daqui? Ah, vai capotar tudo, cara. Eu vou morrer depois de ter morrido. Esse jogo aqui se passa depois, né? Do que eu já morri. Mas eu acho que vou morrer de novo. Ó. Uh-oh. Luizinho ali, ó. Que isso? Telefone tocou. Celular. Olá, senhor Tex. É Tex, ele cortou ali, ó. Você está aí? Sim, eu estou, cara. Estou. Ah, legal. E você não está o quê? É, incapacitado. Senhor, está tudo bem aí? Eu ouvi um barulho muito estranho no elevador. E eu não pude perceber se era você ou se eram os cabos do elevador. Ah, cara. Tá complicado, hein?",0.9420080184936525,0.0336735397577285,0.0243184138089418,NEG,0.3375283479690552,0.0024936420377343,0.0283013135194778,0.0022138487547636,0.0362285785377025,0.0127446120604872,0.0069802957586944,0.36095104,Tex HS,Roblox,Fui No Hotel Mais Alto do Mundo [GPaSxaEkG2s],,GZ,GZ,GZ,"🎬 Canal: Tex HS | 🎥 Vídeo: Fui No Hotel Mais Alto do Mundo [GPaSxaEkG2s]
⏱️ Segmento/Index: 5
🤖 Consenso de IA: GZ (Detoxify: 0.338 | Perspective: 0.361)
──────────────────────────────────────────────────
Fala transcrita:
""Não consigo entender, cara. Esses gráficos pixelados. Meu Deus, cara. O prédio tá caindo, galera. Tá virando de lado, de ponta cabeça. Olha isso. Que isso, mano. Começamos bem. Como que eu saio daqui? Ah, vai capotar tudo, cara. Eu vou morrer depois de ter morrido. Esse jogo aqui se passa depois, né? Do que eu já morri. Mas eu acho que vou morrer de novo. Ó. Uh-oh. Luizinho ali, ó. Que isso? Telefone tocou. Celular. Olá, senhor Tex. É Tex, ele cortou ali, ó. Você está aí? Sim, eu estou, cara. Estou. Ah, legal. E você não está o quê? É, incapacitado. Senhor, está tudo bem aí? Eu ouvi um barulho muito estranho no elevador. E eu não pude perceber se era você ou se eram os cabos do elevador. Ah, cara. Tá complicado, hein?""",Avaliador_C,Avaliador_D
8,"Caralho Respeita não tem pra hack não porra hoje também é clube Putozinho A lenda Respeita Eu ainda não sei quem ta pilotando esse avião A lenda Não vem não não vem não eles deixam a mina aqui abortar a missão abortar a missão Tem mina aqui tem mina aqui Oxe mais tema que eu vou voltar não já peguei o lançador já to na metade do caminho já to no ar já vou morrer vou morrer Esse cara fui seguir a casa do cara aqui na moral ai cai pra uma mina agora to aqui no chão vou perder meus pontos e nem salvo aqui não na moral é sério Peraí não era pra vocês terem de atras desse capa do lançador não só pra morrer Ó turzinha aqui ta dizendo que não era pra ter indo não né turzinha Vê naí eu disse Vai salvar vocês mas se vocês ficar caindo não vai salvar não né não vai salvar dessa vez né não Ô ver Ah, o encontrei! E aí, meu pite? Aproveitando que a gente tá aqui sozinho, como é? Me libera um código aí, mano. Pô, mano, nunca te pedi nada, cara. Para de pedir que não tá me vendo, mano. Tu não vai me liberar o código... Ah, não, velho. Vai se matar só pra não liberar o código, mano. Na moral, vou só vai em consideração ao tempo que a gente se conhece, beleza? Aê, não. Mas tu é fuloso, viu, bicho? Poxa, eu tava ali, aí eu apareci aqui do nada. O que é que tá acontecendo? Será que minha mãe pagou a internet esse mês, bicho? Sei lá, velho. Ó, Gene Phillips, eu vou falar só uma vez. Só porque a menina atacou tua vila lá no coimé, se tu fica querendo atrapalhar o meu jogo, bugando o meu jogo. Ó, eu até parado eu tô andando. Isso é matematicamente impossível.",0.8260063529014587,0.0814717710018158,0.0925219282507896,NEG,0.9668708443641664,0.0281464383006095,0.0772306323051452,0.0122518707066774,0.0600338093936443,0.0129180653020739,0.1162548810243606,0.681338,meu nome é david,Roblox,FREE FIRE BATTLEGROUNDS NA VIDA REAL 10 [YkxB7tZIQV8],,T,T,T,"🎬 Canal: meu nome é david | 🎥 Vídeo: FREE FIRE BATTLEGROUNDS NA VIDA REAL 10 [YkxB7tZIQV8]
⏱️ Segmento/Index: 8
🤖 Consenso de IA: T (Detoxify: 0.967 | Perspective: 0.681)
──────────────────────────────────────────────────
Fala transcrita:
""Caralho Respeita não tem pra hack não porra hoje também é clube Putozinho A lenda Respeita Eu ainda não sei quem ta pilotando esse avião A lenda Não vem não não vem não eles deixam a mina aqui abortar a missão abortar a missão Tem mina aqui tem mina aqui Oxe mais tema que eu vou voltar não já peguei o lançador já to na metade do caminho já to no ar já vou morrer vou morrer Esse cara fui seguir a casa do cara aqui na moral ai cai pra uma mina agora to aqui no chão vou perder meus pontos e nem salvo aqui não na moral é sério Peraí não era pra vocês terem de atras desse capa do lançador não só pra morrer Ó turzinha aqui ta dizendo que não era pra ter indo não né turzinha Vê naí eu disse Vai salvar vocês mas se vocês ficar caindo não vai salvar não né não vai salvar dessa vez né não Ô ver Ah, o encontrei! E aí, meu pite? Aproveitando que a gente tá aqui sozinho, como é? Me libera um código aí, mano. Pô, mano, nunca te pedi nada, cara. Para de pedir que não tá me vendo, mano. Tu não vai me liberar o código... Ah, não, velho. Vai se matar só pra não liberar o código, mano. Na moral, vou só vai em consideração ao tempo que a gente se conhece, beleza? Aê, não. Mas tu é fuloso, viu, bicho? Poxa, eu tava ali, aí eu apareci aqui do nada. O que é que tá acontecendo? Será que minha mãe pagou a internet esse mês, bicho? Sei lá, velho. Ó, Gene Phillips, eu vou falar só uma vez. Só porque a menina atacou tua vila lá no coimé, se tu fica querendo atrapalhar o meu jogo, bugando o meu jogo. Ó, eu até parado eu tô andando. Isso é matematicamente impossível.""",Avaliador_C,Avaliador_D
7,"Não sei, Ju Não dá pra fechar, tá, beleza Ok, vamos ter que explorar agora Ih, mas eu tô com muita fome, Ju Aqui, gente Eu vou morrer de fome Eu tenho aqui, vem aqui Então, eu morri Morri e não de fome, gente De queda mesmo Nossa, mãe, mas não era pra você sair assim, pulando Como um avatar Cadê você? Aqui Toma Vamos entrar nessa casa aqui e ver se tem alguma coisa Você pegou a melancia? Você não pegou a minha melancia? Ah, você jogou a melancia? Nossa, que fã de educação Desculpa, gente, melancia adoro Só que não Toma melancia Tinha uma coisa melhor? Não, gente, eu não gosto de melancia Tá desrespeitando minha melancia, não acredito A Ju ama melancia Nossa, não dou mais melancia Gente, sério, eu já tentei comer várias vezes, as pessoas comem com muita vontade Mas eu não consigo gostar, não adianta Melancia é muito bom Melancia, vou pegar mais Agora você quer a melancia? A única coisa que tem pra comer, gente O que você tá fazendo?",0.4978366196155548,0.4239995777606964,0.0781637877225875,NEG,0.3266060650348663,0.0086424574255943,0.051777858287096,0.0080441189929842,0.0374331437051296,0.0036921091377735,0.0078544477000832,0.23812068,Julia MineGirl,Roblox,MOBS GIGANTES NO MINECRAFT [zRyr0jemQWM],,GZ,GZ,GZ,"🎬 Canal: Julia MineGirl | 🎥 Vídeo: MOBS GIGANTES NO MINECRAFT [zRyr0jemQWM]
⏱️ Segmento/Index: 7
🤖 Consenso de IA: GZ (Detoxify: 0.327 | Perspective: 0.238)
──────────────────────────────────────────────────
Fala transcrita:
""Não sei, Ju Não dá pra fechar, tá, beleza Ok, vamos ter que explorar agora Ih, mas eu tô com muita fome, Ju Aqui, gente Eu vou morrer de fome Eu tenho aqui, vem aqui Então, eu morri Morri e não de fome, gente De queda mesmo Nossa, mãe, mas não era pra você sair assim, pulando Como um avatar Cadê você? Aqui Toma Vamos entrar nessa casa aqui e ver se tem alguma coisa Você pegou a melancia? Você não pegou a minha melancia? Ah, você jogou a melancia? Nossa, que fã de educação Desculpa, gente, melancia adoro Só que não Toma melancia Tinha uma coisa melhor? Não, gente, eu não gosto de melancia Tá desrespeitando minha melancia, não acredito A Ju ama melancia Nossa, não dou mais melancia Gente, sério, eu já tentei comer várias vezes, as pessoas comem com muita vontade Mas eu não consigo gostar, não adianta Melancia é muito bom Melancia, vou pegar mais Agora você quer a melancia? A única coisa que tem pra comer, gente O que você tá fazendo?""",Avaliador_C,Avaliador_D
1,"Eu vou pegar e tacar poção de invisibilidade e vou tá tomando balde também de leite. pra eles me vêm um lugar do nada e eu doter em outro lugar e com essa poção meu objetivo era aparecer atrás deles do nada será que eles vão se assustar? então agora é só eu esperar eles olharem pra cá pra eu começar a fazer isso ô mofinha, aquela sua coleção de cabeça que você falou que você tem ó mané, é dentro da tartaruga mano ah, mas o que é aquilo ali mano? ali na árvore? tá vendo alguma coisa? pera ué vou tacar aqui e vou sumir ué ué desapareceu ué eu acho que a gente tá ficando louco ué, os dois juntos? é talvez, eu não sei, bug foi do... é do baianco mano guarda baianco é talvez o baianco, vamos ver aí parece que é aqui do lado agora tá, já me posicionei agora eu vou pegar e tomar o leite e vou voltar olhando pra eles ai, desapareceu ali de novo, vai-se ué eu acho que... eu acho que talvez não é um bug mufin acho que é melhor a gente...",0.2949875891208648,0.627705454826355,0.0773069113492965,NEU,0.3463217914104461,0.0063941380940377,0.0498797893524169,0.0053546670824289,0.0470470935106277,0.0174093209207057,0.0057298499159514,0.3827457,Cadres,Minecraft,FINGI SER O HUGGY E ASSUSTEI MEUS AMIGOS no Minecraft [qVlwO00NCoc],,GZ,GZ,GZ,"🎬 Canal: Cadres | 🎥 Vídeo: FINGI SER O HUGGY E ASSUSTEI MEUS AMIGOS no Minecraft [qVlwO00NCoc]
⏱️ Segmento/Index: 1
🤖 Consenso de IA: GZ (Detoxify: 0.346 | Perspective: 0.383)
──────────────────────────────────────────────────
Fala transcrita:
""Eu vou pegar e tacar poção de invisibilidade e vou tá tomando balde também de leite. pra eles me vêm um lugar do nada e eu doter em outro lugar e com essa poção meu objetivo era aparecer atrás deles do nada será que eles vão se assustar? então agora é só eu esperar eles olharem pra cá pra eu começar a fazer isso ô mofinha, aquela sua coleção de cabeça que você falou que você tem ó mané, é dentro da tartaruga mano ah, mas o que é aquilo ali mano? ali na árvore? tá vendo alguma coisa? pera ué vou tacar aqui e vou sumir ué ué desapareceu ué eu acho que a gente tá ficando louco ué, os dois juntos? é talvez, eu não sei, bug foi do... é do baianco mano guarda baianco é talvez o baianco, vamos ver aí parece que é aqui do lado agora tá, já me posicionei agora eu vou pegar e tomar o leite e vou voltar olhando pra eles ai, desapareceu ali de novo, vai-se ué eu acho que... eu acho que talvez não é um bug mufin acho que é melhor a gente...""",Avaliador_C,Avaliador_D
17,"Eu não acredito nisso Eles me falaram que eu construí a maior estátua do mundo e constroi isso Mas a gente falou que a gente fez outra Vamos ver o que eles vão fazer agora, galera Mas enfim, K.R., eu acho que já está na hora Da gente construir o nosso portal e zerar o Minecraft Tá, você tem razão Deixa eu pegar aqui nossas ubisides e fazer o portalzinho Olha, agora eles estão fazendo o portal para o Nether Eles vão para o Nether, vou ficar escondido aqui Eu vou atrás também e vou trollar eles Eu vou virar agora o Chucky Agora eu posso virar o Chucky para assustar eles Estou entrando no portal, vou para o Nether O K.R. acharam uma fortaleza Aí até que enfim, a gente achou, K.R., tá aqui Vamos pegar os Blazes então que a gente vai precisar de bastante Encontrei eles, eles estão aqui na fortaleza com os Blazes Eu vou esperar aparecer mais uns Blazes e aí vou colocar TNT lá Agora, agora é a minha chance O que é isso aqui, mano? TNT, TNT, um bonequinho colocando aqui Ai, vou explodir tudo, K.R. Não, não, não, K.R., você é derrotado Ai, eu também, eu não acredito Posso explodir eles e eles morreram Mas vocês ouviram isso, galera? Eles estão indo para o End A gente tem que chegar no End antes deles e virar dragão Vai ser a melhor trollagem de todas Ô, Chucky, o que você está tentando com o Blaze e o bonequinho?",0.2486866116523742,0.5932711958885193,0.1580421477556228,NEU,0.3444523811340332,0.0121172070503234,0.0544050373136997,0.0064834328368306,0.0524571202695369,0.0105596277862787,0.0046852701343595,0.2854733,Athos,Minecraft,24 HORAS ENGANANDO SUPER HERÓIS NO MINECRAFT [JhMUaIRqNlE],,GZ,GZ,GZ,"🎬 Canal: Athos | 🎥 Vídeo: 24 HORAS ENGANANDO SUPER HERÓIS NO MINECRAFT [JhMUaIRqNlE]
⏱️ Segmento/Index: 17
🤖 Consenso de IA: GZ (Detoxify: 0.344 | Perspective: 0.285)
──────────────────────────────────────────────────
Fala transcrita:
""Eu não acredito nisso Eles me falaram que eu construí a maior estátua do mundo e constroi isso Mas a gente falou que a gente fez outra Vamos ver o que eles vão fazer agora, galera Mas enfim, K.R., eu acho que já está na hora Da gente construir o nosso portal e zerar o Minecraft Tá, você tem razão Deixa eu pegar aqui nossas ubisides e fazer o portalzinho Olha, agora eles estão fazendo o portal para o Nether Eles vão para o Nether, vou ficar escondido aqui Eu vou atrás também e vou trollar eles Eu vou virar agora o Chucky Agora eu posso virar o Chucky para assustar eles Estou entrando no portal, vou para o Nether O K.R. acharam uma fortaleza Aí até que enfim, a gente achou, K.R., tá aqui Vamos pegar os Blazes então que a gente vai precisar de bastante Encontrei eles, eles estão aqui na fortaleza com os Blazes Eu vou esperar aparecer mais uns Blazes e aí vou colocar TNT lá Agora, agora é a minha chance O que é isso aqui, mano? TNT, TNT, um bonequinho colocando aqui Ai, vou explodir tudo, K.R. Não, não, não, K.R., você é derrotado Ai, eu também, eu não acredito Posso explodir eles e eles morreram Mas vocês ouviram isso, galera? Eles estão indo para o End A gente tem que chegar no End antes deles e virar dragão Vai ser a melhor trollagem de todas Ô, Chucky, o que você está tentando com o Blaze e o bonequinho?""",Avaliador_C,Avaliador_D
9,"Ok! Vamos então! Uh... Surpresa de pet! Escolha o pet Mega Neon que você quiser! Eu quero uma girafa! Então eu cliquei em clan! E parece que eu já ganhei a girafa! Ah! Eu tenho que ir até o outro lado pra conseguir o pet! Um, dois, três, quatro, cinco, seis, sete, oito... E eu cheguei até o final! E pronto! Uh... Tá pedindo pra eu colocar a minha senha do Roblox aqui! Que eu não vou fazer isso de jeito nenhum, pessoal! Tá na cara que é uma enganação? Se eu colocar a minha senha aqui, a minha conta vai ser hackeada!",0.1000581979751586,0.7989765405654907,0.1009652838110923,NEU,0.2062353491783142,0.0015912487870082,0.033025000244379,0.0011690858518704,0.0295968223363161,0.0100303944200277,0.0029965860303491,0.30452284,Papile,Roblox,GANHE PETS GRÁTIS NO ADOPT ME TRUQUES DO ROBLOX [dujKPs-fw_I],,GZ,GZ,GZ,"🎬 Canal: Papile | 🎥 Vídeo: GANHE PETS GRÁTIS NO ADOPT ME TRUQUES DO ROBLOX [dujKPs-fw_I]
⏱️ Segmento/Index: 9
🤖 Consenso de IA: GZ (Detoxify: 0.206 | Perspective: 0.305)
──────────────────────────────────────────────────
Fala transcrita:
""Ok! Vamos então! Uh... Surpresa de pet! Escolha o pet Mega Neon que você quiser! Eu quero uma girafa! Então eu cliquei em clan! E parece que eu já ganhei a girafa! Ah! Eu tenho que ir até o outro lado pra conseguir o pet! Um, dois, três, quatro, cinco, seis, sete, oito... E eu cheguei até o final! E pronto! Uh... Tá pedindo pra eu colocar a minha senha do Roblox aqui! Que eu não vou fazer isso de jeito nenhum, pessoal! Tá na cara que é uma enganação? Se eu colocar a minha senha aqui, a minha conta vai ser hackeada!""",Avaliador_C,Avaliador_D
11,"E agora, cara, morreu todo mundo, olha só, ficou eu e tu que nem antes, e agora, e agora? Oxe, mas relaxa, pô, tu não lembra não de todas as vezes que a gente deu buia, não, pô? Nós éramos bom, pô! Nós era? Nós era? Nós somos bons! Pois é, pois é, isso aí mesmo, pô, nós é imparável, incansável, tá ligado? Imbatível, indestrutível! É o cara da luva de prender o melhor do mundo, graças a Deus, pai! Tá com medo do quê? Pois é, somos imparáveis, pô, imbatíveis! Vai ter medo de quê? Tu já viu o trem tremer, rapaz? Trem no trem minuca! Eita, mulher, lá vem um esquadrinho todo ali! E agora o que é que nós vamos fazer? Nossos fotos! Não, pera, pera, você vai pensar, viu? Se tudo é isso, nós já vamos quebrar os caras, tá? Pronto, já sei, vamos se fingir de morto, pô, tá ligado? Os caras, como é que os caras vão matar quem já tá morto, pô? Oxe! Muito esperto, vai, vai, vai! Olha aí, o que é que tu acha da minha imitação? O que é que tu acha? Ficou boa? Não, não, não, fica mais exagerado, pô, bota a mão no peito, tá ligado?",0.1693738251924514,0.7343835830688477,0.0962426215410232,NEU,0.5613572001457214,0.0026044335681945,0.0235148724168539,0.0009355609654448,0.0245332084596157,0.0889733657240867,0.0709877088665962,0.2820025,meu nome é david,Roblox,FREE FIRE BATTLEGROUNDS NA VIDA REAL 14 [q3jlbXreTt4],,GZ,GZ,GZ,"🎬 Canal: meu nome é david | 🎥 Vídeo: FREE FIRE BATTLEGROUNDS NA VIDA REAL 14 [q3jlbXreTt4]
⏱️ Segmento/Index: 11
🤖 Consenso de IA: GZ (Detoxify: 0.561 | Perspective: 0.282)
──────────────────────────────────────────────────
Fala transcrita:
""E agora, cara, morreu todo mundo, olha só, ficou eu e tu que nem antes, e agora, e agora? Oxe, mas relaxa, pô, tu não lembra não de todas as vezes que a gente deu buia, não, pô? Nós éramos bom, pô! Nós era? Nós era? Nós somos bons! Pois é, pois é, isso aí mesmo, pô, nós é imparável, incansável, tá ligado? Imbatível, indestrutível! É o cara da luva de prender o melhor do mundo, graças a Deus, pai! Tá com medo do quê? Pois é, somos imparáveis, pô, imbatíveis! Vai ter medo de quê? Tu já viu o trem tremer, rapaz? Trem no trem minuca! Eita, mulher, lá vem um esquadrinho todo ali! E agora o que é que nós vamos fazer? Nossos fotos! Não, pera, pera, você vai pensar, viu? Se tudo é isso, nós já vamos quebrar os caras, tá? Pronto, já sei, vamos se fingir de morto, pô, tá ligado? Os caras, como é que os caras vão matar quem já tá morto, pô? Oxe! Muito esperto, vai, vai, vai! Olha aí, o que é que tu acha da minha imitação? O que é que tu acha? Ficou boa? Não, não, não, fica mais exagerado, pô, bota a mão no peito, tá ligado?""",Avaliador_C,Avaliador_D
21,Tem algo diferente para a gente resolver primeiro. Tem que descobrir o que que é. Ali ó. Vocês estão vendo ali pessoal o negócio ali ó. Tá mais baixo né. Aqui ele talvez dê certo. Cara não vai capotar o negócio. Aqui ó. Isso aqui tá muito fácil. Calma passou passou. Voltou. Assim tá bom né. Tá bom né. Tá bom. Ó tô girando. Não eu grudei no balde eu acho. Isso isso. Dá licença cara. Isso o que eu consegui galera. Não era para girar não era só para quebrar mesmo. Agora eu imagino que isso aqui vai alagar e eu vou poder pegar o próximo. Isso boa. Inclusive a gente pode sair daqui agora não pode não.,0.2411007434129715,0.6262713074684143,0.1326279491186142,NEU,0.0040291510522365,0.000471834820928,0.0061755231581628,0.0002640049206092,0.0031412558164447,0.0006945195491425,0.0006586104864254,0.13214645,Tex HS,Roblox,FINAL a GANGUE PEIXE vai deixar saudades I am Fish  Parte 5 [eA3bewHYFF0],,NT,NT,NT,"🎬 Canal: Tex HS | 🎥 Vídeo: FINAL a GANGUE PEIXE vai deixar saudades I am Fish  Parte 5 [eA3bewHYFF0]
⏱️ Segmento/Index: 21
🤖 Consenso de IA: NT (Detoxify: 0.004 | Perspective: 0.132)
──────────────────────────────────────────────────
Fala transcrita:
""Tem algo diferente para a gente resolver primeiro. Tem que descobrir o que que é. Ali ó. Vocês estão vendo ali pessoal o negócio ali ó. Tá mais baixo né. Aqui ele talvez dê certo. Cara não vai capotar o negócio. Aqui ó. Isso aqui tá muito fácil. Calma passou passou. Voltou. Assim tá bom né. Tá bom né. Tá bom. Ó tô girando. Não eu grudei no balde eu acho. Isso isso. Dá licença cara. Isso o que eu consegui galera. Não era para girar não era só para quebrar mesmo. Agora eu imagino que isso aqui vai alagar e eu vou poder pegar o próximo. Isso boa. Inclusive a gente pode sair daqui agora não pode não.""",Avaliador_C,Avaliador_D
10,"a família piga de verdade tá presa e a do mal tá solta nossa, depois de 42 anos de história a peppa não estava comendo comida normal é, pela coloração disso oh não, ela tomou uma comida tóxica e acabou virando a peppa do mal graças a essas pessoas que se transformam que? eu não tô entendendo nada eu não tô entendendo nada gente primeiro eu achei que a peppa era do mal, depois eu vi que ela não era do mal, agora ela é do mal de novo eu não, eu não sei, eu não sei, sabe o que a gente vai ter que fazer?",0.98446387052536,0.0114540439099073,0.0040820017457008,NEG,0.3073272407054901,0.0004886378301307,0.0275598317384719,0.0053275688551366,0.1890068650245666,0.0010113077005371,0.0033145169727504,0.39441586,Papile,Roblox,A VERDADEIRA HISTÓRIA DA PIGGY do ROBLOX CAPÍTULO 1  Vídeo Reagindo [WY2geSdZSiA],,GZ,GZ,GZ,"🎬 Canal: Papile | 🎥 Vídeo: A VERDADEIRA HISTÓRIA DA PIGGY do ROBLOX CAPÍTULO 1  Vídeo Reagindo [WY2geSdZSiA]
⏱️ Segmento/Index: 10
🤖 Consenso de IA: GZ (Detoxify: 0.307 | Perspective: 0.394)
──────────────────────────────────────────────────
Fala transcrita:
""a família piga de verdade tá presa e a do mal tá solta nossa, depois de 42 anos de história a peppa não estava comendo comida normal é, pela coloração disso oh não, ela tomou uma comida tóxica e acabou virando a peppa do mal graças a essas pessoas que se transformam que? eu não tô entendendo nada eu não tô entendendo nada gente primeiro eu achei que a peppa era do mal, depois eu vi que ela não era do mal, agora ela é do mal de novo eu não, eu não sei, eu não sei, sabe o que a gente vai ter que fazer?""",Avaliador_C,Avaliador_D
0,"Meu Deus, meu senhor, me ajuda, por favor, é na escola",0.2195357978343963,0.7138823866844177,0.0665817782282829,NEU,0.0247047618031501,0.0004559789376799,0.0169927142560482,0.0004531943413894,0.007407883182168,0.0009134323336184,0.0021028916817158,0.019854378,Amy Scarlet,Roblox,Alguém está com esse problema Hahaha [N-Xv2401JJo],,NT,NT,NT,"🎬 Canal: Amy Scarlet | 🎥 Vídeo: Alguém está com esse problema Hahaha [N-Xv2401JJo]
⏱️ Segmento/Index: 0
🤖 Consenso de IA: NT (Detoxify: 0.025 | Perspective: 0.02)
──────────────────────────────────────────────────
Fala transcrita:
""Meu Deus, meu senhor, me ajuda, por favor, é na escola""",Avaliador_C,Avaliador_D
14,"olha olha a mini lima uau pegou a murder uau agora é tu lulu agora é tu gente por favor que seja eu agora agora é tu lulu agora é tu vamos ver se eu vou conseguir ser a heroina? provavelmente não né mas vamos ver quem sabe a murder pega todo mundo rápido e ai a proxima você sera com certeza pode ser que eu queria tanto ser nesse estúdio esse estúdio. Eu também, mas a gente bota de novo dele, tá bom, Luca? Se tiver, né, mames? Vai ter, vai ter, que eu tenho... What to do, what to do, what to do... Cadê xerefe? Cadê tu xerefe? Mames, eu tô fazendo parkour, muito louco aqui. Já viu esse parque? Você tá numa sala de reuniões? Não. Não? Tô fazendo aqui o parkour, mame. Parkour de que, Luca? De doces? O parkour, o par... Ai, eu matei com ela aqui, a morderei com aquele manequim, sabe, aquele que tem um corpo de manequim? Ah, sei, sei, um corpo de manequim. Olha, pegaram, pegaram, pega-te! Não, mas elas não pegaram não.",0.1239066869020462,0.6565345525741577,0.2195587009191513,NEU,0.8759885430335999,0.0037166271358728,0.039922472089529,0.0017631287919357,0.2209592014551162,0.1329052597284317,0.0048650251701474,0.4475325,Luluca Games,Roblox,Roblox - UMA BRUXA MUITO ATRAPALHADA NO MURDER Murder Mystery 2  Luluca Games [kuhvlShcXxE],0.1239067837595939,T,T,T,"🎬 Canal: Luluca Games | 🎥 Vídeo: Roblox - UMA BRUXA MUITO ATRAPALHADA NO MURDER Murder Mystery 2  Luluca Games [kuhvlShcXxE]
⏱️ Segmento/Index: 14
🤖 Consenso de IA: T (Detoxify: 0.876 | Perspective: 0.448)
──────────────────────────────────────────────────
Fala transcrita:
""olha olha a mini lima uau pegou a murder uau agora é tu lulu agora é tu gente por favor que seja eu agora agora é tu lulu agora é tu vamos ver se eu vou conseguir ser a heroina? provavelmente não né mas vamos ver quem sabe a murder pega todo mundo rápido e ai a proxima você sera com certeza pode ser que eu queria tanto ser nesse estúdio esse estúdio. Eu também, mas a gente bota de novo dele, tá bom, Luca? Se tiver, né, mames? Vai ter, vai ter, que eu tenho... What to do, what to do, what to do... Cadê xerefe? Cadê tu xerefe? Mames, eu tô fazendo parkour, muito louco aqui. Já viu esse parque? Você tá numa sala de reuniões? Não. Não? Tô fazendo aqui o parkour, mame. Parkour de que, Luca? De doces? O parkour, o par... Ai, eu matei com ela aqui, a morderei com aquele manequim, sabe, aquele que tem um corpo de manequim? Ah, sei, sei, um corpo de manequim. Olha, pegaram, pegaram, pega-te! Não, mas elas não pegaram não.""",Avaliador_C,Avaliador_D
0,"Com certeza você já conhece a elytra do Minecraft, mas você já imaginou em fazer uma elytra do Geleia e uma elytra do Vinícius XIII? É exatamente isso que a gente vai fazer hoje! E o melhor, cada elytra vai te dar uma habilidade especial! Mas e agora? O que será que deve acontecer se a gente usar uma elytra do TazerCraft e uma elytra do Jazz Ghost? Fica até o final do vídeo pra descobrir! E antes de começar o vídeo, já deixa o seu like e se inscreva no canal! Aproveitando o sininho pra não perder nenhum vídeo! Falta pouquinho pra gente chegar a 1 milhão de inscritos aqui no canal! Compartilha esse vídeo pra algum amigo seu pra ajudar! Então é isso galera, vamos falar de enrolação e vamos testar essas elytras dos youtubers aqui no Minecraft! Rimaro Black, estamos aqui hoje para testar as elytras customizadas dos youtubers aqui no Minecraft! Elytras dos youtubers, Marcelo? Dois youtubers!",0.0278814379125833,0.8740307688713074,0.0980878472328186,NEU,0.0007329624495469,0.0020979463588446,0.0136828226968646,0.0023688201326876,0.0117554198950529,0.0012009821366518,0.0005496397498063,0.12086493,Marcelodrv,Minecraft,minecraft mas YOUTUBERS são ELYTRAS customizadas [uv27O2_iDT0],,NT,NT,NT,"🎬 Canal: Marcelodrv | 🎥 Vídeo: minecraft mas YOUTUBERS são ELYTRAS customizadas [uv27O2_iDT0]
⏱️ Segmento/Index: 0
🤖 Consenso de IA: NT (Detoxify: 0.001 | Perspective: 0.121)
──────────────────────────────────────────────────
Fala transcrita:
""Com certeza você já conhece a elytra do Minecraft, mas você já imaginou em fazer uma elytra do Geleia e uma elytra do Vinícius XIII? É exatamente isso que a gente vai fazer hoje! E o melhor, cada elytra vai te dar uma habilidade especial! Mas e agora? O que será que deve acontecer se a gente usar uma elytra do TazerCraft e uma elytra do Jazz Ghost? Fica até o final do vídeo pra descobrir! E antes de começar o vídeo, já deixa o seu like e se inscreva no canal! Aproveitando o sininho pra não perder nenhum vídeo! Falta pouquinho pra gente chegar a 1 milhão de inscritos aqui no canal! Compartilha esse vídeo pra algum amigo seu pra ajudar! Então é isso galera, vamos falar de enrolação e vamos testar essas elytras dos youtubers aqui no Minecraft! Rimaro Black, estamos aqui hoje para testar as elytras customizadas dos youtubers aqui no Minecraft! Elytras dos youtubers, Marcelo? Dois youtubers!""",Avaliador_C,Avaliador_D
1,"Naru, opa Opa, tudo bom Cadris? Bom, ô Naru, eu quero te fazer uma pergunta e eu quero que você seja sincero O que é que foi? Você tá me trollando? Quê? Tá me trollando? Você tá vestido assim de um bicho e fica me atentando, colocando placa na minha casa, essas coisas? Bicho? Que bicho, cara? Não sei, porque tipo, eu mal reparei, mas tipo meus inscritos viram e eles falaram pra mim Eu quero saber se você tá fazendo alguma coisa, me conta Maluco, meu irmão, não tô fazendo nada não, cara Tá Olha, ó pra minha cara, vê se eu tenho tempo de ficar trollando alguém Hmm, deixa eu olhar bem É, não tem muita cara não, mas vai saber né, vai saber Mas então Cadris, o que é que é aquilo ali? Você me assustou velho, eu achei que era o bicho Eu quero falar com você sobre aquele bicho Você já viu aquele bicho, velho? Se não é você que tá me trollando, você já viu ele? Pera aí, calma lá Cadris, calma lá Mas que bicho é que você tá falando, velho?",0.392938882112503,0.5590595006942749,0.048001654446125,NEU,0.5639714002609253,0.0038926068227738,0.0403091870248317,0.0050942082889378,0.0618930533528327,0.0025033347774297,0.0109628550708293,0.36095104,Cadres,Minecraft,SE VOCÊ VER ESSE MONSTRO NO MINECRAFT 1.18 CORRA IMEDIATAMENTE - 4 BlockTeam [yHhR315304w],,GZ,GZ,GZ,"🎬 Canal: Cadres | 🎥 Vídeo: SE VOCÊ VER ESSE MONSTRO NO MINECRAFT 1.18 CORRA IMEDIATAMENTE - 4 BlockTeam [yHhR315304w]
⏱️ Segmento/Index: 1
🤖 Consenso de IA: GZ (Detoxify: 0.564 | Perspective: 0.361)
──────────────────────────────────────────────────
Fala transcrita:
""Naru, opa Opa, tudo bom Cadris? Bom, ô Naru, eu quero te fazer uma pergunta e eu quero que você seja sincero O que é que foi? Você tá me trollando? Quê? Tá me trollando? Você tá vestido assim de um bicho e fica me atentando, colocando placa na minha casa, essas coisas? Bicho? Que bicho, cara? Não sei, porque tipo, eu mal reparei, mas tipo meus inscritos viram e eles falaram pra mim Eu quero saber se você tá fazendo alguma coisa, me conta Maluco, meu irmão, não tô fazendo nada não, cara Tá Olha, ó pra minha cara, vê se eu tenho tempo de ficar trollando alguém Hmm, deixa eu olhar bem É, não tem muita cara não, mas vai saber né, vai saber Mas então Cadris, o que é que é aquilo ali? Você me assustou velho, eu achei que era o bicho Eu quero falar com você sobre aquele bicho Você já viu aquele bicho, velho? Se não é você que tá me trollando, você já viu ele? Pera aí, calma lá Cadris, calma lá Mas que bicho é que você tá falando, velho?""",Avaliador_C,Avaliador_D
9,continuando com essa série então mano se gostou deixa o like e se inscreve no canal de notificações e segue no instagram até o próximo vídeo e tchau tchau,0.0482078418135643,0.813579261302948,0.138212963938713,NEU,0.002757609123364,0.0019501035567373,0.0236092787235975,0.0026096461806446,0.0178682748228311,0.0011045208666473,0.001166415750049,0.15490346,Geleia,Minecraft,Sobrevivendo em APENAS UM CHUNCK no Minecraft [VwwBTO42d_E],,NT,NT,NT,"🎬 Canal: Geleia | 🎥 Vídeo: Sobrevivendo em APENAS UM CHUNCK no Minecraft [VwwBTO42d_E]
⏱️ Segmento/Index: 9
🤖 Consenso de IA: NT (Detoxify: 0.003 | Perspective: 0.155)
──────────────────────────────────────────────────
Fala transcrita:
""continuando com essa série então mano se gostou deixa o like e se inscreve no canal de notificações e segue no instagram até o próximo vídeo e tchau tchau""",Avaliador_C,Avaliador_D
0,"a cada minuto que passa o Minecraft fica mais assustador e o meu objetivo vai ser conseguir um diamante e a primeira coisa que eu vou pegar vai ser madeira para conseguir cra... AI! QUE ISSO?! APARECEU UM PALHAÇO ASSASSINO AQUI ATRÁS DE MIM COM 3 CABEÇAS AI! FOGE DELE! e... ele sumiu? AI! MAS AQUI UM MINUTO VAI APARECER OUTRO preciso achar esse diamante logo ai, será que nessa caverna eu encontro algum diamante? tem uma placa aqui, e... espelho mágico será que se eu pedir pra esse espelho ele me dá um diamante? AI! QUE ISSO?! É UM ESPELHO ASSUSTADOR ISSO DAÍ! ah, quer saber? Eu cansei eu vou tentar achar um diamante nessa vila e olha, tem um villager aqui, será que ele não troca nada por diamantes? ah, eu vou falar com ele AH! QUE ISSO?! ESSE VILLAGER AQUI É DO TERROR! ah, eu não quero mais ficar nesse mundo EU VOU EMBORA! NU",0.4672593772411346,0.4706833958625793,0.0620572231709957,NEU,0.8845015168190002,0.0067210597917437,0.0794950425624847,0.0036416486836969,0.057132963091135,0.0302670765668153,0.0122494595125317,0.568186,Cadres,Minecraft,A CADA MINUTO FICA MAIS ASSUSTADOR minecraft shorts [PaYlFjR5Oeg],,T,T,T,"🎬 Canal: Cadres | 🎥 Vídeo: A CADA MINUTO FICA MAIS ASSUSTADOR minecraft shorts [PaYlFjR5Oeg]
⏱️ Segmento/Index: 0
🤖 Consenso de IA: T (Detoxify: 0.885 | Perspective: 0.568)
──────────────────────────────────────────────────
Fala transcrita:
""a cada minuto que passa o Minecraft fica mais assustador e o meu objetivo vai ser conseguir um diamante e a primeira coisa que eu vou pegar vai ser madeira para conseguir cra... AI! QUE ISSO?! APARECEU UM PALHAÇO ASSASSINO AQUI ATRÁS DE MIM COM 3 CABEÇAS AI! FOGE DELE! e... ele sumiu? AI! MAS AQUI UM MINUTO VAI APARECER OUTRO preciso achar esse diamante logo ai, será que nessa caverna eu encontro algum diamante? tem uma placa aqui, e... espelho mágico será que se eu pedir pra esse espelho ele me dá um diamante? AI! QUE ISSO?! É UM ESPELHO ASSUSTADOR ISSO DAÍ! ah, quer saber? Eu cansei eu vou tentar achar um diamante nessa vila e olha, tem um villager aqui, será que ele não troca nada por diamantes? ah, eu vou falar com ele AH! QUE ISSO?! ESSE VILLAGER AQUI É DO TERROR! ah, eu não quero mais ficar nesse mundo EU VOU EMBORA! NU""",Avaliador_C,Avaliador_D
3,"E Beto, eu já encontrei uma estrutura subterrânea deixada pelo Herobrine, é como se fosse o templo desse fantasma, inclusive acho bom a gente dar uma olhada pra ver se continua da mesma maneira que eu encontrei. Nossa, vou matar essa vaca de olhos brancos. Cara, sempre aparece isso e essa lava fica aqui, isso é bizarro. Essa lava é estranha porque a gente não toma dano, mas foi aqui, tinha uma casa abandonada nesse lugar. Eu quebrei a casa e encontrei uma estrutura deixada pelo fantasma, eu tô sem picareta, você tem aí? Olha, comigo eu também não tenho, pera, eu vou fazer uma rápida aqui, Robin, pera aí. Já faz uma picareta aí, Beto, porque a gente quebra e opa, os blocos ficaram invisíveis, e quando isso acontece eu consigo ver, eu consigo ver a estrutura aqui embaixo. E aí, mas o que você tá vendo? Parece que tá tudo normal, do jeito que eu encontrei. Olha Robin, eu peguei três pedras, fica com a de madeira aí, mas eu vou fazer a picareta de pedra já.",0.4205792844295501,0.447289764881134,0.132130965590477,NEU,0.235862910747528,0.0015353916678577,0.0041196192614734,0.0112335281446576,0.0479509830474853,0.0273687653243541,0.0014550933847203,0.31686464,Robin Hood Gamer,Minecraft,DESENTERREI OS ANIMATRONICS DO HEROBRINE - Minecraft Herobrine 36 [afPH6Sxzcog],,GZ,GZ,GZ,"🎬 Canal: Robin Hood Gamer | 🎥 Vídeo: DESENTERREI OS ANIMATRONICS DO HEROBRINE - Minecraft Herobrine 36 [afPH6Sxzcog]
⏱️ Segmento/Index: 3
🤖 Consenso de IA: GZ (Detoxify: 0.236 | Perspective: 0.317)
──────────────────────────────────────────────────
Fala transcrita:
""E Beto, eu já encontrei uma estrutura subterrânea deixada pelo Herobrine, é como se fosse o templo desse fantasma, inclusive acho bom a gente dar uma olhada pra ver se continua da mesma maneira que eu encontrei. Nossa, vou matar essa vaca de olhos brancos. Cara, sempre aparece isso e essa lava fica aqui, isso é bizarro. Essa lava é estranha porque a gente não toma dano, mas foi aqui, tinha uma casa abandonada nesse lugar. Eu quebrei a casa e encontrei uma estrutura deixada pelo fantasma, eu tô sem picareta, você tem aí? Olha, comigo eu também não tenho, pera, eu vou fazer uma rápida aqui, Robin, pera aí. Já faz uma picareta aí, Beto, porque a gente quebra e opa, os blocos ficaram invisíveis, e quando isso acontece eu consigo ver, eu consigo ver a estrutura aqui embaixo. E aí, mas o que você tá vendo? Parece que tá tudo normal, do jeito que eu encontrei. Olha Robin, eu peguei três pedras, fica com a de madeira aí, mas eu vou fazer a picareta de pedra já.""",Avaliador_C,Avaliador_D
7,"Vou pegar minhas batatas aqui, ó. E o que mais que eu tenho? O meu mapa, pelo menos ficou ali, né. Minha batata, minha espadinha de diamante. Vivo que vou, na cara e na coragem. Vamos subir e enfrentar esse amigão. Apareceu até um zumbi aqui, galera. Do nada. Vai fora, meu querido. Tô nervoso, hein. Já vou avisando. Pra falar a verdade, eu tava com esperança de conseguir um pouco do meu loot ainda, cara. Vai que eu consigo, né. Porque se eu voltar rapidinho, pode ser que ainda tenha um pouco de loot ali, ó. Cadê o bonitão? Vem. Cadê você aí, cara? Ah, ele tá lá em cima, ó. Oh, meu. O machadinho tá ali. Dá uns bloquinhos, cara. Acho que agora vai dar bom. Vem, vem, vem. Oh, meu loot tá aqui, ó. Tô na, tô na, tô na. Qual que eu tenho que bater aqui? Eu nem sei o que eu tenho que bater, cara. Vem. Eu não sei qual que eu tenho que bater. Esse aqui, ó. Isso. Morreu. Ah, ele perdeu o escudo dele agora. Beleza. Menos mal. Calma, calma. Eu não sei por onde ele teleportou. Ai, zumbizinho.",0.2712148129940033,0.6049714088439941,0.1238137781620025,NEU,0.5569207072257996,0.0034663658589124,0.0504736900329589,0.0034271017648279,0.098781332373619,0.0216149613261222,0.0192873422056436,0.2854903,Tex HS,Roblox,O REI ZÉ FLECHINHA não me dá paz Minecraft Twilight Forest  Parte 3 [1Wg5-zjwrCE],,GZ,GZ,GZ,"🎬 Canal: Tex HS | 🎥 Vídeo: O REI ZÉ FLECHINHA não me dá paz Minecraft Twilight Forest  Parte 3 [1Wg5-zjwrCE]
⏱️ Segmento/Index: 7
🤖 Consenso de IA: GZ (Detoxify: 0.557 | Perspective: 0.285)
──────────────────────────────────────────────────
Fala transcrita:
""Vou pegar minhas batatas aqui, ó. E o que mais que eu tenho? O meu mapa, pelo menos ficou ali, né. Minha batata, minha espadinha de diamante. Vivo que vou, na cara e na coragem. Vamos subir e enfrentar esse amigão. Apareceu até um zumbi aqui, galera. Do nada. Vai fora, meu querido. Tô nervoso, hein. Já vou avisando. Pra falar a verdade, eu tava com esperança de conseguir um pouco do meu loot ainda, cara. Vai que eu consigo, né. Porque se eu voltar rapidinho, pode ser que ainda tenha um pouco de loot ali, ó. Cadê o bonitão? Vem. Cadê você aí, cara? Ah, ele tá lá em cima, ó. Oh, meu. O machadinho tá ali. Dá uns bloquinhos, cara. Acho que agora vai dar bom. Vem, vem, vem. Oh, meu loot tá aqui, ó. Tô na, tô na, tô na. Qual que eu tenho que bater aqui? Eu nem sei o que eu tenho que bater, cara. Vem. Eu não sei qual que eu tenho que bater. Esse aqui, ó. Isso. Morreu. Ah, ele perdeu o escudo dele agora. Beleza. Menos mal. Calma, calma. Eu não sei por onde ele teleportou. Ai, zumbizinho.""",Avaliador_C,Avaliador_D
1,"Eduardo, eu acabei de fazer uma espada de madeira. Olha como ela é. Marcelo, isso é um papelão. É um espada de madeira. Mano, isso aqui é tão feio que a espada de madeira parece um papelão mesmo. Você tem razão, Eduardo. Mas vamos ver se tá machucando. Ai, ai, ai, tá machucando. Para, para, para! Tem que testar, Eduardo. Se eu não testar... Tá machucando, para! Mas se eu não testar, Eduardo, se eu não testar, eu não vou saber se é uma espada. Porque não fala o nome aqui, né garota? Aqui, aqui... É, galera, a espada tá funcionando. Realmente é uma espada de madeira. Marcelo, olha essa galinha. Mano, ela não tem cara! Tadinha... Tadinha... Deixa eu matar ela, que eu acho que ela vai XP. Deu XP? Me deu, me deu, me deu! Tá com um de XP já? Beleza, vamos matar alguns animais pra gente ganhar alguns XPs aqui, né? Oi, Eduardo! Conseguiu um XP? Conseguiu! Isso quer dizer que o Minecraft ficou normal. Nossa, eu pensei que ele ia ficar bonito já. Graças a Deus... Mas pelo menos...",0.597797155380249,0.3638018071651459,0.0384010821580886,NEG,0.5082145929336548,0.0053662909194827,0.0370769128203392,0.0018338164081797,0.0521625503897666,0.0482946075499057,0.0069346376694738,0.28548008,Marcelodrv,Minecraft,Minecraft fica MAIS REALISTA a cada NÍVEL de XP [w-UJbf22Ep4],,GZ,GZ,GZ,"🎬 Canal: Marcelodrv | 🎥 Vídeo: Minecraft fica MAIS REALISTA a cada NÍVEL de XP [w-UJbf22Ep4]
⏱️ Segmento/Index: 1
🤖 Consenso de IA: GZ (Detoxify: 0.508 | Perspective: 0.285)
──────────────────────────────────────────────────
Fala transcrita:
""Eduardo, eu acabei de fazer uma espada de madeira. Olha como ela é. Marcelo, isso é um papelão. É um espada de madeira. Mano, isso aqui é tão feio que a espada de madeira parece um papelão mesmo. Você tem razão, Eduardo. Mas vamos ver se tá machucando. Ai, ai, ai, tá machucando. Para, para, para! Tem que testar, Eduardo. Se eu não testar... Tá machucando, para! Mas se eu não testar, Eduardo, se eu não testar, eu não vou saber se é uma espada. Porque não fala o nome aqui, né garota? Aqui, aqui... É, galera, a espada tá funcionando. Realmente é uma espada de madeira. Marcelo, olha essa galinha. Mano, ela não tem cara! Tadinha... Tadinha... Deixa eu matar ela, que eu acho que ela vai XP. Deu XP? Me deu, me deu, me deu! Tá com um de XP já? Beleza, vamos matar alguns animais pra gente ganhar alguns XPs aqui, né? Oi, Eduardo! Conseguiu um XP? Conseguiu! Isso quer dizer que o Minecraft ficou normal. Nossa, eu pensei que ele ia ficar bonito já. Graças a Deus... Mas pelo menos...""",Avaliador_C,Avaliador_D
6,"Opa, que eu não estou conseguindo ir embora! Eu quero ir embora! Ei! Eu quero ir embora! Fui! Fui embora! Não fui! Ai, está difícil! Vou dar reset! Vou dar reset porque eu estou tão ansiosa que eu não estou conseguindo! Tudo bem, lá vamos nós agora! Subir muitas e muitas escadas! Mas agora é por um motivo que vale muito a pena! Tudo bem, lá vamos nós então! Fazer isso, subir muitas e muitas escadas é difícil, mas não é impossível! Nós chegamos na última! E lá vamos nós para o caminho da felicidade! Chegamos aqui e eu consegui entrar! Eu sou o George Pig Robô! Eu nem acredito nisso! Eu consegui que conquista gigante!",0.1016174778342247,0.6670622229576111,0.2313202917575836,NEU,0.0725863575935363,0.0031641104724258,0.0404514707624912,0.003036978887394,0.0267064198851585,0.0020956406369805,0.0021069289650768,0.16331999,Papile,Roblox,DESCOBRI O SEGREDO DE PIGGY NOVO GEORGE PIGGY ROBÔ ROBLOX [IVbsXTa0YuI],,NT,NT,NT,"🎬 Canal: Papile | 🎥 Vídeo: DESCOBRI O SEGREDO DE PIGGY NOVO GEORGE PIGGY ROBÔ ROBLOX [IVbsXTa0YuI]
⏱️ Segmento/Index: 6
🤖 Consenso de IA: NT (Detoxify: 0.073 | Perspective: 0.163)
──────────────────────────────────────────────────
Fala transcrita:
""Opa, que eu não estou conseguindo ir embora! Eu quero ir embora! Ei! Eu quero ir embora! Fui! Fui embora! Não fui! Ai, está difícil! Vou dar reset! Vou dar reset porque eu estou tão ansiosa que eu não estou conseguindo! Tudo bem, lá vamos nós agora! Subir muitas e muitas escadas! Mas agora é por um motivo que vale muito a pena! Tudo bem, lá vamos nós então! Fazer isso, subir muitas e muitas escadas é difícil, mas não é impossível! Nós chegamos na última! E lá vamos nós para o caminho da felicidade! Chegamos aqui e eu consegui entrar! Eu sou o George Pig Robô! Eu nem acredito nisso! Eu consegui que conquista gigante!""",Avaliador_C,Avaliador_D
12,"Nunca vi, eu to vendo agora Nossa, na verdade eu nunca vi uma abóbora que tem osso dentro né Mami pra começar Verdade eu acho que é osso de gente Tchau Tchau que eu to saindo daqui E a abóbora comeu Mami pessoa Ah mas eu acho que a gente já saiu dela Eu acho que era pra ser o contrário A gente comer a abóbora, não a abóbora comer a pessoa Cuidado Malu, as madeiras quebram Ai ainda bem que você falou Essa madeira ta com uma cara de quebra mesmo hein Mami Ui ui ui Tem que tomar muito cuidado Tem uma mãozinha que empurra Uma mãozinha sai dali, vamos esperar ela sair Saiu, corre, corre Ui, ui, ui, ui, ui, ui Cheguei menina Ela é um palhaço Malu Ela é um palhaço Ela é um palhaço Luluca Ela é um palhaço do mal Ai carinha barulho Por que tu é que roda? Pois é, até a cabeça roda Ai meu Deus, tem uma mãozinha que sai daqui também Mami Ah não, eu já não passasse as barinhas Que são super complicadas Mas ela demora um pouco pra aparecer Mami Então toma cuidado que você consegue Ai Mami, a mãozinha apareceu na minha tela Apareceu pra você também? Apareceu Passando o portal do nether do Minecraft Tá bom, conseguimos sair A saída Vamos sair daqui Gente, ele tá com um bauzinho cheio de doce Lula Um bauzinho? É um baldezinho É, é o cabelão Como é que é um bauzinho?",0.6466040015220642,0.2777280211448669,0.0756679624319076,NEG,0.6633110046386719,0.0124923875555396,0.0573469251394271,0.0080809043720364,0.0504607483744621,0.0036595040000975,0.0141515890136361,0.2648175,Luluca Games,Roblox,Roblox - FUI EM UMA FESTA MUITO ASSUSTADORA DE HALLOWEEN Haunted House Onny  Luluca Games [3CX_oeNSpZ0],0.6466041207313538,GZ,GZ,GZ,"🎬 Canal: Luluca Games | 🎥 Vídeo: Roblox - FUI EM UMA FESTA MUITO ASSUSTADORA DE HALLOWEEN Haunted House Onny  Luluca Games [3CX_oeNSpZ0]
⏱️ Segmento/Index: 12
🤖 Consenso de IA: GZ (Detoxify: 0.663 | Perspective: 0.265)
──────────────────────────────────────────────────
Fala transcrita:
""Nunca vi, eu to vendo agora Nossa, na verdade eu nunca vi uma abóbora que tem osso dentro né Mami pra começar Verdade eu acho que é osso de gente Tchau Tchau que eu to saindo daqui E a abóbora comeu Mami pessoa Ah mas eu acho que a gente já saiu dela Eu acho que era pra ser o contrário A gente comer a abóbora, não a abóbora comer a pessoa Cuidado Malu, as madeiras quebram Ai ainda bem que você falou Essa madeira ta com uma cara de quebra mesmo hein Mami Ui ui ui Tem que tomar muito cuidado Tem uma mãozinha que empurra Uma mãozinha sai dali, vamos esperar ela sair Saiu, corre, corre Ui, ui, ui, ui, ui, ui Cheguei menina Ela é um palhaço Malu Ela é um palhaço Ela é um palhaço Luluca Ela é um palhaço do mal Ai carinha barulho Por que tu é que roda? Pois é, até a cabeça roda Ai meu Deus, tem uma mãozinha que sai daqui também Mami Ah não, eu já não passasse as barinhas Que são super complicadas Mas ela demora um pouco pra aparecer Mami Então toma cuidado que você consegue Ai Mami, a mãozinha apareceu na minha tela Apareceu pra você também? Apareceu Passando o portal do nether do Minecraft Tá bom, conseguimos sair A saída Vamos sair daqui Gente, ele tá com um bauzinho cheio de doce Lula Um bauzinho? É um baldezinho É, é o cabelão Como é que é um bauzinho?""",Avaliador_C,Avaliador_D
7,"Ai, ele chuta! Agora foi, mami! Eu dei uma cabeçada assim, ó! Assim, ó, mami! Assim, ó! Nossa, se fosse um vidro, hein, Lulu? Ai, mami, abaixem! Pô, dá outra ventilação, Lulu! Como é isso? É uma lojinha de brinquedos tamanho miniatura! Eu não sei nem saber, não, Lulu! Cadê esse desfile? Eu tô com medo, tô com medo! Vou entrar de novo na ventilação! Opa! Apressione o botão vermelho! Tu, Luca! Oi? A cara dele tá ali! A cara de quê? A cara daquele brinquedo nosso! Ai, eu quero ver não, mami! Meu Deus! Não! Porque eu tô muito nervosa! Vamos só tentar fugir daqui, né, mami? O máximo que a gente... o mais rápido que a gente conseguir! Eita, pera aí, mami! Eu não era pra apertar o botão? Sim! É! Acho que era melhor não ter apertado, né, mami? Ele mexe a cabeça! Mami, agora! Ele entrou! Corre, gente! Ele entrou, Luca! Mami, eu não sei! Mami, a única coisa que eu sei é entrar correndo! Não, eu tô com muita dor de medo!",0.9138218760490416,0.071416288614273,0.014761809259653,NEG,0.3992324471473694,0.0019973039161413,0.0644574239850044,0.0008766075479798,0.0234847627580165,0.0519977584481239,0.0118240909650921,0.3234372,Luluca Games,Roblox,Roblox - GANHEI UM BONECO ESTRANHO e ASSUSTADOR Scary Doll Curse  Luluca Games [96CAUf705gA],0.9138218760490416,GZ,GZ,GZ,"🎬 Canal: Luluca Games | 🎥 Vídeo: Roblox - GANHEI UM BONECO ESTRANHO e ASSUSTADOR Scary Doll Curse  Luluca Games [96CAUf705gA]
⏱️ Segmento/Index: 7
🤖 Consenso de IA: GZ (Detoxify: 0.399 | Perspective: 0.323)
──────────────────────────────────────────────────
Fala transcrita:
""Ai, ele chuta! Agora foi, mami! Eu dei uma cabeçada assim, ó! Assim, ó, mami! Assim, ó! Nossa, se fosse um vidro, hein, Lulu? Ai, mami, abaixem! Pô, dá outra ventilação, Lulu! Como é isso? É uma lojinha de brinquedos tamanho miniatura! Eu não sei nem saber, não, Lulu! Cadê esse desfile? Eu tô com medo, tô com medo! Vou entrar de novo na ventilação! Opa! Apressione o botão vermelho! Tu, Luca! Oi? A cara dele tá ali! A cara de quê? A cara daquele brinquedo nosso! Ai, eu quero ver não, mami! Meu Deus! Não! Porque eu tô muito nervosa! Vamos só tentar fugir daqui, né, mami? O máximo que a gente... o mais rápido que a gente conseguir! Eita, pera aí, mami! Eu não era pra apertar o botão? Sim! É! Acho que era melhor não ter apertado, né, mami? Ele mexe a cabeça! Mami, agora! Ele entrou! Corre, gente! Ele entrou, Luca! Mami, eu não sei! Mami, a única coisa que eu sei é entrar correndo! Não, eu tô com muita dor de medo!""",Avaliador_C,Avaliador_D
2,"Eu vou conferir isso agora mesmo! Eu só preciso acessar a câmera aqui no tablet. Parece que tava tudo normal na minha casa. Nada de estranho nessa gravação aqui. Pera! Olha só! O ladrão! Realmente! Ele foi capturado nas câmeras! E esse ladrão, ele é... Ele é o McFly! Olha só, ele roubando meus diamantes! Calma que a câmera tá um pouco bugada! Mas eu tô filmando tudo! Ele roubou até o diamante da moldura! E tá indo embora! Nossa! Eu consegui descobrir tudo! Quer dizer então que o McFly é o ladrão dos meus diamantes! E ele é muito Zé Mané de não ter percebido que tem uma câmera de segurança bem aqui! Eu acho que já tem um plano pra recuperar os meus diamantes! Vou cavar um túnel até a casa do McFly! Eu espero que isso dê certo! Tem um longo trabalho pela frente! Muitos blocos vão ter que ser quebrados!",0.371887594461441,0.5650120377540588,0.0631003454327583,NEU,0.2287372350692749,0.0007011650595813,0.0106530934572219,0.0003962566552218,0.0483245775103569,0.0329357683658599,0.0008526763413101,0.3666224,JP Plays,Minecraft,24 Horas ESCONDIDO EMBAIXO da CASA do Meu Amigo [h2QGNptxGOk],,GZ,GZ,GZ,"🎬 Canal: JP Plays | 🎥 Vídeo: 24 Horas ESCONDIDO EMBAIXO da CASA do Meu Amigo [h2QGNptxGOk]
⏱️ Segmento/Index: 2
🤖 Consenso de IA: GZ (Detoxify: 0.229 | Perspective: 0.367)
──────────────────────────────────────────────────
Fala transcrita:
""Eu vou conferir isso agora mesmo! Eu só preciso acessar a câmera aqui no tablet. Parece que tava tudo normal na minha casa. Nada de estranho nessa gravação aqui. Pera! Olha só! O ladrão! Realmente! Ele foi capturado nas câmeras! E esse ladrão, ele é... Ele é o McFly! Olha só, ele roubando meus diamantes! Calma que a câmera tá um pouco bugada! Mas eu tô filmando tudo! Ele roubou até o diamante da moldura! E tá indo embora! Nossa! Eu consegui descobrir tudo! Quer dizer então que o McFly é o ladrão dos meus diamantes! E ele é muito Zé Mané de não ter percebido que tem uma câmera de segurança bem aqui! Eu acho que já tem um plano pra recuperar os meus diamantes! Vou cavar um túnel até a casa do McFly! Eu espero que isso dê certo! Tem um longo trabalho pela frente! Muitos blocos vão ter que ser quebrados!""",Avaliador_C,Avaliador_D
6,"Olha ali, eles estão passando por cima daquelas placas de pressão E aí toda vez que algum passa numa placa de pressão a gente ganha velocidade Vamos tentar pular agora nessa ilha, essa ilha aqui do lado Olha aqui, Bala, tem um slime aqui desse lado Eu vou tentar pular nele Ai, não deu, mas eu cheguei na ilha Dá, deixa eu tentar Pode vir também, vai Boa Aí, agora a gente vem nesses blocos que estão flutuando e tenta pular em cima da corrente Olha só, eu já tô em cima de uma corrente Nossa, que equilíbrio Agora vou me equilibrar em outra Boa Vem, vem Bala Ae E agora o último bloco, aquele ali Ai, eu caí Mais uma vez eu ganhei efeito de super velocidade E eles estão jogando os outros inimigos na lava A gente nem precisa fazer nada, Bala Eu só esperar eles se jogarem na lava Ai, agora eles me jogaram na lava, Bala, eles me jogaram na lava Agora quem vai jogar vocês na lava, só eu Joguei, joguei eles E tem esse inimigo também Vai, vai pra lava Seu moço Ai, ai, ai Minha vida tá muito baixa Eu morri Não pise nessa placa Não pise nessa placa, senão eu vou ganhar velocidade Eu ganhei velocidade Bala, a gente tem duas opções O que, o que? Hoje a gente derrota os inimigos, hoje a gente ganha velocidade e passa reto por eles e pega a bandeira Vamos passar reto, papai Vamos 3, 2, 1 e já Lava é o...",0.0544651113450527,0.6698663830757141,0.2756685316562652,NEU,0.0905753821134567,0.0067851739004254,0.0381436981260776,0.0031914771534502,0.0333501659333705,0.0125751579180359,0.0038810921832919,0.14429577,Athos,Minecraft,A Cada XP eu viro um JOGO no Minecraft [HiShNlWkD5E],,NT,NT,NT,"🎬 Canal: Athos | 🎥 Vídeo: A Cada XP eu viro um JOGO no Minecraft [HiShNlWkD5E]
⏱️ Segmento/Index: 6
🤖 Consenso de IA: NT (Detoxify: 0.091 | Perspective: 0.144)
──────────────────────────────────────────────────
Fala transcrita:
""Olha ali, eles estão passando por cima daquelas placas de pressão E aí toda vez que algum passa numa placa de pressão a gente ganha velocidade Vamos tentar pular agora nessa ilha, essa ilha aqui do lado Olha aqui, Bala, tem um slime aqui desse lado Eu vou tentar pular nele Ai, não deu, mas eu cheguei na ilha Dá, deixa eu tentar Pode vir também, vai Boa Aí, agora a gente vem nesses blocos que estão flutuando e tenta pular em cima da corrente Olha só, eu já tô em cima de uma corrente Nossa, que equilíbrio Agora vou me equilibrar em outra Boa Vem, vem Bala Ae E agora o último bloco, aquele ali Ai, eu caí Mais uma vez eu ganhei efeito de super velocidade E eles estão jogando os outros inimigos na lava A gente nem precisa fazer nada, Bala Eu só esperar eles se jogarem na lava Ai, agora eles me jogaram na lava, Bala, eles me jogaram na lava Agora quem vai jogar vocês na lava, só eu Joguei, joguei eles E tem esse inimigo também Vai, vai pra lava Seu moço Ai, ai, ai Minha vida tá muito baixa Eu morri Não pise nessa placa Não pise nessa placa, senão eu vou ganhar velocidade Eu ganhei velocidade Bala, a gente tem duas opções O que, o que? Hoje a gente derrota os inimigos, hoje a gente ganha velocidade e passa reto por eles e pega a bandeira Vamos passar reto, papai Vamos 3, 2, 1 e já Lava é o...""",Avaliador_C,Avaliador_D
9,Não! Eu não tenho medo não! Não! Locks está com o bracinho! Tenho não! Não tenho! Bensim! Então vou ver o filme de terror! Tá bom! Pode ir para o filme de terror! Que barulho é esse? Fantasma! Esconde! Esconde! Eu vou esconder! Eu vou esconder! Não adianta esconder! Coi que tem um fantasma ai gente! Coi! Sou eu Locks! É a Nath! Esse fantasma é a priminha Nath! Exatamente! Eu enganei você! Abre para minha casa! Abre! Não é para me deixar trancado! Deixa ele sair fora! Vai vir ficar parei no frio! Apenas caia com o urso!,0.2482708841562271,0.6241220831871033,0.1276070475578308,NEU,0.5839354991912842,0.0037497521843761,0.0605383403599262,0.0019970424473285,0.0348742231726646,0.0583023279905319,0.0032634963281452,0.29039988,Lokis,Roblox,QUEM FEZ BAGUNÇA  Roblox - Cabin Roleplay [GygqU0Q-_Mg],,GZ,GZ,GZ,"🎬 Canal: Lokis | 🎥 Vídeo: QUEM FEZ BAGUNÇA  Roblox - Cabin Roleplay [GygqU0Q-_Mg]
⏱️ Segmento/Index: 9
🤖 Consenso de IA: GZ (Detoxify: 0.584 | Perspective: 0.29)
──────────────────────────────────────────────────
Fala transcrita:
""Não! Eu não tenho medo não! Não! Locks está com o bracinho! Tenho não! Não tenho! Bensim! Então vou ver o filme de terror! Tá bom! Pode ir para o filme de terror! Que barulho é esse? Fantasma! Esconde! Esconde! Eu vou esconder! Eu vou esconder! Não adianta esconder! Coi que tem um fantasma ai gente! Coi! Sou eu Locks! É a Nath! Esse fantasma é a priminha Nath! Exatamente! Eu enganei você! Abre para minha casa! Abre! Não é para me deixar trancado! Deixa ele sair fora! Vai vir ficar parei no frio! Apenas caia com o urso!""",Avaliador_C,Avaliador_D
0,"Prontinho, postei mais um vídeo, eu estou aqui pra te ver sorrindo Mas não se esqueça de fazer sua parte, tem que se inscrever e deixar o seu like Não se esqueça de usar o código JUPAPILI na loja de robux, apoie o meu canal Hoje eu vou me transformar na pig, e como a pig é uma porquinha e ela é um animalzinho Eu quero que vocês comentem ai embaixo se vocês tem ou não algum animal de estimação Comentem que eu quero muito saber, eu tenho uma cachorrinha e eu também tenho um porquinho da India Olha, contei um segredo aqui pra vocês da minha vida que vocês não sabiam, hein Também não se esqueçam de deixar o like e se inscrever no canal, assim como a música pediu para vocês",0.0318824350833892,0.2821393311023712,0.6859782338142395,POS,0.2209041267633438,0.0033044663723558,0.0444641485810279,0.0049416841939091,0.05492589995265,0.0014147909823805,0.0043540499173104,0.2540519,Papile,Roblox,VIVENDO COMO A PIGGY no ROBLOX Peppa Granny [CjS5pABZ9TI],,GZ,GZ,GZ,"🎬 Canal: Papile | 🎥 Vídeo: VIVENDO COMO A PIGGY no ROBLOX Peppa Granny [CjS5pABZ9TI]
⏱️ Segmento/Index: 0
🤖 Consenso de IA: GZ (Detoxify: 0.221 | Perspective: 0.254)
──────────────────────────────────────────────────
Fala transcrita:
""Prontinho, postei mais um vídeo, eu estou aqui pra te ver sorrindo Mas não se esqueça de fazer sua parte, tem que se inscrever e deixar o seu like Não se esqueça de usar o código JUPAPILI na loja de robux, apoie o meu canal Hoje eu vou me transformar na pig, e como a pig é uma porquinha e ela é um animalzinho Eu quero que vocês comentem ai embaixo se vocês tem ou não algum animal de estimação Comentem que eu quero muito saber, eu tenho uma cachorrinha e eu também tenho um porquinho da India Olha, contei um segredo aqui pra vocês da minha vida que vocês não sabiam, hein Também não se esqueçam de deixar o like e se inscrever no canal, assim como a música pediu para vocês""",Avaliador_C,Avaliador_D
6,"Pelo menos esse outro aqui eu vi que ela não tá perto Sim, vai, vai, vai, liberta ele Meu Deus Que que tá acontecendo Texin Não Texin Não Texin Você não conseguiu Meu Deus, que que eu vou fazer Não Não, o Texin Você não foi mal Foi mal meu amigo Eu perdi o E na frente da cápsula E não soltou ele Então, e você não percebeu, você saiu andando Eu sou muito noob Foi mal meu querido Nossa Texin, não acredito Galera Papai Galera, conseguimos Bora galera Hum, eu quase É a vingança do Texin Agora é a vingança, eu vou começar Já pela Julia já Já vai ser a primeira",0.7240050435066223,0.2157260924577713,0.0602688267827034,NEG,0.21274034678936,0.0084288287907838,0.047944214195013,0.006344636902213,0.0409985370934009,0.0045202835462987,0.0054200603626668,0.25462922,Julia MineGirl,Roblox,Roblox - A MARRETÃO FEZ A LIMPA Flee The Facility [SWn4fyZRSgs],,GZ,GZ,GZ,"🎬 Canal: Julia MineGirl | 🎥 Vídeo: Roblox - A MARRETÃO FEZ A LIMPA Flee The Facility [SWn4fyZRSgs]
⏱️ Segmento/Index: 6
🤖 Consenso de IA: GZ (Detoxify: 0.213 | Perspective: 0.255)
──────────────────────────────────────────────────
Fala transcrita:
""Pelo menos esse outro aqui eu vi que ela não tá perto Sim, vai, vai, vai, liberta ele Meu Deus Que que tá acontecendo Texin Não Texin Não Texin Você não conseguiu Meu Deus, que que eu vou fazer Não Não, o Texin Você não foi mal Foi mal meu amigo Eu perdi o E na frente da cápsula E não soltou ele Então, e você não percebeu, você saiu andando Eu sou muito noob Foi mal meu querido Nossa Texin, não acredito Galera Papai Galera, conseguimos Bora galera Hum, eu quase É a vingança do Texin Agora é a vingança, eu vou começar Já pela Julia já Já vai ser a primeira""",Avaliador_C,Avaliador_D
2,"Tá Mano, olha o ouro, eu posso ficar com ouro? Eu peguei os diamantes aqui Tem um pouquinho de esmeralda também, eu vou pegar Será que cadê ele? Cuidado, Muffin, cuidado, cuidado Se ele ver a gente Eu vou puxar a porta Ó, tem essa lava aqui, ó Que tal se a gente jogar dentro dela? Vamos, vamos Ah, vamos Tem que ser rápido, Muffin Joga tudo, joga tudo Vai, vai, vai, vai Pronto? Joguei tudo, joguei tudo Vai, vai, vamos embora, corre, Muffin, corre Ah, espera aí, Eld, vamos deixar uma plaquinha Pra avisar que a gente pegou os itens dele? Tá Ah, tá Pronto, Eld, coloquei aqui a plaquinha Tá, vamos embora, vai que ele vê que é a gente Eu tô sendo atacado por um Steve que corre, mas vai, vou matar ele Ele dá muito dano, ele dá muito dano, ai, matei E agora eu vou voltar pra minha casa Eu acho que eu tenho que tirar essa lava aqui que ela tá meio perigosa E tem esse minério aqui na frente que é um minério de cobre Vamos levar lá em cima no meu baú dos minérios Ué, uma placa? Joguei todos os seus itens na lava? Não, não, não fizeram isso Meus itens, cadê meus itens? Meus itens, que tal nesse baú? Sumiram todos Ah, quem será que fez isso?",0.070664957165718,0.860521674156189,0.0688133239746093,NEU,0.6885104775428772,0.0108629595488309,0.0532895289361476,0.0040430109947919,0.0423592589795589,0.0452016815543174,0.0105607090517878,0.28425202,Athos,Minecraft,CHOREI ATÉ FAZER UM TSUNAMI NO MINECRAFT [poi2DfhlnxM],,GZ,GZ,GZ,"🎬 Canal: Athos | 🎥 Vídeo: CHOREI ATÉ FAZER UM TSUNAMI NO MINECRAFT [poi2DfhlnxM]
⏱️ Segmento/Index: 2
🤖 Consenso de IA: GZ (Detoxify: 0.689 | Perspective: 0.284)
──────────────────────────────────────────────────
Fala transcrita:
""Tá Mano, olha o ouro, eu posso ficar com ouro? Eu peguei os diamantes aqui Tem um pouquinho de esmeralda também, eu vou pegar Será que cadê ele? Cuidado, Muffin, cuidado, cuidado Se ele ver a gente Eu vou puxar a porta Ó, tem essa lava aqui, ó Que tal se a gente jogar dentro dela? Vamos, vamos Ah, vamos Tem que ser rápido, Muffin Joga tudo, joga tudo Vai, vai, vai, vai Pronto? Joguei tudo, joguei tudo Vai, vai, vamos embora, corre, Muffin, corre Ah, espera aí, Eld, vamos deixar uma plaquinha Pra avisar que a gente pegou os itens dele? Tá Ah, tá Pronto, Eld, coloquei aqui a plaquinha Tá, vamos embora, vai que ele vê que é a gente Eu tô sendo atacado por um Steve que corre, mas vai, vou matar ele Ele dá muito dano, ele dá muito dano, ai, matei E agora eu vou voltar pra minha casa Eu acho que eu tenho que tirar essa lava aqui que ela tá meio perigosa E tem esse minério aqui na frente que é um minério de cobre Vamos levar lá em cima no meu baú dos minérios Ué, uma placa? Joguei todos os seus itens na lava? Não, não, não fizeram isso Meus itens, cadê meus itens? Meus itens, que tal nesse baú? Sumiram todos Ah, quem será que fez isso?""",Avaliador_C,Avaliador_D
8,"Tiã, que eu tava falando a hélia, não veio pra da norte. Caraca, como foi que tu conseguiu dessas coisas, hein? Oxe, eu tava num drop aí, meu filho, peguei foi tudo, matei 3 cara. Oxe, pega aí o que tu quiser, pô. E eu vou ficar perto dela, porque ela joga muito. Oxe, miserável, mano, ele passou por cima da mina e a mina não explodiu não. Ele não tá prestes não essa bicha. Vou lá de perto. Toando em și, bichalinha.",0.6474567651748657,0.3142186403274536,0.0383245237171649,NEG,0.9774038791656494,0.0131540866568684,0.4648056626319885,0.0113090295344591,0.3308970630168915,0.0409577712416648,0.2199862748384475,0.6027529,meu nome é david,Roblox,FREE FIRE BATTLEGROUNDS NA VIDA REAL 14 [q3jlbXreTt4],,T,T,T,"🎬 Canal: meu nome é david | 🎥 Vídeo: FREE FIRE BATTLEGROUNDS NA VIDA REAL 14 [q3jlbXreTt4]
⏱️ Segmento/Index: 8
🤖 Consenso de IA: T (Detoxify: 0.977 | Perspective: 0.603)
──────────────────────────────────────────────────
Fala transcrita:
""Tiã, que eu tava falando a hélia, não veio pra da norte. Caraca, como foi que tu conseguiu dessas coisas, hein? Oxe, eu tava num drop aí, meu filho, peguei foi tudo, matei 3 cara. Oxe, pega aí o que tu quiser, pô. E eu vou ficar perto dela, porque ela joga muito. Oxe, miserável, mano, ele passou por cima da mina e a mina não explodiu não. Ele não tá prestes não essa bicha. Vou lá de perto. Toando em și, bichalinha.""",Avaliador_C,Avaliador_D
6,"Eu tomei dano, eu tomei dano Eu tô pagando por todos os pecados que eu já fiz na vida Ele vai fazer 2 capas, né? Vai farpar também, tá aprendendo a respeitar a figura pública aqui, a magistrade Muito ruim, muito ruim Aqui ele tá todo minhado, aqui ele tá todo minhado Pode deixar que eu mato, você quer que eu mato? Eu vou matar, onde é que ele tá? Onde é que ele tá, Patiã, matar? Vem matar ele, mata ele Vou matar ele no murro, vou matar ele no murro Ele tá aí nessa casa Onde? Onde ele tá? Eita, Luiz, Luiz Luiz, Luiz, Luiz, eu tomei dano, Luiz, mas o que é isso, Luiz?",0.7977648973464966,0.1676724106073379,0.0345626883208751,NEG,0.9647396206855774,0.0125160682946443,0.0343939289450645,0.0063310638070106,0.0471915639936924,0.3032771646976471,0.023321634158492,0.5559701,Amy Scarlet,Roblox,TOMAR DANO  TOMAR LIMÃO  DESAFIO FREE FIRE [fFTFeci_dZg],,T,T,T,"🎬 Canal: Amy Scarlet | 🎥 Vídeo: TOMAR DANO  TOMAR LIMÃO  DESAFIO FREE FIRE [fFTFeci_dZg]
⏱️ Segmento/Index: 6
🤖 Consenso de IA: T (Detoxify: 0.965 | Perspective: 0.556)
──────────────────────────────────────────────────
Fala transcrita:
""Eu tomei dano, eu tomei dano Eu tô pagando por todos os pecados que eu já fiz na vida Ele vai fazer 2 capas, né? Vai farpar também, tá aprendendo a respeitar a figura pública aqui, a magistrade Muito ruim, muito ruim Aqui ele tá todo minhado, aqui ele tá todo minhado Pode deixar que eu mato, você quer que eu mato? Eu vou matar, onde é que ele tá? Onde é que ele tá, Patiã, matar? Vem matar ele, mata ele Vou matar ele no murro, vou matar ele no murro Ele tá aí nessa casa Onde? Onde ele tá? Eita, Luiz, Luiz Luiz, Luiz, Luiz, eu tomei dano, Luiz, mas o que é isso, Luiz?""",Avaliador_C,Avaliador_D
28,Ah pera aí deixa eu fazer de volta ó. Grudo aqui cara grudo aqui. Cara eu tô ficando prático já nessa nossa bagaça aqui ó. Ali não dá né? Se eu vier aqui ó. Quando essa boia descer eu vou descer junto? Vamos descobrir agora. Grudooo outro lado cara para fechar. Isso. Fechou. Ó eu tô descendo. Ah mas eu fiquei preso. Vocês estão vendo? Era isso que era para acontecer? Não entendi foi nada agora. Abre de volta. Mano você vai morrer cara. Meu peixinho tá preso galera. O que eu fiz?,0.6749552488327026,0.2761741578578949,0.0488706119358539,NEG,0.9028542041778564,0.012235146947205,0.0547053702175617,0.0070426324382424,0.0470312237739563,0.0990461558103561,0.0230820421129465,0.4269174,Tex HS,Roblox,FINAL a GANGUE PEIXE vai deixar saudades I am Fish  Parte 5 [eA3bewHYFF0],,T,T,T,"🎬 Canal: Tex HS | 🎥 Vídeo: FINAL a GANGUE PEIXE vai deixar saudades I am Fish  Parte 5 [eA3bewHYFF0]
⏱️ Segmento/Index: 28
🤖 Consenso de IA: T (Detoxify: 0.903 | Perspective: 0.427)
──────────────────────────────────────────────────
Fala transcrita:
""Ah pera aí deixa eu fazer de volta ó. Grudo aqui cara grudo aqui. Cara eu tô ficando prático já nessa nossa bagaça aqui ó. Ali não dá né? Se eu vier aqui ó. Quando essa boia descer eu vou descer junto? Vamos descobrir agora. Grudooo outro lado cara para fechar. Isso. Fechou. Ó eu tô descendo. Ah mas eu fiquei preso. Vocês estão vendo? Era isso que era para acontecer? Não entendi foi nada agora. Abre de volta. Mano você vai morrer cara. Meu peixinho tá preso galera. O que eu fiz?""",Avaliador_C,Avaliador_D
0,"Hoje eu vou trollar os meus amigos fingindo ser o Hug. E pra fazer isso eu vistei essa skin e coloquei essa voz. Será que eles se assustaram? E olha, já tô vendo a primeira vítima ali. O Elde, ele tá moscando na noite e eu vou pegar e dar um susto nele. Se eu conseguir eu até mato ele. Aqui ó, tem um papel que esconderam aqui, eu acho que é pra alguém. Elde! Que que é isso, velho? O Hug! Sai daqui! Elde! Que que? Eu vou pegar você, Elde! Eu vou pegar você, Elde! Eu vou pegar você, Elde! OUIIIIIIIIIII Mano, oque é isso cara? Volta aqui, volta aqui! EEEE, coi, coi, coi, coi! Volta aqui, Elde! Elde! Ai não, fechinho! EUDEEEEE Não, ele saiu do servidor! E a próxima vítima vai ser aqueles dois ali. Eles estão conversando e eles estão meio que distraídos. E pra trollar eles eu vou fazer de um jeito diferente.",0.2409683316946029,0.6929338574409485,0.0660977959632873,NEU,0.8690577149391174,0.0044925729744136,0.0302133727818727,0.003092142753303,0.0975763127207756,0.4217346012592315,0.0061652129516005,0.4850187,Cadres,Minecraft,FINGI SER O HUGGY E ASSUSTEI MEUS AMIGOS no Minecraft [qVlwO00NCoc],,T,T,T,"🎬 Canal: Cadres | 🎥 Vídeo: FINGI SER O HUGGY E ASSUSTEI MEUS AMIGOS no Minecraft [qVlwO00NCoc]
⏱️ Segmento/Index: 0
🤖 Consenso de IA: T (Detoxify: 0.869 | Perspective: 0.485)
──────────────────────────────────────────────────
Fala transcrita:
""Hoje eu vou trollar os meus amigos fingindo ser o Hug. E pra fazer isso eu vistei essa skin e coloquei essa voz. Será que eles se assustaram? E olha, já tô vendo a primeira vítima ali. O Elde, ele tá moscando na noite e eu vou pegar e dar um susto nele. Se eu conseguir eu até mato ele. Aqui ó, tem um papel que esconderam aqui, eu acho que é pra alguém. Elde! Que que é isso, velho? O Hug! Sai daqui! Elde! Que que? Eu vou pegar você, Elde! Eu vou pegar você, Elde! Eu vou pegar você, Elde! OUIIIIIIIIIII Mano, oque é isso cara? Volta aqui, volta aqui! EEEE, coi, coi, coi, coi! Volta aqui, Elde! Elde! Ai não, fechinho! EUDEEEEE Não, ele saiu do servidor! E a próxima vítima vai ser aqueles dois ali. Eles estão conversando e eles estão meio que distraídos. E pra trollar eles eu vou fazer de um jeito diferente.""",Avaliador_C,Avaliador_D
6,"Opa, opa, opa Calma, vamos descer, vamos descer Oi, McFly Oi, McFly, aciona aqui, aciona aqui Não, não aciona não, você tá doido Nossa, a gente vai cair nesse balão Opa, opa Olha, eu quero explicar Desculpa por destruir aqui o seu balãozinho Mas é que eu vi que você tava já pondo fogo nele Eu falei, deixa eu ajudar o McFly e colocar lava aqui no negócio Você não fez isso Foi uma trollagem só que eu acho que passei um pouco dos limites Eu vou te ajudar Calma aí, McFly, só um segundo Tá de sacanagem comigo, né? Eu vou tirar essa lá Ai, tá quente, tá quente, tá muito quente Tá muito quente, você tem água aí Ah Não, me põe daqui, não Ah, não Ai, ai, ai, ai, ai Ai, brincadeira, meu Nossa, gente Ok, fui pro Beleléu Deixa eu ver onde eu renasci Eu nem sei McFly, eu não sei onde que eu tô Cadê o balão? Eu renasci num lugar muito aleatório Me dá TP aí pra cima, McFly Eu sei que você é o dono aqui do mapa Você pode dar TP pra mim, né? É brincadeira, você tá pelo fazer isso É porque eu quero conversar com você Tá, mas puxa eu pra ir, não você pra cá Eita, beleza, tô aqui, tô aqui Você me puxou pra cá, beleza? Você é o dono do servidor Por que você fez isso? Mano, é o seguinte, cara, eu queria te trollar Acho que eu te passei muito do limite Eu destruí o seu balão Olha, eu vou te ajudar a consertar Mas eu admito que foi uma trollagem engraçada Porque você não sabia que eu tava aqui no mundo E eu acabei pôndo fogo É que assim, você ia acabar pôndo fogo e explodir no balão mesmo, né? Então adiantei o processo, só isso, entendeu?",0.2485656887292862,0.686924159526825,0.0645101517438888,NEU,0.7093130946159363,0.0164486542344093,0.0523628033697605,0.0076172943226993,0.051535852253437,0.0091827372089028,0.0142800817266106,0.30136615,JP Plays,Minecraft,INVADI O MUNDO DO MEU AMIGO E FIZ UMA ARMADILHA PRA ELE NO MINECRAFT [LAOqEhfh9_0],,GZ,GZ,GZ,"🎬 Canal: JP Plays | 🎥 Vídeo: INVADI O MUNDO DO MEU AMIGO E FIZ UMA ARMADILHA PRA ELE NO MINECRAFT [LAOqEhfh9_0]
⏱️ Segmento/Index: 6
🤖 Consenso de IA: GZ (Detoxify: 0.709 | Perspective: 0.301)
──────────────────────────────────────────────────
Fala transcrita:
""Opa, opa, opa Calma, vamos descer, vamos descer Oi, McFly Oi, McFly, aciona aqui, aciona aqui Não, não aciona não, você tá doido Nossa, a gente vai cair nesse balão Opa, opa Olha, eu quero explicar Desculpa por destruir aqui o seu balãozinho Mas é que eu vi que você tava já pondo fogo nele Eu falei, deixa eu ajudar o McFly e colocar lava aqui no negócio Você não fez isso Foi uma trollagem só que eu acho que passei um pouco dos limites Eu vou te ajudar Calma aí, McFly, só um segundo Tá de sacanagem comigo, né? Eu vou tirar essa lá Ai, tá quente, tá quente, tá muito quente Tá muito quente, você tem água aí Ah Não, me põe daqui, não Ah, não Ai, ai, ai, ai, ai Ai, brincadeira, meu Nossa, gente Ok, fui pro Beleléu Deixa eu ver onde eu renasci Eu nem sei McFly, eu não sei onde que eu tô Cadê o balão? Eu renasci num lugar muito aleatório Me dá TP aí pra cima, McFly Eu sei que você é o dono aqui do mapa Você pode dar TP pra mim, né? É brincadeira, você tá pelo fazer isso É porque eu quero conversar com você Tá, mas puxa eu pra ir, não você pra cá Eita, beleza, tô aqui, tô aqui Você me puxou pra cá, beleza? Você é o dono do servidor Por que você fez isso? Mano, é o seguinte, cara, eu queria te trollar Acho que eu te passei muito do limite Eu destruí o seu balão Olha, eu vou te ajudar a consertar Mas eu admito que foi uma trollagem engraçada Porque você não sabia que eu tava aqui no mundo E eu acabei pôndo fogo É que assim, você ia acabar pôndo fogo e explodir no balão mesmo, né? Então adiantei o processo, só isso, entendeu?""",Avaliador_C,Avaliador_D
1,"Ai ai ai ai, é o meu, é o meu! Cabeçuda, feia e esformeada, só vive com fome! Comenta aí quem acha eu feia, que eu acho que não vai ter nenhum comentário assim seu bobo! Galera, Eduarda não vai escutando tá? Todo mundo comenta que ela é feia aí embaixo tá? Ah não, vai não, vai não, vai não! Tu tava escutando? É claro! Ai, nem sabia, nem sabia! Beleza Eduarda, vamos ver que tem nesse baú aqui, pelo que eu vi tem um pincel fi! Ah saiu na notícia que se a gente desenhar o negócio vai acontecer mesmo fi! Sério? É, eu vi falar né, a gente precisa testar né Eduarda, pra saber, não tem como a gente saber sem testar! Já fiz aqui o meu, o meu... Minha tela né, vou desenhar desse lado aqui, por causa do sol né, porque eu tenho uma técnica né, eu vou desenhar Eduarda, vou desenhar... Vou desenhar o rugi rugi! Menino, não desenha isso não, isso dá zá! Quem te falou isso? Deus!",0.7037307024002075,0.2469858527183532,0.0492834337055683,NEG,0.9158328771591188,0.0022080589551478,0.0649099051952362,0.0016731292707845,0.2821346819400787,0.0024328515864908,0.0085468599572777,0.5779532,Marcelodrv,Minecraft,Minecraft MAS tudo que eu DESENHAR os MONSTROS vão me dar [8vd2gpnHnUI],,T,T,T,"🎬 Canal: Marcelodrv | 🎥 Vídeo: Minecraft MAS tudo que eu DESENHAR os MONSTROS vão me dar [8vd2gpnHnUI]
⏱️ Segmento/Index: 1
🤖 Consenso de IA: T (Detoxify: 0.916 | Perspective: 0.578)
──────────────────────────────────────────────────
Fala transcrita:
""Ai ai ai ai, é o meu, é o meu! Cabeçuda, feia e esformeada, só vive com fome! Comenta aí quem acha eu feia, que eu acho que não vai ter nenhum comentário assim seu bobo! Galera, Eduarda não vai escutando tá? Todo mundo comenta que ela é feia aí embaixo tá? Ah não, vai não, vai não, vai não! Tu tava escutando? É claro! Ai, nem sabia, nem sabia! Beleza Eduarda, vamos ver que tem nesse baú aqui, pelo que eu vi tem um pincel fi! Ah saiu na notícia que se a gente desenhar o negócio vai acontecer mesmo fi! Sério? É, eu vi falar né, a gente precisa testar né Eduarda, pra saber, não tem como a gente saber sem testar! Já fiz aqui o meu, o meu... Minha tela né, vou desenhar desse lado aqui, por causa do sol né, porque eu tenho uma técnica né, eu vou desenhar Eduarda, vou desenhar... Vou desenhar o rugi rugi! Menino, não desenha isso não, isso dá zá! Quem te falou isso? Deus!""",Avaliador_C,Avaliador_D
0,"Família, hoje nós vamos jogar Minecraft Congelado. Basicamente é uma mistura de Murder mais esconde-esconde. Nós começamos no mapa e uma pessoa é escolhida como Pegador. Só que dessa vez, ao ela encostar em outro jogador, ela congela esse jogador. Daí, as outras pessoas que estão espalhadas pelo mapa precisam chegar num jogador que está congelado e descongelar ele. Cara, eu falei tanto jogador e congelado que eu acho que até congelei meu cérebro. Mas, fiquem agora com o Minecraft Congelado. Música Uuuuh! Estamos aqui mais um Freeze Tag, que é a mistura de Murder mais esconde-esconde. Mas qual jogo aí também? Pode ser o Murder Congelado, né? Murder Congelado. É o Murder de gelo, velho. Meu Deus. Só que agora eu tenho o quê? Galera, são três Pegadores, mano. Eu vou ficar longe de todo mundo, mano. Ah, mano. Quem é? Quem é? É o K-Game. Ah, eu não sei, mano. É por isso que você não sabe. Isso é Murder, mano.",0.100766122341156,0.687864363193512,0.211369514465332,NEU,0.605867326259613,0.0058648684062063,0.0390234664082527,0.0069511216133832,0.0698192343115806,0.0109604354947805,0.0099536161869764,0.23379272,AuthenticGames,Minecraft,CONGELEI O MEU AMIGO NO NOVO ESCONDE-ESCONDE DO MINECRAFT  - Minecraft Congelado [ixuzIk4QUpI],,GZ,GZ,GZ,"🎬 Canal: AuthenticGames | 🎥 Vídeo: CONGELEI O MEU AMIGO NO NOVO ESCONDE-ESCONDE DO MINECRAFT  - Minecraft Congelado [ixuzIk4QUpI]
⏱️ Segmento/Index: 0
🤖 Consenso de IA: GZ (Detoxify: 0.606 | Perspective: 0.234)
──────────────────────────────────────────────────
Fala transcrita:
""Família, hoje nós vamos jogar Minecraft Congelado. Basicamente é uma mistura de Murder mais esconde-esconde. Nós começamos no mapa e uma pessoa é escolhida como Pegador. Só que dessa vez, ao ela encostar em outro jogador, ela congela esse jogador. Daí, as outras pessoas que estão espalhadas pelo mapa precisam chegar num jogador que está congelado e descongelar ele. Cara, eu falei tanto jogador e congelado que eu acho que até congelei meu cérebro. Mas, fiquem agora com o Minecraft Congelado. Música Uuuuh! Estamos aqui mais um Freeze Tag, que é a mistura de Murder mais esconde-esconde. Mas qual jogo aí também? Pode ser o Murder Congelado, né? Murder Congelado. É o Murder de gelo, velho. Meu Deus. Só que agora eu tenho o quê? Galera, são três Pegadores, mano. Eu vou ficar longe de todo mundo, mano. Ah, mano. Quem é? Quem é? É o K-Game. Ah, eu não sei, mano. É por isso que você não sabe. Isso é Murder, mano.""",Avaliador_C,Avaliador_D
3,"Ah, então quer dizer que ele colocou gelo infinito, né? Aí tá só, eu manchei duas escravas, aí! Oxe, vai ser só bala, mano! Dia que eu gosto de escrava, mas pegado de longe acima, vai ser só agachou, levantou, subiu o capa, tá ligado? Mas lembrando bem qual é a regra do x1 dos crime! Ah, tô ligado, pô! Acho que o negócio é matar e matar, tá ligado? Eu lembro de um vez, eu joguei com um primo meu, ele tava com duas MP40, acho que pode depender de duas escravas, então acho que quando eu pegar o cabelo de lança vai ser só bala, tá ligado? Não, mas lembrando bem, se eu for num drop e pegar um lança, vai ser mais rápido, né? Que vai ser só um abacatão nele, tá ligado? Acho que fica mais de boa, né?",0.3382434844970703,0.6400644779205322,0.0216921120882034,NEU,0.4936550855636596,0.0008745610248297,0.0147149544209241,0.001434649922885,0.0206922944635152,0.2717876434326172,0.0020544894505292,0.37955463,meu nome é david,Roblox,X1 DOS CRIAS NA VIDA REAL   SUPER COMPILADOS [j-FPKmfw-c8],,GZ,GZ,GZ,"🎬 Canal: meu nome é david | 🎥 Vídeo: X1 DOS CRIAS NA VIDA REAL   SUPER COMPILADOS [j-FPKmfw-c8]
⏱️ Segmento/Index: 3
🤖 Consenso de IA: GZ (Detoxify: 0.494 | Perspective: 0.38)
──────────────────────────────────────────────────
Fala transcrita:
""Ah, então quer dizer que ele colocou gelo infinito, né? Aí tá só, eu manchei duas escravas, aí! Oxe, vai ser só bala, mano! Dia que eu gosto de escrava, mas pegado de longe acima, vai ser só agachou, levantou, subiu o capa, tá ligado? Mas lembrando bem qual é a regra do x1 dos crime! Ah, tô ligado, pô! Acho que o negócio é matar e matar, tá ligado? Eu lembro de um vez, eu joguei com um primo meu, ele tava com duas MP40, acho que pode depender de duas escravas, então acho que quando eu pegar o cabelo de lança vai ser só bala, tá ligado? Não, mas lembrando bem, se eu for num drop e pegar um lança, vai ser mais rápido, né? Que vai ser só um abacatão nele, tá ligado? Acho que fica mais de boa, né?""",Avaliador_C,Avaliador_D
11,"Ai, ele abriu muito espaço agora! Não, não, não, não! Vou morrer, vou morrer! Caraca, ainda bem que eu consegui sair! Agora você tá preso nesse buraco! E eu vou explodir ele inteiro! Ué, cadê o Utsu? Será que ele morreu? Não, no chat não tá aparecendo nada! Eu acho que ele fugiu de mim! Ah, eu não queria usar isso, mas eu vou ter que usar! Pra fazer a trollagem final e acabar com o Utsu! Então deixa eu vir aqui e ativar o comando! Boa! Eu virei o buraco negro! E agora quando eu usar o meu poder, eu vou engolir esse mundo inteiro! Aí quer saber, o primeiro poder que eu vou usar vai ser o mais fraco dele! São 3, 2, 1, Buzer! O que é isso? Eu destruí toda essa parte com o poder mais fraco! Imagina com mais sorte! Eu vou destruir o resto do mundo inteiro! Eu só preciso encontrar o Utsu! Aonde será que ele tá? Utsu, cadê você? Ai, caramba! Será que o meteoro sumiu? Peraí, o que tá acontecendo? Que barulho é esse? Que que é isso? Eu não tô entendendo nada! Quer saber? Eu não vou ficar procurando ele não! Eu vou pegar e dar um TP nele pra mim!",0.928222358226776,0.0512275584042072,0.0205501094460487,NEG,0.958660364151001,0.0170739255845546,0.075999267399311,0.0055036181584,0.0493078306317329,0.0718670412898063,0.0522377490997314,0.6289369,Cadres,Minecraft,24 Horas Virando DESASTRES NATURAIS no Minecraft [aoS7KciXL4Q],,T,T,T,"🎬 Canal: Cadres | 🎥 Vídeo: 24 Horas Virando DESASTRES NATURAIS no Minecraft [aoS7KciXL4Q]
⏱️ Segmento/Index: 11
🤖 Consenso de IA: T (Detoxify: 0.959 | Perspective: 0.629)
──────────────────────────────────────────────────
Fala transcrita:
""Ai, ele abriu muito espaço agora! Não, não, não, não! Vou morrer, vou morrer! Caraca, ainda bem que eu consegui sair! Agora você tá preso nesse buraco! E eu vou explodir ele inteiro! Ué, cadê o Utsu? Será que ele morreu? Não, no chat não tá aparecendo nada! Eu acho que ele fugiu de mim! Ah, eu não queria usar isso, mas eu vou ter que usar! Pra fazer a trollagem final e acabar com o Utsu! Então deixa eu vir aqui e ativar o comando! Boa! Eu virei o buraco negro! E agora quando eu usar o meu poder, eu vou engolir esse mundo inteiro! Aí quer saber, o primeiro poder que eu vou usar vai ser o mais fraco dele! São 3, 2, 1, Buzer! O que é isso? Eu destruí toda essa parte com o poder mais fraco! Imagina com mais sorte! Eu vou destruir o resto do mundo inteiro! Eu só preciso encontrar o Utsu! Aonde será que ele tá? Utsu, cadê você? Ai, caramba! Será que o meteoro sumiu? Peraí, o que tá acontecendo? Que barulho é esse? Que que é isso? Eu não tô entendendo nada! Quer saber? Eu não vou ficar procurando ele não! Eu vou pegar e dar um TP nele pra mim!""",Avaliador_C,Avaliador_D
14,"Tem, tem, tem... Tem, tem, tem... Tem, tem, tem... Tem, tem, tem... Tem, tem, tem... Tem, tem, tem...",0.0650004893541336,0.7908495664596558,0.1441499441862106,NEU,0.0009091438842006,3.716213905136101e-05,0.0005134511739015,7.45299257687293e-05,0.0005675433785654,5.677153603755869e-05,6.543623749166727e-05,0.0070369947,Kass e KR,Minecraft,INVADIMOS a FESTA de ANO NOVO dos RICOS no Minecraft [K2pCDWy-p9U],,NT,NT,NT,"🎬 Canal: Kass e KR | 🎥 Vídeo: INVADIMOS a FESTA de ANO NOVO dos RICOS no Minecraft [K2pCDWy-p9U]
⏱️ Segmento/Index: 14
🤖 Consenso de IA: NT (Detoxify: 0.001 | Perspective: 0.007)
──────────────────────────────────────────────────
Fala transcrita:
""Tem, tem, tem... Tem, tem, tem... Tem, tem, tem... Tem, tem, tem... Tem, tem, tem... Tem, tem, tem...""",Avaliador_C,Avaliador_D
12,"Ah, potrejo, potrejo, pode ir, pode ir. Ah, se eu pegasse um... Não, lança granada, não, se eu pegasse um... Não, um Rambam, se eu pegasse um A-W, bichinha, cês... Av, Maria, que é isso, pô? O drop só triscou em mim, cara, já tinha parado e eu morri. Que é isso, meu freefax? E aí, Zé Paulvin, tem o que no drop? Zé Paulvin? Zé Paulvin? Não, cara! O que vai que aconteceu? Reage! Sai daí, sai daí! Reage, reage! Cara, em todos esses anos, tu nunca me abandonou, pô, vai me deixar sozinho agora, pô, reage! Eu ainda tô aqui, pô!",0.2630526721477508,0.6877626180648804,0.0491847395896911,NEU,0.656586229801178,0.0059590288437902,0.0729849115014076,0.0057703759521245,0.0514235123991966,0.0051755299791693,0.1328401565551757,0.3389984,meu nome é david,Roblox,FREE FIRE BATTLEGROUNDS NA VIDA REAL 10 [YkxB7tZIQV8],,GZ,GZ,GZ,"🎬 Canal: meu nome é david | 🎥 Vídeo: FREE FIRE BATTLEGROUNDS NA VIDA REAL 10 [YkxB7tZIQV8]
⏱️ Segmento/Index: 12
🤖 Consenso de IA: GZ (Detoxify: 0.657 | Perspective: 0.339)
──────────────────────────────────────────────────
Fala transcrita:
""Ah, potrejo, potrejo, pode ir, pode ir. Ah, se eu pegasse um... Não, lança granada, não, se eu pegasse um... Não, um Rambam, se eu pegasse um A-W, bichinha, cês... Av, Maria, que é isso, pô? O drop só triscou em mim, cara, já tinha parado e eu morri. Que é isso, meu freefax? E aí, Zé Paulvin, tem o que no drop? Zé Paulvin? Zé Paulvin? Não, cara! O que vai que aconteceu? Reage! Sai daí, sai daí! Reage, reage! Cara, em todos esses anos, tu nunca me abandonou, pô, vai me deixar sozinho agora, pô, reage! Eu ainda tô aqui, pô!""",Avaliador_C,Avaliador_D
4,"Eduardo, eu vou tacar no teu peito, não! A Jazz Ghost! Não, toma cuidado, não! Eu vou tacar no teu peito! Eu vou tacar no teu peito! Eu vou tacar no teu peito! A Jazz Ghost! Não, toma cuidado! O que é, Eduardo? É que ele tá mais bonito! Bonita! Não, peraí! É que ele tá mais bonito que... Ué, ele tá preto? Ah, mas esse Jazz tá meio escuro! O que aconteceu, velho? Vou testar! Teste, Eduardo, porque isso aí, eu tenho medo do que vai acontecer! Vai lá, Duda! Boa sorte! Meu Deus! Não! Que isso, gente? Ela vai explodir o baú! Que isso, gente? Nossa Senhora! Meu... Explodiu até o baú, gente! É que eu não sei voar com isso aqui, não! Não, é... É, percebemos, né, Eduardo? Calma que eu acho que agora vai dar certo! Não, é o mínimo, né? Que tem que... Morri! Gente, então eu acho que eu morri! É, gente, vimos que a do Jazz Ghost é meio perigosa, né? Vai ser usada aqui! Eu vou até tirar ela, porque senão não pode ser que aconteça alguma catástrofe! Inclusive, eu vou testar agora do Vinicius13, galera!",0.1077529117465019,0.6570541858673096,0.2351929098367691,NEU,0.9269726276397704,0.0111624095588922,0.0502154678106308,0.0078399386256933,0.0442236848175525,0.1532524973154068,0.0825520157814025,0.47323486,Marcelodrv,Minecraft,minecraft mas YOUTUBERS são ELYTRAS customizadas [uv27O2_iDT0],,T,T,T,"🎬 Canal: Marcelodrv | 🎥 Vídeo: minecraft mas YOUTUBERS são ELYTRAS customizadas [uv27O2_iDT0]
⏱️ Segmento/Index: 4
🤖 Consenso de IA: T (Detoxify: 0.927 | Perspective: 0.473)
──────────────────────────────────────────────────
Fala transcrita:
""Eduardo, eu vou tacar no teu peito, não! A Jazz Ghost! Não, toma cuidado, não! Eu vou tacar no teu peito! Eu vou tacar no teu peito! Eu vou tacar no teu peito! A Jazz Ghost! Não, toma cuidado! O que é, Eduardo? É que ele tá mais bonito! Bonita! Não, peraí! É que ele tá mais bonito que... Ué, ele tá preto? Ah, mas esse Jazz tá meio escuro! O que aconteceu, velho? Vou testar! Teste, Eduardo, porque isso aí, eu tenho medo do que vai acontecer! Vai lá, Duda! Boa sorte! Meu Deus! Não! Que isso, gente? Ela vai explodir o baú! Que isso, gente? Nossa Senhora! Meu... Explodiu até o baú, gente! É que eu não sei voar com isso aqui, não! Não, é... É, percebemos, né, Eduardo? Calma que eu acho que agora vai dar certo! Não, é o mínimo, né? Que tem que... Morri! Gente, então eu acho que eu morri! É, gente, vimos que a do Jazz Ghost é meio perigosa, né? Vai ser usada aqui! Eu vou até tirar ela, porque senão não pode ser que aconteça alguma catástrofe! Inclusive, eu vou testar agora do Vinicius13, galera!""",Avaliador_C,Avaliador_D
1,"Vocês entendem, vocês entendem, então antes da gente sair andando com os nossos equipamentos Porque tem várias armas diferentes e também alguns acessórios que eu já vou estar mostrando Clica agora no botão de gostei, deixa muito joinha aí embaixo, se inscrevam no canal E ativem o sininho de notificações pra receber todos os vídeos novos, fechou? Então, opa, opa, calma, calma, McFly, abaixa isso, usa a pistolinha, você é melhor nem usar arma Vai na mão, você vai só no soquinho, tá bom? Queto bater é potente, hein? É, é potente, mas é... é... é... parou, parou, parou, parou, parou, parou, parou Porque a gente tem uma missão, nós temos primeiro de tudo, chegar até aquele baú no meio daqueles zumbis ali embaixo Eles estão protegendo aquele baú, então com certeza deve ter algo valioso lá dentro E pra chegar até lá teremos que usar as nossas armas, vai ser uma espécie de aquecimento Ô, pera aí, a gente tem que fazer um plano, tem que pensar um pouco Tá, o plano é chegar e atirar, tá bom? Não, não é só chegar e atirar, a gente pode já sair atirando de longe usando a nossa sniper Olha só, coloca o zumbi na mira e atira, viu?",0.1235262304544448,0.7715935111045837,0.1048802360892295,NEU,0.4910206198692322,0.0024039610289037,0.0207880027592182,0.0011758941691368,0.0170637834817171,0.4014527201652527,0.0029338104650378,0.3972142,JP Plays,Minecraft,MINECRAFT mas COM ARMAS [h1qn5jPVobU],,GZ,GZ,GZ,"🎬 Canal: JP Plays | 🎥 Vídeo: MINECRAFT mas COM ARMAS [h1qn5jPVobU]
⏱️ Segmento/Index: 1
🤖 Consenso de IA: GZ (Detoxify: 0.491 | Perspective: 0.397)
──────────────────────────────────────────────────
Fala transcrita:
""Vocês entendem, vocês entendem, então antes da gente sair andando com os nossos equipamentos Porque tem várias armas diferentes e também alguns acessórios que eu já vou estar mostrando Clica agora no botão de gostei, deixa muito joinha aí embaixo, se inscrevam no canal E ativem o sininho de notificações pra receber todos os vídeos novos, fechou? Então, opa, opa, calma, calma, McFly, abaixa isso, usa a pistolinha, você é melhor nem usar arma Vai na mão, você vai só no soquinho, tá bom? Queto bater é potente, hein? É, é potente, mas é... é... é... parou, parou, parou, parou, parou, parou, parou Porque a gente tem uma missão, nós temos primeiro de tudo, chegar até aquele baú no meio daqueles zumbis ali embaixo Eles estão protegendo aquele baú, então com certeza deve ter algo valioso lá dentro E pra chegar até lá teremos que usar as nossas armas, vai ser uma espécie de aquecimento Ô, pera aí, a gente tem que fazer um plano, tem que pensar um pouco Tá, o plano é chegar e atirar, tá bom? Não, não é só chegar e atirar, a gente pode já sair atirando de longe usando a nossa sniper Olha só, coloca o zumbi na mira e atira, viu?""",Avaliador_C,Avaliador_D
13,"Ou a gente luta com vampiros que tem aqui, ou a gente vai atrás dele. Mas, família, eu vou deixar para fazer isso no próximo episódio. Se vocês tiverem gostado desse vídeo de Minecraft Lobisomimus Vampiros, já sabem, deixem muitos joinhas aí embaixo. Fiquem com Deus. Jesus te ama muito. Um grande abraço e tchau! Falou! Falou!",0.0263175088912248,0.561924159526825,0.4117583334445953,NEU,0.0125954179093241,0.0006393169169314,0.0106885433197021,0.0015131321270018,0.0056542702950537,0.0007364667835645,0.0015957442810758,0.12520397,AuthenticGames,Minecraft,VAMPIROS SUPER FORTES NO MINECRAFT - Vampiro Vs Lobisomem 29 [23d_R4q54rc],,NT,NT,NT,"🎬 Canal: AuthenticGames | 🎥 Vídeo: VAMPIROS SUPER FORTES NO MINECRAFT - Vampiro Vs Lobisomem 29 [23d_R4q54rc]
⏱️ Segmento/Index: 13
🤖 Consenso de IA: NT (Detoxify: 0.013 | Perspective: 0.125)
──────────────────────────────────────────────────
Fala transcrita:
""Ou a gente luta com vampiros que tem aqui, ou a gente vai atrás dele. Mas, família, eu vou deixar para fazer isso no próximo episódio. Se vocês tiverem gostado desse vídeo de Minecraft Lobisomimus Vampiros, já sabem, deixem muitos joinhas aí embaixo. Fiquem com Deus. Jesus te ama muito. Um grande abraço e tchau! Falou! Falou!""",Avaliador_C,Avaliador_D
10,"Empurra a menininha! Empurra a menininha! Empurra todo mundo! Ai! Ai! Eu peguei o barate! Eu peguei o barate! Eu peguei a coroa! Eu estou bravo agora! Vou voltar porque eu estou bravo! Não, Mordinha! Eu vou ganhar a coroa! Eu quero ganhar porque eu corro mais! Eu corro mais rápido porque eu cheguei primeiro! Porque a coroa é minha! Não é sua não! Não, a coroa é minha! Eu vou chegar primeiro! Vou chegar primeiro! E vou empurrar a mantinha! Não! Peguei a coroa! Agora eu peguei a coroa! Eu peguei agora! Eu peguei agora! Ai! Eu seguro?",0.1002115979790687,0.7695567607879639,0.1302316337823867,NEU,0.2841308712959289,0.0012824537698179,0.0187212284654378,0.0014745402149856,0.0115675562992692,0.0327920094132423,0.009201836772263,0.36867723,Lokis,Roblox,SUBINDO ESCADA QUE VAI NAS NUVENS  Roblox - Ragdoll King [qBKH09o-0lg],,GZ,GZ,GZ,"🎬 Canal: Lokis | 🎥 Vídeo: SUBINDO ESCADA QUE VAI NAS NUVENS  Roblox - Ragdoll King [qBKH09o-0lg]
⏱️ Segmento/Index: 10
🤖 Consenso de IA: GZ (Detoxify: 0.284 | Perspective: 0.369)
──────────────────────────────────────────────────
Fala transcrita:
""Empurra a menininha! Empurra a menininha! Empurra todo mundo! Ai! Ai! Eu peguei o barate! Eu peguei o barate! Eu peguei a coroa! Eu estou bravo agora! Vou voltar porque eu estou bravo! Não, Mordinha! Eu vou ganhar a coroa! Eu quero ganhar porque eu corro mais! Eu corro mais rápido porque eu cheguei primeiro! Porque a coroa é minha! Não é sua não! Não, a coroa é minha! Eu vou chegar primeiro! Vou chegar primeiro! E vou empurrar a mantinha! Não! Peguei a coroa! Agora eu peguei a coroa! Eu peguei agora! Eu peguei agora! Ai! Eu seguro?""",Avaliador_C,Avaliador_D
11,"De espada não vai dar certo, não, e agora, pô, como que eu vou... Ah, eu já sei, pô, vou colocar em pratica, o Zé Pônia me ensinou, ele falou que é só imaginar as coisas, vou montar aqui nessa craft teva, um copo, e vou prestar também de fita pra amarrar a dinamite e também fogo, né, porque a dinamite tem fogo na dinamite, deixa eu ver, oxi, foi um arma, eu quero arma, eu quero dinamite, pera aí, uma preda, um fita, fita, fita, fita pra amarrar a corda, pra amarrar a dinamite e também um parril, isso, um parril pra botar na dinamite e aqui a dinamite, ó, por favor, segura aqui seu zumbi, essa dinamite pra mim tem que segurar, segura aí, pô, arma lisa, é, aah, meu Deus do céu. Meu Deus do céu. Consegui escapar, mano, matei o zumbi e tudo, é isso, mas ele matou o Zé Pônia, pô, como é que pode, o Zé Pônia tava me ajudando e tudo, aah, meu Deus do céu.",0.0980397835373878,0.8652681708335876,0.0366920158267021,NEU,0.2511497437953949,0.0022733104415237,0.0197124611586332,0.0014327651588246,0.0087035726755857,0.0822037234902381,0.0035067328717559,0.24603334,meu nome é david,Roblox,MINECRAFT NA VIDA REAL [ObvELdAZn-I],,GZ,GZ,GZ,"🎬 Canal: meu nome é david | 🎥 Vídeo: MINECRAFT NA VIDA REAL [ObvELdAZn-I]
⏱️ Segmento/Index: 11
🤖 Consenso de IA: GZ (Detoxify: 0.251 | Perspective: 0.246)
──────────────────────────────────────────────────
Fala transcrita:
""De espada não vai dar certo, não, e agora, pô, como que eu vou... Ah, eu já sei, pô, vou colocar em pratica, o Zé Pônia me ensinou, ele falou que é só imaginar as coisas, vou montar aqui nessa craft teva, um copo, e vou prestar também de fita pra amarrar a dinamite e também fogo, né, porque a dinamite tem fogo na dinamite, deixa eu ver, oxi, foi um arma, eu quero arma, eu quero dinamite, pera aí, uma preda, um fita, fita, fita, fita pra amarrar a corda, pra amarrar a dinamite e também um parril, isso, um parril pra botar na dinamite e aqui a dinamite, ó, por favor, segura aqui seu zumbi, essa dinamite pra mim tem que segurar, segura aí, pô, arma lisa, é, aah, meu Deus do céu. Meu Deus do céu. Consegui escapar, mano, matei o zumbi e tudo, é isso, mas ele matou o Zé Pônia, pô, como é que pode, o Zé Pônia tava me ajudando e tudo, aah, meu Deus do céu.""",Avaliador_C,Avaliador_D
1,"O Hugwug tem 4 blocos e meio de altura. Então acho que uma pedra com uma laje vai funcionar. Ele não vai conseguir pular. Eu só vou colocar uma plaquinha aqui. Dentro das portas de ferro, escondi meus diamantes. Será que o Hugwug vai acreditar? Ah, se ele acreditar, ele é muito burro. Ih, ih, peraí, ele tá vindo. O Hugwug tá chegando e eu tô só observando ele. E ele parou pra olhar a placa e viu as portas. Será que ele vai ir? Ah, não. Ah, não, ele vai entrar ali mesmo. Ele ficou preso! Funcionou, galera! Eu não acredito que ele caiu nisso. E aparentemente o Hugwug esqueceu de trazer picareta. Vamos colocar blocos aqui ao redor. Aí, boa, perfeito. Hugwug preso. Mas esse aqui é só o primeiro de 12 monstros que querem roubar meus diamantes. O azul está vindo. Ele é um pouco mais inteligente que o Hugwug. Mas eu acabei de perceber uma coisa onde eu guardo meus diamantes. Eles estão em um baú embrulhado pra presente. Eu acho que é por isso que os mobs querem roubar meus diamantes.",0.5826203227043152,0.3823834359645843,0.034996286034584,NEG,0.2898415327072143,0.0008111846982501,0.0149476695805788,0.0012190331472083,0.1514307260513305,0.0023140250705182,0.0006219642818905,0.35186127,Athos,Minecraft,12 Jeitos de Proteger Diamantes dos Monstros no Minecraft [9R-bt2WsBt8],,GZ,GZ,GZ,"🎬 Canal: Athos | 🎥 Vídeo: 12 Jeitos de Proteger Diamantes dos Monstros no Minecraft [9R-bt2WsBt8]
⏱️ Segmento/Index: 1
🤖 Consenso de IA: GZ (Detoxify: 0.29 | Perspective: 0.352)
──────────────────────────────────────────────────
Fala transcrita:
""O Hugwug tem 4 blocos e meio de altura. Então acho que uma pedra com uma laje vai funcionar. Ele não vai conseguir pular. Eu só vou colocar uma plaquinha aqui. Dentro das portas de ferro, escondi meus diamantes. Será que o Hugwug vai acreditar? Ah, se ele acreditar, ele é muito burro. Ih, ih, peraí, ele tá vindo. O Hugwug tá chegando e eu tô só observando ele. E ele parou pra olhar a placa e viu as portas. Será que ele vai ir? Ah, não. Ah, não, ele vai entrar ali mesmo. Ele ficou preso! Funcionou, galera! Eu não acredito que ele caiu nisso. E aparentemente o Hugwug esqueceu de trazer picareta. Vamos colocar blocos aqui ao redor. Aí, boa, perfeito. Hugwug preso. Mas esse aqui é só o primeiro de 12 monstros que querem roubar meus diamantes. O azul está vindo. Ele é um pouco mais inteligente que o Hugwug. Mas eu acabei de perceber uma coisa onde eu guardo meus diamantes. Eles estão em um baú embrulhado pra presente. Eu acho que é por isso que os mobs querem roubar meus diamantes.""",Avaliador_C,Avaliador_D
26,se eu perdi a chave eu vou ficar muito chata não não pera vou ficar muito chateada vou ficar muito chateada ai gente essa foi boa essa foi muito boa eu falei muita chave galera que daí ficou chata na minha cabeça entendeu ai ai ai suguro tem umas setas verde tem umas setas verde tem um raio ahhh obrigada vai ter um raio amarelo pra você em tua direção entendeu mamis vamos achar a chave ta tudo tranquilo ta tudo ótimo ta tudo bem entendeu daí aqui cadê a porta achei achei abre abre de sésamo ai eu vi que tinha bicho aqui aaaaaaa sucoo sucoo bicho,0.598840594291687,0.1561833769083023,0.2449760735034942,NEG,0.6397100687026978,0.0099052162840962,0.0619149133563041,0.0077921217307448,0.0411906242370605,0.0038759817834943,0.0290905479341745,0.37795907,Julia MineGirl,Roblox,Roblox - O ROUBO MAIS DIFÍCIL Castle Heist Adventure [njRpQ7CvBqE],,GZ,GZ,GZ,"🎬 Canal: Julia MineGirl | 🎥 Vídeo: Roblox - O ROUBO MAIS DIFÍCIL Castle Heist Adventure [njRpQ7CvBqE]
⏱️ Segmento/Index: 26
🤖 Consenso de IA: GZ (Detoxify: 0.64 | Perspective: 0.378)
──────────────────────────────────────────────────
Fala transcrita:
""se eu perdi a chave eu vou ficar muito chata não não pera vou ficar muito chateada vou ficar muito chateada ai gente essa foi boa essa foi muito boa eu falei muita chave galera que daí ficou chata na minha cabeça entendeu ai ai ai suguro tem umas setas verde tem umas setas verde tem um raio ahhh obrigada vai ter um raio amarelo pra você em tua direção entendeu mamis vamos achar a chave ta tudo tranquilo ta tudo ótimo ta tudo bem entendeu daí aqui cadê a porta achei achei abre abre de sésamo ai eu vi que tinha bicho aqui aaaaaaa sucoo sucoo bicho""",Avaliador_C,Avaliador_D
75,"Ó, eu tenho que focar lá os encantador, família. Eles são os mais fortes. Vou morrer, vou morrer, vou morrer. Caraca, caraca. Caraca, saí no pinote. Meu senhor Jesus, velho. Corre. Corre que eu tô morrendo. Nossa, tomei poção de vida. Nossa, agora foi pedrada ali, hein, galera. Quase morri. Sai, sai, sai. Acho que o Kawei tá fazendo live também, né, Pokão? Peraí, ó, eu já sei o que eu vou fazer. Galera, essa pena eu não tô usando tanto. Eu vou trocar. Eu vou trocar. Peraí. Calma aí, galera, ó, eu vou fazer o seguinte. Eu vou colocar isso aqui no lugar da pena. Qual que é esse aqui? Esse aqui é aquele tiro explosivo, tá ligado? É esse aí, ó. Acabaram de ver ele em ação. Chama o lobo. Vem pro fight, vem pro fight. Nossa, olha os bichos gigantes aqui. Mano, os bichos dão muito dano. Corre, corre.",0.1131601855158805,0.4063376486301422,0.4805022478103637,POS,0.6951210498809814,0.0044185165315866,0.0747724622488021,0.00262345909141,0.0526014864444732,0.0323966369032859,0.0125812338665127,0.36095104,AuthenticGames,Minecraft,NOVOS ITENS NO MINECRAFT DUNGEONS  Novo Minecraft [im8Gi_xYEgE],,GZ,GZ,GZ,"🎬 Canal: AuthenticGames | 🎥 Vídeo: NOVOS ITENS NO MINECRAFT DUNGEONS  Novo Minecraft [im8Gi_xYEgE]
⏱️ Segmento/Index: 75
🤖 Consenso de IA: GZ (Detoxify: 0.695 | Perspective: 0.361)
──────────────────────────────────────────────────
Fala transcrita:
""Ó, eu tenho que focar lá os encantador, família. Eles são os mais fortes. Vou morrer, vou morrer, vou morrer. Caraca, caraca. Caraca, saí no pinote. Meu senhor Jesus, velho. Corre. Corre que eu tô morrendo. Nossa, tomei poção de vida. Nossa, agora foi pedrada ali, hein, galera. Quase morri. Sai, sai, sai. Acho que o Kawei tá fazendo live também, né, Pokão? Peraí, ó, eu já sei o que eu vou fazer. Galera, essa pena eu não tô usando tanto. Eu vou trocar. Eu vou trocar. Peraí. Calma aí, galera, ó, eu vou fazer o seguinte. Eu vou colocar isso aqui no lugar da pena. Qual que é esse aqui? Esse aqui é aquele tiro explosivo, tá ligado? É esse aí, ó. Acabaram de ver ele em ação. Chama o lobo. Vem pro fight, vem pro fight. Nossa, olha os bichos gigantes aqui. Mano, os bichos dão muito dano. Corre, corre.""",Avaliador_C,Avaliador_D
8,"Começa logo! Estou esperando! Estou esperando junto com vocês! Aqui é final! Tá mudando de cor a tela! Mas por que não vai logo? Fica mudando a boca dele! Mas o jogo não entra! Eu vou contar até 10! Se não entrar eu vou trocar! 1 2 3 4 5 6 7 8 9 10 Ah, não entrou! Bacaria de jogo! Deixa eu tentar esse! Diz que está em construção esse... Vamos ver! Vamos ver se entra pelo menos! Posso estar brigando com o jogo, mas talvez seja a minha internet!",0.2749440670013428,0.6573635339736938,0.0676923766732215,NEU,0.2822163999080658,0.0039558014832437,0.0488108024001121,0.0029638698324561,0.0293948892503976,0.004781256429851,0.0072332052513957,0.22311419,Papile,Roblox,VIVENDO COMO SORVETEIRO ROD DO ICE SCREAM no ROBLOX [NFQt4xDH_1g],,GZ,GZ,GZ,"🎬 Canal: Papile | 🎥 Vídeo: VIVENDO COMO SORVETEIRO ROD DO ICE SCREAM no ROBLOX [NFQt4xDH_1g]
⏱️ Segmento/Index: 8
🤖 Consenso de IA: GZ (Detoxify: 0.282 | Perspective: 0.223)
──────────────────────────────────────────────────
Fala transcrita:
""Começa logo! Estou esperando! Estou esperando junto com vocês! Aqui é final! Tá mudando de cor a tela! Mas por que não vai logo? Fica mudando a boca dele! Mas o jogo não entra! Eu vou contar até 10! Se não entrar eu vou trocar! 1 2 3 4 5 6 7 8 9 10 Ah, não entrou! Bacaria de jogo! Deixa eu tentar esse! Diz que está em construção esse... Vamos ver! Vamos ver se entra pelo menos! Posso estar brigando com o jogo, mas talvez seja a minha internet!""",Avaliador_C,Avaliador_D
10,"Eu tenho a gangorra. Vou colocar ela aqui nessa. Boa. Davi, vamos brincar. Cadê você? Calma aí, calma aí. Está aqui, está aqui. Olha só, eu tenho aqui uma... Ele está aqui. Coloca aí na árvore. Nossa, que legal. Calma aí. Eu vou botar aqui alguns balanços aqui. É uma festa. É uma festa. Tem muitos... Ah, que é isso? Que que é isso? Tem um zumbi aqui. Corre para casa. Corre, filho, para casa. Corre, corre, corre. Fecha a porta, fecha a porta. O fulé é muito forte. O que foi? O que foi isso? O que está acontecendo aqui, meu? Olhem pela janela. É um zumbi mutante. A gente tem que acabar com ele. Ele não pode estragar o nosso dia. Sobe, Beto. Vamos colocar a nossa armadura. Vem, Davi. Eu estou indo, Robin. Fica calmo. Meu, que coisa estranha. Do nada um zumbi. A gente estava preparando a nossa casa para o dia das crianças. Construindo um parque, colocando vários brinquedos aqui na frente. E de repente um zumbi mutante enorme apareceu para nos atacar e destruir tudo. Mas isso não vai ficar assim.",0.1101050227880477,0.8025602698326111,0.0873347222805023,NEU,0.3168044984340668,0.0008769434061832,0.0266843736171722,0.0007172637851908,0.0543122105300426,0.0726327523589134,0.0020877299830317,0.2330714,Robin Hood Gamer,Minecraft,AO VIVO FAMÍLIA ARQUEIRA NO DIA DAS CRIANÇAS NO MINECRAFT [KH7OGnqwN8U],,GZ,GZ,GZ,"🎬 Canal: Robin Hood Gamer | 🎥 Vídeo: AO VIVO FAMÍLIA ARQUEIRA NO DIA DAS CRIANÇAS NO MINECRAFT [KH7OGnqwN8U]
⏱️ Segmento/Index: 10
🤖 Consenso de IA: GZ (Detoxify: 0.317 | Perspective: 0.233)
──────────────────────────────────────────────────
Fala transcrita:
""Eu tenho a gangorra. Vou colocar ela aqui nessa. Boa. Davi, vamos brincar. Cadê você? Calma aí, calma aí. Está aqui, está aqui. Olha só, eu tenho aqui uma... Ele está aqui. Coloca aí na árvore. Nossa, que legal. Calma aí. Eu vou botar aqui alguns balanços aqui. É uma festa. É uma festa. Tem muitos... Ah, que é isso? Que que é isso? Tem um zumbi aqui. Corre para casa. Corre, filho, para casa. Corre, corre, corre. Fecha a porta, fecha a porta. O fulé é muito forte. O que foi? O que foi isso? O que está acontecendo aqui, meu? Olhem pela janela. É um zumbi mutante. A gente tem que acabar com ele. Ele não pode estragar o nosso dia. Sobe, Beto. Vamos colocar a nossa armadura. Vem, Davi. Eu estou indo, Robin. Fica calmo. Meu, que coisa estranha. Do nada um zumbi. A gente estava preparando a nossa casa para o dia das crianças. Construindo um parque, colocando vários brinquedos aqui na frente. E de repente um zumbi mutante enorme apareceu para nos atacar e destruir tudo. Mas isso não vai ficar assim.""",Avaliador_C,Avaliador_D
12,"Eu acho que ele fez alguma coisa pra eu não conseguir atirar nele Ai, eu vou falar com ele, não importa Ô, jogador! Ai, quem é você? Não, eu sou um esqueleto que segura a espada Se você não falar comigo, eu vou te dar espadada E o que você quer? Eu quero ver se a minha flecha, eu consigo acertar ela em ti Ah, consegui! É só isso que você veio fazer aqui? Claro, eu vim pegar contigo! Não, calma, calma, calma Calma, não vamos se atacar Tem até uma coisa melhor Eu tô procurando o raio X Eu quero analisar meus ossos porque, acredite ou não, eu não era um esqueleto Eu morri, meus amigos me mataram Deixa eu até tirar essa armadura pra você ver melhor Aqui, até vou tirar o capacete Ai, ai, não, tô queimando, tô queimando, não Não, não, não, deixa pra água O capacete eu não posso tirar porque é dia Então, eu tô procurando o raio X pra eu descobrir qual é o meu problema E como eu faço pra voltar a ter um corpo? Raio X, eu acho que eu tenho alguma coisa no baú aqui É, eu preciso ir pro hospital, sabe? Hospital? Eu tenho exatamente isso Isso, deixa eu ver Localização do hospital pra você Ah, perfeito Eu não consigo pegar ela!",0.2402144968509674,0.7023776173591614,0.0574079155921936,NEU,0.8321837782859802,0.0143771115690469,0.0548439584672451,0.0047278911806643,0.0432246588170528,0.0699920728802681,0.0227525345981121,0.47886392,Athos,Minecraft,ATHOS VIROU ESQUELETO NO MINECRAFT [b87av7af748],,T,T,T,"🎬 Canal: Athos | 🎥 Vídeo: ATHOS VIROU ESQUELETO NO MINECRAFT [b87av7af748]
⏱️ Segmento/Index: 12
🤖 Consenso de IA: T (Detoxify: 0.832 | Perspective: 0.479)
──────────────────────────────────────────────────
Fala transcrita:
""Eu acho que ele fez alguma coisa pra eu não conseguir atirar nele Ai, eu vou falar com ele, não importa Ô, jogador! Ai, quem é você? Não, eu sou um esqueleto que segura a espada Se você não falar comigo, eu vou te dar espadada E o que você quer? Eu quero ver se a minha flecha, eu consigo acertar ela em ti Ah, consegui! É só isso que você veio fazer aqui? Claro, eu vim pegar contigo! Não, calma, calma, calma Calma, não vamos se atacar Tem até uma coisa melhor Eu tô procurando o raio X Eu quero analisar meus ossos porque, acredite ou não, eu não era um esqueleto Eu morri, meus amigos me mataram Deixa eu até tirar essa armadura pra você ver melhor Aqui, até vou tirar o capacete Ai, ai, não, tô queimando, tô queimando, não Não, não, não, deixa pra água O capacete eu não posso tirar porque é dia Então, eu tô procurando o raio X pra eu descobrir qual é o meu problema E como eu faço pra voltar a ter um corpo? Raio X, eu acho que eu tenho alguma coisa no baú aqui É, eu preciso ir pro hospital, sabe? Hospital? Eu tenho exatamente isso Isso, deixa eu ver Localização do hospital pra você Ah, perfeito Eu não consigo pegar ela!""",Avaliador_C,Avaliador_D
11,"Vida louca! Mami, esse jogo tá meio fácil, viu? Tô me sentindo hoje! Eu caí no sorvete e não morri! O que? Lula, joga lá pra ver, luluca! Pode se jogar? Você já passou no checkpoint? Não tem... Calma, calma! Primeiro deixa eu passar no checkpoint aí! Tô passando, checkpoint! Ok, peguei! Se voltar eu vou matar no sorvete! Vem, vem! Pera aí! Sorvete tete você! Oh! Eu consegui ficar um tempo! Eu pulei três vezes dentro do sorvete azul! E aí, o que você fez? Aí eu passei pra cá! Peraí! Oh! Viu isso? Viu? Falei que dá! Não pode segurar o pé de zicula! É, não pode! Mas vamos acabar, agora a gente tem que... Achei legal, hein? Achei legal! Let's go! Sabe o que ele falou? Oh! Oh! My! God!",0.132267341017723,0.677675187587738,0.1900575011968612,NEU,0.506239652633667,0.0019044608343392,0.0792212635278701,0.0008517461828887,0.0498917438089847,0.018578240647912,0.0046516358852386,0.37458646,Luluca Games,Roblox,Roblox - ESCAPAMOS DA SORVETERIA MALUCA Escape The Ice Cream Obby  Luluca Games [2XXK8RDBgn0],0.1322672367095947,GZ,GZ,GZ,"🎬 Canal: Luluca Games | 🎥 Vídeo: Roblox - ESCAPAMOS DA SORVETERIA MALUCA Escape The Ice Cream Obby  Luluca Games [2XXK8RDBgn0]
⏱️ Segmento/Index: 11
🤖 Consenso de IA: GZ (Detoxify: 0.506 | Perspective: 0.375)
──────────────────────────────────────────────────
Fala transcrita:
""Vida louca! Mami, esse jogo tá meio fácil, viu? Tô me sentindo hoje! Eu caí no sorvete e não morri! O que? Lula, joga lá pra ver, luluca! Pode se jogar? Você já passou no checkpoint? Não tem... Calma, calma! Primeiro deixa eu passar no checkpoint aí! Tô passando, checkpoint! Ok, peguei! Se voltar eu vou matar no sorvete! Vem, vem! Pera aí! Sorvete tete você! Oh! Eu consegui ficar um tempo! Eu pulei três vezes dentro do sorvete azul! E aí, o que você fez? Aí eu passei pra cá! Peraí! Oh! Viu isso? Viu? Falei que dá! Não pode segurar o pé de zicula! É, não pode! Mas vamos acabar, agora a gente tem que... Achei legal, hein? Achei legal! Let's go! Sabe o que ele falou? Oh! Oh! My! God!""",Avaliador_C,Avaliador_D
13,"Caramba. Chato. Mas não tava muito longe daqui não, K.R. Tava não, não tava não. Nossa, deixa eu fazer um pouquinho de back, que eu tô cheio de lixo aqui. Eu também tô. Tem alguma outra estrutura terra... Terreno aí? Hum, não. Só tem o templo e essa daí. Agora são duas do nether. É duas aqui, duas no nether e o stronghold, né? Beleza, galera. A gente vai fazer um portalzinho aqui. E a gente já volta. Beleza, galera! Conseguimos aqui fazer o portal. Agora a gente vai pro portal e fazer a estrutura lá. Vamos lá. A gente precisa de um monte de coisa, um negócio assim chato. A gente precisa disso aqui. Deixa eu ver aqui o que a gente precisa. Ih rapaz, nem esse não. E precisa, e precisa fazer estrutura? Olha ela aqui. Nascemos do lado da estrutura, velho. Como assim? Vamos lá, velho. Então, que sorte. Ai, a gente não precisa, velho. Olha isso, mano. Meu Deus. Como assim, cara? Que sorte, acho que a gente precisa desse bloco aqui também, ó. Pedra negra. Preciso de cinco pedra negra. Preciso dessa... É um netherrack mais vermelho. Não é um netherrack desse aqui comum. Não? Não é esse netherrack aqui. É uma pedra vermelha mais forte, sabe? Eu não lembro, eu não sei como é que é o nome dessa pedra ali.",0.9583699107170104,0.033469308167696,0.0081607066094875,NEG,0.3342882096767425,0.0059599722735583,0.0537673942744731,0.0043592494912445,0.0464525148272514,0.0051695401780307,0.0073917224071919,0.39441586,Kass e KR,Minecraft,Posso CRIAR ESTRUTURAS no Minecraft [aV9uPovI15w],,GZ,GZ,GZ,"🎬 Canal: Kass e KR | 🎥 Vídeo: Posso CRIAR ESTRUTURAS no Minecraft [aV9uPovI15w]
⏱️ Segmento/Index: 13
🤖 Consenso de IA: GZ (Detoxify: 0.334 | Perspective: 0.394)
──────────────────────────────────────────────────
Fala transcrita:
""Caramba. Chato. Mas não tava muito longe daqui não, K.R. Tava não, não tava não. Nossa, deixa eu fazer um pouquinho de back, que eu tô cheio de lixo aqui. Eu também tô. Tem alguma outra estrutura terra... Terreno aí? Hum, não. Só tem o templo e essa daí. Agora são duas do nether. É duas aqui, duas no nether e o stronghold, né? Beleza, galera. A gente vai fazer um portalzinho aqui. E a gente já volta. Beleza, galera! Conseguimos aqui fazer o portal. Agora a gente vai pro portal e fazer a estrutura lá. Vamos lá. A gente precisa de um monte de coisa, um negócio assim chato. A gente precisa disso aqui. Deixa eu ver aqui o que a gente precisa. Ih rapaz, nem esse não. E precisa, e precisa fazer estrutura? Olha ela aqui. Nascemos do lado da estrutura, velho. Como assim? Vamos lá, velho. Então, que sorte. Ai, a gente não precisa, velho. Olha isso, mano. Meu Deus. Como assim, cara? Que sorte, acho que a gente precisa desse bloco aqui também, ó. Pedra negra. Preciso de cinco pedra negra. Preciso dessa... É um netherrack mais vermelho. Não é um netherrack desse aqui comum. Não? Não é esse netherrack aqui. É uma pedra vermelha mais forte, sabe? Eu não lembro, eu não sei como é que é o nome dessa pedra ali.""",Avaliador_C,Avaliador_D
3,"Aí eu vim pra trás dessa caixa aqui Pra esperar a movimentação do squad inimigo E eu pensei que eu ia ficar sozinha aqui Mas quando eu me dei conta O meu squad estava todo comigo aqui na base Sena linda de união no free fry E eu acabei de decretar que essa moleque Essa moleque A partir de hoje é a minha melhor amiga Vai BFF, me ajuda a atirar aí por favor Me ajuda a atirar, como é que é a atira de USP?",0.0204332061111927,0.1005704030394554,0.8789963722229004,POS,0.7246162295341492,0.0050623249262571,0.0419535562396049,0.0025850243400782,0.0331600122153759,0.058080181479454,0.0101079195737838,0.27412915,Amy Scarlet,Roblox,EU FINGI SER UM BOT [KL-ePj0xPrY],,GZ,GZ,GZ,"🎬 Canal: Amy Scarlet | 🎥 Vídeo: EU FINGI SER UM BOT [KL-ePj0xPrY]
⏱️ Segmento/Index: 3
🤖 Consenso de IA: GZ (Detoxify: 0.725 | Perspective: 0.274)
──────────────────────────────────────────────────
Fala transcrita:
""Aí eu vim pra trás dessa caixa aqui Pra esperar a movimentação do squad inimigo E eu pensei que eu ia ficar sozinha aqui Mas quando eu me dei conta O meu squad estava todo comigo aqui na base Sena linda de união no free fry E eu acabei de decretar que essa moleque Essa moleque A partir de hoje é a minha melhor amiga Vai BFF, me ajuda a atirar aí por favor Me ajuda a atirar, como é que é a atira de USP?""",Avaliador_C,Avaliador_D
1,"Já que vamos enfrentar Endermans Mutantes antes do desafio do Enderman de Lucky Blocks, é melhor a gente se preparar. E aqui na parte de cima da nossa casa tem alguns itens especiais. Tem uma espada de ferro com afiação 2 e um arco super encantado que tem flechas infinitas. Faísca, tudo bem com você? Eu espero que esteja tudo bem, pois hoje eu vou correr um grande perigo aqui junto com o Davi. Vamos enfrentar Endermans Mutantes e depois iremos enfrentar o desafio Enderman de Lucky Blocks. Olha só, a faísca tá aqui, cala aí. O Rominho não tá vendo nada, eu vou roubar a faísca dele. Que história é essa de roubar a faísca, Davi? Melhor deixar ela aqui no quarto, porque se não ela vai correr perigo nesse desafio. Então vai pra lá que eu vou me preparar aqui agora. Minha espada tá aqui, minha armadura de Capitão Vaca, meu arco. Vai ser muito fera enfrentar Endermans Mutantes. Davi, tem um problema aqui! Você mexeu na minha porta e agora eu não tô conseguindo sair da minha... da minha casa. O que aconteceu aí? Ah, quebrei a porta e agora tudo foi resolvido.",0.030061712488532,0.8387220501899719,0.131216213107109,NEU,0.0157803315669298,0.0013625887222588,0.0155272232368588,0.0012068034848198,0.0142280487343668,0.0038718471769243,0.0008196923299692,0.13561769,Robin Hood Gamer,Minecraft,SOBREVIVA AO DESAFIO DO ENDERMAN DE LUCKY BLOCK PRETO NO MINECRAFT [HPdnEAFYWlY],,NT,NT,NT,"🎬 Canal: Robin Hood Gamer | 🎥 Vídeo: SOBREVIVA AO DESAFIO DO ENDERMAN DE LUCKY BLOCK PRETO NO MINECRAFT [HPdnEAFYWlY]
⏱️ Segmento/Index: 1
🤖 Consenso de IA: NT (Detoxify: 0.016 | Perspective: 0.136)
──────────────────────────────────────────────────
Fala transcrita:
""Já que vamos enfrentar Endermans Mutantes antes do desafio do Enderman de Lucky Blocks, é melhor a gente se preparar. E aqui na parte de cima da nossa casa tem alguns itens especiais. Tem uma espada de ferro com afiação 2 e um arco super encantado que tem flechas infinitas. Faísca, tudo bem com você? Eu espero que esteja tudo bem, pois hoje eu vou correr um grande perigo aqui junto com o Davi. Vamos enfrentar Endermans Mutantes e depois iremos enfrentar o desafio Enderman de Lucky Blocks. Olha só, a faísca tá aqui, cala aí. O Rominho não tá vendo nada, eu vou roubar a faísca dele. Que história é essa de roubar a faísca, Davi? Melhor deixar ela aqui no quarto, porque se não ela vai correr perigo nesse desafio. Então vai pra lá que eu vou me preparar aqui agora. Minha espada tá aqui, minha armadura de Capitão Vaca, meu arco. Vai ser muito fera enfrentar Endermans Mutantes. Davi, tem um problema aqui! Você mexeu na minha porta e agora eu não tô conseguindo sair da minha... da minha casa. O que aconteceu aí? Ah, quebrei a porta e agora tudo foi resolvido.""",Avaliador_C,Avaliador_D
5,"Tamo rico! Tamo rico, Eduarda! Tamo rico! Meu Deus, eu tô enxergando nada, meu filho, calma aí Mano, eu lanço um raio, olha isso, eu transformo... Olha como esse village é ostentação, olha a casa dele, Eduarda Caraca aí! Mano, agora eu queria ser um village, de verdade, olha a casa do maluco, mano Eu consigo acertar alguém assim? Não Consigo! Eu acertei a ovelha, ela virou... Uma esmeralda Que loucura Meu Deus Deixa eu te perguntar uma coisa, cadê os outros itens? Não, tá aqui, ó! Relaxa, filho, ó, ele foi o único... Olha, furo Rapaz, ele foi o único que sobreviveu, tá tudo certo Eduarda, vou fazer o de lava agora Faz o de lava, faz o de lava Porque eu tô com medo, eu tenho que fazer o de lava, vamos fazer o de lava Ó, vou até me afastar um pouco Meu Deus, tá Meu Deus do céu Vamos... Vamos vir pra cá? É, vamos se afastar, né? Porque é bem perigoso Vamos... Vamos... Aiaiaiai! Meu Deus, corre! Que isso? É o de lava, Eduarda, o que que tá acontecendo? Eu vou morrer! Aaaaaaah!",0.1551152169704437,0.5906468033790588,0.254237949848175,NEU,0.4855551421642303,0.0067801857367157,0.0553749166429042,0.0032380879856646,0.0356029160320758,0.0115289157256484,0.0086287865415215,0.24603334,Marcelodrv,Minecraft,MINECRAFT mas podemos fazer MÃOS CUSTOMIZADAS [NrQLEh7EWqU],,GZ,GZ,GZ,"🎬 Canal: Marcelodrv | 🎥 Vídeo: MINECRAFT mas podemos fazer MÃOS CUSTOMIZADAS [NrQLEh7EWqU]
⏱️ Segmento/Index: 5
🤖 Consenso de IA: GZ (Detoxify: 0.486 | Perspective: 0.246)
──────────────────────────────────────────────────
Fala transcrita:
""Tamo rico! Tamo rico, Eduarda! Tamo rico! Meu Deus, eu tô enxergando nada, meu filho, calma aí Mano, eu lanço um raio, olha isso, eu transformo... Olha como esse village é ostentação, olha a casa dele, Eduarda Caraca aí! Mano, agora eu queria ser um village, de verdade, olha a casa do maluco, mano Eu consigo acertar alguém assim? Não Consigo! Eu acertei a ovelha, ela virou... Uma esmeralda Que loucura Meu Deus Deixa eu te perguntar uma coisa, cadê os outros itens? Não, tá aqui, ó! Relaxa, filho, ó, ele foi o único... Olha, furo Rapaz, ele foi o único que sobreviveu, tá tudo certo Eduarda, vou fazer o de lava agora Faz o de lava, faz o de lava Porque eu tô com medo, eu tenho que fazer o de lava, vamos fazer o de lava Ó, vou até me afastar um pouco Meu Deus, tá Meu Deus do céu Vamos... Vamos vir pra cá? É, vamos se afastar, né? Porque é bem perigoso Vamos... Vamos... Aiaiaiai! Meu Deus, corre! Que isso? É o de lava, Eduarda, o que que tá acontecendo? Eu vou morrer! Aaaaaaah!""",Avaliador_C,Avaliador_D
8,"Vem cá, vem cá, vem cá, vem cá, vem cá Vem cá que eu acho que eu tenho uma solução Eles não sabem que eu tenho um ovo de TNT Ai, não, ele veio, não Meu Deus do céu Eduardo, cadê você? Não tô nem te vendo Então é isso, galera, o vídeo vai ficando por aqui Espero que você que tá assistindo tenha gostado Aproveita e deixa o like aqui embaixo Também se inscreva no canal e ativa o sininho Pra não perder nenhum vídeo aqui desse canal maravilhoso O Eduardo também postou um vídeo, galera Tá aqui na descrição e também nos comentários Vai lá ver o canal dela Tem que deixar o like lá, hein Compartilhar também Segue também o Eduardo lá no Instagram Que tá aparecendo aqui na tela e também tá na descrição, galera Falta pouquinho pra gente chegar a 1 milhão de inscritos aqui no canal Então já vai compartilhando esse vídeo com 3 amigos seus Então é isso, galera, valeu Falou e tchau Eduardo, vamos fazer um Tira-O-Alvo aqui? Será que a gente consegue acertar essa abelha no ar? Será?",0.068302646279335,0.4626089036464691,0.4690883755683899,POS,0.0488617680966854,0.0035069196019321,0.041093360632658,0.0034863105975091,0.0246790144592523,0.0018604190554469,0.0023489447776228,0.19939905,Marcelodrv,Minecraft,MINECRAFT mas AS GALINHAS BOTAM OVOS CUSTOMIZADOS [9I7YQo0rK7o],,NT,NT,NT,"🎬 Canal: Marcelodrv | 🎥 Vídeo: MINECRAFT mas AS GALINHAS BOTAM OVOS CUSTOMIZADOS [9I7YQo0rK7o]
⏱️ Segmento/Index: 8
🤖 Consenso de IA: NT (Detoxify: 0.049 | Perspective: 0.199)
──────────────────────────────────────────────────
Fala transcrita:
""Vem cá, vem cá, vem cá, vem cá, vem cá Vem cá que eu acho que eu tenho uma solução Eles não sabem que eu tenho um ovo de TNT Ai, não, ele veio, não Meu Deus do céu Eduardo, cadê você? Não tô nem te vendo Então é isso, galera, o vídeo vai ficando por aqui Espero que você que tá assistindo tenha gostado Aproveita e deixa o like aqui embaixo Também se inscreva no canal e ativa o sininho Pra não perder nenhum vídeo aqui desse canal maravilhoso O Eduardo também postou um vídeo, galera Tá aqui na descrição e também nos comentários Vai lá ver o canal dela Tem que deixar o like lá, hein Compartilhar também Segue também o Eduardo lá no Instagram Que tá aparecendo aqui na tela e também tá na descrição, galera Falta pouquinho pra gente chegar a 1 milhão de inscritos aqui no canal Então já vai compartilhando esse vídeo com 3 amigos seus Então é isso, galera, valeu Falou e tchau Eduardo, vamos fazer um Tira-O-Alvo aqui? Será que a gente consegue acertar essa abelha no ar? Será?""",Avaliador_C,Avaliador_D
10,"Peraí, viu? Famas? Oxe, tu é doido, é? Meu Deus, não me livre, meu Deus, não me livre. Eu jogar de famas? Pra que que eu vou jogar de famas se eu tenho uma arma melhor do que a famas? Quem nunca jogou de clar, né? Ih, rapaz, já achei um gelin? Ah, meu Deus, já é meu dia de sorte. E ele acha que ele é quem? Eu sou o Mobile e faço gelin agachado. Já vou testar ali que é pra entender aí. Visca, mano, e quando ele vê esse gelin agachado ele vai se treinando todo dia, meu bom.",0.6283430457115173,0.3188488781452179,0.052808117121458,NEG,0.676051139831543,0.002900046762079,0.0491933114826679,0.0071966452524065,0.1054460406303405,0.0033422745764255,0.01259948592633,0.32074678,meu nome é david,Roblox,X1 DOS CRIAS NA VIDA REAL   SUPER COMPILADOS [j-FPKmfw-c8],,GZ,GZ,GZ,"🎬 Canal: meu nome é david | 🎥 Vídeo: X1 DOS CRIAS NA VIDA REAL   SUPER COMPILADOS [j-FPKmfw-c8]
⏱️ Segmento/Index: 10
🤖 Consenso de IA: GZ (Detoxify: 0.676 | Perspective: 0.321)
──────────────────────────────────────────────────
Fala transcrita:
""Peraí, viu? Famas? Oxe, tu é doido, é? Meu Deus, não me livre, meu Deus, não me livre. Eu jogar de famas? Pra que que eu vou jogar de famas se eu tenho uma arma melhor do que a famas? Quem nunca jogou de clar, né? Ih, rapaz, já achei um gelin? Ah, meu Deus, já é meu dia de sorte. E ele acha que ele é quem? Eu sou o Mobile e faço gelin agachado. Já vou testar ali que é pra entender aí. Visca, mano, e quando ele vê esse gelin agachado ele vai se treinando todo dia, meu bom.""",Avaliador_C,Avaliador_D
3,"Eu sei! E Sofía, não esquece do outro braço não, tá bom, Sofía? Tá bom? Uhum. E Sofía, é pra pintar de verde, tá bom? Tá bom? Tá bom? Eu sei! A Mandinha, depois você não esquece de pintar de verde também não, tá, Mandinha? Tá bom! E a Mandinha, pra você é fácil lembrar, porque você é verde, né, Mandinha? Sim! Aí a Mandinha, como você é verde, não tem como esquecer porque essa você olha pra cor da sua roupinha, né? Isso! Aí, Mandinha, se você esquecer qual a cor dele é só pintar pro seu sapo, ele sabe o sapo, né? Sim, ele sabe. É que... Trapassa! Trapassa! Ô, Nath, você falou que ia ser sem cabeça e o seu tem cabeça, Nath, eu tô vendo a cabeça, Nath. Agora eu não quero mais com cabeça, eu quero ele bocudo. Bocudo, você vai fazer ele com bocão, Nath? Sim, com bocão enorme. Ô, Nath, eu só não coloco uma tromba nele porque ele não é elefante igual você, tá bom, Nath? Ah, eu queria! Não, Nath, porque o verde do Rainbow Friends, ele não tem tromba, tá bom? Tá bom? Não tem, não. Tá bom?",0.0993022546172142,0.7976358532905579,0.1030619069933891,NEU,0.4065095782279968,0.0035837232135236,0.0520996302366256,0.0032610388007014,0.0550406649708747,0.0141860824078321,0.0130595695227384,0.20265625,Lokis,Roblox,VERDE DESENHO NA PAREDE DO RAINBOW FRIENDS  Roblox - Spray Paint [Z0f5cwYKWZY],,GZ,GZ,GZ,"🎬 Canal: Lokis | 🎥 Vídeo: VERDE DESENHO NA PAREDE DO RAINBOW FRIENDS  Roblox - Spray Paint [Z0f5cwYKWZY]
⏱️ Segmento/Index: 3
🤖 Consenso de IA: GZ (Detoxify: 0.407 | Perspective: 0.203)
──────────────────────────────────────────────────
Fala transcrita:
""Eu sei! E Sofía, não esquece do outro braço não, tá bom, Sofía? Tá bom? Uhum. E Sofía, é pra pintar de verde, tá bom? Tá bom? Tá bom? Eu sei! A Mandinha, depois você não esquece de pintar de verde também não, tá, Mandinha? Tá bom! E a Mandinha, pra você é fácil lembrar, porque você é verde, né, Mandinha? Sim! Aí a Mandinha, como você é verde, não tem como esquecer porque essa você olha pra cor da sua roupinha, né? Isso! Aí, Mandinha, se você esquecer qual a cor dele é só pintar pro seu sapo, ele sabe o sapo, né? Sim, ele sabe. É que... Trapassa! Trapassa! Ô, Nath, você falou que ia ser sem cabeça e o seu tem cabeça, Nath, eu tô vendo a cabeça, Nath. Agora eu não quero mais com cabeça, eu quero ele bocudo. Bocudo, você vai fazer ele com bocão, Nath? Sim, com bocão enorme. Ô, Nath, eu só não coloco uma tromba nele porque ele não é elefante igual você, tá bom, Nath? Ah, eu queria! Não, Nath, porque o verde do Rainbow Friends, ele não tem tromba, tá bom? Tá bom? Não tem, não. Tá bom?""",Avaliador_C,Avaliador_D
16,"Ah, Cadris, pera aí, rapidinho! Deixa eu só terminar de ajeitar aqui, aqui... Ah, não, não, NARU, para com isso! Que isso, NARU, eu vim aqui ver essa construção, você tacou lava nela! Eu não taquei lava nada, essa lava apareceu do nada! Assim como aquele negócio ali esquisito que tem uma assombração dentro! Uma assombração? Como assim uma assombração? É, entra aqui pra você ver, ó! Um bicho esquisito que tem ali dentro, ó lá, ó! Ah, esse daqui, nossa, esse daqui é muito fofo! Essa daqui é sua construção? Que? Fofo? É, olha só a carinha dele! Cadris, olha pra cá desse bicho! Bicho é feio demais, não é fofo, não! Ele é muito fofo a boquinha dele, nossa! Eu acho que as daqui você vai viver, você! Esse bicho aqui tá incrível, esse outro aqui tá horrível, né? Mas o outro lá tá incrível! Não, Cadris, o panda é o fofinho, Cadris! Não, o panda tá horrível, o panda me dá medo! Mas, ó, NARU, vem aqui! O panda te dá medo? Pra você ver, a minha construção, ela também ficou muito fofa, igual a sua! Cadris, que bicho é esse, Cadris?",0.9394814968109132,0.0519848987460136,0.0085335224866867,NEG,0.4118740260601043,0.0046291118487715,0.0500093102455139,0.0031724204309284,0.0515256933867931,0.0047581479884684,0.0095715783536434,0.29039988,Cadres,Minecraft,Usei MÃO DA WANDINHA PRONTA na BATALHA DE CONSTRUÇÃO do MINECRAFT [Bnj6Yj1UXrg],,GZ,GZ,GZ,"🎬 Canal: Cadres | 🎥 Vídeo: Usei MÃO DA WANDINHA PRONTA na BATALHA DE CONSTRUÇÃO do MINECRAFT [Bnj6Yj1UXrg]
⏱️ Segmento/Index: 16
🤖 Consenso de IA: GZ (Detoxify: 0.412 | Perspective: 0.29)
──────────────────────────────────────────────────
Fala transcrita:
""Ah, Cadris, pera aí, rapidinho! Deixa eu só terminar de ajeitar aqui, aqui... Ah, não, não, NARU, para com isso! Que isso, NARU, eu vim aqui ver essa construção, você tacou lava nela! Eu não taquei lava nada, essa lava apareceu do nada! Assim como aquele negócio ali esquisito que tem uma assombração dentro! Uma assombração? Como assim uma assombração? É, entra aqui pra você ver, ó! Um bicho esquisito que tem ali dentro, ó lá, ó! Ah, esse daqui, nossa, esse daqui é muito fofo! Essa daqui é sua construção? Que? Fofo? É, olha só a carinha dele! Cadris, olha pra cá desse bicho! Bicho é feio demais, não é fofo, não! Ele é muito fofo a boquinha dele, nossa! Eu acho que as daqui você vai viver, você! Esse bicho aqui tá incrível, esse outro aqui tá horrível, né? Mas o outro lá tá incrível! Não, Cadris, o panda é o fofinho, Cadris! Não, o panda tá horrível, o panda me dá medo! Mas, ó, NARU, vem aqui! O panda te dá medo? Pra você ver, a minha construção, ela também ficou muito fofa, igual a sua! Cadris, que bicho é esse, Cadris?""",Avaliador_C,Avaliador_D
6,"Volta e dá um nesse pouquinho, tá atrás de tu aí, só de mal. Não, não deu, não deu. Que foi um golpe reversa. Reversa, reversa! Aí, ó, pega agora da frente. No ar, ó. Ah, não deu, não deu. Que trago, ó. Olha, x1, x1, eu e o samurai, vem. Toma! O samurai, vê? Ele não treinou com o mestre super dinamitration. Tá o dinamitron que treinou com o dinamitration. Ah... Vai, eita, aí ó, o famoso bloc-bloc. Tu quer que eu faça o quê com esse show-tigum verde, velho? Ele não é dinamitron, velho. Tu mata ele aí, mano. Tu pega ele, tá caindo no laser, aí vai ser épico, tá ligado? Tu pega ele no coração, volta ele para o lateral, mas tu tem que parar ele... Meu Deus! E menina, tu quer passar uma nervosa na força, é? Meu Deus, cadê ele? Foi de F já? Já, tô... Por que ele caiu? Porque ele não é dinamitron. Eu fui o primeiro que caiu, ó, de um ali, ó. Vai, vai, vai, eu quero ver... Elimina o povo, cara, elimina o povo, quero ver a agressividade. Tu é um cara muito pacífico, velho. Aqui, ó, ó, ó. Eu vou fingir que não vi.",0.5661858320236206,0.399209976196289,0.0346042364835739,NEG,0.405001699924469,0.0022932693827897,0.0307202786207199,0.0026625038590282,0.0644508376717567,0.018315739929676,0.0102194864302873,0.33338684,meu nome é david,Roblox,O DYNAMITRON TEM PODERES ESPECIAIS  DESAFIO DAS SKINS SPECIAIS NO STUMBLE GUYS [j_YgvR6mngA],,GZ,GZ,GZ,"🎬 Canal: meu nome é david | 🎥 Vídeo: O DYNAMITRON TEM PODERES ESPECIAIS  DESAFIO DAS SKINS SPECIAIS NO STUMBLE GUYS [j_YgvR6mngA]
⏱️ Segmento/Index: 6
🤖 Consenso de IA: GZ (Detoxify: 0.405 | Perspective: 0.333)
──────────────────────────────────────────────────
Fala transcrita:
""Volta e dá um nesse pouquinho, tá atrás de tu aí, só de mal. Não, não deu, não deu. Que foi um golpe reversa. Reversa, reversa! Aí, ó, pega agora da frente. No ar, ó. Ah, não deu, não deu. Que trago, ó. Olha, x1, x1, eu e o samurai, vem. Toma! O samurai, vê? Ele não treinou com o mestre super dinamitration. Tá o dinamitron que treinou com o dinamitration. Ah... Vai, eita, aí ó, o famoso bloc-bloc. Tu quer que eu faça o quê com esse show-tigum verde, velho? Ele não é dinamitron, velho. Tu mata ele aí, mano. Tu pega ele, tá caindo no laser, aí vai ser épico, tá ligado? Tu pega ele no coração, volta ele para o lateral, mas tu tem que parar ele... Meu Deus! E menina, tu quer passar uma nervosa na força, é? Meu Deus, cadê ele? Foi de F já? Já, tô... Por que ele caiu? Porque ele não é dinamitron. Eu fui o primeiro que caiu, ó, de um ali, ó. Vai, vai, vai, eu quero ver... Elimina o povo, cara, elimina o povo, quero ver a agressividade. Tu é um cara muito pacífico, velho. Aqui, ó, ó, ó. Eu vou fingir que não vi.""",Avaliador_C,Avaliador_D
7,"Ela vai ficar lá em cima mesmo, segurando o ponto Aí eu fiquei esperando mais ainda ela aqui para ver se ela ia descer E nada de Lucrecia Ela não pulou, não fez nada, nada de Lucrecia Eu falei, vou me embora, vou me picar A safe está fechando Mas agora eu vou contar um mistério que vai deixar vocês muito assustados Eu vou voltar para uma parte do vídeo que ninguém percebeu nada E eu que só vim perceber quando vim editar o vídeo Então se liga, olha o que aconteceu quando eu pulei Olha o corpo de Lucrecia aqui no chão e eu não tinha percebido Eu só percebi agora depois que eu fui editar o vídeo, gente Eu to muito assustada Aí eu lembrei que no início do vídeo Eu tinha dado um murro de 72 na Lucrecia, gente Eu matei a Lucrecia E ela pulou comigo, ou seja, eu fui a pessoa que induziu ela ao suicídio Gente, eu to muito assustada Mas é aquilo, vida que segue, ela que lute Agora eu quero fazer o meu boiá para ganhar minha missão E cá estou eu como de costume andando no aberto Que é a coisa que eu mais amo fazer na minha vida Achar que eu sonjava ali, correndo aberto no mato E tava tudo bem até eu inventar de ir na zona amarela pra ver quem tava perto de mim Só curiosidade mesmo porque eu nem ia matar ninguém Eu cheguei lá e não é que tinha um pontinho vermelho Eu falei, olha, tem um marginal aqui, vou correr logo E foi aí que começou tudo a dar errado O pontinho vermelho tava se aproximando de mim, cara Eu falei, oh meu Deus, eu só vim ver, eu só vim fofocar Eu não quero, não, não, o pontinho vermelho se aproximando Fui aí que eu fui ao meu primeiro 150 Nessa hora você não sabe que é gelo agachado Você não sabe que é gelo deitado Você só sabe se segurar pra você não morrer Eu não tinha mais gelo, não tinha mais dignidade Eu não tinha mais nada Pra mim humilhação é isso, você tá se escondendo atrás de um árvore pra você não morrer E isso pra mim que é humilhação, né? Nem você morrer, você tá se escondendo atrás de um árvore Todo mundo sempre me disse na vida Se tiver em choque, liga pro Batman Não tinha telefoninho, não tinha nada, eu tava em choque Não tinha quem me socorresse Nessa hora não tinha um duo, não tinha um squad E toma 150, o menino tava errando num tiro, gente É nessas horas que eu me pergunto Por que é que eu jogo free fire? Vai passar raiva, vai ser humilhada?",0.1756296753883361,0.609947919845581,0.2144223600625991,NEU,0.5323365926742554,0.0144186178222298,0.051055546849966,0.0060987467877566,0.0446574725210666,0.0177435372024774,0.0137892924249172,0.20335422,Amy Scarlet,Roblox,Não use o portal do Free Fire [BwSrIqzeJVE],,GZ,GZ,GZ,"🎬 Canal: Amy Scarlet | 🎥 Vídeo: Não use o portal do Free Fire [BwSrIqzeJVE]
⏱️ Segmento/Index: 7
🤖 Consenso de IA: GZ (Detoxify: 0.532 | Perspective: 0.203)
──────────────────────────────────────────────────
Fala transcrita:
""Ela vai ficar lá em cima mesmo, segurando o ponto Aí eu fiquei esperando mais ainda ela aqui para ver se ela ia descer E nada de Lucrecia Ela não pulou, não fez nada, nada de Lucrecia Eu falei, vou me embora, vou me picar A safe está fechando Mas agora eu vou contar um mistério que vai deixar vocês muito assustados Eu vou voltar para uma parte do vídeo que ninguém percebeu nada E eu que só vim perceber quando vim editar o vídeo Então se liga, olha o que aconteceu quando eu pulei Olha o corpo de Lucrecia aqui no chão e eu não tinha percebido Eu só percebi agora depois que eu fui editar o vídeo, gente Eu to muito assustada Aí eu lembrei que no início do vídeo Eu tinha dado um murro de 72 na Lucrecia, gente Eu matei a Lucrecia E ela pulou comigo, ou seja, eu fui a pessoa que induziu ela ao suicídio Gente, eu to muito assustada Mas é aquilo, vida que segue, ela que lute Agora eu quero fazer o meu boiá para ganhar minha missão E cá estou eu como de costume andando no aberto Que é a coisa que eu mais amo fazer na minha vida Achar que eu sonjava ali, correndo aberto no mato E tava tudo bem até eu inventar de ir na zona amarela pra ver quem tava perto de mim Só curiosidade mesmo porque eu nem ia matar ninguém Eu cheguei lá e não é que tinha um pontinho vermelho Eu falei, olha, tem um marginal aqui, vou correr logo E foi aí que começou tudo a dar errado O pontinho vermelho tava se aproximando de mim, cara Eu falei, oh meu Deus, eu só vim ver, eu só vim fofocar Eu não quero, não, não, o pontinho vermelho se aproximando Fui aí que eu fui ao meu primeiro 150 Nessa hora você não sabe que é gelo agachado Você não sabe que é gelo deitado Você só sabe se segurar pra você não morrer Eu não tinha mais gelo, não tinha mais dignidade Eu não tinha mais nada Pra mim humilhação é isso, você tá se escondendo atrás de um árvore pra você não morrer E isso pra mim que é humilhação, né? Nem você morrer, você tá se escondendo atrás de um árvore Todo mundo sempre me disse na vida Se tiver em choque, liga pro Batman Não tinha telefoninho, não tinha nada, eu tava em choque Não tinha quem me socorresse Nessa hora não tinha um duo, não tinha um squad E toma 150, o menino tava errando num tiro, gente É nessas horas que eu me pergunto Por que é que eu jogo free fire? Vai passar raiva, vai ser humilhada?""",Avaliador_C,Avaliador_D
29,"Olha o diamante, olha pra trás Tá, agora deu certo, jovem Escondem Pronto Estou escondido, deu certo Eu já Sai Eu já sai Eu já sai, já mergulhei aqui Pô, aqui Cronometrem então Agora conte dez minutos Então Estou contando dez minutos Saudades Deixa eu ver se eu estou bem camuflado aqui Calma um pouquinho pra direita Aqui eu consigo ver o Spock Se ele aparecer Estou vendo ele já E aí, hipocão? O que você está fazendo aí Perto da Redstone, velho? Tá no alto, velho Vou começar a denunciar essas coisas aí Estou no esconderijo Tá bom galera, eu vou parar de ficar falando E denunciando as coisas Ah, aproveitando pra lembrar Maninhos e maninhas que moram em Florianópolis Dia 4 de junho Eu estou aí em Florianópolis Com o Authentic Games O show vai ser no centro de convenções Centro-sul, então espero ver todos vocês lá Galera, vai aqui na descrição do vídeo Chama seu papai, mamãe, tia, mamãe Todo mundo Pra comprar seu ingresso e te levar lá No show do Authentic, que vai ser muito bacana Minha primeira vez em Florianópolis Ok?",0.0486856698989868,0.8212891817092896,0.130025178194046,NEU,0.0144971599802374,0.0036945552565157,0.0330705568194389,0.0028437112923711,0.0365841016173362,0.001724564936012,0.003378291381523,0.004775103,AuthenticGames,Minecraft,ESCONDE-ESCONDE de MINÉRIOS no MINECRAFT - FILME [vF2wvoc8Q84],,NT,NT,NT,"🎬 Canal: AuthenticGames | 🎥 Vídeo: ESCONDE-ESCONDE de MINÉRIOS no MINECRAFT - FILME [vF2wvoc8Q84]
⏱️ Segmento/Index: 29
🤖 Consenso de IA: NT (Detoxify: 0.014 | Perspective: 0.005)
──────────────────────────────────────────────────
Fala transcrita:
""Olha o diamante, olha pra trás Tá, agora deu certo, jovem Escondem Pronto Estou escondido, deu certo Eu já Sai Eu já sai Eu já sai, já mergulhei aqui Pô, aqui Cronometrem então Agora conte dez minutos Então Estou contando dez minutos Saudades Deixa eu ver se eu estou bem camuflado aqui Calma um pouquinho pra direita Aqui eu consigo ver o Spock Se ele aparecer Estou vendo ele já E aí, hipocão? O que você está fazendo aí Perto da Redstone, velho? Tá no alto, velho Vou começar a denunciar essas coisas aí Estou no esconderijo Tá bom galera, eu vou parar de ficar falando E denunciando as coisas Ah, aproveitando pra lembrar Maninhos e maninhas que moram em Florianópolis Dia 4 de junho Eu estou aí em Florianópolis Com o Authentic Games O show vai ser no centro de convenções Centro-sul, então espero ver todos vocês lá Galera, vai aqui na descrição do vídeo Chama seu papai, mamãe, tia, mamãe Todo mundo Pra comprar seu ingresso e te levar lá No show do Authentic, que vai ser muito bacana Minha primeira vez em Florianópolis Ok?""",Avaliador_C,Avaliador_D
17,"Sofía caiu Sofía caiu, sofía caiu Caiu Essa Sofía atrapalhada E agora como que ela vai voltar Não sei, tá bom O loquinho vai pulando Todos os quadradinhos Gente, vamos ficar juntinho pra gente ajudar os amiguinhos, né Espera, eu tô ensalada Vamos esperar todo mundo chegar Espera um pouquinho Ai, sabe, sabe, sabe Sabe, sabe, sabe, sabe Todo mundo sabe, sabe, sabe Sabe, sabe, sabe, sabe Sabe todo mundo Sabe no cabeção Ai, é assim que pode ajudar os amiguinhos Vai no buraquinho Na bolinha, na bolinha Vai, vai, pula Ai, ai Ae Me pulou, me pulou Não gostei Pula, o loquinho, pula, pula",0.3298276960849762,0.5799519419670105,0.0902203544974327,NEU,0.0601091496646404,0.0024893993977457,0.0315209329128265,0.0026945995632559,0.0337696224451065,0.0026322896592319,0.0035096416249871,0.11057663,Lokis,Roblox,QUEM PULA MAIS ALTO  Roblox - Jump Out The Hole [-b4exlEjRJw],,NT,NT,NT,"🎬 Canal: Lokis | 🎥 Vídeo: QUEM PULA MAIS ALTO  Roblox - Jump Out The Hole [-b4exlEjRJw]
⏱️ Segmento/Index: 17
🤖 Consenso de IA: NT (Detoxify: 0.06 | Perspective: 0.111)
──────────────────────────────────────────────────
Fala transcrita:
""Sofía caiu Sofía caiu, sofía caiu Caiu Essa Sofía atrapalhada E agora como que ela vai voltar Não sei, tá bom O loquinho vai pulando Todos os quadradinhos Gente, vamos ficar juntinho pra gente ajudar os amiguinhos, né Espera, eu tô ensalada Vamos esperar todo mundo chegar Espera um pouquinho Ai, sabe, sabe, sabe Sabe, sabe, sabe, sabe Todo mundo sabe, sabe, sabe Sabe, sabe, sabe, sabe Sabe todo mundo Sabe no cabeção Ai, é assim que pode ajudar os amiguinhos Vai no buraquinho Na bolinha, na bolinha Vai, vai, pula Ai, ai Ae Me pulou, me pulou Não gostei Pula, o loquinho, pula, pula""",Avaliador_C,Avaliador_D
21,"Espero que você não tenha ficado entediado, não, fiquei mais assim como posso dizer, assustado do que entediado né. O que? Anotações? Tarefas? Criaturas estranhas dos campos e da floresta? Eu certamente enviei pra você apenas uma carta e deixei apenas uma anotação na porta da frente antes de você chegar. Você provavelmente teve um pesadelo de algum tipo e eu não culpo você. Realmente é um pouco assustador aqui às vezes. Especialmente quando você está sozinho. Bem você não precisa mais se preocupar com isso. Que tal se eu fizer um pouco de café da manhã pra gente e dar um tour pra você pela propriedade? Pode ser tio, pode ser. Espero que você esteja pronto para a diversão de verão. Eu estou pronto tio. Ending 2. Eu fiz o, galera eu fiz o final 2. Então quer dizer que tem o final 1 que eu não fiz. Será que o final 1 seria aquele quando eu abri, quando eu, aliás quando eu tranquei as portas na ordem errada? Porque nessa segunda play que eu fiz eu tranquei na ordem certa né? Aí eu fiz o final 2.",0.2938913702964782,0.5689932107925415,0.137115404009819,NEU,0.004094807896763,0.0001762873434927,0.0047438777983188,0.0001704641617834,0.0033534006215631,0.0001893617591122,0.0001576665526954,0.17631748,Tex HS,Roblox,fui passar a SEXTA DO TERROR na fazenda assombrada do meu tio [eqlttFPO1l4],,NT,NT,NT,"🎬 Canal: Tex HS | 🎥 Vídeo: fui passar a SEXTA DO TERROR na fazenda assombrada do meu tio [eqlttFPO1l4]
⏱️ Segmento/Index: 21
🤖 Consenso de IA: NT (Detoxify: 0.004 | Perspective: 0.176)
──────────────────────────────────────────────────
Fala transcrita:
""Espero que você não tenha ficado entediado, não, fiquei mais assim como posso dizer, assustado do que entediado né. O que? Anotações? Tarefas? Criaturas estranhas dos campos e da floresta? Eu certamente enviei pra você apenas uma carta e deixei apenas uma anotação na porta da frente antes de você chegar. Você provavelmente teve um pesadelo de algum tipo e eu não culpo você. Realmente é um pouco assustador aqui às vezes. Especialmente quando você está sozinho. Bem você não precisa mais se preocupar com isso. Que tal se eu fizer um pouco de café da manhã pra gente e dar um tour pra você pela propriedade? Pode ser tio, pode ser. Espero que você esteja pronto para a diversão de verão. Eu estou pronto tio. Ending 2. Eu fiz o, galera eu fiz o final 2. Então quer dizer que tem o final 1 que eu não fiz. Será que o final 1 seria aquele quando eu abri, quando eu, aliás quando eu tranquei as portas na ordem errada? Porque nessa segunda play que eu fiz eu tranquei na ordem certa né? Aí eu fiz o final 2.""",Avaliador_C,Avaliador_D
2,"Não, não Tem que trabalhar Quem trabalha no restaurante só almoça quando todos os clientes comerem primeiro Nossa, sério, eu tô com fome agora Três, dois, um e começou Tá, eu tô esperando aqui pra servir, hein Tá, eu tenho que falar aqui com as pessoas o que ele quer, vamos ver Não tem nenhum pedido pra mim ainda Eu não tenho nada pra servir ainda Batatinha frita Só quero ver o Texin preparar essas comidas, gente Eu tô fritando a batatinha, calma, calma A gente não pode falir o restaurante, hein Tá saindo mais Não pode falir o restaurante, não vai não vou pagar as contas Não, gente, ó, e aqui, pessoal, meu menú Temos batatinha frita, temos hambúrguer Nossa, ajuda devagar, hein, olha o tamanho da fila Devagar? Ah, entregou a batata? Já entrei, já, ô, garçomete, vamos aí Já tô indo, já tô indo, vou servir, vou servir Prontinho Já servi, já Tá, beleza Nossa Tem um monte de hambúrguer aqui, vai queimar, vai Tem que sim, ô Vamos Não há de queimar hambúrguer, não, hein Olha o tanto de hambúrguer Texinho, meu Deus, o Texinho tem muita coisa pra preparar, gente Você é a vergonha da profissão Você é a vergonha da profissão Meu Deus, gente E daí, batatinha? Texinho, você tem tempo Eu sou a garçomete, eu não quero nem saber, eu não gosto de ajudar ninguém Vamos lá, os hamburguerzinhos aqui, ó Nossa, quatro hambúrguer, quem que pediu tudo isso? Então Não é uma pessoa que pediu tudo Vai, fake é pra família, né? É, mas eu sou só um aqui, o cozinheiro, né?",0.4129397273063659,0.4744358658790588,0.1126244217157363,NEU,0.2223383784294128,0.0054000164382159,0.0502140186727047,0.0058377189561724,0.0377252623438835,0.0024228640832006,0.0065491264685988,0.22311419,Julia MineGirl,Roblox,Roblox - FAÇA SEU PEDIDO DE LANCHE AQUI Burger Bay [OSoyv1KoXR4],,GZ,GZ,GZ,"🎬 Canal: Julia MineGirl | 🎥 Vídeo: Roblox - FAÇA SEU PEDIDO DE LANCHE AQUI Burger Bay [OSoyv1KoXR4]
⏱️ Segmento/Index: 2
🤖 Consenso de IA: GZ (Detoxify: 0.222 | Perspective: 0.223)
──────────────────────────────────────────────────
Fala transcrita:
""Não, não Tem que trabalhar Quem trabalha no restaurante só almoça quando todos os clientes comerem primeiro Nossa, sério, eu tô com fome agora Três, dois, um e começou Tá, eu tô esperando aqui pra servir, hein Tá, eu tenho que falar aqui com as pessoas o que ele quer, vamos ver Não tem nenhum pedido pra mim ainda Eu não tenho nada pra servir ainda Batatinha frita Só quero ver o Texin preparar essas comidas, gente Eu tô fritando a batatinha, calma, calma A gente não pode falir o restaurante, hein Tá saindo mais Não pode falir o restaurante, não vai não vou pagar as contas Não, gente, ó, e aqui, pessoal, meu menú Temos batatinha frita, temos hambúrguer Nossa, ajuda devagar, hein, olha o tamanho da fila Devagar? Ah, entregou a batata? Já entrei, já, ô, garçomete, vamos aí Já tô indo, já tô indo, vou servir, vou servir Prontinho Já servi, já Tá, beleza Nossa Tem um monte de hambúrguer aqui, vai queimar, vai Tem que sim, ô Vamos Não há de queimar hambúrguer, não, hein Olha o tanto de hambúrguer Texinho, meu Deus, o Texinho tem muita coisa pra preparar, gente Você é a vergonha da profissão Você é a vergonha da profissão Meu Deus, gente E daí, batatinha? Texinho, você tem tempo Eu sou a garçomete, eu não quero nem saber, eu não gosto de ajudar ninguém Vamos lá, os hamburguerzinhos aqui, ó Nossa, quatro hambúrguer, quem que pediu tudo isso? Então Não é uma pessoa que pediu tudo Vai, fake é pra família, né? É, mas eu sou só um aqui, o cozinheiro, né?""",Avaliador_C,Avaliador_D
4,"você não consegue reviver tá vivo aproveita a sua vida vou trazer aqui pra barreira aí, derrubou aqui calma, cadê? aqui reviveram já, não larguei a pessoa pra trás eu tava revivendo mas o Vinicius Jr. tava vindo atrás de mim agora eu tô vivão como que vocês estão morrendo povo? vocês não param de morrer meu Deus do céu eu não tô vencendo não é preciso citar todo mundo não aí ó melhor eu sair daqui um pouquinho porque o bot não...",0.8699676990509033,0.0809374675154686,0.0490948967635631,NEG,0.7998053431510925,0.0104710822924971,0.0610262304544448,0.0078390780836343,0.0589925795793533,0.0108859632164239,0.0102151567116379,0.3827457,Tex HS,Roblox,FIGURINHAS DA COPA DO MUNDO no EVADE Roblox Evade [c0jP6Ksdt5k],,GZ,GZ,GZ,"🎬 Canal: Tex HS | 🎥 Vídeo: FIGURINHAS DA COPA DO MUNDO no EVADE Roblox Evade [c0jP6Ksdt5k]
⏱️ Segmento/Index: 4
🤖 Consenso de IA: GZ (Detoxify: 0.8 | Perspective: 0.383)
──────────────────────────────────────────────────
Fala transcrita:
""você não consegue reviver tá vivo aproveita a sua vida vou trazer aqui pra barreira aí, derrubou aqui calma, cadê? aqui reviveram já, não larguei a pessoa pra trás eu tava revivendo mas o Vinicius Jr. tava vindo atrás de mim agora eu tô vivão como que vocês estão morrendo povo? vocês não param de morrer meu Deus do céu eu não tô vencendo não é preciso citar todo mundo não aí ó melhor eu sair daqui um pouquinho porque o bot não...""",Avaliador_C,Avaliador_D
15,"Deixa para lá, se ele desaparecer, tudo bem, mas se ele não desaparecer, a gente pode fazer algo bem maneiro com ele no futuro. Traz um machado que eu ainda tô precisando de machado. Tudo bem, vou trazer o machado, falar que aqui tem ferro, falar que aqui tem ferro, aqui não tem ferro. Vai falar que tem pedra, tem pedra, mas não tanto de pedra que eu preciso. Se você puder, Davi, já traga dois machados de pedra. Eu vou ter que fazer aqui muita laje para fazer o telhado do estábulo. Os cavalos não podem tomar chuva. Eu gosto muito de cavalo, mano, seria muito top ter um cavalo na vida real, mas como é muito difícil, eu vou ter um cavalo aqui nesse mundo quadrado. Muitos cavalos, na verdade. Esse cavalo aqui das pintinhas, ele agora é o novo cavalo mais bonito. Rami, consegui achar muita pedra, então eu vou poder aí tirar o machado de pedra. Traga os machados urgente, Davi, porque eu já comecei o telhado, esse telhado aqui vai ser top. E os cavalos agora ficarão protegidos da chuva, com toda certeza.",0.1819735914468765,0.7315486073493958,0.0864778459072113,NEU,0.0071443007327616,0.000908434332814,0.0096917897462844,0.0004721423320006,0.0056702438741922,0.0042732004076242,0.0006808456382714,0.11336674,Robin Hood Gamer,Minecraft,CONSEGUIMOS MUITOS CAVALOS E ELES GANHARAM UMA CASA MINECRAFT ERA DA REDSTONE 11 [C2RTibwtohM],,NT,NT,NT,"🎬 Canal: Robin Hood Gamer | 🎥 Vídeo: CONSEGUIMOS MUITOS CAVALOS E ELES GANHARAM UMA CASA MINECRAFT ERA DA REDSTONE 11 [C2RTibwtohM]
⏱️ Segmento/Index: 15
🤖 Consenso de IA: NT (Detoxify: 0.007 | Perspective: 0.113)
──────────────────────────────────────────────────
Fala transcrita:
""Deixa para lá, se ele desaparecer, tudo bem, mas se ele não desaparecer, a gente pode fazer algo bem maneiro com ele no futuro. Traz um machado que eu ainda tô precisando de machado. Tudo bem, vou trazer o machado, falar que aqui tem ferro, falar que aqui tem ferro, aqui não tem ferro. Vai falar que tem pedra, tem pedra, mas não tanto de pedra que eu preciso. Se você puder, Davi, já traga dois machados de pedra. Eu vou ter que fazer aqui muita laje para fazer o telhado do estábulo. Os cavalos não podem tomar chuva. Eu gosto muito de cavalo, mano, seria muito top ter um cavalo na vida real, mas como é muito difícil, eu vou ter um cavalo aqui nesse mundo quadrado. Muitos cavalos, na verdade. Esse cavalo aqui das pintinhas, ele agora é o novo cavalo mais bonito. Rami, consegui achar muita pedra, então eu vou poder aí tirar o machado de pedra. Traga os machados urgente, Davi, porque eu já comecei o telhado, esse telhado aqui vai ser top. E os cavalos agora ficarão protegidos da chuva, com toda certeza.""",Avaliador_C,Avaliador_D
