index,tiras,negatividade,neutralidade,positividade,sentimento_dominante,toxicity,severe_toxicity,obscene,identity_attack,insult,threat,sexual_explicit,p_toxicity,Creator Name,Game Environment,Video Name,toxicidade,class_detoxify,class_perspective,classificacao_ia,texto_exibicao,Anotador_1,Anotador_2
1,"Eduarda, inclusive, eu tenho uma missão pra você, Eduarda! O quê? Calma aí, deixa eu fazer uma espada aqui. Calma aí. Pronto, fiz uma espada de pedra aqui pra você, e eu duvido você matar o Aeron Golem, Eduarda, porque ele dá experiência, garota! Dá, dá, dá. Isso aí é fácil, deixa eu vir aqui. Acho que pra você... Vai lá, Eduarda. E aí, Fih, vem cá! Chega aí, mano! Chega aí! Bom, Eduarda! Eu nem conheço ela, Aeron Golem, sei nem quem é, falar a verdade. Eduarda, nunca vi na minha vida. É assim que se mata Aeron Golem, Eduarda! Ó, Fih, ele nunca vai me destruir, ó! Me dá teu fome! Vai, Marcelo! Vai, Marcelo! Já faz cinco anos que eu tô... Opa! Não ganhei nenhuma experiência, que legal. Tive uma ideia, Eduarda, eu tenho uma picareta de ferro aqui, e aqui tem, ó, carvão, Fih, carvão da experiência. Opa! Duas, três... Eu quero ver como que eu vou ficar assustador. Deixa eu pegar. Ferro é bom demais! Ó, uma experiência! O que será que deve ter mudado, Eduarda? Ai! O que foi, garota? Que susto, Marcelo! Você tá de azul babão! Eu sou azul babão... Eu sou azul babão! Eu amo azul babão, eu sou azul babão.",0.0720192119479179,0.7845116257667542,0.1434691697359085,NEU,0.5713868737220764,0.0074618123471736,0.0491663180291652,0.0032272296957671,0.0313986539840698,0.0269356537610292,0.0116489641368389,0.3127066,Marcelodrv,Minecraft,A Cada XP eu fico mais ASSUSTADOR [05E8b9zbHQU],,GZ,GZ,GZ,"🎬 Canal: Marcelodrv | 🎥 Vídeo: A Cada XP eu fico mais ASSUSTADOR [05E8b9zbHQU]
⏱️ Segmento/Index: 1
🤖 Consenso de IA: GZ (Detoxify: 0.571 | Perspective: 0.313)
──────────────────────────────────────────────────
Fala transcrita:
""Eduarda, inclusive, eu tenho uma missão pra você, Eduarda! O quê? Calma aí, deixa eu fazer uma espada aqui. Calma aí. Pronto, fiz uma espada de pedra aqui pra você, e eu duvido você matar o Aeron Golem, Eduarda, porque ele dá experiência, garota! Dá, dá, dá. Isso aí é fácil, deixa eu vir aqui. Acho que pra você... Vai lá, Eduarda. E aí, Fih, vem cá! Chega aí, mano! Chega aí! Bom, Eduarda! Eu nem conheço ela, Aeron Golem, sei nem quem é, falar a verdade. Eduarda, nunca vi na minha vida. É assim que se mata Aeron Golem, Eduarda! Ó, Fih, ele nunca vai me destruir, ó! Me dá teu fome! Vai, Marcelo! Vai, Marcelo! Já faz cinco anos que eu tô... Opa! Não ganhei nenhuma experiência, que legal. Tive uma ideia, Eduarda, eu tenho uma picareta de ferro aqui, e aqui tem, ó, carvão, Fih, carvão da experiência. Opa! Duas, três... Eu quero ver como que eu vou ficar assustador. Deixa eu pegar. Ferro é bom demais! Ó, uma experiência! O que será que deve ter mudado, Eduarda? Ai! O que foi, garota? Que susto, Marcelo! Você tá de azul babão! Eu sou azul babão... Eu sou azul babão! Eu amo azul babão, eu sou azul babão.""",Avaliador_A,Avaliador_C
1,"O tempo tá passando Aí eu terminei de quebrar tudo Agora eu venho aqui em cima e coloco essa lava totalmente diferente Que dá muito mais dano Já que essa daqui é a lava de zinco Tá, mas agora você deve estar pensando como que eu vou fazer pra passar pra minha casa E vai ser de um jeito muito Nubi Porque aqui desse lado vai ter essa escada E no final dessa escada vai ter uma ponte que vai levar direto pra casa Ah, mas agora faltam 20 segundos, deixa eu correr Porque eu vou pegar e colocar teia aqui em tudo E pra me ajudar eu vou bater esse machadinho aqui Agora eu venho aqui do outro lado da minha casa e clico aqui de novo Agora é só dar esse comando e pronto! Tem um monte de teia aqui Ah, mas eu esqueci desse lugar, deixa eu colocar rápido Ah, mas o tempo tá acabando Acabou o tempo, eu não posso construir mais nada E esse foi só o nível Nubi Mas eu ainda vou fazer o nível Pro e até o nível Hacker Será que o Naru vai conseguir passar e ganhar uns mil reais?",0.1109848320484161,0.4457480907440185,0.4432671368122101,NEU,0.0122153228148818,0.0063160494901239,0.044533010572195,0.0068530435673892,0.0393786281347274,0.0034943793434649,0.0013751212973147,0.18554166,Cadres,Minecraft,CASA SEGURA de NOOB vs PRO vs HACKER no Minecraft [UW_4Oo2MH2s],,NT,NT,NT,"🎬 Canal: Cadres | 🎥 Vídeo: CASA SEGURA de NOOB vs PRO vs HACKER no Minecraft [UW_4Oo2MH2s]
⏱️ Segmento/Index: 1
🤖 Consenso de IA: NT (Detoxify: 0.012 | Perspective: 0.186)
──────────────────────────────────────────────────
Fala transcrita:
""O tempo tá passando Aí eu terminei de quebrar tudo Agora eu venho aqui em cima e coloco essa lava totalmente diferente Que dá muito mais dano Já que essa daqui é a lava de zinco Tá, mas agora você deve estar pensando como que eu vou fazer pra passar pra minha casa E vai ser de um jeito muito Nubi Porque aqui desse lado vai ter essa escada E no final dessa escada vai ter uma ponte que vai levar direto pra casa Ah, mas agora faltam 20 segundos, deixa eu correr Porque eu vou pegar e colocar teia aqui em tudo E pra me ajudar eu vou bater esse machadinho aqui Agora eu venho aqui do outro lado da minha casa e clico aqui de novo Agora é só dar esse comando e pronto! Tem um monte de teia aqui Ah, mas eu esqueci desse lugar, deixa eu colocar rápido Ah, mas o tempo tá acabando Acabou o tempo, eu não posso construir mais nada E esse foi só o nível Nubi Mas eu ainda vou fazer o nível Pro e até o nível Hacker Será que o Naru vai conseguir passar e ganhar uns mil reais?""",Avaliador_A,Avaliador_C
5,"A qual é esse aqui? Ae, a minha chance, coloca creeper! Um creeper! Eu explodi ele! Explodi de novo esse berço que ele reconstruiu! Nossa, agora sim que ele vai ficar morrendo de raiva de mim! Quer saber, eu ainda não vou virar Cadres! Porque eu tenho mais uma ideia pra trollar ele fingindo ser a namorada! Ele vai ficar louco de raiva! Ai, porque os creepers explodiram em minha casa e onde eles vieram? Eu perdi até minha roupa na explosão! O que aconteceu com o Naru? Ele ficou sem rola! Ai, namorada, explodiu de ver o creeper! Não olha pra minha casa, eu tinha acabado de reconstruir! Ah, pra você, não foi? Ele tá perguntando se foi eu? Eu vou falar que foi o Cadres! E se foi o Naru? Eu vou falar que foi o Cadres! E se for ver bem, eu nem tô mentindo! Não foi eu, foi o Cadres! Como que foi o Cadres? O Cadres nem aqui tava, foi você! Ah, quer saber, tchuma, vai embora! Ele tá me mandando ir embora! Que menino chato!",0.8795939087867737,0.0944182500243187,0.0259878914803266,NEG,0.8750303387641907,0.0043709543533623,0.0637068599462509,0.004740344826132,0.0818829461932182,0.0795848071575164,0.0084706526249647,0.4013387,Cadres,Minecraft,15 Jeitos de Irritar um Bebê no Minecraft [nHiiyigE5rA],,T,T,T,"🎬 Canal: Cadres | 🎥 Vídeo: 15 Jeitos de Irritar um Bebê no Minecraft [nHiiyigE5rA]
⏱️ Segmento/Index: 5
🤖 Consenso de IA: T (Detoxify: 0.875 | Perspective: 0.401)
──────────────────────────────────────────────────
Fala transcrita:
""A qual é esse aqui? Ae, a minha chance, coloca creeper! Um creeper! Eu explodi ele! Explodi de novo esse berço que ele reconstruiu! Nossa, agora sim que ele vai ficar morrendo de raiva de mim! Quer saber, eu ainda não vou virar Cadres! Porque eu tenho mais uma ideia pra trollar ele fingindo ser a namorada! Ele vai ficar louco de raiva! Ai, porque os creepers explodiram em minha casa e onde eles vieram? Eu perdi até minha roupa na explosão! O que aconteceu com o Naru? Ele ficou sem rola! Ai, namorada, explodiu de ver o creeper! Não olha pra minha casa, eu tinha acabado de reconstruir! Ah, pra você, não foi? Ele tá perguntando se foi eu? Eu vou falar que foi o Cadres! E se foi o Naru? Eu vou falar que foi o Cadres! E se for ver bem, eu nem tô mentindo! Não foi eu, foi o Cadres! Como que foi o Cadres? O Cadres nem aqui tava, foi você! Ah, quer saber, tchuma, vai embora! Ele tá me mandando ir embora! Que menino chato!""",Avaliador_A,Avaliador_C
40,jogo tá chega de ladybug chega de bicho feio aqui será que a ladybug faz o poder dele gente esse jogo é doido você pode fazer o poder de outro personagem com por exemplo estou de ladybug mas posso fazer o poder que eu quiser então eu podia voar esse tempo inteiro também ai eu sou boba mas a minha primeira vez no mapa né como que eu ia saber 1700 likes na live então ótimo perfeito então vamos lá agora a gente vai se transformar de novo vamos tirar essa asa e a gente vai virar a chloe primeiro vamos virar chloe super chata metida né ela é chata não é do mal essa aqui é do mal ou ela ou é só a marinete que não gosta dela por causa do menino alguém me informa se ela é do mal,0.1923121064901352,0.2707633972167969,0.5369245409965515,POS,0.9599687457084656,0.0156560260802507,0.0662801712751388,0.012082165107131,0.0688120946288108,0.0044784392230212,0.0606644190847873,0.47622904,Papile,Roblox,VIVENDO COMO LADYBUG NO ROBLOX  Miraculous Ladybug Roleplay [eRXfd-9imtQ],,T,T,T,"🎬 Canal: Papile | 🎥 Vídeo: VIVENDO COMO LADYBUG NO ROBLOX  Miraculous Ladybug Roleplay [eRXfd-9imtQ]
⏱️ Segmento/Index: 40
🤖 Consenso de IA: T (Detoxify: 0.96 | Perspective: 0.476)
──────────────────────────────────────────────────
Fala transcrita:
""jogo tá chega de ladybug chega de bicho feio aqui será que a ladybug faz o poder dele gente esse jogo é doido você pode fazer o poder de outro personagem com por exemplo estou de ladybug mas posso fazer o poder que eu quiser então eu podia voar esse tempo inteiro também ai eu sou boba mas a minha primeira vez no mapa né como que eu ia saber 1700 likes na live então ótimo perfeito então vamos lá agora a gente vai se transformar de novo vamos tirar essa asa e a gente vai virar a chloe primeiro vamos virar chloe super chata metida né ela é chata não é do mal essa aqui é do mal ou ela ou é só a marinete que não gosta dela por causa do menino alguém me informa se ela é do mal""",Avaliador_A,Avaliador_C
7,"Eu tava tentando fazer um helicóptero aqui, mas não deu tempo Nossa, mas isso aqui não é um helicóptero, isso parece um barco Para de falar assim, do meu helicóptero ele tá muito bonito Muito bonito Olha o que que eu faço com o seu helicóptero, quebrei todo ele, subiu Inveja, que inveja?",0.5603774785995483,0.1313306242227554,0.3082919120788574,NEG,0.160978227853775,0.0060345381498336,0.0434558354318141,0.0041629853658378,0.031895026564598,0.0168488547205925,0.0033087723422795,0.06500591,Cadres,Minecraft,Trolei meu AMIGO com HEROI PRONTO na BATALHA DE CONSTRUÇÃO do MINECRAFT [H4kuFznwZpc],,NT,NT,NT,"🎬 Canal: Cadres | 🎥 Vídeo: Trolei meu AMIGO com HEROI PRONTO na BATALHA DE CONSTRUÇÃO do MINECRAFT [H4kuFznwZpc]
⏱️ Segmento/Index: 7
🤖 Consenso de IA: NT (Detoxify: 0.161 | Perspective: 0.065)
──────────────────────────────────────────────────
Fala transcrita:
""Eu tava tentando fazer um helicóptero aqui, mas não deu tempo Nossa, mas isso aqui não é um helicóptero, isso parece um barco Para de falar assim, do meu helicóptero ele tá muito bonito Muito bonito Olha o que que eu faço com o seu helicóptero, quebrei todo ele, subiu Inveja, que inveja?""",Avaliador_A,Avaliador_C
8,"Tá suave essas armas, mano. Cara, olha o Bruno! Oi, mano! Sabe o que eu tô fazendo aqui em casa também? A roupa que eu tô usando, perfume, cara. O cara tá com o olho no peixe, o outro no gato ali, lindão. E fala o que eu tenho que fazer aqui mais, ó. Eu tenho que andar pra direita ou pra esquerda. A gente vai pra esquerda. Eu tô indo, tô indo. Bota pra correr, faz a movimentação própria, ó. Aqui? Já pulou aí? Atirou, correu, voltou, deu meia volta, voltou pra cá, sem sentido nenhum, voltou, voltou nada na mão, tirou, tentou, sem sentido nenhum, correu, acelerou, andando. Matou no alto, matou o fomo lá no alto, aqui, fingiu que ia pra ver se ia o correndo, pegou e repetiu. Que viagem é essa, velho? Ali, ó, tem um cara na esquerda, tem um cara na esquerda, família, hein? Amo vocês, mas tem um cara na esquerda, hein, mano? Ali tem um cara atrás do muro ali. Aí, ó, vou matar, vou matar meu primeiro cara, velho. Ô, ô, mano, eu tô um absurdo, galera. Já pode aposentar, ô, Bru, que eu já tô um absurdo. Ó, Lindão, ó, olha aí na live, ó, ó, ó, ó.",0.054610252380371,0.3198720812797546,0.6255176067352295,POS,0.5216365456581116,0.0020889621227979,0.0166462641209363,0.0031322797294706,0.0602362975478172,0.0753696113824844,0.0060113095678389,0.3367073,AuthenticGames,Minecraft,AUTHENTICGAMES JOGANDO FREE FIRE COM O NOBRU [Hw9i4H8krwc],,GZ,GZ,GZ,"🎬 Canal: AuthenticGames | 🎥 Vídeo: AUTHENTICGAMES JOGANDO FREE FIRE COM O NOBRU [Hw9i4H8krwc]
⏱️ Segmento/Index: 8
🤖 Consenso de IA: GZ (Detoxify: 0.522 | Perspective: 0.337)
──────────────────────────────────────────────────
Fala transcrita:
""Tá suave essas armas, mano. Cara, olha o Bruno! Oi, mano! Sabe o que eu tô fazendo aqui em casa também? A roupa que eu tô usando, perfume, cara. O cara tá com o olho no peixe, o outro no gato ali, lindão. E fala o que eu tenho que fazer aqui mais, ó. Eu tenho que andar pra direita ou pra esquerda. A gente vai pra esquerda. Eu tô indo, tô indo. Bota pra correr, faz a movimentação própria, ó. Aqui? Já pulou aí? Atirou, correu, voltou, deu meia volta, voltou pra cá, sem sentido nenhum, voltou, voltou nada na mão, tirou, tentou, sem sentido nenhum, correu, acelerou, andando. Matou no alto, matou o fomo lá no alto, aqui, fingiu que ia pra ver se ia o correndo, pegou e repetiu. Que viagem é essa, velho? Ali, ó, tem um cara na esquerda, tem um cara na esquerda, família, hein? Amo vocês, mas tem um cara na esquerda, hein, mano? Ali tem um cara atrás do muro ali. Aí, ó, vou matar, vou matar meu primeiro cara, velho. Ô, ô, mano, eu tô um absurdo, galera. Já pode aposentar, ô, Bru, que eu já tô um absurdo. Ó, Lindão, ó, olha aí na live, ó, ó, ó, ó.""",Avaliador_A,Avaliador_C
6,"Aí snow Meu Deus Olha que cachorro lindo Que lindo cara, que cachorro lindo Tomei tempo de pegar uma moto ali que um parceiro nosso Te instacionou na hora da gravação Ali vimos os equipamentos também da gravação Não, ninguém viu nada Tô pra mostrar detalhes aqui, ó, tem uns trabalhadores vindo ali no trem Bastão pro lado Ó, quando bate, quando bate E o guardinha chega mais fácil, ó É isso, acompanhou, agora ó, corrida e insana É a mais bonita do vídeo, papo reto Corrida e insana, ó, Rávei Maria Snow, venha cá pra me limpegar Seu saco de osso A motinha ali atrás Batei logo com a cabeça E agora, Zé Paul vindo E o ponto contando, viu? O ponto contando ali Foi puxindo em drog, Zé Paul vindo puxando em drog Acordou Era tudo sonho, trocou Poxe, tu lá deitada aí do nada, quem foi sair? O guarda, mano, tu viu? Guardo o espistouelo Que guarda, Zé Paul vindo O guarda, mano Tá sonhando, né, bora Ó, ó Não, pô, eu tava Eu tava andando ali, tá ligado? Aí eu vi um portal aqui dentro Mas aí eu fui mandar... Nunca teve portal Aquele joguinho da Zé Paul, tá ligado? Aí eu já comecei ali com uns sprays Com uns sprays na mão Vai mentir em outro grupo, porque aqui todo mundo conhece a tua história Para, para, para, para Porque, mas é certo, mano Tá ficando doido, tá ficando doido Fica aí no pensamento, tá ficando doido, era de verdade Ele correu no correu Você acha que ele tava ficando doido?",0.0146238096058368,0.0854314491152763,0.8999447226524353,POS,0.2822175323963165,0.0082791550084948,0.047181662172079,0.0045086066238582,0.0450494475662708,0.003380563808605,0.0082665886729955,0.26104406,meu nome é david,Roblox,10 DETALHES que você PERDEU em SUBWAY SURFERS NA VIDA REAL [-P2WLwHCLBM],,GZ,GZ,GZ,"🎬 Canal: meu nome é david | 🎥 Vídeo: 10 DETALHES que você PERDEU em SUBWAY SURFERS NA VIDA REAL [-P2WLwHCLBM]
⏱️ Segmento/Index: 6
🤖 Consenso de IA: GZ (Detoxify: 0.282 | Perspective: 0.261)
──────────────────────────────────────────────────
Fala transcrita:
""Aí snow Meu Deus Olha que cachorro lindo Que lindo cara, que cachorro lindo Tomei tempo de pegar uma moto ali que um parceiro nosso Te instacionou na hora da gravação Ali vimos os equipamentos também da gravação Não, ninguém viu nada Tô pra mostrar detalhes aqui, ó, tem uns trabalhadores vindo ali no trem Bastão pro lado Ó, quando bate, quando bate E o guardinha chega mais fácil, ó É isso, acompanhou, agora ó, corrida e insana É a mais bonita do vídeo, papo reto Corrida e insana, ó, Rávei Maria Snow, venha cá pra me limpegar Seu saco de osso A motinha ali atrás Batei logo com a cabeça E agora, Zé Paul vindo E o ponto contando, viu? O ponto contando ali Foi puxindo em drog, Zé Paul vindo puxando em drog Acordou Era tudo sonho, trocou Poxe, tu lá deitada aí do nada, quem foi sair? O guarda, mano, tu viu? Guardo o espistouelo Que guarda, Zé Paul vindo O guarda, mano Tá sonhando, né, bora Ó, ó Não, pô, eu tava Eu tava andando ali, tá ligado? Aí eu vi um portal aqui dentro Mas aí eu fui mandar... Nunca teve portal Aquele joguinho da Zé Paul, tá ligado? Aí eu já comecei ali com uns sprays Com uns sprays na mão Vai mentir em outro grupo, porque aqui todo mundo conhece a tua história Para, para, para, para Porque, mas é certo, mano Tá ficando doido, tá ficando doido Fica aí no pensamento, tá ficando doido, era de verdade Ele correu no correu Você acha que ele tava ficando doido?""",Avaliador_A,Avaliador_C
6,"Ô, da hora o quartão cheio de beliche ó Muitos brinquedos e tudo mais Eu vou escolher essa cama aqui pra mim, pode ser né Se vocês quiserem a gente pode se divertir aqui um pouquinho né Por mais tempo, daí a galera gostou da ideia ó Eu vou ficar com o meu sonubinho aqui, por que não? Acabou Então tá, vamos lá pra cima Eu vou ficar com o meu sonubinho aqui, por que não? Acabou Primeiro socorro, se alguém precisar Se alguém passar mal, é isso Certo Jerry? Com certeza Vou esperar pra ver o que vai acontecer próximo aí pessoal Aí ele falou assim, ok pessoal, eu tô ficando um pouco Cansado aí sobre vocês, daí o Daniel aqui Falou que ele também tá cansado ó Por acaso sua avó já chegou em casa?",0.1315868943929672,0.5805102586746216,0.28790283203125,NEU,0.0300460085272789,0.0022657015360891,0.0347414053976535,0.0031844794284552,0.0212871935218572,0.0010896178428083,0.0038545047864317,0.1641865,Tex HS,Roblox,A VOVÓ SONÂMBULA NÃO GOSTA DE MIM Roblox Grandma Visit Story [yxQXpP_eDrY],,NT,NT,NT,"🎬 Canal: Tex HS | 🎥 Vídeo: A VOVÓ SONÂMBULA NÃO GOSTA DE MIM Roblox Grandma Visit Story [yxQXpP_eDrY]
⏱️ Segmento/Index: 6
🤖 Consenso de IA: NT (Detoxify: 0.03 | Perspective: 0.164)
──────────────────────────────────────────────────
Fala transcrita:
""Ô, da hora o quartão cheio de beliche ó Muitos brinquedos e tudo mais Eu vou escolher essa cama aqui pra mim, pode ser né Se vocês quiserem a gente pode se divertir aqui um pouquinho né Por mais tempo, daí a galera gostou da ideia ó Eu vou ficar com o meu sonubinho aqui, por que não? Acabou Então tá, vamos lá pra cima Eu vou ficar com o meu sonubinho aqui, por que não? Acabou Primeiro socorro, se alguém precisar Se alguém passar mal, é isso Certo Jerry? Com certeza Vou esperar pra ver o que vai acontecer próximo aí pessoal Aí ele falou assim, ok pessoal, eu tô ficando um pouco Cansado aí sobre vocês, daí o Daniel aqui Falou que ele também tá cansado ó Por acaso sua avó já chegou em casa?""",Avaliador_A,Avaliador_C
3,"Meu Deus Tá, eu vou pegar essas duas aqui primeiro então e fazer uma carrinha de terra com pedra Mas a gente tem alguns blocos aqui como diamante, quartzo e obsidiana Eu vou começar a nossa casinha aqui com quartzo e com diamante Vou fazer uma casinha não muito grande galera, porque é só o início Galera, a base inicial da nossa casa tá ficando bem assim, eu só preciso fechar esse teto aqui E ver se eu vou fazer um tetozinho diferente ou se esse quadradinho aqui já está bom E depois de tudo fechado eu tenho esse portão aqui E eu vou colocar esse portão como se fosse a entrada da casa mano Então a gente só coloca aqui e olha só que coisa mais maluca E a gente pode abrir ele bem dessa forma mano E é um portão muito tecnológico, então isso aqui é muito muito pro velho E pra fechar é a mesma coisa galera, eu acho que é a mesma coisa né cadê?",0.074248693883419,0.6020427942276001,0.3237085044384002,NEU,0.0102829132229089,0.0042174980044364,0.0471943505108356,0.0031818046700209,0.025276431813836,0.0023794567678123,0.0022840024903416,0.13908891,Kass e KR,Minecraft,Batalha de construção de BASE SEGURA de NOOB vs PRO no minecraft [k0-ptJjUy3o],,NT,NT,NT,"🎬 Canal: Kass e KR | 🎥 Vídeo: Batalha de construção de BASE SEGURA de NOOB vs PRO no minecraft [k0-ptJjUy3o]
⏱️ Segmento/Index: 3
🤖 Consenso de IA: NT (Detoxify: 0.01 | Perspective: 0.139)
──────────────────────────────────────────────────
Fala transcrita:
""Meu Deus Tá, eu vou pegar essas duas aqui primeiro então e fazer uma carrinha de terra com pedra Mas a gente tem alguns blocos aqui como diamante, quartzo e obsidiana Eu vou começar a nossa casinha aqui com quartzo e com diamante Vou fazer uma casinha não muito grande galera, porque é só o início Galera, a base inicial da nossa casa tá ficando bem assim, eu só preciso fechar esse teto aqui E ver se eu vou fazer um tetozinho diferente ou se esse quadradinho aqui já está bom E depois de tudo fechado eu tenho esse portão aqui E eu vou colocar esse portão como se fosse a entrada da casa mano Então a gente só coloca aqui e olha só que coisa mais maluca E a gente pode abrir ele bem dessa forma mano E é um portão muito tecnológico, então isso aqui é muito muito pro velho E pra fechar é a mesma coisa galera, eu acho que é a mesma coisa né cadê?""",Avaliador_A,Avaliador_C
0,"Nesse vídeo o Minecraft vai ficar muito comprido. Olha como eu fiquei longo! Mobs vão ficar esticados, itens vão ficar compridos e até as estruturas vão ser totalmente esticadas. Até a crafting table vai ficar assim. Nela poderemos fazer a armadura de diamante mais longa do jogo ou até uma picareta muito comprida. Deixa o like e se inscreva antes que o golem esticado te ataque. Fala galera, aqui é o Atus e hoje... Cadris, Cadris, onde você está? Eu vou te amaldiçoar e vou amaldiçoar essa vila também. E ainda vou roubar a ovelha do villager. Como assim me amaldiçoar? O quê? Eu estou mais esticado? E vai amaldiçoar a vila também? Olha o tamanho da casa do villager. O que o Cadris fez? Mas o Cadris falou que ia amaldiçoar a vila também. O que será que ele fez com eles? Olha só o que ele fez com o aldeão. Ele deixou o aldeão comprido. Como o Cadris conseguiu esses poderes? Tem um golem na vila e parece que o golem está atacando os aldeões. Não, para de atacar esses aldeões. Sai, sai, você não vai matar os aldeões.",0.1397451609373092,0.7740139365196228,0.0862408801913261,NEU,0.8398914933204651,0.0081250043585896,0.0966083630919456,0.005515924654901,0.0397935397922992,0.0119672082364559,0.0163725633174181,0.4977744,Athos,Minecraft,Deixei o Minecraft Esticadoooooooooooooooooooooooooooooooooo [AOm7F7Oek0I],,T,T,T,"🎬 Canal: Athos | 🎥 Vídeo: Deixei o Minecraft Esticadoooooooooooooooooooooooooooooooooo [AOm7F7Oek0I]
⏱️ Segmento/Index: 0
🤖 Consenso de IA: T (Detoxify: 0.84 | Perspective: 0.498)
──────────────────────────────────────────────────
Fala transcrita:
""Nesse vídeo o Minecraft vai ficar muito comprido. Olha como eu fiquei longo! Mobs vão ficar esticados, itens vão ficar compridos e até as estruturas vão ser totalmente esticadas. Até a crafting table vai ficar assim. Nela poderemos fazer a armadura de diamante mais longa do jogo ou até uma picareta muito comprida. Deixa o like e se inscreva antes que o golem esticado te ataque. Fala galera, aqui é o Atus e hoje... Cadris, Cadris, onde você está? Eu vou te amaldiçoar e vou amaldiçoar essa vila também. E ainda vou roubar a ovelha do villager. Como assim me amaldiçoar? O quê? Eu estou mais esticado? E vai amaldiçoar a vila também? Olha o tamanho da casa do villager. O que o Cadris fez? Mas o Cadris falou que ia amaldiçoar a vila também. O que será que ele fez com eles? Olha só o que ele fez com o aldeão. Ele deixou o aldeão comprido. Como o Cadris conseguiu esses poderes? Tem um golem na vila e parece que o golem está atacando os aldeões. Não, para de atacar esses aldeões. Sai, sai, você não vai matar os aldeões.""",Avaliador_A,Avaliador_C
6,"Acertei odeão. Calma aí, vou tentar acertar de novo. Ai, de novo odeão. Calma, tô pegando o jeito aqui com a mira. Tô pegando o jeito. Mas a minha flecha vai acabar desse... Ai, acertei odeão de novo. Meu, é horrível a mira, né, pessoal? Vou ser sincero com vocês. Ó, acabei com odeão. A mira não é a das melhores, tá? A mira com certeza não é a das melhores. Vamos lá. Vai, vai cavalinho. Aí, acertei o cavalinho. Bula, derrubou o cavalinho. Agora o Iron Golem, Iron Golem. Vai lá, McFly, metralha ele. Aê, aê. Acho que eu vou pegar a espada, sussinho. Moço, olha que da hora. Tô acertando um monte de flecha nele. Beleza, vou pegar a espada também. Vou pegar a espada. Pera aí, vamos colocar a espada na cabeça. Eu costumei com a flecha, não sei qual é a espada. O McFly acabou já com o Golem. Aê, bastante ferro. Mano, que da hora, velho. Demais, eu tô impressionado com o Luis. Olha aqui, olha aqui, ele sapiou. Tá olhando o quê? Tá olhando o quê, hein? Aê. Dá pra colocar a tocha na cabeça? Será? Eu já não sei, vai ser um teste aleatório. É, a tocha não dá pra colocar na cabeça. Ó, aqui tem outra casinha com pá.",0.6380270719528198,0.3125771880149841,0.0493957176804542,NEG,0.2113002836704254,0.0030034319497644,0.0321941077709198,0.0010439318139106,0.0331842377781868,0.023739106953144,0.0076114968396723,0.2854937,JP Plays,Minecraft,MINECRAFT MAS.. SÓ PODEMOS USAR OS ITENS NA CABEÇA [LmDy_uFVWVY],,GZ,GZ,GZ,"🎬 Canal: JP Plays | 🎥 Vídeo: MINECRAFT MAS.. SÓ PODEMOS USAR OS ITENS NA CABEÇA [LmDy_uFVWVY]
⏱️ Segmento/Index: 6
🤖 Consenso de IA: GZ (Detoxify: 0.211 | Perspective: 0.285)
──────────────────────────────────────────────────
Fala transcrita:
""Acertei odeão. Calma aí, vou tentar acertar de novo. Ai, de novo odeão. Calma, tô pegando o jeito aqui com a mira. Tô pegando o jeito. Mas a minha flecha vai acabar desse... Ai, acertei odeão de novo. Meu, é horrível a mira, né, pessoal? Vou ser sincero com vocês. Ó, acabei com odeão. A mira não é a das melhores, tá? A mira com certeza não é a das melhores. Vamos lá. Vai, vai cavalinho. Aí, acertei o cavalinho. Bula, derrubou o cavalinho. Agora o Iron Golem, Iron Golem. Vai lá, McFly, metralha ele. Aê, aê. Acho que eu vou pegar a espada, sussinho. Moço, olha que da hora. Tô acertando um monte de flecha nele. Beleza, vou pegar a espada também. Vou pegar a espada. Pera aí, vamos colocar a espada na cabeça. Eu costumei com a flecha, não sei qual é a espada. O McFly acabou já com o Golem. Aê, bastante ferro. Mano, que da hora, velho. Demais, eu tô impressionado com o Luis. Olha aqui, olha aqui, ele sapiou. Tá olhando o quê? Tá olhando o quê, hein? Aê. Dá pra colocar a tocha na cabeça? Será? Eu já não sei, vai ser um teste aleatório. É, a tocha não dá pra colocar na cabeça. Ó, aqui tem outra casinha com pá.""",Avaliador_A,Avaliador_C
1,"É melhor você morar junto comigo porque lá você vai estar super protegido, vem! É por aqui. Eu tenho que ir embora, tchau! Eu vou correr, eu vou correr! Não, não! Onde vai? Onde os meus amigos vão? Corre, corre, corre! Tá, tá, tá bom! Tá, beleza. Eu não vou ser devorado por você. Eu nem sei que tipo de monstro você é, eu nunca vi algo parecido antes. Eu sou o PJ Bugapillar. Você não me conhece? Não, eu não conheço e eu preferia continuar sem conhecer. Então quer dizer que essa é a sua casa? Não tem como eu entrar, olha só, um monte de laser na frente. Eu tô indo embora, tá? Tchau, eu vou... Claro que não! O laser serve pra pessoa não escapar da minha casa, entendeu? Eu consigo entrar tranquilamente. Então quer dizer que eu vou ficar preso nessa casa? Não, eu tenho que ir embora, eu vou correr. Tchau, eu vou correr! Pera, pera, pera! Ah não, laser, laser, laser! Ah, ai! Não, tinha que ter ido pro outro lado, agora eu tô aqui dentro!",0.1164963990449905,0.7171064615249634,0.1663971096277237,NEU,0.4365900456905365,0.0018411856144666,0.0531038977205753,0.0011709025129675,0.0884992405772209,0.0176325906068086,0.0022060878109186,0.3625127,JP Plays,Minecraft,Fui ADOTADO pelo CACHORRO LAGARTA PJ PUG-A-PILLAR [e7HnoZ19Gfo],,GZ,GZ,GZ,"🎬 Canal: JP Plays | 🎥 Vídeo: Fui ADOTADO pelo CACHORRO LAGARTA PJ PUG-A-PILLAR [e7HnoZ19Gfo]
⏱️ Segmento/Index: 1
🤖 Consenso de IA: GZ (Detoxify: 0.437 | Perspective: 0.363)
──────────────────────────────────────────────────
Fala transcrita:
""É melhor você morar junto comigo porque lá você vai estar super protegido, vem! É por aqui. Eu tenho que ir embora, tchau! Eu vou correr, eu vou correr! Não, não! Onde vai? Onde os meus amigos vão? Corre, corre, corre! Tá, tá, tá bom! Tá, beleza. Eu não vou ser devorado por você. Eu nem sei que tipo de monstro você é, eu nunca vi algo parecido antes. Eu sou o PJ Bugapillar. Você não me conhece? Não, eu não conheço e eu preferia continuar sem conhecer. Então quer dizer que essa é a sua casa? Não tem como eu entrar, olha só, um monte de laser na frente. Eu tô indo embora, tá? Tchau, eu vou... Claro que não! O laser serve pra pessoa não escapar da minha casa, entendeu? Eu consigo entrar tranquilamente. Então quer dizer que eu vou ficar preso nessa casa? Não, eu tenho que ir embora, eu vou correr. Tchau, eu vou correr! Pera, pera, pera! Ah não, laser, laser, laser! Ah, ai! Não, tinha que ter ido pro outro lado, agora eu tô aqui dentro!""",Avaliador_A,Avaliador_C
9,"Os maiores canais de Minecraft na época, só faziam Minecraft no PC, e no celular não tinha tudo o que o computador tinha, então eu ficava meio limitado, não tinha muita coisa pra gravar. Só que, mesmo jogando apenas no celular, chegamos a 1 milhão, 2 milhões e 3 milhões de inscritos, quando eu decidi mudar, pra começar a jogar no PC, fazer vários vídeos diferentes, começar a aparecer aqui no canal, e foi aí que tudo deu certo, foi aí que o Davi começou a aparecer, o Betão começou a aparecer em todos os vídeos comigo, e aí o canal só foi crescendo mais e mais, sempre com muita diversão, isso é incrível. Chegamos a 10 milhões, 10 milhões, passamos de 3 milhões pra 4 milhões, 5 milhões, e sempre inovando, sempre tentando melhorar, trazer conteúdo diferente aqui pra vocês, e estamos chegando a 11 milhões agora, isso é muito louco, eu tô com medo, eu já tô na minha última vida aqui, se eu morrer eu vou ter que fazer o desafio dos 10 milhões, vai ser na vida real, meu cabelo, o cabelo, o que que vai acontecer com ele?",0.1136131361126899,0.821553111076355,0.0648336932063102,NEU,0.0044152517803013,0.0004120218509342,0.0067362328991293,0.0004747838829644,0.0060335281305015,0.0005977345863357,0.0002490726474206,0.104795754,Robin Hood Gamer,Minecraft,FIZ O CABELO DE GRAMA MINECRAFT NA VIDA REAL CABELO ESPECIAL 10 MILHÕES DE INSCRITOS [uzfP-xrcVUA],,NT,NT,NT,"🎬 Canal: Robin Hood Gamer | 🎥 Vídeo: FIZ O CABELO DE GRAMA MINECRAFT NA VIDA REAL CABELO ESPECIAL 10 MILHÕES DE INSCRITOS [uzfP-xrcVUA]
⏱️ Segmento/Index: 9
🤖 Consenso de IA: NT (Detoxify: 0.004 | Perspective: 0.105)
──────────────────────────────────────────────────
Fala transcrita:
""Os maiores canais de Minecraft na época, só faziam Minecraft no PC, e no celular não tinha tudo o que o computador tinha, então eu ficava meio limitado, não tinha muita coisa pra gravar. Só que, mesmo jogando apenas no celular, chegamos a 1 milhão, 2 milhões e 3 milhões de inscritos, quando eu decidi mudar, pra começar a jogar no PC, fazer vários vídeos diferentes, começar a aparecer aqui no canal, e foi aí que tudo deu certo, foi aí que o Davi começou a aparecer, o Betão começou a aparecer em todos os vídeos comigo, e aí o canal só foi crescendo mais e mais, sempre com muita diversão, isso é incrível. Chegamos a 10 milhões, 10 milhões, passamos de 3 milhões pra 4 milhões, 5 milhões, e sempre inovando, sempre tentando melhorar, trazer conteúdo diferente aqui pra vocês, e estamos chegando a 11 milhões agora, isso é muito louco, eu tô com medo, eu já tô na minha última vida aqui, se eu morrer eu vou ter que fazer o desafio dos 10 milhões, vai ser na vida real, meu cabelo, o cabelo, o que que vai acontecer com ele?""",Avaliador_A,Avaliador_C
4,"Ai meu Deus, que caralho Espera aí Ben, quanto é 9 mais 10? Ele não é bom de matemática, não Não Eu acho que ele só responde perguntas De sim ou não Será, Tommy? Ok, você pode dirigir? Só faz essa cara de mal Você me... Você gosta de mim? Ai meu Deus, você é um gentil Você pode fazer uma travessura? Nossa, você é muito brava, gente Você é secretamente mal? Ai, o que você falou aí? O que tá acontecendo com meu celular? O Tommy falou Lu, eu também não sei Ai, o que pisou no celular do Tommy?",0.7679606676101685,0.1916401237249374,0.0403992645442485,NEG,0.8829725980758667,0.0086158774793148,0.0826143249869346,0.0046294587664306,0.0544165782630443,0.0033926682081073,0.017800061032176,0.55739564,Luluca Games,Roblox,Roblox - A HISTÓRIA DO URSO MALVADO BEN Ben Story Roblox Luluca Games [it71jcF99dY],0.7679603695869446,T,T,T,"🎬 Canal: Luluca Games | 🎥 Vídeo: Roblox - A HISTÓRIA DO URSO MALVADO BEN Ben Story Roblox Luluca Games [it71jcF99dY]
⏱️ Segmento/Index: 4
🤖 Consenso de IA: T (Detoxify: 0.883 | Perspective: 0.557)
──────────────────────────────────────────────────
Fala transcrita:
""Ai meu Deus, que caralho Espera aí Ben, quanto é 9 mais 10? Ele não é bom de matemática, não Não Eu acho que ele só responde perguntas De sim ou não Será, Tommy? Ok, você pode dirigir? Só faz essa cara de mal Você me... Você gosta de mim? Ai meu Deus, você é um gentil Você pode fazer uma travessura? Nossa, você é muito brava, gente Você é secretamente mal? Ai, o que você falou aí? O que tá acontecendo com meu celular? O Tommy falou Lu, eu também não sei Ai, o que pisou no celular do Tommy?""",Avaliador_A,Avaliador_C
10,"preciso matar rápido não, não matei matei, não matei, matei não sei se eu matei opa, alguém tá chegando aqui é, desce morre meu querido o que você tá fazendo aí 28 a 30 vai texil, acelera meu querido matei matei matei, errei, matei 31 a 29 a batalha tá muito boa, mas tá difícil de alcançar ele aqui nossa, eu não acredito tinha 3, se eu matasse aqueles 3 ia ser sucesso mata, mata o texil esse aqui tá com pouca vida tinha que matar todo mundo ali ó aaa boa galera, ele chegou com 33 kills, eu fiquei só com 30 cheguei muito perto deixa eu fazer a dancinha da vitória aqui ó dancinha da quase vitória esse mapa aqui, tô sentindo que vai ser aqui galera vou com o azul de volta, não tá me dando sorte não tá, mas eu vou tentar mesmo assim ó o revolvinho que eu nasci aqui já nossa, tô com um negócio de feitiçaria aqui ó aí, toma, toma aaaaa aaaaa tô com 2 kills opa, ganhei uma aqui, acho que eu ganhei assistência né morrem, morrem, morrem morrem minha querida pra cá, tem alguém aqui? ah, eu tenho que mirar em um, não adianta eu mirar em todos uma vez que não vai dar, tem um amigão voando ó beleza como que você não morre hein?",0.1746153831481933,0.7122809290885925,0.1131037175655365,NEU,0.9250970482826232,0.0092341946437954,0.0257658325135707,0.00464598974213,0.0452422201633453,0.3205519616603851,0.0094217220321297,0.6852916,Tex HS,Roblox,Roblox - O MESTRE DAS ARMAS Arsenal [i4Y7R3eeQyM],,T,T,T,"🎬 Canal: Tex HS | 🎥 Vídeo: Roblox - O MESTRE DAS ARMAS Arsenal [i4Y7R3eeQyM]
⏱️ Segmento/Index: 10
🤖 Consenso de IA: T (Detoxify: 0.925 | Perspective: 0.685)
──────────────────────────────────────────────────
Fala transcrita:
""preciso matar rápido não, não matei matei, não matei, matei não sei se eu matei opa, alguém tá chegando aqui é, desce morre meu querido o que você tá fazendo aí 28 a 30 vai texil, acelera meu querido matei matei matei, errei, matei 31 a 29 a batalha tá muito boa, mas tá difícil de alcançar ele aqui nossa, eu não acredito tinha 3, se eu matasse aqueles 3 ia ser sucesso mata, mata o texil esse aqui tá com pouca vida tinha que matar todo mundo ali ó aaa boa galera, ele chegou com 33 kills, eu fiquei só com 30 cheguei muito perto deixa eu fazer a dancinha da vitória aqui ó dancinha da quase vitória esse mapa aqui, tô sentindo que vai ser aqui galera vou com o azul de volta, não tá me dando sorte não tá, mas eu vou tentar mesmo assim ó o revolvinho que eu nasci aqui já nossa, tô com um negócio de feitiçaria aqui ó aí, toma, toma aaaaa aaaaa tô com 2 kills opa, ganhei uma aqui, acho que eu ganhei assistência né morrem, morrem, morrem morrem minha querida pra cá, tem alguém aqui? ah, eu tenho que mirar em um, não adianta eu mirar em todos uma vez que não vai dar, tem um amigão voando ó beleza como que você não morre hein?""",Avaliador_A,Avaliador_C
2,"Senta mami, senta! Eu não consegui desentrar! Ah, tadinha! Meu Deus, ela tá com problema! Chegou, chegou gente! Olha! Tem que fazer cara de bonzinho! Tem que fazer cara de bonzinho! Oi crianças! Eu sou a mãe! Eu sou a mãe e essa é a mãe! Vocês todos merecem um mar! Nós vamos adotar bem crianças! Uhul! Mami não para de adotar você, você sabe né? É porque eu não tô sentada! É! O mãe vai ter que ficar para trás! Ai meu Deus! Meu Deus! Vamos deixar as crianças decidirem que vai... Ai gente que maldade! As crianças não votam em mim não! Gente, meu Deus! Vamos tirar! Eu vou fazer a minha votação! Minha mãe mandou e eu escolhi a minha escolha! Eu não sei como você tem mais escolha se dá aqui! Gente, ela mandou! Gente! Ela mandou a lista! Meu Deus! Ai não! É o Marisa! Não gente, não faz isso! Mas eu não votei para ela sair! Eu também não votei nela! Eu não votei em ninguém porque eu nem tinha... Ah! E agora? Poxa vida! Vamos cuidar da papelagem! Vamos cuidar da papelagem! Vamos cuidar da papelagem! Vamos cuidar da papelagem! Vamos cuidar da papelagem!",0.0584655590355396,0.2536800503730774,0.6878544688224792,POS,0.2307773679494857,0.0018054026877507,0.0812362059950828,0.0012834137305617,0.0212167035788297,0.0055604935623705,0.0095512131229043,0.2855005,Luluca Games,Roblox,Roblox - FOMOS ADOTADAS POR UMA FAMÍLIA MALVADA Adoption Story  Luluca Games [v8tUZYOKG1s],0.0584657378494739,GZ,GZ,GZ,"🎬 Canal: Luluca Games | 🎥 Vídeo: Roblox - FOMOS ADOTADAS POR UMA FAMÍLIA MALVADA Adoption Story  Luluca Games [v8tUZYOKG1s]
⏱️ Segmento/Index: 2
🤖 Consenso de IA: GZ (Detoxify: 0.231 | Perspective: 0.286)
──────────────────────────────────────────────────
Fala transcrita:
""Senta mami, senta! Eu não consegui desentrar! Ah, tadinha! Meu Deus, ela tá com problema! Chegou, chegou gente! Olha! Tem que fazer cara de bonzinho! Tem que fazer cara de bonzinho! Oi crianças! Eu sou a mãe! Eu sou a mãe e essa é a mãe! Vocês todos merecem um mar! Nós vamos adotar bem crianças! Uhul! Mami não para de adotar você, você sabe né? É porque eu não tô sentada! É! O mãe vai ter que ficar para trás! Ai meu Deus! Meu Deus! Vamos deixar as crianças decidirem que vai... Ai gente que maldade! As crianças não votam em mim não! Gente, meu Deus! Vamos tirar! Eu vou fazer a minha votação! Minha mãe mandou e eu escolhi a minha escolha! Eu não sei como você tem mais escolha se dá aqui! Gente, ela mandou! Gente! Ela mandou a lista! Meu Deus! Ai não! É o Marisa! Não gente, não faz isso! Mas eu não votei para ela sair! Eu também não votei nela! Eu não votei em ninguém porque eu nem tinha... Ah! E agora? Poxa vida! Vamos cuidar da papelagem! Vamos cuidar da papelagem! Vamos cuidar da papelagem! Vamos cuidar da papelagem! Vamos cuidar da papelagem!""",Avaliador_A,Avaliador_C
9,"É o Atinhos, ele tá falando. Da onde que você tá, Atinhos? Eu tô perto da água, vem aqui. Ai, será que ele tá aqui no meio desse mar? Atinhos, você tá aqui no mar? Não, eu não caí no mar, eu tô em um buraco cheio da água. Um buraco cheio da água? Peraí, eu acabei de passar por um e ele ficava bem aqui. Será que o Atinhos tá aqui dentro? Atinhos, cadê você? Você tá aqui esse tempo todo. Se ele salvar, me salva, tá cheio da água. Eu não gosto dela. Ai, tá bom, eu vou te salvar. Até porque só tem 3 segundos, seu pai tá chegando. Quebra! Ufa, consegui pegar você a tempo. Ai, olha, o Atos já tá ligando de novo. Ele deve ter chegado. Deixa eu atender pra falar pra ele que eu tô com o filhinho dele. Aí atendi. Oi, Atos, eu já tô aqui com seu filho. Cadê você? Ah, Cados, eu fiquei com preguiça. Não vou mais aí nos brinquedos, não. Que? Ele não vai vir mais? Eu fiquei igual doido pra conseguir achar o filho dele. Ah, Atinhos, o seu pai é muito chato. Que? Eu não falo assim no meu pai, não. Você vai ver. Ah, o que eu vou ver? Você não pode fazer nada. Eu tô te segurando. Ah, não posso, é? Olha pra cima.",0.2442802488803863,0.7075536251068115,0.0481661520898342,NEU,0.4507781565189361,0.0057492242194712,0.0590710826218128,0.0023999139666557,0.0766095444560051,0.0083373626694083,0.0041019641794264,0.20973456,Cadres,Minecraft,PERDI MEU FILHO BEBÊ NO MINECRAFT [FSjTUb0Jkio],,GZ,GZ,GZ,"🎬 Canal: Cadres | 🎥 Vídeo: PERDI MEU FILHO BEBÊ NO MINECRAFT [FSjTUb0Jkio]
⏱️ Segmento/Index: 9
🤖 Consenso de IA: GZ (Detoxify: 0.451 | Perspective: 0.21)
──────────────────────────────────────────────────
Fala transcrita:
""É o Atinhos, ele tá falando. Da onde que você tá, Atinhos? Eu tô perto da água, vem aqui. Ai, será que ele tá aqui no meio desse mar? Atinhos, você tá aqui no mar? Não, eu não caí no mar, eu tô em um buraco cheio da água. Um buraco cheio da água? Peraí, eu acabei de passar por um e ele ficava bem aqui. Será que o Atinhos tá aqui dentro? Atinhos, cadê você? Você tá aqui esse tempo todo. Se ele salvar, me salva, tá cheio da água. Eu não gosto dela. Ai, tá bom, eu vou te salvar. Até porque só tem 3 segundos, seu pai tá chegando. Quebra! Ufa, consegui pegar você a tempo. Ai, olha, o Atos já tá ligando de novo. Ele deve ter chegado. Deixa eu atender pra falar pra ele que eu tô com o filhinho dele. Aí atendi. Oi, Atos, eu já tô aqui com seu filho. Cadê você? Ah, Cados, eu fiquei com preguiça. Não vou mais aí nos brinquedos, não. Que? Ele não vai vir mais? Eu fiquei igual doido pra conseguir achar o filho dele. Ah, Atinhos, o seu pai é muito chato. Que? Eu não falo assim no meu pai, não. Você vai ver. Ah, o que eu vou ver? Você não pode fazer nada. Eu tô te segurando. Ah, não posso, é? Olha pra cima.""",Avaliador_A,Avaliador_C
17,"Ela tá falando Vamos tentar abrir as caixas Ai Saiu um pássaro Pássaro, menos mal Eu não tenho medo de pássaro Eu tenho medo daquela menina Ele saiu pela janela E eu também quero sair pela janela Ué A tela tá ficando escura Meu telo tá ficando escuro Porque eu não enxergo nada AAAAAAA Eu vou voltar por onde eu vim Mas esse não é o mesmo lugar Isso aqui é um banheiro Eu não quero ficar nesse banheiro Tá piscando a luz Ai, tem alguém ali atrás Ele vai abrir a cortina Ai AAAAAAA É... É um bicho? E... E tá saindo água da privada Desliga Desliga, vai inundar tudo Quem é esse? É... É o nosso amigo É o Bob Oi, Bob Eu vou ficar aqui escondido com você, Bob Fecha essa cortina Ai Eu tô levando dano É... Eu acho que o Bob não era nosso amigo Vamos ver onde isso aqui nos leva É uma biblioteca E eu vou vim... AAAAAAA AAAAAAA AAAAAAAA A menina! A menina tá ali! É ela! Tá ali na minha frente! Que medo! Então é ela Ela que tava falando no telefone Esse tempo todo O que ela tá fazendo com a minha tela? Eu não consigo me mexer Ai Tem vários brinquedos vindo na minha direção Sai SAI SAI DAQUI AAAAAAA Ah Apareceu em outro lugar Você não gostou dos meus amigos?",0.3659643232822418,0.34442138671875,0.2896142601966858,NEG,0.5708693861961365,0.0081704715266823,0.0458554439246654,0.0064852023497223,0.0349697023630142,0.0062004257924854,0.0243900176137685,0.2330714,Athos,Minecraft,tem uma criatura estranha atrás da porta no minecraft MEDO [iN1zfrMn4R8],,GZ,GZ,GZ,"🎬 Canal: Athos | 🎥 Vídeo: tem uma criatura estranha atrás da porta no minecraft MEDO [iN1zfrMn4R8]
⏱️ Segmento/Index: 17
🤖 Consenso de IA: GZ (Detoxify: 0.571 | Perspective: 0.233)
──────────────────────────────────────────────────
Fala transcrita:
""Ela tá falando Vamos tentar abrir as caixas Ai Saiu um pássaro Pássaro, menos mal Eu não tenho medo de pássaro Eu tenho medo daquela menina Ele saiu pela janela E eu também quero sair pela janela Ué A tela tá ficando escura Meu telo tá ficando escuro Porque eu não enxergo nada AAAAAAA Eu vou voltar por onde eu vim Mas esse não é o mesmo lugar Isso aqui é um banheiro Eu não quero ficar nesse banheiro Tá piscando a luz Ai, tem alguém ali atrás Ele vai abrir a cortina Ai AAAAAAA É... É um bicho? E... E tá saindo água da privada Desliga Desliga, vai inundar tudo Quem é esse? É... É o nosso amigo É o Bob Oi, Bob Eu vou ficar aqui escondido com você, Bob Fecha essa cortina Ai Eu tô levando dano É... Eu acho que o Bob não era nosso amigo Vamos ver onde isso aqui nos leva É uma biblioteca E eu vou vim... AAAAAAA AAAAAAA AAAAAAAA A menina! A menina tá ali! É ela! Tá ali na minha frente! Que medo! Então é ela Ela que tava falando no telefone Esse tempo todo O que ela tá fazendo com a minha tela? Eu não consigo me mexer Ai Tem vários brinquedos vindo na minha direção Sai SAI SAI DAQUI AAAAAAA Ah Apareceu em outro lugar Você não gostou dos meus amigos?""",Avaliador_A,Avaliador_C
0,"Você decide a minha boca ou a do litrão Você prefere jogar sefia no ruxador Eita! Meu Dima, vai, vai, vai Sai da frente, marginais, vou pegar meu Dima Calma aí, pessoal, que eu falo com vocês agora aqui é a guerra A guerra de pegar o meu Dimas, que ódio Fica bugado, eu não consigo pegar Antes de não pegar, se por que é melhor que eu pegar 10 reais só Que eu não sei nem o que é 10, né?",0.7427824139595032,0.2084687352180481,0.0487488731741905,NEG,0.5035831928253174,0.0058721709065139,0.0579518936574459,0.0054223071783781,0.0512577854096889,0.0056557529605925,0.0142658250406384,0.25462922,Amy Scarlet,Roblox,Não use o portal do Free Fire [BwSrIqzeJVE],,GZ,GZ,GZ,"🎬 Canal: Amy Scarlet | 🎥 Vídeo: Não use o portal do Free Fire [BwSrIqzeJVE]
⏱️ Segmento/Index: 0
🤖 Consenso de IA: GZ (Detoxify: 0.504 | Perspective: 0.255)
──────────────────────────────────────────────────
Fala transcrita:
""Você decide a minha boca ou a do litrão Você prefere jogar sefia no ruxador Eita! Meu Dima, vai, vai, vai Sai da frente, marginais, vou pegar meu Dima Calma aí, pessoal, que eu falo com vocês agora aqui é a guerra A guerra de pegar o meu Dimas, que ódio Fica bugado, eu não consigo pegar Antes de não pegar, se por que é melhor que eu pegar 10 reais só Que eu não sei nem o que é 10, né?""",Avaliador_A,Avaliador_C
9,"Pera aí, ele ficou pra trás. Beleza, eu tenho que pegar aqueles itens antes que ele veja, porque senão ele vai ver que o Utsu morreu e ele vai vir atrás de mim. Tá, tá. Apesar que ele vai subir aqui ele vai ver que eu escapei também, mas ele não vai saber que o Utsu morreu. Eu tô sem item. Deixa eu jogar tudo isso daqui na lava, tá? Beleza, joguei, joguei. Cadê ele? Deixa eu tirar isso. Ele apareceu. Que isso? Ele apareceu. Eu já vi a lava ali, mano. O que é isso aqui? O Cadres morreu, será? Caiu a lava na cabeça dele, mano. Mas quem jogou lava na cabeça dele? Tá, pera aí, pera aí, que eu tenho que pegar ele pelas costas. Lembro isso aqui, calma. Não é pro Cadres morrer não, veio. Só vai ter o esqueleto dele ali embaixo fritado. Ué, que isso? Quando ele sair dali eu vou nas costas dele e tento pegar ele de surpresa. Tá, cadê ele? Será que ele já desceu? Será que ele tá ali em cima? Vou tentar subir ali. Ué, cara. Não. Ele tá aqui ainda. Ué, o Cadres não tá aqui. Tá, ele tá aqui ainda. Só que eu tô invisível. Deixa eu ver a minha posição se não vai acabar.",0.3150294125080108,0.5968214869499207,0.0881491303443908,NEU,0.3119029402732849,0.0037236826028674,0.0345426648855209,0.0021990332752466,0.0372589640319347,0.0385729558765888,0.0071195750497281,0.30427247,Cadres,Minecraft,Meus Amigos me PRENDERAM na OBSIDIAN então eu fiz VINGANÇA no Minecraft [Wf_G7z2mNYQ],,GZ,GZ,GZ,"🎬 Canal: Cadres | 🎥 Vídeo: Meus Amigos me PRENDERAM na OBSIDIAN então eu fiz VINGANÇA no Minecraft [Wf_G7z2mNYQ]
⏱️ Segmento/Index: 9
🤖 Consenso de IA: GZ (Detoxify: 0.312 | Perspective: 0.304)
──────────────────────────────────────────────────
Fala transcrita:
""Pera aí, ele ficou pra trás. Beleza, eu tenho que pegar aqueles itens antes que ele veja, porque senão ele vai ver que o Utsu morreu e ele vai vir atrás de mim. Tá, tá. Apesar que ele vai subir aqui ele vai ver que eu escapei também, mas ele não vai saber que o Utsu morreu. Eu tô sem item. Deixa eu jogar tudo isso daqui na lava, tá? Beleza, joguei, joguei. Cadê ele? Deixa eu tirar isso. Ele apareceu. Que isso? Ele apareceu. Eu já vi a lava ali, mano. O que é isso aqui? O Cadres morreu, será? Caiu a lava na cabeça dele, mano. Mas quem jogou lava na cabeça dele? Tá, pera aí, pera aí, que eu tenho que pegar ele pelas costas. Lembro isso aqui, calma. Não é pro Cadres morrer não, veio. Só vai ter o esqueleto dele ali embaixo fritado. Ué, que isso? Quando ele sair dali eu vou nas costas dele e tento pegar ele de surpresa. Tá, cadê ele? Será que ele já desceu? Será que ele tá ali em cima? Vou tentar subir ali. Ué, cara. Não. Ele tá aqui ainda. Ué, o Cadres não tá aqui. Tá, ele tá aqui ainda. Só que eu tô invisível. Deixa eu ver a minha posição se não vai acabar.""",Avaliador_A,Avaliador_C
14,"Muito, muito fofo Eu achei muito legal, gente Eu amei, olha aqui Uhul Olha, gente E agora vamos lá de novo aqui, passar a câmera, passar a câmera, passar a câmera Este De novo passar a câmera E aqui é o oso De novo? É Tá bom Escavamos Chegamos os bandinhas Que bonitinhos Muito obrigada, Chloe e a Mofinha A gente amou o seu escape Vamos para o próximo vídeo Vamos para o próximo, Luca Bora lá Esse aqui, gente, eu encontrei com a Luca O criador foi o João Le...",0.0022172788158059,0.0115757174789905,0.9862070083618164,POS,0.00574087863788,0.0041643590666353,0.0378603488206863,0.0050867772661149,0.0332950539886951,0.0014781132340431,0.0014710733667016,0.025320992,Luluca Games,Roblox,Roblox - JOGAMOS MAPAS do ROBLOX CRIADOS por PANDINHAS  Luluca Games [N7T2Mt2cNwc],0.0022172869648784,NT,NT,NT,"🎬 Canal: Luluca Games | 🎥 Vídeo: Roblox - JOGAMOS MAPAS do ROBLOX CRIADOS por PANDINHAS  Luluca Games [N7T2Mt2cNwc]
⏱️ Segmento/Index: 14
🤖 Consenso de IA: NT (Detoxify: 0.006 | Perspective: 0.025)
──────────────────────────────────────────────────
Fala transcrita:
""Muito, muito fofo Eu achei muito legal, gente Eu amei, olha aqui Uhul Olha, gente E agora vamos lá de novo aqui, passar a câmera, passar a câmera, passar a câmera Este De novo passar a câmera E aqui é o oso De novo? É Tá bom Escavamos Chegamos os bandinhas Que bonitinhos Muito obrigada, Chloe e a Mofinha A gente amou o seu escape Vamos para o próximo vídeo Vamos para o próximo, Luca Bora lá Esse aqui, gente, eu encontrei com a Luca O criador foi o João Le...""",Avaliador_A,Avaliador_C
0,"Nossa, Iago! Não acho, mano! Não acho, velho! Impossível! Impossível achar isso aqui, mano. Iagão, o craft tem bom não, Iagão. Impossível, mano. Eu não acho! Eu não acho! Esse cara eu jogo muito, família! O mano autêntico joga demais, Iagão! Pega, pega esse continho, Iagão. Fala, galera! Mais um vídeo aqui do canal... Não, tem Steam Games e dessas aqui, pessoal, trazendo pra vocês. Mais um vídeo de sconch, sconch, sconch face junto com o Iago, ó! Ô, tudo bom! Fala como é que cês tão. Fala, Iagão! Fala, potrão! Ô, vai aqui, ó! Ó, ó, ó! Tomperra, ó. Tomperra, ó. Fala, coé! E aí, galera! Olha o que tá aqui, mano! Isso, isso. Tão do troncho. Morri. Fala aí, galera! Tô aqui, ó, o negócio aqui. Pô, pessoal!",0.2497402131557464,0.5662745237350464,0.1839852482080459,NEU,0.2046519815921783,0.000956047035288,0.0135262040421366,0.0008061082335188,0.0314380563795566,0.0166906099766492,0.0029286833014339,0.37576625,AuthenticGames,Minecraft,DISFARCE de FORNALHA 5 FACECAMS - Minecraft Esconde-Esconde EP.04 [IPqijigvxJM],,GZ,GZ,GZ,"🎬 Canal: AuthenticGames | 🎥 Vídeo: DISFARCE de FORNALHA 5 FACECAMS - Minecraft Esconde-Esconde EP.04 [IPqijigvxJM]
⏱️ Segmento/Index: 0
🤖 Consenso de IA: GZ (Detoxify: 0.205 | Perspective: 0.376)
──────────────────────────────────────────────────
Fala transcrita:
""Nossa, Iago! Não acho, mano! Não acho, velho! Impossível! Impossível achar isso aqui, mano. Iagão, o craft tem bom não, Iagão. Impossível, mano. Eu não acho! Eu não acho! Esse cara eu jogo muito, família! O mano autêntico joga demais, Iagão! Pega, pega esse continho, Iagão. Fala, galera! Mais um vídeo aqui do canal... Não, tem Steam Games e dessas aqui, pessoal, trazendo pra vocês. Mais um vídeo de sconch, sconch, sconch face junto com o Iago, ó! Ô, tudo bom! Fala como é que cês tão. Fala, Iagão! Fala, potrão! Ô, vai aqui, ó! Ó, ó, ó! Tomperra, ó. Tomperra, ó. Fala, coé! E aí, galera! Olha o que tá aqui, mano! Isso, isso. Tão do troncho. Morri. Fala aí, galera! Tô aqui, ó, o negócio aqui. Pô, pessoal!""",Avaliador_A,Avaliador_C
3,"Agora vai fazer kabum! Kabum! Que maluquice, né, gente? Que maluquice. A Niki mostrou a faquinha! Ô Niki, você mostrou a faquinha, Niki? Sim! É a Niki! Ai, ai! Ô Niki, não pode pegar a gente com a faquinha, não, Niki, não pode, não! Ai, ai, ai, ai! A Niki é traidora! Se a Niki chegar perto da gente, ela vai pegar a gente com a faquinha. Sim, vai pegar! Mas a gente não vai deixar! Não vou deixar não, Niki! Não! Sim, eu vou pegar todo mundo! A Bandinha, a Mandinha, vem cá, vem cá, Mandinha. Oi, oi, oi! Se a Niki aparecer, você pega o seu sapo e joga nela! Ela vai assustada, volta, volta! Eu tô colocando várias armadilhas. Ah, não! O quê? Você tá colocando uma armadilha, Niki? Sim! Ô Niki, eu não gostei, não!",0.9527850151062012,0.0389199927449226,0.0082950331270694,NEG,0.6974264979362488,0.0022940167691558,0.0698481425642967,0.0052222111262381,0.109351061284542,0.0108503270894289,0.0027742732781916,0.39231625,Lokis,Roblox,QUEM É O TRAIDOR DO SENHOR BATATA  Roblox - Piggy [V1kDMKk8ar8],,GZ,GZ,GZ,"🎬 Canal: Lokis | 🎥 Vídeo: QUEM É O TRAIDOR DO SENHOR BATATA  Roblox - Piggy [V1kDMKk8ar8]
⏱️ Segmento/Index: 3
🤖 Consenso de IA: GZ (Detoxify: 0.697 | Perspective: 0.392)
──────────────────────────────────────────────────
Fala transcrita:
""Agora vai fazer kabum! Kabum! Que maluquice, né, gente? Que maluquice. A Niki mostrou a faquinha! Ô Niki, você mostrou a faquinha, Niki? Sim! É a Niki! Ai, ai! Ô Niki, não pode pegar a gente com a faquinha, não, Niki, não pode, não! Ai, ai, ai, ai! A Niki é traidora! Se a Niki chegar perto da gente, ela vai pegar a gente com a faquinha. Sim, vai pegar! Mas a gente não vai deixar! Não vou deixar não, Niki! Não! Sim, eu vou pegar todo mundo! A Bandinha, a Mandinha, vem cá, vem cá, Mandinha. Oi, oi, oi! Se a Niki aparecer, você pega o seu sapo e joga nela! Ela vai assustada, volta, volta! Eu tô colocando várias armadilhas. Ah, não! O quê? Você tá colocando uma armadilha, Niki? Sim! Ô Niki, eu não gostei, não!""",Avaliador_A,Avaliador_C
20,o villager louco aaaa alguém me ajuda aaaa eu já to a meia hora correndo de você volta aqui agora eu vou te pegar zumbi,0.5336341857910156,0.3055367171764374,0.1608290821313858,NEG,0.9783201217651368,0.0163132399320602,0.0718995183706283,0.0133976889774203,0.1120026782155036,0.041945744305849,0.0273409858345985,0.44039994,Kass e KR,Minecraft,TROLEI meu amigo fazendo uma PASSAGEM SECRETA no minecraft [sF9V7fo7cr0],,T,T,T,"🎬 Canal: Kass e KR | 🎥 Vídeo: TROLEI meu amigo fazendo uma PASSAGEM SECRETA no minecraft [sF9V7fo7cr0]
⏱️ Segmento/Index: 20
🤖 Consenso de IA: T (Detoxify: 0.978 | Perspective: 0.44)
──────────────────────────────────────────────────
Fala transcrita:
""o villager louco aaaa alguém me ajuda aaaa eu já to a meia hora correndo de você volta aqui agora eu vou te pegar zumbi""",Avaliador_A,Avaliador_C
0,"Ele é feioso! Gente, nasceu outro! Pega! Outro! Abre aí a mãe! A mantinha, você subiu na cabeça dele a mantinha! Subi, mas ele me pegou! Fica na parede! Aaaaaaah! Ai, ele não pega! Não! Viu a mantinha? Não, eu tô vivo a mantinha! Tem três perto e eu tô vivo! Ele pegou! Geeeeeente! Olha! É o menininho cara enrugada! Ai! Ai! Aaaaaaah! Ele é roxo! Ele é roxinho! Vocês viram? Eu vi! Eu vi! Vamos chamar ele de novo? Vamos chamar! Cadê? Eu já vi! Menininho cara enrugada!",0.5221940875053406,0.4186644852161407,0.0591414347290992,NEG,0.9039183259010316,0.0037666766438633,0.067002922296524,0.0028963896911591,0.1221182569861412,0.0066916146315634,0.020657330751419,0.4394682,Lokis,Roblox,CABEÇA ROXA GIGANTE  Roblox - Purple Monster [Xxa91SxNqYY],,T,T,T,"🎬 Canal: Lokis | 🎥 Vídeo: CABEÇA ROXA GIGANTE  Roblox - Purple Monster [Xxa91SxNqYY]
⏱️ Segmento/Index: 0
🤖 Consenso de IA: T (Detoxify: 0.904 | Perspective: 0.439)
──────────────────────────────────────────────────
Fala transcrita:
""Ele é feioso! Gente, nasceu outro! Pega! Outro! Abre aí a mãe! A mantinha, você subiu na cabeça dele a mantinha! Subi, mas ele me pegou! Fica na parede! Aaaaaaah! Ai, ele não pega! Não! Viu a mantinha? Não, eu tô vivo a mantinha! Tem três perto e eu tô vivo! Ele pegou! Geeeeeente! Olha! É o menininho cara enrugada! Ai! Ai! Aaaaaaah! Ele é roxo! Ele é roxinho! Vocês viram? Eu vi! Eu vi! Vamos chamar ele de novo? Vamos chamar! Cadê? Eu já vi! Menininho cara enrugada!""",Avaliador_A,Avaliador_C
1,"Fui eu que fiz o barquinho afundar? Tá fumaça! Fui eu? Tá fumaça! Desculpa, gente, desculpa! Desconcerto! Afeiçam, todos pensaram no chapéu! Tá fundando! Tá fundando o navio e vai ter tutu! Tutu lá embaixo, tutu! O Lox não sabe ser capitão não! Desculpa, eu pensei que sabia ser capitão porque eu coloquei roupinha! O barquinho tá fundando! Tá fundando! Agora tá subindo! Pera! Calma! Eu sei o que eu vou fazer! Eu sei! Eu vou fazer o gato! O gato? O gatinho!",0.3781147599220276,0.5720200538635254,0.049865148961544,NEU,0.0598570741713047,0.0005733643774874,0.0202337708324193,0.0004292125813663,0.0144972223788499,0.0048532932996749,0.0028553144074976,0.17631748,Lokis,Roblox,RESGATE DO BARCO AFUNDANDO  Roblox - Sinking Ships [-F2k1uhX0l8],,NT,NT,NT,"🎬 Canal: Lokis | 🎥 Vídeo: RESGATE DO BARCO AFUNDANDO  Roblox - Sinking Ships [-F2k1uhX0l8]
⏱️ Segmento/Index: 1
🤖 Consenso de IA: NT (Detoxify: 0.06 | Perspective: 0.176)
──────────────────────────────────────────────────
Fala transcrita:
""Fui eu que fiz o barquinho afundar? Tá fumaça! Fui eu? Tá fumaça! Desculpa, gente, desculpa! Desconcerto! Afeiçam, todos pensaram no chapéu! Tá fundando! Tá fundando o navio e vai ter tutu! Tutu lá embaixo, tutu! O Lox não sabe ser capitão não! Desculpa, eu pensei que sabia ser capitão porque eu coloquei roupinha! O barquinho tá fundando! Tá fundando! Agora tá subindo! Pera! Calma! Eu sei o que eu vou fazer! Eu sei! Eu vou fazer o gato! O gato? O gatinho!""",Avaliador_A,Avaliador_C
8,"Mas tá tão diferenciada que parece até uma pessoa assim, ó. Agora o monstro pode vir, que eu tô equipada. Eduarda, olha o tamanho dessa espada, garota. Cadê? O meu tá aqui, Eduarda. Olha, cadê o monstro, fi? Pode, hein? Vou bater em você, fi. Vai, Eduarda, tem um zumbi aí, garota. Mata ele. Espera, calma. Eduarda, você me matou. Pode vir, pode vir. Vai, Eduarda, mata ele, Eduarda. Bate nele, Eduarda. Sai, sai. Meu Deus! Sai daqui. Mata a galinha. Aí a galinha tá te humilhando aí, ó. Bate nela. Meu, meu, minha arma. Que isso? Tu... E aqui, Eduarda? Ah, é? Ah, é? Então vem, então... Vem, vem, vem. Ah, você vai embora! Meu Deus do céu. Você vai embora! Tadinho deles, gente. Eu só vi a fumacinha daqui, hein. Foi sempre sem querer, Edu... Edu... Meu Deus. Nossa, sai daqui. Não! Vem cá, Eduarda. Vem cá. Não se mexe.",0.6290480494499207,0.2678874731063843,0.1030644699931144,NEG,0.8043740391731262,0.0037875513080507,0.0364783592522144,0.0016801992896944,0.0636480078101158,0.3641149401664734,0.0068459236063063,0.4269174,Marcelodrv,Minecraft,Tudo Que Eu Construir no Minecraft eu ganho [v5hb5_07fJM],,T,T,T,"🎬 Canal: Marcelodrv | 🎥 Vídeo: Tudo Que Eu Construir no Minecraft eu ganho [v5hb5_07fJM]
⏱️ Segmento/Index: 8
🤖 Consenso de IA: T (Detoxify: 0.804 | Perspective: 0.427)
──────────────────────────────────────────────────
Fala transcrita:
""Mas tá tão diferenciada que parece até uma pessoa assim, ó. Agora o monstro pode vir, que eu tô equipada. Eduarda, olha o tamanho dessa espada, garota. Cadê? O meu tá aqui, Eduarda. Olha, cadê o monstro, fi? Pode, hein? Vou bater em você, fi. Vai, Eduarda, tem um zumbi aí, garota. Mata ele. Espera, calma. Eduarda, você me matou. Pode vir, pode vir. Vai, Eduarda, mata ele, Eduarda. Bate nele, Eduarda. Sai, sai. Meu Deus! Sai daqui. Mata a galinha. Aí a galinha tá te humilhando aí, ó. Bate nela. Meu, meu, minha arma. Que isso? Tu... E aqui, Eduarda? Ah, é? Ah, é? Então vem, então... Vem, vem, vem. Ah, você vai embora! Meu Deus do céu. Você vai embora! Tadinho deles, gente. Eu só vi a fumacinha daqui, hein. Foi sempre sem querer, Edu... Edu... Meu Deus. Nossa, sai daqui. Não! Vem cá, Eduarda. Vem cá. Não se mexe.""",Avaliador_A,Avaliador_C
4,"Podia ter tentado testar tudo sozinho, mas não. Eu tinha que convidar você. Eu sou um testador de jogos, galera. É isso que eu sou. Ele me contratou para isso. Eu tenho que achar os bugs, por isso que eu tenho que fazer tudo errado de verdade. E depois eu vou andar por online apenas para encontrar a melhor maneira de ser o pior. Você não está fazendo isso! Não no meu jogo! Você maldito pedaço de... Espera. Eu peguei muito pesado com você? Pegou. Talvez você só não sabia o que fazer. Ou um gato pisou no teclado. Ou não tinha soluções boas. Ou foi um acidente. É, coisas acontecem. Eu preciso te punir, ele falou. Não leve para o lado do pessoal, é só que você foi mal. E eu quero te desencorajar a fazer isso de novo. Tá, ele tem que me punir por um erro que eu cometi, né? Para comemorar, tire o da lixeira, é seu. O troféu, o meu troféu, ele me deu. Cheira como o troféu de lixo.",0.6542001366615295,0.3046932518482208,0.0411066487431526,NEG,0.9465914368629456,0.0062237279489636,0.1287995427846908,0.0018415757222101,0.3053279817104339,0.0131084285676479,0.0043804147280752,0.61223894,Tex HS,Roblox,RESPONDENDO AS PERGUNTAS MAIS DIFÍCEIS [5Gldj6yZTIM],,T,T,T,"🎬 Canal: Tex HS | 🎥 Vídeo: RESPONDENDO AS PERGUNTAS MAIS DIFÍCEIS [5Gldj6yZTIM]
⏱️ Segmento/Index: 4
🤖 Consenso de IA: T (Detoxify: 0.947 | Perspective: 0.612)
──────────────────────────────────────────────────
Fala transcrita:
""Podia ter tentado testar tudo sozinho, mas não. Eu tinha que convidar você. Eu sou um testador de jogos, galera. É isso que eu sou. Ele me contratou para isso. Eu tenho que achar os bugs, por isso que eu tenho que fazer tudo errado de verdade. E depois eu vou andar por online apenas para encontrar a melhor maneira de ser o pior. Você não está fazendo isso! Não no meu jogo! Você maldito pedaço de... Espera. Eu peguei muito pesado com você? Pegou. Talvez você só não sabia o que fazer. Ou um gato pisou no teclado. Ou não tinha soluções boas. Ou foi um acidente. É, coisas acontecem. Eu preciso te punir, ele falou. Não leve para o lado do pessoal, é só que você foi mal. E eu quero te desencorajar a fazer isso de novo. Tá, ele tem que me punir por um erro que eu cometi, né? Para comemorar, tire o da lixeira, é seu. O troféu, o meu troféu, ele me deu. Cheira como o troféu de lixo.""",Avaliador_A,Avaliador_C
9,"Porque a gente tava tentando achar uma fortaleza de Piglin. Porém não achamos. Então a gente vai dar início aqui no nosso projeto da sala de baús. Que vai ser subterrâneo aqui. E pra quem não sabe, além daqui da parte de cima, a gente quer fazer uma base subterrânea também. Então vamos dar início. Vai ser bem aqui onde tá os baús. Vai dar um outro aspecto, hein, cara? Porque olha o jeito que tá aqui agora. Não que tá feio, mas vai ficar muito mais... Não, vai ficar muito irado, cara. Não faz interessante. Entrando assim na Terra, eu gosto demais.",0.0680584609508514,0.8463839888572693,0.0855575948953628,NEU,0.026498744264245,0.000876176985912,0.0160865038633346,0.0009039440192282,0.0173648558557033,0.0011753002181649,0.0020621714647859,0.11450345,Marcelodrv,Minecraft,CONSTRUÍMOS NOSSA SALA DE BAÚS SUBTERRÂNEA FICOU LINDA - NOSSO MUNDO 06 [JryHKEe7J54],,NT,NT,NT,"🎬 Canal: Marcelodrv | 🎥 Vídeo: CONSTRUÍMOS NOSSA SALA DE BAÚS SUBTERRÂNEA FICOU LINDA - NOSSO MUNDO 06 [JryHKEe7J54]
⏱️ Segmento/Index: 9
🤖 Consenso de IA: NT (Detoxify: 0.026 | Perspective: 0.115)
──────────────────────────────────────────────────
Fala transcrita:
""Porque a gente tava tentando achar uma fortaleza de Piglin. Porém não achamos. Então a gente vai dar início aqui no nosso projeto da sala de baús. Que vai ser subterrâneo aqui. E pra quem não sabe, além daqui da parte de cima, a gente quer fazer uma base subterrânea também. Então vamos dar início. Vai ser bem aqui onde tá os baús. Vai dar um outro aspecto, hein, cara? Porque olha o jeito que tá aqui agora. Não que tá feio, mas vai ficar muito mais... Não, vai ficar muito irado, cara. Não faz interessante. Entrando assim na Terra, eu gosto demais.""",Avaliador_A,Avaliador_C
14,"Sim, sim A mantinha, desce, a mantinha Está na hora do seu papai pegar você para ir embora Vem, desce que eu vou te pegar Pula Pula, vem Dá um pulinho Não, não Eu vou te segurar aqui embaixo, pula logo, vem Põe, caiu Tá louco Aí a mantinha, pode ir para o seu papai, tá bom? Tá bom Você não vai ganhar chocolate porque se comportou mal Ela foi bagunceira, papai Ela ficou fazendo tudo de errado, tá bom? Tá bom Tá bom, tchau Tchau Ufa, ainda bem, ainda bem Já foi quase todo mundo embora Agora está faltando só a Nath embora A Nath Por que você está com essa carinha triste, Nath? Por quê? Douzinho na cabecinha Olha para mim, você está com um douzinho na cabecinha? Cabeçinha? Sim Vem aqui que eu vou ouvir o seu coração, tá bom?",0.4510549008846283,0.4465233087539673,0.1024218425154686,NEG,0.5396879315376282,0.007091021630913,0.0543618761003017,0.0064278771169483,0.047357190400362,0.0053218686953186,0.0142236100509762,0.24603334,Lokis,Roblox,LOKIS CUIDADOR DA CRECHE  Roblox - Brookhaven [FQiYYcelqc4],,GZ,GZ,GZ,"🎬 Canal: Lokis | 🎥 Vídeo: LOKIS CUIDADOR DA CRECHE  Roblox - Brookhaven [FQiYYcelqc4]
⏱️ Segmento/Index: 14
🤖 Consenso de IA: GZ (Detoxify: 0.54 | Perspective: 0.246)
──────────────────────────────────────────────────
Fala transcrita:
""Sim, sim A mantinha, desce, a mantinha Está na hora do seu papai pegar você para ir embora Vem, desce que eu vou te pegar Pula Pula, vem Dá um pulinho Não, não Eu vou te segurar aqui embaixo, pula logo, vem Põe, caiu Tá louco Aí a mantinha, pode ir para o seu papai, tá bom? Tá bom Você não vai ganhar chocolate porque se comportou mal Ela foi bagunceira, papai Ela ficou fazendo tudo de errado, tá bom? Tá bom Tá bom, tchau Tchau Ufa, ainda bem, ainda bem Já foi quase todo mundo embora Agora está faltando só a Nath embora A Nath Por que você está com essa carinha triste, Nath? Por quê? Douzinho na cabecinha Olha para mim, você está com um douzinho na cabecinha? Cabeçinha? Sim Vem aqui que eu vou ouvir o seu coração, tá bom?""",Avaliador_A,Avaliador_C
8,"Meu Deus, vamos para a próxima. Opa, achei. Aqui ó. Beleza, beleza. Mas tem monstro também. Eu acho que acabei te acertando, foi sem querer. Sem problema, eu tô muito forte, mano. Que isso? Pera, o ferro já veio esquentado? Pera, por que eu tô quebrando as coisas tão rápido assim, KR? Eu também não sei. A gente tá com pressa, sai daqui. Por que eu tô com pressa? Que louco, mano. Meu Deus, que maneiro. O que aconteceu? Ai, é isso, socorro. Mano, pera aí, mano, o ferro já tá vindo dropado já. A barrinha. O que que aconteceu? Cara, ele tá caindo nos negócios... Legal, morri. Tô voltando para aí. Mano, tá caindo nos negócios esquisitos do ferro. Será que foi porque... Mano, isso tá muito esquisito. Alguém me ajuda, galera. Meu Deus, mano, que bizarro. Eu tô doido. Calma aí. Mano, mas tá cheio de creeper aqui, que doideira. O que que é isso? Void Fusion. Que louco, mano.",0.3840453922748565,0.456464022397995,0.1594906151294708,NEU,0.5829894542694092,0.0008745610248297,0.028444604948163,0.001538292155601,0.2142733931541443,0.0014149277703836,0.0021926215849816,0.3389984,Kass e KR,Minecraft,TUDO que eu TOCAR vira VOID no Minecraft [UgJMZDRhINQ],,GZ,GZ,GZ,"🎬 Canal: Kass e KR | 🎥 Vídeo: TUDO que eu TOCAR vira VOID no Minecraft [UgJMZDRhINQ]
⏱️ Segmento/Index: 8
🤖 Consenso de IA: GZ (Detoxify: 0.583 | Perspective: 0.339)
──────────────────────────────────────────────────
Fala transcrita:
""Meu Deus, vamos para a próxima. Opa, achei. Aqui ó. Beleza, beleza. Mas tem monstro também. Eu acho que acabei te acertando, foi sem querer. Sem problema, eu tô muito forte, mano. Que isso? Pera, o ferro já veio esquentado? Pera, por que eu tô quebrando as coisas tão rápido assim, KR? Eu também não sei. A gente tá com pressa, sai daqui. Por que eu tô com pressa? Que louco, mano. Meu Deus, que maneiro. O que aconteceu? Ai, é isso, socorro. Mano, pera aí, mano, o ferro já tá vindo dropado já. A barrinha. O que que aconteceu? Cara, ele tá caindo nos negócios... Legal, morri. Tô voltando para aí. Mano, tá caindo nos negócios esquisitos do ferro. Será que foi porque... Mano, isso tá muito esquisito. Alguém me ajuda, galera. Meu Deus, mano, que bizarro. Eu tô doido. Calma aí. Mano, mas tá cheio de creeper aqui, que doideira. O que que é isso? Void Fusion. Que louco, mano.""",Avaliador_A,Avaliador_C
1,"A gente vê é coisa antes da partida começar Mas pelo que eu vi, ela que tava gadeando, mas vamos deixar pra lá, né? Caia, Estael e o bonde todo nesse avião Imagina se ele resolve cair Eu já fiz logo a marcação pra cair em pique, que foi o combinado Só que a gente percebe que ninguém subiu o combinado, né?",0.2125461846590042,0.7236084938049316,0.0638453140854835,NEU,0.0055096610449254,0.0008636740385554,0.0142046203836798,0.0007339976727962,0.0073070242069661,0.001333357184194,0.000820615212433,0.042657252,Amy Scarlet,Roblox,Salinha com Influencers e Seguidores [LudXFCWvr2s],,NT,NT,NT,"🎬 Canal: Amy Scarlet | 🎥 Vídeo: Salinha com Influencers e Seguidores [LudXFCWvr2s]
⏱️ Segmento/Index: 1
🤖 Consenso de IA: NT (Detoxify: 0.006 | Perspective: 0.043)
──────────────────────────────────────────────────
Fala transcrita:
""A gente vê é coisa antes da partida começar Mas pelo que eu vi, ela que tava gadeando, mas vamos deixar pra lá, né? Caia, Estael e o bonde todo nesse avião Imagina se ele resolve cair Eu já fiz logo a marcação pra cair em pique, que foi o combinado Só que a gente percebe que ninguém subiu o combinado, né?""",Avaliador_A,Avaliador_C
3,"E com os pontos eu posso comprar habilidades especiais que vão me fazer destruir essa cidade! Com mais velocidade! E vou causar uma grande destruição, pode apostar! Sai daqui! Toma isso robô nojento! Foi eliminado! A minha vida tá muito baixa, tem muitos robôs pelas ruas, tá na hora de me recuperar! Pra isso, eu tenho que comer alguma coisa, afinal eu tô com fome e a única maneira de recuperar a vida é ficando sem fome! Eu não posso comer os prédios e também não posso comer partes de automóveis! Então eu não tenho outra escolha a não ser devorar todos os pedestres dessa cidade! Eu preciso encontrar mais algumas pessoas, pois eu ainda tô com fome! Mesmo depois de comer um aldeão! Olha aqui mais um aldeão! Toma isso! Vou me esconder agora pra me alimentar! Beleza! E agora eu tenho que esperar a minha vida encher! A minha vida tá muito baixa! Só posso voltar pra cidade depois que ela estiver cheia! Eu não acredito, eu já cheguei no nível 10!",0.9561977386474608,0.0319059155881404,0.0118963392451405,NEG,0.6602462530136108,0.0026841992512345,0.0388885773718357,0.0025318409316241,0.0571034550666809,0.0931896492838859,0.0026355993468314,0.37751234,Robin Hood Gamer,Minecraft,VIREI UM MONSTRO GIGANTE E QUEBREI A CIDADE DO MINECRAFT [TIcJ2R-mZ-0],,GZ,GZ,GZ,"🎬 Canal: Robin Hood Gamer | 🎥 Vídeo: VIREI UM MONSTRO GIGANTE E QUEBREI A CIDADE DO MINECRAFT [TIcJ2R-mZ-0]
⏱️ Segmento/Index: 3
🤖 Consenso de IA: GZ (Detoxify: 0.66 | Perspective: 0.378)
──────────────────────────────────────────────────
Fala transcrita:
""E com os pontos eu posso comprar habilidades especiais que vão me fazer destruir essa cidade! Com mais velocidade! E vou causar uma grande destruição, pode apostar! Sai daqui! Toma isso robô nojento! Foi eliminado! A minha vida tá muito baixa, tem muitos robôs pelas ruas, tá na hora de me recuperar! Pra isso, eu tenho que comer alguma coisa, afinal eu tô com fome e a única maneira de recuperar a vida é ficando sem fome! Eu não posso comer os prédios e também não posso comer partes de automóveis! Então eu não tenho outra escolha a não ser devorar todos os pedestres dessa cidade! Eu preciso encontrar mais algumas pessoas, pois eu ainda tô com fome! Mesmo depois de comer um aldeão! Olha aqui mais um aldeão! Toma isso! Vou me esconder agora pra me alimentar! Beleza! E agora eu tenho que esperar a minha vida encher! A minha vida tá muito baixa! Só posso voltar pra cidade depois que ela estiver cheia! Eu não acredito, eu já cheguei no nível 10!""",Avaliador_A,Avaliador_C
7,"Eu amo esse famoso aqui, é o melhor famoso que eu já vi na minha vida! Pode vir aqui, dá! Deu muito trabalho pra fazer, tá? Porque fiz bloco, bloco, cansei meu braço, tá, ó! Pode apreciar, é o problem, sabe, se tu não entendeu quem é, tá? Marcelo, o que é isso, Marcelo? Minha filha, tu quer que eu desenhe? É o problem, viu, tudo, é famosão! Por que você foi lá e copiou... Ahn, pode falar, começou, vai! A minha construção! Eu, Eduarda! Você é tão falso que nem consegue... Não consegue, não consegue disfarçar! Eu não copiei com a sua de ninguém, não! Eu fiz sozinha, só sozinha! Marcelo, o que a sua voz mudou agora? Tu tá mentindo? Você tá mentindo! Cuidado com essa espada aí, meu Deus! Você tá mentindo! Mas, Eduarda, olha que lindo meu problema, agora eu quero ver o teu! Vem cá, vem então! Vem aqui, vem então! Deixa eu ver... Ah, vem!",0.0082775354385375,0.0343141369521617,0.957408368587494,POS,0.4886898696422577,0.0043127811513841,0.0439000725746154,0.0045810537412762,0.0454043857753276,0.0021180615294724,0.005220818798989,0.30527395,Marcelodrv,Minecraft,Trolei minha AMIGA com MOTO na BATALHA DE CONSTRUÇÃO do MINECRAFT [MvIPXCA0ZNs],,GZ,GZ,GZ,"🎬 Canal: Marcelodrv | 🎥 Vídeo: Trolei minha AMIGA com MOTO na BATALHA DE CONSTRUÇÃO do MINECRAFT [MvIPXCA0ZNs]
⏱️ Segmento/Index: 7
🤖 Consenso de IA: GZ (Detoxify: 0.489 | Perspective: 0.305)
──────────────────────────────────────────────────
Fala transcrita:
""Eu amo esse famoso aqui, é o melhor famoso que eu já vi na minha vida! Pode vir aqui, dá! Deu muito trabalho pra fazer, tá? Porque fiz bloco, bloco, cansei meu braço, tá, ó! Pode apreciar, é o problem, sabe, se tu não entendeu quem é, tá? Marcelo, o que é isso, Marcelo? Minha filha, tu quer que eu desenhe? É o problem, viu, tudo, é famosão! Por que você foi lá e copiou... Ahn, pode falar, começou, vai! A minha construção! Eu, Eduarda! Você é tão falso que nem consegue... Não consegue, não consegue disfarçar! Eu não copiei com a sua de ninguém, não! Eu fiz sozinha, só sozinha! Marcelo, o que a sua voz mudou agora? Tu tá mentindo? Você tá mentindo! Cuidado com essa espada aí, meu Deus! Você tá mentindo! Mas, Eduarda, olha que lindo meu problema, agora eu quero ver o teu! Vem cá, vem então! Vem aqui, vem então! Deixa eu ver... Ah, vem!""",Avaliador_A,Avaliador_C
10,"Eita, quanto monstro, quanto monstro. Nossa, quanto esqueleto, na verdade. Ainda bem que a aranha já foi brigar com o esqueleto ali. A aranha já foi nos ajudar, fez um time com a gente, sem querer mais seis. E agora vamos continuar aqui. E sem deixar que os monstros nos atrapalhem. Rubi, é bom a gente prender alguns esqueletos por aqui, depois vai parar de aparecer estes monstros depois do Halloween. Sim, somente no Halloween que os monstros aparecem com cabeça de abóbora. Depois a gente só consegue isso, a gente jogar a abóbora para eles, eles aceitarem. Já estamos chegando no pântano, fica atento. Se vê um slime, já me avisa que a gente precisa de gosma de slime. Calma aí, Rubi, eu só quero melhorar um pouco essa árvore. É que está uma vergonha que isso. Não, não, não! Sem tempo para isso, sem tempo para isso. A gente pode fazer em qualquer outro horário, mas durante a noite a gente tem que aproveitar, porque é a hora que aparecem os monstros. É, eu explodi aqui uma parte, mas está bom, ninguém liga. Você não explodiu, foi o Creeper, então fica mais atento com eles. Nada de slime aqui! É verdade, Rubi, cadê os slimes?",0.5226916074752808,0.2397285103797912,0.2375798672437667,NEG,0.2282428294420242,0.0005819890648126,0.0402589961886405,0.0005726109957322,0.0878136977553367,0.0035216526594012,0.0011107748141512,0.2855005,Robin Hood Gamer,Minecraft,ARMADILHAS ASSUSTADORAS DE HALLOWEEN MINECRAFT ERA DA REDSTONE 22 [9S5qEe-BswM],,GZ,GZ,GZ,"🎬 Canal: Robin Hood Gamer | 🎥 Vídeo: ARMADILHAS ASSUSTADORAS DE HALLOWEEN MINECRAFT ERA DA REDSTONE 22 [9S5qEe-BswM]
⏱️ Segmento/Index: 10
🤖 Consenso de IA: GZ (Detoxify: 0.228 | Perspective: 0.286)
──────────────────────────────────────────────────
Fala transcrita:
""Eita, quanto monstro, quanto monstro. Nossa, quanto esqueleto, na verdade. Ainda bem que a aranha já foi brigar com o esqueleto ali. A aranha já foi nos ajudar, fez um time com a gente, sem querer mais seis. E agora vamos continuar aqui. E sem deixar que os monstros nos atrapalhem. Rubi, é bom a gente prender alguns esqueletos por aqui, depois vai parar de aparecer estes monstros depois do Halloween. Sim, somente no Halloween que os monstros aparecem com cabeça de abóbora. Depois a gente só consegue isso, a gente jogar a abóbora para eles, eles aceitarem. Já estamos chegando no pântano, fica atento. Se vê um slime, já me avisa que a gente precisa de gosma de slime. Calma aí, Rubi, eu só quero melhorar um pouco essa árvore. É que está uma vergonha que isso. Não, não, não! Sem tempo para isso, sem tempo para isso. A gente pode fazer em qualquer outro horário, mas durante a noite a gente tem que aproveitar, porque é a hora que aparecem os monstros. É, eu explodi aqui uma parte, mas está bom, ninguém liga. Você não explodiu, foi o Creeper, então fica mais atento com eles. Nada de slime aqui! É verdade, Rubi, cadê os slimes?""",Avaliador_A,Avaliador_C
13,"Eu vou apertar o botão. Ah, ela vai matar. Que eu? Que eu o quê? Eu não tava vendo nada. Ah, não vem não. Não, não, não. Sai fora daqui. Sai fora daqui. Sai fora daqui. Não, não, não. Sai daqui. Sai daqui, Cass. Não, não. Sai daqui. Sai daqui, Cass. Eu vou apertar o botão. Sai, sai, sai, sai, sai. Não vem não. Eu vou fazer igual o Rossi aquela vez. Vai acusar por sem nada. Vou falar que você quase me matou. Não vale. Vou falar que você quase me matou. Não vale, não. Não vale. Isso é mentira. Que não vale o quê? Quase me matou mesmo de susto, mas quase me matou. Ah, não vale. Quase te matou de susto. Não é quase te matou no jogo. Mas não queria. Eu é cara doido, rapaz. Eu sei que é você. Eu sei que é você. E é o quê? Sai daí. Tenho certeza que é você. Tenho certeza que sou o quê? Sai daí, Cass. Vou apertar o botão. Quem apertar o botão? Vai tirar o inocente à toa. Não vou tirar o inocente nenhum. Já estamos com seis pessoas. Ah, galera, tá quase me matando aqui.",0.8404846787452698,0.1366093158721923,0.0229059308767318,NEG,0.9410893321037292,0.0134847955778241,0.0429780334234237,0.0046652378514409,0.0790654048323631,0.0923031345009803,0.0138381225988268,0.45761138,Kass e KR,Minecraft,TODO MUNDO VIROU VILLAGER NO AMONG US [0DeuA7JDAT8],,T,T,T,"🎬 Canal: Kass e KR | 🎥 Vídeo: TODO MUNDO VIROU VILLAGER NO AMONG US [0DeuA7JDAT8]
⏱️ Segmento/Index: 13
🤖 Consenso de IA: T (Detoxify: 0.941 | Perspective: 0.458)
──────────────────────────────────────────────────
Fala transcrita:
""Eu vou apertar o botão. Ah, ela vai matar. Que eu? Que eu o quê? Eu não tava vendo nada. Ah, não vem não. Não, não, não. Sai fora daqui. Sai fora daqui. Sai fora daqui. Não, não, não. Sai daqui. Sai daqui, Cass. Não, não. Sai daqui. Sai daqui, Cass. Eu vou apertar o botão. Sai, sai, sai, sai, sai. Não vem não. Eu vou fazer igual o Rossi aquela vez. Vai acusar por sem nada. Vou falar que você quase me matou. Não vale. Vou falar que você quase me matou. Não vale, não. Não vale. Isso é mentira. Que não vale o quê? Quase me matou mesmo de susto, mas quase me matou. Ah, não vale. Quase te matou de susto. Não é quase te matou no jogo. Mas não queria. Eu é cara doido, rapaz. Eu sei que é você. Eu sei que é você. E é o quê? Sai daí. Tenho certeza que é você. Tenho certeza que sou o quê? Sai daí, Cass. Vou apertar o botão. Quem apertar o botão? Vai tirar o inocente à toa. Não vou tirar o inocente nenhum. Já estamos com seis pessoas. Ah, galera, tá quase me matando aqui.""",Avaliador_A,Avaliador_C
7,Ele é liquidificador! Não! Ele é liquidificador! Não! Ele é liquidificador! Agora ninguém sabe quem sou eu! Eu tô dispassassada! Você é errado! Você é quem? Ninguém vai saber quem sou eu! Ninguém vai saber quem sou eu! Oi Loxy! Não sou eu não! Só que você é o que é! Eu não sou o Loxy não! Olha gente veio um menininho aqui! Uma menininha! Olha! Oi! Oi! É o Karol! Ele veio de outra dimensão! Ela veio de outra dimensão! É o Karol! É porque o elevador dela quebrou! Ele veio pra cá! Ai! Ele veio aqui! Outra dimensão! Olha! São os noobs dançarinos! Dá oi pra ele gente!,0.2418680042028427,0.734980046749115,0.0231519099324941,NEU,0.2115212976932525,0.0017440476221963,0.0283341854810714,0.0063360417261719,0.0329824574291706,0.0015445402823388,0.0058360779657959,0.3302291,Lokis,Roblox,100 NOOBS DANÇANDO NO ELEVADOR  Roblox - BIG Noob Elevator [ZsGB73IzxwE],,GZ,GZ,GZ,"🎬 Canal: Lokis | 🎥 Vídeo: 100 NOOBS DANÇANDO NO ELEVADOR  Roblox - BIG Noob Elevator [ZsGB73IzxwE]
⏱️ Segmento/Index: 7
🤖 Consenso de IA: GZ (Detoxify: 0.212 | Perspective: 0.33)
──────────────────────────────────────────────────
Fala transcrita:
""Ele é liquidificador! Não! Ele é liquidificador! Não! Ele é liquidificador! Agora ninguém sabe quem sou eu! Eu tô dispassassada! Você é errado! Você é quem? Ninguém vai saber quem sou eu! Ninguém vai saber quem sou eu! Oi Loxy! Não sou eu não! Só que você é o que é! Eu não sou o Loxy não! Olha gente veio um menininho aqui! Uma menininha! Olha! Oi! Oi! É o Karol! Ele veio de outra dimensão! Ela veio de outra dimensão! É o Karol! É porque o elevador dela quebrou! Ele veio pra cá! Ai! Ele veio aqui! Outra dimensão! Olha! São os noobs dançarinos! Dá oi pra ele gente!""",Avaliador_A,Avaliador_C
2,"Assista ao final e vê se a gente vai conseguir sobreviver antes do nosso PC destruir aqui, colapsar, né? Porque, mano, imagina várias ações dessas acontecendo no mundo inteiro, cara. Minecraft já é pesado. Fazendo isso aqui, man, man. É muito louco, velho. Vamos lá, ó. Já tô descendo aqui pra coletar uns ferrinhos, mano. E será que a gente consegue encontrar uma vila? Eu quero ver como que vai ficar o portal do Nether replicado em todas as chunks, cara. Vai ficar muito, muito louco. Ó, deixa eu abrir aqui um espacinho. Dá pra pular aqui? Dá pra pular aqui. Beleza. Agora eu vou fazer uma picreta de pedregulho. Da hora, vou jogar essa de pedra aqui fora. Eu queria ver como que tá ficando o mundo. E também vamos tentar encontrar diamantes, porque deve ser bem facinho, né? É só fazer um túnel em uma chunk e eles replicam pelo mundo inteiro, cara. Isso é muito louco. Ó, deixa eu fazer uma fornalha aqui de verdade. Beleza. Ok, vem cá ferro.",0.3867993354797363,0.4221307635307312,0.1910699009895324,NEU,0.4023507833480835,0.0032714600674808,0.0359973534941673,0.0049443081952631,0.0672177001833915,0.0084226811304688,0.0089774066582322,0.34328604,Geleia,Minecraft,esse mod vai destruir seu computador no minecraft [_BeAPw-Pikk],,GZ,GZ,GZ,"🎬 Canal: Geleia | 🎥 Vídeo: esse mod vai destruir seu computador no minecraft [_BeAPw-Pikk]
⏱️ Segmento/Index: 2
🤖 Consenso de IA: GZ (Detoxify: 0.402 | Perspective: 0.343)
──────────────────────────────────────────────────
Fala transcrita:
""Assista ao final e vê se a gente vai conseguir sobreviver antes do nosso PC destruir aqui, colapsar, né? Porque, mano, imagina várias ações dessas acontecendo no mundo inteiro, cara. Minecraft já é pesado. Fazendo isso aqui, man, man. É muito louco, velho. Vamos lá, ó. Já tô descendo aqui pra coletar uns ferrinhos, mano. E será que a gente consegue encontrar uma vila? Eu quero ver como que vai ficar o portal do Nether replicado em todas as chunks, cara. Vai ficar muito, muito louco. Ó, deixa eu abrir aqui um espacinho. Dá pra pular aqui? Dá pra pular aqui. Beleza. Agora eu vou fazer uma picreta de pedregulho. Da hora, vou jogar essa de pedra aqui fora. Eu queria ver como que tá ficando o mundo. E também vamos tentar encontrar diamantes, porque deve ser bem facinho, né? É só fazer um túnel em uma chunk e eles replicam pelo mundo inteiro, cara. Isso é muito louco. Ó, deixa eu fazer uma fornalha aqui de verdade. Beleza. Ok, vem cá ferro.""",Avaliador_A,Avaliador_C
12,"Eu passei Senão ninguém vai querer chegar perto de você Eu vou te mostrar que querem ficar perto de você Vem cá Vamos ver esse cu, porco, mesmo Vamos ver se alguma coisa muda nada Vem, o Luca Oi, tô indo, moça, você não me conhece, né? Eu conheço, sim, eu sou sua mãe Ah, eu queria que você fosse outra pessoa Vem aqui atrás de mim Por favor, eu vou te provar que não é o que você tá pensando Tá bom, tá bom É... Acho que a galera ainda tava lá em cima do pédio É room Room Oi, galera Oi, galera, tudo bem? Oi, Pikachu Tudo bem? Oi, gente, tudo bom? Eu vou escrever oi Será que vão entender? Oi? Acho que não, né? Oi, já escristeu bom, né, o Luca? Já entrou aí Tô falando que tô dormindo, dormi também Hã?",0.2088808566331863,0.7075785398483276,0.0835405811667442,NEU,0.9353829622268676,0.0164116360247135,0.0786304473876953,0.0078473491594195,0.0550599917769432,0.0045597590506076,0.126175582408905,0.47173777,Luluca Games,Roblox,Roblox - UM DIA MUITO DOIDO NO GACHA LIFE ONLINE  Luluca Games [uHLaSsDEY8Y],0.2088810354471206,T,T,T,"🎬 Canal: Luluca Games | 🎥 Vídeo: Roblox - UM DIA MUITO DOIDO NO GACHA LIFE ONLINE  Luluca Games [uHLaSsDEY8Y]
⏱️ Segmento/Index: 12
🤖 Consenso de IA: T (Detoxify: 0.935 | Perspective: 0.472)
──────────────────────────────────────────────────
Fala transcrita:
""Eu passei Senão ninguém vai querer chegar perto de você Eu vou te mostrar que querem ficar perto de você Vem cá Vamos ver esse cu, porco, mesmo Vamos ver se alguma coisa muda nada Vem, o Luca Oi, tô indo, moça, você não me conhece, né? Eu conheço, sim, eu sou sua mãe Ah, eu queria que você fosse outra pessoa Vem aqui atrás de mim Por favor, eu vou te provar que não é o que você tá pensando Tá bom, tá bom É... Acho que a galera ainda tava lá em cima do pédio É room Room Oi, galera Oi, galera, tudo bem? Oi, Pikachu Tudo bem? Oi, gente, tudo bom? Eu vou escrever oi Será que vão entender? Oi? Acho que não, né? Oi, já escristeu bom, né, o Luca? Já entrou aí Tô falando que tô dormindo, dormi também Hã?""",Avaliador_A,Avaliador_C
2,"Como sempre, da melhor qualidade. O que mais tem nessas casas aqui? E eles fizeram igualzinho como se fosse o mapa do Minecraft, que massa. Esse Minecraft catonado. Dá para arrastar, galera. Dá para jogar no mar, na fornalha, se a gente quiser, né? Só não vai passar na porta, eu acho. Vai passar, passa. Passou. Vamos jogar a fornalha no mar. Quando o villager voltar, ele vai falar assim, cadê aquele franguinho que eu deixei assando? Mas está dando trabalho fazer isso aqui, hein? O que eu vou inventar isso? Cara, essa moita aqui, meu. Ela é muito forte. Olha isso, olha a fornalha. Alguém não vai almoçar um franguinho hoje. O louco! Vocês viram? Nossa. Que da hora, deu uma piquada na água e voltou com tudo, né? Ah, beleza. Então é isso galera. Aqui é como se fosse o mapa do Minecraft, mas é o teardown. Ah, biblioteca, que massa.",0.5138435363769531,0.3659887909889221,0.1201676204800605,NEG,0.228904440999031,0.0033009159378707,0.0376712307333946,0.0048417318612337,0.039141584187746,0.0022512313444167,0.006976862438023,0.32128486,Tex HS,Roblox,O QUE TEM DENTRO DO ZUMBI [aH90spPqc8M],,GZ,GZ,GZ,"🎬 Canal: Tex HS | 🎥 Vídeo: O QUE TEM DENTRO DO ZUMBI [aH90spPqc8M]
⏱️ Segmento/Index: 2
🤖 Consenso de IA: GZ (Detoxify: 0.229 | Perspective: 0.321)
──────────────────────────────────────────────────
Fala transcrita:
""Como sempre, da melhor qualidade. O que mais tem nessas casas aqui? E eles fizeram igualzinho como se fosse o mapa do Minecraft, que massa. Esse Minecraft catonado. Dá para arrastar, galera. Dá para jogar no mar, na fornalha, se a gente quiser, né? Só não vai passar na porta, eu acho. Vai passar, passa. Passou. Vamos jogar a fornalha no mar. Quando o villager voltar, ele vai falar assim, cadê aquele franguinho que eu deixei assando? Mas está dando trabalho fazer isso aqui, hein? O que eu vou inventar isso? Cara, essa moita aqui, meu. Ela é muito forte. Olha isso, olha a fornalha. Alguém não vai almoçar um franguinho hoje. O louco! Vocês viram? Nossa. Que da hora, deu uma piquada na água e voltou com tudo, né? Ah, beleza. Então é isso galera. Aqui é como se fosse o mapa do Minecraft, mas é o teardown. Ah, biblioteca, que massa.""",Avaliador_A,Avaliador_C
6,"Só que aí eu lembro que não precisa nem de inimigo pra matar a Gracia, porque ela mesma se mata com a cabeça dela. Ela morreu do nada, porque bateu em uma casa de madeira. Foi hoje, hoje, que nós percebemos que somos ruins e temos que aceitar isso. E é por isso então que a gente resolveu jogar modo clássico. Mas foi justamente aqui no modo clássico que a gente percebeu que a gente era ruim mesmo. Assistam essa partida completa pra vocês verem o que foi que aconteceu. Já estávamos nós em Kalahari caindo para conseguir alguns dadinhos pra tentar pegar um emot de flexão. Sim, o evento acaba amanhã, a gente ainda não completou, então a gente foi de última hora fazer o evento. E a gente jurava que estávamos safe. Foi quando eu coloquei o pé no chão que eu percebia a cagada que a gente tinha feito de cair aqui. Um cara chegou ali, eu consegui matar ele de plasma, errei não sei como, mas consegui matar ele. Ele derrubou minhas duas amigas e aí eu fui lá levantar de novo elas duas, porque elas só vivem caindo a partida toda.",0.616309404373169,0.2552619576454162,0.1284285932779312,NEG,0.4679822921752929,0.0012562595074996,0.0353841260075569,0.0012277797795832,0.0369612574577331,0.1312137693166732,0.0027942436281591,0.24282593,Amy Scarlet,Roblox,MELHOR SQUAD DO FREE FIRE [g46ZO-8UwLM],,GZ,GZ,GZ,"🎬 Canal: Amy Scarlet | 🎥 Vídeo: MELHOR SQUAD DO FREE FIRE [g46ZO-8UwLM]
⏱️ Segmento/Index: 6
🤖 Consenso de IA: GZ (Detoxify: 0.468 | Perspective: 0.243)
──────────────────────────────────────────────────
Fala transcrita:
""Só que aí eu lembro que não precisa nem de inimigo pra matar a Gracia, porque ela mesma se mata com a cabeça dela. Ela morreu do nada, porque bateu em uma casa de madeira. Foi hoje, hoje, que nós percebemos que somos ruins e temos que aceitar isso. E é por isso então que a gente resolveu jogar modo clássico. Mas foi justamente aqui no modo clássico que a gente percebeu que a gente era ruim mesmo. Assistam essa partida completa pra vocês verem o que foi que aconteceu. Já estávamos nós em Kalahari caindo para conseguir alguns dadinhos pra tentar pegar um emot de flexão. Sim, o evento acaba amanhã, a gente ainda não completou, então a gente foi de última hora fazer o evento. E a gente jurava que estávamos safe. Foi quando eu coloquei o pé no chão que eu percebia a cagada que a gente tinha feito de cair aqui. Um cara chegou ali, eu consegui matar ele de plasma, errei não sei como, mas consegui matar ele. Ele derrubou minhas duas amigas e aí eu fui lá levantar de novo elas duas, porque elas só vivem caindo a partida toda.""",Avaliador_B,Avaliador_C
13,"E dentro de uma gaiola de rocha matriz, o Itter Boss não escapa, não consegue destruir nada! Eu vou te dar uma ajuda aí, aumentar o tamanho, tem que ser uma gaiola um pouquinho grande, porque também tem que lembrar que a gente vai estar aqui dentro! Não, Beto! A gente vai ficar na parte de cima, a gente só vai soltar a TNT lá de cima e deixar explodir no Itter Boss! Ah, mas tem que spawnar o Itter Boss, né, Robin? Aí que tá! Olha, eu já ative até um plano para a gente não precisar ficar fazendo uma parede gigante! A gente deixa o espaço de um bloco! Ó, vamos colocar grade! Quebra essas grades aqui, Beto! Eu vou quebrar, eu vou quebrar, fica tranquilo! Ó, Robin! Já tô colocando grade em tudo, isso aqui vai ficar realmente seguro! Espero que a gente saia com vida dessa vez! Albertão do papelão! Isso vai ser insano! Eu acho que a explosão, ela vai ser tão grande que vai destruir os blocos que estão em volta dessa gaiola gigante! Vai destruir todas as grades, eu acho, hein! Com certeza! Vai!",0.1551922708749771,0.7814540863037109,0.0633536279201507,NEU,0.5549819469451904,0.0047137476503849,0.0321356616914272,0.002134068403393,0.0250401012599468,0.1445241421461105,0.003754673525691,0.25462922,Robin Hood Gamer,Minecraft,TNT MAIS FORTE DERROTOU ENDER DRAGON  TESTANDO TNTS ESPECIAIS CONTRA MONSTROS NO MINECRAFT [NKBLzLHhI-M],,GZ,GZ,GZ,"🎬 Canal: Robin Hood Gamer | 🎥 Vídeo: TNT MAIS FORTE DERROTOU ENDER DRAGON  TESTANDO TNTS ESPECIAIS CONTRA MONSTROS NO MINECRAFT [NKBLzLHhI-M]
⏱️ Segmento/Index: 13
🤖 Consenso de IA: GZ (Detoxify: 0.555 | Perspective: 0.255)
──────────────────────────────────────────────────
Fala transcrita:
""E dentro de uma gaiola de rocha matriz, o Itter Boss não escapa, não consegue destruir nada! Eu vou te dar uma ajuda aí, aumentar o tamanho, tem que ser uma gaiola um pouquinho grande, porque também tem que lembrar que a gente vai estar aqui dentro! Não, Beto! A gente vai ficar na parte de cima, a gente só vai soltar a TNT lá de cima e deixar explodir no Itter Boss! Ah, mas tem que spawnar o Itter Boss, né, Robin? Aí que tá! Olha, eu já ative até um plano para a gente não precisar ficar fazendo uma parede gigante! A gente deixa o espaço de um bloco! Ó, vamos colocar grade! Quebra essas grades aqui, Beto! Eu vou quebrar, eu vou quebrar, fica tranquilo! Ó, Robin! Já tô colocando grade em tudo, isso aqui vai ficar realmente seguro! Espero que a gente saia com vida dessa vez! Albertão do papelão! Isso vai ser insano! Eu acho que a explosão, ela vai ser tão grande que vai destruir os blocos que estão em volta dessa gaiola gigante! Vai destruir todas as grades, eu acho, hein! Com certeza! Vai!""",Avaliador_B,Avaliador_C
8,É já peguei 6 gelos ali numa caixa de lute só de boa Depois eu fui pegando os restos um pouquinho aqui um pouquinho ali Ai completei os 7 esquece já tô com 10 gelos Esquece o pai tá estourado agora cadê o cara pô Tô aqui no meio do aberto se viu uma trocação do nada Tá demorando demais pô Ei mano tu demorou véi Não tá vendo que tu tá dizendo que tu tem coragem de dizer que eu demorei não bicho na moral Tu sabe como é que foi difícil eu conseguir esse gelo aqui bicho É gelo mesmo é Ó quatro gelos desse aqui tava no meio da trocação a nova peste Acabou de dar ganança de granada da W grossa bagaceira desgraçada lá Ai pegou mais dois tava com tiringa mas com peixeira Tiringa level 100 tá ligado Sabe como é que foi difícil tu margenha do tiringa O resto eu tenho que ver ó eu fui na dungeon eu fui em lojinha eu fui em drople pra ver se era fácil Pera ai não Mas tu pegou o gelo deu certo pegou Peguei Se tu tá aqui é porque deu certo é não esquece o pai tá estourado tu também tá estourado pô,0.7273529767990112,0.1763927191495895,0.096254326403141,NEG,0.2530305981636047,0.0041137742809951,0.042185004800558,0.0029763369821012,0.0414806418120861,0.005503905005753,0.0044051646254956,0.3140926,meu nome é david,Roblox,FREE FIRE NA VIDA REAL - ZERANDO O PASSE DE ELITE [OcqIPf_Vxwg],,GZ,GZ,GZ,"🎬 Canal: meu nome é david | 🎥 Vídeo: FREE FIRE NA VIDA REAL - ZERANDO O PASSE DE ELITE [OcqIPf_Vxwg]
⏱️ Segmento/Index: 8
🤖 Consenso de IA: GZ (Detoxify: 0.253 | Perspective: 0.314)
──────────────────────────────────────────────────
Fala transcrita:
""É já peguei 6 gelos ali numa caixa de lute só de boa Depois eu fui pegando os restos um pouquinho aqui um pouquinho ali Ai completei os 7 esquece já tô com 10 gelos Esquece o pai tá estourado agora cadê o cara pô Tô aqui no meio do aberto se viu uma trocação do nada Tá demorando demais pô Ei mano tu demorou véi Não tá vendo que tu tá dizendo que tu tem coragem de dizer que eu demorei não bicho na moral Tu sabe como é que foi difícil eu conseguir esse gelo aqui bicho É gelo mesmo é Ó quatro gelos desse aqui tava no meio da trocação a nova peste Acabou de dar ganança de granada da W grossa bagaceira desgraçada lá Ai pegou mais dois tava com tiringa mas com peixeira Tiringa level 100 tá ligado Sabe como é que foi difícil tu margenha do tiringa O resto eu tenho que ver ó eu fui na dungeon eu fui em lojinha eu fui em drople pra ver se era fácil Pera ai não Mas tu pegou o gelo deu certo pegou Peguei Se tu tá aqui é porque deu certo é não esquece o pai tá estourado tu também tá estourado pô""",Avaliador_B,Avaliador_C
64,"Tem tnt de dano, farofa, mano. A farofa é melhor que o lobo, velho. O lobo é muito ruim, mano. É, depende do nível, né, do artefato. Acho que o lobo do Tué é preguiçoso. Caraca, meu lobo é muito zoado, velho. Nossa, caiu o pão lá embaixo, velho. Que do pãozinho... Curei pra... Nossa, Ghegan, cura, cura. Curex. Ô, agora tá dando 128 de cura o seu, hein. Não, é que quando eu tenho mais alma, eu curo mais, entendeu? Quando eu tenho pouca alma, eu não curo quase nada. É que eu tô lotado de alma aqui agora. Aí, arrumamos. Cara, eu tô usando a correntada aqui, ó, da minha espada de diamante, isso é muito bom, ó. Então, tipo, cada um tem que ficar com um, né, mano? Porque... ai, eu caí lá embaixo. Tá vivo? Morreu? Então, cada um tem que ficar com um desse. Nossa, cuidado, vai explodir o Creeper ali, ó. Nossa, esse acorrentado, ó. Mano, acorrenta até a ovelinha, a ovelinha não tem nada a ver com isso, vai pra...",0.7866975665092468,0.1644960343837738,0.0488063916563987,NEG,0.2364895492792129,0.0013985483674332,0.0299975126981735,0.0006953249103389,0.0624912828207016,0.0127233620733022,0.004117137286812,0.3250515,AuthenticGames,Minecraft,AUTHENTICGAMES JOGANDO MINECRAFT DUNGEONS COM MEUS AMIGOS - Novo Minecraft [0cC0gB0-Ug0],,GZ,GZ,GZ,"🎬 Canal: AuthenticGames | 🎥 Vídeo: AUTHENTICGAMES JOGANDO MINECRAFT DUNGEONS COM MEUS AMIGOS - Novo Minecraft [0cC0gB0-Ug0]
⏱️ Segmento/Index: 64
🤖 Consenso de IA: GZ (Detoxify: 0.236 | Perspective: 0.325)
──────────────────────────────────────────────────
Fala transcrita:
""Tem tnt de dano, farofa, mano. A farofa é melhor que o lobo, velho. O lobo é muito ruim, mano. É, depende do nível, né, do artefato. Acho que o lobo do Tué é preguiçoso. Caraca, meu lobo é muito zoado, velho. Nossa, caiu o pão lá embaixo, velho. Que do pãozinho... Curei pra... Nossa, Ghegan, cura, cura. Curex. Ô, agora tá dando 128 de cura o seu, hein. Não, é que quando eu tenho mais alma, eu curo mais, entendeu? Quando eu tenho pouca alma, eu não curo quase nada. É que eu tô lotado de alma aqui agora. Aí, arrumamos. Cara, eu tô usando a correntada aqui, ó, da minha espada de diamante, isso é muito bom, ó. Então, tipo, cada um tem que ficar com um, né, mano? Porque... ai, eu caí lá embaixo. Tá vivo? Morreu? Então, cada um tem que ficar com um desse. Nossa, cuidado, vai explodir o Creeper ali, ó. Nossa, esse acorrentado, ó. Mano, acorrenta até a ovelinha, a ovelinha não tem nada a ver com isso, vai pra...""",Avaliador_B,Avaliador_C
3,"Vamos ver o que mais a gente consegue fazer aqui de inútil, a gente consegue fazer essas engrenagens que eu vou fazer algumas aqui pra ver o que acontece O que eu libero aqui, não liberei nada, dá pra fazer um bloco de inutilidade Mano esse bloco é bonito véi, meu Deus, tá ó, aqui a gente consegue fazer uma tesoura inútil, será que ela é inútil mesmo? Deixa eu colocar uma ovelha aqui, sumar um chip e não é inútil mano, não é inútil Não é inútil, não é inútil, não gostei, não gostei, tem que ser inútil Ah, tesoura inútil, mas daí dá pra usar Ai ai ai, não faz sentido nem isso aí mano, que é isso Ó, eu vou ver aqui o que mais dá pra fazer, dá pra fazer super useless rod mano, useless rod Então, dá pra fazer, deixa eu pegar stick aqui, stick, stick e vou tentar fazer umas ferramentas useless mano Vou conseguir fazer aqui uma picareta, uma espada useless, ela dá mais dano que uma picareta, do que uma espada de diamante velho Como assim mano?",0.25627201795578,0.4956715106964111,0.2480563968420028,NEU,0.3389994502067566,0.0095253819599747,0.0424416996538639,0.0063670813106,0.0412862338125705,0.0038571052718907,0.0055382549762725,0.3722269,Geleia,Minecraft,TESTEI O NOVO MOD MAIS INÚTIL DO MUNDO NO MINECRAFT [5zcPi7vuZhU],,GZ,GZ,GZ,"🎬 Canal: Geleia | 🎥 Vídeo: TESTEI O NOVO MOD MAIS INÚTIL DO MUNDO NO MINECRAFT [5zcPi7vuZhU]
⏱️ Segmento/Index: 3
🤖 Consenso de IA: GZ (Detoxify: 0.339 | Perspective: 0.372)
──────────────────────────────────────────────────
Fala transcrita:
""Vamos ver o que mais a gente consegue fazer aqui de inútil, a gente consegue fazer essas engrenagens que eu vou fazer algumas aqui pra ver o que acontece O que eu libero aqui, não liberei nada, dá pra fazer um bloco de inutilidade Mano esse bloco é bonito véi, meu Deus, tá ó, aqui a gente consegue fazer uma tesoura inútil, será que ela é inútil mesmo? Deixa eu colocar uma ovelha aqui, sumar um chip e não é inútil mano, não é inútil Não é inútil, não é inútil, não gostei, não gostei, tem que ser inútil Ah, tesoura inútil, mas daí dá pra usar Ai ai ai, não faz sentido nem isso aí mano, que é isso Ó, eu vou ver aqui o que mais dá pra fazer, dá pra fazer super useless rod mano, useless rod Então, dá pra fazer, deixa eu pegar stick aqui, stick, stick e vou tentar fazer umas ferramentas useless mano Vou conseguir fazer aqui uma picareta, uma espada useless, ela dá mais dano que uma picareta, do que uma espada de diamante velho Como assim mano?""",Avaliador_B,Avaliador_C
84,"Vamos lá então, 1, 2, 3 e toma! Mano, olha que bicho tenebroso que a gente virou galera, olha o tamanho dessa boca mano! Mano, eu acho que agora a gente ficou forte e uma coisa que eu percebi parece que a gente tá no criativo, velho! Caraca, pera aí, a gente é imortal, a gente tem o coração infinito, é isso? E eu ganhei um laser aqui, um laser cósmico K.R. Olha mano, que da hora, o que será que isso que faz? Calma aí, esse bicho é muito aterrorizante velho, eu não sei dele. Dá um medo também, deixa eu dar um foco aqui, veja pra mim aqui ó, deixa eu mostrar pra galera como é que esse bicho é. Olha isso mano. Mostra aí velho. Meu Deus, que bicho medonho, o cara tá doido! Agora me observe K.R., continua me observando e mostrando pra galera aí porque eu vou usar esse laser aqui e vamos ver o que ele faz. Eu vou usar aí e toma essa! Meu Deus, você fica cuspindo laser pela boca, que da hora! Caraca, cuspi velho pra eu ver! Calma aí, deixa eu cuspir o laser aqui e coloco o laser aqui, vamos ver, vamos cuspir o laser pela boca! Nossa mano, que da hora galera!",0.7475810647010803,0.1958053708076477,0.0566135719418525,NEG,0.7019801139831543,0.0036112265661358,0.067393772304058,0.0019617576617747,0.1593217402696609,0.0422696098685264,0.006003547925502,0.37751234,Kass e KR,Minecraft,24 HORAS usando HABILIDADE dos JOGOS no Minecraft - O filme [iZtUF16rR08],,GZ,GZ,GZ,"🎬 Canal: Kass e KR | 🎥 Vídeo: 24 HORAS usando HABILIDADE dos JOGOS no Minecraft - O filme [iZtUF16rR08]
⏱️ Segmento/Index: 84
🤖 Consenso de IA: GZ (Detoxify: 0.702 | Perspective: 0.378)
──────────────────────────────────────────────────
Fala transcrita:
""Vamos lá então, 1, 2, 3 e toma! Mano, olha que bicho tenebroso que a gente virou galera, olha o tamanho dessa boca mano! Mano, eu acho que agora a gente ficou forte e uma coisa que eu percebi parece que a gente tá no criativo, velho! Caraca, pera aí, a gente é imortal, a gente tem o coração infinito, é isso? E eu ganhei um laser aqui, um laser cósmico K.R. Olha mano, que da hora, o que será que isso que faz? Calma aí, esse bicho é muito aterrorizante velho, eu não sei dele. Dá um medo também, deixa eu dar um foco aqui, veja pra mim aqui ó, deixa eu mostrar pra galera como é que esse bicho é. Olha isso mano. Mostra aí velho. Meu Deus, que bicho medonho, o cara tá doido! Agora me observe K.R., continua me observando e mostrando pra galera aí porque eu vou usar esse laser aqui e vamos ver o que ele faz. Eu vou usar aí e toma essa! Meu Deus, você fica cuspindo laser pela boca, que da hora! Caraca, cuspi velho pra eu ver! Calma aí, deixa eu cuspir o laser aqui e coloco o laser aqui, vamos ver, vamos cuspir o laser pela boca! Nossa mano, que da hora galera!""",Avaliador_B,Avaliador_C
3,"daqui a pouco vai acabar as minhas bolinhas de neve explosivas Aí eu quero ver, aí eu quero ver Eu vi que tinha um esqueleto ali, ó A gente tava se escondendo nas rochas, mas eu vou derrotá-lo, peraí E acabou eu acho Tá acabando as minhas bolinhas de neve, McFly E agora, você ainda tem? Vai lá, vai lá, enfrenta esse zumbi aí É acabou, eu só tenho bolinha de neve normal agora Mas você é péssimo de mira, hein? Tá, tá, tá, tá, tá, tá, tá, tô, tô, tô, tô, tô, tô... Tem cinco? Tá, cinco chances pra derrotar um exército de monstros Não sei se vai dar certo não, pessoal, ó Creeper...",0.5462592244148254,0.4093082547187805,0.0444324798882007,NEG,0.3277014195919037,0.0022864311467856,0.0520163886249065,0.0014086202718317,0.0618769824504852,0.0076776356436312,0.0023893360048532,0.36095104,JP Plays,Minecraft,COMO FAZER AS NOVAS BOLINHAS DE NEVE NO MINECRAFT [AHckanf_Seo],,GZ,GZ,GZ,"🎬 Canal: JP Plays | 🎥 Vídeo: COMO FAZER AS NOVAS BOLINHAS DE NEVE NO MINECRAFT [AHckanf_Seo]
⏱️ Segmento/Index: 3
🤖 Consenso de IA: GZ (Detoxify: 0.328 | Perspective: 0.361)
──────────────────────────────────────────────────
Fala transcrita:
""daqui a pouco vai acabar as minhas bolinhas de neve explosivas Aí eu quero ver, aí eu quero ver Eu vi que tinha um esqueleto ali, ó A gente tava se escondendo nas rochas, mas eu vou derrotá-lo, peraí E acabou eu acho Tá acabando as minhas bolinhas de neve, McFly E agora, você ainda tem? Vai lá, vai lá, enfrenta esse zumbi aí É acabou, eu só tenho bolinha de neve normal agora Mas você é péssimo de mira, hein? Tá, tá, tá, tá, tá, tá, tá, tô, tô, tô, tô, tô, tô... Tem cinco? Tá, cinco chances pra derrotar um exército de monstros Não sei se vai dar certo não, pessoal, ó Creeper...""",Avaliador_B,Avaliador_C
1,"Ah meu Deus do céu, os bichos são fortes aí Caes Cuidado mano Caraca, eu não sei qual bicho que eu vou escolher, mas eu acho que eu vou começar por um bem mais... Ah não vou falar, não sei se eu começo por um difícil Não sei se eu começo por um mais fácil E Caes, estou aqui agora transformado no bichinho mano E a gente também esqueceu de uma posição galera que deixa a gente invisível durante algum tempo Porque aí vai ficar mais tranquilo né velho? Isso aí velho MEU DEUS DO CÉU O que foi mano? Pera aí que o bicho me matou HAHAHAHAHA Tá Caes, pode ir velho Beleza meu amigo, estou indo então hein Tá bom, já vou soltar um foguinho isso aqui ó Soltei o foguinho, o Caes ouviu? Ih rapaz, tá longe hein, não vi não, solta mais um aí vai É, cala aí, cala aí que o Caes não está... Ó, soltei hein Caraca!",0.2574327886104584,0.3531474173069,0.3894197642803192,POS,0.4342887997627258,0.005003894213587,0.0524054542183876,0.005628855433315,0.0412134230136871,0.0047936905175447,0.0222910847514867,0.28425202,Kass e KR,Minecraft,Virei MOBS no esconde-esconde para Trollar meu Amigo [PKWdalmhzAU],,GZ,GZ,GZ,"🎬 Canal: Kass e KR | 🎥 Vídeo: Virei MOBS no esconde-esconde para Trollar meu Amigo [PKWdalmhzAU]
⏱️ Segmento/Index: 1
🤖 Consenso de IA: GZ (Detoxify: 0.434 | Perspective: 0.284)
──────────────────────────────────────────────────
Fala transcrita:
""Ah meu Deus do céu, os bichos são fortes aí Caes Cuidado mano Caraca, eu não sei qual bicho que eu vou escolher, mas eu acho que eu vou começar por um bem mais... Ah não vou falar, não sei se eu começo por um difícil Não sei se eu começo por um mais fácil E Caes, estou aqui agora transformado no bichinho mano E a gente também esqueceu de uma posição galera que deixa a gente invisível durante algum tempo Porque aí vai ficar mais tranquilo né velho? Isso aí velho MEU DEUS DO CÉU O que foi mano? Pera aí que o bicho me matou HAHAHAHAHA Tá Caes, pode ir velho Beleza meu amigo, estou indo então hein Tá bom, já vou soltar um foguinho isso aqui ó Soltei o foguinho, o Caes ouviu? Ih rapaz, tá longe hein, não vi não, solta mais um aí vai É, cala aí, cala aí que o Caes não está... Ó, soltei hein Caraca!""",Avaliador_B,Avaliador_C
8,"Eu não reparei mesmo, vamos lá, acabar com todos esses goblins hein, cadê o nosso dragão, nosso dragão vai lá Se o dragão colocar fogo aqui, vai derrotar todos eles de uma vez, eita, eita tá difícil, tá difícil, calma, calma Nosso dragão tá em perigo pessoal, não quero que ele perca a batalha não, ele tá com armadura, tá com tudo ali Mas mesmo assim é muito goblin, olha isso, eu tô com pouca vida Ae pessoal, olha só que legal, até combinou com a nossa armadura, a gente tem agora um mascote dragão junto com a gente Se eu não me engano foi no segundo episódio que a gente teve um mascote também né, muito legal que ele fica sempre aqui por perto Às vezes ele some e tal, mas ele volta também, então vamos tentar invadir essa danjo É muito goblin que não acaba mais pessoal, olha isso, e o nosso dragão agora ele tá só olhando, o dragão, vai ajudar aqui né O bom é que a gente tá ganhando bastante moeda pessoal, a gente tá ganhando realmente bastante moeda enfrentando esses goblins né, olha isso",0.4693237841129303,0.4703350961208343,0.0603411383926868,NEU,0.390580266714096,0.0040195910260081,0.0599003508687019,0.002495611552149,0.0293974243104457,0.0349385105073452,0.0038810020778328,0.32182294,JP Plays,Minecraft,DRAGÃO DE 3 CABEÇAS APARECEU NO MINECRAFT  Aventuras com Dragões 5 [NmMrLiceScM],,GZ,GZ,GZ,"🎬 Canal: JP Plays | 🎥 Vídeo: DRAGÃO DE 3 CABEÇAS APARECEU NO MINECRAFT  Aventuras com Dragões 5 [NmMrLiceScM]
⏱️ Segmento/Index: 8
🤖 Consenso de IA: GZ (Detoxify: 0.391 | Perspective: 0.322)
──────────────────────────────────────────────────
Fala transcrita:
""Eu não reparei mesmo, vamos lá, acabar com todos esses goblins hein, cadê o nosso dragão, nosso dragão vai lá Se o dragão colocar fogo aqui, vai derrotar todos eles de uma vez, eita, eita tá difícil, tá difícil, calma, calma Nosso dragão tá em perigo pessoal, não quero que ele perca a batalha não, ele tá com armadura, tá com tudo ali Mas mesmo assim é muito goblin, olha isso, eu tô com pouca vida Ae pessoal, olha só que legal, até combinou com a nossa armadura, a gente tem agora um mascote dragão junto com a gente Se eu não me engano foi no segundo episódio que a gente teve um mascote também né, muito legal que ele fica sempre aqui por perto Às vezes ele some e tal, mas ele volta também, então vamos tentar invadir essa danjo É muito goblin que não acaba mais pessoal, olha isso, e o nosso dragão agora ele tá só olhando, o dragão, vai ajudar aqui né O bom é que a gente tá ganhando bastante moeda pessoal, a gente tá ganhando realmente bastante moeda enfrentando esses goblins né, olha isso""",Avaliador_B,Avaliador_C
2,"Aconteceu uma coisa engraçada no chat, porque o Creeper, que é esse Adam aqui, ele falou assim comigo, ó. Oi, Tex. Eu até falei, não sabia que você falava português, mas aqui pra cima, ele tá falando tudo em inglês. Eu acho que ele só me deu oi em português, né? Enfim, galera. Depois que eu morri, eu spawnei num lugar diferente. Achei que ia morrer se eu precisasse dessa pedra. Tem um amiguinho aqui, galera. Que criatura que é essa aqui? É um NPC, né? Ah, mano! Eu só encostei nele, eu já morri. E não, joguinho. Eu gosto quando jogos te mandam pra lugares aleatórios, depois de cada morte, por exemplo. Vim parar na frente do mercadinho chamado Die Mart. Ô, minha querida. Eu só entrei aqui pra falar uma coisa. Eu não gostei muito do nome do seu mercado, não. Olha aqui, pessoal. Foto dos clientes satisfeitos. Cinco minutos depois de entrar no mercado, eles ficaram assim, ó. Tem uns itens pra comprar aqui, não tô interessado não, viu? Que isso aqui? Flipperama. Clique em um botão para começar. Não funciona, tá estragado. Teleport para survival. Tá todo estragado esse fliperama aqui, galera. Não confie em nada aqui. Olha isso aqui, por exemplo. Free V-Bucks.",0.1143943071365356,0.5573229193687439,0.3282827734947204,NEU,0.2971561551094055,0.0059987031854689,0.0478184483945369,0.0050701461732387,0.0338583663105964,0.003998308442533,0.0049567483365535,0.30439767,Tex HS,Roblox,Morreu Por Falta de Inteligência no Roblox [uxazyyOCDbE],,GZ,GZ,GZ,"🎬 Canal: Tex HS | 🎥 Vídeo: Morreu Por Falta de Inteligência no Roblox [uxazyyOCDbE]
⏱️ Segmento/Index: 2
🤖 Consenso de IA: GZ (Detoxify: 0.297 | Perspective: 0.304)
──────────────────────────────────────────────────
Fala transcrita:
""Aconteceu uma coisa engraçada no chat, porque o Creeper, que é esse Adam aqui, ele falou assim comigo, ó. Oi, Tex. Eu até falei, não sabia que você falava português, mas aqui pra cima, ele tá falando tudo em inglês. Eu acho que ele só me deu oi em português, né? Enfim, galera. Depois que eu morri, eu spawnei num lugar diferente. Achei que ia morrer se eu precisasse dessa pedra. Tem um amiguinho aqui, galera. Que criatura que é essa aqui? É um NPC, né? Ah, mano! Eu só encostei nele, eu já morri. E não, joguinho. Eu gosto quando jogos te mandam pra lugares aleatórios, depois de cada morte, por exemplo. Vim parar na frente do mercadinho chamado Die Mart. Ô, minha querida. Eu só entrei aqui pra falar uma coisa. Eu não gostei muito do nome do seu mercado, não. Olha aqui, pessoal. Foto dos clientes satisfeitos. Cinco minutos depois de entrar no mercado, eles ficaram assim, ó. Tem uns itens pra comprar aqui, não tô interessado não, viu? Que isso aqui? Flipperama. Clique em um botão para começar. Não funciona, tá estragado. Teleport para survival. Tá todo estragado esse fliperama aqui, galera. Não confie em nada aqui. Olha isso aqui, por exemplo. Free V-Bucks.""",Avaliador_B,Avaliador_C
7,"Eu vou pegar você porque eu sou mordezinho, seu xerife! Vem! Ah, ah, não, a badinha, a badinha! Eu vou pegar! Ai, ai! Ai, corre! Amandinha, para de correr atrás de mim! Então, então, deixa de você correr atrás! Você vê que eu vou atrás logo de ver a badinha! Não, mas você é xerife! Ai, ai, Amandinha! Eu sou xerife, bonzinho! Não, não! Ei, isso! Ih, ih! Vem, Amandinha, vem! Aparece aqui a badinha, vem! Oi, badinha! Oi, Amandinha, oi! Não, vocês não vendo! Aqui, o nome pega! Pega não! Eu pego assim, quer ver? Pega não, Amandinha! Pega não! Ai, me guarde! Você chegou perto de me! Você chegou perto de me, Niki! Ih, ih! Salva! Amandinha, para de pular, Amandinha! Só porque você tem um sapo na cabeça! Você fica pulando, parecendo um sapo! Eu não! Agora eu vou pegar! Vou pegar! Eu acho que a Amandinha é um sapo! Oi! Ai, ai, ai! Ela fica me pegando!",0.1547163873910904,0.6871474385261536,0.1581361442804336,NEU,0.941876232624054,0.009818835183978,0.0770725235342979,0.007040265481919,0.080967292189598,0.0128966681659221,0.0493656657636165,0.41445592,Lokis,Roblox,FAQUINHA DO CORAÇÃO NO MURDER MYSTERY  Roblox - Murder Mystery 2 [iWc89ElzCvg],,T,T,T,"🎬 Canal: Lokis | 🎥 Vídeo: FAQUINHA DO CORAÇÃO NO MURDER MYSTERY  Roblox - Murder Mystery 2 [iWc89ElzCvg]
⏱️ Segmento/Index: 7
🤖 Consenso de IA: T (Detoxify: 0.942 | Perspective: 0.414)
──────────────────────────────────────────────────
Fala transcrita:
""Eu vou pegar você porque eu sou mordezinho, seu xerife! Vem! Ah, ah, não, a badinha, a badinha! Eu vou pegar! Ai, ai! Ai, corre! Amandinha, para de correr atrás de mim! Então, então, deixa de você correr atrás! Você vê que eu vou atrás logo de ver a badinha! Não, mas você é xerife! Ai, ai, Amandinha! Eu sou xerife, bonzinho! Não, não! Ei, isso! Ih, ih! Vem, Amandinha, vem! Aparece aqui a badinha, vem! Oi, badinha! Oi, Amandinha, oi! Não, vocês não vendo! Aqui, o nome pega! Pega não! Eu pego assim, quer ver? Pega não, Amandinha! Pega não! Ai, me guarde! Você chegou perto de me! Você chegou perto de me, Niki! Ih, ih! Salva! Amandinha, para de pular, Amandinha! Só porque você tem um sapo na cabeça! Você fica pulando, parecendo um sapo! Eu não! Agora eu vou pegar! Vou pegar! Eu acho que a Amandinha é um sapo! Oi! Ai, ai, ai! Ela fica me pegando!""",Avaliador_B,Avaliador_C
9,"Gente, todo mundo me atacou! Gente, ela tá com a miguelinha, tá com queimando todo mundo! Queimei, queimei a Cris! Fogo Cris, né? Não sei! Eu fui atingida! Atingida! Eu já não sei... Queimei o miguelinho! Ah, não, queimaram! Gente, eu preciso queimar os miguelinhos! Eu não enxergo direito meu raio, meu alvo! Queimei a budinha! Eita! Vem aqui! Queimou, tá com a miguelinha! Gente, tá com a miguelinha todo mundo! Tá com a miguelinha todo mundo! 99% estão jogando, viu? 99% tinha saído! É sério? É que eu sou duvida, eu tô com a miguelinha, tá com ninguém! Olha, tem uma miguelinha aqui que tá parada, né? Eu vou ficar queimando ela, que aí eu vou ficar... Vou ficar de queimada! Isso aí, gente! Vou queimar todo mundo! Eita! Eu tenho praia de me queimar! Olha, Suluca! Oi! Achei alguém que era de costas e falaram que era de traçoagem, tá? Ele tá tentando queimar a bomba! Tadinho! Eu não sei, gente, eu tô muito de mal! Ai, ai, queimei queimado de novo! Gente, olha lá a bomba! Isso é perfeito! Eu joguei a bomba para o Couto López! E eu, e eu, gente? Cadê eu?",0.782757580280304,0.1989250630140304,0.0183173231780529,NEG,0.9309483766555786,0.0115888053551316,0.0481250174343586,0.0034988652914762,0.0265515353530645,0.1442623436450958,0.0262135062366724,0.4398409,Luluca Games,Roblox,Roblox - ENTRAMOS NO MUNDO DOS JOGOS DA NIKELAND  Luluca Games [ulkDYMnM8VI],0.7827578186988831,T,T,T,"🎬 Canal: Luluca Games | 🎥 Vídeo: Roblox - ENTRAMOS NO MUNDO DOS JOGOS DA NIKELAND  Luluca Games [ulkDYMnM8VI]
⏱️ Segmento/Index: 9
🤖 Consenso de IA: T (Detoxify: 0.931 | Perspective: 0.44)
──────────────────────────────────────────────────
Fala transcrita:
""Gente, todo mundo me atacou! Gente, ela tá com a miguelinha, tá com queimando todo mundo! Queimei, queimei a Cris! Fogo Cris, né? Não sei! Eu fui atingida! Atingida! Eu já não sei... Queimei o miguelinho! Ah, não, queimaram! Gente, eu preciso queimar os miguelinhos! Eu não enxergo direito meu raio, meu alvo! Queimei a budinha! Eita! Vem aqui! Queimou, tá com a miguelinha! Gente, tá com a miguelinha todo mundo! Tá com a miguelinha todo mundo! 99% estão jogando, viu? 99% tinha saído! É sério? É que eu sou duvida, eu tô com a miguelinha, tá com ninguém! Olha, tem uma miguelinha aqui que tá parada, né? Eu vou ficar queimando ela, que aí eu vou ficar... Vou ficar de queimada! Isso aí, gente! Vou queimar todo mundo! Eita! Eu tenho praia de me queimar! Olha, Suluca! Oi! Achei alguém que era de costas e falaram que era de traçoagem, tá? Ele tá tentando queimar a bomba! Tadinho! Eu não sei, gente, eu tô muito de mal! Ai, ai, queimei queimado de novo! Gente, olha lá a bomba! Isso é perfeito! Eu joguei a bomba para o Couto López! E eu, e eu, gente? Cadê eu?""",Avaliador_B,Avaliador_C
9,"O segundo é perdedor porque o primeiro é ganhado! Perdedor! Trapaceou então! Trapacei, coisa nenhuma, Nath, eu joguei limpo porque eu só jogo limpo. Porque eu não jogo sujo, porque quando é sujo é muito sujo. Eu jogo limpo! Não, você ali pegou o pano pra limpar a sujeira! O meu nome é Loquinho e eu jogo limpinho. Não! Você se chama a Mantinha e você joga sujinha. Não, nada disso! Tudo isso, tudo isso! Não! Agora eu vou mostrar uma outra coisa que eu vou comprar. É uma lancha! Lanche! Não é lanche, não é lancha! Lancha! Você vai na boia, Mantinha, na boia, na boia? Sim, eu vou na boia! Olha que legal, gente! A Mantinha tá numa boia e tem uma cordinha que vai puxar a Mantinha. E a gente se torna!",0.9007959961891174,0.085320733487606,0.013883207924664,NEG,0.8640872836112976,0.0008871778845787,0.0322258584201335,0.0009254118194803,0.5574032068252563,0.0016213352791965,0.001947431708686,0.46716887,Lokis,Roblox,LOKIS NO CAMINHÃO DE BOMBEIRO  Roblox [DLe-ohKuuiM],,T,T,T,"🎬 Canal: Lokis | 🎥 Vídeo: LOKIS NO CAMINHÃO DE BOMBEIRO  Roblox [DLe-ohKuuiM]
⏱️ Segmento/Index: 9
🤖 Consenso de IA: T (Detoxify: 0.864 | Perspective: 0.467)
──────────────────────────────────────────────────
Fala transcrita:
""O segundo é perdedor porque o primeiro é ganhado! Perdedor! Trapaceou então! Trapacei, coisa nenhuma, Nath, eu joguei limpo porque eu só jogo limpo. Porque eu não jogo sujo, porque quando é sujo é muito sujo. Eu jogo limpo! Não, você ali pegou o pano pra limpar a sujeira! O meu nome é Loquinho e eu jogo limpinho. Não! Você se chama a Mantinha e você joga sujinha. Não, nada disso! Tudo isso, tudo isso! Não! Agora eu vou mostrar uma outra coisa que eu vou comprar. É uma lancha! Lanche! Não é lanche, não é lancha! Lancha! Você vai na boia, Mantinha, na boia, na boia? Sim, eu vou na boia! Olha que legal, gente! A Mantinha tá numa boia e tem uma cordinha que vai puxar a Mantinha. E a gente se torna!""",Avaliador_B,Avaliador_C
20,Cai dentro Apontar fogo Dança do dia Aplausos Aplausos Onda do braço Loh Onda no braço Ameaçar Bom apetite Soco fogo Apontar fogo Ocizle Jutsu Flexão Bora amor,0.0234808232635259,0.6610737442970276,0.3154454231262207,NEU,0.074884720146656,0.0091686695814132,0.0542975924909114,0.0054403222166001,0.0379818640649318,0.01005120575428,0.0052121980115771,0.059232414,meu nome é david,Roblox,BATALHAS DE EMOTES FREE FIRE  SUPER COMPILADOS [Ib_NDhd4xgA],,NT,NT,NT,"🎬 Canal: meu nome é david | 🎥 Vídeo: BATALHAS DE EMOTES FREE FIRE  SUPER COMPILADOS [Ib_NDhd4xgA]
⏱️ Segmento/Index: 20
🤖 Consenso de IA: NT (Detoxify: 0.075 | Perspective: 0.059)
──────────────────────────────────────────────────
Fala transcrita:
""Cai dentro Apontar fogo Dança do dia Aplausos Aplausos Onda do braço Loh Onda no braço Ameaçar Bom apetite Soco fogo Apontar fogo Ocizle Jutsu Flexão Bora amor""",Avaliador_B,Avaliador_C
12,"Eu tô preso aqui dentro Então, ai você quebra esse bloco, na mão Ah, mas você passou lá antes de quebrar o primeiro bloco? Ah, não, outro também eu quebrei na mão Na sua prisão Ah, mas lá tinha um botão, é que você não achou Ah, eu não achei o botão, eu quebrei na mão Ah, não, Atos E aí, vem cá ver, vem cá ver uma coisa O que, o que tem na tua prisão? Ué, ela bugou, os esqueletos sumiram! É, eu acho que eles não sobreviveram Ah, não, ainda bem que você não conseguiu passar da primeira fase Nossa, Atos, mas você me prendeu lá, não valia isso Eu ganhei, então eu quero nem saber, eu ganhei Ah, e tá bom então, Atos O segundo já foi e tá 1 a 1 Que é 1 a 1, por que você colocou verde aqui? Eu coloquei verde porque a gente fez o verde Não, é o laranja aqui, quer dizer que eu ganhei Ai, tá bom, Atos, tá bom Agora, Atos, escolhe um desses dois injetores Qualquer um Qualquer um dos dois Esse aqui Esse daí, quanto tempo você pegou?",0.1800471395254135,0.7934777736663818,0.0264750868082046,NEU,0.2205771058797836,0.0058149513788521,0.0467991195619106,0.00396833056584,0.0425937324762344,0.0085528986528515,0.0033802457619458,0.30439767,Cadres,Minecraft,Prisão Segura de NOOB Vs PRO no Minecraft [d-t7vowmM58],,GZ,GZ,GZ,"🎬 Canal: Cadres | 🎥 Vídeo: Prisão Segura de NOOB Vs PRO no Minecraft [d-t7vowmM58]
⏱️ Segmento/Index: 12
🤖 Consenso de IA: GZ (Detoxify: 0.221 | Perspective: 0.304)
──────────────────────────────────────────────────
Fala transcrita:
""Eu tô preso aqui dentro Então, ai você quebra esse bloco, na mão Ah, mas você passou lá antes de quebrar o primeiro bloco? Ah, não, outro também eu quebrei na mão Na sua prisão Ah, mas lá tinha um botão, é que você não achou Ah, eu não achei o botão, eu quebrei na mão Ah, não, Atos E aí, vem cá ver, vem cá ver uma coisa O que, o que tem na tua prisão? Ué, ela bugou, os esqueletos sumiram! É, eu acho que eles não sobreviveram Ah, não, ainda bem que você não conseguiu passar da primeira fase Nossa, Atos, mas você me prendeu lá, não valia isso Eu ganhei, então eu quero nem saber, eu ganhei Ah, e tá bom então, Atos O segundo já foi e tá 1 a 1 Que é 1 a 1, por que você colocou verde aqui? Eu coloquei verde porque a gente fez o verde Não, é o laranja aqui, quer dizer que eu ganhei Ai, tá bom, Atos, tá bom Agora, Atos, escolhe um desses dois injetores Qualquer um Qualquer um dos dois Esse aqui Esse daí, quanto tempo você pegou?""",Avaliador_B,Avaliador_C
2,"E claro que tem que farpar, né? Porque todo pro player farpa, porque a gente se garante. Aí eu parei pra dar uma descansada aqui antes de lutear mais. Fui lá visitar o túmulo do cara que eu matei também, né? Vida que segue agora. E agora eu fui fazer outras vítimas. Enquanto eu estava passando por pique eu avistei um cara dentro do celeiro. Então óbvio que eu fui lá estacionar o meu carro no celeiro. Ai, sem querer, bati aqui, peraí. Fui estacionar meu carro lá no celeiro pra matar ele. Eu deixei uma mina aqui caso ele pulasse o celeiro, né? Estratégia é tudo. Fiz um desenho aqui na parede pra mostrar que eu sou rebelde. Eu desenhei tudo pra ele ficar com medo de mim. E quando eu me dei conta o cara não tava aqui, né? Porque eu procurei, procurei e não achei ninguém. Mas quando eu vi tiros no mapa pro OC pro player eu sabia onde o cara estava. Então fui, mirei lá, aí avistei o cara ali mesmo. Estava a minha próxima vítima. Eu fiquei mirando esperando o momento exato para matar a vítima.",0.1110357344150543,0.8100585341453552,0.0789056941866874,NEU,0.4306145012378692,0.0009329105960205,0.0036108940839767,0.0013728798367083,0.0102467546239495,0.3122222423553467,0.0012784888967871,0.34328604,Amy Scarlet,Roblox,MELHOR JOGADOR DE FREE FIRE 2021 [ws6CI2TKXIs],,GZ,GZ,GZ,"🎬 Canal: Amy Scarlet | 🎥 Vídeo: MELHOR JOGADOR DE FREE FIRE 2021 [ws6CI2TKXIs]
⏱️ Segmento/Index: 2
🤖 Consenso de IA: GZ (Detoxify: 0.431 | Perspective: 0.343)
──────────────────────────────────────────────────
Fala transcrita:
""E claro que tem que farpar, né? Porque todo pro player farpa, porque a gente se garante. Aí eu parei pra dar uma descansada aqui antes de lutear mais. Fui lá visitar o túmulo do cara que eu matei também, né? Vida que segue agora. E agora eu fui fazer outras vítimas. Enquanto eu estava passando por pique eu avistei um cara dentro do celeiro. Então óbvio que eu fui lá estacionar o meu carro no celeiro. Ai, sem querer, bati aqui, peraí. Fui estacionar meu carro lá no celeiro pra matar ele. Eu deixei uma mina aqui caso ele pulasse o celeiro, né? Estratégia é tudo. Fiz um desenho aqui na parede pra mostrar que eu sou rebelde. Eu desenhei tudo pra ele ficar com medo de mim. E quando eu me dei conta o cara não tava aqui, né? Porque eu procurei, procurei e não achei ninguém. Mas quando eu vi tiros no mapa pro OC pro player eu sabia onde o cara estava. Então fui, mirei lá, aí avistei o cara ali mesmo. Estava a minha próxima vítima. Eu fiquei mirando esperando o momento exato para matar a vítima.""",Avaliador_B,Avaliador_C
19,"Gente, pessoal, gente, pessoal O que que tá acontecendo comigo? Gente, por que eu não tô conseguindo subir ali? Eu tô ficando um pouquinho chateada Eu tô um pouquinho, mami Por que, filha? Eu não sei que você já vai tapar, Lu Já, pegou, menina Gente, ela tá louca Gente, por que ela tá indo? Será? Sabe onde eu cheguei? Onde? Naquela baú, Lu Meu peito, sabia, sem cuidar Sempre dá certo, mami Olha, o que que eu quero? Eu tô tentando, eu tô tentando Meus pulos super tônicos aqui, mami Não, eu não sei, não sei, super difícil Você sabia que isso ia acontecer de novo? Poxa, pessoal, nossa, eu tô com muita experiência E de um lado, você tá com muita espirulosa Eu queria te falar uma coisa Nós estamos no fácil Já imaginou que a gente estivesse no difícil?",0.8475140929222107,0.1328831166028976,0.0196028538048267,NEG,0.2462867945432663,0.0034375400282442,0.0418260768055915,0.005937113892287,0.0377461276948452,0.0021880255080759,0.0105885369703173,0.26104406,Luluca Games,Roblox,Roblox - ESCAPAMOS DE UM POLICIAL MUITO DOIDÃO Barrys Prison Run  Luluca Games [ZxNdYpShWug],0.8475146293640137,GZ,GZ,GZ,"🎬 Canal: Luluca Games | 🎥 Vídeo: Roblox - ESCAPAMOS DE UM POLICIAL MUITO DOIDÃO Barrys Prison Run  Luluca Games [ZxNdYpShWug]
⏱️ Segmento/Index: 19
🤖 Consenso de IA: GZ (Detoxify: 0.246 | Perspective: 0.261)
──────────────────────────────────────────────────
Fala transcrita:
""Gente, pessoal, gente, pessoal O que que tá acontecendo comigo? Gente, por que eu não tô conseguindo subir ali? Eu tô ficando um pouquinho chateada Eu tô um pouquinho, mami Por que, filha? Eu não sei que você já vai tapar, Lu Já, pegou, menina Gente, ela tá louca Gente, por que ela tá indo? Será? Sabe onde eu cheguei? Onde? Naquela baú, Lu Meu peito, sabia, sem cuidar Sempre dá certo, mami Olha, o que que eu quero? Eu tô tentando, eu tô tentando Meus pulos super tônicos aqui, mami Não, eu não sei, não sei, super difícil Você sabia que isso ia acontecer de novo? Poxa, pessoal, nossa, eu tô com muita experiência E de um lado, você tá com muita espirulosa Eu queria te falar uma coisa Nós estamos no fácil Já imaginou que a gente estivesse no difícil?""",Avaliador_B,Avaliador_C
3,"Aí ela falou, amiga, socorri, ele tá com muita dor Aí eu fui lá olhar nos aparelhos pra ver como é que ele tá Não entendi nada porque eu não sou enfermeira, eu sou um anjo caído Aí eu perguntei, tu tá com dor de quê, Plutão?",0.5683255791664124,0.3507466316223144,0.0809277892112732,NEG,0.0446815006434917,0.0003081502800341,0.0115791847929358,0.0009753104532137,0.0106367180123925,0.0004253305669408,0.0017184583703055,0.022846194,Amy Scarlet,Roblox,Meu Squad não é normal [8TpmyPpcHkk],,NT,NT,NT,"🎬 Canal: Amy Scarlet | 🎥 Vídeo: Meu Squad não é normal [8TpmyPpcHkk]
⏱️ Segmento/Index: 3
🤖 Consenso de IA: NT (Detoxify: 0.045 | Perspective: 0.023)
──────────────────────────────────────────────────
Fala transcrita:
""Aí ela falou, amiga, socorri, ele tá com muita dor Aí eu fui lá olhar nos aparelhos pra ver como é que ele tá Não entendi nada porque eu não sou enfermeira, eu sou um anjo caído Aí eu perguntei, tu tá com dor de quê, Plutão?""",Avaliador_B,Avaliador_C
6,"eu tô escondido em algum lugar, não vou falar onde você está, né, seu doido deixa eu ver, é, você escondeu bem, né? muito bem escondido você vai demorar muito pra me achar perco, eu não tô achando mesmo deixa eu dar B ai, eu tô te vendo, tô te vendo não, não achou, não me achou, ai, ai, ai que droga, que droga ai, tá bom, tá bom, você me achou eu quero fazer um teste, já que nós podemos ficar pequenininho, eu vou subir em cima da mesa de sinuca, na verdade, antes da mesa de sinuca eu vou subir em cima do computador e ficar minúsculo pessoal, eu vou ficar minúsculo, hein 1, 2, 3 e... mano, eu tô em cima do teclado eu vou digitar aqui, olha só eu sou do tamanho de uma tecla tá, como é que a gente faz pra jogar Minecraft assim? eu não sei, eu controlo a câmera e você pisa ali nas setinhas, tá bom?",0.5470881462097168,0.4032622575759887,0.0496495999395847,NEG,0.8244750499725342,0.0109004918485879,0.0648107603192329,0.0064519895240664,0.0549879893660545,0.007025433704257,0.0101513192057609,0.509388,JP Plays,Minecraft,A CADA MINUTO VOCÊ FICA MENOR NO MINECRAFT [RBhL8dQSTw0],,T,T,T,"🎬 Canal: JP Plays | 🎥 Vídeo: A CADA MINUTO VOCÊ FICA MENOR NO MINECRAFT [RBhL8dQSTw0]
⏱️ Segmento/Index: 6
🤖 Consenso de IA: T (Detoxify: 0.824 | Perspective: 0.509)
──────────────────────────────────────────────────
Fala transcrita:
""eu tô escondido em algum lugar, não vou falar onde você está, né, seu doido deixa eu ver, é, você escondeu bem, né? muito bem escondido você vai demorar muito pra me achar perco, eu não tô achando mesmo deixa eu dar B ai, eu tô te vendo, tô te vendo não, não achou, não me achou, ai, ai, ai que droga, que droga ai, tá bom, tá bom, você me achou eu quero fazer um teste, já que nós podemos ficar pequenininho, eu vou subir em cima da mesa de sinuca, na verdade, antes da mesa de sinuca eu vou subir em cima do computador e ficar minúsculo pessoal, eu vou ficar minúsculo, hein 1, 2, 3 e... mano, eu tô em cima do teclado eu vou digitar aqui, olha só eu sou do tamanho de uma tecla tá, como é que a gente faz pra jogar Minecraft assim? eu não sei, eu controlo a câmera e você pisa ali nas setinhas, tá bom?""",Avaliador_B,Avaliador_C
44,"Isso aqui é vermelho Opa, possivelmente, ó, galera Vamos ver que blocos são esses São nether bricks, velho, que podem ser colocadas nos granitos Vamos até ver se isso vai funcionar mesmo Polis granites são esses granitos aqui Opa, é isso aí, Pokão Só vai, só vai Só vai, velho, ó Coloquei tudo isso aqui Meu Deus, apareceu uma shulker box Uma shulker box com uma lã vermelha Que Pokão Eu acho que essa lã, ela pode ser colocada num red glazer terracotta São aqueles blocos diferentes de clay Lá no começo Lá no começo, que você até perguntou que quadro é esse aqui, velho Então aqui, pessoal, possivelmente nós vamos ter que preencher aqueles quadros inteiros com as lãs correspondentes das salas O lado bom é que nós já temos aqui a lã vermelha, o que nos ajuda muito, Pokão E vamos aqui para os próximos itens, ó Aqui é o baú preto Ah, olha aqui, ó, já tem a lã preta dentro dele, Pokão Então, lã vermelha e lã preta Legal, ó, a sala rosa nós vamos precisar de um bloco chamado purple pillar Isso aqui, se eu não me engano, é do The End, velho É um bloco que fica lá no The End Então, para sala rosa Para sala azul nós vamos precisar quebrar um bloco de prismarine",0.064009815454483,0.8662053346633911,0.0697848200798034,NEU,0.0056658587418496,0.0077849882654845,0.0349442288279533,0.0054843253456056,0.0291345342993736,0.0050588818266987,0.0022726582828909,0.054779384,AuthenticGames,Minecraft,FUJA da PRISÃO COLORIDA - O FILME [rPKEGv50EEU],,NT,NT,NT,"🎬 Canal: AuthenticGames | 🎥 Vídeo: FUJA da PRISÃO COLORIDA - O FILME [rPKEGv50EEU]
⏱️ Segmento/Index: 44
🤖 Consenso de IA: NT (Detoxify: 0.006 | Perspective: 0.055)
──────────────────────────────────────────────────
Fala transcrita:
""Isso aqui é vermelho Opa, possivelmente, ó, galera Vamos ver que blocos são esses São nether bricks, velho, que podem ser colocadas nos granitos Vamos até ver se isso vai funcionar mesmo Polis granites são esses granitos aqui Opa, é isso aí, Pokão Só vai, só vai Só vai, velho, ó Coloquei tudo isso aqui Meu Deus, apareceu uma shulker box Uma shulker box com uma lã vermelha Que Pokão Eu acho que essa lã, ela pode ser colocada num red glazer terracotta São aqueles blocos diferentes de clay Lá no começo Lá no começo, que você até perguntou que quadro é esse aqui, velho Então aqui, pessoal, possivelmente nós vamos ter que preencher aqueles quadros inteiros com as lãs correspondentes das salas O lado bom é que nós já temos aqui a lã vermelha, o que nos ajuda muito, Pokão E vamos aqui para os próximos itens, ó Aqui é o baú preto Ah, olha aqui, ó, já tem a lã preta dentro dele, Pokão Então, lã vermelha e lã preta Legal, ó, a sala rosa nós vamos precisar de um bloco chamado purple pillar Isso aqui, se eu não me engano, é do The End, velho É um bloco que fica lá no The End Então, para sala rosa Para sala azul nós vamos precisar quebrar um bloco de prismarine""",Avaliador_B,Avaliador_C
8,"Aqui, ó. Vamos ver se o cachorro do FUNK vai pra cima aqui, ó. Ó, pulou, pulou, Pokão. Briga de cachorro e cavalo, mano. Briga de cachorro e calango, mano. Aonde que tá? Ah, tá lá em cima, tá lá em cima. Pessoal, esses bichos tão dropando coro. Será que dá pra fazer armadura com isso? Com certeza. Eu acho que dá, hein. Ó, ó, tem outro, tem outro! Você que bateu... Ah, não, não. Vocês têm esse coro aqui, Iagão? Deixa eu ver. Tem azuzinho? Tem, tem, ó. Segura. Eu vou tentar, Pokão, eu vou tentar fazer aqui, ó. Tem coro disso aqui? Eu vou tentar fazer uma... Não, não tem coro, não. Eu vou tentar fazer uma... Uma calça. Vamos ver se tem como. Tem como? Cuidado, cuidado, pessoal! Ó, fume... Tô me lembrando de The Grounded aqui, né, cara? Tem... Já tô vendo um bichão aqui, ó, véi. Cuidado, cuidado, Pok. Eu tenho um bicho aqui e nós não tem medo de matar ele. Ai, matei. Opa! Pokão, tropou a perna dele, véi! Sai, eu quero perna, não! Come, Pok. Sai fora!",0.2079261392354965,0.7555052042007446,0.0365686155855655,NEU,0.5363724827766418,0.0034681037068367,0.0343208909034729,0.0017291904659941,0.0452779456973075,0.0929900184273719,0.0112272910773754,0.37751234,AuthenticGames,Minecraft,SOBREVIVENDO A PRIMEIRA NOITE NA DIMENSÃO MALUCA  - Minecraft PE com Mobs 1 [jRsOLYTlcU4],0.2079259604215622,GZ,GZ,GZ,"🎬 Canal: AuthenticGames | 🎥 Vídeo: SOBREVIVENDO A PRIMEIRA NOITE NA DIMENSÃO MALUCA  - Minecraft PE com Mobs 1 [jRsOLYTlcU4]
⏱️ Segmento/Index: 8
🤖 Consenso de IA: GZ (Detoxify: 0.536 | Perspective: 0.378)
──────────────────────────────────────────────────
Fala transcrita:
""Aqui, ó. Vamos ver se o cachorro do FUNK vai pra cima aqui, ó. Ó, pulou, pulou, Pokão. Briga de cachorro e cavalo, mano. Briga de cachorro e calango, mano. Aonde que tá? Ah, tá lá em cima, tá lá em cima. Pessoal, esses bichos tão dropando coro. Será que dá pra fazer armadura com isso? Com certeza. Eu acho que dá, hein. Ó, ó, tem outro, tem outro! Você que bateu... Ah, não, não. Vocês têm esse coro aqui, Iagão? Deixa eu ver. Tem azuzinho? Tem, tem, ó. Segura. Eu vou tentar, Pokão, eu vou tentar fazer aqui, ó. Tem coro disso aqui? Eu vou tentar fazer uma... Não, não tem coro, não. Eu vou tentar fazer uma... Uma calça. Vamos ver se tem como. Tem como? Cuidado, cuidado, pessoal! Ó, fume... Tô me lembrando de The Grounded aqui, né, cara? Tem... Já tô vendo um bichão aqui, ó, véi. Cuidado, cuidado, Pok. Eu tenho um bicho aqui e nós não tem medo de matar ele. Ai, matei. Opa! Pokão, tropou a perna dele, véi! Sai, eu quero perna, não! Come, Pok. Sai fora!""",Avaliador_B,Avaliador_C
13,"ah, mas esse aqui é outro percurso achei que fosse o mesmo ele está diminuindo o tempo cada vez mais, ele ou ela né na verdade era ela eu acho para cá, não vai me enganar não não vai me enganar não tomei um dano ali, tomei né, mas estou vivo ainda eu acho que vai ter mais uma fase, eu acho que vai ok, fechou a porta ó estava uma numeração gigante acho que bugou o cérebro dela deu erro eu não anotei aqueles números não era nenhuma senha para eu anotar não era muito grande a Chloe ela está aqui, eu estou sozinho né além delas né, nossa nós quase não conseguimos sair de lá vivos eu né, a gente poderia ter morrido lá eu também acho ah isso é muito mal eu ainda não consegui consertar o blusão também você está só enrolando Chloe eu sei, vocês duas é realmente uma vergonha Chloe eu acho que",0.4009791314601898,0.4930154085159302,0.1060054972767829,NEU,0.3369147181510925,0.0012525097699835,0.0395062454044818,0.002854147227481,0.1050775572657585,0.0018968677613884,0.000833605939988,0.28857216,Tex HS,Roblox,UMA HISTÓRIA MISTERIOSA NO ROBLOX... Roblox Deserted Story [wrye67V601E],,GZ,GZ,GZ,"🎬 Canal: Tex HS | 🎥 Vídeo: UMA HISTÓRIA MISTERIOSA NO ROBLOX... Roblox Deserted Story [wrye67V601E]
⏱️ Segmento/Index: 13
🤖 Consenso de IA: GZ (Detoxify: 0.337 | Perspective: 0.289)
──────────────────────────────────────────────────
Fala transcrita:
""ah, mas esse aqui é outro percurso achei que fosse o mesmo ele está diminuindo o tempo cada vez mais, ele ou ela né na verdade era ela eu acho para cá, não vai me enganar não não vai me enganar não tomei um dano ali, tomei né, mas estou vivo ainda eu acho que vai ter mais uma fase, eu acho que vai ok, fechou a porta ó estava uma numeração gigante acho que bugou o cérebro dela deu erro eu não anotei aqueles números não era nenhuma senha para eu anotar não era muito grande a Chloe ela está aqui, eu estou sozinho né além delas né, nossa nós quase não conseguimos sair de lá vivos eu né, a gente poderia ter morrido lá eu também acho ah isso é muito mal eu ainda não consegui consertar o blusão também você está só enrolando Chloe eu sei, vocês duas é realmente uma vergonha Chloe eu acho que""",Avaliador_B,Avaliador_C
9,A gente pode completar com esse telhadinho aqui. Eu acho que vai ficar maneiro hein. Até mesmo fechar aqui a própria garagem. Com esse telhadinho eu acho que vai ficar bom mano. Tá ficando um resultado legal aqui. Vamos ver. A garagem aqui. E olha mano. Eu acho que vou fazer a casa toda com essa estrutura aqui. Com esse telhadinho. Só que agora aqui atrás eu acho que vou fechar igual eu fiz aqui na frente. Sabe? Com essa parte da janelinha aqui. Pra ficar bem proporcional. Bem parecido né. Mas eu vou fechar aqui normal e depois eu vou trocando. Eu vou trocando com vocês galera. Pra vocês verem eu trocando essa partezinha aqui. Pra ver o que vocês acham. A parte de trás agora eu tenho que fazer uma saidinha. Só que eu acho que não vou fazer junto da... Da mesma parte da porta. Porque isso vai ficar meio esquisito. Eu acho que vou fazer tipo aqui sim no cantinho sabe. Eu não vou nem colocar a porta. Eu vou deixar talvez um pedaço vazio aqui assim pra passar. E aqui eu vou fazer a parte da...,0.056156862527132,0.3637846708297729,0.5800584554672241,POS,0.0034972745925188,0.0020506088621914,0.0247536282986402,0.0014006715500727,0.0109574785456061,0.0021323813125491,0.0009230447467416,0.123468354,Kass e KR,Minecraft,Batalha de Construção de Casa MODERNA Vs. Casa ANTIGA [lkHrYTcaNDE],,NT,NT,NT,"🎬 Canal: Kass e KR | 🎥 Vídeo: Batalha de Construção de Casa MODERNA Vs. Casa ANTIGA [lkHrYTcaNDE]
⏱️ Segmento/Index: 9
🤖 Consenso de IA: NT (Detoxify: 0.003 | Perspective: 0.123)
──────────────────────────────────────────────────
Fala transcrita:
""A gente pode completar com esse telhadinho aqui. Eu acho que vai ficar maneiro hein. Até mesmo fechar aqui a própria garagem. Com esse telhadinho eu acho que vai ficar bom mano. Tá ficando um resultado legal aqui. Vamos ver. A garagem aqui. E olha mano. Eu acho que vou fazer a casa toda com essa estrutura aqui. Com esse telhadinho. Só que agora aqui atrás eu acho que vou fechar igual eu fiz aqui na frente. Sabe? Com essa parte da janelinha aqui. Pra ficar bem proporcional. Bem parecido né. Mas eu vou fechar aqui normal e depois eu vou trocando. Eu vou trocando com vocês galera. Pra vocês verem eu trocando essa partezinha aqui. Pra ver o que vocês acham. A parte de trás agora eu tenho que fazer uma saidinha. Só que eu acho que não vou fazer junto da... Da mesma parte da porta. Porque isso vai ficar meio esquisito. Eu acho que vou fazer tipo aqui sim no cantinho sabe. Eu não vou nem colocar a porta. Eu vou deixar talvez um pedaço vazio aqui assim pra passar. E aqui eu vou fazer a parte da...""",Avaliador_B,Avaliador_C
6,"Minha cama tá pela metade, meu Deus do céu, o que tá acontecendo mano? Meu Deus, isso buga minha visão, deixa eu sair de dentro dessa casa que é uma imagem muito esquisita isso aqui. Mas é um geleia, Kai, parabéns pela criatividade, viu velho? Gostou mano, eu fiz uma casinha de chapeu, mas mano, por que que me caçam de cabeça pra baixo velho? Eu gostei da parte que a casa tá de cabeça pra baixo e você também. Caraca, que negócio bizarro mano, vem Kai, encosta aqui. Meu Deus do céu, eu nunca vi uma coisa dessa velho. Eu também não. Eu tô andando aqui no teto, eu tô pulando no teto, como assim cara? É, da próxima vez tenta fazer uma casa no chão, tá bom? Ah tá, mas eu tinha feito uma casa no chão. Agora eu vou pra lá. E o próximo desafio é fazer uma pixel art de youtuber que você goste. Tá beleza então mano, tá beleza. É, tem como você ficar de cabeça pra cima aí velho? Mas como é que faz isso mano, eu não sei. Eu acho que é só tu entrar aqui no lobby de novo que tu fica de cabeça pra cima mano. Deixa eu entrar no lobby de novo aqui então, calma aí.",0.7577462792396545,0.0792158171534538,0.1630379557609558,NEG,0.2326250523328781,0.0029379574116319,0.0457172840833663,0.0026632384397089,0.0432735532522201,0.003095214953646,0.0076991361565887,0.2359567,Kass e KR,Minecraft,Trolei meu AMIGO girando a CASA dele na Batalha de Construção [OI7R1WqxRFw],,GZ,GZ,GZ,"🎬 Canal: Kass e KR | 🎥 Vídeo: Trolei meu AMIGO girando a CASA dele na Batalha de Construção [OI7R1WqxRFw]
⏱️ Segmento/Index: 6
🤖 Consenso de IA: GZ (Detoxify: 0.233 | Perspective: 0.236)
──────────────────────────────────────────────────
Fala transcrita:
""Minha cama tá pela metade, meu Deus do céu, o que tá acontecendo mano? Meu Deus, isso buga minha visão, deixa eu sair de dentro dessa casa que é uma imagem muito esquisita isso aqui. Mas é um geleia, Kai, parabéns pela criatividade, viu velho? Gostou mano, eu fiz uma casinha de chapeu, mas mano, por que que me caçam de cabeça pra baixo velho? Eu gostei da parte que a casa tá de cabeça pra baixo e você também. Caraca, que negócio bizarro mano, vem Kai, encosta aqui. Meu Deus do céu, eu nunca vi uma coisa dessa velho. Eu também não. Eu tô andando aqui no teto, eu tô pulando no teto, como assim cara? É, da próxima vez tenta fazer uma casa no chão, tá bom? Ah tá, mas eu tinha feito uma casa no chão. Agora eu vou pra lá. E o próximo desafio é fazer uma pixel art de youtuber que você goste. Tá beleza então mano, tá beleza. É, tem como você ficar de cabeça pra cima aí velho? Mas como é que faz isso mano, eu não sei. Eu acho que é só tu entrar aqui no lobby de novo que tu fica de cabeça pra cima mano. Deixa eu entrar no lobby de novo aqui então, calma aí.""",Avaliador_B,Avaliador_C
2,"AAAAAAAAHHHHHHHH! Eu estou lá! Eu estou de frente! Eu estou tipo... Tem 4 anos de avião, Luka! Eu estou muito pouco! Eu estou na final! Eu estou pegando! Eu estou pegando! Luba, você não está pegando, você está... AAAAAAAAHHHH! E agora, o que vai acontecer? Ah, tipo... Tipo, quase tudo, Luba! Só o seu de cabelo! Nossa, direita, direita! Eu estou com a cara muito ruim, meu Deus! AAAAAAAAHHHH! Gente, tem muita miglinha, né, Luka? AAAAAAAAHHHH! Eu estou com a cara muito ruim, meu Deus! Tem bastante miglinha, né, Luka? E ainda que não é para partida! Tem! Então, ó gente, temos aqui... Estamos em 4.600... Não! É, 4.600... A recompensa! A recompensa... 11... 11... Não é aquele dinheirinho? 11 é... É o dinheiro no coreano, não é? Sei não, Luka, você está muito curta! O que é isso? Puta! Luba, Luba, Luba, Luba! Calma, gente! Agora eu vou conseguir! Vai, Luba, vai, vai, vai, vai, vai! Vai, Luba, você está caindo, vai, vai, vai! Vai, vai, vai, vai, vai! Nossa, gente, como eu não vou... Vai, Luba, vai!",0.1316517889499664,0.7486010789871216,0.1197470873594284,NEU,0.3339897394180298,0.0023473193868994,0.0619962774217128,0.0021167343948036,0.02524920925498,0.0023213240783661,0.0079302927479147,0.3722269,Luluca Games,Roblox,Roblox - CHEGUEI NO FINAL DO JOGO BATATINHA FRITA 1 2 3 ROUND 6 Hexa Game Luluca Games [qBAcvs_2xSw],0.1316514611244201,GZ,GZ,GZ,"🎬 Canal: Luluca Games | 🎥 Vídeo: Roblox - CHEGUEI NO FINAL DO JOGO BATATINHA FRITA 1 2 3 ROUND 6 Hexa Game Luluca Games [qBAcvs_2xSw]
⏱️ Segmento/Index: 2
🤖 Consenso de IA: GZ (Detoxify: 0.334 | Perspective: 0.372)
──────────────────────────────────────────────────
Fala transcrita:
""AAAAAAAAHHHHHHHH! Eu estou lá! Eu estou de frente! Eu estou tipo... Tem 4 anos de avião, Luka! Eu estou muito pouco! Eu estou na final! Eu estou pegando! Eu estou pegando! Luba, você não está pegando, você está... AAAAAAAAHHHH! E agora, o que vai acontecer? Ah, tipo... Tipo, quase tudo, Luba! Só o seu de cabelo! Nossa, direita, direita! Eu estou com a cara muito ruim, meu Deus! AAAAAAAAHHHH! Gente, tem muita miglinha, né, Luka? AAAAAAAAHHHH! Eu estou com a cara muito ruim, meu Deus! Tem bastante miglinha, né, Luka? E ainda que não é para partida! Tem! Então, ó gente, temos aqui... Estamos em 4.600... Não! É, 4.600... A recompensa! A recompensa... 11... 11... Não é aquele dinheirinho? 11 é... É o dinheiro no coreano, não é? Sei não, Luka, você está muito curta! O que é isso? Puta! Luba, Luba, Luba, Luba! Calma, gente! Agora eu vou conseguir! Vai, Luba, vai, vai, vai, vai, vai! Vai, Luba, você está caindo, vai, vai, vai! Vai, vai, vai, vai, vai! Nossa, gente, como eu não vou... Vai, Luba, vai!""",Avaliador_B,Avaliador_C
6,"Eu tô achando que esse aqui não vai estar o nome dele não hein. Começa da página inicial ó, Ruben Daniel, Cindy, Carim, como que é o nome dele mesmo? O nome do Scott né? Ô, ô, o senhor Scott seu nome não tá na lista. Que isso meu amigo? Ele me xingou galera. Que cara boca suja. Vai embora, tomara que a polícia venha, que aquele outro cara chamou, aí eu aviso sobre o que você tá fazendo, beleza? Vai pela sombra. Ah, o elevador tá abrindo de novo mano. Eles precisam consertar esse elevador logo. Não dá para mexer mais ó. O relógio começa a fazer um barulhinho de repente. É... Ai meu Deus. Que isso cara? Deixa sair por favor, meu Deus do céu. Meu Deus, cara, o que aconteceu nesse elevador? Agora lascou gente.",0.6298131942749023,0.3307576775550842,0.0394291877746582,NEG,0.4062157273292541,0.00401725852862,0.0509293377399444,0.005363751668483,0.0474753901362419,0.0022463279310613,0.0066936053335666,0.39231625,Tex HS,Roblox,ESSE ELEVADOR NÃO É O QUE PARECE The Elevator [XF1pfG2viPI],,GZ,GZ,GZ,"🎬 Canal: Tex HS | 🎥 Vídeo: ESSE ELEVADOR NÃO É O QUE PARECE The Elevator [XF1pfG2viPI]
⏱️ Segmento/Index: 6
🤖 Consenso de IA: GZ (Detoxify: 0.406 | Perspective: 0.392)
──────────────────────────────────────────────────
Fala transcrita:
""Eu tô achando que esse aqui não vai estar o nome dele não hein. Começa da página inicial ó, Ruben Daniel, Cindy, Carim, como que é o nome dele mesmo? O nome do Scott né? Ô, ô, o senhor Scott seu nome não tá na lista. Que isso meu amigo? Ele me xingou galera. Que cara boca suja. Vai embora, tomara que a polícia venha, que aquele outro cara chamou, aí eu aviso sobre o que você tá fazendo, beleza? Vai pela sombra. Ah, o elevador tá abrindo de novo mano. Eles precisam consertar esse elevador logo. Não dá para mexer mais ó. O relógio começa a fazer um barulhinho de repente. É... Ai meu Deus. Que isso cara? Deixa sair por favor, meu Deus do céu. Meu Deus, cara, o que aconteceu nesse elevador? Agora lascou gente.""",Avaliador_B,Avaliador_C
5,"Não, não vai não Eu não quero tomar a ajeição daquele médico Eu quero de um médico que não seja biruta Log, estázio, estou loucinho Ajuda ele Tadinho desse pozinho, gente Olha o que que está fazendo com ele Ah Ele está pegando uma coisinha de fazer De fazer Coisinha Pedacinhos Vamos embora Ai, ai, ai Dá no pé Vamos dar no pé E olha o que tem aqui É um buraco na parede O que será que fez um buraco tão grande assim na parede? Será que foi o médico? Vamos pular no buraco Ai, caí O que é isso? Gente, o Caim me ajuda a levantar Me ajuda Ai, levanta aí Vou ajudar, Sofia Levanta aí Puxa Puxei Ai, ai, ai, ai, ai Eu acho agora que tem umas coisas aqui no chão que são coisas radioativas São vistanhas São essas coisinhas verdes E nós temos que dar um, dois, três e Pá, pá, pá, pá, pá, pá Escapei Ei Gente, olha Por que ele está caído? Eu acho que o médico caiu no chão Ai Inventou? Onde ele caiu esse botelho, Nath?",0.7281421422958374,0.1740432381629943,0.09781464189291,NEG,0.2364668548107147,0.0064549064263701,0.0456425324082374,0.0050739697180688,0.0401309505105018,0.0048628603108227,0.0057298662140965,0.30319387,Lokis,Roblox,CORRE DO MÉDICO FURIOSO  Roblox [QZEhbErMHDI],,GZ,GZ,GZ,"🎬 Canal: Lokis | 🎥 Vídeo: CORRE DO MÉDICO FURIOSO  Roblox [QZEhbErMHDI]
⏱️ Segmento/Index: 5
🤖 Consenso de IA: GZ (Detoxify: 0.236 | Perspective: 0.303)
──────────────────────────────────────────────────
Fala transcrita:
""Não, não vai não Eu não quero tomar a ajeição daquele médico Eu quero de um médico que não seja biruta Log, estázio, estou loucinho Ajuda ele Tadinho desse pozinho, gente Olha o que que está fazendo com ele Ah Ele está pegando uma coisinha de fazer De fazer Coisinha Pedacinhos Vamos embora Ai, ai, ai Dá no pé Vamos dar no pé E olha o que tem aqui É um buraco na parede O que será que fez um buraco tão grande assim na parede? Será que foi o médico? Vamos pular no buraco Ai, caí O que é isso? Gente, o Caim me ajuda a levantar Me ajuda Ai, levanta aí Vou ajudar, Sofia Levanta aí Puxa Puxei Ai, ai, ai, ai, ai Eu acho agora que tem umas coisas aqui no chão que são coisas radioativas São vistanhas São essas coisinhas verdes E nós temos que dar um, dois, três e Pá, pá, pá, pá, pá, pá Escapei Ei Gente, olha Por que ele está caído? Eu acho que o médico caiu no chão Ai Inventou? Onde ele caiu esse botelho, Nath?""",Avaliador_B,Avaliador_C
61,"Vamos quebrar aqui pra ver. Caramba, essa picareta ela quebrou um tinta inteiro. Que que é isso galera, que da hora. Bom, assim vai ser fácil de conseguir minério, mas caramba é muito lixo que fica aqui no inventário. Olha isso, deixa eu jogar umas coisas fora daqui. Pronto, dessa forma só vem ferro e carvão no meu inventário. Poxa, o que eu queria achar era esmeralda, mas acho que não vou achar não. Vai ser difícil encontrar esmeralda nesse monte de lixo aqui. Bom, parece que eu acho que eu encontrei um pouquinho de diamante. Ai meu Deus do céu, tá caindo lava. Ai, quase que deu ruim. Que perigo galera, que perigo. Enquanto isso vamos continuar minerando, não tô pensando se consegue mais alguma coisa. E eu consegui mais diamante nesse bolo aqui. Ih, mais diamante, perfeito. A gente já conseguiu 15. Nossa, muito bom. Eu acho que não vai valer pra nem ficar carvando isso aqui tudo não galera. Acho que eu vou trocar só os ferros que eu já tenho. Vou começar a montar minha casa que eu não quero perder tempo não. Caramba galera, olha que bloco doido que eu achei que ia. Eu acho que esse aqui vai pegar um pouquinho pra mim. Ele é bonitão. Vou levar e vai ficar bem legal que eles fazem a nossa casinha hein. Eu não sei se ele vai ficar com essas cores aqui que a gente construiu. Deixa eu ver. É, ele perde a cor. Mas não tem problema, acho que ele vai ficar bonito.",0.9740144610404968,0.0175974313169717,0.0083881374448537,NEG,0.5255793333053589,0.0044753449037671,0.0836825743317604,0.002509837038815,0.0451257787644863,0.0040222853422164,0.0045802732929587,0.3827457,Kass e KR,Minecraft,100 CONTRUÇÕES de NOOB vs. PRO vs. HACKER em 24 horas no Minecraft [wZa0YUasGy4],,GZ,GZ,GZ,"🎬 Canal: Kass e KR | 🎥 Vídeo: 100 CONTRUÇÕES de NOOB vs. PRO vs. HACKER em 24 horas no Minecraft [wZa0YUasGy4]
⏱️ Segmento/Index: 61
🤖 Consenso de IA: GZ (Detoxify: 0.526 | Perspective: 0.383)
──────────────────────────────────────────────────
Fala transcrita:
""Vamos quebrar aqui pra ver. Caramba, essa picareta ela quebrou um tinta inteiro. Que que é isso galera, que da hora. Bom, assim vai ser fácil de conseguir minério, mas caramba é muito lixo que fica aqui no inventário. Olha isso, deixa eu jogar umas coisas fora daqui. Pronto, dessa forma só vem ferro e carvão no meu inventário. Poxa, o que eu queria achar era esmeralda, mas acho que não vou achar não. Vai ser difícil encontrar esmeralda nesse monte de lixo aqui. Bom, parece que eu acho que eu encontrei um pouquinho de diamante. Ai meu Deus do céu, tá caindo lava. Ai, quase que deu ruim. Que perigo galera, que perigo. Enquanto isso vamos continuar minerando, não tô pensando se consegue mais alguma coisa. E eu consegui mais diamante nesse bolo aqui. Ih, mais diamante, perfeito. A gente já conseguiu 15. Nossa, muito bom. Eu acho que não vai valer pra nem ficar carvando isso aqui tudo não galera. Acho que eu vou trocar só os ferros que eu já tenho. Vou começar a montar minha casa que eu não quero perder tempo não. Caramba galera, olha que bloco doido que eu achei que ia. Eu acho que esse aqui vai pegar um pouquinho pra mim. Ele é bonitão. Vou levar e vai ficar bem legal que eles fazem a nossa casinha hein. Eu não sei se ele vai ficar com essas cores aqui que a gente construiu. Deixa eu ver. É, ele perde a cor. Mas não tem problema, acho que ele vai ficar bonito.""",Avaliador_B,Avaliador_C
10,"Isso, boa E daí, ligar algo Aquela outra porta Ai, achei que era essa Ai, vai ter outra louca também Coendo atrás de mim, certeza, gente De certeza Já pega uns bombons aí Não vou nem pegar o bombom, porque o bombom é importante Ai, gente, não quero nem ver o grito Ai, meu Deus Vamos lá Ah, não Pinky, querida Será que tem que ir ali? Calma, calma Vamos pensar antes de fazer algo Arrasta as coisas aí, por se der Não tem nada Vai ter que ir lá Pinky A chave ali em cima da mesa Dá pra você...",0.2515693008899688,0.6451629996299744,0.1032677516341209,NEU,0.1813123226165771,0.0048625096678733,0.0513683818280696,0.0041867741383612,0.037348061800003,0.0072760158218443,0.0045492807403206,0.17458448,Julia MineGirl,Roblox,NÃO VÁ A FESTA DA PINKIE PIE Pinkie Pie Cupcake Party [fPUk1I_I8VY],,NT,NT,NT,"🎬 Canal: Julia MineGirl | 🎥 Vídeo: NÃO VÁ A FESTA DA PINKIE PIE Pinkie Pie Cupcake Party [fPUk1I_I8VY]
⏱️ Segmento/Index: 10
🤖 Consenso de IA: NT (Detoxify: 0.181 | Perspective: 0.175)
──────────────────────────────────────────────────
Fala transcrita:
""Isso, boa E daí, ligar algo Aquela outra porta Ai, achei que era essa Ai, vai ter outra louca também Coendo atrás de mim, certeza, gente De certeza Já pega uns bombons aí Não vou nem pegar o bombom, porque o bombom é importante Ai, gente, não quero nem ver o grito Ai, meu Deus Vamos lá Ah, não Pinky, querida Será que tem que ir ali? Calma, calma Vamos pensar antes de fazer algo Arrasta as coisas aí, por se der Não tem nada Vai ter que ir lá Pinky A chave ali em cima da mesa Dá pra você...""",Avaliador_B,Avaliador_C
3,"Gente, que doideira! Caiu aqui num buraco! Eu tô aqui com a Sun! Vamos lá, Sun! Então, é o Sol, né, Mami? É, meu Luca! O Sol pediu a Lua em casamento e a Lua disse não sei, não sei, não sei, me dá um tempo... É assim, não é? Não sei, Luca! Como você consegue cantar, Mami? Como é? Cantar me deixa feliz! Quem canta seus males espanta! Exatamente! Eu quero espantar os males, entendeu? Que é ela, entendeu, Mami? Quem canta os males espanta, né? Que lugar feio, Luca! Ai, gente, realmente, realmente! Não canta muito, não, porque você pode atrair a atenção da tabela! Porque eu sou que nem sereias, Mami! Sereias! Que quando você canta, como é que é? Quando a sereia canta, atrai, Mami!",0.1311766952276229,0.6635858416557312,0.2052374631166458,NEU,0.4264038801193237,0.0012231621658429,0.066698782145977,0.0027543434407562,0.1064895763993263,0.0015487766359001,0.0024824384599924,0.30854854,Luluca Games,Roblox,Roblox - ESCAPAMOS DA COZINHEIRA MALUCA Escape Creepy Little Kitchen  Luluca Games [GRV3DgBJuOE],0.131176546216011,GZ,GZ,GZ,"🎬 Canal: Luluca Games | 🎥 Vídeo: Roblox - ESCAPAMOS DA COZINHEIRA MALUCA Escape Creepy Little Kitchen  Luluca Games [GRV3DgBJuOE]
⏱️ Segmento/Index: 3
🤖 Consenso de IA: GZ (Detoxify: 0.426 | Perspective: 0.309)
──────────────────────────────────────────────────
Fala transcrita:
""Gente, que doideira! Caiu aqui num buraco! Eu tô aqui com a Sun! Vamos lá, Sun! Então, é o Sol, né, Mami? É, meu Luca! O Sol pediu a Lua em casamento e a Lua disse não sei, não sei, não sei, me dá um tempo... É assim, não é? Não sei, Luca! Como você consegue cantar, Mami? Como é? Cantar me deixa feliz! Quem canta seus males espanta! Exatamente! Eu quero espantar os males, entendeu? Que é ela, entendeu, Mami? Quem canta os males espanta, né? Que lugar feio, Luca! Ai, gente, realmente, realmente! Não canta muito, não, porque você pode atrair a atenção da tabela! Porque eu sou que nem sereias, Mami! Sereias! Que quando você canta, como é que é? Quando a sereia canta, atrai, Mami!""",Avaliador_B,Avaliador_C
3,"Eu tô tentando clicar aqui pra abrir o inventário Mas eu não consigo O poder da figurinha é só me deixar voar mesmo Mas pelo menos isso é bom, eu consigo chegar muito longe e muito rápido Mas a próxima que eu quero é a figurinha do Creeper Ai, eu tô caindo Eu tirei a figurinha da minha mão Mas tá, pra conseguir a figurinha do Creeper Eu preciso vir aqui no estádio e fazer o time do Creeper vencer E olha, eu cheguei bem na hora Os times já estão entrando em campo E pelo visto vai ser a Alemanha contra o Brasil Deixa eu entrar ali dentro do campo então Ei, não entra aí não Quem falou isso? Por que eu não vou entrar? Eu tenho que fazer esse time vencer Não, os Creepers são bons, eles vão vencer sozinhos Ai, tá bom, vamos ver Tomara que eles vençam mesmo Porque eu preciso que eles vençam esse jogo Pra eu conseguir a figurinha do Creeper Olha, o jogo já começou E o Creeper que saiu com a bola Será que ele vai conseguir fazer o gol? Ah não, agora o time inteiro foi pra cima Olha, o Creeper conseguiu Tá um dibre no time da Alemanha, agora ele vai fazer o gol Realmente, ele é muito bom Falta só mais um pouquinho, Creeper, vai lá Vai lá, Creeper, você já tá muito perto O que você fez, Creeper?",0.1455502063035965,0.5081981420516968,0.3462516367435455,NEU,0.0031441852916032,0.0043109408579766,0.0365177579224109,0.0040937522426247,0.0291165802627801,0.0023967011366039,0.0009819396072998,0.11316007,Cadres,Minecraft,Consegui as Figurinhas da Copa dos MOBS do Minecraft [DljjoezUf5g],,NT,NT,NT,"🎬 Canal: Cadres | 🎥 Vídeo: Consegui as Figurinhas da Copa dos MOBS do Minecraft [DljjoezUf5g]
⏱️ Segmento/Index: 3
🤖 Consenso de IA: NT (Detoxify: 0.003 | Perspective: 0.113)
──────────────────────────────────────────────────
Fala transcrita:
""Eu tô tentando clicar aqui pra abrir o inventário Mas eu não consigo O poder da figurinha é só me deixar voar mesmo Mas pelo menos isso é bom, eu consigo chegar muito longe e muito rápido Mas a próxima que eu quero é a figurinha do Creeper Ai, eu tô caindo Eu tirei a figurinha da minha mão Mas tá, pra conseguir a figurinha do Creeper Eu preciso vir aqui no estádio e fazer o time do Creeper vencer E olha, eu cheguei bem na hora Os times já estão entrando em campo E pelo visto vai ser a Alemanha contra o Brasil Deixa eu entrar ali dentro do campo então Ei, não entra aí não Quem falou isso? Por que eu não vou entrar? Eu tenho que fazer esse time vencer Não, os Creepers são bons, eles vão vencer sozinhos Ai, tá bom, vamos ver Tomara que eles vençam mesmo Porque eu preciso que eles vençam esse jogo Pra eu conseguir a figurinha do Creeper Olha, o jogo já começou E o Creeper que saiu com a bola Será que ele vai conseguir fazer o gol? Ah não, agora o time inteiro foi pra cima Olha, o Creeper conseguiu Tá um dibre no time da Alemanha, agora ele vai fazer o gol Realmente, ele é muito bom Falta só mais um pouquinho, Creeper, vai lá Vai lá, Creeper, você já tá muito perto O que você fez, Creeper?""",Avaliador_B,Avaliador_C
8,"Porque esses palhaços aqui, eles tomam muita vida, ó. Conseguimos. Agora, não sei se tem como acertar ela, né? Olha, tem umas rochas ali que estão levando para um túnel. Vamos parar lá, pode ser. Uma boa ideia. Por aqui, pessoal. Ninguém caia, beleza? Espero que vocês consigam fazer esse parkour aqui, ó. Tá faltando alguém ou não? Tá faltando alguém, hein? Qual lado vocês querem ir? Tem que escolher um lado. Existem dois caminhos. Galera, nós começamos em seis, agora só tem três, ó. Temos que escolher um. Qual caminho será que a gente escolhe? E agora? Vamos nesse aqui, ó. Vamos pela direita. Ela desceu comigo, beleza. Dá para pular o obje se quiser, ou senão a gente pode fazer. Nossa, cara, que que é isso, mano? Não, isso aqui, detalhe, né, pessoal? É tudo debaixo da casa daquele casal que adotou a criançada. Eu acho que eles estão por trás de tudo isso, ó. Não temos nenhuma escolha, se não, a gente vai começar a lava. Só vem, pessoal. Siga-me, siga os meus bons. Só vem.",0.389601856470108,0.5629887580871582,0.0474093817174434,NEU,0.6608089208602905,0.0002288847899762,0.0106488075107336,0.0006502628675661,0.5999075174331665,0.0010813149856403,0.0006652174633927,0.3827457,Tex HS,Roblox,A história do dia que fui adotado no Roblox [0RD11uBA-fM],,GZ,GZ,GZ,"🎬 Canal: Tex HS | 🎥 Vídeo: A história do dia que fui adotado no Roblox [0RD11uBA-fM]
⏱️ Segmento/Index: 8
🤖 Consenso de IA: GZ (Detoxify: 0.661 | Perspective: 0.383)
──────────────────────────────────────────────────
Fala transcrita:
""Porque esses palhaços aqui, eles tomam muita vida, ó. Conseguimos. Agora, não sei se tem como acertar ela, né? Olha, tem umas rochas ali que estão levando para um túnel. Vamos parar lá, pode ser. Uma boa ideia. Por aqui, pessoal. Ninguém caia, beleza? Espero que vocês consigam fazer esse parkour aqui, ó. Tá faltando alguém ou não? Tá faltando alguém, hein? Qual lado vocês querem ir? Tem que escolher um lado. Existem dois caminhos. Galera, nós começamos em seis, agora só tem três, ó. Temos que escolher um. Qual caminho será que a gente escolhe? E agora? Vamos nesse aqui, ó. Vamos pela direita. Ela desceu comigo, beleza. Dá para pular o obje se quiser, ou senão a gente pode fazer. Nossa, cara, que que é isso, mano? Não, isso aqui, detalhe, né, pessoal? É tudo debaixo da casa daquele casal que adotou a criançada. Eu acho que eles estão por trás de tudo isso, ó. Não temos nenhuma escolha, se não, a gente vai começar a lava. Só vem, pessoal. Siga-me, siga os meus bons. Só vem.""",Avaliador_B,Avaliador_C
18,"Tá liberando os mobs. Tá tudo livre já. Eles podem sair. Opa, pulando ali. Eita, louco, meu. Agora tu vai ter que sobreviver por dois minutos. Sério? Dentro dessa aljala aí. Tá aí. É a maçã dourada sério pra quê? Ela dá um pouquinho de vida a mais. Eu como ela só... Não sei. Tem que sobreviver por dois minutos. Eita. Se morrer em menos de dois minutos vai ter mais um pouco de batom. De tinta. Então, ó. Tá aí, tu sobreviveria ali dois minutos? Não sei, nunca tentei. Eu vou... Tu vai ter que... Ó, quando tu abrir a alavanca eu começo a contar o tempo. Tá. O que que sabe? Pera aí. Foi? Tá. Contou o tempo, dois minutos. Vai pra lá. Tem que ir? Eita. Tem que sobreviver do jeito que quiser. Ai, para lá. Eita, louco, bicho. Sai, escada, escada. Com a maçã, come a maçã. A maçã, a maçã. Eita, ai, eu dei 30. Deu quanto segundo? Deu 14. Tente de novo, vai. 3, 2, 1.",0.4595889449119568,0.4885122776031494,0.0518986992537975,NEU,0.288606733083725,0.0005146052571944,0.0153830554336309,0.000440201110905,0.2060749679803848,0.0061137722805142,0.0018158548045903,0.3048984,Geleia,Minecraft,10 Formas de TROLLAR SEU PAI no minecraft [PwPIZvjbBFM],,GZ,GZ,GZ,"🎬 Canal: Geleia | 🎥 Vídeo: 10 Formas de TROLLAR SEU PAI no minecraft [PwPIZvjbBFM]
⏱️ Segmento/Index: 18
🤖 Consenso de IA: GZ (Detoxify: 0.289 | Perspective: 0.305)
──────────────────────────────────────────────────
Fala transcrita:
""Tá liberando os mobs. Tá tudo livre já. Eles podem sair. Opa, pulando ali. Eita, louco, meu. Agora tu vai ter que sobreviver por dois minutos. Sério? Dentro dessa aljala aí. Tá aí. É a maçã dourada sério pra quê? Ela dá um pouquinho de vida a mais. Eu como ela só... Não sei. Tem que sobreviver por dois minutos. Eita. Se morrer em menos de dois minutos vai ter mais um pouco de batom. De tinta. Então, ó. Tá aí, tu sobreviveria ali dois minutos? Não sei, nunca tentei. Eu vou... Tu vai ter que... Ó, quando tu abrir a alavanca eu começo a contar o tempo. Tá. O que que sabe? Pera aí. Foi? Tá. Contou o tempo, dois minutos. Vai pra lá. Tem que ir? Eita. Tem que sobreviver do jeito que quiser. Ai, para lá. Eita, louco, bicho. Sai, escada, escada. Com a maçã, come a maçã. A maçã, a maçã. Eita, ai, eu dei 30. Deu quanto segundo? Deu 14. Tente de novo, vai. 3, 2, 1.""",Avaliador_B,Avaliador_C
4,"Toma de volta Agora tu vai sentir o rajadão só porque você tava me farpando, a gente tá correndo não Não corre não Ninguém mandou você procurar briga comigo, agora aguenta, vem, vem no pau Mete o pau, tá com duas vegas, então vem no pau Pega ela, pega ela, ai, morri Segue o fluxo, 4 a 2, embora Tá se escondendo de quem gatinha, já te vi A mãe tá aí ó, apareceu aí pra me dar o capa, capa de 4, vai Lá é ele, eu hein Famoso 4 capas, acabei de inventar Ela me bagaçou toda na vega, tô sem o mado O jogo virou eu que tô correndo, ai meu Deus É agora ou nunca, capa E Scarlett tá chata, viu? Bota o gelo agachado da mulher que teu pé tá parecendo todo Você acha que ela tá cega? Então olhe pra mim, mirei na cabeça, desceu pro peito É brincadeira esse jogo, jogo ladrão Mas eu dei a sequência de vários capas Corre Lady que eu vou te pegar, corre mulher, vou te pegar Olha aí como ela parece um cio correndo, corre mais rápido, corre mais rápido, vai É agora ou nunca, eu dou um capa, eu morro Ai, fiquei presa no pneu da Van A Van apelhona Ela gosta de brincar de pique e esconde essa menina hein Ai Scarlett, por que você não tá usando a W?",0.2553253471851349,0.6182785630226135,0.1263961046934127,NEU,0.9750765562057496,0.0228827223181724,0.0893651768565177,0.0071511431597173,0.0678612440824508,0.0090509438887238,0.5170583724975586,0.54823303,Amy Scarlet,Roblox,Amy Scarlet vs Lady Perigosa [5O8kYhtTHt4],,T,T,T,"🎬 Canal: Amy Scarlet | 🎥 Vídeo: Amy Scarlet vs Lady Perigosa [5O8kYhtTHt4]
⏱️ Segmento/Index: 4
🤖 Consenso de IA: T (Detoxify: 0.975 | Perspective: 0.548)
──────────────────────────────────────────────────
Fala transcrita:
""Toma de volta Agora tu vai sentir o rajadão só porque você tava me farpando, a gente tá correndo não Não corre não Ninguém mandou você procurar briga comigo, agora aguenta, vem, vem no pau Mete o pau, tá com duas vegas, então vem no pau Pega ela, pega ela, ai, morri Segue o fluxo, 4 a 2, embora Tá se escondendo de quem gatinha, já te vi A mãe tá aí ó, apareceu aí pra me dar o capa, capa de 4, vai Lá é ele, eu hein Famoso 4 capas, acabei de inventar Ela me bagaçou toda na vega, tô sem o mado O jogo virou eu que tô correndo, ai meu Deus É agora ou nunca, capa E Scarlett tá chata, viu? Bota o gelo agachado da mulher que teu pé tá parecendo todo Você acha que ela tá cega? Então olhe pra mim, mirei na cabeça, desceu pro peito É brincadeira esse jogo, jogo ladrão Mas eu dei a sequência de vários capas Corre Lady que eu vou te pegar, corre mulher, vou te pegar Olha aí como ela parece um cio correndo, corre mais rápido, corre mais rápido, vai É agora ou nunca, eu dou um capa, eu morro Ai, fiquei presa no pneu da Van A Van apelhona Ela gosta de brincar de pique e esconde essa menina hein Ai Scarlett, por que você não tá usando a W?""",Avaliador_B,Avaliador_C
3,"De não quebrar o feno de baixo primeiro. Eu estava quebrando. Não me interessa, não me interessa. Era só você não construir do lado do feno. Eu fui construir do lado do Iron Golem. Você não me provou que eu vou te dar uma espadada, hein? Eu vou te dar uma machadada. Eu tô te avisando. Eu tô te avisando também. Ah, seu maldito! Ah, seu maldito! Que isso, cara! Pois é, pois é. Tá, agora... Pode fazer você a primeira coisinha aí. Só precisa de pólvora e de areia. Isso, a gente precisa também de... Como é que é o nome? De uma... Como é que é o nome? De um Silex pra fazer a pedeneira, que a gente não vai conseguir acender. Nossa, é verdade, mano. Deu quantos ferros? Ah, então tá bom, vou encontrar o Silex. Calma aí.",0.9645965099334716,0.0271956510841846,0.0082078203558921,NEG,0.9272840023040771,0.0171411577612161,0.0918307825922966,0.0044942926615476,0.0615726523101329,0.0222713593393564,0.0406474843621254,0.52139956,Kass e KR,Minecraft,Transformei TNT em YOUTUBERS [ccNLMdyHNdw],,T,T,T,"🎬 Canal: Kass e KR | 🎥 Vídeo: Transformei TNT em YOUTUBERS [ccNLMdyHNdw]
⏱️ Segmento/Index: 3
🤖 Consenso de IA: T (Detoxify: 0.927 | Perspective: 0.521)
──────────────────────────────────────────────────
Fala transcrita:
""De não quebrar o feno de baixo primeiro. Eu estava quebrando. Não me interessa, não me interessa. Era só você não construir do lado do feno. Eu fui construir do lado do Iron Golem. Você não me provou que eu vou te dar uma espadada, hein? Eu vou te dar uma machadada. Eu tô te avisando. Eu tô te avisando também. Ah, seu maldito! Ah, seu maldito! Que isso, cara! Pois é, pois é. Tá, agora... Pode fazer você a primeira coisinha aí. Só precisa de pólvora e de areia. Isso, a gente precisa também de... Como é que é o nome? De uma... Como é que é o nome? De um Silex pra fazer a pedeneira, que a gente não vai conseguir acender. Nossa, é verdade, mano. Deu quantos ferros? Ah, então tá bom, vou encontrar o Silex. Calma aí.""",Avaliador_B,Avaliador_C
7,"Eu vou ter que pesquisar na internet, não tem jeito, pessoal Eu vou ter que pesquisar aqui e entender Cadê ele? McFly, calma aí McFly, onde você tá? McFly Eu tô aqui, eu tô aqui fora Da perna de cima aqui ó Eu vou lá pro sofá e tire uma soneca É sério, é sério, pessoal Deixa eu pesquisar aqui O que fazer? Tá, eu preciso pesquisar aqui o que fazer Meu amigo foi mordido Por uma aranha, o que fazer? É, se os efeitos colaterais Persistem, tá?",0.525283694267273,0.4365379214286804,0.0381783805787563,NEG,0.0927911326289177,0.0039686565287411,0.0373465195298194,0.0028157574124634,0.0247882846742868,0.0034186094999313,0.0036678430624306,0.09525062,JP Plays,Minecraft,MEU AMIGO FOI MORDIDO POR UMA ARANHA [4aVU04AB2Bs],,NT,NT,NT,"🎬 Canal: JP Plays | 🎥 Vídeo: MEU AMIGO FOI MORDIDO POR UMA ARANHA [4aVU04AB2Bs]
⏱️ Segmento/Index: 7
🤖 Consenso de IA: NT (Detoxify: 0.093 | Perspective: 0.095)
──────────────────────────────────────────────────
Fala transcrita:
""Eu vou ter que pesquisar na internet, não tem jeito, pessoal Eu vou ter que pesquisar aqui e entender Cadê ele? McFly, calma aí McFly, onde você tá? McFly Eu tô aqui, eu tô aqui fora Da perna de cima aqui ó Eu vou lá pro sofá e tire uma soneca É sério, é sério, pessoal Deixa eu pesquisar aqui O que fazer? Tá, eu preciso pesquisar aqui o que fazer Meu amigo foi mordido Por uma aranha, o que fazer? É, se os efeitos colaterais Persistem, tá?""",Avaliador_B,Avaliador_C
8,"Vai lá, vai lá, ataca ele, ataca ele! Boa, boa! Unido somos mais fortes! Acabamos com o Golem! Tive a ajuda de alguns zumbis! O Creeper é uma criatura que eu detesto! Por conta das explosões que acaba destruindo as construções que a gente faz! Mas hoje eu sou amigo dele, como o Herobrine! Opa, nem tão amigo assim! Se eu ataco ele, ele vem e ataca de volta com a explosão! Tem mais alguns monstros ali na frente, tá bem escuro! Mesmo assim eu vou me aproximar pra ver se eles vão me atacar! Ó a montanha aranha aqui! Caraca! Ataquei a aranha e ela vem me atacar! Então, parece que é isso! Os monstros só me atacam se eu atacar primeiro! Matei o esqueleto, consegui até alguns ossos! Vamos ver se eu consigo domesticar aquele lobo, mesmo sendo Herobrine! Isso vai ser louco! Lobinho vem pra cá! Dois ossos também acho que não é o suficiente pra domesticar um lobo! Mesmo assim eu vou tentar! Pelo menos agradar o lobinho! Que tava furioso com a minha aparência! A aparência do Herobrine! O lobo ele tava bem aqui!",0.1678128838539123,0.7184800505638123,0.1137070730328559,NEU,0.6098029613494873,0.002142539480701,0.0317046195268631,0.0010620376560837,0.0332197472453117,0.3585683107376098,0.0026986636221408,0.3977292,Robin Hood Gamer,Minecraft,VIDA DE HEROBRINE POR 1 DIA NO MINECRAFT VIREI O FANTASMA MAIS FORTE [BF6BiOo6c3M],,GZ,GZ,GZ,"🎬 Canal: Robin Hood Gamer | 🎥 Vídeo: VIDA DE HEROBRINE POR 1 DIA NO MINECRAFT VIREI O FANTASMA MAIS FORTE [BF6BiOo6c3M]
⏱️ Segmento/Index: 8
🤖 Consenso de IA: GZ (Detoxify: 0.61 | Perspective: 0.398)
──────────────────────────────────────────────────
Fala transcrita:
""Vai lá, vai lá, ataca ele, ataca ele! Boa, boa! Unido somos mais fortes! Acabamos com o Golem! Tive a ajuda de alguns zumbis! O Creeper é uma criatura que eu detesto! Por conta das explosões que acaba destruindo as construções que a gente faz! Mas hoje eu sou amigo dele, como o Herobrine! Opa, nem tão amigo assim! Se eu ataco ele, ele vem e ataca de volta com a explosão! Tem mais alguns monstros ali na frente, tá bem escuro! Mesmo assim eu vou me aproximar pra ver se eles vão me atacar! Ó a montanha aranha aqui! Caraca! Ataquei a aranha e ela vem me atacar! Então, parece que é isso! Os monstros só me atacam se eu atacar primeiro! Matei o esqueleto, consegui até alguns ossos! Vamos ver se eu consigo domesticar aquele lobo, mesmo sendo Herobrine! Isso vai ser louco! Lobinho vem pra cá! Dois ossos também acho que não é o suficiente pra domesticar um lobo! Mesmo assim eu vou tentar! Pelo menos agradar o lobinho! Que tava furioso com a minha aparência! A aparência do Herobrine! O lobo ele tava bem aqui!""",Avaliador_B,Avaliador_C
2,não vai ser fácil não vai ser fácil olha seguinte vou contar até três e aí você pula beleza então aí eu pulo também temos por adjunto porque esse não já era então é um é dois é três e pula vai lá vamos lá e calma calma calma eu acho que eu pulei para um lado e você pulou para o outro lado pessoal ok ok já começamos mal não deu para descer a montanha então vai lá McFly vai lá isso vou deixar você na frente que se não não não não não tá realmente não funciona não funciona o que eu queria fazer pessoal tava com um plano aqui na cabeça mas vocês viram que não deu certo né ele acabou saindo e se distanciando então vamos ter que descer mesmo lado a lado não dá para pular não tá vai ter que ser alpinismo aqui agora vem exatamente nesse bloco que eu tô quando contar quando falar já desce então um dois três e já desce aqui desce aqui desce por pouco por pouco beleza o campo não nos matou então de novo desce ai calma para de me empurrar calma eu tô vivo a gente tá vivo estamos vivos estamos vivos beleza agora dá para ir descer um pouco mais normalmente ai ok tô vivo tô vivo cadê você McFly cadê você,0.4680778682231903,0.3688418269157409,0.1630802750587463,NEG,0.3171256482601166,0.0057738376781344,0.0539161898195743,0.0045665535144507,0.0407323613762855,0.0052268649451434,0.0048815985210239,0.28548008,JP Plays,Minecraft,NÃO PODE SE SEPARAR NO MINECRAFT  FIQUE JUNTO OU MORRA [7Stxw-K_RSo],,GZ,GZ,GZ,"🎬 Canal: JP Plays | 🎥 Vídeo: NÃO PODE SE SEPARAR NO MINECRAFT  FIQUE JUNTO OU MORRA [7Stxw-K_RSo]
⏱️ Segmento/Index: 2
🤖 Consenso de IA: GZ (Detoxify: 0.317 | Perspective: 0.285)
──────────────────────────────────────────────────
Fala transcrita:
""não vai ser fácil não vai ser fácil olha seguinte vou contar até três e aí você pula beleza então aí eu pulo também temos por adjunto porque esse não já era então é um é dois é três e pula vai lá vamos lá e calma calma calma eu acho que eu pulei para um lado e você pulou para o outro lado pessoal ok ok já começamos mal não deu para descer a montanha então vai lá McFly vai lá isso vou deixar você na frente que se não não não não não tá realmente não funciona não funciona o que eu queria fazer pessoal tava com um plano aqui na cabeça mas vocês viram que não deu certo né ele acabou saindo e se distanciando então vamos ter que descer mesmo lado a lado não dá para pular não tá vai ter que ser alpinismo aqui agora vem exatamente nesse bloco que eu tô quando contar quando falar já desce então um dois três e já desce aqui desce aqui desce por pouco por pouco beleza o campo não nos matou então de novo desce ai calma para de me empurrar calma eu tô vivo a gente tá vivo estamos vivos estamos vivos beleza agora dá para ir descer um pouco mais normalmente ai ok tô vivo tô vivo cadê você McFly cadê você""",Avaliador_B,Avaliador_C
1,"Vai começar, Davi! Pode correr, porque o tubarão aqui tá pronto, hein? Ai, então tá bom, né? Eu vou aqui pegar logo aqui o meu barco. Opa, eu não tenho cabelo, mas eu tenho uma touca de Natal. Se tem Robin Hood careca no vídeo, se tem Robin Hood tubarão, tem like, então deixa seu like, se inscreve no canal, ativa o sininho. Se você não deixar seu like, sabe o que vai acontecer? Você vai ficar careca. Já imaginou, Davi, todo mundo careca? Todos os inscritos carecas? Eu só sei que todos os inscritos iam brilhar, brilhar que a terra ia até esquentar e explodir. É, a careca é brilhante, hein? A minha careca no sol, ela brilha. Eu já tô vendo um barquinho aqui, eu não sei se é o do Davi, mas o meu grande objetivo aqui é devorar o Davi. Se eu conseguir matar o Davi, eu já me considero o campeão dessa rodada. É, eu já te achei, senhor Robin Hood carecão. Robin Hood carecão tubarão. E é fácil de você me encontrar, porque quando você é um humano, mostra onde tá o tubarão no mapa.",0.0514409877359867,0.8007960915565491,0.1477629095315933,NEU,0.3291725814342499,0.0012937444262206,0.0212536491453647,0.0020258268341422,0.0671274065971374,0.0382184199988842,0.0036580509040504,0.3308965,Robin Hood Gamer,Minecraft,MEU AMIGO VIROU UM TUBARÃO E ME DEVOROU NO ROBLOX SharkBite [UrHMejgx3XE],,GZ,GZ,GZ,"🎬 Canal: Robin Hood Gamer | 🎥 Vídeo: MEU AMIGO VIROU UM TUBARÃO E ME DEVOROU NO ROBLOX SharkBite [UrHMejgx3XE]
⏱️ Segmento/Index: 1
🤖 Consenso de IA: GZ (Detoxify: 0.329 | Perspective: 0.331)
──────────────────────────────────────────────────
Fala transcrita:
""Vai começar, Davi! Pode correr, porque o tubarão aqui tá pronto, hein? Ai, então tá bom, né? Eu vou aqui pegar logo aqui o meu barco. Opa, eu não tenho cabelo, mas eu tenho uma touca de Natal. Se tem Robin Hood careca no vídeo, se tem Robin Hood tubarão, tem like, então deixa seu like, se inscreve no canal, ativa o sininho. Se você não deixar seu like, sabe o que vai acontecer? Você vai ficar careca. Já imaginou, Davi, todo mundo careca? Todos os inscritos carecas? Eu só sei que todos os inscritos iam brilhar, brilhar que a terra ia até esquentar e explodir. É, a careca é brilhante, hein? A minha careca no sol, ela brilha. Eu já tô vendo um barquinho aqui, eu não sei se é o do Davi, mas o meu grande objetivo aqui é devorar o Davi. Se eu conseguir matar o Davi, eu já me considero o campeão dessa rodada. É, eu já te achei, senhor Robin Hood carecão. Robin Hood carecão tubarão. E é fácil de você me encontrar, porque quando você é um humano, mostra onde tá o tubarão no mapa.""",Avaliador_B,Avaliador_C
0,"Mas pelo menos eu achei a chave da cor amarela, vamos ver se você... AHHH! É você aqui? Sou. NÃO! Me solta sua maluada! Nossa! OU, oi pessoal, tudo bem? Hoje você aqui pra gravar mais series de Roblox e hoje tá a semana daqui de manhã! Olá pessoal, tudo bem? E hoje pessoal, nós estamos aqui para tentar sobreviver dos ratos. Isso mesmo! Será que a gente vai conseguir? Eu acho que sim! Tomara que sim pessoal, então bora vídeo, vaiam! Bora lá, escapando! Ju, eu sou o rato! Sou o rato? Sim, ai tão batendo em mim! Já peguei alguém pela boca! Mami, eu tô aqui com uma chave vermelha, então assim pessoal, a Mami é um rato, certo? E ela tem que fazer com que a gente não escape. Exatamente! E a gente tem que escapar, certo? Pegando suas chaves e abrindo portas, tem quatro portas. E eu tenho queijinho aqui pra comer e também tem umas ratoeiras que quem quer fugir precisa ativar pra prender o rato.",0.0754779651761055,0.8186496496200562,0.1058724299073219,NEU,0.5278798341751099,0.0015239351196214,0.0742201283574104,0.0016382688190788,0.1576172411441803,0.0089104231446981,0.0030199170578271,0.37751234,Julia MineGirl,Roblox,Roblox - A RATINHA MINEGIRL Rat Maze Survive  Escape [wxAyTBTqsHc],,GZ,GZ,GZ,"🎬 Canal: Julia MineGirl | 🎥 Vídeo: Roblox - A RATINHA MINEGIRL Rat Maze Survive  Escape [wxAyTBTqsHc]
⏱️ Segmento/Index: 0
🤖 Consenso de IA: GZ (Detoxify: 0.528 | Perspective: 0.378)
──────────────────────────────────────────────────
Fala transcrita:
""Mas pelo menos eu achei a chave da cor amarela, vamos ver se você... AHHH! É você aqui? Sou. NÃO! Me solta sua maluada! Nossa! OU, oi pessoal, tudo bem? Hoje você aqui pra gravar mais series de Roblox e hoje tá a semana daqui de manhã! Olá pessoal, tudo bem? E hoje pessoal, nós estamos aqui para tentar sobreviver dos ratos. Isso mesmo! Será que a gente vai conseguir? Eu acho que sim! Tomara que sim pessoal, então bora vídeo, vaiam! Bora lá, escapando! Ju, eu sou o rato! Sou o rato? Sim, ai tão batendo em mim! Já peguei alguém pela boca! Mami, eu tô aqui com uma chave vermelha, então assim pessoal, a Mami é um rato, certo? E ela tem que fazer com que a gente não escape. Exatamente! E a gente tem que escapar, certo? Pegando suas chaves e abrindo portas, tem quatro portas. E eu tenho queijinho aqui pra comer e também tem umas ratoeiras que quem quer fugir precisa ativar pra prender o rato.""",Avaliador_B,Avaliador_C
5,"E a gente resolveu parar nesse lugar aqui pra dar uma conhecida. Porque eu vi que toda arquitetura design desse lugar tinha mudado. Ai gente, os bots não tem um momento de paz nesse jogo, viu? Vou te dizer. A gente tentando fazer uma visita cultural pelo país, pela cidade, sei lá. E a gente não consegue porque tem inimigo, tem ladrão por tudo que é lugar. É por isso que Scarlett não é cultura, mas esse aqui vai de lobby, viu? Minha amiga morreu, você também vai morrer. O outro veio me atacar, eu falei, eu vou rushar de 12. O cara tava a mil metros de distância, vai te pegar a tomba se eu peguei a 12. Porque faz parte, eu não sei jogar berno não. Mas eu não aguentava mais, eu chamei o Plutão pra ver se o Plutão quer proplega. E conseguir fazer uma coisa que preste pra gente visitar a porcaria desse mapa. Porque eu não aguentava mais ser humilhada. Lavruba. Prrrr, prrrr. Eu falei, o que é isso? Negra, chega. Prrrr, prrrr, prrrr. Aí eu aqui com mais uma dança normal e esse palhaço resolveu aparecer na minha frente. Que é palhaço? Quer chamar atenção? Volta pro circo. Não é nem um palhaço, é um urso isso aqui, gente. Um urso usando o gorro.",0.401250958442688,0.534564197063446,0.0641848742961883,NEU,0.7865915298461914,0.0039943889714777,0.1207557469606399,0.008293398655951,0.2775489091873169,0.0065139457583427,0.0053870449773967,0.31963667,Amy Scarlet,Roblox,Novo Mapa do Free Fire [-145pPjxFMo],,GZ,GZ,GZ,"🎬 Canal: Amy Scarlet | 🎥 Vídeo: Novo Mapa do Free Fire [-145pPjxFMo]
⏱️ Segmento/Index: 5
🤖 Consenso de IA: GZ (Detoxify: 0.787 | Perspective: 0.32)
──────────────────────────────────────────────────
Fala transcrita:
""E a gente resolveu parar nesse lugar aqui pra dar uma conhecida. Porque eu vi que toda arquitetura design desse lugar tinha mudado. Ai gente, os bots não tem um momento de paz nesse jogo, viu? Vou te dizer. A gente tentando fazer uma visita cultural pelo país, pela cidade, sei lá. E a gente não consegue porque tem inimigo, tem ladrão por tudo que é lugar. É por isso que Scarlett não é cultura, mas esse aqui vai de lobby, viu? Minha amiga morreu, você também vai morrer. O outro veio me atacar, eu falei, eu vou rushar de 12. O cara tava a mil metros de distância, vai te pegar a tomba se eu peguei a 12. Porque faz parte, eu não sei jogar berno não. Mas eu não aguentava mais, eu chamei o Plutão pra ver se o Plutão quer proplega. E conseguir fazer uma coisa que preste pra gente visitar a porcaria desse mapa. Porque eu não aguentava mais ser humilhada. Lavruba. Prrrr, prrrr. Eu falei, o que é isso? Negra, chega. Prrrr, prrrr, prrrr. Aí eu aqui com mais uma dança normal e esse palhaço resolveu aparecer na minha frente. Que é palhaço? Quer chamar atenção? Volta pro circo. Não é nem um palhaço, é um urso isso aqui, gente. Um urso usando o gorro.""",Avaliador_C,Avaliador_D
1,"Que que é soco de fogo na cara de zumbi né mano? Apareceu aqui ó! Toma! Não, não, não! Eu nem bato mais com espada, fi! Meu soco é tão forte que já manda o zumbi pro outro lado! Mas bom família! O que que eu queria mostrar pra vocês né? Vocês sabem que eu e o Iago nós voltamos lá da Twilight Forest e estamos aqui do lado da base do Spock né? Porque é... Iago a gente deu um pau federal no Spock no último vídeo né velho? Eu... Sem contar mano que eu peguei o dragão dele! Isso aí na mão... Isso aí é o dragão do Spock? Ih é! Isso aqui é o dragão do Spock mas eu não consigo te chamar ele pra fora porque é só quem é o dono entendeu? Ah galera! Mas se você pegar olha aqui pra você ver ó! Deixa eu ver! Ah boa verdade! É um dragão de gelo com 185 de vida! O proprietário é o Spock e é uma menina! Hoje eu vou me vingar de um Creeper velho! Galera olha esse meu poder aqui velho! Que eu só piso aqui no chão ó! Vou prender, vou prender, vou prender ele ó! Nossa pera aí ó! Vai explodir ele aí ó! Vamo lá! Soco de fogo não Iago!",0.160209983587265,0.7729364037513733,0.0668535530567169,NEU,0.8710774183273315,0.0038345609791576,0.0378721542656421,0.0023820390924811,0.0723139867186546,0.3520190715789795,0.01402382645756,0.4838166,AuthenticGames,Minecraft,BATALHA CONTRA O DOBRADOR DO VENTO  - Minecraft Avatar 29 [IqqirbwI8r8],0.1602101475000381,T,T,T,"🎬 Canal: AuthenticGames | 🎥 Vídeo: BATALHA CONTRA O DOBRADOR DO VENTO  - Minecraft Avatar 29 [IqqirbwI8r8]
⏱️ Segmento/Index: 1
🤖 Consenso de IA: T (Detoxify: 0.871 | Perspective: 0.484)
──────────────────────────────────────────────────
Fala transcrita:
""Que que é soco de fogo na cara de zumbi né mano? Apareceu aqui ó! Toma! Não, não, não! Eu nem bato mais com espada, fi! Meu soco é tão forte que já manda o zumbi pro outro lado! Mas bom família! O que que eu queria mostrar pra vocês né? Vocês sabem que eu e o Iago nós voltamos lá da Twilight Forest e estamos aqui do lado da base do Spock né? Porque é... Iago a gente deu um pau federal no Spock no último vídeo né velho? Eu... Sem contar mano que eu peguei o dragão dele! Isso aí na mão... Isso aí é o dragão do Spock? Ih é! Isso aqui é o dragão do Spock mas eu não consigo te chamar ele pra fora porque é só quem é o dono entendeu? Ah galera! Mas se você pegar olha aqui pra você ver ó! Deixa eu ver! Ah boa verdade! É um dragão de gelo com 185 de vida! O proprietário é o Spock e é uma menina! Hoje eu vou me vingar de um Creeper velho! Galera olha esse meu poder aqui velho! Que eu só piso aqui no chão ó! Vou prender, vou prender, vou prender ele ó! Nossa pera aí ó! Vai explodir ele aí ó! Vamo lá! Soco de fogo não Iago!""",Avaliador_C,Avaliador_D
9,"Boa tentativa. A tentativa foi boa, mas o Beto só não tomou um susto porque ele apertou o botão e olhou pro lado, ele não tava esperando nada aqui. É isso aí, Beto, as armadilhas acabaram. Nossa, vocês até tentaram, né? Parabéns pela tentativa, vou deixar minha nota aqui. Nota? Tem que ser pelo menos um 7. Ah! Nota 10! Uhuuu! Nota 10, parabéns! Calma aí, deixa eu ver, o que é? Nota 10, Davi, pras armadilhas. Ah, tá, é só deixar ao contrário que fica 10, né? Agora que eu vi. Fica 100 daí, ó. Vai ser até prêmio. Eu gostei porque essa área ficou bem iluminada. Tem mais algumas coisas aqui, Beto. Tem a casa de Halloween, tem esse túmulo gigante que o Davi fez também. Nossa, esse aqui ficou muito interessante. Que isso, cara? Ah não, esse aqui dá um sustinho. Esse aqui até que funcionou, esse até que funcionou.",0.0770901292562484,0.3830263018608093,0.539883553981781,POS,0.0120734134688973,0.000853314762935,0.0157066788524389,0.0004322341119404,0.009906468912959,0.0008284263312816,0.0018276122864335,0.18744208,Robin Hood Gamer,Minecraft,ENGANAMOS O BETO E ELE CAIU NA ARMADILHA MINECRAFT ERA DA REDSTONE 23 [Mf0MhN4nXwo],,NT,NT,NT,"🎬 Canal: Robin Hood Gamer | 🎥 Vídeo: ENGANAMOS O BETO E ELE CAIU NA ARMADILHA MINECRAFT ERA DA REDSTONE 23 [Mf0MhN4nXwo]
⏱️ Segmento/Index: 9
🤖 Consenso de IA: NT (Detoxify: 0.012 | Perspective: 0.187)
──────────────────────────────────────────────────
Fala transcrita:
""Boa tentativa. A tentativa foi boa, mas o Beto só não tomou um susto porque ele apertou o botão e olhou pro lado, ele não tava esperando nada aqui. É isso aí, Beto, as armadilhas acabaram. Nossa, vocês até tentaram, né? Parabéns pela tentativa, vou deixar minha nota aqui. Nota? Tem que ser pelo menos um 7. Ah! Nota 10! Uhuuu! Nota 10, parabéns! Calma aí, deixa eu ver, o que é? Nota 10, Davi, pras armadilhas. Ah, tá, é só deixar ao contrário que fica 10, né? Agora que eu vi. Fica 100 daí, ó. Vai ser até prêmio. Eu gostei porque essa área ficou bem iluminada. Tem mais algumas coisas aqui, Beto. Tem a casa de Halloween, tem esse túmulo gigante que o Davi fez também. Nossa, esse aqui ficou muito interessante. Que isso, cara? Ah não, esse aqui dá um sustinho. Esse aqui até que funcionou, esse até que funcionou.""",Avaliador_C,Avaliador_D
4,"Isso mesmo, eu não fui matar outro cara, não. Eu fui farpar o outro cara. Eu estou viciada em enxarrar os outros. Dessa vez, a Grécia falou, deixa que eu passa cá. Eu falei, não vai dar certo. Mas todo mundo começou a seguir ela. Eu falei, vou ficar aqui atrás. Vamos lá seguir a Grécia pra ver se vai dar certo. Aí eu fiquei aqui atrás analisando, o cara já subiu ali, tirou o binho no nei, já matou um, ia matar o outro. Aí eu aqui atrás só dando todo o suporte, né? Vendo a pessoa morrer. Aí fui lá, derrubaram o outro cara, mas eu derrubei, né? Por causa do meu suporte. Não sigo o cauda da Grécia, porque a Grécia só bota a gente laranjada. Aí apareceu outro cara querendo me roxar em mim, mas eu errei o rude, não consegui atirar, aí eu morri. Aí sobra o bot do Biel, que ele nada é a mesma coisa. Ele matou o cara, foi finalizar, tomou de outro cara lá atrás, né? Porque a gente pensa em enxarrar, pensa em farpar, em finalizar, mas nunca pensa no resto que está vivo pra matar a gente. A gente gosta de farpar. 3x0 a gente perdendo, que vergonha. Aí dessa vez o GB falou, deixa que eu passo a cal.",0.2056525349617004,0.7508324384689331,0.0435150638222694,NEU,0.7017177939414978,0.0026216127444058,0.0168472826480865,0.0042937067337334,0.0508457049727439,0.2632750868797302,0.0023869515862315,0.30319387,Amy Scarlet,Roblox,AmyScarlet Gbzin Grécia e Biel jogando juntos [_oa8eqvyg2M],,GZ,GZ,GZ,"🎬 Canal: Amy Scarlet | 🎥 Vídeo: AmyScarlet Gbzin Grécia e Biel jogando juntos [_oa8eqvyg2M]
⏱️ Segmento/Index: 4
🤖 Consenso de IA: GZ (Detoxify: 0.702 | Perspective: 0.303)
──────────────────────────────────────────────────
Fala transcrita:
""Isso mesmo, eu não fui matar outro cara, não. Eu fui farpar o outro cara. Eu estou viciada em enxarrar os outros. Dessa vez, a Grécia falou, deixa que eu passa cá. Eu falei, não vai dar certo. Mas todo mundo começou a seguir ela. Eu falei, vou ficar aqui atrás. Vamos lá seguir a Grécia pra ver se vai dar certo. Aí eu fiquei aqui atrás analisando, o cara já subiu ali, tirou o binho no nei, já matou um, ia matar o outro. Aí eu aqui atrás só dando todo o suporte, né? Vendo a pessoa morrer. Aí fui lá, derrubaram o outro cara, mas eu derrubei, né? Por causa do meu suporte. Não sigo o cauda da Grécia, porque a Grécia só bota a gente laranjada. Aí apareceu outro cara querendo me roxar em mim, mas eu errei o rude, não consegui atirar, aí eu morri. Aí sobra o bot do Biel, que ele nada é a mesma coisa. Ele matou o cara, foi finalizar, tomou de outro cara lá atrás, né? Porque a gente pensa em enxarrar, pensa em farpar, em finalizar, mas nunca pensa no resto que está vivo pra matar a gente. A gente gosta de farpar. 3x0 a gente perdendo, que vergonha. Aí dessa vez o GB falou, deixa que eu passo a cal.""",Avaliador_C,Avaliador_D
6,"Foi, foi, foi Caraca gente, vamos ver então se a gente consegue ganhar agora Mano, Guizão, vamos sobreviver aí né Eita, eu tô muito lagado Ah, diamante de novo cara Caraca gente, tá muito difícil jogar aqui mano Mas beleza É o server gringo né É, o server gringo mano Ó, tamo aqui, beleza Opa, já tô vendo meu amigo Gui ali Que legal, a gente já rolou na ilha, que da hora Eita, tem um cara, os caras tão sem puxar Eita mano, vou aproveitar que os caras vão ficar com o paca-rô Olha o trem que tá rolando ali Sim, sim Mentira, ele é um gênio Ele é um gênio, ele fez igual aquele negócio do Dream Que ele tampou o bloco Tipo, eu ia pular, ele tampou o bloco que eu ia pular Entendeu Ó, pera aí que eu vou Derrotar um Nossa gente, mais uma vez meus vizinhos vão pensar que eu sou louco Mentira, eu fui derrotado Pessoal, só tenho o Viva aqui mano O nome do cara é Optifine, vei Ah, foi eliminado, ele é muito forte Cara, come on Eu tava sem peitoral Gui Não tinha nada pessoal Vamos de novo aqui vei, e se a gente não conseguir agora, vamos voltar pro modo normal",0.1719425171613693,0.5681290030479431,0.2599284946918487,NEU,0.2437748312950134,0.0104644242674112,0.0537875443696975,0.0078270826488733,0.0428374744951725,0.0037807759363204,0.0082851070910692,0.25462922,Geleia,Minecraft,DESAFIO 10 PESSOAS vs 3 NOOBS no Minecraft [Npehoha-Pn4],,GZ,GZ,GZ,"🎬 Canal: Geleia | 🎥 Vídeo: DESAFIO 10 PESSOAS vs 3 NOOBS no Minecraft [Npehoha-Pn4]
⏱️ Segmento/Index: 6
🤖 Consenso de IA: GZ (Detoxify: 0.244 | Perspective: 0.255)
──────────────────────────────────────────────────
Fala transcrita:
""Foi, foi, foi Caraca gente, vamos ver então se a gente consegue ganhar agora Mano, Guizão, vamos sobreviver aí né Eita, eu tô muito lagado Ah, diamante de novo cara Caraca gente, tá muito difícil jogar aqui mano Mas beleza É o server gringo né É, o server gringo mano Ó, tamo aqui, beleza Opa, já tô vendo meu amigo Gui ali Que legal, a gente já rolou na ilha, que da hora Eita, tem um cara, os caras tão sem puxar Eita mano, vou aproveitar que os caras vão ficar com o paca-rô Olha o trem que tá rolando ali Sim, sim Mentira, ele é um gênio Ele é um gênio, ele fez igual aquele negócio do Dream Que ele tampou o bloco Tipo, eu ia pular, ele tampou o bloco que eu ia pular Entendeu Ó, pera aí que eu vou Derrotar um Nossa gente, mais uma vez meus vizinhos vão pensar que eu sou louco Mentira, eu fui derrotado Pessoal, só tenho o Viva aqui mano O nome do cara é Optifine, vei Ah, foi eliminado, ele é muito forte Cara, come on Eu tava sem peitoral Gui Não tinha nada pessoal Vamos de novo aqui vei, e se a gente não conseguir agora, vamos voltar pro modo normal""",Avaliador_C,Avaliador_D
12,"Não caiu não. Só encontrei esse monstro aí. Nenhum dinossauro por aqui. Ei durante a noite os dinossauros devem aparecer lá na parte de cima. Acho que vale dar uma olhada. Mais um monstro bizarro. Esse está segurando alguma coisa. Eita ele é um arqueiro. Ele é tipo um esqueleto. Matei. Esse era tipo um esqueleto, arco e flecha aí. Muito apelão. Vou subir pro topo pra ver se lá estão aparecendo dinossauros durante a noite. Estava cavando pra cima e aí encontrei água. Agora escureceu e eu já tô vendo que tem dinossauros diferentes. Esses dinossauros devem ser agressivos, já que eles apareceram aqui durante a noite. Me viu e já tá vindo pra cima. E aí seu dinossauro, você quer batalhar comigo? Vem pra cá. Peraí. Eu acho que esse aqui só me ataca se eu tacar ele primeiro. Na verdade não é isso. É um dinossauro amigável. E esse aqui? Eita! Sai!",0.6339250206947327,0.298514574766159,0.067560389637947,NEG,0.2442781925201416,0.0013803468318656,0.0214737318456172,0.0013578176731243,0.0553105734288692,0.028752276673913,0.0016061540227383,0.28547668,Robin Hood Gamer,Minecraft,BAIXEI A CÓPIA DO MINECRAFT COM DINOSSAUROS [ELepo_63NZo],,GZ,GZ,GZ,"🎬 Canal: Robin Hood Gamer | 🎥 Vídeo: BAIXEI A CÓPIA DO MINECRAFT COM DINOSSAUROS [ELepo_63NZo]
⏱️ Segmento/Index: 12
🤖 Consenso de IA: GZ (Detoxify: 0.244 | Perspective: 0.285)
──────────────────────────────────────────────────
Fala transcrita:
""Não caiu não. Só encontrei esse monstro aí. Nenhum dinossauro por aqui. Ei durante a noite os dinossauros devem aparecer lá na parte de cima. Acho que vale dar uma olhada. Mais um monstro bizarro. Esse está segurando alguma coisa. Eita ele é um arqueiro. Ele é tipo um esqueleto. Matei. Esse era tipo um esqueleto, arco e flecha aí. Muito apelão. Vou subir pro topo pra ver se lá estão aparecendo dinossauros durante a noite. Estava cavando pra cima e aí encontrei água. Agora escureceu e eu já tô vendo que tem dinossauros diferentes. Esses dinossauros devem ser agressivos, já que eles apareceram aqui durante a noite. Me viu e já tá vindo pra cima. E aí seu dinossauro, você quer batalhar comigo? Vem pra cá. Peraí. Eu acho que esse aqui só me ataca se eu tacar ele primeiro. Na verdade não é isso. É um dinossauro amigável. E esse aqui? Eita! Sai!""",Avaliador_C,Avaliador_D
17,"Coloquei uma madeira de carvalho aqui Vou colocar nas quatro pontas Madeira de carvalho em cima da tábua Eu acho que eu já posso até remover essa tábua Depois eu vejo o que eu faço com ela Acho que eu já vou remover agora Eu vou ter que estar fechando essa área aqui E eu vou fazer isso por dentro da casa Agora eu vou pegar Eu vou subir mais uma madeira de carvalho E é claro que eu vou estar descascando essa madeira aqui Senão não vai ter sentido nenhum Pra ficar parecido mesmo com a construção Agora sim, madeira descascada, bem melhor Vou pegar aqui a laje de pinheiro Vou colocar dessa forma Vai ficar até parecendo um telhadinho de uma construção chinesa Vai ficar bem bacana Dessa maneira aqui Vou fazer a mesma coisa na parte de cima Bem certo, agora eu vou subir aqui Pra continuar fazendo aqui na parte de cima Olha só que fera E nessa parte eu vou estar colocando as escadas Minhas lajes tinham acabado Eu fiz uma mesa de trabalho aqui em cima mesmo Pra criar mais algumas lajes",0.2054449766874313,0.5255604982376099,0.2689945101737976,NEU,0.0028140600770711,0.0057758223265409,0.0399204269051551,0.0068575269542634,0.0380855277180671,0.0027249371632933,0.0016758665442466,0.121732734,Robin Hood Gamer,Minecraft,BETO INVADIU O MEU MUNDO MINECRAFT ERA DA REDSTONE 07 [GCPMWEWQDLU],,NT,NT,NT,"🎬 Canal: Robin Hood Gamer | 🎥 Vídeo: BETO INVADIU O MEU MUNDO MINECRAFT ERA DA REDSTONE 07 [GCPMWEWQDLU]
⏱️ Segmento/Index: 17
🤖 Consenso de IA: NT (Detoxify: 0.003 | Perspective: 0.122)
──────────────────────────────────────────────────
Fala transcrita:
""Coloquei uma madeira de carvalho aqui Vou colocar nas quatro pontas Madeira de carvalho em cima da tábua Eu acho que eu já posso até remover essa tábua Depois eu vejo o que eu faço com ela Acho que eu já vou remover agora Eu vou ter que estar fechando essa área aqui E eu vou fazer isso por dentro da casa Agora eu vou pegar Eu vou subir mais uma madeira de carvalho E é claro que eu vou estar descascando essa madeira aqui Senão não vai ter sentido nenhum Pra ficar parecido mesmo com a construção Agora sim, madeira descascada, bem melhor Vou pegar aqui a laje de pinheiro Vou colocar dessa forma Vai ficar até parecendo um telhadinho de uma construção chinesa Vai ficar bem bacana Dessa maneira aqui Vou fazer a mesma coisa na parte de cima Bem certo, agora eu vou subir aqui Pra continuar fazendo aqui na parte de cima Olha só que fera E nessa parte eu vou estar colocando as escadas Minhas lajes tinham acabado Eu fiz uma mesa de trabalho aqui em cima mesmo Pra criar mais algumas lajes""",Avaliador_C,Avaliador_D
4,"A gente vai conseguir! Será que nós vamos conseguir chegar dentro da boca do magrinho? Gente, olha só a boca do magrinho. Vamos entrar na boca dele! Nhaque! Uou! A boca conseguiu! Vamos chegando! Agora a casa vai chegar no final. Será que nós vamos conseguir vencer? Será? Sim! Eu acho que nós vamos conseguir vencer! Aiii! Conseguimos! Aie! Nós conseguimos chegar no final! No final! Vamos agora colorir a gente. Eu quero ser roxo. E tem amarelo. E tem vermelho. Agora vamos voltar. Pra gente escolher uma outra casa.",0.0526436790823936,0.7186670899391174,0.2286892235279083,NEU,0.2734078466892242,0.0007557062199339,0.027579316869378,0.0003598137991502,0.0722982659935951,0.0129856262356042,0.0250828843563795,0.37955463,Lokis,Roblox,CASA DO PORQUINHO CAI CAI  Roblox - Slide into Mouth [Kd7t3a5XDhw],,GZ,GZ,GZ,"🎬 Canal: Lokis | 🎥 Vídeo: CASA DO PORQUINHO CAI CAI  Roblox - Slide into Mouth [Kd7t3a5XDhw]
⏱️ Segmento/Index: 4
🤖 Consenso de IA: GZ (Detoxify: 0.273 | Perspective: 0.38)
──────────────────────────────────────────────────
Fala transcrita:
""A gente vai conseguir! Será que nós vamos conseguir chegar dentro da boca do magrinho? Gente, olha só a boca do magrinho. Vamos entrar na boca dele! Nhaque! Uou! A boca conseguiu! Vamos chegando! Agora a casa vai chegar no final. Será que nós vamos conseguir vencer? Será? Sim! Eu acho que nós vamos conseguir vencer! Aiii! Conseguimos! Aie! Nós conseguimos chegar no final! No final! Vamos agora colorir a gente. Eu quero ser roxo. E tem amarelo. E tem vermelho. Agora vamos voltar. Pra gente escolher uma outra casa.""",Avaliador_C,Avaliador_D
19,"Eu quero Deve ter, mas tá super escuro ali Ai, eu quero, gente Mas eu vou me afogar Não, eu procuro aqui Procura, Ju Daí me fala que daí eu desço Porque eu sou muito desastrada, gente Eu vou perder todos os itens Gente, será que é tipo uma caverninha aqui? Que massa Ô, essa vila aqui é boa, hein? Eu não quero ver o teu bichinho, eu não vi ainda Eu tô com medo de colocar ele no mar Ah, não, tem um laguinho aqui Depois que você sair, você coloca Ah, socorro Cadê? Eu acho que não vai ter mais não, gente Gente, eu vi ele nadando Eu fiquei, não Não acredito, Ju Tem uma caverna aqui O tanto de lula brilhante É uma caverna super profunda Ah, gostei, hein? Gostei É que, olha, vem ver Nossa Ah, saí do outro lado É então, tem várias entradas Que massa É que tá bem escuro, né, gente? Que legal Super escuro Gostei, hein? Ah, e pessoal, com esse saco de lula brilhante Dá pra colocar nas placas, né? Pra ficar brilhando, que dá pra fazer?",0.3431679606437683,0.5189399123191833,0.1378921270370483,NEU,0.4614028334617615,0.0088674565777182,0.0605979338288307,0.0066750776022672,0.0399935245513916,0.0039203125052154,0.0288054030388593,0.23451406,Julia MineGirl,Roblox,Diário Minegirl - O MELHOR DIA NO MINECRAFT E5 [snAgoxuRVvc],,GZ,GZ,GZ,"🎬 Canal: Julia MineGirl | 🎥 Vídeo: Diário Minegirl - O MELHOR DIA NO MINECRAFT E5 [snAgoxuRVvc]
⏱️ Segmento/Index: 19
🤖 Consenso de IA: GZ (Detoxify: 0.461 | Perspective: 0.235)
──────────────────────────────────────────────────
Fala transcrita:
""Eu quero Deve ter, mas tá super escuro ali Ai, eu quero, gente Mas eu vou me afogar Não, eu procuro aqui Procura, Ju Daí me fala que daí eu desço Porque eu sou muito desastrada, gente Eu vou perder todos os itens Gente, será que é tipo uma caverninha aqui? Que massa Ô, essa vila aqui é boa, hein? Eu não quero ver o teu bichinho, eu não vi ainda Eu tô com medo de colocar ele no mar Ah, não, tem um laguinho aqui Depois que você sair, você coloca Ah, socorro Cadê? Eu acho que não vai ter mais não, gente Gente, eu vi ele nadando Eu fiquei, não Não acredito, Ju Tem uma caverna aqui O tanto de lula brilhante É uma caverna super profunda Ah, gostei, hein? Gostei É que, olha, vem ver Nossa Ah, saí do outro lado É então, tem várias entradas Que massa É que tá bem escuro, né, gente? Que legal Super escuro Gostei, hein? Ah, e pessoal, com esse saco de lula brilhante Dá pra colocar nas placas, né? Pra ficar brilhando, que dá pra fazer?""",Avaliador_C,Avaliador_D
5,"Demora um pouquinho pra fazer, véi. É difícil. Vou subir a borda toda enquanto isso. Tá sem nada. Tá bom. Aqui... Aí, fiz errado. Aqui é o... Meu Deus, essa aranha tá muito feia. Por que que a aranha tá feia? Meu Deus, vou subir tanto que eu não tô vendo mais nada daqui de cima. É, pelo visto a aranha tá feia. Até apaguei. Mano, isso tava horroroso, velho. Deixa, eu queria ver, velho. Ah não, tava muito feio, quer se... Meu Deus do céu. Ah, você fazia em outro lugar, desenhava em outro lugar, né? Nossa, mano, ficou horrível isso aqui, cara. Mano, eu vou fazer só a cabeça que não dá, velho. Tá, tá bom, tá bom. Eu tentei me fazer um negócio engraçado aqui... Meu Deus, cara, e aí complica a vida do ser humano, né? Não, complica a minha vida. Não, a minha, né? Que eu vou ter que achar o seu desenho. Mano do céu, velho. Eu tô muito alto, tô olhando pra baixo e não consigo te ver nem ver nem o teu desenho. Mano, mas ficou muito feio, cara.",0.9824867248535156,0.0113953603431582,0.0061179585754871,NEG,0.397190123796463,0.0016056860331445,0.0553596578538417,0.0016573130851611,0.0992174670100212,0.0018716930644586,0.004280587658286,0.3140926,Kass e KR,Minecraft,Podemos DESENHAR TUDO o que QUISERMOS no Minecraft [ROnrLFz8JXw],,GZ,GZ,GZ,"🎬 Canal: Kass e KR | 🎥 Vídeo: Podemos DESENHAR TUDO o que QUISERMOS no Minecraft [ROnrLFz8JXw]
⏱️ Segmento/Index: 5
🤖 Consenso de IA: GZ (Detoxify: 0.397 | Perspective: 0.314)
──────────────────────────────────────────────────
Fala transcrita:
""Demora um pouquinho pra fazer, véi. É difícil. Vou subir a borda toda enquanto isso. Tá sem nada. Tá bom. Aqui... Aí, fiz errado. Aqui é o... Meu Deus, essa aranha tá muito feia. Por que que a aranha tá feia? Meu Deus, vou subir tanto que eu não tô vendo mais nada daqui de cima. É, pelo visto a aranha tá feia. Até apaguei. Mano, isso tava horroroso, velho. Deixa, eu queria ver, velho. Ah não, tava muito feio, quer se... Meu Deus do céu. Ah, você fazia em outro lugar, desenhava em outro lugar, né? Nossa, mano, ficou horrível isso aqui, cara. Mano, eu vou fazer só a cabeça que não dá, velho. Tá, tá bom, tá bom. Eu tentei me fazer um negócio engraçado aqui... Meu Deus, cara, e aí complica a vida do ser humano, né? Não, complica a minha vida. Não, a minha, né? Que eu vou ter que achar o seu desenho. Mano do céu, velho. Eu tô muito alto, tô olhando pra baixo e não consigo te ver nem ver nem o teu desenho. Mano, mas ficou muito feio, cara.""",Avaliador_C,Avaliador_D
5,"Tá bom, tá bom, tá bom. Deixa eu pular, boa. O Dinamitron. Velocidade, vai pegar a bolinha aí. Por que não? Validade. É o Dinamitron. Ó, ó. É o Dinamitron voando pelo mapa como se não houvesse amanhã. Bate lá a cabeça. Ai. Ixi. Ixi. Sem palavras. Tava na mão, mano. Vamos para a próxima partida. Que triste. Vamos lá. Essa daqui foi onde ele treinou quando tinha dois anos de idade, viu? Esse é o maior, o minidinamitron. Vale, meu Deus, me dá o bloco aí. Ah, é porque ele sabe do meu potencial, ele sabe que o dinamitron ele tem um poder a mais, aí eles querem eliminar logo quem? Os mais fortes, né? Os mais fracos querem eliminar os mais fortes, mas não funciona. Ó, temos ali um samurai ali verde, mas ele não é dinamitron. Como ele não é azul, ele não é... Vai, agora mete o porradão em alguém aí, mas tá muito pacífico, mano. Aí, é desse jeito, eu tenho que... Toma! Obrigado, dá um murro aí, ó. Tô... Assim? É! Eliminando pessoas. Ele é o dinamitron, ele elimina as pessoas.",0.0951613709330558,0.6390452980995178,0.2657933235168457,NEU,0.7934847474098206,0.0066380305215716,0.061027318239212,0.0046099573373794,0.060415931046009,0.2902973592281341,0.0053244144655764,0.25462922,meu nome é david,Roblox,O DYNAMITRON TEM PODERES ESPECIAIS  DESAFIO DAS SKINS SPECIAIS NO STUMBLE GUYS [j_YgvR6mngA],,GZ,GZ,GZ,"🎬 Canal: meu nome é david | 🎥 Vídeo: O DYNAMITRON TEM PODERES ESPECIAIS  DESAFIO DAS SKINS SPECIAIS NO STUMBLE GUYS [j_YgvR6mngA]
⏱️ Segmento/Index: 5
🤖 Consenso de IA: GZ (Detoxify: 0.793 | Perspective: 0.255)
──────────────────────────────────────────────────
Fala transcrita:
""Tá bom, tá bom, tá bom. Deixa eu pular, boa. O Dinamitron. Velocidade, vai pegar a bolinha aí. Por que não? Validade. É o Dinamitron. Ó, ó. É o Dinamitron voando pelo mapa como se não houvesse amanhã. Bate lá a cabeça. Ai. Ixi. Ixi. Sem palavras. Tava na mão, mano. Vamos para a próxima partida. Que triste. Vamos lá. Essa daqui foi onde ele treinou quando tinha dois anos de idade, viu? Esse é o maior, o minidinamitron. Vale, meu Deus, me dá o bloco aí. Ah, é porque ele sabe do meu potencial, ele sabe que o dinamitron ele tem um poder a mais, aí eles querem eliminar logo quem? Os mais fortes, né? Os mais fracos querem eliminar os mais fortes, mas não funciona. Ó, temos ali um samurai ali verde, mas ele não é dinamitron. Como ele não é azul, ele não é... Vai, agora mete o porradão em alguém aí, mas tá muito pacífico, mano. Aí, é desse jeito, eu tenho que... Toma! Obrigado, dá um murro aí, ó. Tô... Assim? É! Eliminando pessoas. Ele é o dinamitron, ele elimina as pessoas.""",Avaliador_C,Avaliador_D
5,"Eu caí aqui em cima desse carro velho. Vem com o bumbum, tam, tam, vem com o bumbum, tam, tam, tam, mexe o bumbum, tam, tam. Tava rolando uma treta insana aqui em cima, eu falei, eu vou chegar e vou atropelar todo mundo que tá aqui em cima, só que tava meio complicado subir com esse carro velho aqui nessa montanha, mas consegui subir, agora a situação era como é que eu consegui colocar esse carro aqui em cima dessa escada, consegui colocar, eu prendi o carro, eu falei, ai meu Deus, volta mulher. Aí o cara tava trocando, tava trocando o tiro. Eu não tava de jeito nenhum conseguindo colocar esse carro velho aqui em cima, eu falei, vamos embora, viu que isso aqui é um sinal do Free Fire dizendo que eu vou morrer. Ai, ai, viu, vou pegar a moquinha aqui pra casa, vou aproveitar, dar uma trocadinha nesse carro velho, vou deixar o outro carro velho aqui também. É andar de carro velho, amor, nem vem, eu quero o carro raro, eu quero o ouro. Essa ponte é minha. Ai, a ponte tem... Ai, gente do céu, que perigo o Free Fire colocando um negócio desse pra tampar, pra tampar a ponte, gente, pelo amor de Deus, por que isso?",0.1208081915974617,0.8212857842445374,0.057906087487936,NEU,0.6106597185134888,0.0036051219794899,0.1187623143196106,0.0009364014840684,0.048468891531229,0.0283649023622274,0.2249747961759567,0.28425202,Amy Scarlet,Roblox,Joguei só com carro no Free Fire [1a1rlbnKheU],,GZ,GZ,GZ,"🎬 Canal: Amy Scarlet | 🎥 Vídeo: Joguei só com carro no Free Fire [1a1rlbnKheU]
⏱️ Segmento/Index: 5
🤖 Consenso de IA: GZ (Detoxify: 0.611 | Perspective: 0.284)
──────────────────────────────────────────────────
Fala transcrita:
""Eu caí aqui em cima desse carro velho. Vem com o bumbum, tam, tam, vem com o bumbum, tam, tam, tam, mexe o bumbum, tam, tam. Tava rolando uma treta insana aqui em cima, eu falei, eu vou chegar e vou atropelar todo mundo que tá aqui em cima, só que tava meio complicado subir com esse carro velho aqui nessa montanha, mas consegui subir, agora a situação era como é que eu consegui colocar esse carro aqui em cima dessa escada, consegui colocar, eu prendi o carro, eu falei, ai meu Deus, volta mulher. Aí o cara tava trocando, tava trocando o tiro. Eu não tava de jeito nenhum conseguindo colocar esse carro velho aqui em cima, eu falei, vamos embora, viu que isso aqui é um sinal do Free Fire dizendo que eu vou morrer. Ai, ai, viu, vou pegar a moquinha aqui pra casa, vou aproveitar, dar uma trocadinha nesse carro velho, vou deixar o outro carro velho aqui também. É andar de carro velho, amor, nem vem, eu quero o carro raro, eu quero o ouro. Essa ponte é minha. Ai, a ponte tem... Ai, gente do céu, que perigo o Free Fire colocando um negócio desse pra tampar, pra tampar a ponte, gente, pelo amor de Deus, por que isso?""",Avaliador_C,Avaliador_D
23,"Peguei ele, peguei ele. Cadê? Mano, eu escondei. Não me acham mais, impossível. Marcelo, eu te considerei meu amigo. Como é que você me traiu? Não é possível agora achar ele, gente. É impossível, fi, se eu não... Vocês deram muito tempo pra um ser desse se esconder, já era. Mas, assim, quem é fácil de pegar, a gente pega duas vezes, fi. Por isso que eu deixei você curtir um pouco o som da liberdade. Duda, eu tenho uma técnica de procura, F5 e vai. Deixa o F5 e sai procurando por tudo quanto é lá. O mais legal é que eu já sei onde é que o ponto está. Uai. Vamos pegar, vamos pegar, vai. E você não pegou eles ainda? Não, eu sei onde um está. Duda, espera aí. Opa, opa, telhadão, telhadão? É, lá mesmo, lá mesmo. Cadê tu, Rimaro? O que é teu está guardado. Fi, essa história de topão conheço bem. Rimaro... Olha, achei um fantasma aqui, velho. O Rimaro estava aí de cima atacando flecha. Está muito quieto. Como, Rimaro? Como assim, velho? Onde que ele está? Não sei, você é um fantasma, ninguém me vê, não.",0.4190435707569122,0.5365204811096191,0.0444359220564365,NEU,0.3331065475940704,0.0046961805783212,0.0441040098667144,0.0028492400888353,0.0535359382629394,0.0034877737052738,0.0049203182570636,0.24442963,AuthenticGames,Minecraft,ESCONDE-ESCONDE de FANTASMAS no MINECRAFT [hFFT6I7U64U],,GZ,GZ,GZ,"🎬 Canal: AuthenticGames | 🎥 Vídeo: ESCONDE-ESCONDE de FANTASMAS no MINECRAFT [hFFT6I7U64U]
⏱️ Segmento/Index: 23
🤖 Consenso de IA: GZ (Detoxify: 0.333 | Perspective: 0.244)
──────────────────────────────────────────────────
Fala transcrita:
""Peguei ele, peguei ele. Cadê? Mano, eu escondei. Não me acham mais, impossível. Marcelo, eu te considerei meu amigo. Como é que você me traiu? Não é possível agora achar ele, gente. É impossível, fi, se eu não... Vocês deram muito tempo pra um ser desse se esconder, já era. Mas, assim, quem é fácil de pegar, a gente pega duas vezes, fi. Por isso que eu deixei você curtir um pouco o som da liberdade. Duda, eu tenho uma técnica de procura, F5 e vai. Deixa o F5 e sai procurando por tudo quanto é lá. O mais legal é que eu já sei onde é que o ponto está. Uai. Vamos pegar, vamos pegar, vai. E você não pegou eles ainda? Não, eu sei onde um está. Duda, espera aí. Opa, opa, telhadão, telhadão? É, lá mesmo, lá mesmo. Cadê tu, Rimaro? O que é teu está guardado. Fi, essa história de topão conheço bem. Rimaro... Olha, achei um fantasma aqui, velho. O Rimaro estava aí de cima atacando flecha. Está muito quieto. Como, Rimaro? Como assim, velho? Onde que ele está? Não sei, você é um fantasma, ninguém me vê, não.""",Avaliador_C,Avaliador_D
19,"A trapdoor, olha isso. A casa inteira dele foi trocada por trapdoor. E ele tá me espionando não? Ah, ele fez só uma casinha. Uma mini casinha. Eu preciso fingir que eu tô na casinha. Ah, o que é isso? A minha casa virou... Esses locos de alzapão. Mas tá, entrei aqui na casinha e eu vou ficar me mostrando bastante pra ele me ver. Eu tô aqui na casinha. Cadê o Cadres? Cadê o Cadres? Será que foi o Cadres? Ah, você tá aí Cadres? Oi, to aqui, to aqui. Para de espiar a minha casa. Ah, tá bom, vou ficar olhando pra trás. E eu acho que o server tá bugado de novo que os tijolos sumiram. Eu acho que você tá ficando meio louco, Otus. Ficando louco nada, tudo isso sou eu. E agora eu vou entrar no espectador de novo. E vou continuar trollando essa casa. Ficando maluco. E sabe o que eu tô começando a achar? Que é o Cadres que tá me trollando. Vamos pegar posição dois e vamos trocar. O alzapão por tijolos. Assim. Boa, agora a minha casa voltou pra posição normal dela. Eu até vou copiar porque vai que alguma coisa acontece. E a próxima coisa que eu vou fazer vai ser trocar esse telhado dele por observador.",0.6603610515594482,0.3122621476650238,0.0273767635226249,NEG,0.2890141010284424,0.0038709386717528,0.0350834131240844,0.005105831194669,0.074549987912178,0.0040486734360456,0.0014912573387846,0.32236105,Cadres,Minecraft,MANSÃO de R1 vs MANSÃO de R1.000.00000 no Minecraft [ShDYg0jAb-A],,GZ,GZ,GZ,"🎬 Canal: Cadres | 🎥 Vídeo: MANSÃO de R1 vs MANSÃO de R1.000.00000 no Minecraft [ShDYg0jAb-A]
⏱️ Segmento/Index: 19
🤖 Consenso de IA: GZ (Detoxify: 0.289 | Perspective: 0.322)
──────────────────────────────────────────────────
Fala transcrita:
""A trapdoor, olha isso. A casa inteira dele foi trocada por trapdoor. E ele tá me espionando não? Ah, ele fez só uma casinha. Uma mini casinha. Eu preciso fingir que eu tô na casinha. Ah, o que é isso? A minha casa virou... Esses locos de alzapão. Mas tá, entrei aqui na casinha e eu vou ficar me mostrando bastante pra ele me ver. Eu tô aqui na casinha. Cadê o Cadres? Cadê o Cadres? Será que foi o Cadres? Ah, você tá aí Cadres? Oi, to aqui, to aqui. Para de espiar a minha casa. Ah, tá bom, vou ficar olhando pra trás. E eu acho que o server tá bugado de novo que os tijolos sumiram. Eu acho que você tá ficando meio louco, Otus. Ficando louco nada, tudo isso sou eu. E agora eu vou entrar no espectador de novo. E vou continuar trollando essa casa. Ficando maluco. E sabe o que eu tô começando a achar? Que é o Cadres que tá me trollando. Vamos pegar posição dois e vamos trocar. O alzapão por tijolos. Assim. Boa, agora a minha casa voltou pra posição normal dela. Eu até vou copiar porque vai que alguma coisa acontece. E a próxima coisa que eu vou fazer vai ser trocar esse telhado dele por observador.""",Avaliador_C,Avaliador_D
11,"É quebrado! Cadê o moço? Mandinha, arruma a água, tá quebrada, Mandinha. Rá um encadamento. Eu tampo, eu tampo, eu tampo, eu tampo, eu tampo, eu tampo, eu tampo. Aqui, aqui, ó. Vem na piscina. Você tá na piscininha? Sim! Olha, tá todo mundo na piscininha. Aqui tem jacaré. Mentira que não tem jacaré não, Nath, não tem não. Tem jacaré sim aqui. Olha, Mandinha, esse é o lugar mais legal, né? O sofazinho. Não, o mais legal. O mais legal é a vassoura, é isso assim. Não, a vassoura é melhor. Eu sou uma bruxa. O que eu estou tentando fazer é dizer que eu te amo. E todas as coisas que você faz Sofaz como um foco, quando você toque a minha mão As palavras se esforçam, o que eu estou tentando fazer é dizer que eu te amo.",0.2253053933382034,0.7127286195755005,0.0619659386575222,NEU,0.2004276663064956,0.0021675734315067,0.0356663465499877,0.0024957505520433,0.0251542050391435,0.0021964493207633,0.0096116485074162,0.25084448,Lokis,Roblox,VIAGEM NO TREM MALUCO  Roblox [nleS0v6DuOs],,GZ,GZ,GZ,"🎬 Canal: Lokis | 🎥 Vídeo: VIAGEM NO TREM MALUCO  Roblox [nleS0v6DuOs]
⏱️ Segmento/Index: 11
🤖 Consenso de IA: GZ (Detoxify: 0.2 | Perspective: 0.251)
──────────────────────────────────────────────────
Fala transcrita:
""É quebrado! Cadê o moço? Mandinha, arruma a água, tá quebrada, Mandinha. Rá um encadamento. Eu tampo, eu tampo, eu tampo, eu tampo, eu tampo, eu tampo, eu tampo. Aqui, aqui, ó. Vem na piscina. Você tá na piscininha? Sim! Olha, tá todo mundo na piscininha. Aqui tem jacaré. Mentira que não tem jacaré não, Nath, não tem não. Tem jacaré sim aqui. Olha, Mandinha, esse é o lugar mais legal, né? O sofazinho. Não, o mais legal. O mais legal é a vassoura, é isso assim. Não, a vassoura é melhor. Eu sou uma bruxa. O que eu estou tentando fazer é dizer que eu te amo. E todas as coisas que você faz Sofaz como um foco, quando você toque a minha mão As palavras se esforçam, o que eu estou tentando fazer é dizer que eu te amo.""",Avaliador_C,Avaliador_D
1,"Não precisa ficar bravo se perder, hein Porque ó, eu não queria falar da Ana, não se sabia, mas o Mcfly, ele é muito atrapalhado nos volantes assim, ele é péssimo, ele quer correr de ré Ele vai sair batendo em tudo né É, ele anda de ré com o carro e tudo torto Não tem problema não, porque eu também sou assim Então acho que vocês vão sentindo aí, der bastante aí Mas ó, antes de começar a escolher que os nossos carrinhos que tem muitas opções e também escolher a nossa pista de corrida Eu quero que todo mundo que esteja assistindo essa aventura do outro lado da telinha Clique no botão de gostei, acelera o like, se inscrevam e ativem o sininho de notificações pra receber todos os vídeos novos É isso aí gente, então Sazinha, eu quero que você escolha aí o seu carrinho, hein, qual que você vai escolher pra correr Pera aí, primeiro antes eu preciso mostrar aqui a minha dancinha da vitória, ó, ó, ó Uou, que chique, que dancinha da hora Eu também tenho essa aqui ó, que bate palma porque eu vou ganhar Não vai, não vai Eu quero esse carrinho aqui de patinho, ó, ele é muito fofo É, esse aí é legal, gostei, gostei, espero que ele seja lento pra mim poder ganhar em primeiro Coitado Vocês dois estão brigando, mas quem vai ganhar sou eu na verdade, vou com esse daqui O azulzinho é, combinou com a sua roupa, tem ali a listrinha, né, e tal",0.8989489078521729,0.0678253248333931,0.0332257635891437,NEG,0.4666530191898346,0.0067076263949275,0.0670008361339569,0.0049087633378803,0.0615654066205024,0.0046291379258036,0.0112279634922742,0.37073207,JP Plays,Minecraft,CORRIDA DAS ARMADILHAS COM A SAAHZINHA NO MINECRAFT [TUAjTJinNPw],,GZ,GZ,GZ,"🎬 Canal: JP Plays | 🎥 Vídeo: CORRIDA DAS ARMADILHAS COM A SAAHZINHA NO MINECRAFT [TUAjTJinNPw]
⏱️ Segmento/Index: 1
🤖 Consenso de IA: GZ (Detoxify: 0.467 | Perspective: 0.371)
──────────────────────────────────────────────────
Fala transcrita:
""Não precisa ficar bravo se perder, hein Porque ó, eu não queria falar da Ana, não se sabia, mas o Mcfly, ele é muito atrapalhado nos volantes assim, ele é péssimo, ele quer correr de ré Ele vai sair batendo em tudo né É, ele anda de ré com o carro e tudo torto Não tem problema não, porque eu também sou assim Então acho que vocês vão sentindo aí, der bastante aí Mas ó, antes de começar a escolher que os nossos carrinhos que tem muitas opções e também escolher a nossa pista de corrida Eu quero que todo mundo que esteja assistindo essa aventura do outro lado da telinha Clique no botão de gostei, acelera o like, se inscrevam e ativem o sininho de notificações pra receber todos os vídeos novos É isso aí gente, então Sazinha, eu quero que você escolha aí o seu carrinho, hein, qual que você vai escolher pra correr Pera aí, primeiro antes eu preciso mostrar aqui a minha dancinha da vitória, ó, ó, ó Uou, que chique, que dancinha da hora Eu também tenho essa aqui ó, que bate palma porque eu vou ganhar Não vai, não vai Eu quero esse carrinho aqui de patinho, ó, ele é muito fofo É, esse aí é legal, gostei, gostei, espero que ele seja lento pra mim poder ganhar em primeiro Coitado Vocês dois estão brigando, mas quem vai ganhar sou eu na verdade, vou com esse daqui O azulzinho é, combinou com a sua roupa, tem ali a listrinha, né, e tal""",Avaliador_C,Avaliador_D
5,"Não faz sentido pra mim isso aí, velho. Não faz sentido pra mim isso aí, velho. Meu Deus. Meu Deus! Parece aquele bichinho do pica-paula que faz... Parece aquele bichinho do pica-paula que faz... Não sei se vocês sabem. Nossa! Nossa! Meu Deus, velho! Meu Deus, velho! Eles foram um monte de Golem gigante. Eles foram um monte de Golem gigante. Isso é realmente louco. Ele é um pouco pequeno. O que você quer dizer que ele é pequeno? Ele está vindo. Meu Deus! Não! Não! Isso é tão estúpido. O que? Um Golem matou outro Golem? Uau! O que está acontecendo aqui? É um garoto pequeno! Olha o garoto pequeno!",0.5729120969772339,0.3715578615665436,0.0555300526320934,NEG,0.8385756015777588,0.0004517141205724,0.0225498173385858,0.0007049610139802,0.7004366517066956,0.000490438833367,0.0009393771761097,0.47119883,Geleia,Minecraft,Minecraft mas QUEBRARAM o JOGO [qpUF1apFDf8],,T,T,T,"🎬 Canal: Geleia | 🎥 Vídeo: Minecraft mas QUEBRARAM o JOGO [qpUF1apFDf8]
⏱️ Segmento/Index: 5
🤖 Consenso de IA: T (Detoxify: 0.839 | Perspective: 0.471)
──────────────────────────────────────────────────
Fala transcrita:
""Não faz sentido pra mim isso aí, velho. Não faz sentido pra mim isso aí, velho. Meu Deus. Meu Deus! Parece aquele bichinho do pica-paula que faz... Parece aquele bichinho do pica-paula que faz... Não sei se vocês sabem. Nossa! Nossa! Meu Deus, velho! Meu Deus, velho! Eles foram um monte de Golem gigante. Eles foram um monte de Golem gigante. Isso é realmente louco. Ele é um pouco pequeno. O que você quer dizer que ele é pequeno? Ele está vindo. Meu Deus! Não! Não! Isso é tão estúpido. O que? Um Golem matou outro Golem? Uau! O que está acontecendo aqui? É um garoto pequeno! Olha o garoto pequeno!""",Avaliador_C,Avaliador_D
27,"nono purpose Tu tá assim porque tu não ganhou uma coroa ainda né? É cara, é cara, o jogo é muito bom cara, mas é porque eu não ganhei uma coroa, como é que pode? Eu acabo querendo uma coroa, ô! Cara, só tem mais uma forma de tu conseguir uma coroa, tá ligado? Tu quer tentar ganhar essa coroa? Vai, vai, tá bom. Sei que eu não vou ganhar mesmo. Vai pronto, entrei no jogo aqui. Vai, qual é teu plano dessa vez? Ó, já joguei normal, já joguei torneio, tem que ser um parado diferente. Mas eu tenho um plano aqui, tá ligado? É o seguinte, ó, eu tô jogando no emulador, aí quando eu entro no emulador, tá ligado? Eu crio uma sala e só vem o boot quando eu aperto espaço bem rapidão. Quer dizer, entro uns play aqui, acular, tá ligado? Mas é bem pouquinho, pô, dá pra ganhar de boa. Não, é essa ideia aí foi diferente das outras, pode ser que dê certo, né? Não, mas peraí, peraí, eu não fiz uma coroa ainda não, mas eu tenho que pegar um skin de graça, tá ligado? Que nós que é mobile, toda a vida nós vemos um anúncio que é um skin de graça, né? Peraí, peraí, bem gerinho. Que abundância, meu irmão! Assim você vai matar o papai.",0.200950488448143,0.6985129117965698,0.1005366146564483,NEU,0.6269955039024353,0.0079761687666177,0.0468071587383747,0.0051963590085506,0.0501635149121284,0.0373949371278286,0.0241240169852972,0.34328604,meu nome é david,Roblox,STUMBLE GUYS NA VIDA REAL O FILME - SUPER COMPILADO [KjRhJUTatR4],,GZ,GZ,GZ,"🎬 Canal: meu nome é david | 🎥 Vídeo: STUMBLE GUYS NA VIDA REAL O FILME - SUPER COMPILADO [KjRhJUTatR4]
⏱️ Segmento/Index: 27
🤖 Consenso de IA: GZ (Detoxify: 0.627 | Perspective: 0.343)
──────────────────────────────────────────────────
Fala transcrita:
""nono purpose Tu tá assim porque tu não ganhou uma coroa ainda né? É cara, é cara, o jogo é muito bom cara, mas é porque eu não ganhei uma coroa, como é que pode? Eu acabo querendo uma coroa, ô! Cara, só tem mais uma forma de tu conseguir uma coroa, tá ligado? Tu quer tentar ganhar essa coroa? Vai, vai, tá bom. Sei que eu não vou ganhar mesmo. Vai pronto, entrei no jogo aqui. Vai, qual é teu plano dessa vez? Ó, já joguei normal, já joguei torneio, tem que ser um parado diferente. Mas eu tenho um plano aqui, tá ligado? É o seguinte, ó, eu tô jogando no emulador, aí quando eu entro no emulador, tá ligado? Eu crio uma sala e só vem o boot quando eu aperto espaço bem rapidão. Quer dizer, entro uns play aqui, acular, tá ligado? Mas é bem pouquinho, pô, dá pra ganhar de boa. Não, é essa ideia aí foi diferente das outras, pode ser que dê certo, né? Não, mas peraí, peraí, eu não fiz uma coroa ainda não, mas eu tenho que pegar um skin de graça, tá ligado? Que nós que é mobile, toda a vida nós vemos um anúncio que é um skin de graça, né? Peraí, peraí, bem gerinho. Que abundância, meu irmão! Assim você vai matar o papai.""",Avaliador_C,Avaliador_D
4,"Sabia que se os caras usarem o cupom, o meu nome é dele Vai ter sempre 10% de desconto, independentemente da compra É verdade Galera e agora a gente vai vestir pra vocês verem como eles ficam vestidos A vida eu só matei, bitch, ai Chegando nas área pega logo o celular O negócio vai esquentar, boto flipas pra rodar Aqui nós não é bodybuild, é só zoeira sem limite Com a gente não implique no trap Nós tá no pique, não replique Só clique, assisto o crescimento Postando a cada tempo um vídeo do momento Voltando no tempo Tem vídeo que eu não aguento, nós era ruim pra caralho Mas ainda bem que melhorou né Só falo verdade, eu sei que esses noobs não tem coragem De jogar o rushadão, eles não tem habilidade É muito ela dainha É muito ela dainha Picoinha, só acho o Zé modinha No games é guaritinha Vou dar um toque, sem neurose Nossa gangue por nós toque devagarinho Nós explode, na mid É só hip hop, tem que ser forte Não é só sorte, vai pensando que gravar vídeo é brincadeira Agradecimento a todo momento Mas também eu só lamento Quem não quer ver nosso crescimento Nós tá tipo papalégua, sem cego Correndo e produzindo e os coyotes",0.0854133442044258,0.7985865473747253,0.1160001158714294,NEU,0.6631022095680237,0.0049936650320887,0.0761269778013229,0.0037290621548891,0.0539065450429916,0.0028354967944324,0.019728735089302,0.37751234,meu nome é david,Roblox,INCUBADORA DOS DINOS DO FREE FIRE NA VIDA REAL [tn4spbpHT_A],,GZ,GZ,GZ,"🎬 Canal: meu nome é david | 🎥 Vídeo: INCUBADORA DOS DINOS DO FREE FIRE NA VIDA REAL [tn4spbpHT_A]
⏱️ Segmento/Index: 4
🤖 Consenso de IA: GZ (Detoxify: 0.663 | Perspective: 0.378)
──────────────────────────────────────────────────
Fala transcrita:
""Sabia que se os caras usarem o cupom, o meu nome é dele Vai ter sempre 10% de desconto, independentemente da compra É verdade Galera e agora a gente vai vestir pra vocês verem como eles ficam vestidos A vida eu só matei, bitch, ai Chegando nas área pega logo o celular O negócio vai esquentar, boto flipas pra rodar Aqui nós não é bodybuild, é só zoeira sem limite Com a gente não implique no trap Nós tá no pique, não replique Só clique, assisto o crescimento Postando a cada tempo um vídeo do momento Voltando no tempo Tem vídeo que eu não aguento, nós era ruim pra caralho Mas ainda bem que melhorou né Só falo verdade, eu sei que esses noobs não tem coragem De jogar o rushadão, eles não tem habilidade É muito ela dainha É muito ela dainha Picoinha, só acho o Zé modinha No games é guaritinha Vou dar um toque, sem neurose Nossa gangue por nós toque devagarinho Nós explode, na mid É só hip hop, tem que ser forte Não é só sorte, vai pensando que gravar vídeo é brincadeira Agradecimento a todo momento Mas também eu só lamento Quem não quer ver nosso crescimento Nós tá tipo papalégua, sem cego Correndo e produzindo e os coyotes""",Avaliador_C,Avaliador_D
49,"Eu vou chegando Na moral Ah, eu peguei um look bowl aqui, hein, Pok Tá valendo, tá valendo Tá valendo Tá valendo usar Look bowl, Pok? Então o look bowl quando ele solta fogo, crash Mas é bem difícil soltar fogo, é isso que você sabe Pokão, eu quero explodir vocês, mano De verdade, Pok, eu quero explodir vocês Com fogo e com pit Olha, o Slime pulou pra fora Meu Deus, tem um coelho assassino aqui, mano Ai, não me fiquem Mano, o coelho tá na sua puta Morre, coelho Explodiu tudo ali, mano O coelho tá doido Não, não é possível, se o coelho não morreu agora eu não sei Olha Olha A trilha do Tulio tem um monte de bloco aí, hein Aonde? Aonde?",0.2043210119009018,0.4746931791305542,0.3209857940673828,NEU,0.8888915181159973,0.0172793623059988,0.0693468004465103,0.0063528432510793,0.0507264621555805,0.0282044615596532,0.0237777139991521,0.5559701,AuthenticGames,Minecraft,A MAIOR CORRIDA DE LUCKY BLOCK DO MINECRAFT [3gJWsj4Jb8c],,T,T,T,"🎬 Canal: AuthenticGames | 🎥 Vídeo: A MAIOR CORRIDA DE LUCKY BLOCK DO MINECRAFT [3gJWsj4Jb8c]
⏱️ Segmento/Index: 49
🤖 Consenso de IA: T (Detoxify: 0.889 | Perspective: 0.556)
──────────────────────────────────────────────────
Fala transcrita:
""Eu vou chegando Na moral Ah, eu peguei um look bowl aqui, hein, Pok Tá valendo, tá valendo Tá valendo Tá valendo usar Look bowl, Pok? Então o look bowl quando ele solta fogo, crash Mas é bem difícil soltar fogo, é isso que você sabe Pokão, eu quero explodir vocês, mano De verdade, Pok, eu quero explodir vocês Com fogo e com pit Olha, o Slime pulou pra fora Meu Deus, tem um coelho assassino aqui, mano Ai, não me fiquem Mano, o coelho tá na sua puta Morre, coelho Explodiu tudo ali, mano O coelho tá doido Não, não é possível, se o coelho não morreu agora eu não sei Olha Olha A trilha do Tulio tem um monte de bloco aí, hein Aonde? Aonde?""",Avaliador_C,Avaliador_D
2,"certeza que vai vindo Ah, abriu uma porta pra mim Olha que massa Ô Ju, aqui ó, passa pelo meio Só não encostar no cinza Ah, tá, tá, tá, tá, tá, tá Por isso Ok, girei Vai, vai, vai, tô te esperando Abriu, olha que bem feito galera Uh Tô indo mãe Tô esperando, cuidado Nossa Ah, eu achei que ia aparecer, mas não apareceu Tá, e agora? Lá embaixo Ah, a gente tem que ir pra baixo de novo Ah Mata, mata, mata ele Tá, tá, tá, tá Olha, se matar o carinha você sobe de level Sério? Aham, que legal Eu tô no level zero Ah, você não matou ele Ai, morri Você tinha que ter matado ele Será que eu perco a espada? Não, não perde Se eu perder... olha Beleza, não perdi Uh, só vai Ah Onde você tá? Tô aqui Aqui é onde?",0.1043495535850524,0.7124149799346924,0.1832355111837387,NEU,0.8904246687889099,0.01305434666574,0.050482653081417,0.0046453834511339,0.05173110216856,0.0666726678609848,0.0203357487916946,0.4014846,Julia MineGirl,Roblox,Roblox - O ROUBO MAIS DIFÍCIL Castle Heist Adventure [njRpQ7CvBqE],,T,T,T,"🎬 Canal: Julia MineGirl | 🎥 Vídeo: Roblox - O ROUBO MAIS DIFÍCIL Castle Heist Adventure [njRpQ7CvBqE]
⏱️ Segmento/Index: 2
🤖 Consenso de IA: T (Detoxify: 0.89 | Perspective: 0.401)
──────────────────────────────────────────────────
Fala transcrita:
""certeza que vai vindo Ah, abriu uma porta pra mim Olha que massa Ô Ju, aqui ó, passa pelo meio Só não encostar no cinza Ah, tá, tá, tá, tá, tá, tá Por isso Ok, girei Vai, vai, vai, tô te esperando Abriu, olha que bem feito galera Uh Tô indo mãe Tô esperando, cuidado Nossa Ah, eu achei que ia aparecer, mas não apareceu Tá, e agora? Lá embaixo Ah, a gente tem que ir pra baixo de novo Ah Mata, mata, mata ele Tá, tá, tá, tá Olha, se matar o carinha você sobe de level Sério? Aham, que legal Eu tô no level zero Ah, você não matou ele Ai, morri Você tinha que ter matado ele Será que eu perco a espada? Não, não perde Se eu perder... olha Beleza, não perdi Uh, só vai Ah Onde você tá? Tô aqui Aqui é onde?""",Avaliador_C,Avaliador_D
4,"O dia que ela colocou na minha comida, né Miauzinha? Olha só a Miauzinha trolladora! Eu nunca colei na prova da escola! Olha lá, gente! Eu só tenho orgulho de falar que eu nunca! Eu nunca colei na prova da escola! Eu nunca colei! Eu nunca colei! Eu nunca colei! Eu nunca colei! Nunca! Já colou sim! Eu nunca tive uma experiência paranormal! Ai sim! A gente já foi em vários mapas de terror aqui no Roblox! Eu já tive também! Agora mesmo tem um anjo do meu lado! Do seu lado? Tá doido? Tem nada aqui não! Ai que medo! Eu nunca tive um pet! Eu sou o pet! Então tecnicamente não, né? Porque eu sou o pet! Eu já tive um pet! O meu pet é a Miauzinha!",0.0925547555088996,0.7185759544372559,0.1888692528009414,NEU,0.3350270092487335,0.0004506610857788,0.0314618274569511,0.0020502174738794,0.1232698634266853,0.0009129903046414,0.0024772142060101,0.3827457,Papile,Roblox,EU NUNCA no ROBLOX...  PAPILE e MIAUZINHA Never have I ever [qKuzcPHL79U],,GZ,GZ,GZ,"🎬 Canal: Papile | 🎥 Vídeo: EU NUNCA no ROBLOX...  PAPILE e MIAUZINHA Never have I ever [qKuzcPHL79U]
⏱️ Segmento/Index: 4
🤖 Consenso de IA: GZ (Detoxify: 0.335 | Perspective: 0.383)
──────────────────────────────────────────────────
Fala transcrita:
""O dia que ela colocou na minha comida, né Miauzinha? Olha só a Miauzinha trolladora! Eu nunca colei na prova da escola! Olha lá, gente! Eu só tenho orgulho de falar que eu nunca! Eu nunca colei na prova da escola! Eu nunca colei! Eu nunca colei! Eu nunca colei! Eu nunca colei! Nunca! Já colou sim! Eu nunca tive uma experiência paranormal! Ai sim! A gente já foi em vários mapas de terror aqui no Roblox! Eu já tive também! Agora mesmo tem um anjo do meu lado! Do seu lado? Tá doido? Tem nada aqui não! Ai que medo! Eu nunca tive um pet! Eu sou o pet! Então tecnicamente não, né? Porque eu sou o pet! Eu já tive um pet! O meu pet é a Miauzinha!""",Avaliador_C,Avaliador_D
5,"tirou metade da minha vida, eu fiquei super assustada aí eu saí correndo, atirei o CR7, saí correndo nele, correndo atrás de mim aí eu consegui pegar a tirolesa, achando que ele ia me deixar em paz e não é que ele veio atrás, gente o cara tava vindo atrás de mim, eu fiquei super assustada eu não sabia mais o que fazer, porque ele tava me perseguindo, ele queria me matar a única coisa que ele queria nessa vida era me matar e eu não queria morrer, porque tinha acabado de começar a salinha, gente ele correndo atrás de mim, eu fui e consegui voltar aí eu falei, agora vai me deixar em paz, não é que ele veio aqui por baixo de mim, me seguindo e eu desesperada, com medo de morrer e ele me seguindo, eu fiquei muito desesperada, eu não sabia o que fazer, gente eu não tava sabendo o que fazer eu não sabia se eu continuava lá na tirolesa, se eu saía correndo, eu peguei a tirolesa de novo voltei, ele quase me matou e tava ele descendo de novo um boto, tentando me matar, correndo atrás de mim e eu super assustada, com medo esse maluco não parava de me seguir, eu assustada, voltei quando eu cheguei aqui perto ele conseguiu me pegar, me deu uma espada, eu quase morri, tropa",0.6874743103981018,0.1863114535808563,0.126214250922203,NEG,0.7595537304878235,0.0024218847975134,0.0209701918065547,0.0018808122258633,0.0542517751455307,0.1541132181882858,0.0030350205488502,0.3367073,Amy Scarlet,Roblox,SÓ PODIA ARMA BRANCA e OLHA NO QUE DEU [5Ipk-KnF1Ms],,GZ,GZ,GZ,"🎬 Canal: Amy Scarlet | 🎥 Vídeo: SÓ PODIA ARMA BRANCA e OLHA NO QUE DEU [5Ipk-KnF1Ms]
⏱️ Segmento/Index: 5
🤖 Consenso de IA: GZ (Detoxify: 0.76 | Perspective: 0.337)
──────────────────────────────────────────────────
Fala transcrita:
""tirou metade da minha vida, eu fiquei super assustada aí eu saí correndo, atirei o CR7, saí correndo nele, correndo atrás de mim aí eu consegui pegar a tirolesa, achando que ele ia me deixar em paz e não é que ele veio atrás, gente o cara tava vindo atrás de mim, eu fiquei super assustada eu não sabia mais o que fazer, porque ele tava me perseguindo, ele queria me matar a única coisa que ele queria nessa vida era me matar e eu não queria morrer, porque tinha acabado de começar a salinha, gente ele correndo atrás de mim, eu fui e consegui voltar aí eu falei, agora vai me deixar em paz, não é que ele veio aqui por baixo de mim, me seguindo e eu desesperada, com medo de morrer e ele me seguindo, eu fiquei muito desesperada, eu não sabia o que fazer, gente eu não tava sabendo o que fazer eu não sabia se eu continuava lá na tirolesa, se eu saía correndo, eu peguei a tirolesa de novo voltei, ele quase me matou e tava ele descendo de novo um boto, tentando me matar, correndo atrás de mim e eu super assustada, com medo esse maluco não parava de me seguir, eu assustada, voltei quando eu cheguei aqui perto ele conseguiu me pegar, me deu uma espada, eu quase morri, tropa""",Avaliador_C,Avaliador_D
13,"Vamos ver quem durar mais tempo parado ganha! Sim, eu tenho que fazer um serviço aqui, já volto! Ah, então tá bom, eu também tenho que fazer um nessa sala aí, Robin! É, vai lá, vai lá então, Beto! Então tá, tô indo, hein! Tô indo, hein! Eu sei, eu sei, eu sei, pode ir! Tô terminando, calma aí! Hahahaha, não, não, não! Eu não suporto mais! E aí, ô Robin, deixa eu terminar o serviço! Eu não aguento mais, eu quero te dar uma retada, cara! Vai, agora tô terminando de hackear aqui, por favor! Ô Robin, dá um tempo, cara! Toma uma retada! Toma uma retada! Uéééé! Eu ouviu o pote de luz na mão só agora! Ah, eu não acredito nisso, eu não acredito, não vou aguentar não! Vamos lá, pessoal! Cadê vocês, saquinha do computador? Só tem você e mais um! Nossa, eu já tô ficando triste! Sai, bicho feio! Hahahaha! Hihi! Que isso! Eu tô super bugado, me larga! Me solta, me solta!",0.1573200821876526,0.7805900573730469,0.0620898529887199,NEU,0.9040266871452332,0.0120552899315953,0.0609924159944057,0.0072348597459495,0.0589803904294967,0.011832071468234,0.0520215965807437,0.4014846,Robin Hood Gamer,Minecraft,COMPREI O MARRETÃO LENDÁRIO DO ROBLOX Captive [jyuWCrkq3x8],,T,T,T,"🎬 Canal: Robin Hood Gamer | 🎥 Vídeo: COMPREI O MARRETÃO LENDÁRIO DO ROBLOX Captive [jyuWCrkq3x8]
⏱️ Segmento/Index: 13
🤖 Consenso de IA: T (Detoxify: 0.904 | Perspective: 0.401)
──────────────────────────────────────────────────
Fala transcrita:
""Vamos ver quem durar mais tempo parado ganha! Sim, eu tenho que fazer um serviço aqui, já volto! Ah, então tá bom, eu também tenho que fazer um nessa sala aí, Robin! É, vai lá, vai lá então, Beto! Então tá, tô indo, hein! Tô indo, hein! Eu sei, eu sei, eu sei, pode ir! Tô terminando, calma aí! Hahahaha, não, não, não! Eu não suporto mais! E aí, ô Robin, deixa eu terminar o serviço! Eu não aguento mais, eu quero te dar uma retada, cara! Vai, agora tô terminando de hackear aqui, por favor! Ô Robin, dá um tempo, cara! Toma uma retada! Toma uma retada! Uéééé! Eu ouviu o pote de luz na mão só agora! Ah, eu não acredito nisso, eu não acredito, não vou aguentar não! Vamos lá, pessoal! Cadê vocês, saquinha do computador? Só tem você e mais um! Nossa, eu já tô ficando triste! Sai, bicho feio! Hahahaha! Hihi! Que isso! Eu tô super bugado, me larga! Me solta, me solta!""",Avaliador_C,Avaliador_D
9,"Ele cava um mini buraco né no seu mundo aí e ainda dropa todos os itens cara Isso é surreal mano, surreal mesmo velho Mas vou voltar lá para os meus itens queimando que eu quero fazer minha armadura e logo logo eu quero fazer o feitiço do Iter Tá, eu tô voltando aqui mas tá cheio de bicho mano Vou botar meu escudo, cadê meu escudo? Cara, eu não tinha feito escudo? Eu juro que eu tinha feito escudo mano Alô? Será que eu guardei? Mano, que estranho Eu tinha feito escudo, tava na minha mão, eu fiz antes ele, eu gastei meu ferro e tal Opa E se esse Creeper aqui explodisse? Nossa, olha o tamanho do buraco mano Que loucura, só deixa eu encontrar meus itens ta aqui Aí ó, é útil pra caramba mano, tá louco, tá louco Oh, olha o buraco que causou ali véi Será que ela dá dano? Não, não dá muito dano mano Mas ok véi, eu ainda vou fazer a espada do Herald Brine, ok?",0.6431303024291992,0.2982372939586639,0.0586323775351047,NEG,0.7312983870506287,0.0091456873342394,0.0559888333082199,0.0063558113761246,0.0540813133120536,0.009394071996212,0.0200225189328193,0.22980402,Geleia,Minecraft,sobrevivi como o HEROBRINE no minecraft mas todos os DIAS eu ganho um NOVO PODER [2swVTKyDuO0],,GZ,GZ,GZ,"🎬 Canal: Geleia | 🎥 Vídeo: sobrevivi como o HEROBRINE no minecraft mas todos os DIAS eu ganho um NOVO PODER [2swVTKyDuO0]
⏱️ Segmento/Index: 9
🤖 Consenso de IA: GZ (Detoxify: 0.731 | Perspective: 0.23)
──────────────────────────────────────────────────
Fala transcrita:
""Ele cava um mini buraco né no seu mundo aí e ainda dropa todos os itens cara Isso é surreal mano, surreal mesmo velho Mas vou voltar lá para os meus itens queimando que eu quero fazer minha armadura e logo logo eu quero fazer o feitiço do Iter Tá, eu tô voltando aqui mas tá cheio de bicho mano Vou botar meu escudo, cadê meu escudo? Cara, eu não tinha feito escudo? Eu juro que eu tinha feito escudo mano Alô? Será que eu guardei? Mano, que estranho Eu tinha feito escudo, tava na minha mão, eu fiz antes ele, eu gastei meu ferro e tal Opa E se esse Creeper aqui explodisse? Nossa, olha o tamanho do buraco mano Que loucura, só deixa eu encontrar meus itens ta aqui Aí ó, é útil pra caramba mano, tá louco, tá louco Oh, olha o buraco que causou ali véi Será que ela dá dano? Não, não dá muito dano mano Mas ok véi, eu ainda vou fazer a espada do Herald Brine, ok?""",Avaliador_C,Avaliador_D
6,"Você tá vendo que tem um balão do witch, uma impressão minha, mami? Sabe o que tinha coisa? Sei, mas acho que não é! Alguém que veio visitar uma criança esqueceu aquilo, Luca! Tem certeza, mami? Tem, Luca! Eu tô achando que é o... Ai, você tá impressionada, Luca! Olha, eu pisei no negocinho verde e não aconteceu nada! Sério? Que doideira! Será que é defeito? Será que é defeito? Será, gente, do jogo, assim, né? Um bug, eu acho que foi um bug! Tá, agora ele falou que pra ter certeza que você não vai cair, então tipo, Tenha certeza que você não vai cair aqui, certo? Mas será que o barril afunda? Não, ele só falou que é pra gente não cair mesmo! Agora aqui, ó, tem que vir aqui pelo meinho, tudo, tudo, tudo, tudo, tudo! E aqui, gente, porque... Ah, aqui não dá pra ir, olha só! E a gente tá no esgoto, é isso? Agora vamos sair dele, né? Ainda bem, né, gente? Você tava sentindo esse pedozinho aqui, mami? Um cheirinho! Você que fez o lago, topou?",0.4945404529571533,0.4643508791923523,0.0411086343228817,NEG,0.279628723859787,0.0014042697148397,0.0636151656508445,0.001606112695299,0.0278508514165878,0.0012951473472639,0.0064061908051371,0.31132057,Luluca Games,Roblox,Roblox - FUGINDO DO MÉDICO MALUCO Escape Hospital Obby  Luluca Games [UeR7H-jeMFw],0.4945406317710876,GZ,GZ,GZ,"🎬 Canal: Luluca Games | 🎥 Vídeo: Roblox - FUGINDO DO MÉDICO MALUCO Escape Hospital Obby  Luluca Games [UeR7H-jeMFw]
⏱️ Segmento/Index: 6
🤖 Consenso de IA: GZ (Detoxify: 0.28 | Perspective: 0.311)
──────────────────────────────────────────────────
Fala transcrita:
""Você tá vendo que tem um balão do witch, uma impressão minha, mami? Sabe o que tinha coisa? Sei, mas acho que não é! Alguém que veio visitar uma criança esqueceu aquilo, Luca! Tem certeza, mami? Tem, Luca! Eu tô achando que é o... Ai, você tá impressionada, Luca! Olha, eu pisei no negocinho verde e não aconteceu nada! Sério? Que doideira! Será que é defeito? Será que é defeito? Será, gente, do jogo, assim, né? Um bug, eu acho que foi um bug! Tá, agora ele falou que pra ter certeza que você não vai cair, então tipo, Tenha certeza que você não vai cair aqui, certo? Mas será que o barril afunda? Não, ele só falou que é pra gente não cair mesmo! Agora aqui, ó, tem que vir aqui pelo meinho, tudo, tudo, tudo, tudo, tudo! E aqui, gente, porque... Ah, aqui não dá pra ir, olha só! E a gente tá no esgoto, é isso? Agora vamos sair dele, né? Ainda bem, né, gente? Você tava sentindo esse pedozinho aqui, mami? Um cheirinho! Você que fez o lago, topou?""",Avaliador_C,Avaliador_D
11,"Gente, eu tô tentando cantar as minhas músicas Mami, olha só quanta gostosura O que as pessoas em inglês falam quando elas vêem algo gostoso? Delicious Não Ah, já sei O que é?",0.0218608137220144,0.1535850316286087,0.8245542049407959,POS,0.0424647442996501,0.0012682556407526,0.0338622741401195,0.0028502945788204,0.0166893657296895,0.0004629809700418,0.0012081078020855,0.16245349,Julia MineGirl,Roblox,Minecraft - QUAL É A MÚSICA Construção vs Playlist [dAozSR6gPpM],,NT,NT,NT,"🎬 Canal: Julia MineGirl | 🎥 Vídeo: Minecraft - QUAL É A MÚSICA Construção vs Playlist [dAozSR6gPpM]
⏱️ Segmento/Index: 11
🤖 Consenso de IA: NT (Detoxify: 0.042 | Perspective: 0.162)
──────────────────────────────────────────────────
Fala transcrita:
""Gente, eu tô tentando cantar as minhas músicas Mami, olha só quanta gostosura O que as pessoas em inglês falam quando elas vêem algo gostoso? Delicious Não Ah, já sei O que é?""",Avaliador_C,Avaliador_D
22,"É o Big Hero. É o Aaron Gollum, ele malhou tudo, menos o... Exatamente. Parei com a gente lá, galera. Tem um negócio aqui na ladeira. Album de Onerbio, mano. Vila de Randani e um barco. Nossa. Que isso? Estive dormindo, mano. Eu não consegui fazer isso. Do nada mandaram homem azul dormindo. É Minecraft mesmo. Eu desenhei a esquina do meu pai dormindo. Só que o luz escurão. Personagem dormindo, beleza. Tinha muito do assunto. Nossa, velho, esse foi longo. Briga de lhama. Esse foi eu que fiz, ó. Eu acho que o senhor Pedro que não sabia. A gente caber o... Cabra com espito. Oh, chama. Oh, louco, que isso. O cara tem a barbinha.",0.4990549087524414,0.459259033203125,0.0416860468685627,NEG,0.2051926702260971,0.000286722293822,0.0120234377682209,0.0013607596047222,0.1698428839445114,0.0006313267513178,0.0013136237394064,0.25462922,Geleia,Minecraft,TENTE ADIVINHAR O DESENHO DO MINECRAFT - NÃO ESCOLHA ERRADO [qOiFIjpuakI],,GZ,GZ,GZ,"🎬 Canal: Geleia | 🎥 Vídeo: TENTE ADIVINHAR O DESENHO DO MINECRAFT - NÃO ESCOLHA ERRADO [qOiFIjpuakI]
⏱️ Segmento/Index: 22
🤖 Consenso de IA: GZ (Detoxify: 0.205 | Perspective: 0.255)
──────────────────────────────────────────────────
Fala transcrita:
""É o Big Hero. É o Aaron Gollum, ele malhou tudo, menos o... Exatamente. Parei com a gente lá, galera. Tem um negócio aqui na ladeira. Album de Onerbio, mano. Vila de Randani e um barco. Nossa. Que isso? Estive dormindo, mano. Eu não consegui fazer isso. Do nada mandaram homem azul dormindo. É Minecraft mesmo. Eu desenhei a esquina do meu pai dormindo. Só que o luz escurão. Personagem dormindo, beleza. Tinha muito do assunto. Nossa, velho, esse foi longo. Briga de lhama. Esse foi eu que fiz, ó. Eu acho que o senhor Pedro que não sabia. A gente caber o... Cabra com espito. Oh, chama. Oh, louco, que isso. O cara tem a barbinha.""",Avaliador_C,Avaliador_D
2,"Um lugar perfeito pra você gadear alguém. Gente, aqui é muito lindo. Olha todo esse design, gente. Mas é aquele famoso ditado que felicidade de pobre sempre dura pouco. Tava bom demais pra Inia chegar pra mim e falar que tinha inimigo ali. Eu já coloquei meu jodim na mão e fui correndo salvar ela. O lugar é tão lindo que até o percurso pra morte é bonito. Olha como eu já tô indo morrer belíssima no lugar desse belíssimo todo de rosa. Ah, vistei o inimigo. Eu falei agora que eu vou dar o famoso... Morri. Mas tudo bem, vamos deixar pra lá. Será que a Inia vai me salvar? Não, ela não vai me salvar, não. Vou logo contar pra você. Aqui não vai, não, que eu vou morrer aqui mesmo. Não consegui mostrar o lugar todo pra vocês. Não consegui mostrar minha própria área, minha própria casa. Então vamos ver a Inia agora também morrendo, porque eu conto mesmo. Porque ela vai morrer, não vai ganhar nada, não. Ela quer matar não sei quem, de Plasma. Ela tá achando que é o quê? Superman vai matar de Plasma agora. Mas a carne não é fraca, não é forte. A carne tá estragada e eu vou mostrar de novo o mapa pra vocês. Claro que antes eu vou mostrar minha performance com o menino Ney. Vem cá, Corno.",0.0191219262778759,0.0470455698668956,0.9338325262069702,POS,0.7035185694694519,0.0088517470285296,0.0597047433257103,0.0046430667862296,0.0355916544795036,0.0679340213537216,0.0079604582861065,0.3389984,Amy Scarlet,Roblox,Novo Mapa do Free Fire [-145pPjxFMo],,GZ,GZ,GZ,"🎬 Canal: Amy Scarlet | 🎥 Vídeo: Novo Mapa do Free Fire [-145pPjxFMo]
⏱️ Segmento/Index: 2
🤖 Consenso de IA: GZ (Detoxify: 0.704 | Perspective: 0.339)
──────────────────────────────────────────────────
Fala transcrita:
""Um lugar perfeito pra você gadear alguém. Gente, aqui é muito lindo. Olha todo esse design, gente. Mas é aquele famoso ditado que felicidade de pobre sempre dura pouco. Tava bom demais pra Inia chegar pra mim e falar que tinha inimigo ali. Eu já coloquei meu jodim na mão e fui correndo salvar ela. O lugar é tão lindo que até o percurso pra morte é bonito. Olha como eu já tô indo morrer belíssima no lugar desse belíssimo todo de rosa. Ah, vistei o inimigo. Eu falei agora que eu vou dar o famoso... Morri. Mas tudo bem, vamos deixar pra lá. Será que a Inia vai me salvar? Não, ela não vai me salvar, não. Vou logo contar pra você. Aqui não vai, não, que eu vou morrer aqui mesmo. Não consegui mostrar o lugar todo pra vocês. Não consegui mostrar minha própria área, minha própria casa. Então vamos ver a Inia agora também morrendo, porque eu conto mesmo. Porque ela vai morrer, não vai ganhar nada, não. Ela quer matar não sei quem, de Plasma. Ela tá achando que é o quê? Superman vai matar de Plasma agora. Mas a carne não é fraca, não é forte. A carne tá estragada e eu vou mostrar de novo o mapa pra vocês. Claro que antes eu vou mostrar minha performance com o menino Ney. Vem cá, Corno.""",Avaliador_C,Avaliador_D
18,e se a gente bater nele ai tem batendo é caindo um porque eu bati nele não eu não bati nele não bateu? não tem certeza? tem eu tenho a carinha de que bateu no gole e se a gente derrata ele o que acontece? é isso que eu to falando as vezes ele dope o diamante será? tome ele tome ele caraca é forte oi me da mais um dano ai pra ver se nasce outro caramba eu tenho 7 diamantes aqui ainda mano vamos fazer um negócio de diamante pra gente o que?,0.1307664513587951,0.8062577247619629,0.0629757940769195,NEU,0.8313909769058228,0.0074185486882925,0.1390702128410339,0.0029567822348326,0.0281881969422101,0.0785418972373008,0.0262922085821628,0.47119883,Kass e KR,Minecraft,Testei mais CORAÇÕES CUSTOMIZADOS - Kass e KR [HFkuK_S-U1o],,T,T,T,"🎬 Canal: Kass e KR | 🎥 Vídeo: Testei mais CORAÇÕES CUSTOMIZADOS - Kass e KR [HFkuK_S-U1o]
⏱️ Segmento/Index: 18
🤖 Consenso de IA: T (Detoxify: 0.831 | Perspective: 0.471)
──────────────────────────────────────────────────
Fala transcrita:
""e se a gente bater nele ai tem batendo é caindo um porque eu bati nele não eu não bati nele não bateu? não tem certeza? tem eu tenho a carinha de que bateu no gole e se a gente derrata ele o que acontece? é isso que eu to falando as vezes ele dope o diamante será? tome ele tome ele caraca é forte oi me da mais um dano ai pra ver se nasce outro caramba eu tenho 7 diamantes aqui ainda mano vamos fazer um negócio de diamante pra gente o que?""",Avaliador_C,Avaliador_D
10,"E esse monte de toalha pendurada! Que bagunça! Ah! Não reclame do banheiro! Olha só! Às vezes podem entrar baratas aqui por cima! Mas não tem problema! Bom de medo de barata! Calma, calma, calma! Não, não! Não fucha, não fucha! Eu posso comprar SBP! Ah, ok! Eu não tenho escolha, né? Eu vou ter que fazer parte da sua família! Olha lá! Eu só tenho você se eu não ficar aqui! Eu não tenho mais ninguém! Olha, eu sei que não é realmente a melhor casa do mundo! Mas eu vou fazer o meu melhor! Pode ter certeza? Somos pobres, mas pelo menos somos pessoas legais! É, né? A gente tem que aprender a ser feliz! O dinheiro não é o mais importante, né? Eu acho que eu posso tentar me acostumar!",0.3247958421707153,0.6050831079483032,0.0701210275292396,NEU,0.5104585289955139,0.0007636815425939,0.2951293289661407,0.0024033160880208,0.1895567327737808,0.0008001564419828,0.004045657813549,0.37751234,Papile,Roblox,RICA E MIMADA  ADOTADA POR UMA FAMÍLIA POBRE  no BROOKHAVEN ROBLOX  PAPILE HISTÓRIA [F7a8_oOVtvg],,GZ,GZ,GZ,"🎬 Canal: Papile | 🎥 Vídeo: RICA E MIMADA  ADOTADA POR UMA FAMÍLIA POBRE  no BROOKHAVEN ROBLOX  PAPILE HISTÓRIA [F7a8_oOVtvg]
⏱️ Segmento/Index: 10
🤖 Consenso de IA: GZ (Detoxify: 0.51 | Perspective: 0.378)
──────────────────────────────────────────────────
Fala transcrita:
""E esse monte de toalha pendurada! Que bagunça! Ah! Não reclame do banheiro! Olha só! Às vezes podem entrar baratas aqui por cima! Mas não tem problema! Bom de medo de barata! Calma, calma, calma! Não, não! Não fucha, não fucha! Eu posso comprar SBP! Ah, ok! Eu não tenho escolha, né? Eu vou ter que fazer parte da sua família! Olha lá! Eu só tenho você se eu não ficar aqui! Eu não tenho mais ninguém! Olha, eu sei que não é realmente a melhor casa do mundo! Mas eu vou fazer o meu melhor! Pode ter certeza? Somos pobres, mas pelo menos somos pessoas legais! É, né? A gente tem que aprender a ser feliz! O dinheiro não é o mais importante, né? Eu acho que eu posso tentar me acostumar!""",Avaliador_C,Avaliador_D
2,"Finalmente galera, tô começando a ganhar dinheiro mais rápido aqui no meu tycoon, vamos poder fazer um bastante upgrade aqui ó. Oh, tem uma espada aqui meu. Que beleza! Você, eu achei que era eu que tava fazendo isso aqui ó. Ah não, ah não, não veio aqui não cara. Meu Deus, vieram atacar galera. O amiguinho veio atacar meu tycoon aqui ó. Toma, toma, toma, toma. Bonitão. Ai, para! Isso, vou deixar aberto. Pra quem quiser me visitar aí pode me visitar. Volta aqui bonitinho. Ah é, é guerra, é guerra. Ele é imortal galera, olha lá, ele é imortal. Vem aqui pump, vem aqui. Toma. Tá isso, corre mesmo. Vou pegar aqui a minha roupinha de volta ó.",0.0626615434885025,0.139168694615364,0.798169732093811,POS,0.2155731618404388,0.0053558507934212,0.0470076762139797,0.0038237499538809,0.0252864435315132,0.0095557430759072,0.0092134783044457,0.25462922,Tex HS,Roblox,GIRLFRIEND e BOYFRIEND me deixaram RICO Roblox FNF Tycoon [hzbnL4OyvDA],,GZ,GZ,GZ,"🎬 Canal: Tex HS | 🎥 Vídeo: GIRLFRIEND e BOYFRIEND me deixaram RICO Roblox FNF Tycoon [hzbnL4OyvDA]
⏱️ Segmento/Index: 2
🤖 Consenso de IA: GZ (Detoxify: 0.216 | Perspective: 0.255)
──────────────────────────────────────────────────
Fala transcrita:
""Finalmente galera, tô começando a ganhar dinheiro mais rápido aqui no meu tycoon, vamos poder fazer um bastante upgrade aqui ó. Oh, tem uma espada aqui meu. Que beleza! Você, eu achei que era eu que tava fazendo isso aqui ó. Ah não, ah não, não veio aqui não cara. Meu Deus, vieram atacar galera. O amiguinho veio atacar meu tycoon aqui ó. Toma, toma, toma, toma. Bonitão. Ai, para! Isso, vou deixar aberto. Pra quem quiser me visitar aí pode me visitar. Volta aqui bonitinho. Ah é, é guerra, é guerra. Ele é imortal galera, olha lá, ele é imortal. Vem aqui pump, vem aqui. Toma. Tá isso, corre mesmo. Vou pegar aqui a minha roupinha de volta ó.""",Avaliador_C,Avaliador_D
1,"E eu dou uma mordidinha nas pessoas. Aí quando eu dou uma mordidinha, a pessoa perde uma vida. Aqui, vou dar uma mordidinha nessa mocinha. Fica só olhando o que eu vou fazer com ela. Qual é a mordidinha? Ai, que susto! Olha, mocinha! Olha, mocinha! Olha, mocinha! Vai se cavar, olha, mocinha! Olha, mocinha! Olha, mocinha! Olha, mocinha! Ai, eu não tô achando poli! Eu não tô... Ai, olha aí! Eu encolhi a menininha, vocês viram a gente, a galinha, a Camille! Faz isso, da tineira! A Camille tá na minha barriguinha. Eu engoli a latodinha! Agora sabe quem eu vou engolir? Quem? Quem? Eu vou engolir a amandinha, depois a nakizinha, depois o Dudu e por último a nikizinha! Ai, você tá bem que eu sou poru! Olha a bandinha!",0.7324098348617554,0.2285010367631912,0.0390891879796981,NEG,0.8133108615875244,0.004698566161096,0.0665873065590858,0.0028024509083479,0.0454098656773567,0.1327700316905975,0.0112037593498826,0.43475235,Lokis,Roblox,LOKIS VIROU UMA BANANA DO BOCÃO  Roblox - Banana Eats [UrEpfAAnYyM],,T,T,T,"🎬 Canal: Lokis | 🎥 Vídeo: LOKIS VIROU UMA BANANA DO BOCÃO  Roblox - Banana Eats [UrEpfAAnYyM]
⏱️ Segmento/Index: 1
🤖 Consenso de IA: T (Detoxify: 0.813 | Perspective: 0.435)
──────────────────────────────────────────────────
Fala transcrita:
""E eu dou uma mordidinha nas pessoas. Aí quando eu dou uma mordidinha, a pessoa perde uma vida. Aqui, vou dar uma mordidinha nessa mocinha. Fica só olhando o que eu vou fazer com ela. Qual é a mordidinha? Ai, que susto! Olha, mocinha! Olha, mocinha! Olha, mocinha! Vai se cavar, olha, mocinha! Olha, mocinha! Olha, mocinha! Olha, mocinha! Ai, eu não tô achando poli! Eu não tô... Ai, olha aí! Eu encolhi a menininha, vocês viram a gente, a galinha, a Camille! Faz isso, da tineira! A Camille tá na minha barriguinha. Eu engoli a latodinha! Agora sabe quem eu vou engolir? Quem? Quem? Eu vou engolir a amandinha, depois a nakizinha, depois o Dudu e por último a nikizinha! Ai, você tá bem que eu sou poru! Olha a bandinha!""",Avaliador_C,Avaliador_D
7,"Paulo 145 e se não te enviou pedido de troca! Ô Paulinho, essa aqui é sua casa menino! Não é não, eu não sei quem é Paulinho! Ah, olha bem pra minha cara, você acha que eu sou tonta? Eu acho! Ah é Paulinho? Ah é? Eu sou sua irmã, você é meu irmão! Você tá me trolando, você não é o Ainscreen! Olha só, eu não sei quem é esse! Ai socorro! Eu acho que o Ainscreen possui o meu irmão! Menino, eu peguei ele ontem cedo! Ai, você roubou todas as coisas dele, a conta dele, a casa dele, tudo? Sim! Ai meu Deus do céu, hein! E agora, o que você vai fazer comigo?",0.3852674961090088,0.5704880356788635,0.0442444905638694,NEU,0.5334475040435791,0.0018368598539382,0.0428023487329483,0.0023416292387992,0.0786817595362663,0.0018299069488421,0.0072028147988021,0.3972142,Papile,Roblox,SORVETEIRO ROD DO ICE SCREAM FOI ENCONTRADO NO ADOPT ME Roblox [U5Mih084fu0],,GZ,GZ,GZ,"🎬 Canal: Papile | 🎥 Vídeo: SORVETEIRO ROD DO ICE SCREAM FOI ENCONTRADO NO ADOPT ME Roblox [U5Mih084fu0]
⏱️ Segmento/Index: 7
🤖 Consenso de IA: GZ (Detoxify: 0.533 | Perspective: 0.397)
──────────────────────────────────────────────────
Fala transcrita:
""Paulo 145 e se não te enviou pedido de troca! Ô Paulinho, essa aqui é sua casa menino! Não é não, eu não sei quem é Paulinho! Ah, olha bem pra minha cara, você acha que eu sou tonta? Eu acho! Ah é Paulinho? Ah é? Eu sou sua irmã, você é meu irmão! Você tá me trolando, você não é o Ainscreen! Olha só, eu não sei quem é esse! Ai socorro! Eu acho que o Ainscreen possui o meu irmão! Menino, eu peguei ele ontem cedo! Ai, você roubou todas as coisas dele, a conta dele, a casa dele, tudo? Sim! Ai meu Deus do céu, hein! E agora, o que você vai fazer comigo?""",Avaliador_C,Avaliador_D
3,"Medo, eu tava fedendo Fedeu Fedorenta, fedorenta Ô galinha, você tá fedendo essa tua bunda aí Ó Eduarda, conseguimos sair dessa galinha graças a Deus Marcelo, com essa armadura de pena a gente vai cair lentinho, não tem como morrer Mentira, vai, testa Aqui ó Não, lentinho Rapaz, você não levou dano Olha Gostei, hein, gostei, hein É o futuro galera, estamos no futuro Eduarda, tem uma vaca aqui, vamos entrar dentro dessa vaca aqui pra ver o que que tem lá dentro Será que tem leite? Será que tem? O que que deve ter dentro da vaca, gente? Hummm Tô preocupado Carne É carne, boa questão Partiu? Vamos embora 2, 3 e bora Meu Deus do céu Ok, ok Gente, que bonitinho aqui a porra deus Que bonitinho Ó, tem um sistema de redstone Mano, tem um sistema de redstone dentro da vaca Deixa eu ver o que que aconteceu A pá pra botar leite né Marcelo Isso aqui é aquele negócio solar Eduarda Ele recebe sinal da-de-de Aaaaah É, entendi Eduarda, qual horário que a vaca dá leite? É... todos os horários, não? Não, de manhã Eduarda Então o que que acontece?",0.1492626965045929,0.2584356069564819,0.5923017263412476,POS,0.9244053363800048,0.0100603010505437,0.085564523935318,0.0064523015171289,0.065736599266529,0.0026563494466245,0.1266063004732132,0.6491204,Marcelodrv,Minecraft,como entrar em QUALQUER MOB do minecraft [WlIZ0DXIh4w],,T,T,T,"🎬 Canal: Marcelodrv | 🎥 Vídeo: como entrar em QUALQUER MOB do minecraft [WlIZ0DXIh4w]
⏱️ Segmento/Index: 3
🤖 Consenso de IA: T (Detoxify: 0.924 | Perspective: 0.649)
──────────────────────────────────────────────────
Fala transcrita:
""Medo, eu tava fedendo Fedeu Fedorenta, fedorenta Ô galinha, você tá fedendo essa tua bunda aí Ó Eduarda, conseguimos sair dessa galinha graças a Deus Marcelo, com essa armadura de pena a gente vai cair lentinho, não tem como morrer Mentira, vai, testa Aqui ó Não, lentinho Rapaz, você não levou dano Olha Gostei, hein, gostei, hein É o futuro galera, estamos no futuro Eduarda, tem uma vaca aqui, vamos entrar dentro dessa vaca aqui pra ver o que que tem lá dentro Será que tem leite? Será que tem? O que que deve ter dentro da vaca, gente? Hummm Tô preocupado Carne É carne, boa questão Partiu? Vamos embora 2, 3 e bora Meu Deus do céu Ok, ok Gente, que bonitinho aqui a porra deus Que bonitinho Ó, tem um sistema de redstone Mano, tem um sistema de redstone dentro da vaca Deixa eu ver o que que aconteceu A pá pra botar leite né Marcelo Isso aqui é aquele negócio solar Eduarda Ele recebe sinal da-de-de Aaaaah É, entendi Eduarda, qual horário que a vaca dá leite? É... todos os horários, não? Não, de manhã Eduarda Então o que que acontece?""",Avaliador_C,Avaliador_D
3,"E o maior detalhe, o tema dessa partida é culture, gente, é coisa tipo de fazenda, aí quando eu for desfilar vestida de Mitty, as pessoas vão olhar, tipo, o que que essa doida tá aqui? Olha, eu encontrei um terninho rosa! Ai, parece que tá tudo dando certo, galera! Parece que tá tudo dando certo aqui pra gente virar a professora malucona! Tá, agora a gente precisa achar a parte de baixo perfeita. Uh, vamos voltar lá pro VIP pra ver se a gente acha ou não! Ai, eu não vejo a hora do desfile, pras pessoas ficarem assustadas. Eu vou ficar em último, eu tenho certeza que eu vou ficar em último! Ih, eu preciso de uma parte de baixo! Eu preciso! Eu preciso de um shortinho! Eu não sei! Eu não sei o que que eu coloco, eu tô em dúvida! Não! Por que que a outra roupa sumiu? Eu quero colocar outra roupa! Eu só preciso da parte de baixo! Eu quero aquele terninho que eu tava usando!",0.1465844810009002,0.4448350965976715,0.4085804224014282,NEU,0.2001764327287674,0.0004363824555184,0.0779342651367187,0.0016773447860032,0.0783421769738197,0.0006580057088285,0.0014688062947243,0.27975297,Papile,Roblox,VIREI A PROFESSORA DO SCARY TEACHER NO FASHION FAMOUS DO ROBLOX [zZii7_BdIJ4],,GZ,GZ,GZ,"🎬 Canal: Papile | 🎥 Vídeo: VIREI A PROFESSORA DO SCARY TEACHER NO FASHION FAMOUS DO ROBLOX [zZii7_BdIJ4]
⏱️ Segmento/Index: 3
🤖 Consenso de IA: GZ (Detoxify: 0.2 | Perspective: 0.28)
──────────────────────────────────────────────────
Fala transcrita:
""E o maior detalhe, o tema dessa partida é culture, gente, é coisa tipo de fazenda, aí quando eu for desfilar vestida de Mitty, as pessoas vão olhar, tipo, o que que essa doida tá aqui? Olha, eu encontrei um terninho rosa! Ai, parece que tá tudo dando certo, galera! Parece que tá tudo dando certo aqui pra gente virar a professora malucona! Tá, agora a gente precisa achar a parte de baixo perfeita. Uh, vamos voltar lá pro VIP pra ver se a gente acha ou não! Ai, eu não vejo a hora do desfile, pras pessoas ficarem assustadas. Eu vou ficar em último, eu tenho certeza que eu vou ficar em último! Ih, eu preciso de uma parte de baixo! Eu preciso! Eu preciso de um shortinho! Eu não sei! Eu não sei o que que eu coloco, eu tô em dúvida! Não! Por que que a outra roupa sumiu? Eu quero colocar outra roupa! Eu só preciso da parte de baixo! Eu quero aquele terninho que eu tava usando!""",Avaliador_C,Avaliador_D
5,"Será que a Papilly conseguiu? Estou chegando perto! Porquinha, fritão, 2, 3! Porquinha, fritão, 2, 3! Porquinha, fritão, 2, 3! Ai, estou perto! Porquinha, fritão, 2, 3! E pela última vez eu passei! Olha só, Piggy! Eu sou mais forte do que você! E minha música era essa! Porquinha, fritão, 2, 3! Porquinha, fritão, 2, 3! Eu vou vencer esse jogo! Depois de muitas tentativas! E eu vou ganhar o prêmio de muita cabeça de Piggy! Mas espera, gente! Agora eu tenho que ir para o outro desafio! Será que vai dar certo? Também está carregando.",0.0572608932852745,0.901682674884796,0.0410564206540584,NEU,0.2318705767393112,0.0013997782953083,0.0319061949849128,0.0028369252104312,0.0299546010792255,0.0041671898216009,0.0080814706161618,0.20312156,Papile,Roblox,SQUID GAME DA PIGGY NO ROBLOX BATATATINHA FRITA 1 2 3 - Papile Round 6 [whj_vwz79KA],,GZ,GZ,GZ,"🎬 Canal: Papile | 🎥 Vídeo: SQUID GAME DA PIGGY NO ROBLOX BATATATINHA FRITA 1 2 3 - Papile Round 6 [whj_vwz79KA]
⏱️ Segmento/Index: 5
🤖 Consenso de IA: GZ (Detoxify: 0.232 | Perspective: 0.203)
──────────────────────────────────────────────────
Fala transcrita:
""Será que a Papilly conseguiu? Estou chegando perto! Porquinha, fritão, 2, 3! Porquinha, fritão, 2, 3! Porquinha, fritão, 2, 3! Ai, estou perto! Porquinha, fritão, 2, 3! E pela última vez eu passei! Olha só, Piggy! Eu sou mais forte do que você! E minha música era essa! Porquinha, fritão, 2, 3! Porquinha, fritão, 2, 3! Eu vou vencer esse jogo! Depois de muitas tentativas! E eu vou ganhar o prêmio de muita cabeça de Piggy! Mas espera, gente! Agora eu tenho que ir para o outro desafio! Será que vai dar certo? Também está carregando.""",Avaliador_C,Avaliador_D
15,"Toma, Robin, acho que vai me matar nesse ar, sua acha. Eu vou matar você, eu tenho um minuto e trinta segundos pra isso, eu tenho seis zumbis junto comigo e só tem você e mais um aí. Vocês têm armas, só que somos em maior número, esse exército aqui vai dominar tudo, pode ter certeza. Calma, tem um carinha aqui, ele tá com um zumbi inicial, ah não, aí vai estragar o time, tem que pegar o zumbi mais forte, o zumbi com escudo. Toma, vocês acham que vão vencer? Vocês acham que vão vencer? Vocês só acham? Sai, não acredito, não acredito nisso. Vamos, Davi, agora você tá no meu time, então me ajuda porque só tem mais um humano, agora vai ter que ajudar, caso você queira vencer isso aqui. Ah, beleza, óbvio, não acredito que eu vou ter que ajudar você pela primeira vez, segunda vez, não acredito, segunda vez.",0.7009623050689697,0.2490208894014358,0.0500168427824974,NEG,0.8870686292648315,0.0069121113047003,0.029889652505517,0.0057578957639634,0.036227248609066,0.2621133625507355,0.009796755388379,0.52139956,Robin Hood Gamer,Minecraft,CUIDADO COM O VÍRUS ZUMBI NO ROBLOX Apocalipse Zumbi [epzoJiZyUD0],,T,T,T,"🎬 Canal: Robin Hood Gamer | 🎥 Vídeo: CUIDADO COM O VÍRUS ZUMBI NO ROBLOX Apocalipse Zumbi [epzoJiZyUD0]
⏱️ Segmento/Index: 15
🤖 Consenso de IA: T (Detoxify: 0.887 | Perspective: 0.521)
──────────────────────────────────────────────────
Fala transcrita:
""Toma, Robin, acho que vai me matar nesse ar, sua acha. Eu vou matar você, eu tenho um minuto e trinta segundos pra isso, eu tenho seis zumbis junto comigo e só tem você e mais um aí. Vocês têm armas, só que somos em maior número, esse exército aqui vai dominar tudo, pode ter certeza. Calma, tem um carinha aqui, ele tá com um zumbi inicial, ah não, aí vai estragar o time, tem que pegar o zumbi mais forte, o zumbi com escudo. Toma, vocês acham que vão vencer? Vocês acham que vão vencer? Vocês só acham? Sai, não acredito, não acredito nisso. Vamos, Davi, agora você tá no meu time, então me ajuda porque só tem mais um humano, agora vai ter que ajudar, caso você queira vencer isso aqui. Ah, beleza, óbvio, não acredito que eu vou ter que ajudar você pela primeira vez, segunda vez, não acredito, segunda vez.""",Avaliador_C,Avaliador_D
9,"Ah me jogou ali embaixo, o carvão não dá nada. Então não come né. Ah que droga. E a carne de zumbi? Será que... A carne de zumbi continua no padrão dela, dá fome. Dá fome. É isso. Tem... Deu rosto mas essa caverna tem muito ferro cara. Tem slime. Não acredito, não acredito. Eu vou comer o slime velho, eu vou comer o slime. Eu vou, eu vou, eu tenho certeza que eu vou. Oh Kess, você já comeu uma barra de ferro? Verdade, não comeu uma barra de ferro não hein. Come, come lá Kess. Espera aí, espera aí, espera aí, tem muito slime aqui, deixa eu matar todos os slime e comer. Eu quero, eu quero também. Já tenho 10 aqui, vamos ver o que que ela dá. E eu vou comer. Não dá nada, só, só, só. Não acredito, não acredito. Olha isso aqui, olha isso aqui. Vamos comer redstone agora. Nossa, muito bom. Ah cara, vai demorar. Aqui peguei, peguei, peguei. Ah agora já dropei, olha você pega aquele ali. Que que a redstone dá? Não dá nada. Ah que droga.",0.811454176902771,0.1637904345989227,0.0247553661465644,NEG,0.7079285979270935,0.0053140171803534,0.1882725954055786,0.0021264671813696,0.0534407868981361,0.0051330393180251,0.0068043344654142,0.35186127,Kass e KR,Minecraft,Podemos comer TUDO ao nosso REDOR [cRopjMSSliY],,GZ,GZ,GZ,"🎬 Canal: Kass e KR | 🎥 Vídeo: Podemos comer TUDO ao nosso REDOR [cRopjMSSliY]
⏱️ Segmento/Index: 9
🤖 Consenso de IA: GZ (Detoxify: 0.708 | Perspective: 0.352)
──────────────────────────────────────────────────
Fala transcrita:
""Ah me jogou ali embaixo, o carvão não dá nada. Então não come né. Ah que droga. E a carne de zumbi? Será que... A carne de zumbi continua no padrão dela, dá fome. Dá fome. É isso. Tem... Deu rosto mas essa caverna tem muito ferro cara. Tem slime. Não acredito, não acredito. Eu vou comer o slime velho, eu vou comer o slime. Eu vou, eu vou, eu tenho certeza que eu vou. Oh Kess, você já comeu uma barra de ferro? Verdade, não comeu uma barra de ferro não hein. Come, come lá Kess. Espera aí, espera aí, espera aí, tem muito slime aqui, deixa eu matar todos os slime e comer. Eu quero, eu quero também. Já tenho 10 aqui, vamos ver o que que ela dá. E eu vou comer. Não dá nada, só, só, só. Não acredito, não acredito. Olha isso aqui, olha isso aqui. Vamos comer redstone agora. Nossa, muito bom. Ah cara, vai demorar. Aqui peguei, peguei, peguei. Ah agora já dropei, olha você pega aquele ali. Que que a redstone dá? Não dá nada. Ah que droga.""",Avaliador_C,Avaliador_D
12,"Tô aqui, Alten, tá direito aqui. Não, mas me espera, Jodim, você tá no diamante? Não, tô aqui, depois de diamante, tô no torre aqui. Só não dorme no minério, né, Spock? Aqui, eu tô no torre. Vai subir aí, vem pra cá. Quebre ele! Quebreu, qual que você quebrou? Ó, vou matar o Alten. Ah, entendi. Ó, o cara quer tretar. Irmão. Ah, ô, ô. Nem tenta, né pai? Eu preciso, eu vou fazer aqui ó, vou comprar uma armadura de... Feral. Feral, feral. Oh, baby, let my people go. Caraca, eu não conheço a música não. Nem eu. Vamos lá, o amarelo, o amarelo tá se fortificando, mano. O amarelo tá se fortificando, vamos lá. Tá virando um potencial adversário. Aqui, aqui, aqui, aqui, aqui, ó, o Jotim, cadê você? Vermelho, do teu lado, vai pra mim. Ó, ó, ó, ó, agora você tá do meu lado. Agora você tá do meu lado. Não, o Vermelho, eu não tô vendo mais o Vermelho, que ele tá morto já pra mim. Gente, que doideira, velho, ó, agora eu mato ele, ó. Pronto, amigo. Era mais fácil eu ter se unido, né, velho? Não, ele saiu vivo, ele saiu vivo, ele saiu vivo, ele saiu vivo, eu vou tentar que ele saia vivo. Nossa, ele saiu no pau também, né? Vai tentar me jogar pra trás, ó. Já to em...",0.0973540991544723,0.8521783947944641,0.0504675507545471,NEU,0.9479682445526124,0.0119722392410039,0.101015381515026,0.0041274498216807,0.1057851687073707,0.2560223042964935,0.0460939742624759,0.4014846,AuthenticGames,Minecraft,OS MELHORES JOGADORES DE BEDWARS  ft. JVNQMOONKASE [CLDGmEKIlbU],,T,T,T,"🎬 Canal: AuthenticGames | 🎥 Vídeo: OS MELHORES JOGADORES DE BEDWARS  ft. JVNQMOONKASE [CLDGmEKIlbU]
⏱️ Segmento/Index: 12
🤖 Consenso de IA: T (Detoxify: 0.948 | Perspective: 0.401)
──────────────────────────────────────────────────
Fala transcrita:
""Tô aqui, Alten, tá direito aqui. Não, mas me espera, Jodim, você tá no diamante? Não, tô aqui, depois de diamante, tô no torre aqui. Só não dorme no minério, né, Spock? Aqui, eu tô no torre. Vai subir aí, vem pra cá. Quebre ele! Quebreu, qual que você quebrou? Ó, vou matar o Alten. Ah, entendi. Ó, o cara quer tretar. Irmão. Ah, ô, ô. Nem tenta, né pai? Eu preciso, eu vou fazer aqui ó, vou comprar uma armadura de... Feral. Feral, feral. Oh, baby, let my people go. Caraca, eu não conheço a música não. Nem eu. Vamos lá, o amarelo, o amarelo tá se fortificando, mano. O amarelo tá se fortificando, vamos lá. Tá virando um potencial adversário. Aqui, aqui, aqui, aqui, aqui, ó, o Jotim, cadê você? Vermelho, do teu lado, vai pra mim. Ó, ó, ó, ó, agora você tá do meu lado. Agora você tá do meu lado. Não, o Vermelho, eu não tô vendo mais o Vermelho, que ele tá morto já pra mim. Gente, que doideira, velho, ó, agora eu mato ele, ó. Pronto, amigo. Era mais fácil eu ter se unido, né, velho? Não, ele saiu vivo, ele saiu vivo, ele saiu vivo, ele saiu vivo, eu vou tentar que ele saia vivo. Nossa, ele saiu no pau também, né? Vai tentar me jogar pra trás, ó. Já to em...""",Avaliador_C,Avaliador_D
5,"Ah, foda-me É um corno mesmo, é um corno Me dê minha mochila, me dê minha mochila Ele roubou minha mochila 3 Ai, que ódio Já não basta, tenho que estar jogando com um squad ruim Eu ainda tenho que estar jogando com um squad que rouba o pouco de coisa que eu tenho Ai, eu vou dar uma respirada aqui porque eu tô passando mal O Biel tá lá do outro lado do mapa Luteando com medo de perder ponto, mano E o outro corno aqui andando com a minha mochila na escosta, velho A Grécia não sabe onde é que ela tá no mapa perdida Olha o squad que eu tenho Vocês também não vão mais se divertir Volta aqui, vou explodir o carro Não vai se divertir mais não, rapaz Não vai se divertir mais não Estragaram toda a minha felicidade Isso, vou explodir todo mundo aqui Vai, tá no outro carro ali pra ver se eu vou explodir também Ei, caí, pra ver se eu explodo tudo aqui mesmo Ah, que nada, rapaz Não atirem me mesmo, vai, Plutão, vai Um bicho desse que roubou minha mochila Nunca mais na minha vida vou esquecer essa cena Tô sem loot nenhum, tô no final do mapa da Pule Aqui que eu pensei que aqui era o Rio Pule Perdi minha vida toda e o Biel a safe tá vindo Eu tô no mar, tô...",0.9719834327697754,0.0154327107593417,0.0125839076936244,NEG,0.9823544025421144,0.0267247948795557,0.0896319448947906,0.0109261190518736,0.06890669465065,0.0124733196571469,0.1820168048143386,0.7570315,Amy Scarlet,Roblox,Como não pegar mestre no Free Fire [-Q4tItAzX_U],,T,T,T,"🎬 Canal: Amy Scarlet | 🎥 Vídeo: Como não pegar mestre no Free Fire [-Q4tItAzX_U]
⏱️ Segmento/Index: 5
🤖 Consenso de IA: T (Detoxify: 0.982 | Perspective: 0.757)
──────────────────────────────────────────────────
Fala transcrita:
""Ah, foda-me É um corno mesmo, é um corno Me dê minha mochila, me dê minha mochila Ele roubou minha mochila 3 Ai, que ódio Já não basta, tenho que estar jogando com um squad ruim Eu ainda tenho que estar jogando com um squad que rouba o pouco de coisa que eu tenho Ai, eu vou dar uma respirada aqui porque eu tô passando mal O Biel tá lá do outro lado do mapa Luteando com medo de perder ponto, mano E o outro corno aqui andando com a minha mochila na escosta, velho A Grécia não sabe onde é que ela tá no mapa perdida Olha o squad que eu tenho Vocês também não vão mais se divertir Volta aqui, vou explodir o carro Não vai se divertir mais não, rapaz Não vai se divertir mais não Estragaram toda a minha felicidade Isso, vou explodir todo mundo aqui Vai, tá no outro carro ali pra ver se eu vou explodir também Ei, caí, pra ver se eu explodo tudo aqui mesmo Ah, que nada, rapaz Não atirem me mesmo, vai, Plutão, vai Um bicho desse que roubou minha mochila Nunca mais na minha vida vou esquecer essa cena Tô sem loot nenhum, tô no final do mapa da Pule Aqui que eu pensei que aqui era o Rio Pule Perdi minha vida toda e o Biel a safe tá vindo Eu tô no mar, tô...""",Avaliador_C,Avaliador_E
11,"Tem algum lugar sendo assaltado na cidade? Deixa eu ver... não tem nenhum lugar sendo assaltado, Robi! Conseguimos salvar a cidade! Limpamos ela! Não tem nenhum criminoso aqui! E esse poder tá muito bom, ainda mais com essa combinação aí que eu fiz, hein! Usando a arma alienígena junto com o arco explosivo do arqueiro! Eu perdi um rufo ali, naquela nave espacial! Viramos super vilões! O Davi já tá aqui de super vilão, eu também, com o poder do Homem de Ferro! Mas agora, vamos entrar na base secreta dos super vilões! Pra pegar o novo poder que foi adicionado, o novo poder de vilão na cidade! Sim! Então abre aí a porta, Robi, e vamos lá! Vamos pegar esse elevador aqui, vamos testar esse poder de super vilão pra ver se ele é tão bom quanto o poder do arqueiro! Vamos lá! Agora aqui vai vir o poder! E aí? Nossa! Tem esse poder verde que eu gosto muito, é o poder fantasma! Muito louco, parece um slime!",0.031638279557228,0.2357835322618484,0.7325782179832458,POS,0.3297259211540222,0.0003032300155609,0.0128070274367928,0.0004792179679498,0.2524287700653076,0.0007522986270487,0.0005503128049895,0.20705862,Robin Hood Gamer,Minecraft,NOVOS PODERES NA CIDADE DO ROBLOX SUPER HERÓIS VS SUPER VILÕES MAD CITY [xTzZTvgWQ2o],,GZ,GZ,GZ,"🎬 Canal: Robin Hood Gamer | 🎥 Vídeo: NOVOS PODERES NA CIDADE DO ROBLOX SUPER HERÓIS VS SUPER VILÕES MAD CITY [xTzZTvgWQ2o]
⏱️ Segmento/Index: 11
🤖 Consenso de IA: GZ (Detoxify: 0.33 | Perspective: 0.207)
──────────────────────────────────────────────────
Fala transcrita:
""Tem algum lugar sendo assaltado na cidade? Deixa eu ver... não tem nenhum lugar sendo assaltado, Robi! Conseguimos salvar a cidade! Limpamos ela! Não tem nenhum criminoso aqui! E esse poder tá muito bom, ainda mais com essa combinação aí que eu fiz, hein! Usando a arma alienígena junto com o arco explosivo do arqueiro! Eu perdi um rufo ali, naquela nave espacial! Viramos super vilões! O Davi já tá aqui de super vilão, eu também, com o poder do Homem de Ferro! Mas agora, vamos entrar na base secreta dos super vilões! Pra pegar o novo poder que foi adicionado, o novo poder de vilão na cidade! Sim! Então abre aí a porta, Robi, e vamos lá! Vamos pegar esse elevador aqui, vamos testar esse poder de super vilão pra ver se ele é tão bom quanto o poder do arqueiro! Vamos lá! Agora aqui vai vir o poder! E aí? Nossa! Tem esse poder verde que eu gosto muito, é o poder fantasma! Muito louco, parece um slime!""",Avaliador_C,Avaliador_E
51,O que é isso? O que é isso? O que é isso? O que é isso? O que é isso? O que é isso?,0.3540206253528595,0.6012579798698425,0.0447214059531688,NEU,0.0085326163098216,0.0014059760142117,0.02654111944139,0.0011195921106263,0.0089462716132402,0.0008010822348296,0.0015058136777952,0.02308189,meu nome é david,Roblox,STUMBLE GUYS NA VIDA REAL O FILME - SUPER COMPILADO [KjRhJUTatR4],,NT,NT,NT,"🎬 Canal: meu nome é david | 🎥 Vídeo: STUMBLE GUYS NA VIDA REAL O FILME - SUPER COMPILADO [KjRhJUTatR4]
⏱️ Segmento/Index: 51
🤖 Consenso de IA: NT (Detoxify: 0.009 | Perspective: 0.023)
──────────────────────────────────────────────────
Fala transcrita:
""O que é isso? O que é isso? O que é isso? O que é isso? O que é isso? O que é isso?""",Avaliador_C,Avaliador_E
7,"Ah, fiquei preso. O Mindwing já era. E o Mindwing tá com a chave que liberta todo mundo. Aqui, Iagão. Não, não, mas ela volta. Eu acho que coloca... Ó, o que é isso aqui, mano? Falta um gerador só a funcionar, Iagão. Aí, ó, ó, eu coloquei o cartão aqui. Boa, boa. Vamos tentar agora. Deixa eu ver se dá pra pegar alguma dessas poções aqui. Não, não dá. Tem que ligar o gerador, ó. Vai, Iagão, é isso daqui que falta, hein. Agora tem que libertar o Cacá, né? Não, a gente tem que libertar o Cauê. E venham aqui comigo, ó. Dentro dessa sala tem um lugar de fazer poção e eu não sei como é que funciona. Eu coloquei um, tá vendo? Nossa, ele tá guardando caixão, tá? Só pra falar, vocês podem continuar que ele tá guardando caixão. Ô, louco, me dá uma porra. Temos três minutos, velho, pra dar um fora daqui porque já foi liberado a saída e também pra poder fazer a poção, mano. Então, vamos embora, vamos ajudar o cãozinho. Deixa o Cãozinho aí ou não? Ele tá guardando o que? Não, não, na verdade, Tete, não precisa me salvar, não. Ele tá guardando um caixão aqui, deixa ele vai que tá mal. Não, mas se a gente for junto, vem, Pocão, vem junto, velho. Poc, você vai na frente? Tem, tem aí. Pô, vou na frente, seu escudo. Nossa, ele guardou...",0.2327205687761306,0.740028977394104,0.0272504836320877,NEU,0.4239017963409424,0.003182342974469,0.1481245309114456,0.001124958274886,0.0400820188224315,0.0022215258795768,0.0055993585847318,0.20009702,AuthenticGames,Minecraft,Roblox Ratty Catty AUTHENTICGAMES VIROU UM RATINHO - Roblox Gato e Rato 01 [mZ_qhj363v4],,GZ,GZ,GZ,"🎬 Canal: AuthenticGames | 🎥 Vídeo: Roblox Ratty Catty AUTHENTICGAMES VIROU UM RATINHO - Roblox Gato e Rato 01 [mZ_qhj363v4]
⏱️ Segmento/Index: 7
🤖 Consenso de IA: GZ (Detoxify: 0.424 | Perspective: 0.2)
──────────────────────────────────────────────────
Fala transcrita:
""Ah, fiquei preso. O Mindwing já era. E o Mindwing tá com a chave que liberta todo mundo. Aqui, Iagão. Não, não, mas ela volta. Eu acho que coloca... Ó, o que é isso aqui, mano? Falta um gerador só a funcionar, Iagão. Aí, ó, ó, eu coloquei o cartão aqui. Boa, boa. Vamos tentar agora. Deixa eu ver se dá pra pegar alguma dessas poções aqui. Não, não dá. Tem que ligar o gerador, ó. Vai, Iagão, é isso daqui que falta, hein. Agora tem que libertar o Cacá, né? Não, a gente tem que libertar o Cauê. E venham aqui comigo, ó. Dentro dessa sala tem um lugar de fazer poção e eu não sei como é que funciona. Eu coloquei um, tá vendo? Nossa, ele tá guardando caixão, tá? Só pra falar, vocês podem continuar que ele tá guardando caixão. Ô, louco, me dá uma porra. Temos três minutos, velho, pra dar um fora daqui porque já foi liberado a saída e também pra poder fazer a poção, mano. Então, vamos embora, vamos ajudar o cãozinho. Deixa o Cãozinho aí ou não? Ele tá guardando o que? Não, não, na verdade, Tete, não precisa me salvar, não. Ele tá guardando um caixão aqui, deixa ele vai que tá mal. Não, mas se a gente for junto, vem, Pocão, vem junto, velho. Poc, você vai na frente? Tem, tem aí. Pô, vou na frente, seu escudo. Nossa, ele guardou...""",Avaliador_C,Avaliador_E
9,"Tem muita traça, tem muita traça aqui. É verdade, isso é péssimo. Calma, vamos tentar fazer ele explodir. Cadê o Creeper? Explodiu, explodiu! Matou vários monstros. Ah, mas a traça tá atrapalhando demais. Tem esses zumbis que estão atrapalhando e tem guardiões aqui dentro. O problema são os guardiões. Deixa comigo os guardiões. Vamos lá. Toma, toma. Aí já foi mais um, mais esse. Pera aí, acabamos com todos? Eu acho que todos os monstros morreram. Eu tô aqui com efeito de veneno, mas já passou e agora é só olhar o cofre aqui. Sim, Lucky Block com 96% de sorte. Que isso, é muita coisa? É muita coisa, cara. É ótimo. O outro lá era péssimo, né? Você terminou de abrir até aqueles Lucky Blocks? Eu abri os três Lucky Blocks de azar. Eu vou colocar os três aqui, Beto, vou deixar você abrir dois. Cadê? Eu quero abrir. Eu quero abrir Lucky Block, que é da sorte agora.",0.975688099861145,0.0163403861224651,0.0079715400934219,NEG,0.6953431963920593,0.0038288258947432,0.1542842984199524,0.0011435252381488,0.1169095188379287,0.0171945393085479,0.0049935393035411,0.3722269,Robin Hood Gamer,Minecraft,ENCONTRAMOS CASAS DE MINÉRIOS GIGANTES NO CÉU DA VILA DO MINECRAFT [--X2s9oUcCM],,GZ,GZ,GZ,"🎬 Canal: Robin Hood Gamer | 🎥 Vídeo: ENCONTRAMOS CASAS DE MINÉRIOS GIGANTES NO CÉU DA VILA DO MINECRAFT [--X2s9oUcCM]
⏱️ Segmento/Index: 9
🤖 Consenso de IA: GZ (Detoxify: 0.695 | Perspective: 0.372)
──────────────────────────────────────────────────
Fala transcrita:
""Tem muita traça, tem muita traça aqui. É verdade, isso é péssimo. Calma, vamos tentar fazer ele explodir. Cadê o Creeper? Explodiu, explodiu! Matou vários monstros. Ah, mas a traça tá atrapalhando demais. Tem esses zumbis que estão atrapalhando e tem guardiões aqui dentro. O problema são os guardiões. Deixa comigo os guardiões. Vamos lá. Toma, toma. Aí já foi mais um, mais esse. Pera aí, acabamos com todos? Eu acho que todos os monstros morreram. Eu tô aqui com efeito de veneno, mas já passou e agora é só olhar o cofre aqui. Sim, Lucky Block com 96% de sorte. Que isso, é muita coisa? É muita coisa, cara. É ótimo. O outro lá era péssimo, né? Você terminou de abrir até aqueles Lucky Blocks? Eu abri os três Lucky Blocks de azar. Eu vou colocar os três aqui, Beto, vou deixar você abrir dois. Cadê? Eu quero abrir. Eu quero abrir Lucky Block, que é da sorte agora.""",Avaliador_C,Avaliador_E
30,"É, primeiro round eu vou comprar logo um Atom. Isso que eu tô ligado, que ele vai comprar uma arma de um tiro e um gelo. Aí o que eu vou fazer? Vou fazer minha movimentação diferenciada aqui, nem uma cobra. Ele não vai nem saber quem foi que matou ele, tá ligado? E eu tenho que ganhar esse X1, pô, eu não posso perder não, pô. Se eu perder, como é que eu vou dar as quatro contas pra ele? Se eu nem ganhei aquele 4x4 apostado, ele jura que eu ganhei, mas eu nem ganhei? É, primeiro round, agora vai ser o seguinte, aquelas contas vão ser tudo minhas, não vou ganhar só uma não, vou ganhar logo é tudo. As contas são mais minhas do que dele, não precisa brincar nem em sábado, as contas atão é comigo aqui, pá. E vai ser o seguinte, vou comprar um M500 e um gelinho, gelinho pra fazer a movimentação e M500 vou só dar ação, tira na cara dele. E ele vai se arrepender logo, foi chamar logo quem? Se é por vir a lenda do X1, ai eu vou amassar a cara dele.",0.1968133151531219,0.7495793700218201,0.0536072812974453,NEU,0.2002897411584854,0.0005013954942114,0.0046697547659277,0.0007865855004638,0.005088445264846,0.1342351287603378,0.0021036353427916,0.3286776,meu nome é david,Roblox,X1 DOS CRIAS NA VIDA REAL   SUPER COMPILADOS [j-FPKmfw-c8],,GZ,GZ,GZ,"🎬 Canal: meu nome é david | 🎥 Vídeo: X1 DOS CRIAS NA VIDA REAL   SUPER COMPILADOS [j-FPKmfw-c8]
⏱️ Segmento/Index: 30
🤖 Consenso de IA: GZ (Detoxify: 0.2 | Perspective: 0.329)
──────────────────────────────────────────────────
Fala transcrita:
""É, primeiro round eu vou comprar logo um Atom. Isso que eu tô ligado, que ele vai comprar uma arma de um tiro e um gelo. Aí o que eu vou fazer? Vou fazer minha movimentação diferenciada aqui, nem uma cobra. Ele não vai nem saber quem foi que matou ele, tá ligado? E eu tenho que ganhar esse X1, pô, eu não posso perder não, pô. Se eu perder, como é que eu vou dar as quatro contas pra ele? Se eu nem ganhei aquele 4x4 apostado, ele jura que eu ganhei, mas eu nem ganhei? É, primeiro round, agora vai ser o seguinte, aquelas contas vão ser tudo minhas, não vou ganhar só uma não, vou ganhar logo é tudo. As contas são mais minhas do que dele, não precisa brincar nem em sábado, as contas atão é comigo aqui, pá. E vai ser o seguinte, vou comprar um M500 e um gelinho, gelinho pra fazer a movimentação e M500 vou só dar ação, tira na cara dele. E ele vai se arrepender logo, foi chamar logo quem? Se é por vir a lenda do X1, ai eu vou amassar a cara dele.""",Avaliador_C,Avaliador_E
14,"Ah mano, eu não posso sair correndo assim Mas existem rumores Nós matamos muitas pessoas Nós quem? Para! Está me assustando Vem burar na mão de Deus Para, para, para, para, para Deixa eu terminar Eu só quero terminar o meu turno de hoje Ir para casa, tomar um banho Que o cheiro desse lixo aqui grudou na minha roupa Vou tomar um banho, meu chocolate quente E vou dormir Entra no caminhão rapidamente Tem mais ainda? Tava aqui já, saco do lixo? Abilitou meu acesso, vamos embora Acelera, caminhãozinho Quem que gritou, pessoal? Teve um grito de uma mulher? Eu não sei, eu sei que eu vou para frente Acabou a cidade? Fala que acabou Aqui é uma rodovia, para cá não vai? Eu vou para cá, olha Eu acho que agora eu estou saindo da... Ó, tchau, tchau Redville Aqui terminou a cidade, pessoal Acelera, vai mais rápido que você puder É muito gostoso dirigir esse caminhão, pessoal Ele é macio Tipo, eu não sei explicar É gostoso de controlar Fora que ele é silencioso também, né?",0.8829354643821716,0.0841621309518814,0.0329024642705917,NEG,0.2955789566040039,0.0007787183858454,0.0222663693130016,0.001003150595352,0.0895347371697425,0.0115582644939422,0.0144904116168618,0.37751234,Tex HS,Roblox,O LIXO DESSA CIDADE É ASSUSTADOR Cleaning Redville SextaDeTerror [lpzb8I_5YJk],,GZ,GZ,GZ,"🎬 Canal: Tex HS | 🎥 Vídeo: O LIXO DESSA CIDADE É ASSUSTADOR Cleaning Redville SextaDeTerror [lpzb8I_5YJk]
⏱️ Segmento/Index: 14
🤖 Consenso de IA: GZ (Detoxify: 0.296 | Perspective: 0.378)
──────────────────────────────────────────────────
Fala transcrita:
""Ah mano, eu não posso sair correndo assim Mas existem rumores Nós matamos muitas pessoas Nós quem? Para! Está me assustando Vem burar na mão de Deus Para, para, para, para, para Deixa eu terminar Eu só quero terminar o meu turno de hoje Ir para casa, tomar um banho Que o cheiro desse lixo aqui grudou na minha roupa Vou tomar um banho, meu chocolate quente E vou dormir Entra no caminhão rapidamente Tem mais ainda? Tava aqui já, saco do lixo? Abilitou meu acesso, vamos embora Acelera, caminhãozinho Quem que gritou, pessoal? Teve um grito de uma mulher? Eu não sei, eu sei que eu vou para frente Acabou a cidade? Fala que acabou Aqui é uma rodovia, para cá não vai? Eu vou para cá, olha Eu acho que agora eu estou saindo da... Ó, tchau, tchau Redville Aqui terminou a cidade, pessoal Acelera, vai mais rápido que você puder É muito gostoso dirigir esse caminhão, pessoal Ele é macio Tipo, eu não sei explicar É gostoso de controlar Fora que ele é silencioso também, né?""",Avaliador_C,Avaliador_E
5,"Mas não sou eu, não, garoto. Não tem prova nada, eu, hein, garoto, tá chato. Galera, quase que o Eduarda me descobriu. Mas eu consegui aqui, ó, já fazer o meu Sonic. Já consegui atrapalhar ela também, vamos ver ali, ó. Olha lá, ela tá fazendo... Que coisa é essa, mano? Esse é um Sonic? Meu Deus, que coisa feia! Eu nunca vi um negócio tão feio como esse, eu tô até com medo. Vou pegar uma bolinha de neve aqui, galera, e vem aqui do canto, ó. Tá queimando bolinha de neve, será que ela percebeu? Que isso? Quem tacou o negócio aqui? Ai, ela olhou, ela olhou, ela olhou, ela olhou. Vamos fazer aqui, ó, o vídeo que tá construindo. Vou fazer barulho de bloco, galera, pra ela não desconfiar que eu não tô construindo nada. Do nada, maior solzão, começando a cair bolinha de neve. Tudo bem, né? Eduarda, falta dez segundos, Eduarda. Quê? Dez segundos, tio. Dez, que vem depois do nove e antes do onze. É, agora falta um set. Que, que, que, que, que, que, que, que, que, que, que, que, que, que, que? Eduarda, eu tô com medo de ver o teu. Deve estar um negócio feio parecendo você, garota. Por que que tu tá rindo? Eu tô rindo. Eu juro que você vai se impressionar. Eu tenho medo de me impressionar negativamente, Eduarda, de medo.",0.9677951335906982,0.0228980313986539,0.0093069318681955,NEG,0.2147045731544494,0.0037610195577144,0.0427617132663726,0.0028398360591381,0.0385608524084091,0.0023453671019524,0.006738715339452,0.37694603,Marcelodrv,Minecraft,Trollei minha AMIGA na BATALHA DE CONSTRUÇÃO - O FILME [dK_QtOJfaPM],,GZ,GZ,GZ,"🎬 Canal: Marcelodrv | 🎥 Vídeo: Trollei minha AMIGA na BATALHA DE CONSTRUÇÃO - O FILME [dK_QtOJfaPM]
⏱️ Segmento/Index: 5
🤖 Consenso de IA: GZ (Detoxify: 0.215 | Perspective: 0.377)
──────────────────────────────────────────────────
Fala transcrita:
""Mas não sou eu, não, garoto. Não tem prova nada, eu, hein, garoto, tá chato. Galera, quase que o Eduarda me descobriu. Mas eu consegui aqui, ó, já fazer o meu Sonic. Já consegui atrapalhar ela também, vamos ver ali, ó. Olha lá, ela tá fazendo... Que coisa é essa, mano? Esse é um Sonic? Meu Deus, que coisa feia! Eu nunca vi um negócio tão feio como esse, eu tô até com medo. Vou pegar uma bolinha de neve aqui, galera, e vem aqui do canto, ó. Tá queimando bolinha de neve, será que ela percebeu? Que isso? Quem tacou o negócio aqui? Ai, ela olhou, ela olhou, ela olhou, ela olhou. Vamos fazer aqui, ó, o vídeo que tá construindo. Vou fazer barulho de bloco, galera, pra ela não desconfiar que eu não tô construindo nada. Do nada, maior solzão, começando a cair bolinha de neve. Tudo bem, né? Eduarda, falta dez segundos, Eduarda. Quê? Dez segundos, tio. Dez, que vem depois do nove e antes do onze. É, agora falta um set. Que, que, que, que, que, que, que, que, que, que, que, que, que, que, que? Eduarda, eu tô com medo de ver o teu. Deve estar um negócio feio parecendo você, garota. Por que que tu tá rindo? Eu tô rindo. Eu juro que você vai se impressionar. Eu tenho medo de me impressionar negativamente, Eduarda, de medo.""",Avaliador_C,Avaliador_E
4,"É! E a Amandinha, você sabe que tem cachorro que não gosta de ratinho, não, sabia? E eu acho que agora eu vou pegar a ratinha, Amandinha! Vem cá, Amandinha! Pega! Não! Nha! Nha! Pega, Amandinha! Nha! Nha! Nha! E olha, olha quem tá aqui! É um outro ratinho, um ratinho fofinho, né? E tem até um patinho. Olha a Ninizinha virou um patinho, gente! Olha que engraçado! E, gente, olha só esse daqui! Esse é aquele bichinho do fogo! Você viu? Ele solta fogo, esse bichinho, olha só! Tch, tch, tch, tch! Ele solta fogo, né? Ele solta fogo. Ué! O que é isso? Uá! É um porquinho fantasma! Quem é esse porquinho fantasma? Show-e! Oh, Kukê! Não gostei, não! Não gostei, Kukê! Você virou um porquinho fantasma, me deu susto, Kukê!",0.1029738783836364,0.7373585104942322,0.1596675515174865,NEU,0.4469603300094604,0.00268723256886,0.0517624095082283,0.0041526514105498,0.0637496933341026,0.0029696060810238,0.0038670538924634,0.36095104,Lokis,Roblox,LOKIS COLOCOU ROUPA DO PORQUINHO PIGGY  Roblox [rvpHTA2SwvQ],,GZ,GZ,GZ,"🎬 Canal: Lokis | 🎥 Vídeo: LOKIS COLOCOU ROUPA DO PORQUINHO PIGGY  Roblox [rvpHTA2SwvQ]
⏱️ Segmento/Index: 4
🤖 Consenso de IA: GZ (Detoxify: 0.447 | Perspective: 0.361)
──────────────────────────────────────────────────
Fala transcrita:
""É! E a Amandinha, você sabe que tem cachorro que não gosta de ratinho, não, sabia? E eu acho que agora eu vou pegar a ratinha, Amandinha! Vem cá, Amandinha! Pega! Não! Nha! Nha! Pega, Amandinha! Nha! Nha! Nha! E olha, olha quem tá aqui! É um outro ratinho, um ratinho fofinho, né? E tem até um patinho. Olha a Ninizinha virou um patinho, gente! Olha que engraçado! E, gente, olha só esse daqui! Esse é aquele bichinho do fogo! Você viu? Ele solta fogo, esse bichinho, olha só! Tch, tch, tch, tch! Ele solta fogo, né? Ele solta fogo. Ué! O que é isso? Uá! É um porquinho fantasma! Quem é esse porquinho fantasma? Show-e! Oh, Kukê! Não gostei, não! Não gostei, Kukê! Você virou um porquinho fantasma, me deu susto, Kukê!""",Avaliador_C,Avaliador_E
3,"Eu vou fazer a mesma coisa com o navio de vocês! Vocês vão ver só! Iiiiiiihuuu! Vai, gente! Hoje tem rum pra todo mundo! Olha lá! O Eldinaru ficaram daquele lado do navio! Eu tô conseguindo me soltar das correntes! Eu tenho uma chance! É agora! É agora que eu vou fugir! Aí, escapei! Escapei só que os piratas me viram! Eles viram que eu escapei! Pega ele! Pega ele, Capitão! Eu preciso fugir desse caminho! Consegui pular na água! Você não vai fugir, Atus! É! Volta aqui! Capitão, eu consegui capturar ele! Vem! Traz ele de volta pro barco! Vem! Ah! O que vocês estão fazendo comigo? Tá muito quente! É! Vai ficar aí de castigo porque tentou fugir! É! Precisa aprender a não sair fugindo por aí, tá? Eu vou pular na água de novo só pra me esfriar! Ah é? Quer saber? Ah, não vai não! Sai por quê? Por quê? Então... Eldin... Ei, você tá pensando o que eu tô pensando? Eu vou chamar o Kraken! Um segundo, Capitão! Já volto! Que Kraken? O que vocês estão falando? Aham! Você vai ver nosso animalzinho de estimação! Vai! Anda na prancha! O-onde?",0.0888690650463104,0.8007851243019104,0.1103457659482956,NEU,0.4008951485157013,0.0017535749357193,0.0462901853024959,0.0009706883574835,0.0212161745876073,0.030954023823142,0.0037196457851678,0.2854835,Athos,Minecraft,Fui Engolido pelo Kraken no Minecraft [rZVCEH4Z4y8],,GZ,GZ,GZ,"🎬 Canal: Athos | 🎥 Vídeo: Fui Engolido pelo Kraken no Minecraft [rZVCEH4Z4y8]
⏱️ Segmento/Index: 3
🤖 Consenso de IA: GZ (Detoxify: 0.401 | Perspective: 0.285)
──────────────────────────────────────────────────
Fala transcrita:
""Eu vou fazer a mesma coisa com o navio de vocês! Vocês vão ver só! Iiiiiiihuuu! Vai, gente! Hoje tem rum pra todo mundo! Olha lá! O Eldinaru ficaram daquele lado do navio! Eu tô conseguindo me soltar das correntes! Eu tenho uma chance! É agora! É agora que eu vou fugir! Aí, escapei! Escapei só que os piratas me viram! Eles viram que eu escapei! Pega ele! Pega ele, Capitão! Eu preciso fugir desse caminho! Consegui pular na água! Você não vai fugir, Atus! É! Volta aqui! Capitão, eu consegui capturar ele! Vem! Traz ele de volta pro barco! Vem! Ah! O que vocês estão fazendo comigo? Tá muito quente! É! Vai ficar aí de castigo porque tentou fugir! É! Precisa aprender a não sair fugindo por aí, tá? Eu vou pular na água de novo só pra me esfriar! Ah é? Quer saber? Ah, não vai não! Sai por quê? Por quê? Então... Eldin... Ei, você tá pensando o que eu tô pensando? Eu vou chamar o Kraken! Um segundo, Capitão! Já volto! Que Kraken? O que vocês estão falando? Aham! Você vai ver nosso animalzinho de estimação! Vai! Anda na prancha! O-onde?""",Avaliador_C,Avaliador_E
10,"Ele que deu ideia de amassar a sua cabeça, tá? Você devia agradecer! Cê tá louco, mas o David, ele é um rapaz tão bom, menino tão bom! Isso não vai ficar assim, não! Isso não vai ficar assim, não! Que isso? Eu vou fazer um ritual pra chamar o David de volta! Vai explodir, cara! Cê tá louco? O muvu gabedizal! Volta, David! O muvu gabedizal, o muvu gabedizal! Nossa, eu voltei! Aê! Eu sabia que o meu ritual ia dar certo! É sua última, última chance! Robin, por que você me baneou, Robin? Você é muito mau! Não faz mais isso, hein, Robin! E, David, chega de armadilhas! Agora temos que ir juntos! Mas aqui tem dinamites! TNTs azuis! Por que será? Conseguimos! Talvez porque tem a TNTs! Esse é o buraco mais perigoso de todos, hein! Nada de usar isqueiro por aqui! Cuidado, pessoal! Bloco invisível! Ôôôô, o que que é isso, hein? Eu vi esse ataque, eu sou rateiro! Foi o David, foi o David! Foi eu não, fui eu não! Que isso? Parei com isso! Tudo bloco falso! Cadê o Beto? Eu morri, meu! Eu morri! Eu não acredito, Beto! A gente tá preparando o caminho aqui, tranquilo pra você e você se mata!",0.4186950027942657,0.3072159588336944,0.274088978767395,NEG,0.9133058190345764,0.0119710369035601,0.052789457142353,0.0076114428229629,0.0587192997336387,0.0400972142815589,0.031344000250101,0.5559701,Robin Hood Gamer,Minecraft,NÃO ESCOLHA O BURACO ERRADO NO MINECRAFT TNT AZUL VS ESMERALDA [DeCo4HzucwQ],,T,T,T,"🎬 Canal: Robin Hood Gamer | 🎥 Vídeo: NÃO ESCOLHA O BURACO ERRADO NO MINECRAFT TNT AZUL VS ESMERALDA [DeCo4HzucwQ]
⏱️ Segmento/Index: 10
🤖 Consenso de IA: T (Detoxify: 0.913 | Perspective: 0.556)
──────────────────────────────────────────────────
Fala transcrita:
""Ele que deu ideia de amassar a sua cabeça, tá? Você devia agradecer! Cê tá louco, mas o David, ele é um rapaz tão bom, menino tão bom! Isso não vai ficar assim, não! Isso não vai ficar assim, não! Que isso? Eu vou fazer um ritual pra chamar o David de volta! Vai explodir, cara! Cê tá louco? O muvu gabedizal! Volta, David! O muvu gabedizal, o muvu gabedizal! Nossa, eu voltei! Aê! Eu sabia que o meu ritual ia dar certo! É sua última, última chance! Robin, por que você me baneou, Robin? Você é muito mau! Não faz mais isso, hein, Robin! E, David, chega de armadilhas! Agora temos que ir juntos! Mas aqui tem dinamites! TNTs azuis! Por que será? Conseguimos! Talvez porque tem a TNTs! Esse é o buraco mais perigoso de todos, hein! Nada de usar isqueiro por aqui! Cuidado, pessoal! Bloco invisível! Ôôôô, o que que é isso, hein? Eu vi esse ataque, eu sou rateiro! Foi o David, foi o David! Foi eu não, fui eu não! Que isso? Parei com isso! Tudo bloco falso! Cadê o Beto? Eu morri, meu! Eu morri! Eu não acredito, Beto! A gente tá preparando o caminho aqui, tranquilo pra você e você se mata!""",Avaliador_C,Avaliador_E
21,"Óbvio que vai nascer mais um bruh. Calma, preciso de um, dois. Boa. Boa, mano! Será que o End agora também é feito com blocks? Que maravilhoso, véi! Nossa! Dá pra enxergar lá embaixo. Que maluquice, mano. Tá, véi. Deixa eu jogar lá. Vai! Nossa, agora. Uh! Foi! Nossa, mano! Agora... Calma, eu vou pra lá, véi. Hihihi! Nossa, véi! Vai embora. Acho que subir assim é mais rápido, véi. Aí, ó. Vai embora ali. Nossa, eu to vendo muito dano. Vai ali. Vou pra ali agora. Boa. Falta ali, véi. Será que tem que acertar assim, mano? Eu não sei, véi. Eu tô indo na forma mais tradicional aqui. Boa! GG, mano. Tô com os cristais todos destruídos aqui. A cama. Tem que fazer a cama, véi. Eu tenho uma cama aqui. Ai, meu Deus.",0.0557828396558761,0.2939177751541137,0.6502993702888489,POS,0.3902384638786316,0.0017481178510934,0.0460970140993595,0.0028243365231901,0.1195451840758323,0.0433816760778427,0.0088277738541364,0.3666224,Geleia,Minecraft,minecraft mas TODOS OS BIOMAS SÃO ALEATÓRIOS [rhyiiIQCWF8],,GZ,GZ,GZ,"🎬 Canal: Geleia | 🎥 Vídeo: minecraft mas TODOS OS BIOMAS SÃO ALEATÓRIOS [rhyiiIQCWF8]
⏱️ Segmento/Index: 21
🤖 Consenso de IA: GZ (Detoxify: 0.39 | Perspective: 0.367)
──────────────────────────────────────────────────
Fala transcrita:
""Óbvio que vai nascer mais um bruh. Calma, preciso de um, dois. Boa. Boa, mano! Será que o End agora também é feito com blocks? Que maravilhoso, véi! Nossa! Dá pra enxergar lá embaixo. Que maluquice, mano. Tá, véi. Deixa eu jogar lá. Vai! Nossa, agora. Uh! Foi! Nossa, mano! Agora... Calma, eu vou pra lá, véi. Hihihi! Nossa, véi! Vai embora. Acho que subir assim é mais rápido, véi. Aí, ó. Vai embora ali. Nossa, eu to vendo muito dano. Vai ali. Vou pra ali agora. Boa. Falta ali, véi. Será que tem que acertar assim, mano? Eu não sei, véi. Eu tô indo na forma mais tradicional aqui. Boa! GG, mano. Tô com os cristais todos destruídos aqui. A cama. Tem que fazer a cama, véi. Eu tenho uma cama aqui. Ai, meu Deus.""",Avaliador_C,Avaliador_E
25,"Não era um ano? Não, eu não falei um ano não, tá maluco? Ah, tá, mas como é que eu posso ir aqui agora? Eu cheguei perto ali e voltei lá pro início! É, faz parte do labirinto, né? Você vai ter que descobrir sozinho! Ai, meu Deus do céu, calma aí! Será que tem alguma armadilha aqui? Eu jogo aqui... Opa! Descobriu um bloco falso! Ah, seu danadinho! Eu sou esperto! É até que você é inteligente! Tá, e agora a gente pula aqui! E beleza, eu consegui passar! E olha só, você vai ficar um ano sem me trollar, porque isso aqui valeu por um bilhão de trollagens! Uma hora! E você que assistiu o vídeo até o final, comenta susto! Que assim, a gente vai saber que você assistiu!",0.8203461766242981,0.1627954542636871,0.0168584585189819,NEG,0.2479026168584823,0.001365563715808,0.0334620401263237,0.0018597426824271,0.0670966729521751,0.0018574064597487,0.0021000027190893,0.37751234,Kass e KR,Minecraft,Trolei meu AMIGO com MOD de TERROR REALISTA no Minecraft [rnVzaTe5nOA],,GZ,GZ,GZ,"🎬 Canal: Kass e KR | 🎥 Vídeo: Trolei meu AMIGO com MOD de TERROR REALISTA no Minecraft [rnVzaTe5nOA]
⏱️ Segmento/Index: 25
🤖 Consenso de IA: GZ (Detoxify: 0.248 | Perspective: 0.378)
──────────────────────────────────────────────────
Fala transcrita:
""Não era um ano? Não, eu não falei um ano não, tá maluco? Ah, tá, mas como é que eu posso ir aqui agora? Eu cheguei perto ali e voltei lá pro início! É, faz parte do labirinto, né? Você vai ter que descobrir sozinho! Ai, meu Deus do céu, calma aí! Será que tem alguma armadilha aqui? Eu jogo aqui... Opa! Descobriu um bloco falso! Ah, seu danadinho! Eu sou esperto! É até que você é inteligente! Tá, e agora a gente pula aqui! E beleza, eu consegui passar! E olha só, você vai ficar um ano sem me trollar, porque isso aqui valeu por um bilhão de trollagens! Uma hora! E você que assistiu o vídeo até o final, comenta susto! Que assim, a gente vai saber que você assistiu!""",Avaliador_C,Avaliador_E
0,"Logs, eu tô com medo pra me esconder dentro da geladeira! É, Sofia, se esconde, tá bom? Não! A lixofinha, porra! Ah, tem, tem, tem! Ah, não! Calma, menina! Tem esse gato aqui, ó! Pegou! Alguém testemunha um evento fantasma? Evento fantasma? Fantasma? Fantasma! Fantasma! Vamos a um fantasma, Logs! Gente, tem fantasma aqui, fantasma! Olha onde a gente tá! Ah, Logs, você trouxe a gente pro lugar fantasma! Desculpa, desculpa! Por que você fez isso? Claro, o fantasma vai vir atrás da gente! A gente tá atrapalhando o lugar dele! Eu pensei que a gente tá vindo pro lugar legal! Eu acho que a gente veio pro lugar que tem fantasma! Ah, não! Vim pra lua, culpa é sua! E tá tudo escuro!",0.1058041378855705,0.7238001823425293,0.1703956723213195,NEU,0.852302610874176,0.0054776528850197,0.2892190814018249,0.0019381413003429,0.0603539496660232,0.0035316967405378,0.0119103910401463,0.47119883,Lokis,Roblox,SUSTO DO FANTASMA NA CASA ASSOMBRADA  Roblox - Specter [9HwOobqPjqw],,T,T,T,"🎬 Canal: Lokis | 🎥 Vídeo: SUSTO DO FANTASMA NA CASA ASSOMBRADA  Roblox - Specter [9HwOobqPjqw]
⏱️ Segmento/Index: 0
🤖 Consenso de IA: T (Detoxify: 0.852 | Perspective: 0.471)
──────────────────────────────────────────────────
Fala transcrita:
""Logs, eu tô com medo pra me esconder dentro da geladeira! É, Sofia, se esconde, tá bom? Não! A lixofinha, porra! Ah, tem, tem, tem! Ah, não! Calma, menina! Tem esse gato aqui, ó! Pegou! Alguém testemunha um evento fantasma? Evento fantasma? Fantasma? Fantasma! Fantasma! Vamos a um fantasma, Logs! Gente, tem fantasma aqui, fantasma! Olha onde a gente tá! Ah, Logs, você trouxe a gente pro lugar fantasma! Desculpa, desculpa! Por que você fez isso? Claro, o fantasma vai vir atrás da gente! A gente tá atrapalhando o lugar dele! Eu pensei que a gente tá vindo pro lugar legal! Eu acho que a gente veio pro lugar que tem fantasma! Ah, não! Vim pra lua, culpa é sua! E tá tudo escuro!""",Avaliador_C,Avaliador_E
10,"É, eu nem me importo com isso! Isso aí é só uma mínima parte de tudo que eu tenho! Eu não me importo! Ah, é mesmo? Então agora é só me dizer onde tá todo o resto! Eu não vou dizer nada, não vou dizer nada! Pode abrir esse cofre e fica com o dinheiro aí, acho bom me libertar! Não, não! Já peguei o dinheiro que tá aqui, não tem problema! Mas eu só vou te libertar quando eu saber onde tá todo o resto, Atos! Eu quero todo o seu dinheiro! Então você tem um grave problema, porque a coisa mais preciosa que eu tenho é o meu coração! Ah, o coração? Ah, que ideia maravilhosa! Não tem problema, eu vou roubar seu coração! Não, Naru, não faça uma coisa dessa, você tá maluco! Talvez um pouquinho, mas não tem problema não, a gente arranca! Eu vou chamar o Dr. Hanson Crotus, pera aí! Naru, você tá doido! Volta aqui, Naru! O Furious chegou até o banco, só que ele não tá entendendo porque as portas do banco estão abertas de noite, porque tá cheio de buracos ali na frente! Pera aí, por que o banco tá todo aberto a hora dessa?",0.1976680159568786,0.6731168627738953,0.1292150914669037,NEU,0.773591160774231,0.0069721397012472,0.0672710016369819,0.0038461009971797,0.074015125632286,0.0066305072978138,0.0057798107154667,0.34757367,Athos,Minecraft,Passei 99 dias RAPTADO no Minecraft [ect7BzJTxzs],,GZ,GZ,GZ,"🎬 Canal: Athos | 🎥 Vídeo: Passei 99 dias RAPTADO no Minecraft [ect7BzJTxzs]
⏱️ Segmento/Index: 10
🤖 Consenso de IA: GZ (Detoxify: 0.774 | Perspective: 0.348)
──────────────────────────────────────────────────
Fala transcrita:
""É, eu nem me importo com isso! Isso aí é só uma mínima parte de tudo que eu tenho! Eu não me importo! Ah, é mesmo? Então agora é só me dizer onde tá todo o resto! Eu não vou dizer nada, não vou dizer nada! Pode abrir esse cofre e fica com o dinheiro aí, acho bom me libertar! Não, não! Já peguei o dinheiro que tá aqui, não tem problema! Mas eu só vou te libertar quando eu saber onde tá todo o resto, Atos! Eu quero todo o seu dinheiro! Então você tem um grave problema, porque a coisa mais preciosa que eu tenho é o meu coração! Ah, o coração? Ah, que ideia maravilhosa! Não tem problema, eu vou roubar seu coração! Não, Naru, não faça uma coisa dessa, você tá maluco! Talvez um pouquinho, mas não tem problema não, a gente arranca! Eu vou chamar o Dr. Hanson Crotus, pera aí! Naru, você tá doido! Volta aqui, Naru! O Furious chegou até o banco, só que ele não tá entendendo porque as portas do banco estão abertas de noite, porque tá cheio de buracos ali na frente! Pera aí, por que o banco tá todo aberto a hora dessa?""",Avaliador_C,Avaliador_E
1,"Estou pertinho dele! Pra onde ele foi? Eu vou atrás! Ele é o xerifão! Ele está perto de você! Ele me deu um susto porque ele está com a metinha. Eu acho que eu vou ficar escondidinho aqui. Vem, bananinha, vem! Não vamos ficar paradinho, não! Se não morde, vai pegar a gente! Vamos lá pra fora que eu tenho um esconderijo muito legal. Vem, bananinha, vem! Que bananinha, tá vindo! Cadê vocês? Quem é? Onad, por que você tá perguntando quem é? Cadê a gente? Porque eu quis saber! Onad, eu tô achando que você é morde, Onad! Eu tô achando! Não, não! Onad, se você for morde, eu vou contar pro bananinha! É você, sim, Onad! É a Onad! É o pintinho amarelinho! O pintinho amarelinho! Não, o bananinha, ele não é mordezinho, não é! O pintinho amarelinho casa a minha mão na minha mão! Não, não é, Onad, ele é bananinha! O pintinho amarelinho! Sabe quem tá muito caladinha? É a Nick! É a Nick! Eu não, eu não! Eu vi! Eu vi a Nick! Eu vou pegar a minha!",0.1314562857151031,0.6743420362472534,0.1942016631364822,NEU,0.4930567443370819,0.005576436407864,0.0566045455634593,0.0065576694905757,0.0384927988052368,0.006750326603651,0.0146312545984983,0.25462922,Lokis,Roblox,FAQUINHA DO PAPAI NOEL  Roblox - Murder Mystery 2 [n1Mc4yYnJ1o],,GZ,GZ,GZ,"🎬 Canal: Lokis | 🎥 Vídeo: FAQUINHA DO PAPAI NOEL  Roblox - Murder Mystery 2 [n1Mc4yYnJ1o]
⏱️ Segmento/Index: 1
🤖 Consenso de IA: GZ (Detoxify: 0.493 | Perspective: 0.255)
──────────────────────────────────────────────────
Fala transcrita:
""Estou pertinho dele! Pra onde ele foi? Eu vou atrás! Ele é o xerifão! Ele está perto de você! Ele me deu um susto porque ele está com a metinha. Eu acho que eu vou ficar escondidinho aqui. Vem, bananinha, vem! Não vamos ficar paradinho, não! Se não morde, vai pegar a gente! Vamos lá pra fora que eu tenho um esconderijo muito legal. Vem, bananinha, vem! Que bananinha, tá vindo! Cadê vocês? Quem é? Onad, por que você tá perguntando quem é? Cadê a gente? Porque eu quis saber! Onad, eu tô achando que você é morde, Onad! Eu tô achando! Não, não! Onad, se você for morde, eu vou contar pro bananinha! É você, sim, Onad! É a Onad! É o pintinho amarelinho! O pintinho amarelinho! Não, o bananinha, ele não é mordezinho, não é! O pintinho amarelinho casa a minha mão na minha mão! Não, não é, Onad, ele é bananinha! O pintinho amarelinho! Sabe quem tá muito caladinha? É a Nick! É a Nick! Eu não, eu não! Eu vi! Eu vi a Nick! Eu vou pegar a minha!""",Avaliador_C,Avaliador_E
0,"E cá está mais um x1 que toda a comunidade do Free Fire estava esperando Amy Scarlett contra Lady Perigosa, ou mais conhecida como Abot Ela tava querendo ficar no meu time, mas como isso é impossível ela tem que ficar no time contrário Vai Lady aceita que tu vai perder, ninguém mandou você brigar comigo A partida tava começando e ela falou que ia me bagaçar na águia do deserto Então eu falei também vou puxar águia, se você vier me tombar tu vai tombar também Eu já tava fazendo a movimentação de ratazão é pra ela sentir a pressão da garota, a minha pressão E eu confesso a cada passo era um eita porque eu não sabia onde essa pilã tratava Real, não joga em contra a Lady, ela fica se escondendo e você fica nervosa Quando ela falou que tava me vendo eu fiquei toda cagada, meu Deus cadê essa mulher Finalmente eu avistei o saco de lixo correndo, eu nem sabia que lixo andava e ela tava correndo ali no meio do aberto Eu já rodei meu analógico pra ela sentir a pressão da garota Quando eu fui atacar ninguém esperava por isso, cadê essa mulher?",0.2093689292669296,0.5108369588851929,0.2797941267490387,NEU,0.7062991857528687,0.0042203604243695,0.1607697308063507,0.0033413025084882,0.0891846865415573,0.0029899717774242,0.0255785807967185,0.295883,Amy Scarlet,Roblox,Amy Scarlet vs Lady Perigosa [5O8kYhtTHt4],,GZ,GZ,GZ,"🎬 Canal: Amy Scarlet | 🎥 Vídeo: Amy Scarlet vs Lady Perigosa [5O8kYhtTHt4]
⏱️ Segmento/Index: 0
🤖 Consenso de IA: GZ (Detoxify: 0.706 | Perspective: 0.296)
──────────────────────────────────────────────────
Fala transcrita:
""E cá está mais um x1 que toda a comunidade do Free Fire estava esperando Amy Scarlett contra Lady Perigosa, ou mais conhecida como Abot Ela tava querendo ficar no meu time, mas como isso é impossível ela tem que ficar no time contrário Vai Lady aceita que tu vai perder, ninguém mandou você brigar comigo A partida tava começando e ela falou que ia me bagaçar na águia do deserto Então eu falei também vou puxar águia, se você vier me tombar tu vai tombar também Eu já tava fazendo a movimentação de ratazão é pra ela sentir a pressão da garota, a minha pressão E eu confesso a cada passo era um eita porque eu não sabia onde essa pilã tratava Real, não joga em contra a Lady, ela fica se escondendo e você fica nervosa Quando ela falou que tava me vendo eu fiquei toda cagada, meu Deus cadê essa mulher Finalmente eu avistei o saco de lixo correndo, eu nem sabia que lixo andava e ela tava correndo ali no meio do aberto Eu já rodei meu analógico pra ela sentir a pressão da garota Quando eu fui atacar ninguém esperava por isso, cadê essa mulher?""",Avaliador_C,Avaliador_E
8,"Libera aí, libera essa fábrica Eu quero entrar Beleza, o cara tá parado ali Pelo jeito não vai deixar eu entrar mesmo Vamos ver se o Vegeta vai deixar eu entrar Vamos, vamos Eu estou aqui, Vegeta, eu estou aqui pra lutar Abre essa fábrica Vou ficar com o Shuriken Que é a Shuriken Eu cortei o Vegeta, matei ele Depois só finalizei na Katana Ah, não dá pra acertar ele com essa porta fechada Abre aí, medroso Não dá, não dá pra lutar com ele Opa, ele saiu Saiu Shuriken Vai, vai, vai, vai Vai, Shuriken Vai Não, ele saiu bem na hora Tem que desviar, tem que desviar A gente tá tentando fazer o ataque de Shuriken Vai Droga O Vegeta me matou Agora eu tô muito bravo Eu vou me transformar no Goku Eu não vou conseguir virar um Super Saiyan Mas eu vou desbloquear novas habilidades especiais É isso Tô me transformando, vamos lá Cadê o cabelo? Olha a minha cara, ela estica E volta E eu viro o Goku Muito louco esse Goku, tá bem realista, hein Gostei bastante E agora tá na hora de desbloquear Ah, não Isso aqui é a pior coisa que existe Olha isso Eu nunca entendi esse equipamento aqui É um pedaço de madeira Ligado no outro com uma corrente Pra mim não faz sentido não, cara Vou deixar isso aqui no meu inventário E não vou usar Não, de jeito nenhum Vamos ver o que é isso Caraca, mas que braço é esse?",0.5184972882270813,0.4237212538719177,0.0577814914286136,NEG,0.6551256775856018,0.0162505749613046,0.0556950755417346,0.0076165017671883,0.048833929002285,0.007684193085879,0.0155985616147518,0.25462922,Robin Hood Gamer,Minecraft,FÁBRICA DO GOKU NO ROBLOX Dragon Ball Super Tycoon [BwHmGFTXjSk],,GZ,GZ,GZ,"🎬 Canal: Robin Hood Gamer | 🎥 Vídeo: FÁBRICA DO GOKU NO ROBLOX Dragon Ball Super Tycoon [BwHmGFTXjSk]
⏱️ Segmento/Index: 8
🤖 Consenso de IA: GZ (Detoxify: 0.655 | Perspective: 0.255)
──────────────────────────────────────────────────
Fala transcrita:
""Libera aí, libera essa fábrica Eu quero entrar Beleza, o cara tá parado ali Pelo jeito não vai deixar eu entrar mesmo Vamos ver se o Vegeta vai deixar eu entrar Vamos, vamos Eu estou aqui, Vegeta, eu estou aqui pra lutar Abre essa fábrica Vou ficar com o Shuriken Que é a Shuriken Eu cortei o Vegeta, matei ele Depois só finalizei na Katana Ah, não dá pra acertar ele com essa porta fechada Abre aí, medroso Não dá, não dá pra lutar com ele Opa, ele saiu Saiu Shuriken Vai, vai, vai, vai Vai, Shuriken Vai Não, ele saiu bem na hora Tem que desviar, tem que desviar A gente tá tentando fazer o ataque de Shuriken Vai Droga O Vegeta me matou Agora eu tô muito bravo Eu vou me transformar no Goku Eu não vou conseguir virar um Super Saiyan Mas eu vou desbloquear novas habilidades especiais É isso Tô me transformando, vamos lá Cadê o cabelo? Olha a minha cara, ela estica E volta E eu viro o Goku Muito louco esse Goku, tá bem realista, hein Gostei bastante E agora tá na hora de desbloquear Ah, não Isso aqui é a pior coisa que existe Olha isso Eu nunca entendi esse equipamento aqui É um pedaço de madeira Ligado no outro com uma corrente Pra mim não faz sentido não, cara Vou deixar isso aqui no meu inventário E não vou usar Não, de jeito nenhum Vamos ver o que é isso Caraca, mas que braço é esse?""",Avaliador_C,Avaliador_E
13,"Vamos ficar invisível! E vamos chegar lá perto da construção do Cadres. Deixa eu espionar ela! Olha só! Tá bonito! Nossa, eu poderia muito trollar ele agora! Eu poderia muito trollar ele, mas eu não vou fazer isso! E o pior é que por eu não saber construir uma fonte, isso daqui tá deixando a minha casa feia! Mas eu não posso parar, senão o Atus vai descobrir! Ah, quer saber? Eu vou fazer uns detalhezinhos aqui a mais, só pra ver se isso daqui fica menos pior. Agora eu vou vir aqui no meio e colocar essas escadas. E aqui em cima eu vou colocar mais um pouquinho. Ai não, aqui não, aqui não! Eu preciso colocar, na verdade, aqui embaixo. E agora, só pra finalizar, eu coloco uma laje aqui em cima e coloco mais um monte de laje aqui. E essa daqui vai ser a nossa fonte. Eu não vou trollar, eu vou voltar pra casinha e esperar ele. Ficou muito feio isso, mas quer saber? Eu vou voltar pra casinha. E o Atus tá me espionando agora de cima! Atus, você tem que parar de me espionar! Não, eu só tô testando minha luneta, eu limpei a lente dela. Ah, você tá me espionando, você acha que eu não sei, não? Ah, é que olha só que construção bonita!",0.242025688290596,0.4764040410518646,0.2815702557563782,NEU,0.2166111469268798,0.0070325261913239,0.0486087650060653,0.0043756323866546,0.0398604869842529,0.0102189797908067,0.0030441787093877,0.2854971,Cadres,Minecraft,MANSÃO de R1 vs MANSÃO de R1.000.00000 no Minecraft [ShDYg0jAb-A],,GZ,GZ,GZ,"🎬 Canal: Cadres | 🎥 Vídeo: MANSÃO de R1 vs MANSÃO de R1.000.00000 no Minecraft [ShDYg0jAb-A]
⏱️ Segmento/Index: 13
🤖 Consenso de IA: GZ (Detoxify: 0.217 | Perspective: 0.285)
──────────────────────────────────────────────────
Fala transcrita:
""Vamos ficar invisível! E vamos chegar lá perto da construção do Cadres. Deixa eu espionar ela! Olha só! Tá bonito! Nossa, eu poderia muito trollar ele agora! Eu poderia muito trollar ele, mas eu não vou fazer isso! E o pior é que por eu não saber construir uma fonte, isso daqui tá deixando a minha casa feia! Mas eu não posso parar, senão o Atus vai descobrir! Ah, quer saber? Eu vou fazer uns detalhezinhos aqui a mais, só pra ver se isso daqui fica menos pior. Agora eu vou vir aqui no meio e colocar essas escadas. E aqui em cima eu vou colocar mais um pouquinho. Ai não, aqui não, aqui não! Eu preciso colocar, na verdade, aqui embaixo. E agora, só pra finalizar, eu coloco uma laje aqui em cima e coloco mais um monte de laje aqui. E essa daqui vai ser a nossa fonte. Eu não vou trollar, eu vou voltar pra casinha e esperar ele. Ficou muito feio isso, mas quer saber? Eu vou voltar pra casinha. E o Atus tá me espionando agora de cima! Atus, você tem que parar de me espionar! Não, eu só tô testando minha luneta, eu limpei a lente dela. Ah, você tá me espionando, você acha que eu não sei, não? Ah, é que olha só que construção bonita!""",Avaliador_C,Avaliador_E
8,"Eu vou te levar no pet shop que eu vou deixar lá você para do chão! Quê? O que você vai fazer comigo? Vai me deixar pra onde eu sou? É! Eu hein! Socorro! Eu tô presa do arfanato, é culpa do sorveteiro! Socorro! Ele me deixou aqui! Ele é maluco, alguém me salva! Eu vou te adotar! Quê? Eu não quero você como pai! Adotei! Eu vou adotar! Eu vou fugir! Vai você não consegue fugir! Eu vou fugir sim! Você não vai acreditar no que eu vou fazer! Você vai me no pet! Não, olha o que eu vou fazer! Eu vou pegar você no coque! Olha onde eu tô! Eu tô do outro lado! Ai eu tô presa no fim! Eu consigo pegar você ainda! Ai ele é louco, gente!",0.1967970728874206,0.7125416398048401,0.0906612798571586,NEU,0.9716501832008362,0.0092480517923831,0.0711425840854644,0.0035216426476836,0.1632128804922104,0.0582328587770462,0.0176806505769491,0.42985553,Papile,Roblox,SORVETEIRO ROD DO ICE SCREAM FOI ENCONTRADO NO ADOPT ME Roblox [U5Mih084fu0],,T,T,T,"🎬 Canal: Papile | 🎥 Vídeo: SORVETEIRO ROD DO ICE SCREAM FOI ENCONTRADO NO ADOPT ME Roblox [U5Mih084fu0]
⏱️ Segmento/Index: 8
🤖 Consenso de IA: T (Detoxify: 0.972 | Perspective: 0.43)
──────────────────────────────────────────────────
Fala transcrita:
""Eu vou te levar no pet shop que eu vou deixar lá você para do chão! Quê? O que você vai fazer comigo? Vai me deixar pra onde eu sou? É! Eu hein! Socorro! Eu tô presa do arfanato, é culpa do sorveteiro! Socorro! Ele me deixou aqui! Ele é maluco, alguém me salva! Eu vou te adotar! Quê? Eu não quero você como pai! Adotei! Eu vou adotar! Eu vou fugir! Vai você não consegue fugir! Eu vou fugir sim! Você não vai acreditar no que eu vou fazer! Você vai me no pet! Não, olha o que eu vou fazer! Eu vou pegar você no coque! Olha onde eu tô! Eu tô do outro lado! Ai eu tô presa no fim! Eu consigo pegar você ainda! Ai ele é louco, gente!""",Avaliador_C,Avaliador_E
3,"Sai pra lá Eu vou te acertar, vou te acertar, ah tá, calma JP, se concentra, eu sei, eu sei que eu tô nervoso Mas é que você tá me irritando, você me empurrou de cima da montanha Que mal, foi sequeré JP, ai Ai, é bom mesmo, é bom mesmo que tenha sido sem querer, vem por aqui, por aqui, porque eu não lembro, cadê o baú? O baú tava pra cá né? O baú tava pra cá, a gente... Para com isso, nós não podemos fazer muito barulho Porque senão vai chamar a atenção dessas criaturas, dos zumbis Olha essa planta aqui, eu me assustei Ah, você se assustou com uma planta, é realmente uma planta bem feia Mas se concentra, se concentra na missão que é chegar até o baú Que tá logo ali ó, se tem um zumbizinho, será que ele vai me ver?",0.4109259247779846,0.4360372126102447,0.1530368030071258,NEU,0.5875768661499023,0.0103604877367615,0.0633582174777984,0.0053859339095652,0.0422957651317119,0.0146294385194778,0.0085652926936745,0.32236105,JP Plays,Minecraft,MINECRAFT mas COM ARMAS [h1qn5jPVobU],,GZ,GZ,GZ,"🎬 Canal: JP Plays | 🎥 Vídeo: MINECRAFT mas COM ARMAS [h1qn5jPVobU]
⏱️ Segmento/Index: 3
🤖 Consenso de IA: GZ (Detoxify: 0.588 | Perspective: 0.322)
──────────────────────────────────────────────────
Fala transcrita:
""Sai pra lá Eu vou te acertar, vou te acertar, ah tá, calma JP, se concentra, eu sei, eu sei que eu tô nervoso Mas é que você tá me irritando, você me empurrou de cima da montanha Que mal, foi sequeré JP, ai Ai, é bom mesmo, é bom mesmo que tenha sido sem querer, vem por aqui, por aqui, porque eu não lembro, cadê o baú? O baú tava pra cá né? O baú tava pra cá, a gente... Para com isso, nós não podemos fazer muito barulho Porque senão vai chamar a atenção dessas criaturas, dos zumbis Olha essa planta aqui, eu me assustei Ah, você se assustou com uma planta, é realmente uma planta bem feia Mas se concentra, se concentra na missão que é chegar até o baú Que tá logo ali ó, se tem um zumbizinho, será que ele vai me ver?""",Avaliador_C,Avaliador_E
5,"Meu Deus, vai, vai. Vai verdinho, vai verdinho, eu confio. Vai, vai. Tu tem que se escorar atrás do negocinho pra eles não te derrubar, né. Por favor, já morreu um ali e já se fundiu com o outro ali. Morreu o outro e já se fundiu também. Só 3 sobrando. Ah, o verde já morreu, eu acho. Olha, esse aqui é inteligente, ó. Ó, ó, ó, ó, vai, vai, vai, vai. Corre, bichinho. Meu Deus. Boa, boa, passou os dois, vai. Agora vocês tem que decidir pra qual lado vocês vão. Vai um pra cá e outro pra lá pra decidir qual é o melhor. Aí depois o pretinho foi lá pelo lado, o verdinho também. O verdinho morreu, velho. Ah, o pretinho vai se matar agora, quer ver? Não, não, foi, foi. Não. Ah, velho, é muito difícil. Caramba, mano. Verdinho, vai verdinho, vai verdinho, vai verdinho, vai verdinho, vai verdinho. Vamos ver, vamos ver, eu confio em você, vai verdinho, vamos ver, eu confio em você, vamos ver, vamos ver, eu confio em você, se você morrer. Vai, por favor, eu confio em você. Não, corre, bichinho, corre.",0.2411283552646637,0.5157623291015625,0.2431093603372573,NEU,0.7225968241691589,0.0059679527767002,0.0494928807020187,0.0036128172650933,0.0961362272500991,0.1009694188833236,0.0144748939201235,0.2854937,Geleia,Minecraft,FALL GUYS no MINECRAFT INCRÍVEL [Gd81sB6c788],,GZ,GZ,GZ,"🎬 Canal: Geleia | 🎥 Vídeo: FALL GUYS no MINECRAFT INCRÍVEL [Gd81sB6c788]
⏱️ Segmento/Index: 5
🤖 Consenso de IA: GZ (Detoxify: 0.723 | Perspective: 0.285)
──────────────────────────────────────────────────
Fala transcrita:
""Meu Deus, vai, vai. Vai verdinho, vai verdinho, eu confio. Vai, vai. Tu tem que se escorar atrás do negocinho pra eles não te derrubar, né. Por favor, já morreu um ali e já se fundiu com o outro ali. Morreu o outro e já se fundiu também. Só 3 sobrando. Ah, o verde já morreu, eu acho. Olha, esse aqui é inteligente, ó. Ó, ó, ó, ó, vai, vai, vai, vai. Corre, bichinho. Meu Deus. Boa, boa, passou os dois, vai. Agora vocês tem que decidir pra qual lado vocês vão. Vai um pra cá e outro pra lá pra decidir qual é o melhor. Aí depois o pretinho foi lá pelo lado, o verdinho também. O verdinho morreu, velho. Ah, o pretinho vai se matar agora, quer ver? Não, não, foi, foi. Não. Ah, velho, é muito difícil. Caramba, mano. Verdinho, vai verdinho, vai verdinho, vai verdinho, vai verdinho, vai verdinho. Vamos ver, vamos ver, eu confio em você, vai verdinho, vamos ver, eu confio em você, vamos ver, vamos ver, eu confio em você, se você morrer. Vai, por favor, eu confio em você. Não, corre, bichinho, corre.""",Avaliador_C,Avaliador_E
1,"Ai mano, falei pra tu que não ia dar certo essa cauda, caiu um cara de cara Não, foi mal, foi mal, acontece, a culpa foi minha, realmente foi um equivo que eu errei, tô muito equivocado aqui Tô triste, mas menos 50 Mano, nós vamos cair ali no aberto, confia que vai dar bom Tem certeza, ali tá com cara que vai cair muita gente Meu amigo, eu já passei alguma cauda errada pra tu, confia na cauda do ânimo Beleza, vamos pular lá então Vai!",0.4804385006427765,0.4626966118812561,0.0568648912012577,NEG,0.0458244644105434,0.0009946830105036,0.0139462379738688,0.0005559895071201,0.0109845390543341,0.005354537628591,0.0027373246848583,0.16158698,meu nome é david,Roblox,FREE FIRE NA VIDA REAL - EXPECTATIVA VS REALIDADE 3 [mP0M-3P1Ae4],,NT,NT,NT,"🎬 Canal: meu nome é david | 🎥 Vídeo: FREE FIRE NA VIDA REAL - EXPECTATIVA VS REALIDADE 3 [mP0M-3P1Ae4]
⏱️ Segmento/Index: 1
🤖 Consenso de IA: NT (Detoxify: 0.046 | Perspective: 0.162)
──────────────────────────────────────────────────
Fala transcrita:
""Ai mano, falei pra tu que não ia dar certo essa cauda, caiu um cara de cara Não, foi mal, foi mal, acontece, a culpa foi minha, realmente foi um equivo que eu errei, tô muito equivocado aqui Tô triste, mas menos 50 Mano, nós vamos cair ali no aberto, confia que vai dar bom Tem certeza, ali tá com cara que vai cair muita gente Meu amigo, eu já passei alguma cauda errada pra tu, confia na cauda do ânimo Beleza, vamos pular lá então Vai!""",Avaliador_C,Avaliador_E
0,de mata minha para Jela Fina Mortal Jela Fina Mortal Jela Fina Mortal,0.0478754229843616,0.6958615779876709,0.2562629580497741,NEU,0.345215767621994,0.005989734083414,0.0372418984770774,0.0057726660743355,0.0256162174046039,0.0257484037429094,0.0077968053519725,0.22445217,Amy Scarlet,Roblox,Minha mãe ama a filha que tem hahahah [r6mdhU7pMiU],,GZ,GZ,GZ,"🎬 Canal: Amy Scarlet | 🎥 Vídeo: Minha mãe ama a filha que tem hahahah [r6mdhU7pMiU]
⏱️ Segmento/Index: 0
🤖 Consenso de IA: GZ (Detoxify: 0.345 | Perspective: 0.224)
──────────────────────────────────────────────────
Fala transcrita:
""de mata minha para Jela Fina Mortal Jela Fina Mortal Jela Fina Mortal""",Avaliador_C,Avaliador_E
2,"Ele vai ficar aqui e ele vai tá cheio de diamantes! Agora eu vou descer e vou falar com o Chand! Eu vou contar pra ele que eu terminei a minha casa em menos de 10 minutos! E agora eu não vou ser expulso do servidor! Eu vou mostrar a minha casa! Ah! Isso é assalto, isso é assalto! Ladrão, eu sabia que o server tá muito perigoso! Não, é... Vai, passa os diamantes! Eu vou te atacar! Ah! Passa os diamantes agora! Tá, não atira, não atira, não atira! Eu não tenho nenhum diamante! Tem sim, vai buscar agora! Tá bom, eu vou subir lá! Galera, eu tô sendo obrigado a entregar meus diamantes! Que raiva! Esse server tá muito perigoso! Depois eu vou chamar a polícia! Se você chamar a polícia, eu vou atirar! Não, não atira, senhor, não atira! Aqui estão os diamantes! Eu tenho só três diamantes! Isso aí! Não, vim mais um aí! Tá, é verdade, eu tenho quatro! Você não viu nada! Consegui, galera! Eu enganei! Eu enganei o ladrão! Eu dei só quatro diamantes pra ele! E eu tenho 48 diamantes! Oh, me dei bem! E eu acho que o ladrão já foi embora! Agora, finalmente, eu posso sair da casa!",0.2327940464019775,0.7066650986671448,0.0605408698320388,NEU,0.861922025680542,0.0096184145659208,0.0530222579836845,0.0038959269877523,0.0473226457834243,0.057092972099781,0.0175482686609029,0.568186,Athos,Minecraft,Polícia e Ladrão no Minecraft [40GzUlhfRaI],,T,T,T,"🎬 Canal: Athos | 🎥 Vídeo: Polícia e Ladrão no Minecraft [40GzUlhfRaI]
⏱️ Segmento/Index: 2
🤖 Consenso de IA: T (Detoxify: 0.862 | Perspective: 0.568)
──────────────────────────────────────────────────
Fala transcrita:
""Ele vai ficar aqui e ele vai tá cheio de diamantes! Agora eu vou descer e vou falar com o Chand! Eu vou contar pra ele que eu terminei a minha casa em menos de 10 minutos! E agora eu não vou ser expulso do servidor! Eu vou mostrar a minha casa! Ah! Isso é assalto, isso é assalto! Ladrão, eu sabia que o server tá muito perigoso! Não, é... Vai, passa os diamantes! Eu vou te atacar! Ah! Passa os diamantes agora! Tá, não atira, não atira, não atira! Eu não tenho nenhum diamante! Tem sim, vai buscar agora! Tá bom, eu vou subir lá! Galera, eu tô sendo obrigado a entregar meus diamantes! Que raiva! Esse server tá muito perigoso! Depois eu vou chamar a polícia! Se você chamar a polícia, eu vou atirar! Não, não atira, senhor, não atira! Aqui estão os diamantes! Eu tenho só três diamantes! Isso aí! Não, vim mais um aí! Tá, é verdade, eu tenho quatro! Você não viu nada! Consegui, galera! Eu enganei! Eu enganei o ladrão! Eu dei só quatro diamantes pra ele! E eu tenho 48 diamantes! Oh, me dei bem! E eu acho que o ladrão já foi embora! Agora, finalmente, eu posso sair da casa!""",Avaliador_C,Avaliador_E
1,"Meu querido, o que é isso? Eu tô vendo, tá sujo o telhado aqui, mas tá tudo tranquilo. Ô, Rogerinho, não me mata do coração, não, meu filho. Se tu cai daí, já era, hein? Meu Deus do céu, eu cresci! Finalmente! Eduarda, você cresceu, garoto! Tenta entrar aqui na casa, vê se tu consegue. Ó, abri a porta para tu... Tá batendo com a cabeça, garota. Acabou que a tua cabeça vai ficar quadrada, né? Ah, é só quebrar esse bloco aqui, a gente consegue entrar, né, Marcelo? Com a mão, Eduarda? É verdade, é meio difícil. É, vamos fazer a picareta. Sabe, tem alguma coisa aí que eu tô com fome? Eu tenho aquele frango gigante que a gente pegou, né, Eduarda? Isso aqui vai matar a fome do planeta Terra. Olha o tamanho dele. É impossível tu comer isso aí sozinha, Eduarda. Se tu comer esse negócio sozinha... Tava gostoso. Eduarda, cadê o frango que eu te dei agora? Tá aqui na minha barriguinha. Meu Deus do céu, a barriga dela nem cresceu! Eu tô falando, gente, Eduarda é doida! Essa barriga dela aí, ó! Aguenta qualquer coisa aí. Agora que a gente já tem alguns itens, Eduarda, vamos tentar entrar nessa casa aqui, né, porque não tava dando muito, né? Tenta entrar aí agora. Boa, Eduarda! O que tem nesse baú?",0.215395838022232,0.5168323516845703,0.2677717506885528,NEU,0.2508953213691711,0.0016488361870869,0.0531464517116546,0.0008513781940564,0.031946238130331,0.0064780018292367,0.0071227303706109,0.25462922,Marcelodrv,Minecraft,a CADA MINUTO ficamos MAIORES no Minecraft [DEENP2OSk9U],,GZ,GZ,GZ,"🎬 Canal: Marcelodrv | 🎥 Vídeo: a CADA MINUTO ficamos MAIORES no Minecraft [DEENP2OSk9U]
⏱️ Segmento/Index: 1
🤖 Consenso de IA: GZ (Detoxify: 0.251 | Perspective: 0.255)
──────────────────────────────────────────────────
Fala transcrita:
""Meu querido, o que é isso? Eu tô vendo, tá sujo o telhado aqui, mas tá tudo tranquilo. Ô, Rogerinho, não me mata do coração, não, meu filho. Se tu cai daí, já era, hein? Meu Deus do céu, eu cresci! Finalmente! Eduarda, você cresceu, garoto! Tenta entrar aqui na casa, vê se tu consegue. Ó, abri a porta para tu... Tá batendo com a cabeça, garota. Acabou que a tua cabeça vai ficar quadrada, né? Ah, é só quebrar esse bloco aqui, a gente consegue entrar, né, Marcelo? Com a mão, Eduarda? É verdade, é meio difícil. É, vamos fazer a picareta. Sabe, tem alguma coisa aí que eu tô com fome? Eu tenho aquele frango gigante que a gente pegou, né, Eduarda? Isso aqui vai matar a fome do planeta Terra. Olha o tamanho dele. É impossível tu comer isso aí sozinha, Eduarda. Se tu comer esse negócio sozinha... Tava gostoso. Eduarda, cadê o frango que eu te dei agora? Tá aqui na minha barriguinha. Meu Deus do céu, a barriga dela nem cresceu! Eu tô falando, gente, Eduarda é doida! Essa barriga dela aí, ó! Aguenta qualquer coisa aí. Agora que a gente já tem alguns itens, Eduarda, vamos tentar entrar nessa casa aqui, né, porque não tava dando muito, né? Tenta entrar aí agora. Boa, Eduarda! O que tem nesse baú?""",Avaliador_C,Avaliador_E
8,"E eu sou a Ana agora e eu estou pronta para fugir da Pig Na verdade eu não sei se eu estou pronta, né, porque eu fiquei um pouco assustada Vocês viram o sufoco que foi, tudo bem, vamos voltar aqui no jogo e lá vamos nós Ok gente, eu voltei aqui, além da gente ter escolhido aqui ser a Ana Talvez a gente possa ser escolhido para ser a skin da Pig, né Então eu acho que vou deixar o de anjo aqui equipado, porque vai que eu tenho a sorte Não, eu não tenho a sorte Ai a Pig já está ali, não vai dar, dessa vez já era Para de correr atrás de mim que eu acabei de chegar, sua porquinha A partida já existia galera, não foi dessa vez, eu sou a Ana agora e eu vou cantar Você quer brincada leve, a Pig vai me pegar, eu já cantei, ai estou com muito medo",0.1706533432006836,0.6905269026756287,0.1388197392225265,NEU,0.5629422068595886,0.0093284100294113,0.055319920182228,0.0089440140873193,0.0541245453059673,0.0036530261859297,0.006693925242871,0.23739935,Papile,Roblox,ANNA E ELSA DO FROZEN 2 TENTAM ESCAPAR DA PIGGY Roblox - Peppa [EoHiuv695G4],,GZ,GZ,GZ,"🎬 Canal: Papile | 🎥 Vídeo: ANNA E ELSA DO FROZEN 2 TENTAM ESCAPAR DA PIGGY Roblox - Peppa [EoHiuv695G4]
⏱️ Segmento/Index: 8
🤖 Consenso de IA: GZ (Detoxify: 0.563 | Perspective: 0.237)
──────────────────────────────────────────────────
Fala transcrita:
""E eu sou a Ana agora e eu estou pronta para fugir da Pig Na verdade eu não sei se eu estou pronta, né, porque eu fiquei um pouco assustada Vocês viram o sufoco que foi, tudo bem, vamos voltar aqui no jogo e lá vamos nós Ok gente, eu voltei aqui, além da gente ter escolhido aqui ser a Ana Talvez a gente possa ser escolhido para ser a skin da Pig, né Então eu acho que vou deixar o de anjo aqui equipado, porque vai que eu tenho a sorte Não, eu não tenho a sorte Ai a Pig já está ali, não vai dar, dessa vez já era Para de correr atrás de mim que eu acabei de chegar, sua porquinha A partida já existia galera, não foi dessa vez, eu sou a Ana agora e eu vou cantar Você quer brincada leve, a Pig vai me pegar, eu já cantei, ai estou com muito medo""",Avaliador_C,Avaliador_E
13,olha que legal caraca mano sai zumbi sai que bizarra isso aqui gente galera achei aqui mano outra vila vei tem as chances de ter sei lá algum cogumelo no baú alguma coisa eu acho muito difícil mas pô super que eu tinha passado por um pantono né mano nossa nossa que vacilo geleia mais mano só que assim eu preciso de farinha de osso ainda pra crescer o cogumelo não não vai ter não vai ter sim é só que eu preciso de farinha de osso preciso de farinha de osso quebrar o cogumelo é vei eu tenho 5 farinhas de osso aqui no inventário mano ah sério mas esse ta muito longe né gui então mas se tu quiser trocar aí por um diamante e tal um diamante é não é carcaria na guarda né negócio tem que aumentar o preço mano o que que é isso vei oferta demanda né ó eu preciso de deixa eu ver mano é ferrou gente pessoal eu vou conseguir aqui mano é só fazer um baúzinho aqui agora vou ver aqui ó,0.6927554607391357,0.1744870990514755,0.1327574253082275,NEG,0.5259332060813904,0.0077239661477506,0.063904121518135,0.006328385323286,0.046670127660036,0.0067443824373185,0.0165634807199239,0.37694603,Geleia,Minecraft,VOCÊ CONSEGUE ENCONTRAR ESTE BLOCO ALEATÓRIO EM 5 MINUTOS NO MINECRAFT Acha o bloco [ezvPH30pNwg],,GZ,GZ,GZ,"🎬 Canal: Geleia | 🎥 Vídeo: VOCÊ CONSEGUE ENCONTRAR ESTE BLOCO ALEATÓRIO EM 5 MINUTOS NO MINECRAFT Acha o bloco [ezvPH30pNwg]
⏱️ Segmento/Index: 13
🤖 Consenso de IA: GZ (Detoxify: 0.526 | Perspective: 0.377)
──────────────────────────────────────────────────
Fala transcrita:
""olha que legal caraca mano sai zumbi sai que bizarra isso aqui gente galera achei aqui mano outra vila vei tem as chances de ter sei lá algum cogumelo no baú alguma coisa eu acho muito difícil mas pô super que eu tinha passado por um pantono né mano nossa nossa que vacilo geleia mais mano só que assim eu preciso de farinha de osso ainda pra crescer o cogumelo não não vai ter não vai ter sim é só que eu preciso de farinha de osso preciso de farinha de osso quebrar o cogumelo é vei eu tenho 5 farinhas de osso aqui no inventário mano ah sério mas esse ta muito longe né gui então mas se tu quiser trocar aí por um diamante e tal um diamante é não é carcaria na guarda né negócio tem que aumentar o preço mano o que que é isso vei oferta demanda né ó eu preciso de deixa eu ver mano é ferrou gente pessoal eu vou conseguir aqui mano é só fazer um baúzinho aqui agora vou ver aqui ó""",Avaliador_C,Avaliador_E
12,"Caraca, achar um cavalo, velho. Cavalo, tá, cavalo é complicado. Já perdi, é isso. Normal. Meio, eu tô com fome. Eu vou me matar, gente. O que que eu vou fazer? Eu vou andar no chão. Eu vou me matar, gente. Eu vou me matar, gente. O que que eu vou fazer? Eu vou nascer com vida de novo. Eu vou poder encontrar... Achei cavalo. Achei cavalo, galera. Acho que é o ponto da vitória, Eduardo. É o ponto da vitória, Eduardo. Uhuuu. Vem, Eduardo. E aí, Eduardo. O que que achou? Não gostei, eu perdi. Que isso, garoto? Tu quer me bater por causa disso? Quero. Vem cá que eu quero te matar. Até parece, gente. Sem olhar eu corro o cavalo. Eu não quero. Eu quero te matar. Sem olhar eu corro pra ela, gente. Então é assim que a gente vai acabar o nosso vídeo. Então é isso, galera. O vídeo vai ficando por aqui. Felizmente eu ganhei, né? Que eu já sabia que ia acontecer isso. Eduardo chegou perto. Chegou a 7. Jogou bem. Ah, vai cagar. Não, você chegou perto. Que isso? Eu tô te elogiando, garoto.",0.2371358126401901,0.7073084712028503,0.0555556751787662,NEU,0.965269148349762,0.0132764102891087,0.0687488913536071,0.0043057082220911,0.0553001016378402,0.1529635936021804,0.0451631881296634,0.4274071,Marcelodrv,Minecraft,A CADA 1 MINUTO UM DESAFIO DIFERENTE ACONTECE NO MINECRAFT [nb6lSIih_6I],,T,T,T,"🎬 Canal: Marcelodrv | 🎥 Vídeo: A CADA 1 MINUTO UM DESAFIO DIFERENTE ACONTECE NO MINECRAFT [nb6lSIih_6I]
⏱️ Segmento/Index: 12
🤖 Consenso de IA: T (Detoxify: 0.965 | Perspective: 0.427)
──────────────────────────────────────────────────
Fala transcrita:
""Caraca, achar um cavalo, velho. Cavalo, tá, cavalo é complicado. Já perdi, é isso. Normal. Meio, eu tô com fome. Eu vou me matar, gente. O que que eu vou fazer? Eu vou andar no chão. Eu vou me matar, gente. Eu vou me matar, gente. O que que eu vou fazer? Eu vou nascer com vida de novo. Eu vou poder encontrar... Achei cavalo. Achei cavalo, galera. Acho que é o ponto da vitória, Eduardo. É o ponto da vitória, Eduardo. Uhuuu. Vem, Eduardo. E aí, Eduardo. O que que achou? Não gostei, eu perdi. Que isso, garoto? Tu quer me bater por causa disso? Quero. Vem cá que eu quero te matar. Até parece, gente. Sem olhar eu corro o cavalo. Eu não quero. Eu quero te matar. Sem olhar eu corro pra ela, gente. Então é assim que a gente vai acabar o nosso vídeo. Então é isso, galera. O vídeo vai ficando por aqui. Felizmente eu ganhei, né? Que eu já sabia que ia acontecer isso. Eduardo chegou perto. Chegou a 7. Jogou bem. Ah, vai cagar. Não, você chegou perto. Que isso? Eu tô te elogiando, garoto.""",Avaliador_C,Avaliador_E
7,"Pô, dá essa daí mesmo, pô, mete essa daí que vai ficar todo perplexo, tá ligado? Ei, mas, ei, aquela pergunta não tá valendo não, viu, vou fazer outra aqui. Quanto é... agora, agora, agora, agora vai. Quanto é 2 mais 2? Oxe, 2 mais 2? 2 mais 2 é muito fácil, pô. 2 mais 2 é 4. Oxe, errou, olha. Oxe, mas, mas, mas tava certo, pô, porque que tu matou o cara, pô, tava, tava certo. Ih, tava, tava, mas... É, então, essa aula aí eu faltei, olha, a de matemática, logo a 2 mais 2. Tem nada não, vou sim embora. Um arvio, você tudo de dano. Boa noite, gatinha, você mora onde? Qual a cidade que você mora, gato? Você é linda e maravilhosa, bichalinha. Eu quero limpo você, se eu quero é casada, bichalinha.",0.3910940885543823,0.5647913217544556,0.04411456361413,NEU,0.7192528247833252,0.0063462331891059,0.0770098268985748,0.0042723910883069,0.0657054632902145,0.0072470661252737,0.032650988548994,0.2854971,meu nome é david,Roblox,FREE FIRE BATTLEGROUNDS NA VIDA REAL 14 [q3jlbXreTt4],,GZ,GZ,GZ,"🎬 Canal: meu nome é david | 🎥 Vídeo: FREE FIRE BATTLEGROUNDS NA VIDA REAL 14 [q3jlbXreTt4]
⏱️ Segmento/Index: 7
🤖 Consenso de IA: GZ (Detoxify: 0.719 | Perspective: 0.285)
──────────────────────────────────────────────────
Fala transcrita:
""Pô, dá essa daí mesmo, pô, mete essa daí que vai ficar todo perplexo, tá ligado? Ei, mas, ei, aquela pergunta não tá valendo não, viu, vou fazer outra aqui. Quanto é... agora, agora, agora, agora vai. Quanto é 2 mais 2? Oxe, 2 mais 2? 2 mais 2 é muito fácil, pô. 2 mais 2 é 4. Oxe, errou, olha. Oxe, mas, mas, mas tava certo, pô, porque que tu matou o cara, pô, tava, tava certo. Ih, tava, tava, mas... É, então, essa aula aí eu faltei, olha, a de matemática, logo a 2 mais 2. Tem nada não, vou sim embora. Um arvio, você tudo de dano. Boa noite, gatinha, você mora onde? Qual a cidade que você mora, gato? Você é linda e maravilhosa, bichalinha. Eu quero limpo você, se eu quero é casada, bichalinha.""",Avaliador_C,Avaliador_E
1,"É verdade, Lu Mas, nossa, eu tenho muita saudade de entrar aqui e jogar Eu lembro que eu ficava pescando os peixinhos pra ganhar dinheiro Eu era péssima na péssima, vamos ver se isso continua Vamos ver, mami, vou pescar Se isso continua Olha só, mudou? Como é que faz agora, gente? Será que mudou alguma coisa? Ai, assim, mami Nossa, eu continuo péssima, gente, em pescar peixe Nossa, eu joguei lá longe o negócio Eu nunca fui muito boa em pescar os peixinhos, né? Agora parece que eu sou pior, mami É, não tô sabendo também não, Lu Vamos ver, gente É, mami, então ela tá bem incomplica... Nossa, joguei lá na porta Olha lá, mami Tem gente passando... Ai, eu consegui pegar um, mami Gente, eu não peguei nem bolha Nem a bolha do peixe, Lulu Nossa, gente, é muito difícil pegar esse peixe Eu lembro que eu conseguia pegar uns 20 peixes, né, mami? Peguei outro Nossa, até saí da pescaria Vamos conhecer minha casa então, mami? Bora, Lu, Lucas Vem cá, então Você já tem casa?",0.9249005913734436,0.0613756515085697,0.0137238148599863,NEG,0.2134584933519363,0.0065075983293354,0.0539968200027942,0.0049828253686428,0.0321233086287975,0.0018457639962434,0.0083006136119365,0.34757367,Luluca Games,Roblox,Roblox - VOLTAMOS PARA o PASSADO com JOGOS ANTIGOS do ROBLOX  Luluca Games [CCE8omkhdUo],0.9249008893966676,GZ,GZ,GZ,"🎬 Canal: Luluca Games | 🎥 Vídeo: Roblox - VOLTAMOS PARA o PASSADO com JOGOS ANTIGOS do ROBLOX  Luluca Games [CCE8omkhdUo]
⏱️ Segmento/Index: 1
🤖 Consenso de IA: GZ (Detoxify: 0.213 | Perspective: 0.348)
──────────────────────────────────────────────────
Fala transcrita:
""É verdade, Lu Mas, nossa, eu tenho muita saudade de entrar aqui e jogar Eu lembro que eu ficava pescando os peixinhos pra ganhar dinheiro Eu era péssima na péssima, vamos ver se isso continua Vamos ver, mami, vou pescar Se isso continua Olha só, mudou? Como é que faz agora, gente? Será que mudou alguma coisa? Ai, assim, mami Nossa, eu continuo péssima, gente, em pescar peixe Nossa, eu joguei lá longe o negócio Eu nunca fui muito boa em pescar os peixinhos, né? Agora parece que eu sou pior, mami É, não tô sabendo também não, Lu Vamos ver, gente É, mami, então ela tá bem incomplica... Nossa, joguei lá na porta Olha lá, mami Tem gente passando... Ai, eu consegui pegar um, mami Gente, eu não peguei nem bolha Nem a bolha do peixe, Lulu Nossa, gente, é muito difícil pegar esse peixe Eu lembro que eu conseguia pegar uns 20 peixes, né, mami? Peguei outro Nossa, até saí da pescaria Vamos conhecer minha casa então, mami? Bora, Lu, Lucas Vem cá, então Você já tem casa?""",Avaliador_C,Avaliador_E
5,"Eita, eu confio, eu tô atentinho Caraca, a gente Eita, eu tô cuidando com o holofote aí na sua frente Agora, moleque, tu ruxa, ruxa nele Final de LBFS aqui Hydra contra aleatório Valendo Hydra, tem um gel infinito aí na tua frente, cuidado Eu tô sem gel Calma, eu confio tanto em ti, eu confio, tu consegue Hydra, bem lá, Hydra, bem lá Hydra, Hydra, tem três caras Hydra Hydra Caraca, jogou muito Caraca, jogou muito Confio, confio, confio Aí, Hydra Razou, mas era dois contra um Tá trouxa do caramba Quatro kills 336 de abate Caraca, não sei quem foi o melhor, eu, Guilherme E aí, Guilherme Perdeu, hein, menor? Caraca, como é que você matou quatro pessoas com o traje?",0.0646280422806739,0.7021709680557251,0.2332009375095367,NEU,0.2412796467542648,0.0034488758537918,0.0288616567850112,0.0012026706244796,0.030716361477971,0.0170216858386993,0.0038852072320878,0.26859093,Amy Scarlet,Roblox,APOSTEI 500 reais no FREE FIRE [bNxW53xXric],,GZ,GZ,GZ,"🎬 Canal: Amy Scarlet | 🎥 Vídeo: APOSTEI 500 reais no FREE FIRE [bNxW53xXric]
⏱️ Segmento/Index: 5
🤖 Consenso de IA: GZ (Detoxify: 0.241 | Perspective: 0.269)
──────────────────────────────────────────────────
Fala transcrita:
""Eita, eu confio, eu tô atentinho Caraca, a gente Eita, eu tô cuidando com o holofote aí na sua frente Agora, moleque, tu ruxa, ruxa nele Final de LBFS aqui Hydra contra aleatório Valendo Hydra, tem um gel infinito aí na tua frente, cuidado Eu tô sem gel Calma, eu confio tanto em ti, eu confio, tu consegue Hydra, bem lá, Hydra, bem lá Hydra, Hydra, tem três caras Hydra Hydra Caraca, jogou muito Caraca, jogou muito Confio, confio, confio Aí, Hydra Razou, mas era dois contra um Tá trouxa do caramba Quatro kills 336 de abate Caraca, não sei quem foi o melhor, eu, Guilherme E aí, Guilherme Perdeu, hein, menor? Caraca, como é que você matou quatro pessoas com o traje?""",Avaliador_C,Avaliador_E
12,"Uau, você realmente é um perdedor. Cara, quem não tem um plush é você. Que tal se a gente consertar o cérebro desse menino? Meu Deus, ele bateu em mim. O cara bateu em mim, mano. Acabei de pegar o final que é sofrer Bully. Lição aprendida, não traga os seus brinquedos de criança para a escola. Ok, vamos de volta. Ô, meu querido Nerd, depois eu falo com você, beleza? Eu quero ver se eu consigo chegar na aula e tentar responder a chamada rapidinho. Opa, vocês viram o que eu fiz? Eu abri ali uma porta com o meu chapéu, ó. Leis da cidade, não incomodar as pessoas demais. Não pode roubar, também não pode criar explosões lá no fliperama depois de fazer os passos acima. Ou seja, é uma receitinha, né? Eu deixei de falar com o Nerd para depois, mas com a tia da cantina, com o tio da cantina, é lógico que eu vou falar, vai ser agora, né? Olá, oi. Tem lanche, o lanche está pronto ou não? Você gostaria de um pedido ou de alguma comida? É completamente de graça. Hamburguer, salada ou um taco. É, hoje eu estou querendo o taco, pode ser o taco.",0.9059826731681824,0.0787001848220825,0.0153170693665742,NEG,0.8834762573242188,0.0008878074586391,0.0272384975105524,0.0008349804556928,0.6652307510375977,0.0031669815070927,0.0023827892728149,0.64447093,Tex HS,Roblox,TÔ ATRASADO PRA ESCOLA Roblox Late to School  Parte 1 [X85ZjtH6PbE],,T,T,T,"🎬 Canal: Tex HS | 🎥 Vídeo: TÔ ATRASADO PRA ESCOLA Roblox Late to School  Parte 1 [X85ZjtH6PbE]
⏱️ Segmento/Index: 12
🤖 Consenso de IA: T (Detoxify: 0.883 | Perspective: 0.644)
──────────────────────────────────────────────────
Fala transcrita:
""Uau, você realmente é um perdedor. Cara, quem não tem um plush é você. Que tal se a gente consertar o cérebro desse menino? Meu Deus, ele bateu em mim. O cara bateu em mim, mano. Acabei de pegar o final que é sofrer Bully. Lição aprendida, não traga os seus brinquedos de criança para a escola. Ok, vamos de volta. Ô, meu querido Nerd, depois eu falo com você, beleza? Eu quero ver se eu consigo chegar na aula e tentar responder a chamada rapidinho. Opa, vocês viram o que eu fiz? Eu abri ali uma porta com o meu chapéu, ó. Leis da cidade, não incomodar as pessoas demais. Não pode roubar, também não pode criar explosões lá no fliperama depois de fazer os passos acima. Ou seja, é uma receitinha, né? Eu deixei de falar com o Nerd para depois, mas com a tia da cantina, com o tio da cantina, é lógico que eu vou falar, vai ser agora, né? Olá, oi. Tem lanche, o lanche está pronto ou não? Você gostaria de um pedido ou de alguma comida? É completamente de graça. Hamburguer, salada ou um taco. É, hoje eu estou querendo o taco, pode ser o taco.""",Avaliador_C,Avaliador_E
11,"Também? Olha só. Pegaram a flor, peguei. Você pegou? Olha só, pessoal, conseguimos o último item que precisava. Bom, Ara, é um refrigerante. É um refrigerante da bruxa. É a bruxa cola. Eu acho que a gente já tinha feito ela em algum vídeo, não tinha? Eu já tinha essa poção feita, então acho que um dia eu já fiz, pessoal. Mas eu esqueci dela. Provavelmente, só que a gente não lembra dessas coisas. Ia ter sido tudo mais rápido. É, seria tudo bem mais fácil. Vamos então fazer aqui. Eu fiz uma poção de rato. Por que eu não consigo colocar aqui? O quê? A minha poção. Ah, o negócio com a bruxa deu. Você não consegue colocar? Não. Não, porque já está aí. Já está na mesa, querida. Olha, eu sou um rato. Ai, você é um rato, Ju. Que massa, Ju. Que legal. Que legal. Está vendo? Que massa. Dá reset, pai, para você tirar essa backpack, porque ela atrapalha um pouco se o Santi vai voando.",0.1263086795806884,0.847761869430542,0.0259294584393501,NEU,0.5906016230583191,0.0009675291948951,0.0347202531993389,0.0016096514882519,0.2635737359523773,0.0015089672524482,0.0018324387492612,0.2043827,Julia MineGirl,Roblox,Roblox - NOVAS POÇÕES MALUCAS  PARTE 4 Wacky Wizards [l0k_UnWb98s],,GZ,GZ,GZ,"🎬 Canal: Julia MineGirl | 🎥 Vídeo: Roblox - NOVAS POÇÕES MALUCAS  PARTE 4 Wacky Wizards [l0k_UnWb98s]
⏱️ Segmento/Index: 11
🤖 Consenso de IA: GZ (Detoxify: 0.591 | Perspective: 0.204)
──────────────────────────────────────────────────
Fala transcrita:
""Também? Olha só. Pegaram a flor, peguei. Você pegou? Olha só, pessoal, conseguimos o último item que precisava. Bom, Ara, é um refrigerante. É um refrigerante da bruxa. É a bruxa cola. Eu acho que a gente já tinha feito ela em algum vídeo, não tinha? Eu já tinha essa poção feita, então acho que um dia eu já fiz, pessoal. Mas eu esqueci dela. Provavelmente, só que a gente não lembra dessas coisas. Ia ter sido tudo mais rápido. É, seria tudo bem mais fácil. Vamos então fazer aqui. Eu fiz uma poção de rato. Por que eu não consigo colocar aqui? O quê? A minha poção. Ah, o negócio com a bruxa deu. Você não consegue colocar? Não. Não, porque já está aí. Já está na mesa, querida. Olha, eu sou um rato. Ai, você é um rato, Ju. Que massa, Ju. Que legal. Que legal. Está vendo? Que massa. Dá reset, pai, para você tirar essa backpack, porque ela atrapalha um pouco se o Santi vai voando.""",Avaliador_C,Avaliador_E
13,"É, porque aqui, mami, se morrer Já era, né? Mas é tudo! Ai, gente, que essa folha também está palhando aqui, ó! Está bem na minha cara AAAAAAAA! Não, Luluca! O que aconteceu com o trigo? Ai, eu acho que eu caí, né, gente? Calma aí, deixa eu ver o que acontece aqui, se eu morrer Eu acho que eu vou nascer um pouquinho mais pra cima, né? Vamos ver! Esse aqui é tipo torre do terror, né, mami? Nossa, gente! E agora? Cheguei no fiote, mami! Então vai, o Luca, depois do fiote Calma aí! Tem que subir naquelas Aquelas Ervas, plantas É, galhos, galhos, galhos Ai, gente! Ai, gente! Vai, o Luca, eu vou aqui, eu e você! Taca-raca-daca, taca-raca-daca, taca-raca-daca Taca-raca-daca Ai, ai, ai, ai! Mas por que você caiu tudo?",0.2182877957820892,0.7443569302558899,0.0373553149402141,NEU,0.8691717982292175,0.0057073198258876,0.0502044260501861,0.0026161177083849,0.0395581610500812,0.059403333812952,0.0121091613546013,0.44393396,Luluca Games,Roblox,Roblox - ESCAPAMOS DO PAPAI NOEL DO MAL Escape Save Christmas Obby  Luluca Games [kBx6GOnxjKk],0.218288391828537,T,T,T,"🎬 Canal: Luluca Games | 🎥 Vídeo: Roblox - ESCAPAMOS DO PAPAI NOEL DO MAL Escape Save Christmas Obby  Luluca Games [kBx6GOnxjKk]
⏱️ Segmento/Index: 13
🤖 Consenso de IA: T (Detoxify: 0.869 | Perspective: 0.444)
──────────────────────────────────────────────────
Fala transcrita:
""É, porque aqui, mami, se morrer Já era, né? Mas é tudo! Ai, gente, que essa folha também está palhando aqui, ó! Está bem na minha cara AAAAAAAA! Não, Luluca! O que aconteceu com o trigo? Ai, eu acho que eu caí, né, gente? Calma aí, deixa eu ver o que acontece aqui, se eu morrer Eu acho que eu vou nascer um pouquinho mais pra cima, né? Vamos ver! Esse aqui é tipo torre do terror, né, mami? Nossa, gente! E agora? Cheguei no fiote, mami! Então vai, o Luca, depois do fiote Calma aí! Tem que subir naquelas Aquelas Ervas, plantas É, galhos, galhos, galhos Ai, gente! Ai, gente! Vai, o Luca, eu vou aqui, eu e você! Taca-raca-daca, taca-raca-daca, taca-raca-daca Taca-raca-daca Ai, ai, ai, ai! Mas por que você caiu tudo?""",Avaliador_C,Avaliador_E
8,"Parece uma sala De jantar Estou escutando alguns barulhos Espera aí Eu não sei, acho que foi impressão Acho que eu estou escutando coisas, pessoal, nós estamos aqui Em uma sala de jantar JP, JP, tem fogo Isso significa que alguém esteve aqui Não por muito tempo, não faz muito tempo Mas tinha gente dentro dessa casa, pessoal Nós talvez não estejamos sozinhos Nesse lugar Assustador, então vamos tomar cuidado, fica esperto Você vê qualquer tipo de coisa Aqui tem mais uma porta Ai, vocês querem... Estou isso Está tocando um sino, um sino dentro da casa Espera, ai, que assustador Esse barulho é muito, muito, muito assustador Que horror Tá, deixa eu ver, aqui dentro do baú nós temos um relógio Um...",0.1639880836009979,0.6926801800727844,0.1433316618204116,NEU,0.0054215821437537,0.0021303186658769,0.0273037999868392,0.0026433835737407,0.0178263839334249,0.0011281461920589,0.0007852894486859,0.15158679,JP Plays,Minecraft,ENTRAMOS DENTRO DA CASA MAIS ASSUTADORA DA VIZINHANÇA NO MINECRAFT  Casa Monstro [nftT0R4d1Oc],,NT,NT,NT,"🎬 Canal: JP Plays | 🎥 Vídeo: ENTRAMOS DENTRO DA CASA MAIS ASSUTADORA DA VIZINHANÇA NO MINECRAFT  Casa Monstro [nftT0R4d1Oc]
⏱️ Segmento/Index: 8
🤖 Consenso de IA: NT (Detoxify: 0.005 | Perspective: 0.152)
──────────────────────────────────────────────────
Fala transcrita:
""Parece uma sala De jantar Estou escutando alguns barulhos Espera aí Eu não sei, acho que foi impressão Acho que eu estou escutando coisas, pessoal, nós estamos aqui Em uma sala de jantar JP, JP, tem fogo Isso significa que alguém esteve aqui Não por muito tempo, não faz muito tempo Mas tinha gente dentro dessa casa, pessoal Nós talvez não estejamos sozinhos Nesse lugar Assustador, então vamos tomar cuidado, fica esperto Você vê qualquer tipo de coisa Aqui tem mais uma porta Ai, vocês querem... Estou isso Está tocando um sino, um sino dentro da casa Espera, ai, que assustador Esse barulho é muito, muito, muito assustador Que horror Tá, deixa eu ver, aqui dentro do baú nós temos um relógio Um...""",Avaliador_C,Avaliador_E
11,"Eu aviso, senão vai dar ruim pra vocês, mas aqui pessoal ele fala assim ó, que totalmente não tem um templo secreto aqui embaixo né, pra entrar aqui eu consegui, agora aqui ó, eu preciso de 25 finais, quantos finais que eu já fiz? Eu fiz muito final já viu? Mas eu não sei quantos que eu tenho não. Vou retornar mais tarde quando eu tiver esses 25 aqui. Aqui na casa da minha amiguinha, a Giandi, atrás do sofá, quando eu entrei aqui no modo invertido tinha um refrigerante né, agora o que acontece se eu pegar ele também? Olha o formato que ele fica pessoal, mas aqui no modo normal, não é o modo invertido, vou tomar um golinho. Eu acho que isso aqui eu não fiz ainda né. Entrei pro mundo dos animes eu acho, só pode. Se eu ganhei a Bad significa que esse final não tinha recuperado ainda, boa. Eu acho que eu tenho mesmo que procurar outros finais lá no mundo invertido pessoal, porque pra conseguir chegar nos 25 vai demorar bastante viu?",0.2587064802646637,0.6819137930870056,0.0593797527253627,NEU,0.0034080140758305,0.0043172943405807,0.0354147031903266,0.0055465102195739,0.033541414886713,0.0021907747723162,0.0011889146408066,0.16158698,Tex HS,Roblox,TÔ MAIS INTELIGENTE que os TangoMangles do Roblox... [1kN7dblRzkM],,NT,NT,NT,"🎬 Canal: Tex HS | 🎥 Vídeo: TÔ MAIS INTELIGENTE que os TangoMangles do Roblox... [1kN7dblRzkM]
⏱️ Segmento/Index: 11
🤖 Consenso de IA: NT (Detoxify: 0.003 | Perspective: 0.162)
──────────────────────────────────────────────────
Fala transcrita:
""Eu aviso, senão vai dar ruim pra vocês, mas aqui pessoal ele fala assim ó, que totalmente não tem um templo secreto aqui embaixo né, pra entrar aqui eu consegui, agora aqui ó, eu preciso de 25 finais, quantos finais que eu já fiz? Eu fiz muito final já viu? Mas eu não sei quantos que eu tenho não. Vou retornar mais tarde quando eu tiver esses 25 aqui. Aqui na casa da minha amiguinha, a Giandi, atrás do sofá, quando eu entrei aqui no modo invertido tinha um refrigerante né, agora o que acontece se eu pegar ele também? Olha o formato que ele fica pessoal, mas aqui no modo normal, não é o modo invertido, vou tomar um golinho. Eu acho que isso aqui eu não fiz ainda né. Entrei pro mundo dos animes eu acho, só pode. Se eu ganhei a Bad significa que esse final não tinha recuperado ainda, boa. Eu acho que eu tenho mesmo que procurar outros finais lá no mundo invertido pessoal, porque pra conseguir chegar nos 25 vai demorar bastante viu?""",Avaliador_C,Avaliador_E
6,"Olha, caraca, Nuda! Eduarda burlando o sistema do Minecraft, gente. Tá pegando o chão, bicho! De você, Nuda. Não! Não deu. Deu errado. Ah, agora foi. Agora foi muito, inclusive. Cadê, Eduarda? Então, sumiu. Eu vou usar essa bota aqui, mas... Meu Deus do céu, eu vou usar essa aqui, galera. Pera, deu errado. Ah, eu tenho que botar a bota, né? Eu esqueci de ver. Primeiramente... Ó, ó, tranquilo. Não, não tão tranquilo. Não, cuidado, filho. Não, relaxa, galera. A última coisa que vai acontecer comigo é morrer. Ah, não. Bom que eu roubo a bota que eu já tô... Ô, Eduarda! Bota com a minha bota aqui, garota. Eduarda é maluca aqui, gente. Eu falo pra vocês que... Não tem ninguém me vendo. Eu não tenho ninguém me vendo. Não, só uma bota andando sozinha, né, Rimaro? Só uma bota pulando aqui na frente. Só... Nunca queime isso. Galera, tem outra coisa que eu vi também, que o Minecraft tá muito sapequinha. Ô, Rimaro, vem, Rimaro. Vendo de um jeito bom, Rimaro, pode vir daquele jeito.",0.8905780911445618,0.0891774222254753,0.0202444493770599,NEG,0.903416097164154,0.0108073307201266,0.08013267070055,0.0064488179050385,0.0519555583596229,0.00768220750615,0.0511055439710617,0.44393396,Marcelodrv,Minecraft,TESTANDO BOTAS PROIBIDAS NO MINECRAFT [QJWBzsjNamk],,T,T,T,"🎬 Canal: Marcelodrv | 🎥 Vídeo: TESTANDO BOTAS PROIBIDAS NO MINECRAFT [QJWBzsjNamk]
⏱️ Segmento/Index: 6
🤖 Consenso de IA: T (Detoxify: 0.903 | Perspective: 0.444)
──────────────────────────────────────────────────
Fala transcrita:
""Olha, caraca, Nuda! Eduarda burlando o sistema do Minecraft, gente. Tá pegando o chão, bicho! De você, Nuda. Não! Não deu. Deu errado. Ah, agora foi. Agora foi muito, inclusive. Cadê, Eduarda? Então, sumiu. Eu vou usar essa bota aqui, mas... Meu Deus do céu, eu vou usar essa aqui, galera. Pera, deu errado. Ah, eu tenho que botar a bota, né? Eu esqueci de ver. Primeiramente... Ó, ó, tranquilo. Não, não tão tranquilo. Não, cuidado, filho. Não, relaxa, galera. A última coisa que vai acontecer comigo é morrer. Ah, não. Bom que eu roubo a bota que eu já tô... Ô, Eduarda! Bota com a minha bota aqui, garota. Eduarda é maluca aqui, gente. Eu falo pra vocês que... Não tem ninguém me vendo. Eu não tenho ninguém me vendo. Não, só uma bota andando sozinha, né, Rimaro? Só uma bota pulando aqui na frente. Só... Nunca queime isso. Galera, tem outra coisa que eu vi também, que o Minecraft tá muito sapequinha. Ô, Rimaro, vem, Rimaro. Vendo de um jeito bom, Rimaro, pode vir daquele jeito.""",Avaliador_C,Avaliador_E
9,"Tô vendo, se, se, se, se Tem que bater neles, galera Tem que bater neles, ó Toma, toma, toma, toma, toma Eu tô perdendo vida, eu vou comer uma maçã Tô comendo uma maçã É, come isso aqui, come isso aqui Não, eu vou morrer, eu vou morrer muito Uh, consegui ficar vivo Nossa, consegui ficar vivo Mas por pouco, cadê meus companheiros que estavam aqui me ajudando? Aqui, ó Era pra tá aqui me ajudando, mas nada Sala azul foi atacada, todo mundo sobreviveu Sala verde foi atacada É, agora vocês vem aqui, né? Agora vocês vem, né? Eu preciso de energia, galera Preciso de energia Tá, e as tábuas não foram suficientes para segurar eles Felizmente eles foram embora Tá, beleza, agora a gente tem que ir lá pra baixo E dar uma olhada nas, olha, tudo quebrado Janelas quebradas, ó Ó, um amigão aqui descobriu uma janela quebrada É o speedkiller lá, ele é um player, né? E também o basement foi...",0.5879719257354736,0.3465645015239715,0.065463587641716,NEG,0.6842039823532104,0.0037496220320463,0.0168311800807714,0.0016058175824582,0.021933251991868,0.3501171171665191,0.0039599826559424,0.3389984,Tex HS,Roblox,Roblox - INVADIRAM A MINHA CASA Break In [Y7afEJ6rxpA],,GZ,GZ,GZ,"🎬 Canal: Tex HS | 🎥 Vídeo: Roblox - INVADIRAM A MINHA CASA Break In [Y7afEJ6rxpA]
⏱️ Segmento/Index: 9
🤖 Consenso de IA: GZ (Detoxify: 0.684 | Perspective: 0.339)
──────────────────────────────────────────────────
Fala transcrita:
""Tô vendo, se, se, se, se Tem que bater neles, galera Tem que bater neles, ó Toma, toma, toma, toma, toma Eu tô perdendo vida, eu vou comer uma maçã Tô comendo uma maçã É, come isso aqui, come isso aqui Não, eu vou morrer, eu vou morrer muito Uh, consegui ficar vivo Nossa, consegui ficar vivo Mas por pouco, cadê meus companheiros que estavam aqui me ajudando? Aqui, ó Era pra tá aqui me ajudando, mas nada Sala azul foi atacada, todo mundo sobreviveu Sala verde foi atacada É, agora vocês vem aqui, né? Agora vocês vem, né? Eu preciso de energia, galera Preciso de energia Tá, e as tábuas não foram suficientes para segurar eles Felizmente eles foram embora Tá, beleza, agora a gente tem que ir lá pra baixo E dar uma olhada nas, olha, tudo quebrado Janelas quebradas, ó Ó, um amigão aqui descobriu uma janela quebrada É o speedkiller lá, ele é um player, né? E também o basement foi...""",Avaliador_C,Avaliador_E
4,"Não tem nada. Vamos pra Clocks? Não pode mais lutar, é proibido. Não tem mais nada aqui pra mim? Amiga, dá uma olhadinha aí. Dá uma olhadinha superficial aí, pra ver se você achou mais alguma coisa. Tem cara aqui na factória! Tem cara aqui! Grécia, não faz nada. Grécia, não faz nada. Grécia, para. Aonde? Vamos esperar descer. Vem cá, vem cá. E eu acabei de ativar o menino aí. Grécia, Grécia, Grécia! Grécia, morremos. Eu não vou não. Gente! Morri! Olha, morri. Amiga, dá o Cove Flow. Grécia, corre agora. Corre, vamos embora. Mete o pé, mete o pé, corre. Ele joga gelo agachando. Grécia, corre.",0.2487304359674453,0.7055569887161255,0.0457125641405582,NEU,0.7590928673744202,0.0016925684176385,0.0092432824894785,0.0075221206061542,0.0240298155695199,0.3880215585231781,0.0030337336938828,0.37694603,Amy Scarlet,Roblox,SÓ PODIA LOOTEAR NA FACTORY TENTE NÃO RIR [SNpvIoblQKc],,GZ,GZ,GZ,"🎬 Canal: Amy Scarlet | 🎥 Vídeo: SÓ PODIA LOOTEAR NA FACTORY TENTE NÃO RIR [SNpvIoblQKc]
⏱️ Segmento/Index: 4
🤖 Consenso de IA: GZ (Detoxify: 0.759 | Perspective: 0.377)
──────────────────────────────────────────────────
Fala transcrita:
""Não tem nada. Vamos pra Clocks? Não pode mais lutar, é proibido. Não tem mais nada aqui pra mim? Amiga, dá uma olhadinha aí. Dá uma olhadinha superficial aí, pra ver se você achou mais alguma coisa. Tem cara aqui na factória! Tem cara aqui! Grécia, não faz nada. Grécia, não faz nada. Grécia, para. Aonde? Vamos esperar descer. Vem cá, vem cá. E eu acabei de ativar o menino aí. Grécia, Grécia, Grécia! Grécia, morremos. Eu não vou não. Gente! Morri! Olha, morri. Amiga, dá o Cove Flow. Grécia, corre agora. Corre, vamos embora. Mete o pé, mete o pé, corre. Ele joga gelo agachando. Grécia, corre.""",Avaliador_C,Avaliador_E
11,"Agora vocês estão com problema no banheiro E eu vou matar Não, não mata minha vaca Mata ela, Furious, mata ela Eu tenho de presente pra vocês, eles são malvados Nossa, ela caiu da casa Mano, olha o que ele fez com o meu lobo Ele jogou meu lobinho lá dentro daquela casa de boneca estranha Ah não, eu tenho que resgatar o meu lobo Mas como eu vou fazer isso? Oh, isso aqui tá uma porcaria Como assim, uma porcaria? Oh, eu não gostei dessa cama aqui não, tira essa cama daqui Não, a cama do Aranha demorou muito tempo Ele gosta de cama ao ar fresco, tem que ser assim, ó Como assim, não, não tem nada a ver isso E ele dorme aqui, ó Não, não, isso aí ele cai Não, não vai cair não, ele é assim, entendeu? Não, não, não vou deixar assim Se você não deixar ele vai reclamar, você vai ver Não, não vai reclamar Não é possível que ele gosta de uma cama flutuante Fica aqui pra você ver, fica aqui pra você ver, ó Aqui, olha só Olha lá, olha só que legal Não!",0.978249967098236,0.0131479389965534,0.0086021237075328,NEG,0.9504984617233276,0.0156127717345952,0.0845916420221328,0.0057486300356686,0.0728896260261535,0.0572673790156841,0.0242694951593875,0.4574824,Athos,Minecraft,TRANQUEI MEUS AMIGOS EM UMA CASA DE BONECAS NO MINECRAFT [a0byNXW8BJQ],,T,T,T,"🎬 Canal: Athos | 🎥 Vídeo: TRANQUEI MEUS AMIGOS EM UMA CASA DE BONECAS NO MINECRAFT [a0byNXW8BJQ]
⏱️ Segmento/Index: 11
🤖 Consenso de IA: T (Detoxify: 0.95 | Perspective: 0.457)
──────────────────────────────────────────────────
Fala transcrita:
""Agora vocês estão com problema no banheiro E eu vou matar Não, não mata minha vaca Mata ela, Furious, mata ela Eu tenho de presente pra vocês, eles são malvados Nossa, ela caiu da casa Mano, olha o que ele fez com o meu lobo Ele jogou meu lobinho lá dentro daquela casa de boneca estranha Ah não, eu tenho que resgatar o meu lobo Mas como eu vou fazer isso? Oh, isso aqui tá uma porcaria Como assim, uma porcaria? Oh, eu não gostei dessa cama aqui não, tira essa cama daqui Não, a cama do Aranha demorou muito tempo Ele gosta de cama ao ar fresco, tem que ser assim, ó Como assim, não, não tem nada a ver isso E ele dorme aqui, ó Não, não, isso aí ele cai Não, não vai cair não, ele é assim, entendeu? Não, não, não vou deixar assim Se você não deixar ele vai reclamar, você vai ver Não, não vai reclamar Não é possível que ele gosta de uma cama flutuante Fica aqui pra você ver, fica aqui pra você ver, ó Aqui, olha só Olha lá, olha só que legal Não!""",Avaliador_C,Avaliador_F
13,"Meu, é muito divertido esse modo de jogo aqui, chama arsenal, vou deixar o link do mapa na descrição pra que vocês possam se divertir, até que tudo volte ao normal, vocês possam voltar pra escola e tudo mais, tá bom gente? Então é isso, me marquem no Instagram, quero saber que vocês andam aprontando na vida real pra passar o tempo, pra se divertir em casa, me marquem lá, fechou? E é isso, deixa o joinha, se inscreve, acompanha o canal, como eu disse, duas aventuras por dia a partir de hoje cara, então dois vídeos todos os dias da família JP E vocês não podem perder, porque tá uma mais incrível que é o Fiquem com Deus e tchau!",0.0083434395492076,0.0989760085940361,0.8926805853843689,POS,0.0225937981158494,0.0014116290258243,0.0257544443011283,0.0012348890304565,0.0118015641346573,0.0009995677974075,0.0028880564495921,0.112850055,JP Plays,Minecraft,Não pode sair de casa.. então vamos jogar Roblox [FiLIUbHOImQ],,NT,NT,NT,"🎬 Canal: JP Plays | 🎥 Vídeo: Não pode sair de casa.. então vamos jogar Roblox [FiLIUbHOImQ]
⏱️ Segmento/Index: 13
🤖 Consenso de IA: NT (Detoxify: 0.023 | Perspective: 0.113)
──────────────────────────────────────────────────
Fala transcrita:
""Meu, é muito divertido esse modo de jogo aqui, chama arsenal, vou deixar o link do mapa na descrição pra que vocês possam se divertir, até que tudo volte ao normal, vocês possam voltar pra escola e tudo mais, tá bom gente? Então é isso, me marquem no Instagram, quero saber que vocês andam aprontando na vida real pra passar o tempo, pra se divertir em casa, me marquem lá, fechou? E é isso, deixa o joinha, se inscreve, acompanha o canal, como eu disse, duas aventuras por dia a partir de hoje cara, então dois vídeos todos os dias da família JP E vocês não podem perder, porque tá uma mais incrível que é o Fiquem com Deus e tchau!""",Avaliador_C,Avaliador_F
10,"Eu vou levar o boizão. Pera aí, ó, aqui eu vou ali, mano. Uuuuuuuuuuuuuuuuuhuuuuuuu! Olha, olha, olha, mano, a mulher tá andando no cantinho de Pokão. Você tá fazendo... É ninja, é ninja. Eu tô indo com o boizão, mano, vem comigo. O cara desceu o lago lá, vai matar o boi, Pok. Vai matar o boi, velho. O que é que é que é que é isso aí, Pokão? Não fala assim do meu boizão, velho. Pokão e Agão, fiquem trucando, me dê aí rapidão, velho. Vai lá, fiquem à vontade, tá, mano? Vamos lá. Aí, já tô aqui em cima do muro, tô bolado. Sobe, sobe com o boi, sobe. Puxa o boi, puxa o boi. Pra puxar o boi, deixa eu tentar. Será? Então, ó, você tá aí, joga o negócio, joga o negócio. Com... Em cima do... O que é que o boi vem junto? Não dá, não dá. Ah, não, nossa, já pensou, mano? Você traz o boi e tudo, mano? Ó, agora eu vou tentar subir, ó.",0.4497166574001312,0.4452089667320251,0.1050744280219078,NEG,0.278322160243988,0.0011792469304054,0.0117964493110775,0.0010650834301486,0.0287737436592578,0.0446309112012386,0.0125196343287825,0.37955463,AuthenticGames,Minecraft,VIDA DE NINJAS NO MINECRAFT [hJcuZpjZA38],,GZ,GZ,GZ,"🎬 Canal: AuthenticGames | 🎥 Vídeo: VIDA DE NINJAS NO MINECRAFT [hJcuZpjZA38]
⏱️ Segmento/Index: 10
🤖 Consenso de IA: GZ (Detoxify: 0.278 | Perspective: 0.38)
──────────────────────────────────────────────────
Fala transcrita:
""Eu vou levar o boizão. Pera aí, ó, aqui eu vou ali, mano. Uuuuuuuuuuuuuuuuuhuuuuuuu! Olha, olha, olha, mano, a mulher tá andando no cantinho de Pokão. Você tá fazendo... É ninja, é ninja. Eu tô indo com o boizão, mano, vem comigo. O cara desceu o lago lá, vai matar o boi, Pok. Vai matar o boi, velho. O que é que é que é que é isso aí, Pokão? Não fala assim do meu boizão, velho. Pokão e Agão, fiquem trucando, me dê aí rapidão, velho. Vai lá, fiquem à vontade, tá, mano? Vamos lá. Aí, já tô aqui em cima do muro, tô bolado. Sobe, sobe com o boi, sobe. Puxa o boi, puxa o boi. Pra puxar o boi, deixa eu tentar. Será? Então, ó, você tá aí, joga o negócio, joga o negócio. Com... Em cima do... O que é que o boi vem junto? Não dá, não dá. Ah, não, nossa, já pensou, mano? Você traz o boi e tudo, mano? Ó, agora eu vou tentar subir, ó.""",Avaliador_C,Avaliador_F
13,"Eu tô com o gancho! É só usar o gancho! Agora vamos chegar no castelo! Calma, amor! Zupi, aqui é castelo feio! Zupi, aqui é castelo feio! É o seu, né? Só se for! Agora a gente pula! Zupi! O que eu estou tentando fazer é dizer que eu te amo! O que eu estou tentando fazer é dizer que eu te amo!",0.044712696224451,0.7469587326049805,0.2083285748958587,NEU,0.1745142191648483,0.0010651625925675,0.0250892341136932,0.0013514747843146,0.0290664713829755,0.0022540725767612,0.0018000886775553,0.102626406,Lokis,Roblox,CAI CAI NA BOCA DA COBRA GIGANTE  Roblox - Rocket Ragdoll [dx9FnBteB-M],,NT,NT,NT,"🎬 Canal: Lokis | 🎥 Vídeo: CAI CAI NA BOCA DA COBRA GIGANTE  Roblox - Rocket Ragdoll [dx9FnBteB-M]
⏱️ Segmento/Index: 13
🤖 Consenso de IA: NT (Detoxify: 0.175 | Perspective: 0.103)
──────────────────────────────────────────────────
Fala transcrita:
""Eu tô com o gancho! É só usar o gancho! Agora vamos chegar no castelo! Calma, amor! Zupi, aqui é castelo feio! Zupi, aqui é castelo feio! É o seu, né? Só se for! Agora a gente pula! Zupi! O que eu estou tentando fazer é dizer que eu te amo! O que eu estou tentando fazer é dizer que eu te amo!""",Avaliador_C,Avaliador_F
6,"Sim Mas tudo bem, gente É, é o jogo, né, gente? Tá, você? Tá carregando um ovo aqui? Não Tá carregando duas bombas, mas tudo bem Meu Deus do céu, eu prenderia essa pessoa fácil, gente Ah, eu também, né? Brincadeira, viu? Vocês aí vão ficar com ver... Vocês estão batendo papo aí? Não vai pegar o ovo, não? Nossa, quanta pessoa com bomba? Muita bomba Granada, mas o ovo não pode Então, mas o ovo não pode, exatamente Ovo não pode Acho que acabou as pessoas Ai, é, conseguiu Olha, dia 5 Nossa, mano Ah, beleza, ó, o nível baixou Não pode celular Olha, aumentou pra zero Aumentou não, diminuiu, né? É, isso aí Olha quanta pato dentro da pessoa, como assim, gente? É, isso, deu um celular Que celular? Celular não pode Opa, celular Nossa, eu nem enxerguei esse Tem tanto pato, gente, que eu não tô enxergando Parece que tem um celular Opa Boa Aquela moça ali de verde, passou?",0.5893247723579407,0.3541248440742492,0.0565503351390361,NEG,0.2361182272434234,0.0011343683581799,0.0448562689125537,0.0010134276235476,0.024318715557456,0.0176842790096998,0.0026642188895493,0.39987978,Julia MineGirl,Roblox,VIREI SEGURANÇA COM ÓCULOS DE RAIO-X Concourse X-Ray [K5X0REDDxmM],,GZ,GZ,GZ,"🎬 Canal: Julia MineGirl | 🎥 Vídeo: VIREI SEGURANÇA COM ÓCULOS DE RAIO-X Concourse X-Ray [K5X0REDDxmM]
⏱️ Segmento/Index: 6
🤖 Consenso de IA: GZ (Detoxify: 0.236 | Perspective: 0.4)
──────────────────────────────────────────────────
Fala transcrita:
""Sim Mas tudo bem, gente É, é o jogo, né, gente? Tá, você? Tá carregando um ovo aqui? Não Tá carregando duas bombas, mas tudo bem Meu Deus do céu, eu prenderia essa pessoa fácil, gente Ah, eu também, né? Brincadeira, viu? Vocês aí vão ficar com ver... Vocês estão batendo papo aí? Não vai pegar o ovo, não? Nossa, quanta pessoa com bomba? Muita bomba Granada, mas o ovo não pode Então, mas o ovo não pode, exatamente Ovo não pode Acho que acabou as pessoas Ai, é, conseguiu Olha, dia 5 Nossa, mano Ah, beleza, ó, o nível baixou Não pode celular Olha, aumentou pra zero Aumentou não, diminuiu, né? É, isso aí Olha quanta pato dentro da pessoa, como assim, gente? É, isso, deu um celular Que celular? Celular não pode Opa, celular Nossa, eu nem enxerguei esse Tem tanto pato, gente, que eu não tô enxergando Parece que tem um celular Opa Boa Aquela moça ali de verde, passou?""",Avaliador_C,Avaliador_F
13,"Olha Eduardo, ele saiu pra fora Não, não esconde Marcelo, não fica à vista não Oh, ele foi lá pra trás da casa Fio, momento perfeito pra gente invadir essa casa Calma, tem que vir na espreita Olha, não tô fazendo nada Ai, ai, o carteiro Olha Ai, ele vai, ele vai, você nem é Eduardo Sai daí garota Pronto, agora o momento perfeito pra gente entrar Vem, vem, vem Calma, calma, meu Deus do céu Deixa aberta, tava aberta, deixa aberta Desculpa, eu tenho uma ideia Qual ideia? Câmeras de segurança Botar uma aqui, botar outra aqui Boa Eduardo Ó, a gente tem que caçar as esmeraldas dele Que esse é o nosso objetivo Pega, pega, pega, pega Pega tudo, saia correndo, saia correndo Calma, calma, cadê ele? Calma, ele tá passando lá pro outro lado Esconte, esconte Eduardo, eu acho que a gente vai ter que fazer uma passagem secreta pra sair dessa casa Ai meu Deus do céu Marcelo, por que você inventou a de Antônio Andrade? Só tem um problema, Eduardo O quê?",0.1511678397655487,0.5932444930076599,0.2555876672267914,NEU,0.0355676151812076,0.0010540039511397,0.0228788312524557,0.0011583411833271,0.016429703682661,0.0011099242838099,0.0041340189054608,0.09915545,Marcelodrv,Minecraft,24 Passagens Secretas PARA TROLAR SUA AMIGA [acHiZml43As],,NT,NT,NT,"🎬 Canal: Marcelodrv | 🎥 Vídeo: 24 Passagens Secretas PARA TROLAR SUA AMIGA [acHiZml43As]
⏱️ Segmento/Index: 13
🤖 Consenso de IA: NT (Detoxify: 0.036 | Perspective: 0.099)
──────────────────────────────────────────────────
Fala transcrita:
""Olha Eduardo, ele saiu pra fora Não, não esconde Marcelo, não fica à vista não Oh, ele foi lá pra trás da casa Fio, momento perfeito pra gente invadir essa casa Calma, tem que vir na espreita Olha, não tô fazendo nada Ai, ai, o carteiro Olha Ai, ele vai, ele vai, você nem é Eduardo Sai daí garota Pronto, agora o momento perfeito pra gente entrar Vem, vem, vem Calma, calma, meu Deus do céu Deixa aberta, tava aberta, deixa aberta Desculpa, eu tenho uma ideia Qual ideia? Câmeras de segurança Botar uma aqui, botar outra aqui Boa Eduardo Ó, a gente tem que caçar as esmeraldas dele Que esse é o nosso objetivo Pega, pega, pega, pega Pega tudo, saia correndo, saia correndo Calma, calma, cadê ele? Calma, ele tá passando lá pro outro lado Esconte, esconte Eduardo, eu acho que a gente vai ter que fazer uma passagem secreta pra sair dessa casa Ai meu Deus do céu Marcelo, por que você inventou a de Antônio Andrade? Só tem um problema, Eduardo O quê?""",Avaliador_C,Avaliador_F
4,"Agora vou arremessar. Eita, cadê? Aí voltou. Nossa, tá aqui. Nossa, que tadinho dodeu. Não, eu acho que eu perdi. Eu perdi a minha. Você perdeu a sua, McFly. Ih, tadinho do McFly. É, tem que tomar cuidado que ela pode ir e não voltar mais. Então tem que ficar muito ligado nisso, né. Eu vou subir nessa montanha. Quer dizer, não tem como eu subir porque não tem um caminho. Mas eu posso criar esse caminho. Olha só que legal, pessoal. Muito top. Só que agora eu joguei com pouca força, né, pouca intensidade. Vamos tentar arremessar com mais força. Ó, que foi longe, né. Tem que estar mais perto. Espera aí, deixa eu chegar mais perto. Caraca, o que aconteceu? Nossa, de diamante ela é tão rápida que ela vai e volta muito rápido. Então a gente tem que tomar cuidado com isso, porque ela pode estar quebrando com facilidade, né. Tipo, ela pode estar sumindo com facilidade. Mas olha só, pessoal, muito top de diamante. Olha isso, foi longe agora. Tem hora que ela vai longe, tem hora que vai perto. De diamante. Deixa eu fazer um teste, deixa eu fazer um teste. Cadê você? Eu tô chegando? Você consegue me acertar? Eu vou tentar. Eu vou tentar te acertar, hein. Na verdade, eu acho que ela quebra o chão e faz você cair. Nossa, olha isso. Ela fez um super círculo.",0.7156003713607788,0.2236508578062057,0.0607488006353378,NEG,0.2728918194770813,0.0031737296376377,0.0686201378703117,0.0012694103643298,0.0222905799746513,0.0062512191943824,0.0086668413132429,0.20102765,JP Plays,Minecraft,JUNTEI TODAS AS PICARETAS E FIZ UM ITEM SECRETO NO MINECRAFT [lNj-wA5ueM0],,GZ,GZ,GZ,"🎬 Canal: JP Plays | 🎥 Vídeo: JUNTEI TODAS AS PICARETAS E FIZ UM ITEM SECRETO NO MINECRAFT [lNj-wA5ueM0]
⏱️ Segmento/Index: 4
🤖 Consenso de IA: GZ (Detoxify: 0.273 | Perspective: 0.201)
──────────────────────────────────────────────────
Fala transcrita:
""Agora vou arremessar. Eita, cadê? Aí voltou. Nossa, tá aqui. Nossa, que tadinho dodeu. Não, eu acho que eu perdi. Eu perdi a minha. Você perdeu a sua, McFly. Ih, tadinho do McFly. É, tem que tomar cuidado que ela pode ir e não voltar mais. Então tem que ficar muito ligado nisso, né. Eu vou subir nessa montanha. Quer dizer, não tem como eu subir porque não tem um caminho. Mas eu posso criar esse caminho. Olha só que legal, pessoal. Muito top. Só que agora eu joguei com pouca força, né, pouca intensidade. Vamos tentar arremessar com mais força. Ó, que foi longe, né. Tem que estar mais perto. Espera aí, deixa eu chegar mais perto. Caraca, o que aconteceu? Nossa, de diamante ela é tão rápida que ela vai e volta muito rápido. Então a gente tem que tomar cuidado com isso, porque ela pode estar quebrando com facilidade, né. Tipo, ela pode estar sumindo com facilidade. Mas olha só, pessoal, muito top de diamante. Olha isso, foi longe agora. Tem hora que ela vai longe, tem hora que vai perto. De diamante. Deixa eu fazer um teste, deixa eu fazer um teste. Cadê você? Eu tô chegando? Você consegue me acertar? Eu vou tentar. Eu vou tentar te acertar, hein. Na verdade, eu acho que ela quebra o chão e faz você cair. Nossa, olha isso. Ela fez um super círculo.""",Avaliador_C,Avaliador_F
8,"Tá gripada também ali, né. A sobrancelha é feita pela Sheila. Traz um remédio pra ela, mano. Ela vai fazer a poção brava. Infelizmente, ela foi um pouco mal. Isso aqui, isso aqui é a cabeleireira Leila. É a beleca, ó. Ela tem a verruga, ela tem a verruga. Exatamente, ela foi na cabeleireira Leila, mas a verruga é uma parte dela, não quis tirar a verruga dela, né. Aí ela tá um pouco grusa, porque a coisa que ela fez sujou, entendeu? Mas assim, ela tá lançando um feitiço aqui pra se limpar, tá vendo? Isso aqui é feitiço, Malena, esses vidros aqui? Isso, isso é o feitiço. Não é vidro, não é feitiço. Aí ó, aqui a vassoura dela, que ela tá aqui marrendo o coração de um homem que ela quebrou, tá vendo? Que isso, mano. Que que é essa cesta, esse coração aqui, mano? O cabelo foi feito pela cabeleireira Leila, na verdade pelo Cauê. E aqui, essa bruxa aqui, quem vai explicar é a Authentic. É, a tiga bruxa da Authentic. Bom, mano, há muitos tempos atrás, quando eu era um jovem construtor, né, velho. E eu fiz uma obra de arte que ficou eternizada na internet.",0.2096366882324218,0.7158763408660889,0.0744870007038116,NEU,0.326457530260086,0.0006237006164155,0.0458020269870758,0.0010397265432402,0.2250723540782928,0.001383782713674,0.0036713331937789,0.3389984,AuthenticGames,Minecraft,AUTHENTICGAMES vs JAZZGHOST NA BATALHA DE CONSTRUÇÃO [YAfUdfBFs50],,GZ,GZ,GZ,"🎬 Canal: AuthenticGames | 🎥 Vídeo: AUTHENTICGAMES vs JAZZGHOST NA BATALHA DE CONSTRUÇÃO [YAfUdfBFs50]
⏱️ Segmento/Index: 8
🤖 Consenso de IA: GZ (Detoxify: 0.326 | Perspective: 0.339)
──────────────────────────────────────────────────
Fala transcrita:
""Tá gripada também ali, né. A sobrancelha é feita pela Sheila. Traz um remédio pra ela, mano. Ela vai fazer a poção brava. Infelizmente, ela foi um pouco mal. Isso aqui, isso aqui é a cabeleireira Leila. É a beleca, ó. Ela tem a verruga, ela tem a verruga. Exatamente, ela foi na cabeleireira Leila, mas a verruga é uma parte dela, não quis tirar a verruga dela, né. Aí ela tá um pouco grusa, porque a coisa que ela fez sujou, entendeu? Mas assim, ela tá lançando um feitiço aqui pra se limpar, tá vendo? Isso aqui é feitiço, Malena, esses vidros aqui? Isso, isso é o feitiço. Não é vidro, não é feitiço. Aí ó, aqui a vassoura dela, que ela tá aqui marrendo o coração de um homem que ela quebrou, tá vendo? Que isso, mano. Que que é essa cesta, esse coração aqui, mano? O cabelo foi feito pela cabeleireira Leila, na verdade pelo Cauê. E aqui, essa bruxa aqui, quem vai explicar é a Authentic. É, a tiga bruxa da Authentic. Bom, mano, há muitos tempos atrás, quando eu era um jovem construtor, né, velho. E eu fiz uma obra de arte que ficou eternizada na internet.""",Avaliador_C,Avaliador_F
6,"Sabe quem foi? Quem? Quem ganhou o presente da sabotagem? E eu não cheguei! Ninguém vai chegar! Ninguém! Ah! Ninguém! Tem que chegar juntinho! Tem que chegar junto! Não! E não é pra fazer sabotagem comigo, tá bom? Não é pra fazer! Vamos lá gente! Por que a gente não vai fazer sabotagem você? Pronto! Fiz bobagem, bobagem, botagem! Botagem? Eu fiz sabotagem! Não, sabotagem! Você fez bobagem, bobagem! Não, sabotagem! Botagem! Fez bobagem! Botagem! Sabotagem! Isso é bobagem! Botagem! Botagem! Botagem! Botagem! Botagem! Botagem! Botagem de popo na casca do ovo! Não! Vamos apostar a corrida! Vamos apostar a corrida, tá bom? 3 de 2! Meninas vs meninas!",0.2855086922645569,0.6505305171012878,0.0639607384800911,NEU,0.4365608692169189,0.0002421257086098,0.0135717978700995,0.0007934254826977,0.2144283801317215,0.0006426989566534,0.004260572604835,0.34757367,Lokis,Roblox,DE CABEÇA PARA BAIXO  Roblox - Ride Down A Rainbow Slide [0bo1Ldu7TJ0],,GZ,GZ,GZ,"🎬 Canal: Lokis | 🎥 Vídeo: DE CABEÇA PARA BAIXO  Roblox - Ride Down A Rainbow Slide [0bo1Ldu7TJ0]
⏱️ Segmento/Index: 6
🤖 Consenso de IA: GZ (Detoxify: 0.437 | Perspective: 0.348)
──────────────────────────────────────────────────
Fala transcrita:
""Sabe quem foi? Quem? Quem ganhou o presente da sabotagem? E eu não cheguei! Ninguém vai chegar! Ninguém! Ah! Ninguém! Tem que chegar juntinho! Tem que chegar junto! Não! E não é pra fazer sabotagem comigo, tá bom? Não é pra fazer! Vamos lá gente! Por que a gente não vai fazer sabotagem você? Pronto! Fiz bobagem, bobagem, botagem! Botagem? Eu fiz sabotagem! Não, sabotagem! Você fez bobagem, bobagem! Não, sabotagem! Botagem! Fez bobagem! Botagem! Sabotagem! Isso é bobagem! Botagem! Botagem! Botagem! Botagem! Botagem! Botagem! Botagem de popo na casca do ovo! Não! Vamos apostar a corrida! Vamos apostar a corrida, tá bom? 3 de 2! Meninas vs meninas!""",Avaliador_C,Avaliador_F
7,"Eu tenho, ó, eu tenho um machado aqui Isso aqui é bom Nossa, a gente pode cavar e escapar daqui É, coloca isso aqui também debaixo da cama dela Vai, vai Faz assim Pega o machado e vai cavando E eu vou colocar TNT na cama da professora Eu fui até o quarto da cuidadora E agora eu preciso expor uma TNT embaixo da cama dela Vamos cavar aqui Eu deixei o machado com o GBL pra ele cavar o nosso túnel de fuga A gente vai sair na noite E agora vamos colocar TNT aqui embaixo E pronto, a madeira Quando a professora for dormir, eu vou explodir essa TNT Ah, tchê, tchê, seu Furious Agora vamos, vamos, vamos Que você tem que ir pra lá pra dormir Vamos, vamos, seu Furious Seu atu está fazendo o quê fora da cama? Eu fui ver o meu neto, veio me visitar Mentira, seu neto veio me visitar É verdade Vai logo, vai logo Ai, eu tô indo pro quarto, ai, minhas costas Oi, gente Oi, meus amigos Seu Furious, eu preciso tomar banho, vora Não, não, Furious, você não precisa tomar banho Você vai fazer xixi na cama mesmo Que gritaiar é essa? Vai, entra o GBL, entra A cuidadora levou o Furious até o banheiro Pô, seu Furious, fica aí que eu vou te dar banho agora, tá? Não, tá gelando essa água Ela lavou o Furious e deixou ele limpinho GBL, você conseguiu cavar o túnel?",0.0663969814777374,0.765271782875061,0.1683311611413955,NEU,0.5166873931884766,0.0087126120924949,0.0550130195915699,0.0065380968153476,0.0440906956791877,0.0045342156663537,0.0307893641293048,0.27525392,Athos,Minecraft,RECRIEI O BINGO NO MINECRAFT [IxXzVcqbWm4],,GZ,GZ,GZ,"🎬 Canal: Athos | 🎥 Vídeo: RECRIEI O BINGO NO MINECRAFT [IxXzVcqbWm4]
⏱️ Segmento/Index: 7
🤖 Consenso de IA: GZ (Detoxify: 0.517 | Perspective: 0.275)
──────────────────────────────────────────────────
Fala transcrita:
""Eu tenho, ó, eu tenho um machado aqui Isso aqui é bom Nossa, a gente pode cavar e escapar daqui É, coloca isso aqui também debaixo da cama dela Vai, vai Faz assim Pega o machado e vai cavando E eu vou colocar TNT na cama da professora Eu fui até o quarto da cuidadora E agora eu preciso expor uma TNT embaixo da cama dela Vamos cavar aqui Eu deixei o machado com o GBL pra ele cavar o nosso túnel de fuga A gente vai sair na noite E agora vamos colocar TNT aqui embaixo E pronto, a madeira Quando a professora for dormir, eu vou explodir essa TNT Ah, tchê, tchê, seu Furious Agora vamos, vamos, vamos Que você tem que ir pra lá pra dormir Vamos, vamos, seu Furious Seu atu está fazendo o quê fora da cama? Eu fui ver o meu neto, veio me visitar Mentira, seu neto veio me visitar É verdade Vai logo, vai logo Ai, eu tô indo pro quarto, ai, minhas costas Oi, gente Oi, meus amigos Seu Furious, eu preciso tomar banho, vora Não, não, Furious, você não precisa tomar banho Você vai fazer xixi na cama mesmo Que gritaiar é essa? Vai, entra o GBL, entra A cuidadora levou o Furious até o banheiro Pô, seu Furious, fica aí que eu vou te dar banho agora, tá? Não, tá gelando essa água Ela lavou o Furious e deixou ele limpinho GBL, você conseguiu cavar o túnel?""",Avaliador_C,Avaliador_F
47,"Eu acho que eu tô no estoque do Cadres É aqui que ele traz a namorada dele Ah, agora eu tô sozinho aqui Peraí, eu não tô sozinho, eu ainda tenho o meu lobinho que tá aqui no porão Olha só, vamos levar todo o ouro dele e vamos levar também os diamantes Ahahah Esses diamantes o Cadres roubou tudo de mim Eu só tô pegando de volta o que ele roubou de mim E o lobinho, o lobinho vai vir junto Vem lobinho, é hora de voltar pra casa Vamos voltar e eu vou deixar essa passagem aberta só pro Cadres descobrir Que eu não sou noob que nem ele pensa Ah, então deixa eu vir aqui porque eu quero fazer carinho no meu lobinho Que buraco é esse? Cadê meu lobo? Ah não, alguém invadiu aqui, deve ser o Atus, certeza Mas como que ele descobriu o meu porão? Eu vou descer essa escada e ela deve levar pra algum lugar Tá, eu tô chegando aqui embaixo e pra onde que ela leva? Que que é isso? Tem uma mansão embaixo da terra Mas de quem que é essa casa aqui?",0.0843712091445922,0.598686933517456,0.3169418573379516,NEU,0.0411345958709716,0.0028517490718513,0.0315182246267795,0.0034626007545739,0.0242135357111692,0.0014520405093207,0.0045807994902133,0.15269235,Athos,Minecraft,100 DIAS TROLANDO MEU AMIGO NO MINECRAFT - O Filme [xRTZ1IvgmAY],,NT,NT,NT,"🎬 Canal: Athos | 🎥 Vídeo: 100 DIAS TROLANDO MEU AMIGO NO MINECRAFT - O Filme [xRTZ1IvgmAY]
⏱️ Segmento/Index: 47
🤖 Consenso de IA: NT (Detoxify: 0.041 | Perspective: 0.153)
──────────────────────────────────────────────────
Fala transcrita:
""Eu acho que eu tô no estoque do Cadres É aqui que ele traz a namorada dele Ah, agora eu tô sozinho aqui Peraí, eu não tô sozinho, eu ainda tenho o meu lobinho que tá aqui no porão Olha só, vamos levar todo o ouro dele e vamos levar também os diamantes Ahahah Esses diamantes o Cadres roubou tudo de mim Eu só tô pegando de volta o que ele roubou de mim E o lobinho, o lobinho vai vir junto Vem lobinho, é hora de voltar pra casa Vamos voltar e eu vou deixar essa passagem aberta só pro Cadres descobrir Que eu não sou noob que nem ele pensa Ah, então deixa eu vir aqui porque eu quero fazer carinho no meu lobinho Que buraco é esse? Cadê meu lobo? Ah não, alguém invadiu aqui, deve ser o Atus, certeza Mas como que ele descobriu o meu porão? Eu vou descer essa escada e ela deve levar pra algum lugar Tá, eu tô chegando aqui embaixo e pra onde que ela leva? Que que é isso? Tem uma mansão embaixo da terra Mas de quem que é essa casa aqui?""",Avaliador_C,Avaliador_F
9,"Pera aí, mano Pera aí, mano",0.1405455023050308,0.5873351693153381,0.2721193730831146,NEU,0.0927921384572982,0.0014189003268256,0.0143976137042045,0.0009744949056766,0.0118636358529329,0.0471492148935794,0.0049369521439075,0.15213956,Geleia,Minecraft,TENTE ESCAPAR DO TSUNAMI GIGANTE NO MINECRAFT  Impossível [ksJ4o-AQvPg],,NT,NT,NT,"🎬 Canal: Geleia | 🎥 Vídeo: TENTE ESCAPAR DO TSUNAMI GIGANTE NO MINECRAFT  Impossível [ksJ4o-AQvPg]
⏱️ Segmento/Index: 9
🤖 Consenso de IA: NT (Detoxify: 0.093 | Perspective: 0.152)
──────────────────────────────────────────────────
Fala transcrita:
""Pera aí, mano Pera aí, mano""",Avaliador_C,Avaliador_F
4,"Pise para liberar a grade e iniciar o desafio final Último desafio, derrote os zumbis Nossa, eles apareceram agora ali na frente e são muitos Mas peraí, tem uns itens aqui e eu posso pegar eles Com isso eu vou ficar mais forte E agora pode vir, zumbi Como, não, só são muitos, são muitos, será que eu vou conseguir? Não, para, para de me atacar, para de me atacar, olha o tanto Eu tive uma ideia pra derrotar todos eles No meio dessa sala tem uma janela E todos os zumbis que estão passando embaixo dela estão pegando fogo Eu preciso dar um jeito de levar todos eles aqui Vem aqui, vem aqui, vem embaixo da janela, olha isso que está funcionando Todos eles estão pegando fogo Ainda bem que eles não são espertos e vão direto para o sol Alguns já não estão sobrevivendo, olha aqui, carne podre no chão Ai, eu vou conseguir derrotar todos vocês, toma, toma Só falta mais esses três agora E agora eu vou acabar com vocês, toma Será que abriu uma porta em algum lugar? Tem uma passagem aqui e ela me leva para fora, boa E agora eu vou colocar a figurinha da Momilong Legs no álbum da copa Ai, o que é isso? O que está acontecendo?",0.1457862257957458,0.6686554551124573,0.1855583190917968,NEU,0.165422111749649,0.005960043054074,0.0328074768185615,0.0031583930831402,0.0321940258145332,0.0411674007773399,0.0038173617795109,0.14082454,Cadres,Minecraft,Consegui Figurinhas dos MONSTROS no Minecraft [KCOVydJSs6M],,NT,NT,NT,"🎬 Canal: Cadres | 🎥 Vídeo: Consegui Figurinhas dos MONSTROS no Minecraft [KCOVydJSs6M]
⏱️ Segmento/Index: 4
🤖 Consenso de IA: NT (Detoxify: 0.165 | Perspective: 0.141)
──────────────────────────────────────────────────
Fala transcrita:
""Pise para liberar a grade e iniciar o desafio final Último desafio, derrote os zumbis Nossa, eles apareceram agora ali na frente e são muitos Mas peraí, tem uns itens aqui e eu posso pegar eles Com isso eu vou ficar mais forte E agora pode vir, zumbi Como, não, só são muitos, são muitos, será que eu vou conseguir? Não, para, para de me atacar, para de me atacar, olha o tanto Eu tive uma ideia pra derrotar todos eles No meio dessa sala tem uma janela E todos os zumbis que estão passando embaixo dela estão pegando fogo Eu preciso dar um jeito de levar todos eles aqui Vem aqui, vem aqui, vem embaixo da janela, olha isso que está funcionando Todos eles estão pegando fogo Ainda bem que eles não são espertos e vão direto para o sol Alguns já não estão sobrevivendo, olha aqui, carne podre no chão Ai, eu vou conseguir derrotar todos vocês, toma, toma Só falta mais esses três agora E agora eu vou acabar com vocês, toma Será que abriu uma porta em algum lugar? Tem uma passagem aqui e ela me leva para fora, boa E agora eu vou colocar a figurinha da Momilong Legs no álbum da copa Ai, o que é isso? O que está acontecendo?""",Avaliador_C,Avaliador_F
40,"Sai daqui! Toma! Pronto! Ih, caiu duas moedinhas ainda aqui de boas pra gente Deixa eu ver se por aqui tem algo... Não, não cai! Ah, vamos falar com esse cara Eu abrirei essa cabana se você me trazer todas as conchas mágicas dessa região Ainda tem mais? Isso aqui é mais? Nossa galera, por isso que eu tava pegando umas conchinha no meio do jogo Ele quer concha mágica Deixa eu ver o que é isso aqui Opa! Que a gente veio parar Onde é isso? Cara, eu vou jogando jogo, eu vou descobrindo Coisa nova Mano, o que é isso aqui, ó? Tem acho que como subir ali em cima Ai, que susto! Ah, tá atirando em mim, velho! Que é isso? Tem um arco e flecha Vamos tentar vir aqui em cima dele Dá pra eu ativar isso de alguma forma? Não... Oh, tem... Ah, pera aí! Protege Boa! Abre, abre, abre! Cara, tem um portão mágico aqui!",0.0521878711879253,0.8179376125335693,0.129874512553215,NEU,0.2204326391220092,0.0031075633596628,0.0345827303826808,0.0020238563884049,0.0355700887739658,0.0079546915367245,0.0072692711837589,0.35186127,AuthenticGames,Minecraft,A HISTÓRIA do AUTHENTIC PALITINHO de BORRACHA - FILME [Mh7Yb0Er-Z0],,GZ,GZ,GZ,"🎬 Canal: AuthenticGames | 🎥 Vídeo: A HISTÓRIA do AUTHENTIC PALITINHO de BORRACHA - FILME [Mh7Yb0Er-Z0]
⏱️ Segmento/Index: 40
🤖 Consenso de IA: GZ (Detoxify: 0.22 | Perspective: 0.352)
──────────────────────────────────────────────────
Fala transcrita:
""Sai daqui! Toma! Pronto! Ih, caiu duas moedinhas ainda aqui de boas pra gente Deixa eu ver se por aqui tem algo... Não, não cai! Ah, vamos falar com esse cara Eu abrirei essa cabana se você me trazer todas as conchas mágicas dessa região Ainda tem mais? Isso aqui é mais? Nossa galera, por isso que eu tava pegando umas conchinha no meio do jogo Ele quer concha mágica Deixa eu ver o que é isso aqui Opa! Que a gente veio parar Onde é isso? Cara, eu vou jogando jogo, eu vou descobrindo Coisa nova Mano, o que é isso aqui, ó? Tem acho que como subir ali em cima Ai, que susto! Ah, tá atirando em mim, velho! Que é isso? Tem um arco e flecha Vamos tentar vir aqui em cima dele Dá pra eu ativar isso de alguma forma? Não... Oh, tem... Ah, pera aí! Protege Boa! Abre, abre, abre! Cara, tem um portão mágico aqui!""",Avaliador_C,Avaliador_F
5,"Não basta cair três vezes, você tem que cair quatro, né Gretchen? Aí eu falei, vai pedaço de cavalo, levanta de novo, sai correndo, a Lady foi e caiu. Eu falei, meu Deus, as muletas estão tudo caindo e eu não estou vendo inimigo nenhum. Ela falou, está lá em cima, eu falei, peraí que eu vou matar, eu consegui dar uns capas nele pra assustar ele. Eu falei, Gracia do céu, ajuda aqui, Gracia. Ela saiu correndo. Ela falou, então eu vou correr também? Mentira, eu fui lá dar um zigzag no cara. Eu falei, calma Lady, estou chegando. Só que quando cheguei não tinha mais nada da Lady, só tinha o pó dela. Quando eu vi que eu poderia matar o cara, ele me matou e eu pensei, vou fugir. E foi isso que eu fiz, saí correndo mesmo, com arma na mão mesmo. E eu saí correndo pra me esconder, a Gracia aqui lute sem arma, sem nada. Quando eu pensei que mais nada poderia me abalar do nada, sujo, um bocado de cara, eu falei, Gracia, me ajuda. Quando eu fui ver ela, já estava longe, longe, longe, longe. Aí eu pergunto, por que é que eu voltei pra salvar essa rapariga? Primeira oportunidade de fuga que a Gracia teve, ela fugiu e não pensou duas vezes.",0.3429832458496094,0.5415695309638977,0.1154471933841705,NEU,0.4729816019535064,0.0011816426413133,0.0317828021943569,0.0008315645973198,0.1392803788185119,0.0236186198890209,0.0042186798527836,0.3389984,Amy Scarlet,Roblox,MELHOR SQUAD DO FREE FIRE [g46ZO-8UwLM],,GZ,GZ,GZ,"🎬 Canal: Amy Scarlet | 🎥 Vídeo: MELHOR SQUAD DO FREE FIRE [g46ZO-8UwLM]
⏱️ Segmento/Index: 5
🤖 Consenso de IA: GZ (Detoxify: 0.473 | Perspective: 0.339)
──────────────────────────────────────────────────
Fala transcrita:
""Não basta cair três vezes, você tem que cair quatro, né Gretchen? Aí eu falei, vai pedaço de cavalo, levanta de novo, sai correndo, a Lady foi e caiu. Eu falei, meu Deus, as muletas estão tudo caindo e eu não estou vendo inimigo nenhum. Ela falou, está lá em cima, eu falei, peraí que eu vou matar, eu consegui dar uns capas nele pra assustar ele. Eu falei, Gracia do céu, ajuda aqui, Gracia. Ela saiu correndo. Ela falou, então eu vou correr também? Mentira, eu fui lá dar um zigzag no cara. Eu falei, calma Lady, estou chegando. Só que quando cheguei não tinha mais nada da Lady, só tinha o pó dela. Quando eu vi que eu poderia matar o cara, ele me matou e eu pensei, vou fugir. E foi isso que eu fiz, saí correndo mesmo, com arma na mão mesmo. E eu saí correndo pra me esconder, a Gracia aqui lute sem arma, sem nada. Quando eu pensei que mais nada poderia me abalar do nada, sujo, um bocado de cara, eu falei, Gracia, me ajuda. Quando eu fui ver ela, já estava longe, longe, longe, longe. Aí eu pergunto, por que é que eu voltei pra salvar essa rapariga? Primeira oportunidade de fuga que a Gracia teve, ela fugiu e não pensou duas vezes.""",Avaliador_C,Avaliador_F
0,"Nesse vídeo, meu objetivo é entrar no Nether e conseguir o olho do fim, enquanto quatro caçadores tentam me parar. Só que tem uma diferença. Sempre que eu agacho, eu fico invisível. Pode parecer que fica muito fácil pra mim, mas na verdade não. Porque invisível não pode usar armadura. Então, se você gostou da ideia e gostar do vídeo, se inscreve aqui no canal que eu tô rumo a um milhão de inscritos. E se depois você não gostar de algo, é só se inscrever, é grátis. Também passa nos canais dos caçadores que estão aí na descrição, e agora aproveita o vídeo. Vocês estão prontos? Ah, sempre mesmo. Então beleza, mano. Vou começar a contagem. Ih, tá valendo, mano. Ah, o cara já vai pra minha frente, velho. Que que é isso? Que que é isso? Ah, velho, eu nem vi, mano. Vambora aí. Fica, Jaleca. Eu tava tão perto de você, mano. Cara, isso aqui vai ser muito louco, gente. Isso aqui vai ser muito louco. Vamos lá, vamos lá, vamos lá. Ai, ai, caralho. O cara foi muito perto. Não, mano, eu fui muito burro, porque eu olhei pro outro lado, mano.",0.1106315031647682,0.8105005621910095,0.0788679718971252,NEU,0.5801049470901489,0.0023902647662907,0.0507995747029781,0.0028212398756295,0.0675948932766914,0.0032376509625464,0.011912502348423,0.20242359,Geleia,Minecraft,4 CAÇADORES VS 1 SPEEDRUNNER mas se AGACHAR FICA INVISÍVEL MINECRAFT [Cj6axVgdXrA],,GZ,GZ,GZ,"🎬 Canal: Geleia | 🎥 Vídeo: 4 CAÇADORES VS 1 SPEEDRUNNER mas se AGACHAR FICA INVISÍVEL MINECRAFT [Cj6axVgdXrA]
⏱️ Segmento/Index: 0
🤖 Consenso de IA: GZ (Detoxify: 0.58 | Perspective: 0.202)
──────────────────────────────────────────────────
Fala transcrita:
""Nesse vídeo, meu objetivo é entrar no Nether e conseguir o olho do fim, enquanto quatro caçadores tentam me parar. Só que tem uma diferença. Sempre que eu agacho, eu fico invisível. Pode parecer que fica muito fácil pra mim, mas na verdade não. Porque invisível não pode usar armadura. Então, se você gostou da ideia e gostar do vídeo, se inscreve aqui no canal que eu tô rumo a um milhão de inscritos. E se depois você não gostar de algo, é só se inscrever, é grátis. Também passa nos canais dos caçadores que estão aí na descrição, e agora aproveita o vídeo. Vocês estão prontos? Ah, sempre mesmo. Então beleza, mano. Vou começar a contagem. Ih, tá valendo, mano. Ah, o cara já vai pra minha frente, velho. Que que é isso? Que que é isso? Ah, velho, eu nem vi, mano. Vambora aí. Fica, Jaleca. Eu tava tão perto de você, mano. Cara, isso aqui vai ser muito louco, gente. Isso aqui vai ser muito louco. Vamos lá, vamos lá, vamos lá. Ai, ai, caralho. O cara foi muito perto. Não, mano, eu fui muito burro, porque eu olhei pro outro lado, mano.""",Avaliador_C,Avaliador_F
2,"Bora, Frost, mata dois, já era pra ter matado dois, Frost, te disse que ia carregar Não, não cai nem couro aqui, Frost, nós tivéssemos caindo em couro aqui na zona, nós tivéssemos, tá ligado? Que o país bagaça Eu acho que você vai dar pra fristar cada vez mais fácil, já vinte e cinco Ei, véi, eu fiquei muito apalado, véi, que o D.Ranja namorou com o Yuri O que ele namorou com o Yuri era ela, véi Não era, véi? Ei, véi, não me lembre, não, véi Ei, bom, aqui é a Sarada, já mandou uma culpa pra ela, bom, pra Sarada Não, não, é, Sarada Sarada é segunda opção, por que nem eu Ih, é? Então, tu já pode ir pra ela, né, Arad? Já te deu fora e tu já pode ir pra Sarada Não, não, o que adianta é minha mãe se pedisse, nunca desiste é do seu sonho Eu não tô triste não, véi, qualquer momento ela se para do Yuri Tu quiser não desist, ó, eu sei, não acho não, não Vem aqui, galera, vem aqui, vem aqui, vem aqui Vou botando a minha rima, tá ligado agora O Bocca de 09 caiu na p*** nessa hora, wow Cadê o Bocca?",0.0866432934999466,0.8744191527366638,0.0389375649392604,NEU,0.758682906627655,0.0096277939155697,0.0708620995283126,0.0052710180170834,0.0415358282625675,0.0112927099689841,0.0234414394944906,0.2786282,meu nome é david,Roblox,NOVA HABILIDADE DO FF BOCA DE 09 FICOU INVISÍVEL NA PARTIDA [zPqkqyh3Eyo],,GZ,GZ,GZ,"🎬 Canal: meu nome é david | 🎥 Vídeo: NOVA HABILIDADE DO FF BOCA DE 09 FICOU INVISÍVEL NA PARTIDA [zPqkqyh3Eyo]
⏱️ Segmento/Index: 2
🤖 Consenso de IA: GZ (Detoxify: 0.759 | Perspective: 0.279)
──────────────────────────────────────────────────
Fala transcrita:
""Bora, Frost, mata dois, já era pra ter matado dois, Frost, te disse que ia carregar Não, não cai nem couro aqui, Frost, nós tivéssemos caindo em couro aqui na zona, nós tivéssemos, tá ligado? Que o país bagaça Eu acho que você vai dar pra fristar cada vez mais fácil, já vinte e cinco Ei, véi, eu fiquei muito apalado, véi, que o D.Ranja namorou com o Yuri O que ele namorou com o Yuri era ela, véi Não era, véi? Ei, véi, não me lembre, não, véi Ei, bom, aqui é a Sarada, já mandou uma culpa pra ela, bom, pra Sarada Não, não, é, Sarada Sarada é segunda opção, por que nem eu Ih, é? Então, tu já pode ir pra ela, né, Arad? Já te deu fora e tu já pode ir pra Sarada Não, não, o que adianta é minha mãe se pedisse, nunca desiste é do seu sonho Eu não tô triste não, véi, qualquer momento ela se para do Yuri Tu quiser não desist, ó, eu sei, não acho não, não Vem aqui, galera, vem aqui, vem aqui, vem aqui Vou botando a minha rima, tá ligado agora O Bocca de 09 caiu na p*** nessa hora, wow Cadê o Bocca?""",Avaliador_C,Avaliador_F
51,médico mano ó o toquinho tá vindo eu vou morrer nossa caraca eu segurei a braba pesada aqui em cara eu vou com ele caraca os caras tão segurando bem em velho não segurando bem olha o toquinho relaxa porque eu tô indo te reviver não tô faltando um pouco faltou um pouco eu vou trocar de personagem aqui ó o milho aqui eu vou que se bravo aqui tô vivo tô vivo vai atira matei um beleza olha tem um milho ali na frente calma aí eu vou eu vou ganhando espaço pra gente caraca tem um cacto aqui em lugar vei aqui tá aqui tá aqui tá aqui ó esse bichinho chato pra caramba que é isso aí ó mano nosso mano nossa se ela virar árvore ferrou mata nós vou morrer matei pera pacão nossa mas destruiu o cacto tem que pegar a captura que o meio a gente já é nosso já é nosso tem que,0.1787793934345245,0.4019599854946136,0.4192605912685394,POS,0.9576042890548706,0.0147158186882734,0.073376715183258,0.0058286571875214,0.0795684829354286,0.0495126470923423,0.0435617938637733,0.45243698,AuthenticGames,Minecraft,AS MELHORES PLANTAS DO JOGO  - Plants Vs Zombies Battle for Neighborville [cLh0TEJH64s],,T,T,T,"🎬 Canal: AuthenticGames | 🎥 Vídeo: AS MELHORES PLANTAS DO JOGO  - Plants Vs Zombies Battle for Neighborville [cLh0TEJH64s]
⏱️ Segmento/Index: 51
🤖 Consenso de IA: T (Detoxify: 0.958 | Perspective: 0.452)
──────────────────────────────────────────────────
Fala transcrita:
""médico mano ó o toquinho tá vindo eu vou morrer nossa caraca eu segurei a braba pesada aqui em cara eu vou com ele caraca os caras tão segurando bem em velho não segurando bem olha o toquinho relaxa porque eu tô indo te reviver não tô faltando um pouco faltou um pouco eu vou trocar de personagem aqui ó o milho aqui eu vou que se bravo aqui tô vivo tô vivo vai atira matei um beleza olha tem um milho ali na frente calma aí eu vou eu vou ganhando espaço pra gente caraca tem um cacto aqui em lugar vei aqui tá aqui tá aqui tá aqui ó esse bichinho chato pra caramba que é isso aí ó mano nosso mano nossa se ela virar árvore ferrou mata nós vou morrer matei pera pacão nossa mas destruiu o cacto tem que pegar a captura que o meio a gente já é nosso já é nosso tem que""",Avaliador_C,Avaliador_F
2,"Eu acho que quanto mais pulo, mais pulo mano, eu acho Tá Ó, vamos lá Cara, vai ser um negócio bem difícil aqui Mas, acho que dá hein mano Que dá, ó, já comprou um pouco de bloco aqui já mano Faz uns dias que eu não jogo Bad Wars, eu nem lembro direito como é que faz as paradinhas aqui Mas vamos tentar ganhar mano, vamos tentar ganhar Ai meu Deus Nossa senhora, eu já tô pulando muito alto mano Os caras já perguntando se eu trollo no chat Hahahaha Meu amigo Tá mano, ó, o açúcar é do time Ciano ali tá gente, ele tá com outro nick ali Mas, deu uns probleminha aqui Ó, eu vou pegar aqui uma chupadinha de ferro já E açúcar, a gente é inimigo hein Oi, tá bom, ai eu tô com medo aí Ai, tem cara aqui, tem cara aqui, tem cara aqui Não, não, não, não, não, meu Deus, meu Deus, meu Deus Hahahaha Hahahaha A gente tá lutando no espaço velho Que que é isso mano Hahahaha Batalha épica Mano, é muito louco, é muito difícil Veei, que Nossa, não vai ter nem como Não vai ter nem como terminar aqui, vei Que loucura, tá, vambora mano, ó, eu vou comprar Hahahaha, mano Que loucura, vei, vem cá, vem cá Ó, ó, ó, ó, ó, ó Ai meu Deus, tomei dano, tomei dano, tomei dano Meu Deus, tô tomando dano vei Não, não, não Não, não, não, não, não, não Eles destruíram minha cama, não Não, não Eu não acredito, velho Ai meu amigo, eu perdi Ah mano Eita Nossa, vei, que loucura mano Ah, ele ganhou aqui Eu tô lutando com os equipes de trocar, eles estão chatos hoje Galera, vamos ter que ir pra próxima partida mano Beleza mano Evita pular, eu troquei o plugue aqui",0.1578337848186493,0.6447474956512451,0.1974187046289444,NEU,0.5322997570037842,0.0117487516254186,0.0540964528918266,0.0064976513385772,0.0404584556818008,0.0035564913414418,0.0268426872789859,0.2667042,Geleia,Minecraft,1 PULO  MAIS SUPER PULO NO MINECRAFT [GySwdlXitVQ],,GZ,GZ,GZ,"🎬 Canal: Geleia | 🎥 Vídeo: 1 PULO  MAIS SUPER PULO NO MINECRAFT [GySwdlXitVQ]
⏱️ Segmento/Index: 2
🤖 Consenso de IA: GZ (Detoxify: 0.532 | Perspective: 0.267)
──────────────────────────────────────────────────
Fala transcrita:
""Eu acho que quanto mais pulo, mais pulo mano, eu acho Tá Ó, vamos lá Cara, vai ser um negócio bem difícil aqui Mas, acho que dá hein mano Que dá, ó, já comprou um pouco de bloco aqui já mano Faz uns dias que eu não jogo Bad Wars, eu nem lembro direito como é que faz as paradinhas aqui Mas vamos tentar ganhar mano, vamos tentar ganhar Ai meu Deus Nossa senhora, eu já tô pulando muito alto mano Os caras já perguntando se eu trollo no chat Hahahaha Meu amigo Tá mano, ó, o açúcar é do time Ciano ali tá gente, ele tá com outro nick ali Mas, deu uns probleminha aqui Ó, eu vou pegar aqui uma chupadinha de ferro já E açúcar, a gente é inimigo hein Oi, tá bom, ai eu tô com medo aí Ai, tem cara aqui, tem cara aqui, tem cara aqui Não, não, não, não, não, meu Deus, meu Deus, meu Deus Hahahaha Hahahaha A gente tá lutando no espaço velho Que que é isso mano Hahahaha Batalha épica Mano, é muito louco, é muito difícil Veei, que Nossa, não vai ter nem como Não vai ter nem como terminar aqui, vei Que loucura, tá, vambora mano, ó, eu vou comprar Hahahaha, mano Que loucura, vei, vem cá, vem cá Ó, ó, ó, ó, ó, ó Ai meu Deus, tomei dano, tomei dano, tomei dano Meu Deus, tô tomando dano vei Não, não, não Não, não, não, não, não, não Eles destruíram minha cama, não Não, não Eu não acredito, velho Ai meu amigo, eu perdi Ah mano Eita Nossa, vei, que loucura mano Ah, ele ganhou aqui Eu tô lutando com os equipes de trocar, eles estão chatos hoje Galera, vamos ter que ir pra próxima partida mano Beleza mano Evita pular, eu troquei o plugue aqui""",Avaliador_C,Avaliador_F
2,"Quebra! Quebra! Quebra! Quebra! Quebra! Quebra! Doutora Carminha! O que está acontecendo, autoridade? Elas estão destruindo minha casa! Quebra! Quebra! Doutora Carminha, elas quebraram sua casinha, né? Quebra! Quebra! Elas estão quebrando minha casinha! Quebra! Quebra! Elas estão quebrando minha casinha! Quebra! Quebra! Pára! Pain! Quebra! Quebra! Quebra! Quebra! Quebra! Quebra! Vocês desobedecerão! E deixam morrer, Elas! Quebra! Foi o bichinho do quebra! Agora vou levar pra punição! Vem! Quebra! Quebra! Não, não vai ter punição! Não vai ter punição porque vez quebra quebra.",0.6881837844848633,0.2893989980220794,0.0224171504378318,NEG,0.9498603343963624,0.0085959183052182,0.0511886775493621,0.0047184946015477,0.0539156198501586,0.3267059028148651,0.0116711864247918,0.53579444,Lokis,Roblox,AS QUEBRADORAS DE PAREDES  Roblox - Destruction Physics [KssmQCdfdAk],,T,T,T,"🎬 Canal: Lokis | 🎥 Vídeo: AS QUEBRADORAS DE PAREDES  Roblox - Destruction Physics [KssmQCdfdAk]
⏱️ Segmento/Index: 2
🤖 Consenso de IA: T (Detoxify: 0.95 | Perspective: 0.536)
──────────────────────────────────────────────────
Fala transcrita:
""Quebra! Quebra! Quebra! Quebra! Quebra! Quebra! Doutora Carminha! O que está acontecendo, autoridade? Elas estão destruindo minha casa! Quebra! Quebra! Doutora Carminha, elas quebraram sua casinha, né? Quebra! Quebra! Elas estão quebrando minha casinha! Quebra! Quebra! Elas estão quebrando minha casinha! Quebra! Quebra! Pára! Pain! Quebra! Quebra! Quebra! Quebra! Quebra! Quebra! Vocês desobedecerão! E deixam morrer, Elas! Quebra! Foi o bichinho do quebra! Agora vou levar pra punição! Vem! Quebra! Quebra! Não, não vai ter punição! Não vai ter punição porque vez quebra quebra.""",Avaliador_C,Avaliador_F
2,"Hahaha, e essa aqui, ela tá assustadora Bom, eu já vi aqui muitas inspirações de Momi, mas eu acho que eu posso criar a minha própria junto com vocês Então bora lá comprar os itens Confesso para vocês que eu já tentei virar Momilong Legs antes e não ficou uma transformação tão legal Então eu vou começar aqui vindo nos personagens e nos comprados e vou transformar o meu personagem em um esqueleto Já que a Momilong Legs é longa, é grande, vamos deixar um corpo grande para ela Mas eu também quero mudar a cabeça Agora então vamos mudar a cabeça para deixar pronto para receber as roupas Eu acho que eu vou deixar essa cabeça de mulher mesmo que eu estava Pronto, não ficou tão legal com esse cabelo do esqueleto, mas é o que nós temos por enquanto antes de fazer qualquer mudança E eu também quero mudar o tronco Eu só não sei qual que eu coloco, qual vai ser melhor? Será que eu deixo o de esqueleto por enquanto? Ou eu coloco aqui outro tronco, sei lá Bom, por enquanto eu vou deixar o de esqueleto, se for preciso eu venho e troco Bora para a loja do avatar Primeiro eu vou escrever aqui Momilong para ver o que aparece E vamos ver...",0.0187570303678512,0.1506922543048858,0.8305507302284241,POS,0.0111545911058783,0.0038874463643878,0.0303279384970664,0.0032529952004551,0.0321932695806026,0.001393559272401,0.0067466888576745,0.1587729,Papile,Roblox,VIVENDO COMO A MOMMY LONG LEGS no ROBLOX Poppy Playtime CAPITULO 2 [tedPP-srOAI],0.018756965175271,NT,NT,NT,"🎬 Canal: Papile | 🎥 Vídeo: VIVENDO COMO A MOMMY LONG LEGS no ROBLOX Poppy Playtime CAPITULO 2 [tedPP-srOAI]
⏱️ Segmento/Index: 2
🤖 Consenso de IA: NT (Detoxify: 0.011 | Perspective: 0.159)
──────────────────────────────────────────────────
Fala transcrita:
""Hahaha, e essa aqui, ela tá assustadora Bom, eu já vi aqui muitas inspirações de Momi, mas eu acho que eu posso criar a minha própria junto com vocês Então bora lá comprar os itens Confesso para vocês que eu já tentei virar Momilong Legs antes e não ficou uma transformação tão legal Então eu vou começar aqui vindo nos personagens e nos comprados e vou transformar o meu personagem em um esqueleto Já que a Momilong Legs é longa, é grande, vamos deixar um corpo grande para ela Mas eu também quero mudar a cabeça Agora então vamos mudar a cabeça para deixar pronto para receber as roupas Eu acho que eu vou deixar essa cabeça de mulher mesmo que eu estava Pronto, não ficou tão legal com esse cabelo do esqueleto, mas é o que nós temos por enquanto antes de fazer qualquer mudança E eu também quero mudar o tronco Eu só não sei qual que eu coloco, qual vai ser melhor? Será que eu deixo o de esqueleto por enquanto? Ou eu coloco aqui outro tronco, sei lá Bom, por enquanto eu vou deixar o de esqueleto, se for preciso eu venho e troco Bora para a loja do avatar Primeiro eu vou escrever aqui Momilong para ver o que aparece E vamos ver...""",Avaliador_C,Avaliador_F
8,"Coloquem aí nos comentários se vocês gostam de Usar moletom, tênis, Salto, vestido Qual é o seu estilo? Gente, mas o salto Salto?",0.1029604896903038,0.8713446855545044,0.0256948303431272,NEU,0.0015324359992519,0.0003223888634238,0.0054589151404798,0.0004637694219127,0.002110478002578,0.0002393573377048,0.0004563381080515,0.049584184,Julia MineGirl,Roblox,DESFILE DE LOOKS NO MINECRAFT Fashion Show [Qvucu1L8A7A],,NT,NT,NT,"🎬 Canal: Julia MineGirl | 🎥 Vídeo: DESFILE DE LOOKS NO MINECRAFT Fashion Show [Qvucu1L8A7A]
⏱️ Segmento/Index: 8
🤖 Consenso de IA: NT (Detoxify: 0.002 | Perspective: 0.05)
──────────────────────────────────────────────────
Fala transcrita:
""Coloquem aí nos comentários se vocês gostam de Usar moletom, tênis, Salto, vestido Qual é o seu estilo? Gente, mas o salto Salto?""",Avaliador_C,Avaliador_F
9,"Ah, entendi E o que quer dizer? Quer dizer que é um baú com explosivos de novo, né? Com certeza que é uma trollagem sua Não, não, não, já peguei, eu parei de fazer a trollagem, eu parei É, entendi Então eu vou abrir pra ver o que é que tem dentro Calma aí, deixa eu só pular aqui em cima dele pra não ter nenhum problema, né? Agora, tá vazio esse baú McFly Deixa eu sair daqui, não tem nada demais não, até mais, tchau Eu vou ainda nessa, mas sim, eu vou ainda nessa E não explodiu, é, dá uma olhada aí, vê aí Não, não, já detenho como não, cara não Essa foi muito boa, consegui despistar o McFly e ele caiu de própria trollagem Deixa eu ficar pequeno, o que? Ele tá me... Corre, corre, corre, corre, jtp Eu te vi, você na minha casa Rápido, vamos lá, tem que ir pro esconderijo Pro esconderijo Não, não, não, não, não, essa foi por pouco, pessoal, eu tô chegando Tô chegando perto do esconderijo, será que eu vou conseguir?",0.4959281086921692,0.4659924507141113,0.038079485297203,NEG,0.3883781731128692,0.0072126523591578,0.048640914261341,0.0049734315834939,0.0570925734937191,0.0048848493024706,0.0074101304635405,0.36095104,JP Plays,Minecraft,fiz uma BASE SECRETA dentro da casa do meu amigo [1bNRu1m-1Go],,GZ,GZ,GZ,"🎬 Canal: JP Plays | 🎥 Vídeo: fiz uma BASE SECRETA dentro da casa do meu amigo [1bNRu1m-1Go]
⏱️ Segmento/Index: 9
🤖 Consenso de IA: GZ (Detoxify: 0.388 | Perspective: 0.361)
──────────────────────────────────────────────────
Fala transcrita:
""Ah, entendi E o que quer dizer? Quer dizer que é um baú com explosivos de novo, né? Com certeza que é uma trollagem sua Não, não, não, já peguei, eu parei de fazer a trollagem, eu parei É, entendi Então eu vou abrir pra ver o que é que tem dentro Calma aí, deixa eu só pular aqui em cima dele pra não ter nenhum problema, né? Agora, tá vazio esse baú McFly Deixa eu sair daqui, não tem nada demais não, até mais, tchau Eu vou ainda nessa, mas sim, eu vou ainda nessa E não explodiu, é, dá uma olhada aí, vê aí Não, não, já detenho como não, cara não Essa foi muito boa, consegui despistar o McFly e ele caiu de própria trollagem Deixa eu ficar pequeno, o que? Ele tá me... Corre, corre, corre, corre, jtp Eu te vi, você na minha casa Rápido, vamos lá, tem que ir pro esconderijo Pro esconderijo Não, não, não, não, não, essa foi por pouco, pessoal, eu tô chegando Tô chegando perto do esconderijo, será que eu vou conseguir?""",Avaliador_C,Avaliador_F
1,"Tá, ele tá naquela casa ali. Antes de eu estar explodindo a casa dele, eu vou explodir essa outra. Tá, deixa eu vir nessa casa aqui. Será que tem alguma coisa? É, tem coisa no baú, mas não é coisa muito importante. Então acho que dá pra gente explodir essa casa aqui. Tá, mas essa casa ainda tá bem inteira. Deixa eu explodir mais um pouquinho. É, é, agora sim. Ai, que isso! Um Creeper! Mas essa daqui ainda não é a casa dele, a casa dele é essa outra. E eu acho que ele já me viu, ele tá atrás de mim, eu vou fugir dele. Porque eu quero explodir essa casa, e se ele ficar correndo atrás de mim, eu não vou conseguir. Sai, sai de perto de mim, explode também! Sai de perto de mim! Não, que isso! Ele não morre! Tá, eu acho que é a minha chance de explodir a casa dele. Entra aqui dentro, explode, explode, eu vou explodir tudo. Não, minha casa, não, não, Creeper! Não! Ah, mano, eu vou te pegar, vem cá! Nossa, chegou até no mar! É, na verdade isso aqui não é o mar, é só uma poça de água. Sai, sai daqui, sai daqui! Não, sai, eu não consigo, eu não consigo bater, eu não consigo bater, eu não consigo bater!",0.2133094519376754,0.6955259442329407,0.091164618730545,NEU,0.8483244776725769,0.0042351372539997,0.0242176931351423,0.0022178993094712,0.0332397855818271,0.426175057888031,0.0083583863452076,0.43965456,Cadres,Minecraft,Trolei o meu amigo virando MOB no Minecraft [GTZsckVbcKo],,T,T,T,"🎬 Canal: Cadres | 🎥 Vídeo: Trolei o meu amigo virando MOB no Minecraft [GTZsckVbcKo]
⏱️ Segmento/Index: 1
🤖 Consenso de IA: T (Detoxify: 0.848 | Perspective: 0.44)
──────────────────────────────────────────────────
Fala transcrita:
""Tá, ele tá naquela casa ali. Antes de eu estar explodindo a casa dele, eu vou explodir essa outra. Tá, deixa eu vir nessa casa aqui. Será que tem alguma coisa? É, tem coisa no baú, mas não é coisa muito importante. Então acho que dá pra gente explodir essa casa aqui. Tá, mas essa casa ainda tá bem inteira. Deixa eu explodir mais um pouquinho. É, é, agora sim. Ai, que isso! Um Creeper! Mas essa daqui ainda não é a casa dele, a casa dele é essa outra. E eu acho que ele já me viu, ele tá atrás de mim, eu vou fugir dele. Porque eu quero explodir essa casa, e se ele ficar correndo atrás de mim, eu não vou conseguir. Sai, sai de perto de mim, explode também! Sai de perto de mim! Não, que isso! Ele não morre! Tá, eu acho que é a minha chance de explodir a casa dele. Entra aqui dentro, explode, explode, eu vou explodir tudo. Não, minha casa, não, não, Creeper! Não! Ah, mano, eu vou te pegar, vem cá! Nossa, chegou até no mar! É, na verdade isso aqui não é o mar, é só uma poça de água. Sai, sai daqui, sai daqui! Não, sai, eu não consigo, eu não consigo bater, eu não consigo bater, eu não consigo bater!""",Avaliador_C,Avaliador_F
17,"Gente! Alguém acha o gerador, por favor! Acha o gerador, por favor! Ai! Não, não, não! Olha, Luca! Eu estou com 26, mami! Pegou um! Ele pegou um! Nossa, ele está pegando um montão! Ele pegou um! Três! Três já! Luca! Os geradores abriram uma nova área! Mas eu estou com 6% de vida, mami! Ele vai me pegar! Fique escondida! Mas ele está vendo... Ai! Que pegada! Não, filha! Foge, mami! Só foge daí que ele está indo! Aí, mami! Você está vendo ele ali do outro lado do mundo! Vai, foge! Tô vendo! Foge das beltas, mami! Vai, você vai sair do futeu das beltas! Vai que eu estou para te ajudar, mami! Vai! Foge das beltas! Tô correndo! Tá, vou ver se eu acho alguma coisa... Não, mami! Vem cá! Pegue aqui, ó! Vai pro fim da parede enferrujada!",0.742005467414856,0.2211288958787918,0.0368655584752559,NEG,0.2637510001659393,0.0007561597158201,0.0469147861003875,0.0007227777969092,0.0418106988072395,0.0137102380394935,0.0035288571380078,0.30527395,Luluca Games,Roblox,Roblox - O ÚLTIMO SOBREVIVENTE VENCE Stop it Slender  Luluca Games [2OZS9YjXW2E],0.7420046329498291,GZ,GZ,GZ,"🎬 Canal: Luluca Games | 🎥 Vídeo: Roblox - O ÚLTIMO SOBREVIVENTE VENCE Stop it Slender  Luluca Games [2OZS9YjXW2E]
⏱️ Segmento/Index: 17
🤖 Consenso de IA: GZ (Detoxify: 0.264 | Perspective: 0.305)
──────────────────────────────────────────────────
Fala transcrita:
""Gente! Alguém acha o gerador, por favor! Acha o gerador, por favor! Ai! Não, não, não! Olha, Luca! Eu estou com 26, mami! Pegou um! Ele pegou um! Nossa, ele está pegando um montão! Ele pegou um! Três! Três já! Luca! Os geradores abriram uma nova área! Mas eu estou com 6% de vida, mami! Ele vai me pegar! Fique escondida! Mas ele está vendo... Ai! Que pegada! Não, filha! Foge, mami! Só foge daí que ele está indo! Aí, mami! Você está vendo ele ali do outro lado do mundo! Vai, foge! Tô vendo! Foge das beltas, mami! Vai, você vai sair do futeu das beltas! Vai que eu estou para te ajudar, mami! Vai! Foge das beltas! Tô correndo! Tá, vou ver se eu acho alguma coisa... Não, mami! Vem cá! Pegue aqui, ó! Vai pro fim da parede enferrujada!""",Avaliador_C,Avaliador_F
12,"Entrou ali! Olha aí, Lopes! E aí, meu bom? Não, não, não! Ah, qual é? Não! Não, cara! Sai, pilho! Não! Ai, ele me derrubou! Eu tô vivo! Quem tá ganhando ainda? Não! Não! Quem foi? Não, velho! Que isso? Eu não tenho a impressão que ele me focou! Que delante! O Lopes ficou num bloquinho só, velho! Cara, eu não acredito nisso! Só tem quem? Quem é que tá lá embaixo? O Lopes agarra de novo! Oh, Deus! Se mata aí, mano! A terceira lei vai ser destruída! Ih, ele vai morrer! Vixe! Ninguém ganhou! Que? Que loucura, bicho!",0.656152069568634,0.2893940806388855,0.0544537790119648,NEG,0.9333934783935548,0.0074909012764692,0.0640967339277267,0.0070968111976981,0.1178015768527984,0.131186231970787,0.0188039001077413,0.4014846,Geleia,Minecraft,o último YOUTUBER a ficar VIVO neste MAPA GANHA 1 real no minecraft [7wJkX4uuAu4],,T,T,T,"🎬 Canal: Geleia | 🎥 Vídeo: o último YOUTUBER a ficar VIVO neste MAPA GANHA 1 real no minecraft [7wJkX4uuAu4]
⏱️ Segmento/Index: 12
🤖 Consenso de IA: T (Detoxify: 0.933 | Perspective: 0.401)
──────────────────────────────────────────────────
Fala transcrita:
""Entrou ali! Olha aí, Lopes! E aí, meu bom? Não, não, não! Ah, qual é? Não! Não, cara! Sai, pilho! Não! Ai, ele me derrubou! Eu tô vivo! Quem tá ganhando ainda? Não! Não! Quem foi? Não, velho! Que isso? Eu não tenho a impressão que ele me focou! Que delante! O Lopes ficou num bloquinho só, velho! Cara, eu não acredito nisso! Só tem quem? Quem é que tá lá embaixo? O Lopes agarra de novo! Oh, Deus! Se mata aí, mano! A terceira lei vai ser destruída! Ih, ele vai morrer! Vixe! Ninguém ganhou! Que? Que loucura, bicho!""",Avaliador_C,Avaliador_F
85,"Tá, nice. Nossa, ali tem um monte de Scrape. Vocês tem mais coisa de Ampere e Scorpion ali? Ampere e Scorpion. Ampere e Scorpion. Ampere... Não, não tem. Agora falta o Kraken. Vamos lá, mano. Kraken, Vortex Isle. A Vortex Isle a gente tem que ir pra dimensão de vidro. Olha, eu tenho um Molenoid aqui comigo, hein, mano. Bora. Agora eu tô com a Royal Guardian, velho. Não, agora é um tapa só. É um tapinha, não. Vamos conhecer o bichinho antes de nós matar ele. Vamos dar uma oportunidade pra ele... Galera, vamos dar uma oportunidade pro Molenoid, né? Pelo menos falar algo na vida dele antes dele morrer, porque ele vai morrer muito rápido. Eu vou espalhar três, porque eu tenho três aqui comigo. Fechou. Fica o Molenoid. Molenoid é bonitinho, ele coloca terra. Cara, eu vou precisar...",0.0781295001506805,0.8804831504821777,0.0413872711360454,NEU,0.3589768409729004,0.0064273565076291,0.0426224917173385,0.0042866081930696,0.035057071596384,0.025282047688961,0.0186632573604583,0.3389984,AuthenticGames,Minecraft,MONSTROS MAIS FORTES DO MINECRAFT  - Minecraft Orespawn 04 [oQcS426A6MU],,GZ,GZ,GZ,"🎬 Canal: AuthenticGames | 🎥 Vídeo: MONSTROS MAIS FORTES DO MINECRAFT  - Minecraft Orespawn 04 [oQcS426A6MU]
⏱️ Segmento/Index: 85
🤖 Consenso de IA: GZ (Detoxify: 0.359 | Perspective: 0.339)
──────────────────────────────────────────────────
Fala transcrita:
""Tá, nice. Nossa, ali tem um monte de Scrape. Vocês tem mais coisa de Ampere e Scorpion ali? Ampere e Scorpion. Ampere e Scorpion. Ampere... Não, não tem. Agora falta o Kraken. Vamos lá, mano. Kraken, Vortex Isle. A Vortex Isle a gente tem que ir pra dimensão de vidro. Olha, eu tenho um Molenoid aqui comigo, hein, mano. Bora. Agora eu tô com a Royal Guardian, velho. Não, agora é um tapa só. É um tapinha, não. Vamos conhecer o bichinho antes de nós matar ele. Vamos dar uma oportunidade pra ele... Galera, vamos dar uma oportunidade pro Molenoid, né? Pelo menos falar algo na vida dele antes dele morrer, porque ele vai morrer muito rápido. Eu vou espalhar três, porque eu tenho três aqui comigo. Fechou. Fica o Molenoid. Molenoid é bonitinho, ele coloca terra. Cara, eu vou precisar...""",Avaliador_C,Avaliador_F
2,"Estágio 5 Aí, linha reta Linha reta, então só pode ser protegeada Vixi, lá, você é um cachorro ali Do nada Do nada Toma Do nada, um cachorro Um cachorro morto ali, ó Morra, vou pegar o hellop agora Vixi, já me foi no meio das pedras, não faz isso Tira as pedras pra repassar, mano Vá Vou jogar as pedras nos cachorros, toma Tô jogando pedras, tem cachorro O que é isso, cara? Olha só, olha só, animais Ah, proteja a véia, ó, muito, vou dar a véia, ó É Ah A mina...",0.2759761214256286,0.6385260224342346,0.0854978561401367,NEU,0.5166725516319275,0.0061264298856258,0.0387386009097099,0.0028157520573586,0.0428778156638145,0.0291040670126676,0.013381814584136,0.200795,meu nome é david,Roblox,NOVO JOGO MOBILE - SALVAMOS UMAS VELHINHA EM APUROS DEU RUIM [kDbEm9o4-aY],,GZ,GZ,GZ,"🎬 Canal: meu nome é david | 🎥 Vídeo: NOVO JOGO MOBILE - SALVAMOS UMAS VELHINHA EM APUROS DEU RUIM [kDbEm9o4-aY]
⏱️ Segmento/Index: 2
🤖 Consenso de IA: GZ (Detoxify: 0.517 | Perspective: 0.201)
──────────────────────────────────────────────────
Fala transcrita:
""Estágio 5 Aí, linha reta Linha reta, então só pode ser protegeada Vixi, lá, você é um cachorro ali Do nada Do nada Toma Do nada, um cachorro Um cachorro morto ali, ó Morra, vou pegar o hellop agora Vixi, já me foi no meio das pedras, não faz isso Tira as pedras pra repassar, mano Vá Vou jogar as pedras nos cachorros, toma Tô jogando pedras, tem cachorro O que é isso, cara? Olha só, olha só, animais Ah, proteja a véia, ó, muito, vou dar a véia, ó É Ah A mina...""",Avaliador_C,Avaliador_F
7,"É você que manda no pedaço, é isso aí, parabéns Parabéns, parabéns, é isso aí, melhor ficar bem pênis McFly, fica parado que eu acho que tem um bicho, tem um bicho no seu... calma aí Calma, fica parado, fica parado, senão não vou conseguir, fica parado, fica parado Calma, vou tirar esse bicho aí de você, tem um bicho nas suas costas Ah não, não era nada não, desculpa, desculpa, foi sem querer, foi sem querer, não tem nada, não tem nada É, é melhor ir embora, vai embora mesmo Eu estou indo embora, tchauzinho, tchauzinho, galera Ai, não precisa atirar em mim não, não precisa atirar em mim Vai, vaza, vaza Olha, você está muito bravo, sabe o que a gente devia fazer? Você quer jogar um pouco de futebol? Futebol? É, eu gostaria, vamos lá Tá, então vamos jogar futebol, olha, o campo está bem iluminado, mesmo estando de noite Tá, valeu, ainda não vou fazer o gol Olha, driblei, driblei o policial E agora? Eu vou chutar Ai, o que é isso? Você está atirando em mim? Para com isso, você não sabe perder não, só porque eu ia fazer o gol?",0.4352394342422485,0.4685637652873993,0.0961967781186103,NEU,0.9409566521644592,0.0108342841267585,0.0824525952339172,0.0031072339043021,0.0654642507433891,0.0145864579826593,0.4258234202861786,0.6491204,JP Plays,Minecraft,SE VOCÊ ESCAPAR DA PRISÃO GANHA 1000 ROBUX NO ROBLOX [Xa8YdQLEGJ8],,T,T,T,"🎬 Canal: JP Plays | 🎥 Vídeo: SE VOCÊ ESCAPAR DA PRISÃO GANHA 1000 ROBUX NO ROBLOX [Xa8YdQLEGJ8]
⏱️ Segmento/Index: 7
🤖 Consenso de IA: T (Detoxify: 0.941 | Perspective: 0.649)
──────────────────────────────────────────────────
Fala transcrita:
""É você que manda no pedaço, é isso aí, parabéns Parabéns, parabéns, é isso aí, melhor ficar bem pênis McFly, fica parado que eu acho que tem um bicho, tem um bicho no seu... calma aí Calma, fica parado, fica parado, senão não vou conseguir, fica parado, fica parado Calma, vou tirar esse bicho aí de você, tem um bicho nas suas costas Ah não, não era nada não, desculpa, desculpa, foi sem querer, foi sem querer, não tem nada, não tem nada É, é melhor ir embora, vai embora mesmo Eu estou indo embora, tchauzinho, tchauzinho, galera Ai, não precisa atirar em mim não, não precisa atirar em mim Vai, vaza, vaza Olha, você está muito bravo, sabe o que a gente devia fazer? Você quer jogar um pouco de futebol? Futebol? É, eu gostaria, vamos lá Tá, então vamos jogar futebol, olha, o campo está bem iluminado, mesmo estando de noite Tá, valeu, ainda não vou fazer o gol Olha, driblei, driblei o policial E agora? Eu vou chutar Ai, o que é isso? Você está atirando em mim? Para com isso, você não sabe perder não, só porque eu ia fazer o gol?""",Avaliador_C,Avaliador_F
26,"Que maluquíssimo poucos Acerta algumas flechas aqui, ó Vou acertar algumas flechas Flechas não tá adiantando nada Uma achada é pior, né A espada pelo menos consegue causar mais dano De certo modo Então, vamos lá Olha isso, falta pouco Falta pouco aqui desse lado E a outra janela, Lucas Na outra janela, eu acho que tem também Eu tô achando que tem também O importante é que a base tá resistindo muito bem Nem um bloco quebrado A porta tá inteira Tudo bem, é uma porta de ferro, né Uma porta de ferro com certeza ia resistir Agora desse lado não tem muito não, hein Falta pouco, McFly Eu acho que eu vou até sair aqui, ó Acho que eu vou até sair aqui, hein Eu acho que eu só não posso cair na lava Cair na lava Justo que eu não queria que acontecesse Justo que eu não queria que acontecesse Tô aqui, tô bem, tô bem Nossa, só espero que esse efeito de fogo passe logo Porque tá difícil As chamas tão atrapalhando bastante Mas talvez eu consiga acertar Ó, tem as portas que a gente pode fechar e abrir, ó Pra proteger as janelas Que susto, McFly Que susto, McFly Beleza, ó Eu vou sair lá fora de novo Ó, tem um aqui, tem um aqui, tem um aqui",0.4188183844089508,0.4407812654972076,0.1404003500938415,NEU,0.0681439638137817,0.007710663601756,0.0488494448363781,0.005967522971332,0.0472041219472885,0.0070284884423017,0.0026630065403878,0.17111848,JP Plays,Minecraft,CONSTRUA BASE SEGURA CONTRA ZUMBIS SEM SAIR DO CÍRCULO VERMELHO  NO MINECRAFT [W-h41wF7hyE],,NT,NT,NT,"🎬 Canal: JP Plays | 🎥 Vídeo: CONSTRUA BASE SEGURA CONTRA ZUMBIS SEM SAIR DO CÍRCULO VERMELHO  NO MINECRAFT [W-h41wF7hyE]
⏱️ Segmento/Index: 26
🤖 Consenso de IA: NT (Detoxify: 0.068 | Perspective: 0.171)
──────────────────────────────────────────────────
Fala transcrita:
""Que maluquíssimo poucos Acerta algumas flechas aqui, ó Vou acertar algumas flechas Flechas não tá adiantando nada Uma achada é pior, né A espada pelo menos consegue causar mais dano De certo modo Então, vamos lá Olha isso, falta pouco Falta pouco aqui desse lado E a outra janela, Lucas Na outra janela, eu acho que tem também Eu tô achando que tem também O importante é que a base tá resistindo muito bem Nem um bloco quebrado A porta tá inteira Tudo bem, é uma porta de ferro, né Uma porta de ferro com certeza ia resistir Agora desse lado não tem muito não, hein Falta pouco, McFly Eu acho que eu vou até sair aqui, ó Acho que eu vou até sair aqui, hein Eu acho que eu só não posso cair na lava Cair na lava Justo que eu não queria que acontecesse Justo que eu não queria que acontecesse Tô aqui, tô bem, tô bem Nossa, só espero que esse efeito de fogo passe logo Porque tá difícil As chamas tão atrapalhando bastante Mas talvez eu consiga acertar Ó, tem as portas que a gente pode fechar e abrir, ó Pra proteger as janelas Que susto, McFly Que susto, McFly Beleza, ó Eu vou sair lá fora de novo Ó, tem um aqui, tem um aqui, tem um aqui""",Avaliador_C,Avaliador_F
3,"eu cheguei você chegou ai mammy ta, ta pera ai to aqui louca ai não sei porque eu contratei essas crianças nossa nossa são oi mammy oi gente bora lá bora bora bora bora bora bora bora bora bora bora eu falei que iria falar ladies and gentlemen ai se preparem para o mais engraçado o mais maluco o mais estupido quer dizer o mais bobinho palhaços do roblox pet e a sua gangue o uuuu saiu mammy entra aqui mammy entra aqui a ta eu achei que esse aqui era você mammy entra aqui a ta a ta o uu mammy entra aqui mammy entra aqui a ta Ouuu saiu! Papapara papapara papapara Mami entra aqui! Eu entrei! Ah tá, eu achei que esse aqui era você, Mami! Papapara papapara papapara É pra empurrar um palhaço, outro Que que é pra fazer? Ih Mami, agora os nossos palhaços vão brigar Até morrer Não gente, a gente não faz isso não Não gente, é brincadeira Palhaços, se preparem para a luta! Nossa!",0.1451496481895446,0.5079289078712463,0.3469215035438537,NEU,0.8714442849159241,0.0024795883800834,0.0333759151399135,0.00300895399414,0.3441255986690521,0.0047939773648977,0.003999943844974,0.584095,Luluca Games,Roblox,Roblox - VIREI UMA PALHACINHA DESAJEITADA Patchy Origin  Luluca Games [irNEZXoagD4],0.1451497375965118,T,T,T,"🎬 Canal: Luluca Games | 🎥 Vídeo: Roblox - VIREI UMA PALHACINHA DESAJEITADA Patchy Origin  Luluca Games [irNEZXoagD4]
⏱️ Segmento/Index: 3
🤖 Consenso de IA: T (Detoxify: 0.871 | Perspective: 0.584)
──────────────────────────────────────────────────
Fala transcrita:
""eu cheguei você chegou ai mammy ta, ta pera ai to aqui louca ai não sei porque eu contratei essas crianças nossa nossa são oi mammy oi gente bora lá bora bora bora bora bora bora bora bora bora bora eu falei que iria falar ladies and gentlemen ai se preparem para o mais engraçado o mais maluco o mais estupido quer dizer o mais bobinho palhaços do roblox pet e a sua gangue o uuuu saiu mammy entra aqui mammy entra aqui a ta eu achei que esse aqui era você mammy entra aqui a ta a ta o uu mammy entra aqui mammy entra aqui a ta Ouuu saiu! Papapara papapara papapara Mami entra aqui! Eu entrei! Ah tá, eu achei que esse aqui era você, Mami! Papapara papapara papapara É pra empurrar um palhaço, outro Que que é pra fazer? Ih Mami, agora os nossos palhaços vão brigar Até morrer Não gente, a gente não faz isso não Não gente, é brincadeira Palhaços, se preparem para a luta! Nossa!""",Avaliador_C,Avaliador_F
17,"Sai daqui Seus zumbis malvados Não andem não, não andem não Nossa, estão tentando quebrar o laser parece Isso, eles estão se derrubando Seus zumbis atrapalhados Zumbis atrapalhados Zumbis atrapalhados Nossa, são muitos quebraram o laser Não, não, não, não, não está funcionando ainda São muitos, eu nunca vi tanto zumbi É melhor me proteger com um escudo Porque eu não quero ser devorado por eles Calma, sai daqui, sai daqui, toma essa Toma essa, toma essa Isso, pode vir, pode vir Vocês não vão conseguir sobreviver a essas armadilhas Toma essa Vem aqui, vem aqui seu zumbi malvado Sai para lá, sai para lá, me deixa em paz Me deixa em paz Isso, tchauzinho, tchauzinho Esse exército já era PJ Esse exército de zumbis já era Ha ha ha Tenho que vencer alguma outra escapagem Eu vou ter que usar as minhas próprias mãos Mais uma vitória das armadilhas Que foram construídas Porém, o PJ Puggya Pillar disse que Ele mesmo vai atacar da próxima vez E por ele ser mais forte que Os monstros que vieram atacar Eu preciso reforçar ainda",0.9454906582832336,0.0351095721125602,0.0193997267633676,NEG,0.8548322916030884,0.0102102300152182,0.0629332661628723,0.009689524769783,0.0973368063569068,0.0219207257032394,0.0182001870125532,0.40614098,JP Plays,Minecraft,50 HACKS de CONSTRUÇÃO SEGURA - O FILME [Iq8VpF78l2E],,T,T,T,"🎬 Canal: JP Plays | 🎥 Vídeo: 50 HACKS de CONSTRUÇÃO SEGURA - O FILME [Iq8VpF78l2E]
⏱️ Segmento/Index: 17
🤖 Consenso de IA: T (Detoxify: 0.855 | Perspective: 0.406)
──────────────────────────────────────────────────
Fala transcrita:
""Sai daqui Seus zumbis malvados Não andem não, não andem não Nossa, estão tentando quebrar o laser parece Isso, eles estão se derrubando Seus zumbis atrapalhados Zumbis atrapalhados Zumbis atrapalhados Nossa, são muitos quebraram o laser Não, não, não, não, não está funcionando ainda São muitos, eu nunca vi tanto zumbi É melhor me proteger com um escudo Porque eu não quero ser devorado por eles Calma, sai daqui, sai daqui, toma essa Toma essa, toma essa Isso, pode vir, pode vir Vocês não vão conseguir sobreviver a essas armadilhas Toma essa Vem aqui, vem aqui seu zumbi malvado Sai para lá, sai para lá, me deixa em paz Me deixa em paz Isso, tchauzinho, tchauzinho Esse exército já era PJ Esse exército de zumbis já era Ha ha ha Tenho que vencer alguma outra escapagem Eu vou ter que usar as minhas próprias mãos Mais uma vitória das armadilhas Que foram construídas Porém, o PJ Puggya Pillar disse que Ele mesmo vai atacar da próxima vez E por ele ser mais forte que Os monstros que vieram atacar Eu preciso reforçar ainda""",Avaliador_C,Avaliador_F
3,"Aí você foi amassado! Ninguém mandou você pisar em mim aquela hora! Mas agora eu já vou conseguir passar pro tamanho 20! É só eu clicar nessa alavanca... E pronto! Olha o meu tamanho! Eu tô maior que a casa da vila! Nossa, será que no nível 50? Eu vou conseguir chegar no sol! Ah, mas antes da gente chegar lá, a gente precisa chegar no tamanho 30! E pra chegar no tamanho 30, a gente precisa derrotar o gigante! Que gigante? Ah, você pisou em cima dos Villagers! Quem que tá falando isso? Ah, tem um Iron Golem gigante aqui! Olha, agora eu vou me vingar de você! Você vai ver só! Ai, parece que o Iron Golem tá atrás de mim! E não, eu fiquei preso! Corre, corre, corre! Ah, vem aqui, Iron Golem! Toma! Eu errei todas, não! Ele me bateu! Cada dano dele me tira metade da vida! Ele é muito forte! Ai, será que eu vou conseguir derrotar ele? E passar pro próximo tamanho? Ah, eu vou tentar bater nele daqui de cima! Toma! Ai, parece que agora ele tá bravo! Ele tá correndo atrás de mim! Corre, corre, corre! Ai, vem aqui, Iron Golem!",0.2839672863483429,0.6430923938751221,0.0729402974247932,NEU,0.7176272869110107,0.0060821212828159,0.0444258339703083,0.0029650155920535,0.0375413484871387,0.0784039422869682,0.0118606463074684,0.2854971,Cadres,Minecraft,Eu Virei um GIGANTE no Minecraft [VjVAwale_jk],,GZ,GZ,GZ,"🎬 Canal: Cadres | 🎥 Vídeo: Eu Virei um GIGANTE no Minecraft [VjVAwale_jk]
⏱️ Segmento/Index: 3
🤖 Consenso de IA: GZ (Detoxify: 0.718 | Perspective: 0.285)
──────────────────────────────────────────────────
Fala transcrita:
""Aí você foi amassado! Ninguém mandou você pisar em mim aquela hora! Mas agora eu já vou conseguir passar pro tamanho 20! É só eu clicar nessa alavanca... E pronto! Olha o meu tamanho! Eu tô maior que a casa da vila! Nossa, será que no nível 50? Eu vou conseguir chegar no sol! Ah, mas antes da gente chegar lá, a gente precisa chegar no tamanho 30! E pra chegar no tamanho 30, a gente precisa derrotar o gigante! Que gigante? Ah, você pisou em cima dos Villagers! Quem que tá falando isso? Ah, tem um Iron Golem gigante aqui! Olha, agora eu vou me vingar de você! Você vai ver só! Ai, parece que o Iron Golem tá atrás de mim! E não, eu fiquei preso! Corre, corre, corre! Ah, vem aqui, Iron Golem! Toma! Eu errei todas, não! Ele me bateu! Cada dano dele me tira metade da vida! Ele é muito forte! Ai, será que eu vou conseguir derrotar ele? E passar pro próximo tamanho? Ah, eu vou tentar bater nele daqui de cima! Toma! Ai, parece que agora ele tá bravo! Ele tá correndo atrás de mim! Corre, corre, corre! Ai, vem aqui, Iron Golem!""",Avaliador_C,Avaliador_F
2,"Fica longe da gente, não fica aqui perto não! Deixa eu explicar! A gente tá com uma doença e a gente não sabe o que vai ser daqui pra frente! Quê? Vocês estão com uma doença e nem me contaram? Foi de, sabe, de última hora! A gente nem sabia disso direito, mas agora tá piorando cada vez mais! Ai, eu não acredito, mas vocês podem morrer? A gente vai se curar, né? A gente vai ficar bem, mas... Mas foi eu com a doença grave? Não, não, não é não! Não, vai ficar tudo bem, mas não precisa se preocupar, não! Mas isso é horrível, não passa nada! Ai, pera, pera! Eu vou levar vocês pro hospital, vem! Pro hospital? Não, não, eu tenho medo de hospital! Vocês têm que ir pro hospital, vou pegar uma ambulância emprestada! Não, olha, você sabe que o meu seu pai não gosta dessas coisas, é melhor você ficar lá! Por favor, eu tenho medo de hospital! A gente pode ficar em casa até se curar, tá? Só se você não ficar perto da gente!",0.8656077980995178,0.1167646795511245,0.0176274459809064,NEG,0.2715718150138855,0.0037702391855418,0.0231396965682506,0.0006613006116822,0.0480049103498458,0.0356645919382572,0.0027327516581863,0.3048984,Papile,Roblox,A ORFÃ  ADOTADA POR PAIS RICOS NO BROOKHAVEN  - ROBLOX HISTORINHA EMOCIONANTE [jSdogSyLFHM],,GZ,GZ,GZ,"🎬 Canal: Papile | 🎥 Vídeo: A ORFÃ  ADOTADA POR PAIS RICOS NO BROOKHAVEN  - ROBLOX HISTORINHA EMOCIONANTE [jSdogSyLFHM]
⏱️ Segmento/Index: 2
🤖 Consenso de IA: GZ (Detoxify: 0.272 | Perspective: 0.305)
──────────────────────────────────────────────────
Fala transcrita:
""Fica longe da gente, não fica aqui perto não! Deixa eu explicar! A gente tá com uma doença e a gente não sabe o que vai ser daqui pra frente! Quê? Vocês estão com uma doença e nem me contaram? Foi de, sabe, de última hora! A gente nem sabia disso direito, mas agora tá piorando cada vez mais! Ai, eu não acredito, mas vocês podem morrer? A gente vai se curar, né? A gente vai ficar bem, mas... Mas foi eu com a doença grave? Não, não, não é não! Não, vai ficar tudo bem, mas não precisa se preocupar, não! Mas isso é horrível, não passa nada! Ai, pera, pera! Eu vou levar vocês pro hospital, vem! Pro hospital? Não, não, eu tenho medo de hospital! Vocês têm que ir pro hospital, vou pegar uma ambulância emprestada! Não, olha, você sabe que o meu seu pai não gosta dessas coisas, é melhor você ficar lá! Por favor, eu tenho medo de hospital! A gente pode ficar em casa até se curar, tá? Só se você não ficar perto da gente!""",Avaliador_C,Avaliador_F
5,"Vai, vai, vai, vai! Meu Deus! Calma, calma, calma! Espera! E daí tá! Nossa, levou um monte de gente ali! Vai, vai, vai, vai! Boa, bate em mim mesmo, porque eu não quero essa lá na frente! Meu Deus! Socorro! Meu Deus, alguém bate em mim! Meu Deus! Bola de novo! Meu Deus, não! Eu fui lá... Meu Deus! Eu voltei no começo do mapa! Ah, não, essa fase não, gente! Trulha do céu! O que? O negócio que me jogou lá no começo! Sério? Só corre, tem que subir ali! Agarra, agarra! Sobe! Eu tô levando soco na cara, socorro! Ah, não! Essa fase de novo não! Vai, vai, meu queridão! Gente, essa parte aqui eu não gosto! Passei, passei, passei! Pronto, passei! Boa! Tô me recuperando, eu acho que vai dar! Espera! Ah, esse negócio de girar aqui, gente! Oh, meu Deus! Vai que a gente consegue! Esse ventiladorzão aqui... Gente, soco é muito difícil! É, é bem difícil! Eu não vou pelo meio, o meio não dá! Não tem que ser difícil! É, é bem difícil! Eu não vou pelo meio, o meio não dá! Não tem como!",0.8125847578048706,0.1290859431028366,0.0583292953670024,NEG,0.2695448994636535,0.0019751170184463,0.1019761189818382,0.0005549986381083,0.0106555614620447,0.0253747887909412,0.00978066585958,0.36095104,Julia MineGirl,Roblox,GINCANA ENGRAÇADA EM FAMÍLIA Fall Guys [W4iDE0l4Ycs],,GZ,GZ,GZ,"🎬 Canal: Julia MineGirl | 🎥 Vídeo: GINCANA ENGRAÇADA EM FAMÍLIA Fall Guys [W4iDE0l4Ycs]
⏱️ Segmento/Index: 5
🤖 Consenso de IA: GZ (Detoxify: 0.27 | Perspective: 0.361)
──────────────────────────────────────────────────
Fala transcrita:
""Vai, vai, vai, vai! Meu Deus! Calma, calma, calma! Espera! E daí tá! Nossa, levou um monte de gente ali! Vai, vai, vai, vai! Boa, bate em mim mesmo, porque eu não quero essa lá na frente! Meu Deus! Socorro! Meu Deus, alguém bate em mim! Meu Deus! Bola de novo! Meu Deus, não! Eu fui lá... Meu Deus! Eu voltei no começo do mapa! Ah, não, essa fase não, gente! Trulha do céu! O que? O negócio que me jogou lá no começo! Sério? Só corre, tem que subir ali! Agarra, agarra! Sobe! Eu tô levando soco na cara, socorro! Ah, não! Essa fase de novo não! Vai, vai, meu queridão! Gente, essa parte aqui eu não gosto! Passei, passei, passei! Pronto, passei! Boa! Tô me recuperando, eu acho que vai dar! Espera! Ah, esse negócio de girar aqui, gente! Oh, meu Deus! Vai que a gente consegue! Esse ventiladorzão aqui... Gente, soco é muito difícil! É, é bem difícil! Eu não vou pelo meio, o meio não dá! Não tem que ser difícil! É, é bem difícil! Eu não vou pelo meio, o meio não dá! Não tem como!""",Avaliador_C,Avaliador_F
1,"O bebê ficou maluco! Entra pelas ventilações! Rápido! Vamos deixar o médico e o enfermeiro aí? Mami, deixa, deixa! Meu Deus, o meu bebê ficou louco! O que aconteceu? É pra entrar pelas ventilações, onde é a ventilação? Cadê a ventilação? Ventilação, ventilação, mami! Onde tá a ventilação? Tá cheia, cheia! Onde, onde, onde? Ai, meu Deus do céu, gente, é uma escada invisível! Mami, que loucura! Como será que ele ficou assim, maluco? Não sei, Luca! Mami, só vamos sair daqui então! Que é isso? São beircinhos, mami! Só que se é aquele ser atrevedor de saio? É porque ele alagou tudo, mami! Nossa, meu primo ficou maluco, mami! Mas é seu primo ou será que ele é um bebê aleatório? Será que ele é um bebê aleatório? Ai, eu não sei, será que é meu primo? Luca, sua mente é alguma coisa estranha com a varilha da sua tia? Ah, é, tava meio grandona demais, né?",0.8565577268600464,0.115027830004692,0.0284144897013902,NEG,0.3549909293651581,0.0011736741289496,0.0651242062449455,0.0007370944367721,0.0790123492479324,0.0029080745298415,0.0031798344571143,0.25462922,Luluca Games,Roblox,Roblox - ESCAPE DO BEBÊ DO MAL Escape The Evil Baby Obby  Luluca Games [m0qnDrDNoBQ],0.8565577268600464,GZ,GZ,GZ,"🎬 Canal: Luluca Games | 🎥 Vídeo: Roblox - ESCAPE DO BEBÊ DO MAL Escape The Evil Baby Obby  Luluca Games [m0qnDrDNoBQ]
⏱️ Segmento/Index: 1
🤖 Consenso de IA: GZ (Detoxify: 0.355 | Perspective: 0.255)
──────────────────────────────────────────────────
Fala transcrita:
""O bebê ficou maluco! Entra pelas ventilações! Rápido! Vamos deixar o médico e o enfermeiro aí? Mami, deixa, deixa! Meu Deus, o meu bebê ficou louco! O que aconteceu? É pra entrar pelas ventilações, onde é a ventilação? Cadê a ventilação? Ventilação, ventilação, mami! Onde tá a ventilação? Tá cheia, cheia! Onde, onde, onde? Ai, meu Deus do céu, gente, é uma escada invisível! Mami, que loucura! Como será que ele ficou assim, maluco? Não sei, Luca! Mami, só vamos sair daqui então! Que é isso? São beircinhos, mami! Só que se é aquele ser atrevedor de saio? É porque ele alagou tudo, mami! Nossa, meu primo ficou maluco, mami! Mas é seu primo ou será que ele é um bebê aleatório? Será que ele é um bebê aleatório? Ai, eu não sei, será que é meu primo? Luca, sua mente é alguma coisa estranha com a varilha da sua tia? Ah, é, tava meio grandona demais, né?""",Avaliador_C,Avaliador_F
7,"Eu vou tentar descer as escadas. Eles estão ali na sala. Eu vou falar pra eles que eu não tô conseguindo dormir. Será que eles vão fazer alguma coisa de ruim comigo? Ei, pai, mãe! A gente já sabe que você não tá conseguindo dormir. É verdade. Como que vocês sabem disso? A nossa audição é muito boa, daí a gente consegue escutar. Vocês escutaram tudo que eu falei? Tudo! Sim, tudinho. Ai, é que eu realmente tô assustada. Eu acho que eu prefiro voltar para o orfanato. Ah, não! Ah, não, agora você já é nossa filha. Ai, eu não quero, quero ir embora. Me leva embora! Não, você tem que ficar aqui agora que você veio uma vez, não volta mais. Mas, mas, ai, eu não sei o que fazer, porque vocês são vampiros.",0.2229183465242386,0.5691282749176025,0.2079533636569976,NEU,0.5727337598800659,0.0008690634858794,0.0240572690963745,0.0039299568161368,0.1442814767360687,0.0165643822401762,0.0061239474453032,0.25462922,Papile,Roblox,FUI ADOTADA POR UMA FAMÍLIA DE VAMPIROS  NO BROOKHAVEN  ROBLOX HISTÓRIA - PAPILE [3EX1e_M5QnA],,GZ,GZ,GZ,"🎬 Canal: Papile | 🎥 Vídeo: FUI ADOTADA POR UMA FAMÍLIA DE VAMPIROS  NO BROOKHAVEN  ROBLOX HISTÓRIA - PAPILE [3EX1e_M5QnA]
⏱️ Segmento/Index: 7
🤖 Consenso de IA: GZ (Detoxify: 0.573 | Perspective: 0.255)
──────────────────────────────────────────────────
Fala transcrita:
""Eu vou tentar descer as escadas. Eles estão ali na sala. Eu vou falar pra eles que eu não tô conseguindo dormir. Será que eles vão fazer alguma coisa de ruim comigo? Ei, pai, mãe! A gente já sabe que você não tá conseguindo dormir. É verdade. Como que vocês sabem disso? A nossa audição é muito boa, daí a gente consegue escutar. Vocês escutaram tudo que eu falei? Tudo! Sim, tudinho. Ai, é que eu realmente tô assustada. Eu acho que eu prefiro voltar para o orfanato. Ah, não! Ah, não, agora você já é nossa filha. Ai, eu não quero, quero ir embora. Me leva embora! Não, você tem que ficar aqui agora que você veio uma vez, não volta mais. Mas, mas, ai, eu não sei o que fazer, porque vocês são vampiros.""",Avaliador_C,Avaliador_F
3,"Esse lado não dá pra passar com o carro, a gente vai ter que seguir a pé, hein Vai, cuidado atrás, atrás, atrás, deixa eu ver o que tem, ai, nossa, estão vindo muito zumbi Sai, chispa, chispa zumbi palhaço Ai, já não acredito nisso Ok, parece que a gente vai ter que acertar aquela corda, tá vendo, pra gente abrir o portão Tem um negócio ali em cima, eu vou acertar, ai, pera, eu vou acertar ela, pode deixar comigo, Fláio Pode deixar comigo, se eu deixar acabar com esse zumbi, agora vai acertar ali, ó Acertei, na mosca, destruiu o zumbi e abriu a porta Boa, agora deixa eu dar uma funçada aqui no lixo, tô com fome Vamos pegar comida aqui nessa cidade, pessoal, a gente achar comida é no lixo mesmo A gente encontra aqui uns bifes, né, e tal, e eu já tô começando a ficar com fome mesmo Preciso de mais comida e tem palhaço vindo Vamos ver qual que vai ser a nossa missão aqui no circo, pessoal Eu acho que a gente vai ter que enfrentar o elefante zumbi, jota Você tá de sacanagem, vamos dar uma olhada aqui na história, vocês estão vendo que tem aqui uns círculos de fogo, né, e tal Ali dentro da gaiola temos... o que é aquilo? Parece algum bicho, é uma maçã Tem um macaquinho, tem um macaquinho dentro da gaiola, ali embaixo nós temos...",0.6469252109527588,0.3157985210418701,0.0372762195765972,NEG,0.3178865611553192,0.0042615379206836,0.0405922643840312,0.0028155006002634,0.0566462725400924,0.0089822234585881,0.0051354924216866,0.32919475,JP Plays,Minecraft,ATROPELEI OS ZUMBIS COM UM CARRO NO MINECRAFT [DlSbcG-ZsAk],,GZ,GZ,GZ,"🎬 Canal: JP Plays | 🎥 Vídeo: ATROPELEI OS ZUMBIS COM UM CARRO NO MINECRAFT [DlSbcG-ZsAk]
⏱️ Segmento/Index: 3
🤖 Consenso de IA: GZ (Detoxify: 0.318 | Perspective: 0.329)
──────────────────────────────────────────────────
Fala transcrita:
""Esse lado não dá pra passar com o carro, a gente vai ter que seguir a pé, hein Vai, cuidado atrás, atrás, atrás, deixa eu ver o que tem, ai, nossa, estão vindo muito zumbi Sai, chispa, chispa zumbi palhaço Ai, já não acredito nisso Ok, parece que a gente vai ter que acertar aquela corda, tá vendo, pra gente abrir o portão Tem um negócio ali em cima, eu vou acertar, ai, pera, eu vou acertar ela, pode deixar comigo, Fláio Pode deixar comigo, se eu deixar acabar com esse zumbi, agora vai acertar ali, ó Acertei, na mosca, destruiu o zumbi e abriu a porta Boa, agora deixa eu dar uma funçada aqui no lixo, tô com fome Vamos pegar comida aqui nessa cidade, pessoal, a gente achar comida é no lixo mesmo A gente encontra aqui uns bifes, né, e tal, e eu já tô começando a ficar com fome mesmo Preciso de mais comida e tem palhaço vindo Vamos ver qual que vai ser a nossa missão aqui no circo, pessoal Eu acho que a gente vai ter que enfrentar o elefante zumbi, jota Você tá de sacanagem, vamos dar uma olhada aqui na história, vocês estão vendo que tem aqui uns círculos de fogo, né, e tal Ali dentro da gaiola temos... o que é aquilo? Parece algum bicho, é uma maçã Tem um macaquinho, tem um macaquinho dentro da gaiola, ali embaixo nós temos...""",Avaliador_C,Avaliador_F
11,"Quebre. Pronto. É, não tinha nada. Tem ouro só. Ah, ouro tem que pegar, né, porque é bom. Vamos matar mais uns bichos aí, porque a gente tá precisando de comida pra caramba. Uhum. Eu tô matando peixe. Oi. Veio um templo do nada. Gigante. Deixa eu fazer aqui. Olha, eu preciso... Ah, você tem madeira ali, Gomes. Eu preciso de madeira. Não tenho. Aí, consegui girar outro portal. É, a gente tem um obsídio, né? É, tem um obsídio. Relaxa, eu vou pegar aqui um pouco de madeira e vou usar umas ferramentas de diamante pra mim, mano. Eu quero mais barcos de gendicir pra gente ficar full diamante. Eu tô matando os bichos na picareta. E dois escudos. Você já tem escudo? Não, escudo não. Porque escudo vai ajudar bastante, mano. Imagina. Vem pra cá, vem pra cá. Que isso, cavalo. Calma, não sei onde você tá. Tá, eu tô do lado de um templo da jungle e de um templo do deserto. Olha aqui. Super normal, Jaleia. Super normal, mano. E gru. E gru. É, é porque às vezes o Wiggle, ele spawna um negócio lá embaixo, viu? Já spawnou algum? Não, nunca vi.",0.0866617336869239,0.869539737701416,0.0437985211610794,NEU,0.6880348920822144,0.0044537633657455,0.0958552956581115,0.0022369832731783,0.044670857489109,0.3085017800331116,0.0031116858590394,0.39842087,Geleia,Minecraft,MOBS DROPAM ESTRUTURAS OP NO MINECRAFT [MCOp5GI13yE],,GZ,GZ,GZ,"🎬 Canal: Geleia | 🎥 Vídeo: MOBS DROPAM ESTRUTURAS OP NO MINECRAFT [MCOp5GI13yE]
⏱️ Segmento/Index: 11
🤖 Consenso de IA: GZ (Detoxify: 0.688 | Perspective: 0.398)
──────────────────────────────────────────────────
Fala transcrita:
""Quebre. Pronto. É, não tinha nada. Tem ouro só. Ah, ouro tem que pegar, né, porque é bom. Vamos matar mais uns bichos aí, porque a gente tá precisando de comida pra caramba. Uhum. Eu tô matando peixe. Oi. Veio um templo do nada. Gigante. Deixa eu fazer aqui. Olha, eu preciso... Ah, você tem madeira ali, Gomes. Eu preciso de madeira. Não tenho. Aí, consegui girar outro portal. É, a gente tem um obsídio, né? É, tem um obsídio. Relaxa, eu vou pegar aqui um pouco de madeira e vou usar umas ferramentas de diamante pra mim, mano. Eu quero mais barcos de gendicir pra gente ficar full diamante. Eu tô matando os bichos na picareta. E dois escudos. Você já tem escudo? Não, escudo não. Porque escudo vai ajudar bastante, mano. Imagina. Vem pra cá, vem pra cá. Que isso, cavalo. Calma, não sei onde você tá. Tá, eu tô do lado de um templo da jungle e de um templo do deserto. Olha aqui. Super normal, Jaleia. Super normal, mano. E gru. E gru. É, é porque às vezes o Wiggle, ele spawna um negócio lá embaixo, viu? Já spawnou algum? Não, nunca vi.""",Avaliador_C,Avaliador_F
9,AY SCARCHAPELHONA,0.0215498134493827,0.0781901404261589,0.9002600908279419,POS,0.1170194298028945,0.0009711814345791,0.0277075432240962,0.0025368011556565,0.0398015491664409,0.0022439993917942,0.0028600837104022,0.04216247,Amy Scarlet,Roblox,Não consigo pegar MESTRE no Free Fire [1ZL1HFdBvD8],,NT,NT,NT,"🎬 Canal: Amy Scarlet | 🎥 Vídeo: Não consigo pegar MESTRE no Free Fire [1ZL1HFdBvD8]
⏱️ Segmento/Index: 9
🤖 Consenso de IA: NT (Detoxify: 0.117 | Perspective: 0.042)
──────────────────────────────────────────────────
Fala transcrita:
""AY SCARCHAPELHONA""",Avaliador_C,Avaliador_F
