index,tiras,negatividade,neutralidade,positividade,sentimento_dominante,toxicity,severe_toxicity,obscene,identity_attack,insult,threat,sexual_explicit,p_toxicity,Creator Name,Game Environment,Video Name,toxicidade,class_detoxify,class_perspective,classificacao_ia,texto_exibicao,Anotador_1,Anotador_2
4,"Pra janta, olha eu não sei cara, umas 3 maçãs talvez, umas 3 maçãs vai, vá para casa, por que eu tô olhando para baixo? Vá para casa, é comigo mesmo, vou levar minhas três maçãs para casa, essa vai ser minha janta. Não quero comer nada muito pesado, porque já tá tarde da noite, não vai dar para fazer a digestão direito e tal, eu disse que não é bom comer nada muito pesado a noite né, antes de dormir, quem ouve eu falando acho que eu faço isso, eu não bato uma pratada a noite, não tá nem aí, a minha casa era uma das últimas? Era essa aqui? Meu Deus cara, que susto, o cara tá me stalkeando aqui em casa, o Ismaelimã, o que está fazendo da sua vida cara? O que está fazendo? Vai morar na sua casa lá cara, vai dormir, tá tarde da noite e você fica stalkeando os outros aqui meu?",0.1922368854284286,0.7737963199615479,0.0339668504893779,NEU,0.0448640398681163,0.000611393013969,0.0083371736109256,0.0035559320822358,0.011781339533627,0.0020847059786319,0.0012549494858831,0.1104733,Tex HS,Roblox,cuidado com o SMILING MAN [5A4NyBJFqYI],,NT,NT,NT,"🎬 Canal: Tex HS | 🎥 Vídeo: cuidado com o SMILING MAN [5A4NyBJFqYI]
⏱️ Segmento/Index: 4
🤖 Consenso de IA: NT (Detoxify: 0.045 | Perspective: 0.11)
──────────────────────────────────────────────────
Fala transcrita:
""Pra janta, olha eu não sei cara, umas 3 maçãs talvez, umas 3 maçãs vai, vá para casa, por que eu tô olhando para baixo? Vá para casa, é comigo mesmo, vou levar minhas três maçãs para casa, essa vai ser minha janta. Não quero comer nada muito pesado, porque já tá tarde da noite, não vai dar para fazer a digestão direito e tal, eu disse que não é bom comer nada muito pesado a noite né, antes de dormir, quem ouve eu falando acho que eu faço isso, eu não bato uma pratada a noite, não tá nem aí, a minha casa era uma das últimas? Era essa aqui? Meu Deus cara, que susto, o cara tá me stalkeando aqui em casa, o Ismaelimã, o que está fazendo da sua vida cara? O que está fazendo? Vai morar na sua casa lá cara, vai dormir, tá tarde da noite e você fica stalkeando os outros aqui meu?""",Avaliador_A,Avaliador_B
15,"É isso, mesa de encantamentos, tá na hora, eu vou pegar a fiação 1 aqui pra minha espada, ah, eu tirei da mesa de encantamentos, ela já virou outra coisa, mas eu ainda vou encantar o meu peitoral e a minha calça, inclusive eu já vou deixar o meu peitoral aqui no meu inventário, porque aí quando eu ver a próxima mesa de encantamentos eu já tô prontinho pra colocar o peitoral na mesa. Aham, beleza, cadê? Eu tô andando um monte aqui, até agora não vi um bloco de lápis lazuli, diamante eu não preciso mais! Eu acho que nem é necessário tanto assim encantar, David, porque você não vai conseguir coisas tão boas, o que eu preciso, que eu tô precisando muito, é uma mesa de trabalho, mas eu não encontro! O Creeper apareceu aqui bem na hora que eu encontrei mais um bloco de diamante, eu também tô precisando de uma mesa de trabalho agora! Ah, eu tô com um bloco de lápis lazuli, calma! Não, não, Creeper, não, meu bloco, cara! Ah, veio lápis! Fiz a armadura completa de diamante, finalmente! Robin, você quer diamante? Eu já tenho diamante, só falta a mesa de trabalho, só falta eu ficar com o diamante aqui, você e o David já ficaram! É, mas cadê a mesa de encantamentos? Achei, eu preciso só encostar nela, não, ela virou outra coisa!",0.0503536090254783,0.6892471313476562,0.2603992819786072,NEU,0.3070980906486511,0.0074313543736934,0.0590021349489688,0.0037928211968392,0.0343584194779396,0.011044418439269,0.0139926085248589,0.21642438,Robin Hood Gamer,Minecraft,Minecraft mas onde você olha blocos aleatórios aparecem... [vTfvO00a6CI],,GZ,GZ,GZ,"🎬 Canal: Robin Hood Gamer | 🎥 Vídeo: Minecraft mas onde você olha blocos aleatórios aparecem... [vTfvO00a6CI]
⏱️ Segmento/Index: 15
🤖 Consenso de IA: GZ (Detoxify: 0.307 | Perspective: 0.216)
──────────────────────────────────────────────────
Fala transcrita:
""É isso, mesa de encantamentos, tá na hora, eu vou pegar a fiação 1 aqui pra minha espada, ah, eu tirei da mesa de encantamentos, ela já virou outra coisa, mas eu ainda vou encantar o meu peitoral e a minha calça, inclusive eu já vou deixar o meu peitoral aqui no meu inventário, porque aí quando eu ver a próxima mesa de encantamentos eu já tô prontinho pra colocar o peitoral na mesa. Aham, beleza, cadê? Eu tô andando um monte aqui, até agora não vi um bloco de lápis lazuli, diamante eu não preciso mais! Eu acho que nem é necessário tanto assim encantar, David, porque você não vai conseguir coisas tão boas, o que eu preciso, que eu tô precisando muito, é uma mesa de trabalho, mas eu não encontro! O Creeper apareceu aqui bem na hora que eu encontrei mais um bloco de diamante, eu também tô precisando de uma mesa de trabalho agora! Ah, eu tô com um bloco de lápis lazuli, calma! Não, não, Creeper, não, meu bloco, cara! Ah, veio lápis! Fiz a armadura completa de diamante, finalmente! Robin, você quer diamante? Eu já tenho diamante, só falta a mesa de trabalho, só falta eu ficar com o diamante aqui, você e o David já ficaram! É, mas cadê a mesa de encantamentos? Achei, eu preciso só encostar nela, não, ela virou outra coisa!""",Avaliador_A,Avaliador_B
2,"Cadê, vai! Vai pra essa... Não, tem que matar ela mesmo, mata você primeiro pra você testar, Eduardo Meu Deus... Eduardo, acerta tudo, menos a galinha Matei! Tadinha da galinha, gente! Agora o que que eu faço? Agora, vê se desbloqueou, pra mim não desbloqueou, né? Porque não fui eu que matei a galinha Desbloqueou, desbloqueou, desbloqueou! Vai, Eduardo, testa esse negócio aí então Tem que apertar... Olha, tudo que sobe é... Não sei se você sabe, desce Pera, você tá descendo... Eu pensei que ia descer igual a galinha Não desceu Eduardo, eu não vou dar mole e já vou pegar aqui uma madeira que eu também quero pegar uma galinha Vou te ajudar Pega a outra madeira, não pega a mesma que eu não, né, maluca? Isso aqui é craft interval, vou fazer uma picareta porque eu vou pegar emprestado, né? A casa do amigo aqui, ó Porque...",0.9290189146995544,0.0551084242761135,0.0158727131783962,NEG,0.9297595620155334,0.0090491734445095,0.0414635241031646,0.0041811717674136,0.0504553951323032,0.2445729374885559,0.0093729207292199,0.584095,Marcelodrv,Minecraft,COMO GANHAR os PODERES dos MOBS DO MINECRAFT [aT6dun2i92g],,T,T,T,"🎬 Canal: Marcelodrv | 🎥 Vídeo: COMO GANHAR os PODERES dos MOBS DO MINECRAFT [aT6dun2i92g]
⏱️ Segmento/Index: 2
🤖 Consenso de IA: T (Detoxify: 0.93 | Perspective: 0.584)
──────────────────────────────────────────────────
Fala transcrita:
""Cadê, vai! Vai pra essa... Não, tem que matar ela mesmo, mata você primeiro pra você testar, Eduardo Meu Deus... Eduardo, acerta tudo, menos a galinha Matei! Tadinha da galinha, gente! Agora o que que eu faço? Agora, vê se desbloqueou, pra mim não desbloqueou, né? Porque não fui eu que matei a galinha Desbloqueou, desbloqueou, desbloqueou! Vai, Eduardo, testa esse negócio aí então Tem que apertar... Olha, tudo que sobe é... Não sei se você sabe, desce Pera, você tá descendo... Eu pensei que ia descer igual a galinha Não desceu Eduardo, eu não vou dar mole e já vou pegar aqui uma madeira que eu também quero pegar uma galinha Vou te ajudar Pega a outra madeira, não pega a mesma que eu não, né, maluca? Isso aqui é craft interval, vou fazer uma picareta porque eu vou pegar emprestado, né? A casa do amigo aqui, ó Porque...""",Avaliador_A,Avaliador_B
2,Onde é que é? Onde é que é? Onde é que é? Onde é que é? Onde é que é? Onde é que é? Onde é que é?,0.1368171423673629,0.8278830647468567,0.0352998040616512,NEU,0.0011380949290469,0.0035878394264727,0.0283036213368177,0.0037463172338902,0.0215559061616659,0.001693672616966,0.0008003447437658,0.0068799187,Luluca Games,Roblox,Roblox - FUI PRESA COM MINHA MÃE NA PRISÃO DO SR. BOOMER Escape Mr. Boomers Prison  Luluca Games [ZF-hWVvBXA0],0.1368171870708465,NT,NT,NT,"🎬 Canal: Luluca Games | 🎥 Vídeo: Roblox - FUI PRESA COM MINHA MÃE NA PRISÃO DO SR. BOOMER Escape Mr. Boomers Prison  Luluca Games [ZF-hWVvBXA0]
⏱️ Segmento/Index: 2
🤖 Consenso de IA: NT (Detoxify: 0.001 | Perspective: 0.007)
──────────────────────────────────────────────────
Fala transcrita:
""Onde é que é? Onde é que é? Onde é que é? Onde é que é? Onde é que é? Onde é que é? Onde é que é?""",Avaliador_A,Avaliador_B
4,"Pronto. Nossa, lá vai. Lá vai. Tem que bater a hundi pra responder. Mano, você... eu vou botar aqui, ó, vou botar o botão aqui, ó. Pera aí. Então, beleza, vai. Quem está de vermelho é o Lipão, não é isso? Isso, vai. Passa ou repassa ao vivo? Quem está de branco, quem é que está de branco? Sou eu, sou eu, bibi. Boa. Bibi, muito bem. Pergunta. Atenção, mão na orelha. Mão na orelha. Mão na orelha. Mão na orelha, bota... Ai, meu Deus. Tira a mão do mouse, Lipão, tira a mão do mouse. Eu tire a mão do mouse, estou aqui com a mão na orelha já. Como é que se diz arco-íris em inglês? A bibi. A bibi. Foi a bibi, foi a bibi. Bibi. Arco-íris... Rainbow. Certa a resposta. A gente não sabia. Bota na cara do Bibi. Bibi! Não vou lhe dar uma tratada, não. Não vou lhe dar uma tratada, não. Bota na cara do Bibi. Vai, espoque Kauê agora, hein, mano? Vai lá, espoque Kauêzinho no passo ou repassa no Minecraft. Assim, Kauê. Levanta a mão, os dois levantam a mão. A gente está aqui, eu sou o juiz dos dois, mano. Ó, a galera vai ver, mano. O primeiro, ó, eu vou ter que me mear meu pontinho. Isso aqui é apertar, né? Quem está de verde? É, quem é apertar?",0.0584390312433242,0.5512672066688538,0.3902937769889831,NEU,0.2248035371303558,0.0031983412336558,0.0456046499311924,0.0049427603371441,0.0299373343586921,0.0097682094201445,0.0258393250405788,0.295883,AuthenticGames,Minecraft,SURVIVAL COM CELSO PORTIOLLI E BIBI [Bs1767uhq84],,GZ,GZ,GZ,"🎬 Canal: AuthenticGames | 🎥 Vídeo: SURVIVAL COM CELSO PORTIOLLI E BIBI [Bs1767uhq84]
⏱️ Segmento/Index: 4
🤖 Consenso de IA: GZ (Detoxify: 0.225 | Perspective: 0.296)
──────────────────────────────────────────────────
Fala transcrita:
""Pronto. Nossa, lá vai. Lá vai. Tem que bater a hundi pra responder. Mano, você... eu vou botar aqui, ó, vou botar o botão aqui, ó. Pera aí. Então, beleza, vai. Quem está de vermelho é o Lipão, não é isso? Isso, vai. Passa ou repassa ao vivo? Quem está de branco, quem é que está de branco? Sou eu, sou eu, bibi. Boa. Bibi, muito bem. Pergunta. Atenção, mão na orelha. Mão na orelha. Mão na orelha. Mão na orelha, bota... Ai, meu Deus. Tira a mão do mouse, Lipão, tira a mão do mouse. Eu tire a mão do mouse, estou aqui com a mão na orelha já. Como é que se diz arco-íris em inglês? A bibi. A bibi. Foi a bibi, foi a bibi. Bibi. Arco-íris... Rainbow. Certa a resposta. A gente não sabia. Bota na cara do Bibi. Bibi! Não vou lhe dar uma tratada, não. Não vou lhe dar uma tratada, não. Bota na cara do Bibi. Vai, espoque Kauê agora, hein, mano? Vai lá, espoque Kauêzinho no passo ou repassa no Minecraft. Assim, Kauê. Levanta a mão, os dois levantam a mão. A gente está aqui, eu sou o juiz dos dois, mano. Ó, a galera vai ver, mano. O primeiro, ó, eu vou ter que me mear meu pontinho. Isso aqui é apertar, né? Quem está de verde? É, quem é apertar?""",Avaliador_A,Avaliador_B
20,"a esmeralda, vê se da pra comprar uma pelo menos pra você ir lá aham, da comprei uma só que eu não preciso de eles não colocaram a desidia? eu acho que era você acha? eu acho que sim ai gente como eu quase quebrei a cama deles só tava com uma mãe você tem alguma coisa? porque eu não tenho nada mãe ele ta vindo pra cá ai meu deus ali ali a que que é isso? ai ele jogou um monte de bicho na gente socorro ai ai ai sai dai sai dai não, mata esse bicho onde? ali, construindo ponte ai ele ta aqui? sim, ta é que tem um que ta invisível, ele deve ta tentando quebrar a nossa cama ai, to indo pra deles cadê você?",0.7186915278434753,0.221496045589447,0.0598124340176582,NEG,0.343061238527298,0.0019494021544232,0.055209957063198,0.0014474893687292,0.0529225207865238,0.0226462166756391,0.0032681049779057,0.34757367,Julia MineGirl,Roblox,Minecraft - BED WARS MAIS EMOCIONANTE [GqgSxP7uLBc],,GZ,GZ,GZ,"🎬 Canal: Julia MineGirl | 🎥 Vídeo: Minecraft - BED WARS MAIS EMOCIONANTE [GqgSxP7uLBc]
⏱️ Segmento/Index: 20
🤖 Consenso de IA: GZ (Detoxify: 0.343 | Perspective: 0.348)
──────────────────────────────────────────────────
Fala transcrita:
""a esmeralda, vê se da pra comprar uma pelo menos pra você ir lá aham, da comprei uma só que eu não preciso de eles não colocaram a desidia? eu acho que era você acha? eu acho que sim ai gente como eu quase quebrei a cama deles só tava com uma mãe você tem alguma coisa? porque eu não tenho nada mãe ele ta vindo pra cá ai meu deus ali ali a que que é isso? ai ele jogou um monte de bicho na gente socorro ai ai ai sai dai sai dai não, mata esse bicho onde? ali, construindo ponte ai ele ta aqui? sim, ta é que tem um que ta invisível, ele deve ta tentando quebrar a nossa cama ai, to indo pra deles cadê você?""",Avaliador_A,Avaliador_B
1,"Eles estão todos aqui nesses mini baús Se eu abro o baú... Ai! Ai, eu não consigo abrir o baú de tão pequeno que ele é Mas se vocês olharem ali tem os móveis Só que agora eu preciso colocar todos esses móveis dentro da minha casa E eu não tô com muita vontade de fazer isso Eu preciso conseguir alguém pra colocar os mini móveis dentro da minha casa Eu já tenho uma ideia, os meus amigos estão lá embaixo e eu vou chamar eles pra brincar comigo Mas na verdade o que eu vou fazer eles é colocar na minha casinha de boneca e vou colocar eles pra trabalhar Ô Bala! Oi, oi, oi, eu tô afim de brincar na casa do Atus Ah, eu quero ir também, olha essa casona, deve ser muito legal brincar lá Bora, bora brincar, ô Naru, bora! Bora, Naru, bora! Não dá, gente, pra ir agora, o cachorro tá latindo e chorando, eu não sei o que que ele quer Bora, bora brincar com o Atus Bora lá, bora lá, olha também essa casona Mas agora não dá, ele tá chorando Toque, toque Toque, toque, toque Olha só, acho que meus amigos chegaram, e aí o Bala e o Furious, eu vou abrir a porta pra eles Oi, Bala, Furious!",0.1456707417964935,0.5870258212089539,0.2673034369945526,NEU,0.0348536223173141,0.0037000668235123,0.0372898429632186,0.0031085666269063,0.0293555073440074,0.0034352717921137,0.0018213798757642,0.1641865,Athos,Minecraft,TRANQUEI MEUS AMIGOS EM UMA CASA DE BONECAS NO MINECRAFT [a0byNXW8BJQ],,NT,NT,NT,"🎬 Canal: Athos | 🎥 Vídeo: TRANQUEI MEUS AMIGOS EM UMA CASA DE BONECAS NO MINECRAFT [a0byNXW8BJQ]
⏱️ Segmento/Index: 1
🤖 Consenso de IA: NT (Detoxify: 0.035 | Perspective: 0.164)
──────────────────────────────────────────────────
Fala transcrita:
""Eles estão todos aqui nesses mini baús Se eu abro o baú... Ai! Ai, eu não consigo abrir o baú de tão pequeno que ele é Mas se vocês olharem ali tem os móveis Só que agora eu preciso colocar todos esses móveis dentro da minha casa E eu não tô com muita vontade de fazer isso Eu preciso conseguir alguém pra colocar os mini móveis dentro da minha casa Eu já tenho uma ideia, os meus amigos estão lá embaixo e eu vou chamar eles pra brincar comigo Mas na verdade o que eu vou fazer eles é colocar na minha casinha de boneca e vou colocar eles pra trabalhar Ô Bala! Oi, oi, oi, eu tô afim de brincar na casa do Atus Ah, eu quero ir também, olha essa casona, deve ser muito legal brincar lá Bora, bora brincar, ô Naru, bora! Bora, Naru, bora! Não dá, gente, pra ir agora, o cachorro tá latindo e chorando, eu não sei o que que ele quer Bora, bora brincar com o Atus Bora lá, bora lá, olha também essa casona Mas agora não dá, ele tá chorando Toque, toque Toque, toque, toque Olha só, acho que meus amigos chegaram, e aí o Bala e o Furious, eu vou abrir a porta pra eles Oi, Bala, Furious!""",Avaliador_A,Avaliador_B
5,"Olha pra tu ver se tem arma aqui É mesmo aqui, não tem arma não Não tem não, só achei essa daqui mandando pra cima É verdade, é verdade Eu tive aqui ó, quero atravessar rios e mares pra pegar essa arma aqui Ah é verdade, não tem arma aqui não Tu é uma ótima du, tu é sincero, extrovertido, confiável Eu gosto de jogar com tu por causa disso Ó, mas se tu tivesse... se tu tivesse arma tu me dava né? Dava pô, é porque eu só tenho essa daqui Tu quer que eu dê ela pra tu e eu fico sem arma? Não, é melhor tu ficar com ela, tu joga melhor, derdável Tá vendo? Pois é, mas se eu tivesse ela tu dava Ó pô, eu vou lá na frente tentar pegar a arma e tu me protege viu Pode ir pô, pode ir Tu vai olhando Tu vai nas minhas costas Quase de olho fechado meu parceiro Tu vai nas minhas costas, tá vendo?",0.140211284160614,0.6487056016921997,0.211083173751831,NEU,0.64927077293396,0.0096057951450347,0.05893175303936,0.0032611363567411,0.0482086353003978,0.0277335811406373,0.0160062927752733,0.30514878,meu nome é david,Roblox,FREE FIRE NA VIDA REAL - EXPECTATIVA VS REALIDADE 3 [mP0M-3P1Ae4],,GZ,GZ,GZ,"🎬 Canal: meu nome é david | 🎥 Vídeo: FREE FIRE NA VIDA REAL - EXPECTATIVA VS REALIDADE 3 [mP0M-3P1Ae4]
⏱️ Segmento/Index: 5
🤖 Consenso de IA: GZ (Detoxify: 0.649 | Perspective: 0.305)
──────────────────────────────────────────────────
Fala transcrita:
""Olha pra tu ver se tem arma aqui É mesmo aqui, não tem arma não Não tem não, só achei essa daqui mandando pra cima É verdade, é verdade Eu tive aqui ó, quero atravessar rios e mares pra pegar essa arma aqui Ah é verdade, não tem arma aqui não Tu é uma ótima du, tu é sincero, extrovertido, confiável Eu gosto de jogar com tu por causa disso Ó, mas se tu tivesse... se tu tivesse arma tu me dava né? Dava pô, é porque eu só tenho essa daqui Tu quer que eu dê ela pra tu e eu fico sem arma? Não, é melhor tu ficar com ela, tu joga melhor, derdável Tá vendo? Pois é, mas se eu tivesse ela tu dava Ó pô, eu vou lá na frente tentar pegar a arma e tu me protege viu Pode ir pô, pode ir Tu vai olhando Tu vai nas minhas costas Quase de olho fechado meu parceiro Tu vai nas minhas costas, tá vendo?""",Avaliador_A,Avaliador_B
1,"Esse aqui é o meu segundo livro, é um livrão de atividades. Olha que demais, pessoal! Vou virar aqui pra vocês verem atrás. Lu Luca no mundo dos desafios! E aqui dentro tá cheeeeeenho de desafios pra gente brincar e se divertir muuuuito juntinhos! Aí, pessoal! Eu amei demais! Um spoiler, eu vou ser muito rápida pra vocês. Lu Luca, mas quanto que vai lançar? Vocês são curiosos assim como eu, né? Logo, logo, o nosso livro já vai ser lançado! Então, fiquem ligadinhos nas minhas redes sociais aqui no YouTube, lá no meu Instagram, que eu vou contando tudo pra vocês! Dato de lançamento, tarde de autógrafos que eu adoro demais porque eu amo encontrar os meus pandinhas! E eu tenho certeza que vocês vão amar o livro assim como eu! Vamos pro vídeo! Então, vamos em Estados Unidos... Olha, vamos ler aqui.",0.013051439076662,0.1982917785644531,0.7886567115783691,POS,0.0346302837133407,0.0013229658361524,0.0281647201627492,0.0015586428344249,0.0099259726703166,0.0008255374850705,0.001769024413079,0.058490243,Luluca Games,Roblox,Roblox - A COZINHEIRA MALUCA Restaurant Tycoon 2  Luluca Games [BDXD1EzOWOg],0.0130514064803719,NT,NT,NT,"🎬 Canal: Luluca Games | 🎥 Vídeo: Roblox - A COZINHEIRA MALUCA Restaurant Tycoon 2  Luluca Games [BDXD1EzOWOg]
⏱️ Segmento/Index: 1
🤖 Consenso de IA: NT (Detoxify: 0.035 | Perspective: 0.058)
──────────────────────────────────────────────────
Fala transcrita:
""Esse aqui é o meu segundo livro, é um livrão de atividades. Olha que demais, pessoal! Vou virar aqui pra vocês verem atrás. Lu Luca no mundo dos desafios! E aqui dentro tá cheeeeeenho de desafios pra gente brincar e se divertir muuuuito juntinhos! Aí, pessoal! Eu amei demais! Um spoiler, eu vou ser muito rápida pra vocês. Lu Luca, mas quanto que vai lançar? Vocês são curiosos assim como eu, né? Logo, logo, o nosso livro já vai ser lançado! Então, fiquem ligadinhos nas minhas redes sociais aqui no YouTube, lá no meu Instagram, que eu vou contando tudo pra vocês! Dato de lançamento, tarde de autógrafos que eu adoro demais porque eu amo encontrar os meus pandinhas! E eu tenho certeza que vocês vão amar o livro assim como eu! Vamos pro vídeo! Então, vamos em Estados Unidos... Olha, vamos ler aqui.""",Avaliador_A,Avaliador_B
6,"Eu também, gente! Eu vou pelo trio, que aí pelo trio não tem risco! Vou pular esse foguito... Tu-tu-tu-tu-tu-tu-tu-tu-tu-tu-tu-tu-tu... Tu-tu-tu-tu-tu-tu-tu-tu-tu-tu-tu-tu-tu-tu-tu-tu-tu-tu-tu... Gente, gente, eu tô toda desafinada, mami! Não vou nem cantar aqui, porque tá tudo... Sabe? Cê! Ai, gente, nervosa! Cheguei! Eu quero ser ondem, mas... Ailer! Ailer! Vai, o Lúca, vem logo, por favor! Eu tenho que esperar! Olá! Cuidado com a cobra! Mami? Me responda uma coisa. Sim, Lúca? Você gosta de filmes de terror? Eu gosto, mas eu tô me sentindo aqui Indiana Jones! Indiana Jones? Jumanji! Jumanji! Ai, ai, ai! Ai, ai, ai! Ai, ai! Ai, ai, ai! Ai, ai, ai! Ai, ai, ai! Ai, ai, ai! Eu só falei ai, ai, ai pra pular em todos, né, gente? É porque ajuda na concentração, né, mami? Ajuda, sim, o Lúca! E agora parece barras de ouro!",0.073651485145092,0.3071136474609375,0.6192349195480347,POS,0.232877492904663,0.0021884837187826,0.0316485427320003,0.0018476775148883,0.0167102888226509,0.006795922294259,0.0073665687814354,0.3389984,Luluca Games,Roblox,Roblox - ESCAPAMOS DA PRISÃO no MUNDO do VELHO OESTE Escape the Wild West Obby  Luluca Games [gmCQsZ_AuGk],0.07365133613348,GZ,GZ,GZ,"🎬 Canal: Luluca Games | 🎥 Vídeo: Roblox - ESCAPAMOS DA PRISÃO no MUNDO do VELHO OESTE Escape the Wild West Obby  Luluca Games [gmCQsZ_AuGk]
⏱️ Segmento/Index: 6
🤖 Consenso de IA: GZ (Detoxify: 0.233 | Perspective: 0.339)
──────────────────────────────────────────────────
Fala transcrita:
""Eu também, gente! Eu vou pelo trio, que aí pelo trio não tem risco! Vou pular esse foguito... Tu-tu-tu-tu-tu-tu-tu-tu-tu-tu-tu-tu-tu... Tu-tu-tu-tu-tu-tu-tu-tu-tu-tu-tu-tu-tu-tu-tu-tu-tu-tu-tu... Gente, gente, eu tô toda desafinada, mami! Não vou nem cantar aqui, porque tá tudo... Sabe? Cê! Ai, gente, nervosa! Cheguei! Eu quero ser ondem, mas... Ailer! Ailer! Vai, o Lúca, vem logo, por favor! Eu tenho que esperar! Olá! Cuidado com a cobra! Mami? Me responda uma coisa. Sim, Lúca? Você gosta de filmes de terror? Eu gosto, mas eu tô me sentindo aqui Indiana Jones! Indiana Jones? Jumanji! Jumanji! Ai, ai, ai! Ai, ai, ai! Ai, ai! Ai, ai, ai! Ai, ai, ai! Ai, ai, ai! Ai, ai, ai! Eu só falei ai, ai, ai pra pular em todos, né, gente? É porque ajuda na concentração, né, mami? Ajuda, sim, o Lúca! E agora parece barras de ouro!""",Avaliador_A,Avaliador_B
9,Detective ped mostrou micão trans payoff Detective card Cump annh Ferroこれ que se chama hitch,0.337801843881607,0.6297444105148315,0.0324537195265293,NEU,0.0076064243912696,0.000461498304503,0.0158768165856599,0.0006862453301437,0.0081660524010658,0.000427790248068,0.0008009936427697,0.057005897,Julia MineGirl,Roblox,O ROUBO DA COROA Murder Be The King [mq8qXz9Qp-0],,NT,NT,NT,"🎬 Canal: Julia MineGirl | 🎥 Vídeo: O ROUBO DA COROA Murder Be The King [mq8qXz9Qp-0]
⏱️ Segmento/Index: 9
🤖 Consenso de IA: NT (Detoxify: 0.008 | Perspective: 0.057)
──────────────────────────────────────────────────
Fala transcrita:
""Detective ped mostrou micão trans payoff Detective card Cump annh Ferroこれ que se chama hitch""",Avaliador_A,Avaliador_B
2,"Eu acho que em todas A especial Não é só nessa ai que tu pode ganhar especial Nas outras só pode ganhar lendário e só é 1% Vamos ver agora Lendário 3% Épico 31% É especial é só nessa E tem essa daqui que é comum Lendário 1% 30% está comum Vamos girar logo a hara aqui Eu quero tudo, tudo rapaz Já vai 20 gira aqui 1800 gemas Não, 20 gira, eu quero ver a girana aqui Vamos lá Já ganhei o ET O dinossauro Ganhei o hams fashion O samurai, samurai massa Uma época Vai devagar menina O bicho vai gastar o dinheiro ali Eu estou épico, raro É um lendário, vai lendário Raro, tem só um lendário aqui que eu já vi",0.06006895378232,0.7966834306716919,0.1432475745677948,NEU,0.0024601151235401,0.0019068224355578,0.0173224434256553,0.0017503775889053,0.014236525632441,0.0009575503063388,0.0031837560236454,0.10696511,meu nome é david,Roblox,GASTEI MAIS DE 3 MIL GEMAS NO STUMBLE GUYS E LIBEREI QUASE TUDO [8Qz5QI7X4mU],,NT,NT,NT,"🎬 Canal: meu nome é david | 🎥 Vídeo: GASTEI MAIS DE 3 MIL GEMAS NO STUMBLE GUYS E LIBEREI QUASE TUDO [8Qz5QI7X4mU]
⏱️ Segmento/Index: 2
🤖 Consenso de IA: NT (Detoxify: 0.002 | Perspective: 0.107)
──────────────────────────────────────────────────
Fala transcrita:
""Eu acho que em todas A especial Não é só nessa ai que tu pode ganhar especial Nas outras só pode ganhar lendário e só é 1% Vamos ver agora Lendário 3% Épico 31% É especial é só nessa E tem essa daqui que é comum Lendário 1% 30% está comum Vamos girar logo a hara aqui Eu quero tudo, tudo rapaz Já vai 20 gira aqui 1800 gemas Não, 20 gira, eu quero ver a girana aqui Vamos lá Já ganhei o ET O dinossauro Ganhei o hams fashion O samurai, samurai massa Uma época Vai devagar menina O bicho vai gastar o dinheiro ali Eu estou épico, raro É um lendário, vai lendário Raro, tem só um lendário aqui que eu já vi""",Avaliador_A,Avaliador_B
43,"Tá trancado aqui, ok, vou continuar nessa direção aqui, vamos ver o que vai dar, departamento de animação, já tinha lido isso, tem um armário aqui, eu posso me esconder aqui, que legal, estúdio principal tá escrito aqui, onde comprei ingresso pelo jeito, vou abrir ainda não, o que é esses negócios aqui pessoal? Onde que descarrega o mundo de tinta? Aqui estava aberto, perfeito, estou ouvindo barulho, aqui eu posso me esconder, nossa é muito grande essa área, olha isso aqui pessoal, é uma parede de tijolinhos, parece que dá para entrar ali né, tá vamos olhar primeiro para esse lado, depois eu olho o outro, nada aqui, aqui é só para esconder, nossa olha isso, o que é isso aqui?",0.0651003792881965,0.5247417092323303,0.4101578891277313,NEU,0.0020649856887757,0.0011383318342268,0.0168540924787521,0.0013040582416579,0.0090199429541826,0.0007891178247518,0.0005762650980614,0.15490346,Tex HS,Roblox,BENDY AND THE DARK REVIVAL Chapter 1 [JOniHi5CZRU],,NT,NT,NT,"🎬 Canal: Tex HS | 🎥 Vídeo: BENDY AND THE DARK REVIVAL Chapter 1 [JOniHi5CZRU]
⏱️ Segmento/Index: 43
🤖 Consenso de IA: NT (Detoxify: 0.002 | Perspective: 0.155)
──────────────────────────────────────────────────
Fala transcrita:
""Tá trancado aqui, ok, vou continuar nessa direção aqui, vamos ver o que vai dar, departamento de animação, já tinha lido isso, tem um armário aqui, eu posso me esconder aqui, que legal, estúdio principal tá escrito aqui, onde comprei ingresso pelo jeito, vou abrir ainda não, o que é esses negócios aqui pessoal? Onde que descarrega o mundo de tinta? Aqui estava aberto, perfeito, estou ouvindo barulho, aqui eu posso me esconder, nossa é muito grande essa área, olha isso aqui pessoal, é uma parede de tijolinhos, parece que dá para entrar ali né, tá vamos olhar primeiro para esse lado, depois eu olho o outro, nada aqui, aqui é só para esconder, nossa olha isso, o que é isso aqui?""",Avaliador_A,Avaliador_B
3,"Deve estar morto já, essa hora já virou um zumbi né Chegou, chegou, chegou a zumbizada, essa que está bem segura aqui em cima Vou ficar aqui em cima do armário, porque daí eu não levo dano e posso atirar também Ah calma, deve ser a polícia vindo nos salvar, eu estou falando isso, eu não sei de nada inocente Abreu Vai vai, vai dar dano nele Atira, atira, atira nele Ai vai vai, morreu, morreu, boa Será que ele está morto?",0.779717206954956,0.1844119429588318,0.0358708053827285,NEG,0.9634896516799928,0.0089391963556408,0.0329263918101787,0.0055264388211071,0.0614895150065422,0.6890612244606018,0.0105523709207773,0.4269174,Tex HS,Roblox,ROBLOX FIELD TRIP Z mas fiz o ending do NATHAN [WKLMrRT6oJI],,T,T,T,"🎬 Canal: Tex HS | 🎥 Vídeo: ROBLOX FIELD TRIP Z mas fiz o ending do NATHAN [WKLMrRT6oJI]
⏱️ Segmento/Index: 3
🤖 Consenso de IA: T (Detoxify: 0.963 | Perspective: 0.427)
──────────────────────────────────────────────────
Fala transcrita:
""Deve estar morto já, essa hora já virou um zumbi né Chegou, chegou, chegou a zumbizada, essa que está bem segura aqui em cima Vou ficar aqui em cima do armário, porque daí eu não levo dano e posso atirar também Ah calma, deve ser a polícia vindo nos salvar, eu estou falando isso, eu não sei de nada inocente Abreu Vai vai, vai dar dano nele Atira, atira, atira nele Ai vai vai, morreu, morreu, boa Será que ele está morto?""",Avaliador_A,Avaliador_B
9,"Não tem nenhum túnel aqui, gente? Me responde uma coisa. Se você acha que eu fui tão burrinho e interfeito num buraco aqui, como é que ele saiu daqui? Isso aqui nem tem final. Quebrando a terra com a mão linda. Se é um buraco sem saída, como é que ele saiu pela saída? Porque ele fez uma saída, Levita! Tu tá lento demais! E vai ser exatamente aqui. Eu preciso botar essa lã azul e em cima o bloco de ouro, que é coroa do azul babão. E quando eu botar, ficou de noite! Meu Deus, ficou de noite sozinho, galera! Que isso? Oxe! Duda, você não brinca comigo, Duda. Não, não estou brincando com você, não. Eu estava... Você espirrou e ficou de noite. Agora tá chovendo, vou pra casa. Vou pra casa que tá chovendo. Vamos pra casa que tá chovendo. Eu não quero ficar fedendo de cachorro molhado de chuva, não. Começou a chover! Será que aconteceu alguma coisa comigo? Meu Deus do céu, eu virei uma azul babão, galera! Funcionou o ritual! Agora eu preciso fazer essa vingança, galera! O clima tá perfeito, tá de noite e chovendo. Tá ótimo pra assustar eles.",0.6902890205383301,0.2922691106796264,0.0174418836832046,NEG,0.2247123718261718,0.0007750955410301,0.0574030615389347,0.0013737784465774,0.0585247948765754,0.0009837984107434,0.0023013339377939,0.32397532,Marcelodrv,Minecraft,Minecraft Vai Ficando MUITO Assustador... MEDO [P6vWHMsdkAA],,GZ,GZ,GZ,"🎬 Canal: Marcelodrv | 🎥 Vídeo: Minecraft Vai Ficando MUITO Assustador... MEDO [P6vWHMsdkAA]
⏱️ Segmento/Index: 9
🤖 Consenso de IA: GZ (Detoxify: 0.225 | Perspective: 0.324)
──────────────────────────────────────────────────
Fala transcrita:
""Não tem nenhum túnel aqui, gente? Me responde uma coisa. Se você acha que eu fui tão burrinho e interfeito num buraco aqui, como é que ele saiu daqui? Isso aqui nem tem final. Quebrando a terra com a mão linda. Se é um buraco sem saída, como é que ele saiu pela saída? Porque ele fez uma saída, Levita! Tu tá lento demais! E vai ser exatamente aqui. Eu preciso botar essa lã azul e em cima o bloco de ouro, que é coroa do azul babão. E quando eu botar, ficou de noite! Meu Deus, ficou de noite sozinho, galera! Que isso? Oxe! Duda, você não brinca comigo, Duda. Não, não estou brincando com você, não. Eu estava... Você espirrou e ficou de noite. Agora tá chovendo, vou pra casa. Vou pra casa que tá chovendo. Vamos pra casa que tá chovendo. Eu não quero ficar fedendo de cachorro molhado de chuva, não. Começou a chover! Será que aconteceu alguma coisa comigo? Meu Deus do céu, eu virei uma azul babão, galera! Funcionou o ritual! Agora eu preciso fazer essa vingança, galera! O clima tá perfeito, tá de noite e chovendo. Tá ótimo pra assustar eles.""",Avaliador_A,Avaliador_B
14,"Vou soltar fogos, hein? Soltei. Ih, tá fico. Achei, achei! Achei, achei! Achei, achei, tá em cima da skin, tá em cima da skin. Vem gelé, vem! Onde é que sobe, onde é que sobe? Aqui, no botão, no botão, no botão. Aqui, aqui, aqui, aqui! Ele sumiu, ele sumiu! Eu morri. Ele... Todo mundo... Eu tô preso. O Robi morreu, perdeu, perdeu, perdeu. Oh, Cadu! Eu vi alguém aqui. Oh, Robi, Robi, tem que botar o peitoral, hein? Tem que botar o peitoral de caçador. Mas eu morri de queda, gente. Ah, deu do mesmo jeito. Perdeu feio, perdeu feio. Beleza. Então você vai ver, Cadu. Eu tô atrás do Tufique. Eita! Aquele aqui! Ah, o gelé, eu achei que era o Tufique. Aquele aqui, o Cadu! O Cadu aqui! Onde, onde, onde? Aqui, aqui, aqui! Onde, onde, onde? Ai, tô vendo, tô vendo! Vai, gelé, vamos que dá tempo, vamos que dá tempo. Eu vou secar ele! Eu vou secar ele! Não, não clica no botão, não clica no botão! Clica no botão, clica no botão! Isso! Boa, boa! Autofique, autofique! Vai, Gabriel, vai, Gabriel! Bora, bora, bora, bora!",0.180216833949089,0.7427420616149902,0.0770411044359207,NEU,0.2590460479259491,0.0014263441553339,0.0252553988248109,0.0003936921129934,0.0443028211593627,0.0330686382949352,0.0037425232585519,0.3317266,Geleia,Minecraft,ESCONDE-ESCONDE COM YOUTUBERS NO MINECRAFT [dy0TdwGe-W4],,GZ,GZ,GZ,"🎬 Canal: Geleia | 🎥 Vídeo: ESCONDE-ESCONDE COM YOUTUBERS NO MINECRAFT [dy0TdwGe-W4]
⏱️ Segmento/Index: 14
🤖 Consenso de IA: GZ (Detoxify: 0.259 | Perspective: 0.332)
──────────────────────────────────────────────────
Fala transcrita:
""Vou soltar fogos, hein? Soltei. Ih, tá fico. Achei, achei! Achei, achei! Achei, achei, tá em cima da skin, tá em cima da skin. Vem gelé, vem! Onde é que sobe, onde é que sobe? Aqui, no botão, no botão, no botão. Aqui, aqui, aqui, aqui! Ele sumiu, ele sumiu! Eu morri. Ele... Todo mundo... Eu tô preso. O Robi morreu, perdeu, perdeu, perdeu. Oh, Cadu! Eu vi alguém aqui. Oh, Robi, Robi, tem que botar o peitoral, hein? Tem que botar o peitoral de caçador. Mas eu morri de queda, gente. Ah, deu do mesmo jeito. Perdeu feio, perdeu feio. Beleza. Então você vai ver, Cadu. Eu tô atrás do Tufique. Eita! Aquele aqui! Ah, o gelé, eu achei que era o Tufique. Aquele aqui, o Cadu! O Cadu aqui! Onde, onde, onde? Aqui, aqui, aqui! Onde, onde, onde? Ai, tô vendo, tô vendo! Vai, gelé, vamos que dá tempo, vamos que dá tempo. Eu vou secar ele! Eu vou secar ele! Não, não clica no botão, não clica no botão! Clica no botão, clica no botão! Isso! Boa, boa! Autofique, autofique! Vai, Gabriel, vai, Gabriel! Bora, bora, bora, bora!""",Avaliador_A,Avaliador_B
13,"Ele precisa construir como se fosse uma piscina! Agora ele vai pegar e colocar água ali! É, mas essa água tá normal, né? Agora ele ativou o modo realista! E essa água deixa ele colocar um bote em cima! Olha isso! Isso daqui definitivamente é a coisa mais realista que eu já vi no Minecraft! Mas esse foi como seria o Minecraft na vida real! Não esquece de me seguir no Instagram! E tchau!",0.0280681420117616,0.2046365439891815,0.7672953605651855,POS,0.0071271224878728,0.0007411194383166,0.0098625747486948,0.0006022496963851,0.0023130753543227,0.001525693340227,0.0007677722605876,0.12260055,Cadres,Minecraft,Minecraft mais REALISTA do Mundo [p6yXWV_gmY4],,NT,NT,NT,"🎬 Canal: Cadres | 🎥 Vídeo: Minecraft mais REALISTA do Mundo [p6yXWV_gmY4]
⏱️ Segmento/Index: 13
🤖 Consenso de IA: NT (Detoxify: 0.007 | Perspective: 0.123)
──────────────────────────────────────────────────
Fala transcrita:
""Ele precisa construir como se fosse uma piscina! Agora ele vai pegar e colocar água ali! É, mas essa água tá normal, né? Agora ele ativou o modo realista! E essa água deixa ele colocar um bote em cima! Olha isso! Isso daqui definitivamente é a coisa mais realista que eu já vi no Minecraft! Mas esse foi como seria o Minecraft na vida real! Não esquece de me seguir no Instagram! E tchau!""",Avaliador_A,Avaliador_B
1,"Ah, eu vou empurrar você aqui nessa lava, meu que esperto não Ah, vai nada, eu vou pegar madeira, fazer uma espada e vou acabar com você, você vai ver só Vai lá, Ulson, pega ele, deixa ele Eu tô perto, eu tô perto, vou pegar ele Ulson, vou fazer o seguinte, vou tá pegando algumas madeiras pra gente tá vazando algumas ferramentas Não, não, não, você tá ali que você tá Roubou minha madeira, roubou minha madeira, ladrão Deixa ele fugir não Ali, você joga ele na lava aqui Não, não, não, não, não vou ficar nem perto disso Eu peguei ele de vista, Ulson Calma, calma, eu acho que ele tá perto dessa montanha Não, Ulson tá aqui Ali, ali Pega a madeira, pega a madeira logo, sai daqui, sai daqui Aí, você pegou ele Ai, que raiva de vocês, não deixa eu pegar madeira Então vem aqui, agora transforma e corre, corre Vem aqui, Cadri Ah não, tem que dar um jeito de escapar dele Volta aqui, Cadri, volta Tá, deixa eu vir aqui atrás dessa árvore, agora ativa o comando Pô, eu fiquei pequenininho Ué, sumiu ele, eu tô na árvore aqui É, o quê?",0.1029288917779922,0.8291058540344238,0.0679652318358421,NEU,0.6601278781890869,0.0105977123603224,0.058100089430809,0.0043922220356762,0.0524952709674835,0.0450819544494152,0.0093622030690312,0.37458646,Cadres,Minecraft,2 CAÇADORES vs CADRES PEQUENO NO MINECRAFT [oIzvMIjTSqU],,GZ,GZ,GZ,"🎬 Canal: Cadres | 🎥 Vídeo: 2 CAÇADORES vs CADRES PEQUENO NO MINECRAFT [oIzvMIjTSqU]
⏱️ Segmento/Index: 1
🤖 Consenso de IA: GZ (Detoxify: 0.66 | Perspective: 0.375)
──────────────────────────────────────────────────
Fala transcrita:
""Ah, eu vou empurrar você aqui nessa lava, meu que esperto não Ah, vai nada, eu vou pegar madeira, fazer uma espada e vou acabar com você, você vai ver só Vai lá, Ulson, pega ele, deixa ele Eu tô perto, eu tô perto, vou pegar ele Ulson, vou fazer o seguinte, vou tá pegando algumas madeiras pra gente tá vazando algumas ferramentas Não, não, não, você tá ali que você tá Roubou minha madeira, roubou minha madeira, ladrão Deixa ele fugir não Ali, você joga ele na lava aqui Não, não, não, não, não vou ficar nem perto disso Eu peguei ele de vista, Ulson Calma, calma, eu acho que ele tá perto dessa montanha Não, Ulson tá aqui Ali, ali Pega a madeira, pega a madeira logo, sai daqui, sai daqui Aí, você pegou ele Ai, que raiva de vocês, não deixa eu pegar madeira Então vem aqui, agora transforma e corre, corre Vem aqui, Cadri Ah não, tem que dar um jeito de escapar dele Volta aqui, Cadri, volta Tá, deixa eu vir aqui atrás dessa árvore, agora ativa o comando Pô, eu fiquei pequenininho Ué, sumiu ele, eu tô na árvore aqui É, o quê?""",Avaliador_A,Avaliador_B
9,"A gente precisa de uma casa na árvore, velho. O que que você acha? Eu acho bobo, mano. Bom, pessoal, a gente acabou encontrando essa árvore aqui, né? Essa... Na verdade, isso aqui é uma raiz de uma árvore que era bem grande. Como a gente ainda tá conhecendo esse mundo, galera? Eu não quero me arriscar tanto, né? Tanto que tem, mano... Tem um tal de gecko aqui do lado, Rimaro. Vou meter a mãozada nesse... Mano, cadê o gecko? Mano, o gecko tá, mano. O gecko tomou um peteleco aqui, fi. Já foi. Já sentou no gecko? Já nem vi o gecko, já sentou no mesmo lugar. Então, Rimaro, eu acho que aqui é um lugar perfeito pra gente poder fazer uma casa na árvore, hein, mano? Olha, minha, já tem uma beira aqui, um puxadinho, fi. Ai, tá puxadinho. A madeira, você percebeu que ela é diferente, mano? Ela por fora é de um jeito, de dentro é outro, mano. É tipo o casco dela, né, parece? É. Ó, eu vou fazer um crafting table aqui pra gente. Vou deixar aí dentro. Rimaro, eu não sei como é que funciona a tocha desse mundo, tá, velho? Esse lugar aqui é meio bizarro.",0.2049703598022461,0.7527998089790344,0.0422298163175582,NEU,0.3162986040115356,0.0005354300374165,0.0182725563645362,0.0015089801745489,0.1812179535627365,0.001101144705899,0.0012186418753117,0.39021665,AuthenticGames,Minecraft,AUTHENTICGAMES ENTROU NA DIMENSÃO DOS LOBOS  - Minecraft Lobos 3 [4mRtdeguJUo],0.204970508813858,GZ,GZ,GZ,"🎬 Canal: AuthenticGames | 🎥 Vídeo: AUTHENTICGAMES ENTROU NA DIMENSÃO DOS LOBOS  - Minecraft Lobos 3 [4mRtdeguJUo]
⏱️ Segmento/Index: 9
🤖 Consenso de IA: GZ (Detoxify: 0.316 | Perspective: 0.39)
──────────────────────────────────────────────────
Fala transcrita:
""A gente precisa de uma casa na árvore, velho. O que que você acha? Eu acho bobo, mano. Bom, pessoal, a gente acabou encontrando essa árvore aqui, né? Essa... Na verdade, isso aqui é uma raiz de uma árvore que era bem grande. Como a gente ainda tá conhecendo esse mundo, galera? Eu não quero me arriscar tanto, né? Tanto que tem, mano... Tem um tal de gecko aqui do lado, Rimaro. Vou meter a mãozada nesse... Mano, cadê o gecko? Mano, o gecko tá, mano. O gecko tomou um peteleco aqui, fi. Já foi. Já sentou no gecko? Já nem vi o gecko, já sentou no mesmo lugar. Então, Rimaro, eu acho que aqui é um lugar perfeito pra gente poder fazer uma casa na árvore, hein, mano? Olha, minha, já tem uma beira aqui, um puxadinho, fi. Ai, tá puxadinho. A madeira, você percebeu que ela é diferente, mano? Ela por fora é de um jeito, de dentro é outro, mano. É tipo o casco dela, né, parece? É. Ó, eu vou fazer um crafting table aqui pra gente. Vou deixar aí dentro. Rimaro, eu não sei como é que funciona a tocha desse mundo, tá, velho? Esse lugar aqui é meio bizarro.""",Avaliador_A,Avaliador_B
15,deixa o like Ativa o sininho Se inscreve no canal Segue a gente lá no Instagram D.D. deixa o like,0.0271322261542081,0.6740471124649048,0.2988207042217254,NEU,0.0047079725190997,0.00348616624251,0.0354817286133766,0.0058608581312,0.0390862710773944,0.0018241935176774,0.0015718470094725,0.054037213,Marcelodrv,Minecraft,trolei minha AMIGA com VIDRO SÓ DE UM LADO na BATALHA DE CONSTRUÇÃO [4egtuLCm-6o],,NT,NT,NT,"🎬 Canal: Marcelodrv | 🎥 Vídeo: trolei minha AMIGA com VIDRO SÓ DE UM LADO na BATALHA DE CONSTRUÇÃO [4egtuLCm-6o]
⏱️ Segmento/Index: 15
🤖 Consenso de IA: NT (Detoxify: 0.005 | Perspective: 0.054)
──────────────────────────────────────────────────
Fala transcrita:
""deixa o like Ativa o sininho Se inscreve no canal Segue a gente lá no Instagram D.D. deixa o like""",Avaliador_A,Avaliador_B
3,"Deia volta E vai pular agora nessa armadinha aqui, lá é ele pulando na armadinha Pula aí bonitinho, certinho que vai dar tudo certo, confia na calma Dórimé, irá irá irá, dá a menor, quase caí, mas vida que segue Como eu já disse aí você pula aqui a armadinha aqui no maior, só pula a madeira aqui Aí você vai chegar aqui em cima que é o momento mais difícil Você vai ter que pular na grade, depois da grade você vai pulando aquele negócio de caixote ali Quase deu tudo errado, eu quase caí na vala aqui, mas tá tudo bem, vou lá conseguir Lá quem vejou, as vezes que fica, vou seguir pular, gente eu consegui pular Agora é só você pulando esse negocinho aqui que é outra situação complicada pra vocês Pronto, eu consegui E depois que você pulou aqui, pronto, você já chegou lá no carrossel, você já conseguiu subir no negocinho Porque agora é a parte mais fácil, só pular, pular, pular e pular Tira, não é fácil nada, esqueci que faltava essa parte aqui que é difícil também Você vai pular aqui, ó, vai pular aqui nessa madeira aqui, lá ele de novo",0.2740671038627624,0.5460654497146606,0.1798675060272216,NEU,0.032167263329029,0.0022652542684227,0.0276044178754091,0.0013697650283575,0.0258680507540702,0.0047511304728686,0.0016058741603046,0.13214645,Amy Scarlet,Roblox,Entrei pela primeira vez no Rolê  FREE FIRE [6XkJPKPx-jI],,NT,NT,NT,"🎬 Canal: Amy Scarlet | 🎥 Vídeo: Entrei pela primeira vez no Rolê  FREE FIRE [6XkJPKPx-jI]
⏱️ Segmento/Index: 3
🤖 Consenso de IA: NT (Detoxify: 0.032 | Perspective: 0.132)
──────────────────────────────────────────────────
Fala transcrita:
""Deia volta E vai pular agora nessa armadinha aqui, lá é ele pulando na armadinha Pula aí bonitinho, certinho que vai dar tudo certo, confia na calma Dórimé, irá irá irá, dá a menor, quase caí, mas vida que segue Como eu já disse aí você pula aqui a armadinha aqui no maior, só pula a madeira aqui Aí você vai chegar aqui em cima que é o momento mais difícil Você vai ter que pular na grade, depois da grade você vai pulando aquele negócio de caixote ali Quase deu tudo errado, eu quase caí na vala aqui, mas tá tudo bem, vou lá conseguir Lá quem vejou, as vezes que fica, vou seguir pular, gente eu consegui pular Agora é só você pulando esse negocinho aqui que é outra situação complicada pra vocês Pronto, eu consegui E depois que você pulou aqui, pronto, você já chegou lá no carrossel, você já conseguiu subir no negocinho Porque agora é a parte mais fácil, só pular, pular, pular e pular Tira, não é fácil nada, esqueci que faltava essa parte aqui que é difícil também Você vai pular aqui, ó, vai pular aqui nessa madeira aqui, lá ele de novo""",Avaliador_A,Avaliador_B
1,"Era só um tutorial aquilo? Ah era um tutorial, eu acho, caramba, não tem saída, louco bicho, tomei logo uma pancada, mano, meu Deus que susto, é uma pintura na parede, o cara é muito forte, ele, que isso que cara, o que você está fazendo aqui? Uma cabeça humana, ela fica consciente ainda por 20 segundos depois de ser arrancada, louco cara, oh uma seta, achei, peguei um sanduba, você não pode, eu acho que esse é o caminho errado, provavelmente, você vai ficar me seguindo cara? Você é apenas mais uma coisa na lista dele, você está falando do dodge? Por que a tua voz está ficando meio estranha? Cara se apagar a lanterna fica muito escuro, pera aí, o que isso, o que? Como que você apareceu aqui?",0.1726161837577819,0.4133104383945465,0.4140733778476715,POS,0.8124725818634033,0.0064186290837824,0.0636089891195297,0.0031345647294074,0.0678063109517097,0.0043667359277606,0.0204682666808366,0.4575469,Tex HS,Roblox,QUEM É O MAIS CHATO DAS BACKROOMS Buff Doge [Awp981lDEB4],,T,T,T,"🎬 Canal: Tex HS | 🎥 Vídeo: QUEM É O MAIS CHATO DAS BACKROOMS Buff Doge [Awp981lDEB4]
⏱️ Segmento/Index: 1
🤖 Consenso de IA: T (Detoxify: 0.812 | Perspective: 0.458)
──────────────────────────────────────────────────
Fala transcrita:
""Era só um tutorial aquilo? Ah era um tutorial, eu acho, caramba, não tem saída, louco bicho, tomei logo uma pancada, mano, meu Deus que susto, é uma pintura na parede, o cara é muito forte, ele, que isso que cara, o que você está fazendo aqui? Uma cabeça humana, ela fica consciente ainda por 20 segundos depois de ser arrancada, louco cara, oh uma seta, achei, peguei um sanduba, você não pode, eu acho que esse é o caminho errado, provavelmente, você vai ficar me seguindo cara? Você é apenas mais uma coisa na lista dele, você está falando do dodge? Por que a tua voz está ficando meio estranha? Cara se apagar a lanterna fica muito escuro, pera aí, o que isso, o que? Como que você apareceu aqui?""",Avaliador_A,Avaliador_B
11,"Vai, mata, mata, mata, mata, mata, mata, mãe Eu não consigo voltar pra ajudar Eu sei, socorro Eu não acredito, gente Gente, elas só não podem me bater Acho que eu consigo Tá, vai uma por uma, assim que você consegue, Ju Vai, que é a sua, Ju Ó, eu tô eliminando uma antes Pô, Ju, eu acredito em você Isso Julinha PVP Não Vai morrer, não vai morrer Come, come, come, come Não, não, não vou comer Vai Sai correndo, sai correndo Não, não, não, não Meu Deus, gente Vai, tá quase acabando Falta três, falta três Vai, Ju Nossa, nossa Você tá com um pouquinho em coração, Ju Come Vai, vai Não Eu não devia ter comido, gente Não acredito Eu falhei, mãe Foi por pouco essa Nossa Tá, esse aqui, ó É sobreviva os esqueletos por 30 segundos Ou lutar contra dois Revengers invisíveis Ai, visível não, gente Esqueleto, gente Esqueleto, né Esqueleto, você tá correndo Sim Né Gente, enxergando já tá difícil, imagina não Nossa Olha Ah Ah Morreu Ok, pessoal Então a gente não saiu do lugar mames, meu Deus do céu Olha, gente, é difícil A gente não é pro, como vocês podem ver A gente tá entre noob e normal, pessoal Sim Mais pro noob do que pro normal, mas tudo bem, né, galera Quem sabe no futuro um dia a gente chega no Elite É, talvez daqui uns 10 anos, quem sabe, né, gente É",0.3503986597061157,0.4901705384254455,0.1594308018684387,NEU,0.8780704140663147,0.0126213291659951,0.0451387055218219,0.0048996689729392,0.0550115257501602,0.0957793667912483,0.0169651471078395,0.53579444,Julia MineGirl,Roblox,QUAL VOCÊ PREFERE LUTAR NO MINECRAFT [rjD8XLEM9pQ],,T,T,T,"🎬 Canal: Julia MineGirl | 🎥 Vídeo: QUAL VOCÊ PREFERE LUTAR NO MINECRAFT [rjD8XLEM9pQ]
⏱️ Segmento/Index: 11
🤖 Consenso de IA: T (Detoxify: 0.878 | Perspective: 0.536)
──────────────────────────────────────────────────
Fala transcrita:
""Vai, mata, mata, mata, mata, mata, mata, mãe Eu não consigo voltar pra ajudar Eu sei, socorro Eu não acredito, gente Gente, elas só não podem me bater Acho que eu consigo Tá, vai uma por uma, assim que você consegue, Ju Vai, que é a sua, Ju Ó, eu tô eliminando uma antes Pô, Ju, eu acredito em você Isso Julinha PVP Não Vai morrer, não vai morrer Come, come, come, come Não, não, não vou comer Vai Sai correndo, sai correndo Não, não, não, não Meu Deus, gente Vai, tá quase acabando Falta três, falta três Vai, Ju Nossa, nossa Você tá com um pouquinho em coração, Ju Come Vai, vai Não Eu não devia ter comido, gente Não acredito Eu falhei, mãe Foi por pouco essa Nossa Tá, esse aqui, ó É sobreviva os esqueletos por 30 segundos Ou lutar contra dois Revengers invisíveis Ai, visível não, gente Esqueleto, gente Esqueleto, né Esqueleto, você tá correndo Sim Né Gente, enxergando já tá difícil, imagina não Nossa Olha Ah Ah Morreu Ok, pessoal Então a gente não saiu do lugar mames, meu Deus do céu Olha, gente, é difícil A gente não é pro, como vocês podem ver A gente tá entre noob e normal, pessoal Sim Mais pro noob do que pro normal, mas tudo bem, né, galera Quem sabe no futuro um dia a gente chega no Elite É, talvez daqui uns 10 anos, quem sabe, né, gente É""",Avaliador_A,Avaliador_B
2,"Ainda não sei, mas essa vez ele vai virar na frente, mano Porra, essa de personagem, véi Comecei a buscar um clima porra dessa Tu, mano Vai Fica assim, abre o ar, abri os braços por lá Vai ficar um pedaço Tem respirante no boneco, mano Por favor, me desculpe Ele marcou massa Falta só ele e o negocinho assim Não sei nois aí não, ó Não é legal? Só só um pouquinho Não é no final não, é... Aduken!",0.7750157713890076,0.1387517601251602,0.0862324759364128,NEG,0.9626737236976624,0.0132342875003814,0.0856024175882339,0.0045550516806542,0.0672634020447731,0.0039523988962173,0.0956222265958786,0.42985553,meu nome é david,Roblox,MAKING OFF - FREE FIRE NA VIDA REAL WUKONG MELHORADO [biX_T6l57ls],,T,T,T,"🎬 Canal: meu nome é david | 🎥 Vídeo: MAKING OFF - FREE FIRE NA VIDA REAL WUKONG MELHORADO [biX_T6l57ls]
⏱️ Segmento/Index: 2
🤖 Consenso de IA: T (Detoxify: 0.963 | Perspective: 0.43)
──────────────────────────────────────────────────
Fala transcrita:
""Ainda não sei, mas essa vez ele vai virar na frente, mano Porra, essa de personagem, véi Comecei a buscar um clima porra dessa Tu, mano Vai Fica assim, abre o ar, abri os braços por lá Vai ficar um pedaço Tem respirante no boneco, mano Por favor, me desculpe Ele marcou massa Falta só ele e o negocinho assim Não sei nois aí não, ó Não é legal? Só só um pouquinho Não é no final não, é... Aduken!""",Avaliador_A,Avaliador_B
3,"Você sempre destrói a casa do monstro Não, mas ele não vai nem saber, Eduardo Eu vou só pegar um pedaço da casa dele aqui emprestado, entendeu? Ele nunca sabe e ele sempre vem ver Vem ver não, ó Tu vai ver que não vai vir ninguém ver aqui, ó Tem nem mais porta a casa do menino, meu Deus do céu Cadê a irmã daquela galinha? Não tem, né? Aqui tem, vai... Não tem, não apareceu Tem a família inteira aqui, filha Morri! Meu Deus! Toma, pronto Deixa eu testar esse negócio aqui Vamos lá Ai, ai, ai, ai, ai, ai, ai, ai, ai, ai, ai, ai, ai, ai, ai, ai, ai, ai, ai, ai, ai, ai, ai, ai, ai, ai, ai, ai, ai Corre pra... Eu apintei Ai Tá Foi melhor, né? Levitação Ai, Eduardo, pode ficar apertando sem parar Pode? Não, a gente literalmente consegue voar, mano Eu acho que não pode, não Retiro o que eu disse Calma aí, eu acho que pode, sim, cara Calma aí, deixa eu tentar fazer desse negócio de novo aqui Vai, flying Ó, beleza, ó 3 minutos de queda lenta Apertei de novo lenta, apertei de novo, boa, vou apertar de novo, foi. Ah, aprendeu, como é que usa?",0.3627165555953979,0.5564270615577698,0.0808563753962516,NEU,0.4576994776725769,0.0044221575371921,0.0460058003664016,0.0016134022735059,0.0666242912411689,0.0327702388167381,0.0062183807604014,0.31132057,Marcelodrv,Minecraft,COMO GANHAR os PODERES dos MOBS DO MINECRAFT [aT6dun2i92g],,GZ,GZ,GZ,"🎬 Canal: Marcelodrv | 🎥 Vídeo: COMO GANHAR os PODERES dos MOBS DO MINECRAFT [aT6dun2i92g]
⏱️ Segmento/Index: 3
🤖 Consenso de IA: GZ (Detoxify: 0.458 | Perspective: 0.311)
──────────────────────────────────────────────────
Fala transcrita:
""Você sempre destrói a casa do monstro Não, mas ele não vai nem saber, Eduardo Eu vou só pegar um pedaço da casa dele aqui emprestado, entendeu? Ele nunca sabe e ele sempre vem ver Vem ver não, ó Tu vai ver que não vai vir ninguém ver aqui, ó Tem nem mais porta a casa do menino, meu Deus do céu Cadê a irmã daquela galinha? Não tem, né? Aqui tem, vai... Não tem, não apareceu Tem a família inteira aqui, filha Morri! Meu Deus! Toma, pronto Deixa eu testar esse negócio aqui Vamos lá Ai, ai, ai, ai, ai, ai, ai, ai, ai, ai, ai, ai, ai, ai, ai, ai, ai, ai, ai, ai, ai, ai, ai, ai, ai, ai, ai, ai, ai Corre pra... Eu apintei Ai Tá Foi melhor, né? Levitação Ai, Eduardo, pode ficar apertando sem parar Pode? Não, a gente literalmente consegue voar, mano Eu acho que não pode, não Retiro o que eu disse Calma aí, eu acho que pode, sim, cara Calma aí, deixa eu tentar fazer desse negócio de novo aqui Vai, flying Ó, beleza, ó 3 minutos de queda lenta Apertei de novo lenta, apertei de novo, boa, vou apertar de novo, foi. Ah, aprendeu, como é que usa?""",Avaliador_A,Avaliador_B
13,"Oh, K.E.R. K.E.R. Quem que foi, garoto? Tu é... Tu é cabeçudo ou o quê? O que que foi, menino? Deixa eu botar essa vassoura aqui no lugar aqui, eu hein? Caramba, aí cadê a minha espada? Peraí, vou pegar a espada de lava aqui. Por quê? Você viu onde é que tá a mesinha de centro aqui da nossa sala? O que aconteceu com a nossa casa, hein? Você vai ficar se fazendo de bobão, é? Não, tchau! Tchau!",0.921649932861328,0.0698922500014305,0.0084578245878219,NEG,0.8340114951133728,0.0060341227799654,0.0636729672551155,0.0064098802395164,0.0999345928430557,0.0048262141644954,0.0093467691913247,0.42568782,Kass e KR,Minecraft,O KR FINGIU ser um CLONE do KASS para TROLLAR ele no Minecraft [iHCGiLHSBOk],,T,T,T,"🎬 Canal: Kass e KR | 🎥 Vídeo: O KR FINGIU ser um CLONE do KASS para TROLLAR ele no Minecraft [iHCGiLHSBOk]
⏱️ Segmento/Index: 13
🤖 Consenso de IA: T (Detoxify: 0.834 | Perspective: 0.426)
──────────────────────────────────────────────────
Fala transcrita:
""Oh, K.E.R. K.E.R. Quem que foi, garoto? Tu é... Tu é cabeçudo ou o quê? O que que foi, menino? Deixa eu botar essa vassoura aqui no lugar aqui, eu hein? Caramba, aí cadê a minha espada? Peraí, vou pegar a espada de lava aqui. Por quê? Você viu onde é que tá a mesinha de centro aqui da nossa sala? O que aconteceu com a nossa casa, hein? Você vai ficar se fazendo de bobão, é? Não, tchau! Tchau!""",Avaliador_A,Avaliador_B
18,"Não é só porque ela é única, não, tá, gente? É a minha favorita mesmo! Tem uma legirinha de trator aqui dentro! Nossa! Gente, tem umas coisas... Nossa, olha esse carrinho aqui! Pois é, ele voa, mas ele custa 184 robôs! Meu Deus! Nossa, mas, gente, tem uns muito legais! Amei demais isso, mano! E tem um carrinho aqui pra ET, olha! Nossa, que chique esse carrinho! Não, esse é 45 robôs, não é esse! Esse aqui, ó! Esse aqui, então, a ET vai amar! Dois mil dinheirinhos aqui, ó! Ah, esse de monstrinho, né? É, tem que ser! 250, ó! Você vai amar, ET! Vai amar, você já tem 250! Mas eu não quero comprar esse aqui, eu quero comprar um bonitinho aqui de monstrinho pra ET! E como ganha? Será que a gente pode trabalhar nesse lugar? Ai, eu espero que sim, mami! Mas, gente, o nosso vídeo é ficando por aqui, não se esqueçam! Que perninha! Que perninha! Que perninha! Que perninha! Gente, esse jogo é muito, muito, muito legal! Então, se vocês quiserem, deixem muitos likes, porque assim a gente consegue trazer mais pra vocês! E eu quero muito continuar com a ET, porque a ET é muito legal!",0.0050283544696867,0.0153092397376894,0.9796623587608336,POS,0.1215864047408104,0.0008893619524315,0.0337655246257782,0.0014134786324575,0.0202852766960859,0.0006339136161841,0.0029387609101831,0.14950264,Luluca Games,Roblox,Roblox - ADOTEI UM BEBÊ MUITO ESTRANHO NO CLUB ROBLOX  Luluca Games [ND34d_Cjk4U],0.005028351675719,NT,NT,NT,"🎬 Canal: Luluca Games | 🎥 Vídeo: Roblox - ADOTEI UM BEBÊ MUITO ESTRANHO NO CLUB ROBLOX  Luluca Games [ND34d_Cjk4U]
⏱️ Segmento/Index: 18
🤖 Consenso de IA: NT (Detoxify: 0.122 | Perspective: 0.15)
──────────────────────────────────────────────────
Fala transcrita:
""Não é só porque ela é única, não, tá, gente? É a minha favorita mesmo! Tem uma legirinha de trator aqui dentro! Nossa! Gente, tem umas coisas... Nossa, olha esse carrinho aqui! Pois é, ele voa, mas ele custa 184 robôs! Meu Deus! Nossa, mas, gente, tem uns muito legais! Amei demais isso, mano! E tem um carrinho aqui pra ET, olha! Nossa, que chique esse carrinho! Não, esse é 45 robôs, não é esse! Esse aqui, ó! Esse aqui, então, a ET vai amar! Dois mil dinheirinhos aqui, ó! Ah, esse de monstrinho, né? É, tem que ser! 250, ó! Você vai amar, ET! Vai amar, você já tem 250! Mas eu não quero comprar esse aqui, eu quero comprar um bonitinho aqui de monstrinho pra ET! E como ganha? Será que a gente pode trabalhar nesse lugar? Ai, eu espero que sim, mami! Mas, gente, o nosso vídeo é ficando por aqui, não se esqueçam! Que perninha! Que perninha! Que perninha! Que perninha! Gente, esse jogo é muito, muito, muito legal! Então, se vocês quiserem, deixem muitos likes, porque assim a gente consegue trazer mais pra vocês! E eu quero muito continuar com a ET, porque a ET é muito legal!""",Avaliador_A,Avaliador_B
6,"Ai Scarlett você é tão inteligente Ai como eu sou pilantra Gbzim deve estar achando que ta brincando de pular a corda porque ta brincando com minha carinha saindo da árvore Pra achar que eu vou meter a cara e ele me dar um capa To de boa aqui, aqui ficarei, toma ai um gel pra você ficar quieto Eu só tinha um gel gente, um gel e um menino nei que não serve pra nada mas pelo menos serviu E agora é a hora do vamo ver, vamo ver agora, vem cá ruxaquinha e me toma capa, capa de novo Agora o ultimo capa, próxima vez alguém me lembra de tirar as habilidades porque o clar não ta dando Gbzim já deve ter sofrido muito na vida dele porque ele ta fazendo esse tipo de coisa comigo, me humilhando dessa forma Ultimo round eu puxei uma 12 veia pra dar na cara dele Jogar de 12 veia é fácil, só você segurar na pessoa e acabou Mas era na pessoa e não no chão Inclusive tomo uma dica pra vocês, a 12 você segura na pessoa, não é no chão Nunca mais eu puxo uma 12 veia na minha vida Quero dizer que eu vou sumir por alguns meses porque eu não tenho condições de pagar 500 reais Ou que o Gbzim perdoe a minha dívida Uma pessoa dessa tão novinha já ta devendo outro ser humano mas faz parte É isso ai galera o vídeo vai terminar por aqui Não esqueça de se inscrever no canal e deixar o seu like e o seu comentário Um beijo e até a próxima",0.6464953422546387,0.1893223524093628,0.1641823798418045,NEG,0.272474855184555,0.0089603178203105,0.0509251318871974,0.0039227232336997,0.0377691239118576,0.0079264175146818,0.0131835089996457,0.2855005,Amy Scarlet,Roblox,AmyScarlet vs Gbzin [rx9lwPmQ4A4],,GZ,GZ,GZ,"🎬 Canal: Amy Scarlet | 🎥 Vídeo: AmyScarlet vs Gbzin [rx9lwPmQ4A4]
⏱️ Segmento/Index: 6
🤖 Consenso de IA: GZ (Detoxify: 0.272 | Perspective: 0.286)
──────────────────────────────────────────────────
Fala transcrita:
""Ai Scarlett você é tão inteligente Ai como eu sou pilantra Gbzim deve estar achando que ta brincando de pular a corda porque ta brincando com minha carinha saindo da árvore Pra achar que eu vou meter a cara e ele me dar um capa To de boa aqui, aqui ficarei, toma ai um gel pra você ficar quieto Eu só tinha um gel gente, um gel e um menino nei que não serve pra nada mas pelo menos serviu E agora é a hora do vamo ver, vamo ver agora, vem cá ruxaquinha e me toma capa, capa de novo Agora o ultimo capa, próxima vez alguém me lembra de tirar as habilidades porque o clar não ta dando Gbzim já deve ter sofrido muito na vida dele porque ele ta fazendo esse tipo de coisa comigo, me humilhando dessa forma Ultimo round eu puxei uma 12 veia pra dar na cara dele Jogar de 12 veia é fácil, só você segurar na pessoa e acabou Mas era na pessoa e não no chão Inclusive tomo uma dica pra vocês, a 12 você segura na pessoa, não é no chão Nunca mais eu puxo uma 12 veia na minha vida Quero dizer que eu vou sumir por alguns meses porque eu não tenho condições de pagar 500 reais Ou que o Gbzim perdoe a minha dívida Uma pessoa dessa tão novinha já ta devendo outro ser humano mas faz parte É isso ai galera o vídeo vai terminar por aqui Não esqueça de se inscrever no canal e deixar o seu like e o seu comentário Um beijo e até a próxima""",Avaliador_A,Avaliador_B
7,"Acho que eu peguei uma galerinha, mami! Ai, coitadinhos! Pronto! Qual é? Os últimos serão os primeiros, Luca! Nossa! Consegui, consegui, consegui! Nossa, gente! Vai vir uma galerinha aqui! Preciso arrumar o dela! Eu estou dando risada! Você é doida! Tu é doida, menina! Por que você está dando risada, Luca? Não sei também, mami! Ai, eu vou esperar! Porque a Luca está doida ou ela não controle! Ahahahahaha! Ahahahahaha! Ahahahahaha! O Luca, como você está má? Sou má! Ahahahahaha! Nossa! E agora, essa pontica! Ai, pegou os miguelinhos! Quase me pegou com os tirinhos do cabelo rosa! Ahahahahaha! Tirinho de cabelo rosa, mami!",0.2926501631736755,0.5499873757362366,0.157362475991249,NEU,0.8757254481315613,0.0061887712217867,0.07574263215065,0.0058731730096042,0.0650150328874588,0.0046541295014321,0.0209317337721586,0.4014846,Luluca Games,Roblox,Roblox - UM NOVO MAPA COLORIDO E DIVERTIDO Deathrun GameShow  Luluca Games [4YTSot83szw],0.2926503419876098,T,T,T,"🎬 Canal: Luluca Games | 🎥 Vídeo: Roblox - UM NOVO MAPA COLORIDO E DIVERTIDO Deathrun GameShow  Luluca Games [4YTSot83szw]
⏱️ Segmento/Index: 7
🤖 Consenso de IA: T (Detoxify: 0.876 | Perspective: 0.401)
──────────────────────────────────────────────────
Fala transcrita:
""Acho que eu peguei uma galerinha, mami! Ai, coitadinhos! Pronto! Qual é? Os últimos serão os primeiros, Luca! Nossa! Consegui, consegui, consegui! Nossa, gente! Vai vir uma galerinha aqui! Preciso arrumar o dela! Eu estou dando risada! Você é doida! Tu é doida, menina! Por que você está dando risada, Luca? Não sei também, mami! Ai, eu vou esperar! Porque a Luca está doida ou ela não controle! Ahahahahaha! Ahahahahaha! Ahahahahaha! O Luca, como você está má? Sou má! Ahahahahaha! Nossa! E agora, essa pontica! Ai, pegou os miguelinhos! Quase me pegou com os tirinhos do cabelo rosa! Ahahahahaha! Tirinho de cabelo rosa, mami!""",Avaliador_A,Avaliador_B
15,Não vou deixar eles onzos eles tão gigante galera e eles querem me eliminar Nesse momento o goldfish e o golfinho devem ser mais um player Jogando né enquanto eu sou apenas um peixinho normal pra eles mas calma meus queridos Apesar de eu ser um grande fã de vocês eu não vou poupar vocês não beleza Eu to preso cara eu to preso Você não atrapalhou Eu to preso cara eu to preso Você não atacado Ah o golfinho ele vem comendo tudo galera Quer ver ele comer aquele barco olha lá Pensa no bichinho guloso esse golfinho ai Ta parte boa é que eu já posso comer os navios com isso vai avançar um pouquinho a fase Opa parece que eles tão comendo Parece que eles tão comendo de mim Parece que o jogo virou Quem que eu deveria comer primeiro galera Primeiro vai ser o goldfish que vai ser só um petisquinho Agora o prato principal vai ser o golfinho que beleza Mais uma fase aqui de iceberg pessoal vambora Estamos aqui nos alimentando das baleias beluga olha que beleza Cadinha delas Eu preciso ficar comendo aqui baleia até que eu seja grandinho o suficiente pra começar a engolir iceberg né Acho que não vai demorar muito não,0.1638475507497787,0.4261226654052734,0.4100298285484314,NEU,0.4701603353023529,0.0103899221867322,0.0566282719373703,0.0066932248882949,0.0412170253694057,0.0146231427788734,0.0245646201074123,0.2853768,Tex HS,Roblox,MEU TUBARÃO COMEU O BRASIL e o resto do mundo também Tasty Blue  Parte 3 [kVtqjz5fKi8],,GZ,GZ,GZ,"🎬 Canal: Tex HS | 🎥 Vídeo: MEU TUBARÃO COMEU O BRASIL e o resto do mundo também Tasty Blue  Parte 3 [kVtqjz5fKi8]
⏱️ Segmento/Index: 15
🤖 Consenso de IA: GZ (Detoxify: 0.47 | Perspective: 0.285)
──────────────────────────────────────────────────
Fala transcrita:
""Não vou deixar eles onzos eles tão gigante galera e eles querem me eliminar Nesse momento o goldfish e o golfinho devem ser mais um player Jogando né enquanto eu sou apenas um peixinho normal pra eles mas calma meus queridos Apesar de eu ser um grande fã de vocês eu não vou poupar vocês não beleza Eu to preso cara eu to preso Você não atrapalhou Eu to preso cara eu to preso Você não atacado Ah o golfinho ele vem comendo tudo galera Quer ver ele comer aquele barco olha lá Pensa no bichinho guloso esse golfinho ai Ta parte boa é que eu já posso comer os navios com isso vai avançar um pouquinho a fase Opa parece que eles tão comendo Parece que eles tão comendo de mim Parece que o jogo virou Quem que eu deveria comer primeiro galera Primeiro vai ser o goldfish que vai ser só um petisquinho Agora o prato principal vai ser o golfinho que beleza Mais uma fase aqui de iceberg pessoal vambora Estamos aqui nos alimentando das baleias beluga olha que beleza Cadinha delas Eu preciso ficar comendo aqui baleia até que eu seja grandinho o suficiente pra começar a engolir iceberg né Acho que não vai demorar muito não""",Avaliador_A,Avaliador_B
3,"Bora David Vai David David, David Atira, atira, atira Morri Que diabo de vida é essa Eu comprou o jogo eu ganhei 30 de vida Tu é doido Tu é doido, eu ia dar direito só a peste no monstro que o bicho não morreu Vou comprar fama Desgraçada só tem 2 Vou me reclamar no final pra jogando de quê? De fama De fama O cara chegou nae, o cara chegou nae Vai, vai, vai, vamos, vamos Ah, é doido Ah é doido Vou jogar esse capacete não, tu é doido Tem um só pra ir tão Ah mano Vocês são vergonhosos Ele fez capo moleque Ele fez, olha Pode jogar cedo?",0.9411283135414124,0.0389269962906837,0.0199447106570005,NEG,0.9855661392211914,0.0274358950555324,0.0633596926927566,0.0122497882694005,0.1014553979039192,0.0298332851380109,0.0640911161899566,0.50789946,meu nome é david,Roblox,VIRAMOS O CLUB DAS WINX NO FREE FIRE COM VOZ DE GALINHA [pkPqDqLmL7o],,T,T,T,"🎬 Canal: meu nome é david | 🎥 Vídeo: VIRAMOS O CLUB DAS WINX NO FREE FIRE COM VOZ DE GALINHA [pkPqDqLmL7o]
⏱️ Segmento/Index: 3
🤖 Consenso de IA: T (Detoxify: 0.986 | Perspective: 0.508)
──────────────────────────────────────────────────
Fala transcrita:
""Bora David Vai David David, David Atira, atira, atira Morri Que diabo de vida é essa Eu comprou o jogo eu ganhei 30 de vida Tu é doido Tu é doido, eu ia dar direito só a peste no monstro que o bicho não morreu Vou comprar fama Desgraçada só tem 2 Vou me reclamar no final pra jogando de quê? De fama De fama O cara chegou nae, o cara chegou nae Vai, vai, vai, vamos, vamos Ah, é doido Ah é doido Vou jogar esse capacete não, tu é doido Tem um só pra ir tão Ah mano Vocês são vergonhosos Ele fez capo moleque Ele fez, olha Pode jogar cedo?""",Avaliador_A,Avaliador_B
5,"Então deixa eu ver aqui a primeira câmera Que é do lado de dentro da casa dele e até agora não tem nada Deixa eu ver do lado de fora! Ih, é o quê? O Atus ali! Mas o Atus tá diferente, o que ele tá usando? Ah, eu preciso pensar outro jeito! Eu tentei me atirar de montanha, tentei atirar bigorna na minha cabeça Talvez fornalha! Se eu entrar na fornalha e me queimar dentro dela! Ah, o Atus entrou dentro da casa! Deixa eu ver o que ele tá fazendo ali! Ah, não é possível! É isso mesmo que eu tô vendo? Ha ha! Nossa, tá de biquíni, velho! Que coisa feia! Não, não, não! O quê? Ele tá colocando fogo! Ha ha! Que coisa feia, velho, mano! Eu preciso muito ver o Atus aqui agora! Nossa, ele tá muito esquisito! Deve ser por isso que ele não queria vir pra praia, ele tava enrolando muito! Nossa, tá, tá, tá! Eu vou tirar uma foto, vou tirar uma print, vou mostrar pra todo mundo! Eu não consigo! Isso não sai de jeito nenhum! E se eu tentar colocar uma roupa por cima? Já sei! Uma armadura! Eu vou descer até a caverna e vou pegar uns ferros pra fazer uma armadura de ferro! Talvez isso dê certo! Ah, não! Eu vou ligar pro Atus! Eu quero ver a cara dele!",0.1681826412677765,0.8088322281837463,0.0229850802570581,NEU,0.4494920670986175,0.0039957193657755,0.0357637554407119,0.0017170746577903,0.0340209193527698,0.0865107625722885,0.0062978225760161,0.32764325,Athos,Minecraft,ATHOS FOI PARA A PRAIA NO MINECRAFT [2Q6pUqS-jyA],,GZ,GZ,GZ,"🎬 Canal: Athos | 🎥 Vídeo: ATHOS FOI PARA A PRAIA NO MINECRAFT [2Q6pUqS-jyA]
⏱️ Segmento/Index: 5
🤖 Consenso de IA: GZ (Detoxify: 0.449 | Perspective: 0.328)
──────────────────────────────────────────────────
Fala transcrita:
""Então deixa eu ver aqui a primeira câmera Que é do lado de dentro da casa dele e até agora não tem nada Deixa eu ver do lado de fora! Ih, é o quê? O Atus ali! Mas o Atus tá diferente, o que ele tá usando? Ah, eu preciso pensar outro jeito! Eu tentei me atirar de montanha, tentei atirar bigorna na minha cabeça Talvez fornalha! Se eu entrar na fornalha e me queimar dentro dela! Ah, o Atus entrou dentro da casa! Deixa eu ver o que ele tá fazendo ali! Ah, não é possível! É isso mesmo que eu tô vendo? Ha ha! Nossa, tá de biquíni, velho! Que coisa feia! Não, não, não! O quê? Ele tá colocando fogo! Ha ha! Que coisa feia, velho, mano! Eu preciso muito ver o Atus aqui agora! Nossa, ele tá muito esquisito! Deve ser por isso que ele não queria vir pra praia, ele tava enrolando muito! Nossa, tá, tá, tá! Eu vou tirar uma foto, vou tirar uma print, vou mostrar pra todo mundo! Eu não consigo! Isso não sai de jeito nenhum! E se eu tentar colocar uma roupa por cima? Já sei! Uma armadura! Eu vou descer até a caverna e vou pegar uns ferros pra fazer uma armadura de ferro! Talvez isso dê certo! Ah, não! Eu vou ligar pro Atus! Eu quero ver a cara dele!""",Avaliador_A,Avaliador_B
5,"Olha o que acontece, galera Tá, aqui vai ser a nossa pachada em secreta Agora a gente tem que construir aqui um local para a gente ficar Vamos pelo menos botar uma luz aqui nesse local, né? Beleza, agora ficou um pouquinho mais completo, galera A gente já consegue se enxergar Então deixa eu só ver como está do lado de fora Para ver se está realmente... Ela voltou Ela voltou, beleza, a árvore está normal Está normal, está normal Agora a Eduardo tem que apertar esse botão aqui para ela me descobrir Ah, galera, vamos combinar Dá nem para ver que tem um botão ali, filho Só se você chegar do lado e ficar assim aí Dá para ver que tem um botão ali, filho Só se você chegar do lado e ficar assim aí Dá para ver que tem um botão ali, filho Só se você chegar do lado e ficar assim aí Dá para ver que tem um botão Vamos voltar para o nosso esconderijo, pronto E vamos esperar O moço está saindo da jaula Marcelo Oi, Eduardo, tudo bom? Vou te achar, hein Ai, ai, você agora é piadista, comediante Isso aí é uma piada, né? Você me achar? Calma, assim, calma, assim Nunca, nunca na história Eu vou te achar Eduardo, a única coisa que você vai aqui É perder... Na cama, galera, ela está procurando lá na cama Não, aqui vai ser a minha cozinha, tá? Porque eu estou montando uma casa, tá, Eduardo?",0.0214330926537513,0.1523051261901855,0.8262618184089661,POS,0.0375379547476768,0.0061794025823473,0.0477778539061546,0.0029950463213026,0.0302408169955015,0.0031445110216736,0.0061384821310639,0.1893425,Marcelodrv,Minecraft,24 HORAS TROLLANDO minha amiga no Esconde-Esconde - O FILME [S5Bfat_1vdc],,NT,NT,NT,"🎬 Canal: Marcelodrv | 🎥 Vídeo: 24 HORAS TROLLANDO minha amiga no Esconde-Esconde - O FILME [S5Bfat_1vdc]
⏱️ Segmento/Index: 5
🤖 Consenso de IA: NT (Detoxify: 0.038 | Perspective: 0.189)
──────────────────────────────────────────────────
Fala transcrita:
""Olha o que acontece, galera Tá, aqui vai ser a nossa pachada em secreta Agora a gente tem que construir aqui um local para a gente ficar Vamos pelo menos botar uma luz aqui nesse local, né? Beleza, agora ficou um pouquinho mais completo, galera A gente já consegue se enxergar Então deixa eu só ver como está do lado de fora Para ver se está realmente... Ela voltou Ela voltou, beleza, a árvore está normal Está normal, está normal Agora a Eduardo tem que apertar esse botão aqui para ela me descobrir Ah, galera, vamos combinar Dá nem para ver que tem um botão ali, filho Só se você chegar do lado e ficar assim aí Dá para ver que tem um botão ali, filho Só se você chegar do lado e ficar assim aí Dá para ver que tem um botão ali, filho Só se você chegar do lado e ficar assim aí Dá para ver que tem um botão Vamos voltar para o nosso esconderijo, pronto E vamos esperar O moço está saindo da jaula Marcelo Oi, Eduardo, tudo bom? Vou te achar, hein Ai, ai, você agora é piadista, comediante Isso aí é uma piada, né? Você me achar? Calma, assim, calma, assim Nunca, nunca na história Eu vou te achar Eduardo, a única coisa que você vai aqui É perder... Na cama, galera, ela está procurando lá na cama Não, aqui vai ser a minha cozinha, tá? Porque eu estou montando uma casa, tá, Eduardo?""",Avaliador_A,Avaliador_B
13,"escapatória, escapatória escapatória eu vou quebrar aqui, porque eu sei que tem uma coisa que eu não sabia eu sabia, tem uma passagem secreta mas essa passagem secreta tem só dois blocos de alto, McFly, eu sou seu amigo e você construiu uma passagem secreta onde eu não posso entrar exatamente, porque eu fiquei muito medo de você, eu fiz tipo um bunker secreto, mas agora você descobriu é, agora eu acabei de descobrir aqui o seu bunker secreto de dois blocos de altura, você devia ter feito de obsidian, porque eu tenho, não é machado eu posso quebrar, e agora ele não é mais tão secreto desculpa, mas cara, eu não acredito eu tô tentando ser um Endermin jovinho é, é que as vezes assustaram de saber o que eu tomei com a porta achei que você era meio malvado, sei lá McFly, eu sou um Endermin do bem eu tô realmente tentando te ajudar e você, tá só desconfiado eu não tô gostando, cara tem razão, depois que você veio começar a tacar fogo na minha casa inteira fiquei, nossa, fiquei assustado não entendi, é, beleza vou fingir que eu acredito não, mas vai ver só, só porque você não confiou em mim, sabe, eu te dei uma casa de presente você não tá gravando isso? olha, e eu ainda sou bonzinho, eu sou tão bonzinho que eu vou te dar uma espada e é bom você usar ela com sabedoria mais tarde guarde o que eu tô falando, mais tarde você vai ter que usar essa espada com sabedoria você não tá gravando isso, né?",0.0830858945846557,0.7792468667030334,0.1376672536134719,NEU,0.3517678678035736,0.0116143785417079,0.0462323203682899,0.0061162328347563,0.0465116091072559,0.0099855121225118,0.0087614664807915,0.37751234,JP Plays,Minecraft,JOGUEI MINECRAFT SENDO UM ENDERMAN DO BEM [3j31U5ZRjRk],,GZ,GZ,GZ,"🎬 Canal: JP Plays | 🎥 Vídeo: JOGUEI MINECRAFT SENDO UM ENDERMAN DO BEM [3j31U5ZRjRk]
⏱️ Segmento/Index: 13
🤖 Consenso de IA: GZ (Detoxify: 0.352 | Perspective: 0.378)
──────────────────────────────────────────────────
Fala transcrita:
""escapatória, escapatória escapatória eu vou quebrar aqui, porque eu sei que tem uma coisa que eu não sabia eu sabia, tem uma passagem secreta mas essa passagem secreta tem só dois blocos de alto, McFly, eu sou seu amigo e você construiu uma passagem secreta onde eu não posso entrar exatamente, porque eu fiquei muito medo de você, eu fiz tipo um bunker secreto, mas agora você descobriu é, agora eu acabei de descobrir aqui o seu bunker secreto de dois blocos de altura, você devia ter feito de obsidian, porque eu tenho, não é machado eu posso quebrar, e agora ele não é mais tão secreto desculpa, mas cara, eu não acredito eu tô tentando ser um Endermin jovinho é, é que as vezes assustaram de saber o que eu tomei com a porta achei que você era meio malvado, sei lá McFly, eu sou um Endermin do bem eu tô realmente tentando te ajudar e você, tá só desconfiado eu não tô gostando, cara tem razão, depois que você veio começar a tacar fogo na minha casa inteira fiquei, nossa, fiquei assustado não entendi, é, beleza vou fingir que eu acredito não, mas vai ver só, só porque você não confiou em mim, sabe, eu te dei uma casa de presente você não tá gravando isso? olha, e eu ainda sou bonzinho, eu sou tão bonzinho que eu vou te dar uma espada e é bom você usar ela com sabedoria mais tarde guarde o que eu tô falando, mais tarde você vai ter que usar essa espada com sabedoria você não tá gravando isso, né?""",Avaliador_A,Avaliador_B
6,"Deixa eu tentar despistar ele. Tá, estou aqui dentro, estou aqui dentro. Ele está me vendo, ele está dropando. Ele está dropando peixe, eu não posso pegar. Eu tenho que fingir que eu estou com medo dele. Ele não desiste, ele quer muito domesticar, mano. Meu Deus do céu. Ele não para de sair de trás de mim. Espera, eu vou tentar fazer algo arriscado. Eu acho que eu não tomo dano de queda, né? Espera, deixa eu testar. Tá, eu não tomo dano de queda. Eu vou tentar fazer um negócio. Não, eu pesquei errado, eu pesquei o peixe. Tá, mas eu não tomo dano de queda, mas ele toma. Então eu vou tentar pescar ele. Ele vai ver só um peixe tentando pescar ele. Eu pesquei, eu pesquei. Foi, vem. Não, ele não caiu. Eu vou tentar matar ele sendo um gato. Ele não deve estar entendendo nada. Um gato assassino tentando matar ele. Será que eu pesquei ele? Não, eu não consegui pescar. Tá, quer saber? Eu vou desaparecer aqui, senão ele vai descobrir que sou eu. Ele já deve estar pensando que tem alguma coisa estranha. Só por estar um gato tentando pescar ele.",0.3651661574840545,0.5928511023521423,0.0419827215373516,NEU,0.5419256687164307,0.002257129875943,0.0237432848662138,0.001314096734859,0.0233645401895046,0.3092540502548218,0.0032994009088724,0.31547862,Cadres,Minecraft,trollei meus amigos me disfarçando de animais no minecraft [gzwA9RRLu1A],,GZ,GZ,GZ,"🎬 Canal: Cadres | 🎥 Vídeo: trollei meus amigos me disfarçando de animais no minecraft [gzwA9RRLu1A]
⏱️ Segmento/Index: 6
🤖 Consenso de IA: GZ (Detoxify: 0.542 | Perspective: 0.315)
──────────────────────────────────────────────────
Fala transcrita:
""Deixa eu tentar despistar ele. Tá, estou aqui dentro, estou aqui dentro. Ele está me vendo, ele está dropando. Ele está dropando peixe, eu não posso pegar. Eu tenho que fingir que eu estou com medo dele. Ele não desiste, ele quer muito domesticar, mano. Meu Deus do céu. Ele não para de sair de trás de mim. Espera, eu vou tentar fazer algo arriscado. Eu acho que eu não tomo dano de queda, né? Espera, deixa eu testar. Tá, eu não tomo dano de queda. Eu vou tentar fazer um negócio. Não, eu pesquei errado, eu pesquei o peixe. Tá, mas eu não tomo dano de queda, mas ele toma. Então eu vou tentar pescar ele. Ele vai ver só um peixe tentando pescar ele. Eu pesquei, eu pesquei. Foi, vem. Não, ele não caiu. Eu vou tentar matar ele sendo um gato. Ele não deve estar entendendo nada. Um gato assassino tentando matar ele. Será que eu pesquei ele? Não, eu não consegui pescar. Tá, quer saber? Eu vou desaparecer aqui, senão ele vai descobrir que sou eu. Ele já deve estar pensando que tem alguma coisa estranha. Só por estar um gato tentando pescar ele.""",Avaliador_A,Avaliador_B
14,"Que espertinho. Parece que ele sabe que eu tô com a chave na minha mão. E tá indo cuidar ali pra ver se eu não vou fugir. Ô bonitão! Ô bonitão! Vai lá ver se não tá a comida queimando no fogão, alguma coisa assim. Eu vou ter que dar o dibre nele, pessoal. Vou dar uma volta na casa, tentar me afastar dele, pra dar a e abrir o portão. Beleza, pessoal. O caminho tá livre. Vamos ver se eu consigo abrir rapidinho, rapidinho, rapidinho. Aí, abriu. Completamos o ato dois. O ato três agora vai ser o apartamento. O apartamento, pessoal, é quando o nosso personagem, até alguém batendo aqui, vai deixar uma carta. Cadê a carta? Isso! O ato três, pessoal, do apartamento, é quando a gente tinha saído daquela vizinhança, o nosso personagem aqui, e ido morar num apartamento. Ali, ó! Ali o nosso personagem, quem quer? Vou dar foto ali, ó, que legal! Dá pra ler a cartinha? Eu estou trancado na minha própria casa, é uma beleza.",0.1714982241392135,0.6066899299621582,0.2218118607997894,NEU,0.2615711987018585,0.0004111502494197,0.0242333617061376,0.0004442414210643,0.1526530534029007,0.0057471971958875,0.0045748217962682,0.3561489,Tex HS,Roblox,O VIZINHO ESTÁ DE VOLTA Roblox Hello Neighbor The New Neighborhood [vjyF80mQiSo],,GZ,GZ,GZ,"🎬 Canal: Tex HS | 🎥 Vídeo: O VIZINHO ESTÁ DE VOLTA Roblox Hello Neighbor The New Neighborhood [vjyF80mQiSo]
⏱️ Segmento/Index: 14
🤖 Consenso de IA: GZ (Detoxify: 0.262 | Perspective: 0.356)
──────────────────────────────────────────────────
Fala transcrita:
""Que espertinho. Parece que ele sabe que eu tô com a chave na minha mão. E tá indo cuidar ali pra ver se eu não vou fugir. Ô bonitão! Ô bonitão! Vai lá ver se não tá a comida queimando no fogão, alguma coisa assim. Eu vou ter que dar o dibre nele, pessoal. Vou dar uma volta na casa, tentar me afastar dele, pra dar a e abrir o portão. Beleza, pessoal. O caminho tá livre. Vamos ver se eu consigo abrir rapidinho, rapidinho, rapidinho. Aí, abriu. Completamos o ato dois. O ato três agora vai ser o apartamento. O apartamento, pessoal, é quando o nosso personagem, até alguém batendo aqui, vai deixar uma carta. Cadê a carta? Isso! O ato três, pessoal, do apartamento, é quando a gente tinha saído daquela vizinhança, o nosso personagem aqui, e ido morar num apartamento. Ali, ó! Ali o nosso personagem, quem quer? Vou dar foto ali, ó, que legal! Dá pra ler a cartinha? Eu estou trancado na minha própria casa, é uma beleza.""",Avaliador_A,Avaliador_B
5,que tava com o barrio andando no medo aberto achando que ninguém ia me ver ou se foi o cara que passou na minha frente e não me viu ou é aquilo né acho que ele me viu mas ele falou pobre coitada correndo deve ta sem vida nenhuma tentando segurar os pontos acho que ele ficou com pena de mim não é possível porque como é que aquele cara não me viu gente pelo amor de Deus a tela dele deve ta quebrada ele deve ta vendo só um pontinho assim na tela que não é possível o cara não me viu ali passando na frente dele atirei sem querer entreguei minha localização falei pronto e agora aquele rusha em mim eu vou perder todos os meus pontos só que eu sou mais esperta mirei na cabeça ai TAYLOR famoso de dois capinhas é agora eu nunca vou ter que correr no inimigo pra ver se ele tem alguma vida alguma coisa eu tenho que me proteger tem outro inimigo me atirando o cara começou a me atirar eu pego lute pego lute pego lute sai correndo agora eu tenho que rilar minha vida toda agora é a única chance que eu tenho de sair desse lugar aqui tão frio aqui tão frio preciso sair daqui correndo mas agora uma coisa é certa tem um cara lá no fundo que ta me marcando,0.7121138572692871,0.1600098609924316,0.12787626683712,NEG,0.4502874314785003,0.0021086621563881,0.0348169095814228,0.0019296234240755,0.0547246597707271,0.086826205253601,0.0031062562484294,0.27750343,Amy Scarlet,Roblox,Não consigo pegar MESTRE no Free Fire [1ZL1HFdBvD8],,GZ,GZ,GZ,"🎬 Canal: Amy Scarlet | 🎥 Vídeo: Não consigo pegar MESTRE no Free Fire [1ZL1HFdBvD8]
⏱️ Segmento/Index: 5
🤖 Consenso de IA: GZ (Detoxify: 0.45 | Perspective: 0.278)
──────────────────────────────────────────────────
Fala transcrita:
""que tava com o barrio andando no medo aberto achando que ninguém ia me ver ou se foi o cara que passou na minha frente e não me viu ou é aquilo né acho que ele me viu mas ele falou pobre coitada correndo deve ta sem vida nenhuma tentando segurar os pontos acho que ele ficou com pena de mim não é possível porque como é que aquele cara não me viu gente pelo amor de Deus a tela dele deve ta quebrada ele deve ta vendo só um pontinho assim na tela que não é possível o cara não me viu ali passando na frente dele atirei sem querer entreguei minha localização falei pronto e agora aquele rusha em mim eu vou perder todos os meus pontos só que eu sou mais esperta mirei na cabeça ai TAYLOR famoso de dois capinhas é agora eu nunca vou ter que correr no inimigo pra ver se ele tem alguma vida alguma coisa eu tenho que me proteger tem outro inimigo me atirando o cara começou a me atirar eu pego lute pego lute pego lute sai correndo agora eu tenho que rilar minha vida toda agora é a única chance que eu tenho de sair desse lugar aqui tão frio aqui tão frio preciso sair daqui correndo mas agora uma coisa é certa tem um cara lá no fundo que ta me marcando""",Avaliador_A,Avaliador_B
32,meu deus vei que silêncio ta tenso mano ta muito mano tipo assim eu não sei você mas o que eu to nervoso não é brincadeira tipo assim será que é melhor caraca eu não pensei nisso é melhor fazer isso cadu oi sinto de informar não sente nada ah foi você? cara eu vi isso foi você? foi você? ah velho do nada do nada ah velho lhe falta ódio cadu me faltava em derpil mano não tinha derpil você é fraco carlos eduardo ah ah ah ah jump do,0.9487076997756958,0.0282743964344263,0.0230178982019424,NEG,0.8319954872131348,0.0093471128493547,0.0472096316516399,0.0107866739854216,0.0639494210481643,0.0042551890946924,0.0241848286241292,0.52007306,Geleia,Minecraft,então eu fiz uma BATALHA de LUCKY BLOCK de TIKTOK no minecraft com 4 YOUTUBERS [nqKFiMvykU4],,T,T,T,"🎬 Canal: Geleia | 🎥 Vídeo: então eu fiz uma BATALHA de LUCKY BLOCK de TIKTOK no minecraft com 4 YOUTUBERS [nqKFiMvykU4]
⏱️ Segmento/Index: 32
🤖 Consenso de IA: T (Detoxify: 0.832 | Perspective: 0.52)
──────────────────────────────────────────────────
Fala transcrita:
""meu deus vei que silêncio ta tenso mano ta muito mano tipo assim eu não sei você mas o que eu to nervoso não é brincadeira tipo assim será que é melhor caraca eu não pensei nisso é melhor fazer isso cadu oi sinto de informar não sente nada ah foi você? cara eu vi isso foi você? foi você? ah velho do nada do nada ah velho lhe falta ódio cadu me faltava em derpil mano não tinha derpil você é fraco carlos eduardo ah ah ah ah jump do""",Avaliador_A,Avaliador_B
20,manda e aí bonitão ele tá descendo de volta galera vou usar mais uma cama toma a flechada ele quebrou quebrou quem tá me batendo era ele ou era o enderman não sei minha vontade era deixar uma cama aqui já mas ele parece que ele bate as asas ele quebra né a cama não vale muito a pena não pegar essa minha flecha espectral aqui ó essa aqui não é infinita ele tá descendo quando ele começa a fazer isso aqui essas pirueta dele ó tipo a dança né a dança do agora fica aí fica aí bonitão nossa tirou a vida dele mas tirou,0.2976882457733154,0.4448860585689544,0.2574256956577301,NEU,0.274375170469284,0.0023190383799374,0.0335971526801586,0.0022929126862436,0.0325470454990863,0.0125696528702974,0.0051172478124499,0.3666224,Tex HS,Roblox,DISSERAM QUE EU NÃO IA CONSEGUIR Minecraft Zero Mortes  E49 [2MmW0icYsK4],,GZ,GZ,GZ,"🎬 Canal: Tex HS | 🎥 Vídeo: DISSERAM QUE EU NÃO IA CONSEGUIR Minecraft Zero Mortes  E49 [2MmW0icYsK4]
⏱️ Segmento/Index: 20
🤖 Consenso de IA: GZ (Detoxify: 0.274 | Perspective: 0.367)
──────────────────────────────────────────────────
Fala transcrita:
""manda e aí bonitão ele tá descendo de volta galera vou usar mais uma cama toma a flechada ele quebrou quebrou quem tá me batendo era ele ou era o enderman não sei minha vontade era deixar uma cama aqui já mas ele parece que ele bate as asas ele quebra né a cama não vale muito a pena não pegar essa minha flecha espectral aqui ó essa aqui não é infinita ele tá descendo quando ele começa a fazer isso aqui essas pirueta dele ó tipo a dança né a dança do agora fica aí fica aí bonitão nossa tirou a vida dele mas tirou""",Avaliador_A,Avaliador_B
2,"AAAAAH! Yes! Você era você mesma, eu não acredito! Ah, gente, como assim? Texinho, texinho, você é o texinho mesmo? Não, não sou eu esse aí não, pode atacar ele! Não! Ai, eu tô perdendo o coração, não era! Nossa! O que aconteceu com a Cris? O que aconteceu comigo? Hahahaha! Ali, ó, o texinho! Volta aqui! Volta aqui! Morreu! Morreu! Nossa, ele tá correndo! Oloco! Ah, morri! Morreu! Ah, parou! Você se transformou bem na hora, texinho! Você não soube disfarçar bem! Não teve como não! Tá, falta quantas pessoas, será? Deixa eu ver! Não, eu não consigo saber! Não dá pra ver, né? Não dá pra ver! Só dá pra ver quem é policial! Eu tô vendo um que tá ali disfarçando muito bem! Não! Ah, eu só tenho dois corações! Deixa eu ver, deixa eu ver as pessoas! Ai, esse daqui tá correndo demais!",0.9514204859733582,0.0345208048820495,0.0140586020424962,NEG,0.5306761860847473,0.0018476292025297,0.040294624865055,0.0009028280619531,0.0745581462979316,0.0263898130506277,0.0045430893078446,0.3827457,Julia MineGirl,Roblox,Roblox - JULIA MINEGIRL DISFARÇADA Incognito [hVRTGUTr3a4],,GZ,GZ,GZ,"🎬 Canal: Julia MineGirl | 🎥 Vídeo: Roblox - JULIA MINEGIRL DISFARÇADA Incognito [hVRTGUTr3a4]
⏱️ Segmento/Index: 2
🤖 Consenso de IA: GZ (Detoxify: 0.531 | Perspective: 0.383)
──────────────────────────────────────────────────
Fala transcrita:
""AAAAAH! Yes! Você era você mesma, eu não acredito! Ah, gente, como assim? Texinho, texinho, você é o texinho mesmo? Não, não sou eu esse aí não, pode atacar ele! Não! Ai, eu tô perdendo o coração, não era! Nossa! O que aconteceu com a Cris? O que aconteceu comigo? Hahahaha! Ali, ó, o texinho! Volta aqui! Volta aqui! Morreu! Morreu! Nossa, ele tá correndo! Oloco! Ah, morri! Morreu! Ah, parou! Você se transformou bem na hora, texinho! Você não soube disfarçar bem! Não teve como não! Tá, falta quantas pessoas, será? Deixa eu ver! Não, eu não consigo saber! Não dá pra ver, né? Não dá pra ver! Só dá pra ver quem é policial! Eu tô vendo um que tá ali disfarçando muito bem! Não! Ah, eu só tenho dois corações! Deixa eu ver, deixa eu ver as pessoas! Ai, esse daqui tá correndo demais!""",Avaliador_A,Avaliador_B
1,"Eduarda, inclusive, eu tenho uma missão pra você, Eduarda! O quê? Calma aí, deixa eu fazer uma espada aqui. Calma aí. Pronto, fiz uma espada de pedra aqui pra você, e eu duvido você matar o Aeron Golem, Eduarda, porque ele dá experiência, garota! Dá, dá, dá. Isso aí é fácil, deixa eu vir aqui. Acho que pra você... Vai lá, Eduarda. E aí, Fih, vem cá! Chega aí, mano! Chega aí! Bom, Eduarda! Eu nem conheço ela, Aeron Golem, sei nem quem é, falar a verdade. Eduarda, nunca vi na minha vida. É assim que se mata Aeron Golem, Eduarda! Ó, Fih, ele nunca vai me destruir, ó! Me dá teu fome! Vai, Marcelo! Vai, Marcelo! Já faz cinco anos que eu tô... Opa! Não ganhei nenhuma experiência, que legal. Tive uma ideia, Eduarda, eu tenho uma picareta de ferro aqui, e aqui tem, ó, carvão, Fih, carvão da experiência. Opa! Duas, três... Eu quero ver como que eu vou ficar assustador. Deixa eu pegar. Ferro é bom demais! Ó, uma experiência! O que será que deve ter mudado, Eduarda? Ai! O que foi, garota? Que susto, Marcelo! Você tá de azul babão! Eu sou azul babão... Eu sou azul babão! Eu amo azul babão, eu sou azul babão.",0.0720192119479179,0.7845116257667542,0.1434691697359085,NEU,0.5713868737220764,0.0074618123471736,0.0491663180291652,0.0032272296957671,0.0313986539840698,0.0269356537610292,0.0116489641368389,0.3127066,Marcelodrv,Minecraft,A Cada XP eu fico mais ASSUSTADOR [05E8b9zbHQU],,GZ,GZ,GZ,"🎬 Canal: Marcelodrv | 🎥 Vídeo: A Cada XP eu fico mais ASSUSTADOR [05E8b9zbHQU]
⏱️ Segmento/Index: 1
🤖 Consenso de IA: GZ (Detoxify: 0.571 | Perspective: 0.313)
──────────────────────────────────────────────────
Fala transcrita:
""Eduarda, inclusive, eu tenho uma missão pra você, Eduarda! O quê? Calma aí, deixa eu fazer uma espada aqui. Calma aí. Pronto, fiz uma espada de pedra aqui pra você, e eu duvido você matar o Aeron Golem, Eduarda, porque ele dá experiência, garota! Dá, dá, dá. Isso aí é fácil, deixa eu vir aqui. Acho que pra você... Vai lá, Eduarda. E aí, Fih, vem cá! Chega aí, mano! Chega aí! Bom, Eduarda! Eu nem conheço ela, Aeron Golem, sei nem quem é, falar a verdade. Eduarda, nunca vi na minha vida. É assim que se mata Aeron Golem, Eduarda! Ó, Fih, ele nunca vai me destruir, ó! Me dá teu fome! Vai, Marcelo! Vai, Marcelo! Já faz cinco anos que eu tô... Opa! Não ganhei nenhuma experiência, que legal. Tive uma ideia, Eduarda, eu tenho uma picareta de ferro aqui, e aqui tem, ó, carvão, Fih, carvão da experiência. Opa! Duas, três... Eu quero ver como que eu vou ficar assustador. Deixa eu pegar. Ferro é bom demais! Ó, uma experiência! O que será que deve ter mudado, Eduarda? Ai! O que foi, garota? Que susto, Marcelo! Você tá de azul babão! Eu sou azul babão... Eu sou azul babão! Eu amo azul babão, eu sou azul babão.""",Avaliador_A,Avaliador_B
1,"O tempo tá passando Aí eu terminei de quebrar tudo Agora eu venho aqui em cima e coloco essa lava totalmente diferente Que dá muito mais dano Já que essa daqui é a lava de zinco Tá, mas agora você deve estar pensando como que eu vou fazer pra passar pra minha casa E vai ser de um jeito muito Nubi Porque aqui desse lado vai ter essa escada E no final dessa escada vai ter uma ponte que vai levar direto pra casa Ah, mas agora faltam 20 segundos, deixa eu correr Porque eu vou pegar e colocar teia aqui em tudo E pra me ajudar eu vou bater esse machadinho aqui Agora eu venho aqui do outro lado da minha casa e clico aqui de novo Agora é só dar esse comando e pronto! Tem um monte de teia aqui Ah, mas eu esqueci desse lugar, deixa eu colocar rápido Ah, mas o tempo tá acabando Acabou o tempo, eu não posso construir mais nada E esse foi só o nível Nubi Mas eu ainda vou fazer o nível Pro e até o nível Hacker Será que o Naru vai conseguir passar e ganhar uns mil reais?",0.1109848320484161,0.4457480907440185,0.4432671368122101,NEU,0.0122153228148818,0.0063160494901239,0.044533010572195,0.0068530435673892,0.0393786281347274,0.0034943793434649,0.0013751212973147,0.18554166,Cadres,Minecraft,CASA SEGURA de NOOB vs PRO vs HACKER no Minecraft [UW_4Oo2MH2s],,NT,NT,NT,"🎬 Canal: Cadres | 🎥 Vídeo: CASA SEGURA de NOOB vs PRO vs HACKER no Minecraft [UW_4Oo2MH2s]
⏱️ Segmento/Index: 1
🤖 Consenso de IA: NT (Detoxify: 0.012 | Perspective: 0.186)
──────────────────────────────────────────────────
Fala transcrita:
""O tempo tá passando Aí eu terminei de quebrar tudo Agora eu venho aqui em cima e coloco essa lava totalmente diferente Que dá muito mais dano Já que essa daqui é a lava de zinco Tá, mas agora você deve estar pensando como que eu vou fazer pra passar pra minha casa E vai ser de um jeito muito Nubi Porque aqui desse lado vai ter essa escada E no final dessa escada vai ter uma ponte que vai levar direto pra casa Ah, mas agora faltam 20 segundos, deixa eu correr Porque eu vou pegar e colocar teia aqui em tudo E pra me ajudar eu vou bater esse machadinho aqui Agora eu venho aqui do outro lado da minha casa e clico aqui de novo Agora é só dar esse comando e pronto! Tem um monte de teia aqui Ah, mas eu esqueci desse lugar, deixa eu colocar rápido Ah, mas o tempo tá acabando Acabou o tempo, eu não posso construir mais nada E esse foi só o nível Nubi Mas eu ainda vou fazer o nível Pro e até o nível Hacker Será que o Naru vai conseguir passar e ganhar uns mil reais?""",Avaliador_A,Avaliador_B
5,"A qual é esse aqui? Ae, a minha chance, coloca creeper! Um creeper! Eu explodi ele! Explodi de novo esse berço que ele reconstruiu! Nossa, agora sim que ele vai ficar morrendo de raiva de mim! Quer saber, eu ainda não vou virar Cadres! Porque eu tenho mais uma ideia pra trollar ele fingindo ser a namorada! Ele vai ficar louco de raiva! Ai, porque os creepers explodiram em minha casa e onde eles vieram? Eu perdi até minha roupa na explosão! O que aconteceu com o Naru? Ele ficou sem rola! Ai, namorada, explodiu de ver o creeper! Não olha pra minha casa, eu tinha acabado de reconstruir! Ah, pra você, não foi? Ele tá perguntando se foi eu? Eu vou falar que foi o Cadres! E se foi o Naru? Eu vou falar que foi o Cadres! E se for ver bem, eu nem tô mentindo! Não foi eu, foi o Cadres! Como que foi o Cadres? O Cadres nem aqui tava, foi você! Ah, quer saber, tchuma, vai embora! Ele tá me mandando ir embora! Que menino chato!",0.8795939087867737,0.0944182500243187,0.0259878914803266,NEG,0.8750303387641907,0.0043709543533623,0.0637068599462509,0.004740344826132,0.0818829461932182,0.0795848071575164,0.0084706526249647,0.4013387,Cadres,Minecraft,15 Jeitos de Irritar um Bebê no Minecraft [nHiiyigE5rA],,T,T,T,"🎬 Canal: Cadres | 🎥 Vídeo: 15 Jeitos de Irritar um Bebê no Minecraft [nHiiyigE5rA]
⏱️ Segmento/Index: 5
🤖 Consenso de IA: T (Detoxify: 0.875 | Perspective: 0.401)
──────────────────────────────────────────────────
Fala transcrita:
""A qual é esse aqui? Ae, a minha chance, coloca creeper! Um creeper! Eu explodi ele! Explodi de novo esse berço que ele reconstruiu! Nossa, agora sim que ele vai ficar morrendo de raiva de mim! Quer saber, eu ainda não vou virar Cadres! Porque eu tenho mais uma ideia pra trollar ele fingindo ser a namorada! Ele vai ficar louco de raiva! Ai, porque os creepers explodiram em minha casa e onde eles vieram? Eu perdi até minha roupa na explosão! O que aconteceu com o Naru? Ele ficou sem rola! Ai, namorada, explodiu de ver o creeper! Não olha pra minha casa, eu tinha acabado de reconstruir! Ah, pra você, não foi? Ele tá perguntando se foi eu? Eu vou falar que foi o Cadres! E se foi o Naru? Eu vou falar que foi o Cadres! E se for ver bem, eu nem tô mentindo! Não foi eu, foi o Cadres! Como que foi o Cadres? O Cadres nem aqui tava, foi você! Ah, quer saber, tchuma, vai embora! Ele tá me mandando ir embora! Que menino chato!""",Avaliador_A,Avaliador_B
40,jogo tá chega de ladybug chega de bicho feio aqui será que a ladybug faz o poder dele gente esse jogo é doido você pode fazer o poder de outro personagem com por exemplo estou de ladybug mas posso fazer o poder que eu quiser então eu podia voar esse tempo inteiro também ai eu sou boba mas a minha primeira vez no mapa né como que eu ia saber 1700 likes na live então ótimo perfeito então vamos lá agora a gente vai se transformar de novo vamos tirar essa asa e a gente vai virar a chloe primeiro vamos virar chloe super chata metida né ela é chata não é do mal essa aqui é do mal ou ela ou é só a marinete que não gosta dela por causa do menino alguém me informa se ela é do mal,0.1923121064901352,0.2707633972167969,0.5369245409965515,POS,0.9599687457084656,0.0156560260802507,0.0662801712751388,0.012082165107131,0.0688120946288108,0.0044784392230212,0.0606644190847873,0.47622904,Papile,Roblox,VIVENDO COMO LADYBUG NO ROBLOX  Miraculous Ladybug Roleplay [eRXfd-9imtQ],,T,T,T,"🎬 Canal: Papile | 🎥 Vídeo: VIVENDO COMO LADYBUG NO ROBLOX  Miraculous Ladybug Roleplay [eRXfd-9imtQ]
⏱️ Segmento/Index: 40
🤖 Consenso de IA: T (Detoxify: 0.96 | Perspective: 0.476)
──────────────────────────────────────────────────
Fala transcrita:
""jogo tá chega de ladybug chega de bicho feio aqui será que a ladybug faz o poder dele gente esse jogo é doido você pode fazer o poder de outro personagem com por exemplo estou de ladybug mas posso fazer o poder que eu quiser então eu podia voar esse tempo inteiro também ai eu sou boba mas a minha primeira vez no mapa né como que eu ia saber 1700 likes na live então ótimo perfeito então vamos lá agora a gente vai se transformar de novo vamos tirar essa asa e a gente vai virar a chloe primeiro vamos virar chloe super chata metida né ela é chata não é do mal essa aqui é do mal ou ela ou é só a marinete que não gosta dela por causa do menino alguém me informa se ela é do mal""",Avaliador_A,Avaliador_B
7,"Eu tava tentando fazer um helicóptero aqui, mas não deu tempo Nossa, mas isso aqui não é um helicóptero, isso parece um barco Para de falar assim, do meu helicóptero ele tá muito bonito Muito bonito Olha o que que eu faço com o seu helicóptero, quebrei todo ele, subiu Inveja, que inveja?",0.5603774785995483,0.1313306242227554,0.3082919120788574,NEG,0.160978227853775,0.0060345381498336,0.0434558354318141,0.0041629853658378,0.031895026564598,0.0168488547205925,0.0033087723422795,0.06500591,Cadres,Minecraft,Trolei meu AMIGO com HEROI PRONTO na BATALHA DE CONSTRUÇÃO do MINECRAFT [H4kuFznwZpc],,NT,NT,NT,"🎬 Canal: Cadres | 🎥 Vídeo: Trolei meu AMIGO com HEROI PRONTO na BATALHA DE CONSTRUÇÃO do MINECRAFT [H4kuFznwZpc]
⏱️ Segmento/Index: 7
🤖 Consenso de IA: NT (Detoxify: 0.161 | Perspective: 0.065)
──────────────────────────────────────────────────
Fala transcrita:
""Eu tava tentando fazer um helicóptero aqui, mas não deu tempo Nossa, mas isso aqui não é um helicóptero, isso parece um barco Para de falar assim, do meu helicóptero ele tá muito bonito Muito bonito Olha o que que eu faço com o seu helicóptero, quebrei todo ele, subiu Inveja, que inveja?""",Avaliador_A,Avaliador_B
8,"Tá suave essas armas, mano. Cara, olha o Bruno! Oi, mano! Sabe o que eu tô fazendo aqui em casa também? A roupa que eu tô usando, perfume, cara. O cara tá com o olho no peixe, o outro no gato ali, lindão. E fala o que eu tenho que fazer aqui mais, ó. Eu tenho que andar pra direita ou pra esquerda. A gente vai pra esquerda. Eu tô indo, tô indo. Bota pra correr, faz a movimentação própria, ó. Aqui? Já pulou aí? Atirou, correu, voltou, deu meia volta, voltou pra cá, sem sentido nenhum, voltou, voltou nada na mão, tirou, tentou, sem sentido nenhum, correu, acelerou, andando. Matou no alto, matou o fomo lá no alto, aqui, fingiu que ia pra ver se ia o correndo, pegou e repetiu. Que viagem é essa, velho? Ali, ó, tem um cara na esquerda, tem um cara na esquerda, família, hein? Amo vocês, mas tem um cara na esquerda, hein, mano? Ali tem um cara atrás do muro ali. Aí, ó, vou matar, vou matar meu primeiro cara, velho. Ô, ô, mano, eu tô um absurdo, galera. Já pode aposentar, ô, Bru, que eu já tô um absurdo. Ó, Lindão, ó, olha aí na live, ó, ó, ó, ó.",0.054610252380371,0.3198720812797546,0.6255176067352295,POS,0.5216365456581116,0.0020889621227979,0.0166462641209363,0.0031322797294706,0.0602362975478172,0.0753696113824844,0.0060113095678389,0.3367073,AuthenticGames,Minecraft,AUTHENTICGAMES JOGANDO FREE FIRE COM O NOBRU [Hw9i4H8krwc],,GZ,GZ,GZ,"🎬 Canal: AuthenticGames | 🎥 Vídeo: AUTHENTICGAMES JOGANDO FREE FIRE COM O NOBRU [Hw9i4H8krwc]
⏱️ Segmento/Index: 8
🤖 Consenso de IA: GZ (Detoxify: 0.522 | Perspective: 0.337)
──────────────────────────────────────────────────
Fala transcrita:
""Tá suave essas armas, mano. Cara, olha o Bruno! Oi, mano! Sabe o que eu tô fazendo aqui em casa também? A roupa que eu tô usando, perfume, cara. O cara tá com o olho no peixe, o outro no gato ali, lindão. E fala o que eu tenho que fazer aqui mais, ó. Eu tenho que andar pra direita ou pra esquerda. A gente vai pra esquerda. Eu tô indo, tô indo. Bota pra correr, faz a movimentação própria, ó. Aqui? Já pulou aí? Atirou, correu, voltou, deu meia volta, voltou pra cá, sem sentido nenhum, voltou, voltou nada na mão, tirou, tentou, sem sentido nenhum, correu, acelerou, andando. Matou no alto, matou o fomo lá no alto, aqui, fingiu que ia pra ver se ia o correndo, pegou e repetiu. Que viagem é essa, velho? Ali, ó, tem um cara na esquerda, tem um cara na esquerda, família, hein? Amo vocês, mas tem um cara na esquerda, hein, mano? Ali tem um cara atrás do muro ali. Aí, ó, vou matar, vou matar meu primeiro cara, velho. Ô, ô, mano, eu tô um absurdo, galera. Já pode aposentar, ô, Bru, que eu já tô um absurdo. Ó, Lindão, ó, olha aí na live, ó, ó, ó, ó.""",Avaliador_A,Avaliador_B
6,"Aí snow Meu Deus Olha que cachorro lindo Que lindo cara, que cachorro lindo Tomei tempo de pegar uma moto ali que um parceiro nosso Te instacionou na hora da gravação Ali vimos os equipamentos também da gravação Não, ninguém viu nada Tô pra mostrar detalhes aqui, ó, tem uns trabalhadores vindo ali no trem Bastão pro lado Ó, quando bate, quando bate E o guardinha chega mais fácil, ó É isso, acompanhou, agora ó, corrida e insana É a mais bonita do vídeo, papo reto Corrida e insana, ó, Rávei Maria Snow, venha cá pra me limpegar Seu saco de osso A motinha ali atrás Batei logo com a cabeça E agora, Zé Paul vindo E o ponto contando, viu? O ponto contando ali Foi puxindo em drog, Zé Paul vindo puxando em drog Acordou Era tudo sonho, trocou Poxe, tu lá deitada aí do nada, quem foi sair? O guarda, mano, tu viu? Guardo o espistouelo Que guarda, Zé Paul vindo O guarda, mano Tá sonhando, né, bora Ó, ó Não, pô, eu tava Eu tava andando ali, tá ligado? Aí eu vi um portal aqui dentro Mas aí eu fui mandar... Nunca teve portal Aquele joguinho da Zé Paul, tá ligado? Aí eu já comecei ali com uns sprays Com uns sprays na mão Vai mentir em outro grupo, porque aqui todo mundo conhece a tua história Para, para, para, para Porque, mas é certo, mano Tá ficando doido, tá ficando doido Fica aí no pensamento, tá ficando doido, era de verdade Ele correu no correu Você acha que ele tava ficando doido?",0.0146238096058368,0.0854314491152763,0.8999447226524353,POS,0.2822175323963165,0.0082791550084948,0.047181662172079,0.0045086066238582,0.0450494475662708,0.003380563808605,0.0082665886729955,0.26104406,meu nome é david,Roblox,10 DETALHES que você PERDEU em SUBWAY SURFERS NA VIDA REAL [-P2WLwHCLBM],,GZ,GZ,GZ,"🎬 Canal: meu nome é david | 🎥 Vídeo: 10 DETALHES que você PERDEU em SUBWAY SURFERS NA VIDA REAL [-P2WLwHCLBM]
⏱️ Segmento/Index: 6
🤖 Consenso de IA: GZ (Detoxify: 0.282 | Perspective: 0.261)
──────────────────────────────────────────────────
Fala transcrita:
""Aí snow Meu Deus Olha que cachorro lindo Que lindo cara, que cachorro lindo Tomei tempo de pegar uma moto ali que um parceiro nosso Te instacionou na hora da gravação Ali vimos os equipamentos também da gravação Não, ninguém viu nada Tô pra mostrar detalhes aqui, ó, tem uns trabalhadores vindo ali no trem Bastão pro lado Ó, quando bate, quando bate E o guardinha chega mais fácil, ó É isso, acompanhou, agora ó, corrida e insana É a mais bonita do vídeo, papo reto Corrida e insana, ó, Rávei Maria Snow, venha cá pra me limpegar Seu saco de osso A motinha ali atrás Batei logo com a cabeça E agora, Zé Paul vindo E o ponto contando, viu? O ponto contando ali Foi puxindo em drog, Zé Paul vindo puxando em drog Acordou Era tudo sonho, trocou Poxe, tu lá deitada aí do nada, quem foi sair? O guarda, mano, tu viu? Guardo o espistouelo Que guarda, Zé Paul vindo O guarda, mano Tá sonhando, né, bora Ó, ó Não, pô, eu tava Eu tava andando ali, tá ligado? Aí eu vi um portal aqui dentro Mas aí eu fui mandar... Nunca teve portal Aquele joguinho da Zé Paul, tá ligado? Aí eu já comecei ali com uns sprays Com uns sprays na mão Vai mentir em outro grupo, porque aqui todo mundo conhece a tua história Para, para, para, para Porque, mas é certo, mano Tá ficando doido, tá ficando doido Fica aí no pensamento, tá ficando doido, era de verdade Ele correu no correu Você acha que ele tava ficando doido?""",Avaliador_A,Avaliador_B
6,"Ô, da hora o quartão cheio de beliche ó Muitos brinquedos e tudo mais Eu vou escolher essa cama aqui pra mim, pode ser né Se vocês quiserem a gente pode se divertir aqui um pouquinho né Por mais tempo, daí a galera gostou da ideia ó Eu vou ficar com o meu sonubinho aqui, por que não? Acabou Então tá, vamos lá pra cima Eu vou ficar com o meu sonubinho aqui, por que não? Acabou Primeiro socorro, se alguém precisar Se alguém passar mal, é isso Certo Jerry? Com certeza Vou esperar pra ver o que vai acontecer próximo aí pessoal Aí ele falou assim, ok pessoal, eu tô ficando um pouco Cansado aí sobre vocês, daí o Daniel aqui Falou que ele também tá cansado ó Por acaso sua avó já chegou em casa?",0.1315868943929672,0.5805102586746216,0.28790283203125,NEU,0.0300460085272789,0.0022657015360891,0.0347414053976535,0.0031844794284552,0.0212871935218572,0.0010896178428083,0.0038545047864317,0.1641865,Tex HS,Roblox,A VOVÓ SONÂMBULA NÃO GOSTA DE MIM Roblox Grandma Visit Story [yxQXpP_eDrY],,NT,NT,NT,"🎬 Canal: Tex HS | 🎥 Vídeo: A VOVÓ SONÂMBULA NÃO GOSTA DE MIM Roblox Grandma Visit Story [yxQXpP_eDrY]
⏱️ Segmento/Index: 6
🤖 Consenso de IA: NT (Detoxify: 0.03 | Perspective: 0.164)
──────────────────────────────────────────────────
Fala transcrita:
""Ô, da hora o quartão cheio de beliche ó Muitos brinquedos e tudo mais Eu vou escolher essa cama aqui pra mim, pode ser né Se vocês quiserem a gente pode se divertir aqui um pouquinho né Por mais tempo, daí a galera gostou da ideia ó Eu vou ficar com o meu sonubinho aqui, por que não? Acabou Então tá, vamos lá pra cima Eu vou ficar com o meu sonubinho aqui, por que não? Acabou Primeiro socorro, se alguém precisar Se alguém passar mal, é isso Certo Jerry? Com certeza Vou esperar pra ver o que vai acontecer próximo aí pessoal Aí ele falou assim, ok pessoal, eu tô ficando um pouco Cansado aí sobre vocês, daí o Daniel aqui Falou que ele também tá cansado ó Por acaso sua avó já chegou em casa?""",Avaliador_A,Avaliador_B
3,"Meu Deus Tá, eu vou pegar essas duas aqui primeiro então e fazer uma carrinha de terra com pedra Mas a gente tem alguns blocos aqui como diamante, quartzo e obsidiana Eu vou começar a nossa casinha aqui com quartzo e com diamante Vou fazer uma casinha não muito grande galera, porque é só o início Galera, a base inicial da nossa casa tá ficando bem assim, eu só preciso fechar esse teto aqui E ver se eu vou fazer um tetozinho diferente ou se esse quadradinho aqui já está bom E depois de tudo fechado eu tenho esse portão aqui E eu vou colocar esse portão como se fosse a entrada da casa mano Então a gente só coloca aqui e olha só que coisa mais maluca E a gente pode abrir ele bem dessa forma mano E é um portão muito tecnológico, então isso aqui é muito muito pro velho E pra fechar é a mesma coisa galera, eu acho que é a mesma coisa né cadê?",0.074248693883419,0.6020427942276001,0.3237085044384002,NEU,0.0102829132229089,0.0042174980044364,0.0471943505108356,0.0031818046700209,0.025276431813836,0.0023794567678123,0.0022840024903416,0.13908891,Kass e KR,Minecraft,Batalha de construção de BASE SEGURA de NOOB vs PRO no minecraft [k0-ptJjUy3o],,NT,NT,NT,"🎬 Canal: Kass e KR | 🎥 Vídeo: Batalha de construção de BASE SEGURA de NOOB vs PRO no minecraft [k0-ptJjUy3o]
⏱️ Segmento/Index: 3
🤖 Consenso de IA: NT (Detoxify: 0.01 | Perspective: 0.139)
──────────────────────────────────────────────────
Fala transcrita:
""Meu Deus Tá, eu vou pegar essas duas aqui primeiro então e fazer uma carrinha de terra com pedra Mas a gente tem alguns blocos aqui como diamante, quartzo e obsidiana Eu vou começar a nossa casinha aqui com quartzo e com diamante Vou fazer uma casinha não muito grande galera, porque é só o início Galera, a base inicial da nossa casa tá ficando bem assim, eu só preciso fechar esse teto aqui E ver se eu vou fazer um tetozinho diferente ou se esse quadradinho aqui já está bom E depois de tudo fechado eu tenho esse portão aqui E eu vou colocar esse portão como se fosse a entrada da casa mano Então a gente só coloca aqui e olha só que coisa mais maluca E a gente pode abrir ele bem dessa forma mano E é um portão muito tecnológico, então isso aqui é muito muito pro velho E pra fechar é a mesma coisa galera, eu acho que é a mesma coisa né cadê?""",Avaliador_A,Avaliador_B
0,"Nesse vídeo o Minecraft vai ficar muito comprido. Olha como eu fiquei longo! Mobs vão ficar esticados, itens vão ficar compridos e até as estruturas vão ser totalmente esticadas. Até a crafting table vai ficar assim. Nela poderemos fazer a armadura de diamante mais longa do jogo ou até uma picareta muito comprida. Deixa o like e se inscreva antes que o golem esticado te ataque. Fala galera, aqui é o Atus e hoje... Cadris, Cadris, onde você está? Eu vou te amaldiçoar e vou amaldiçoar essa vila também. E ainda vou roubar a ovelha do villager. Como assim me amaldiçoar? O quê? Eu estou mais esticado? E vai amaldiçoar a vila também? Olha o tamanho da casa do villager. O que o Cadris fez? Mas o Cadris falou que ia amaldiçoar a vila também. O que será que ele fez com eles? Olha só o que ele fez com o aldeão. Ele deixou o aldeão comprido. Como o Cadris conseguiu esses poderes? Tem um golem na vila e parece que o golem está atacando os aldeões. Não, para de atacar esses aldeões. Sai, sai, você não vai matar os aldeões.",0.1397451609373092,0.7740139365196228,0.0862408801913261,NEU,0.8398914933204651,0.0081250043585896,0.0966083630919456,0.005515924654901,0.0397935397922992,0.0119672082364559,0.0163725633174181,0.4977744,Athos,Minecraft,Deixei o Minecraft Esticadoooooooooooooooooooooooooooooooooo [AOm7F7Oek0I],,T,T,T,"🎬 Canal: Athos | 🎥 Vídeo: Deixei o Minecraft Esticadoooooooooooooooooooooooooooooooooo [AOm7F7Oek0I]
⏱️ Segmento/Index: 0
🤖 Consenso de IA: T (Detoxify: 0.84 | Perspective: 0.498)
──────────────────────────────────────────────────
Fala transcrita:
""Nesse vídeo o Minecraft vai ficar muito comprido. Olha como eu fiquei longo! Mobs vão ficar esticados, itens vão ficar compridos e até as estruturas vão ser totalmente esticadas. Até a crafting table vai ficar assim. Nela poderemos fazer a armadura de diamante mais longa do jogo ou até uma picareta muito comprida. Deixa o like e se inscreva antes que o golem esticado te ataque. Fala galera, aqui é o Atus e hoje... Cadris, Cadris, onde você está? Eu vou te amaldiçoar e vou amaldiçoar essa vila também. E ainda vou roubar a ovelha do villager. Como assim me amaldiçoar? O quê? Eu estou mais esticado? E vai amaldiçoar a vila também? Olha o tamanho da casa do villager. O que o Cadris fez? Mas o Cadris falou que ia amaldiçoar a vila também. O que será que ele fez com eles? Olha só o que ele fez com o aldeão. Ele deixou o aldeão comprido. Como o Cadris conseguiu esses poderes? Tem um golem na vila e parece que o golem está atacando os aldeões. Não, para de atacar esses aldeões. Sai, sai, você não vai matar os aldeões.""",Avaliador_A,Avaliador_B
6,"Acertei odeão. Calma aí, vou tentar acertar de novo. Ai, de novo odeão. Calma, tô pegando o jeito aqui com a mira. Tô pegando o jeito. Mas a minha flecha vai acabar desse... Ai, acertei odeão de novo. Meu, é horrível a mira, né, pessoal? Vou ser sincero com vocês. Ó, acabei com odeão. A mira não é a das melhores, tá? A mira com certeza não é a das melhores. Vamos lá. Vai, vai cavalinho. Aí, acertei o cavalinho. Bula, derrubou o cavalinho. Agora o Iron Golem, Iron Golem. Vai lá, McFly, metralha ele. Aê, aê. Acho que eu vou pegar a espada, sussinho. Moço, olha que da hora. Tô acertando um monte de flecha nele. Beleza, vou pegar a espada também. Vou pegar a espada. Pera aí, vamos colocar a espada na cabeça. Eu costumei com a flecha, não sei qual é a espada. O McFly acabou já com o Golem. Aê, bastante ferro. Mano, que da hora, velho. Demais, eu tô impressionado com o Luis. Olha aqui, olha aqui, ele sapiou. Tá olhando o quê? Tá olhando o quê, hein? Aê. Dá pra colocar a tocha na cabeça? Será? Eu já não sei, vai ser um teste aleatório. É, a tocha não dá pra colocar na cabeça. Ó, aqui tem outra casinha com pá.",0.6380270719528198,0.3125771880149841,0.0493957176804542,NEG,0.2113002836704254,0.0030034319497644,0.0321941077709198,0.0010439318139106,0.0331842377781868,0.023739106953144,0.0076114968396723,0.2854937,JP Plays,Minecraft,MINECRAFT MAS.. SÓ PODEMOS USAR OS ITENS NA CABEÇA [LmDy_uFVWVY],,GZ,GZ,GZ,"🎬 Canal: JP Plays | 🎥 Vídeo: MINECRAFT MAS.. SÓ PODEMOS USAR OS ITENS NA CABEÇA [LmDy_uFVWVY]
⏱️ Segmento/Index: 6
🤖 Consenso de IA: GZ (Detoxify: 0.211 | Perspective: 0.285)
──────────────────────────────────────────────────
Fala transcrita:
""Acertei odeão. Calma aí, vou tentar acertar de novo. Ai, de novo odeão. Calma, tô pegando o jeito aqui com a mira. Tô pegando o jeito. Mas a minha flecha vai acabar desse... Ai, acertei odeão de novo. Meu, é horrível a mira, né, pessoal? Vou ser sincero com vocês. Ó, acabei com odeão. A mira não é a das melhores, tá? A mira com certeza não é a das melhores. Vamos lá. Vai, vai cavalinho. Aí, acertei o cavalinho. Bula, derrubou o cavalinho. Agora o Iron Golem, Iron Golem. Vai lá, McFly, metralha ele. Aê, aê. Acho que eu vou pegar a espada, sussinho. Moço, olha que da hora. Tô acertando um monte de flecha nele. Beleza, vou pegar a espada também. Vou pegar a espada. Pera aí, vamos colocar a espada na cabeça. Eu costumei com a flecha, não sei qual é a espada. O McFly acabou já com o Golem. Aê, bastante ferro. Mano, que da hora, velho. Demais, eu tô impressionado com o Luis. Olha aqui, olha aqui, ele sapiou. Tá olhando o quê? Tá olhando o quê, hein? Aê. Dá pra colocar a tocha na cabeça? Será? Eu já não sei, vai ser um teste aleatório. É, a tocha não dá pra colocar na cabeça. Ó, aqui tem outra casinha com pá.""",Avaliador_A,Avaliador_B
1,"É melhor você morar junto comigo porque lá você vai estar super protegido, vem! É por aqui. Eu tenho que ir embora, tchau! Eu vou correr, eu vou correr! Não, não! Onde vai? Onde os meus amigos vão? Corre, corre, corre! Tá, tá, tá bom! Tá, beleza. Eu não vou ser devorado por você. Eu nem sei que tipo de monstro você é, eu nunca vi algo parecido antes. Eu sou o PJ Bugapillar. Você não me conhece? Não, eu não conheço e eu preferia continuar sem conhecer. Então quer dizer que essa é a sua casa? Não tem como eu entrar, olha só, um monte de laser na frente. Eu tô indo embora, tá? Tchau, eu vou... Claro que não! O laser serve pra pessoa não escapar da minha casa, entendeu? Eu consigo entrar tranquilamente. Então quer dizer que eu vou ficar preso nessa casa? Não, eu tenho que ir embora, eu vou correr. Tchau, eu vou correr! Pera, pera, pera! Ah não, laser, laser, laser! Ah, ai! Não, tinha que ter ido pro outro lado, agora eu tô aqui dentro!",0.1164963990449905,0.7171064615249634,0.1663971096277237,NEU,0.4365900456905365,0.0018411856144666,0.0531038977205753,0.0011709025129675,0.0884992405772209,0.0176325906068086,0.0022060878109186,0.3625127,JP Plays,Minecraft,Fui ADOTADO pelo CACHORRO LAGARTA PJ PUG-A-PILLAR [e7HnoZ19Gfo],,GZ,GZ,GZ,"🎬 Canal: JP Plays | 🎥 Vídeo: Fui ADOTADO pelo CACHORRO LAGARTA PJ PUG-A-PILLAR [e7HnoZ19Gfo]
⏱️ Segmento/Index: 1
🤖 Consenso de IA: GZ (Detoxify: 0.437 | Perspective: 0.363)
──────────────────────────────────────────────────
Fala transcrita:
""É melhor você morar junto comigo porque lá você vai estar super protegido, vem! É por aqui. Eu tenho que ir embora, tchau! Eu vou correr, eu vou correr! Não, não! Onde vai? Onde os meus amigos vão? Corre, corre, corre! Tá, tá, tá bom! Tá, beleza. Eu não vou ser devorado por você. Eu nem sei que tipo de monstro você é, eu nunca vi algo parecido antes. Eu sou o PJ Bugapillar. Você não me conhece? Não, eu não conheço e eu preferia continuar sem conhecer. Então quer dizer que essa é a sua casa? Não tem como eu entrar, olha só, um monte de laser na frente. Eu tô indo embora, tá? Tchau, eu vou... Claro que não! O laser serve pra pessoa não escapar da minha casa, entendeu? Eu consigo entrar tranquilamente. Então quer dizer que eu vou ficar preso nessa casa? Não, eu tenho que ir embora, eu vou correr. Tchau, eu vou correr! Pera, pera, pera! Ah não, laser, laser, laser! Ah, ai! Não, tinha que ter ido pro outro lado, agora eu tô aqui dentro!""",Avaliador_A,Avaliador_B
9,"Os maiores canais de Minecraft na época, só faziam Minecraft no PC, e no celular não tinha tudo o que o computador tinha, então eu ficava meio limitado, não tinha muita coisa pra gravar. Só que, mesmo jogando apenas no celular, chegamos a 1 milhão, 2 milhões e 3 milhões de inscritos, quando eu decidi mudar, pra começar a jogar no PC, fazer vários vídeos diferentes, começar a aparecer aqui no canal, e foi aí que tudo deu certo, foi aí que o Davi começou a aparecer, o Betão começou a aparecer em todos os vídeos comigo, e aí o canal só foi crescendo mais e mais, sempre com muita diversão, isso é incrível. Chegamos a 10 milhões, 10 milhões, passamos de 3 milhões pra 4 milhões, 5 milhões, e sempre inovando, sempre tentando melhorar, trazer conteúdo diferente aqui pra vocês, e estamos chegando a 11 milhões agora, isso é muito louco, eu tô com medo, eu já tô na minha última vida aqui, se eu morrer eu vou ter que fazer o desafio dos 10 milhões, vai ser na vida real, meu cabelo, o cabelo, o que que vai acontecer com ele?",0.1136131361126899,0.821553111076355,0.0648336932063102,NEU,0.0044152517803013,0.0004120218509342,0.0067362328991293,0.0004747838829644,0.0060335281305015,0.0005977345863357,0.0002490726474206,0.104795754,Robin Hood Gamer,Minecraft,FIZ O CABELO DE GRAMA MINECRAFT NA VIDA REAL CABELO ESPECIAL 10 MILHÕES DE INSCRITOS [uzfP-xrcVUA],,NT,NT,NT,"🎬 Canal: Robin Hood Gamer | 🎥 Vídeo: FIZ O CABELO DE GRAMA MINECRAFT NA VIDA REAL CABELO ESPECIAL 10 MILHÕES DE INSCRITOS [uzfP-xrcVUA]
⏱️ Segmento/Index: 9
🤖 Consenso de IA: NT (Detoxify: 0.004 | Perspective: 0.105)
──────────────────────────────────────────────────
Fala transcrita:
""Os maiores canais de Minecraft na época, só faziam Minecraft no PC, e no celular não tinha tudo o que o computador tinha, então eu ficava meio limitado, não tinha muita coisa pra gravar. Só que, mesmo jogando apenas no celular, chegamos a 1 milhão, 2 milhões e 3 milhões de inscritos, quando eu decidi mudar, pra começar a jogar no PC, fazer vários vídeos diferentes, começar a aparecer aqui no canal, e foi aí que tudo deu certo, foi aí que o Davi começou a aparecer, o Betão começou a aparecer em todos os vídeos comigo, e aí o canal só foi crescendo mais e mais, sempre com muita diversão, isso é incrível. Chegamos a 10 milhões, 10 milhões, passamos de 3 milhões pra 4 milhões, 5 milhões, e sempre inovando, sempre tentando melhorar, trazer conteúdo diferente aqui pra vocês, e estamos chegando a 11 milhões agora, isso é muito louco, eu tô com medo, eu já tô na minha última vida aqui, se eu morrer eu vou ter que fazer o desafio dos 10 milhões, vai ser na vida real, meu cabelo, o cabelo, o que que vai acontecer com ele?""",Avaliador_A,Avaliador_B
4,"Ai meu Deus, que caralho Espera aí Ben, quanto é 9 mais 10? Ele não é bom de matemática, não Não Eu acho que ele só responde perguntas De sim ou não Será, Tommy? Ok, você pode dirigir? Só faz essa cara de mal Você me... Você gosta de mim? Ai meu Deus, você é um gentil Você pode fazer uma travessura? Nossa, você é muito brava, gente Você é secretamente mal? Ai, o que você falou aí? O que tá acontecendo com meu celular? O Tommy falou Lu, eu também não sei Ai, o que pisou no celular do Tommy?",0.7679606676101685,0.1916401237249374,0.0403992645442485,NEG,0.8829725980758667,0.0086158774793148,0.0826143249869346,0.0046294587664306,0.0544165782630443,0.0033926682081073,0.017800061032176,0.55739564,Luluca Games,Roblox,Roblox - A HISTÓRIA DO URSO MALVADO BEN Ben Story Roblox Luluca Games [it71jcF99dY],0.7679603695869446,T,T,T,"🎬 Canal: Luluca Games | 🎥 Vídeo: Roblox - A HISTÓRIA DO URSO MALVADO BEN Ben Story Roblox Luluca Games [it71jcF99dY]
⏱️ Segmento/Index: 4
🤖 Consenso de IA: T (Detoxify: 0.883 | Perspective: 0.557)
──────────────────────────────────────────────────
Fala transcrita:
""Ai meu Deus, que caralho Espera aí Ben, quanto é 9 mais 10? Ele não é bom de matemática, não Não Eu acho que ele só responde perguntas De sim ou não Será, Tommy? Ok, você pode dirigir? Só faz essa cara de mal Você me... Você gosta de mim? Ai meu Deus, você é um gentil Você pode fazer uma travessura? Nossa, você é muito brava, gente Você é secretamente mal? Ai, o que você falou aí? O que tá acontecendo com meu celular? O Tommy falou Lu, eu também não sei Ai, o que pisou no celular do Tommy?""",Avaliador_A,Avaliador_B
10,"preciso matar rápido não, não matei matei, não matei, matei não sei se eu matei opa, alguém tá chegando aqui é, desce morre meu querido o que você tá fazendo aí 28 a 30 vai texil, acelera meu querido matei matei matei, errei, matei 31 a 29 a batalha tá muito boa, mas tá difícil de alcançar ele aqui nossa, eu não acredito tinha 3, se eu matasse aqueles 3 ia ser sucesso mata, mata o texil esse aqui tá com pouca vida tinha que matar todo mundo ali ó aaa boa galera, ele chegou com 33 kills, eu fiquei só com 30 cheguei muito perto deixa eu fazer a dancinha da vitória aqui ó dancinha da quase vitória esse mapa aqui, tô sentindo que vai ser aqui galera vou com o azul de volta, não tá me dando sorte não tá, mas eu vou tentar mesmo assim ó o revolvinho que eu nasci aqui já nossa, tô com um negócio de feitiçaria aqui ó aí, toma, toma aaaaa aaaaa tô com 2 kills opa, ganhei uma aqui, acho que eu ganhei assistência né morrem, morrem, morrem morrem minha querida pra cá, tem alguém aqui? ah, eu tenho que mirar em um, não adianta eu mirar em todos uma vez que não vai dar, tem um amigão voando ó beleza como que você não morre hein?",0.1746153831481933,0.7122809290885925,0.1131037175655365,NEU,0.9250970482826232,0.0092341946437954,0.0257658325135707,0.00464598974213,0.0452422201633453,0.3205519616603851,0.0094217220321297,0.6852916,Tex HS,Roblox,Roblox - O MESTRE DAS ARMAS Arsenal [i4Y7R3eeQyM],,T,T,T,"🎬 Canal: Tex HS | 🎥 Vídeo: Roblox - O MESTRE DAS ARMAS Arsenal [i4Y7R3eeQyM]
⏱️ Segmento/Index: 10
🤖 Consenso de IA: T (Detoxify: 0.925 | Perspective: 0.685)
──────────────────────────────────────────────────
Fala transcrita:
""preciso matar rápido não, não matei matei, não matei, matei não sei se eu matei opa, alguém tá chegando aqui é, desce morre meu querido o que você tá fazendo aí 28 a 30 vai texil, acelera meu querido matei matei matei, errei, matei 31 a 29 a batalha tá muito boa, mas tá difícil de alcançar ele aqui nossa, eu não acredito tinha 3, se eu matasse aqueles 3 ia ser sucesso mata, mata o texil esse aqui tá com pouca vida tinha que matar todo mundo ali ó aaa boa galera, ele chegou com 33 kills, eu fiquei só com 30 cheguei muito perto deixa eu fazer a dancinha da vitória aqui ó dancinha da quase vitória esse mapa aqui, tô sentindo que vai ser aqui galera vou com o azul de volta, não tá me dando sorte não tá, mas eu vou tentar mesmo assim ó o revolvinho que eu nasci aqui já nossa, tô com um negócio de feitiçaria aqui ó aí, toma, toma aaaaa aaaaa tô com 2 kills opa, ganhei uma aqui, acho que eu ganhei assistência né morrem, morrem, morrem morrem minha querida pra cá, tem alguém aqui? ah, eu tenho que mirar em um, não adianta eu mirar em todos uma vez que não vai dar, tem um amigão voando ó beleza como que você não morre hein?""",Avaliador_A,Avaliador_B
2,"Senta mami, senta! Eu não consegui desentrar! Ah, tadinha! Meu Deus, ela tá com problema! Chegou, chegou gente! Olha! Tem que fazer cara de bonzinho! Tem que fazer cara de bonzinho! Oi crianças! Eu sou a mãe! Eu sou a mãe e essa é a mãe! Vocês todos merecem um mar! Nós vamos adotar bem crianças! Uhul! Mami não para de adotar você, você sabe né? É porque eu não tô sentada! É! O mãe vai ter que ficar para trás! Ai meu Deus! Meu Deus! Vamos deixar as crianças decidirem que vai... Ai gente que maldade! As crianças não votam em mim não! Gente, meu Deus! Vamos tirar! Eu vou fazer a minha votação! Minha mãe mandou e eu escolhi a minha escolha! Eu não sei como você tem mais escolha se dá aqui! Gente, ela mandou! Gente! Ela mandou a lista! Meu Deus! Ai não! É o Marisa! Não gente, não faz isso! Mas eu não votei para ela sair! Eu também não votei nela! Eu não votei em ninguém porque eu nem tinha... Ah! E agora? Poxa vida! Vamos cuidar da papelagem! Vamos cuidar da papelagem! Vamos cuidar da papelagem! Vamos cuidar da papelagem! Vamos cuidar da papelagem!",0.0584655590355396,0.2536800503730774,0.6878544688224792,POS,0.2307773679494857,0.0018054026877507,0.0812362059950828,0.0012834137305617,0.0212167035788297,0.0055604935623705,0.0095512131229043,0.2855005,Luluca Games,Roblox,Roblox - FOMOS ADOTADAS POR UMA FAMÍLIA MALVADA Adoption Story  Luluca Games [v8tUZYOKG1s],0.0584657378494739,GZ,GZ,GZ,"🎬 Canal: Luluca Games | 🎥 Vídeo: Roblox - FOMOS ADOTADAS POR UMA FAMÍLIA MALVADA Adoption Story  Luluca Games [v8tUZYOKG1s]
⏱️ Segmento/Index: 2
🤖 Consenso de IA: GZ (Detoxify: 0.231 | Perspective: 0.286)
──────────────────────────────────────────────────
Fala transcrita:
""Senta mami, senta! Eu não consegui desentrar! Ah, tadinha! Meu Deus, ela tá com problema! Chegou, chegou gente! Olha! Tem que fazer cara de bonzinho! Tem que fazer cara de bonzinho! Oi crianças! Eu sou a mãe! Eu sou a mãe e essa é a mãe! Vocês todos merecem um mar! Nós vamos adotar bem crianças! Uhul! Mami não para de adotar você, você sabe né? É porque eu não tô sentada! É! O mãe vai ter que ficar para trás! Ai meu Deus! Meu Deus! Vamos deixar as crianças decidirem que vai... Ai gente que maldade! As crianças não votam em mim não! Gente, meu Deus! Vamos tirar! Eu vou fazer a minha votação! Minha mãe mandou e eu escolhi a minha escolha! Eu não sei como você tem mais escolha se dá aqui! Gente, ela mandou! Gente! Ela mandou a lista! Meu Deus! Ai não! É o Marisa! Não gente, não faz isso! Mas eu não votei para ela sair! Eu também não votei nela! Eu não votei em ninguém porque eu nem tinha... Ah! E agora? Poxa vida! Vamos cuidar da papelagem! Vamos cuidar da papelagem! Vamos cuidar da papelagem! Vamos cuidar da papelagem! Vamos cuidar da papelagem!""",Avaliador_A,Avaliador_B
9,"É o Atinhos, ele tá falando. Da onde que você tá, Atinhos? Eu tô perto da água, vem aqui. Ai, será que ele tá aqui no meio desse mar? Atinhos, você tá aqui no mar? Não, eu não caí no mar, eu tô em um buraco cheio da água. Um buraco cheio da água? Peraí, eu acabei de passar por um e ele ficava bem aqui. Será que o Atinhos tá aqui dentro? Atinhos, cadê você? Você tá aqui esse tempo todo. Se ele salvar, me salva, tá cheio da água. Eu não gosto dela. Ai, tá bom, eu vou te salvar. Até porque só tem 3 segundos, seu pai tá chegando. Quebra! Ufa, consegui pegar você a tempo. Ai, olha, o Atos já tá ligando de novo. Ele deve ter chegado. Deixa eu atender pra falar pra ele que eu tô com o filhinho dele. Aí atendi. Oi, Atos, eu já tô aqui com seu filho. Cadê você? Ah, Cados, eu fiquei com preguiça. Não vou mais aí nos brinquedos, não. Que? Ele não vai vir mais? Eu fiquei igual doido pra conseguir achar o filho dele. Ah, Atinhos, o seu pai é muito chato. Que? Eu não falo assim no meu pai, não. Você vai ver. Ah, o que eu vou ver? Você não pode fazer nada. Eu tô te segurando. Ah, não posso, é? Olha pra cima.",0.2442802488803863,0.7075536251068115,0.0481661520898342,NEU,0.4507781565189361,0.0057492242194712,0.0590710826218128,0.0023999139666557,0.0766095444560051,0.0083373626694083,0.0041019641794264,0.20973456,Cadres,Minecraft,PERDI MEU FILHO BEBÊ NO MINECRAFT [FSjTUb0Jkio],,GZ,GZ,GZ,"🎬 Canal: Cadres | 🎥 Vídeo: PERDI MEU FILHO BEBÊ NO MINECRAFT [FSjTUb0Jkio]
⏱️ Segmento/Index: 9
🤖 Consenso de IA: GZ (Detoxify: 0.451 | Perspective: 0.21)
──────────────────────────────────────────────────
Fala transcrita:
""É o Atinhos, ele tá falando. Da onde que você tá, Atinhos? Eu tô perto da água, vem aqui. Ai, será que ele tá aqui no meio desse mar? Atinhos, você tá aqui no mar? Não, eu não caí no mar, eu tô em um buraco cheio da água. Um buraco cheio da água? Peraí, eu acabei de passar por um e ele ficava bem aqui. Será que o Atinhos tá aqui dentro? Atinhos, cadê você? Você tá aqui esse tempo todo. Se ele salvar, me salva, tá cheio da água. Eu não gosto dela. Ai, tá bom, eu vou te salvar. Até porque só tem 3 segundos, seu pai tá chegando. Quebra! Ufa, consegui pegar você a tempo. Ai, olha, o Atos já tá ligando de novo. Ele deve ter chegado. Deixa eu atender pra falar pra ele que eu tô com o filhinho dele. Aí atendi. Oi, Atos, eu já tô aqui com seu filho. Cadê você? Ah, Cados, eu fiquei com preguiça. Não vou mais aí nos brinquedos, não. Que? Ele não vai vir mais? Eu fiquei igual doido pra conseguir achar o filho dele. Ah, Atinhos, o seu pai é muito chato. Que? Eu não falo assim no meu pai, não. Você vai ver. Ah, o que eu vou ver? Você não pode fazer nada. Eu tô te segurando. Ah, não posso, é? Olha pra cima.""",Avaliador_A,Avaliador_B
17,"Ela tá falando Vamos tentar abrir as caixas Ai Saiu um pássaro Pássaro, menos mal Eu não tenho medo de pássaro Eu tenho medo daquela menina Ele saiu pela janela E eu também quero sair pela janela Ué A tela tá ficando escura Meu telo tá ficando escuro Porque eu não enxergo nada AAAAAAA Eu vou voltar por onde eu vim Mas esse não é o mesmo lugar Isso aqui é um banheiro Eu não quero ficar nesse banheiro Tá piscando a luz Ai, tem alguém ali atrás Ele vai abrir a cortina Ai AAAAAAA É... É um bicho? E... E tá saindo água da privada Desliga Desliga, vai inundar tudo Quem é esse? É... É o nosso amigo É o Bob Oi, Bob Eu vou ficar aqui escondido com você, Bob Fecha essa cortina Ai Eu tô levando dano É... Eu acho que o Bob não era nosso amigo Vamos ver onde isso aqui nos leva É uma biblioteca E eu vou vim... AAAAAAA AAAAAAA AAAAAAAA A menina! A menina tá ali! É ela! Tá ali na minha frente! Que medo! Então é ela Ela que tava falando no telefone Esse tempo todo O que ela tá fazendo com a minha tela? Eu não consigo me mexer Ai Tem vários brinquedos vindo na minha direção Sai SAI SAI DAQUI AAAAAAA Ah Apareceu em outro lugar Você não gostou dos meus amigos?",0.3659643232822418,0.34442138671875,0.2896142601966858,NEG,0.5708693861961365,0.0081704715266823,0.0458554439246654,0.0064852023497223,0.0349697023630142,0.0062004257924854,0.0243900176137685,0.2330714,Athos,Minecraft,tem uma criatura estranha atrás da porta no minecraft MEDO [iN1zfrMn4R8],,GZ,GZ,GZ,"🎬 Canal: Athos | 🎥 Vídeo: tem uma criatura estranha atrás da porta no minecraft MEDO [iN1zfrMn4R8]
⏱️ Segmento/Index: 17
🤖 Consenso de IA: GZ (Detoxify: 0.571 | Perspective: 0.233)
──────────────────────────────────────────────────
Fala transcrita:
""Ela tá falando Vamos tentar abrir as caixas Ai Saiu um pássaro Pássaro, menos mal Eu não tenho medo de pássaro Eu tenho medo daquela menina Ele saiu pela janela E eu também quero sair pela janela Ué A tela tá ficando escura Meu telo tá ficando escuro Porque eu não enxergo nada AAAAAAA Eu vou voltar por onde eu vim Mas esse não é o mesmo lugar Isso aqui é um banheiro Eu não quero ficar nesse banheiro Tá piscando a luz Ai, tem alguém ali atrás Ele vai abrir a cortina Ai AAAAAAA É... É um bicho? E... E tá saindo água da privada Desliga Desliga, vai inundar tudo Quem é esse? É... É o nosso amigo É o Bob Oi, Bob Eu vou ficar aqui escondido com você, Bob Fecha essa cortina Ai Eu tô levando dano É... Eu acho que o Bob não era nosso amigo Vamos ver onde isso aqui nos leva É uma biblioteca E eu vou vim... AAAAAAA AAAAAAA AAAAAAAA A menina! A menina tá ali! É ela! Tá ali na minha frente! Que medo! Então é ela Ela que tava falando no telefone Esse tempo todo O que ela tá fazendo com a minha tela? Eu não consigo me mexer Ai Tem vários brinquedos vindo na minha direção Sai SAI SAI DAQUI AAAAAAA Ah Apareceu em outro lugar Você não gostou dos meus amigos?""",Avaliador_A,Avaliador_B
0,"Você decide a minha boca ou a do litrão Você prefere jogar sefia no ruxador Eita! Meu Dima, vai, vai, vai Sai da frente, marginais, vou pegar meu Dima Calma aí, pessoal, que eu falo com vocês agora aqui é a guerra A guerra de pegar o meu Dimas, que ódio Fica bugado, eu não consigo pegar Antes de não pegar, se por que é melhor que eu pegar 10 reais só Que eu não sei nem o que é 10, né?",0.7427824139595032,0.2084687352180481,0.0487488731741905,NEG,0.5035831928253174,0.0058721709065139,0.0579518936574459,0.0054223071783781,0.0512577854096889,0.0056557529605925,0.0142658250406384,0.25462922,Amy Scarlet,Roblox,Não use o portal do Free Fire [BwSrIqzeJVE],,GZ,GZ,GZ,"🎬 Canal: Amy Scarlet | 🎥 Vídeo: Não use o portal do Free Fire [BwSrIqzeJVE]
⏱️ Segmento/Index: 0
🤖 Consenso de IA: GZ (Detoxify: 0.504 | Perspective: 0.255)
──────────────────────────────────────────────────
Fala transcrita:
""Você decide a minha boca ou a do litrão Você prefere jogar sefia no ruxador Eita! Meu Dima, vai, vai, vai Sai da frente, marginais, vou pegar meu Dima Calma aí, pessoal, que eu falo com vocês agora aqui é a guerra A guerra de pegar o meu Dimas, que ódio Fica bugado, eu não consigo pegar Antes de não pegar, se por que é melhor que eu pegar 10 reais só Que eu não sei nem o que é 10, né?""",Avaliador_A,Avaliador_B
9,"Pera aí, ele ficou pra trás. Beleza, eu tenho que pegar aqueles itens antes que ele veja, porque senão ele vai ver que o Utsu morreu e ele vai vir atrás de mim. Tá, tá. Apesar que ele vai subir aqui ele vai ver que eu escapei também, mas ele não vai saber que o Utsu morreu. Eu tô sem item. Deixa eu jogar tudo isso daqui na lava, tá? Beleza, joguei, joguei. Cadê ele? Deixa eu tirar isso. Ele apareceu. Que isso? Ele apareceu. Eu já vi a lava ali, mano. O que é isso aqui? O Cadres morreu, será? Caiu a lava na cabeça dele, mano. Mas quem jogou lava na cabeça dele? Tá, pera aí, pera aí, que eu tenho que pegar ele pelas costas. Lembro isso aqui, calma. Não é pro Cadres morrer não, veio. Só vai ter o esqueleto dele ali embaixo fritado. Ué, que isso? Quando ele sair dali eu vou nas costas dele e tento pegar ele de surpresa. Tá, cadê ele? Será que ele já desceu? Será que ele tá ali em cima? Vou tentar subir ali. Ué, cara. Não. Ele tá aqui ainda. Ué, o Cadres não tá aqui. Tá, ele tá aqui ainda. Só que eu tô invisível. Deixa eu ver a minha posição se não vai acabar.",0.3150294125080108,0.5968214869499207,0.0881491303443908,NEU,0.3119029402732849,0.0037236826028674,0.0345426648855209,0.0021990332752466,0.0372589640319347,0.0385729558765888,0.0071195750497281,0.30427247,Cadres,Minecraft,Meus Amigos me PRENDERAM na OBSIDIAN então eu fiz VINGANÇA no Minecraft [Wf_G7z2mNYQ],,GZ,GZ,GZ,"🎬 Canal: Cadres | 🎥 Vídeo: Meus Amigos me PRENDERAM na OBSIDIAN então eu fiz VINGANÇA no Minecraft [Wf_G7z2mNYQ]
⏱️ Segmento/Index: 9
🤖 Consenso de IA: GZ (Detoxify: 0.312 | Perspective: 0.304)
──────────────────────────────────────────────────
Fala transcrita:
""Pera aí, ele ficou pra trás. Beleza, eu tenho que pegar aqueles itens antes que ele veja, porque senão ele vai ver que o Utsu morreu e ele vai vir atrás de mim. Tá, tá. Apesar que ele vai subir aqui ele vai ver que eu escapei também, mas ele não vai saber que o Utsu morreu. Eu tô sem item. Deixa eu jogar tudo isso daqui na lava, tá? Beleza, joguei, joguei. Cadê ele? Deixa eu tirar isso. Ele apareceu. Que isso? Ele apareceu. Eu já vi a lava ali, mano. O que é isso aqui? O Cadres morreu, será? Caiu a lava na cabeça dele, mano. Mas quem jogou lava na cabeça dele? Tá, pera aí, pera aí, que eu tenho que pegar ele pelas costas. Lembro isso aqui, calma. Não é pro Cadres morrer não, veio. Só vai ter o esqueleto dele ali embaixo fritado. Ué, que isso? Quando ele sair dali eu vou nas costas dele e tento pegar ele de surpresa. Tá, cadê ele? Será que ele já desceu? Será que ele tá ali em cima? Vou tentar subir ali. Ué, cara. Não. Ele tá aqui ainda. Ué, o Cadres não tá aqui. Tá, ele tá aqui ainda. Só que eu tô invisível. Deixa eu ver a minha posição se não vai acabar.""",Avaliador_A,Avaliador_B
14,"Muito, muito fofo Eu achei muito legal, gente Eu amei, olha aqui Uhul Olha, gente E agora vamos lá de novo aqui, passar a câmera, passar a câmera, passar a câmera Este De novo passar a câmera E aqui é o oso De novo? É Tá bom Escavamos Chegamos os bandinhas Que bonitinhos Muito obrigada, Chloe e a Mofinha A gente amou o seu escape Vamos para o próximo vídeo Vamos para o próximo, Luca Bora lá Esse aqui, gente, eu encontrei com a Luca O criador foi o João Le...",0.0022172788158059,0.0115757174789905,0.9862070083618164,POS,0.00574087863788,0.0041643590666353,0.0378603488206863,0.0050867772661149,0.0332950539886951,0.0014781132340431,0.0014710733667016,0.025320992,Luluca Games,Roblox,Roblox - JOGAMOS MAPAS do ROBLOX CRIADOS por PANDINHAS  Luluca Games [N7T2Mt2cNwc],0.0022172869648784,NT,NT,NT,"🎬 Canal: Luluca Games | 🎥 Vídeo: Roblox - JOGAMOS MAPAS do ROBLOX CRIADOS por PANDINHAS  Luluca Games [N7T2Mt2cNwc]
⏱️ Segmento/Index: 14
🤖 Consenso de IA: NT (Detoxify: 0.006 | Perspective: 0.025)
──────────────────────────────────────────────────
Fala transcrita:
""Muito, muito fofo Eu achei muito legal, gente Eu amei, olha aqui Uhul Olha, gente E agora vamos lá de novo aqui, passar a câmera, passar a câmera, passar a câmera Este De novo passar a câmera E aqui é o oso De novo? É Tá bom Escavamos Chegamos os bandinhas Que bonitinhos Muito obrigada, Chloe e a Mofinha A gente amou o seu escape Vamos para o próximo vídeo Vamos para o próximo, Luca Bora lá Esse aqui, gente, eu encontrei com a Luca O criador foi o João Le...""",Avaliador_A,Avaliador_B
0,"Nossa, Iago! Não acho, mano! Não acho, velho! Impossível! Impossível achar isso aqui, mano. Iagão, o craft tem bom não, Iagão. Impossível, mano. Eu não acho! Eu não acho! Esse cara eu jogo muito, família! O mano autêntico joga demais, Iagão! Pega, pega esse continho, Iagão. Fala, galera! Mais um vídeo aqui do canal... Não, tem Steam Games e dessas aqui, pessoal, trazendo pra vocês. Mais um vídeo de sconch, sconch, sconch face junto com o Iago, ó! Ô, tudo bom! Fala como é que cês tão. Fala, Iagão! Fala, potrão! Ô, vai aqui, ó! Ó, ó, ó! Tomperra, ó. Tomperra, ó. Fala, coé! E aí, galera! Olha o que tá aqui, mano! Isso, isso. Tão do troncho. Morri. Fala aí, galera! Tô aqui, ó, o negócio aqui. Pô, pessoal!",0.2497402131557464,0.5662745237350464,0.1839852482080459,NEU,0.2046519815921783,0.000956047035288,0.0135262040421366,0.0008061082335188,0.0314380563795566,0.0166906099766492,0.0029286833014339,0.37576625,AuthenticGames,Minecraft,DISFARCE de FORNALHA 5 FACECAMS - Minecraft Esconde-Esconde EP.04 [IPqijigvxJM],,GZ,GZ,GZ,"🎬 Canal: AuthenticGames | 🎥 Vídeo: DISFARCE de FORNALHA 5 FACECAMS - Minecraft Esconde-Esconde EP.04 [IPqijigvxJM]
⏱️ Segmento/Index: 0
🤖 Consenso de IA: GZ (Detoxify: 0.205 | Perspective: 0.376)
──────────────────────────────────────────────────
Fala transcrita:
""Nossa, Iago! Não acho, mano! Não acho, velho! Impossível! Impossível achar isso aqui, mano. Iagão, o craft tem bom não, Iagão. Impossível, mano. Eu não acho! Eu não acho! Esse cara eu jogo muito, família! O mano autêntico joga demais, Iagão! Pega, pega esse continho, Iagão. Fala, galera! Mais um vídeo aqui do canal... Não, tem Steam Games e dessas aqui, pessoal, trazendo pra vocês. Mais um vídeo de sconch, sconch, sconch face junto com o Iago, ó! Ô, tudo bom! Fala como é que cês tão. Fala, Iagão! Fala, potrão! Ô, vai aqui, ó! Ó, ó, ó! Tomperra, ó. Tomperra, ó. Fala, coé! E aí, galera! Olha o que tá aqui, mano! Isso, isso. Tão do troncho. Morri. Fala aí, galera! Tô aqui, ó, o negócio aqui. Pô, pessoal!""",Avaliador_A,Avaliador_B
3,"Agora vai fazer kabum! Kabum! Que maluquice, né, gente? Que maluquice. A Niki mostrou a faquinha! Ô Niki, você mostrou a faquinha, Niki? Sim! É a Niki! Ai, ai! Ô Niki, não pode pegar a gente com a faquinha, não, Niki, não pode, não! Ai, ai, ai, ai! A Niki é traidora! Se a Niki chegar perto da gente, ela vai pegar a gente com a faquinha. Sim, vai pegar! Mas a gente não vai deixar! Não vou deixar não, Niki! Não! Sim, eu vou pegar todo mundo! A Bandinha, a Mandinha, vem cá, vem cá, Mandinha. Oi, oi, oi! Se a Niki aparecer, você pega o seu sapo e joga nela! Ela vai assustada, volta, volta! Eu tô colocando várias armadilhas. Ah, não! O quê? Você tá colocando uma armadilha, Niki? Sim! Ô Niki, eu não gostei, não!",0.9527850151062012,0.0389199927449226,0.0082950331270694,NEG,0.6974264979362488,0.0022940167691558,0.0698481425642967,0.0052222111262381,0.109351061284542,0.0108503270894289,0.0027742732781916,0.39231625,Lokis,Roblox,QUEM É O TRAIDOR DO SENHOR BATATA  Roblox - Piggy [V1kDMKk8ar8],,GZ,GZ,GZ,"🎬 Canal: Lokis | 🎥 Vídeo: QUEM É O TRAIDOR DO SENHOR BATATA  Roblox - Piggy [V1kDMKk8ar8]
⏱️ Segmento/Index: 3
🤖 Consenso de IA: GZ (Detoxify: 0.697 | Perspective: 0.392)
──────────────────────────────────────────────────
Fala transcrita:
""Agora vai fazer kabum! Kabum! Que maluquice, né, gente? Que maluquice. A Niki mostrou a faquinha! Ô Niki, você mostrou a faquinha, Niki? Sim! É a Niki! Ai, ai! Ô Niki, não pode pegar a gente com a faquinha, não, Niki, não pode, não! Ai, ai, ai, ai! A Niki é traidora! Se a Niki chegar perto da gente, ela vai pegar a gente com a faquinha. Sim, vai pegar! Mas a gente não vai deixar! Não vou deixar não, Niki! Não! Sim, eu vou pegar todo mundo! A Bandinha, a Mandinha, vem cá, vem cá, Mandinha. Oi, oi, oi! Se a Niki aparecer, você pega o seu sapo e joga nela! Ela vai assustada, volta, volta! Eu tô colocando várias armadilhas. Ah, não! O quê? Você tá colocando uma armadilha, Niki? Sim! Ô Niki, eu não gostei, não!""",Avaliador_A,Avaliador_B
20,o villager louco aaaa alguém me ajuda aaaa eu já to a meia hora correndo de você volta aqui agora eu vou te pegar zumbi,0.5336341857910156,0.3055367171764374,0.1608290821313858,NEG,0.9783201217651368,0.0163132399320602,0.0718995183706283,0.0133976889774203,0.1120026782155036,0.041945744305849,0.0273409858345985,0.44039994,Kass e KR,Minecraft,TROLEI meu amigo fazendo uma PASSAGEM SECRETA no minecraft [sF9V7fo7cr0],,T,T,T,"🎬 Canal: Kass e KR | 🎥 Vídeo: TROLEI meu amigo fazendo uma PASSAGEM SECRETA no minecraft [sF9V7fo7cr0]
⏱️ Segmento/Index: 20
🤖 Consenso de IA: T (Detoxify: 0.978 | Perspective: 0.44)
──────────────────────────────────────────────────
Fala transcrita:
""o villager louco aaaa alguém me ajuda aaaa eu já to a meia hora correndo de você volta aqui agora eu vou te pegar zumbi""",Avaliador_A,Avaliador_B
0,"Ele é feioso! Gente, nasceu outro! Pega! Outro! Abre aí a mãe! A mantinha, você subiu na cabeça dele a mantinha! Subi, mas ele me pegou! Fica na parede! Aaaaaaah! Ai, ele não pega! Não! Viu a mantinha? Não, eu tô vivo a mantinha! Tem três perto e eu tô vivo! Ele pegou! Geeeeeente! Olha! É o menininho cara enrugada! Ai! Ai! Aaaaaaah! Ele é roxo! Ele é roxinho! Vocês viram? Eu vi! Eu vi! Vamos chamar ele de novo? Vamos chamar! Cadê? Eu já vi! Menininho cara enrugada!",0.5221940875053406,0.4186644852161407,0.0591414347290992,NEG,0.9039183259010316,0.0037666766438633,0.067002922296524,0.0028963896911591,0.1221182569861412,0.0066916146315634,0.020657330751419,0.4394682,Lokis,Roblox,CABEÇA ROXA GIGANTE  Roblox - Purple Monster [Xxa91SxNqYY],,T,T,T,"🎬 Canal: Lokis | 🎥 Vídeo: CABEÇA ROXA GIGANTE  Roblox - Purple Monster [Xxa91SxNqYY]
⏱️ Segmento/Index: 0
🤖 Consenso de IA: T (Detoxify: 0.904 | Perspective: 0.439)
──────────────────────────────────────────────────
Fala transcrita:
""Ele é feioso! Gente, nasceu outro! Pega! Outro! Abre aí a mãe! A mantinha, você subiu na cabeça dele a mantinha! Subi, mas ele me pegou! Fica na parede! Aaaaaaah! Ai, ele não pega! Não! Viu a mantinha? Não, eu tô vivo a mantinha! Tem três perto e eu tô vivo! Ele pegou! Geeeeeente! Olha! É o menininho cara enrugada! Ai! Ai! Aaaaaaah! Ele é roxo! Ele é roxinho! Vocês viram? Eu vi! Eu vi! Vamos chamar ele de novo? Vamos chamar! Cadê? Eu já vi! Menininho cara enrugada!""",Avaliador_A,Avaliador_B
1,"Fui eu que fiz o barquinho afundar? Tá fumaça! Fui eu? Tá fumaça! Desculpa, gente, desculpa! Desconcerto! Afeiçam, todos pensaram no chapéu! Tá fundando! Tá fundando o navio e vai ter tutu! Tutu lá embaixo, tutu! O Lox não sabe ser capitão não! Desculpa, eu pensei que sabia ser capitão porque eu coloquei roupinha! O barquinho tá fundando! Tá fundando! Agora tá subindo! Pera! Calma! Eu sei o que eu vou fazer! Eu sei! Eu vou fazer o gato! O gato? O gatinho!",0.3781147599220276,0.5720200538635254,0.049865148961544,NEU,0.0598570741713047,0.0005733643774874,0.0202337708324193,0.0004292125813663,0.0144972223788499,0.0048532932996749,0.0028553144074976,0.17631748,Lokis,Roblox,RESGATE DO BARCO AFUNDANDO  Roblox - Sinking Ships [-F2k1uhX0l8],,NT,NT,NT,"🎬 Canal: Lokis | 🎥 Vídeo: RESGATE DO BARCO AFUNDANDO  Roblox - Sinking Ships [-F2k1uhX0l8]
⏱️ Segmento/Index: 1
🤖 Consenso de IA: NT (Detoxify: 0.06 | Perspective: 0.176)
──────────────────────────────────────────────────
Fala transcrita:
""Fui eu que fiz o barquinho afundar? Tá fumaça! Fui eu? Tá fumaça! Desculpa, gente, desculpa! Desconcerto! Afeiçam, todos pensaram no chapéu! Tá fundando! Tá fundando o navio e vai ter tutu! Tutu lá embaixo, tutu! O Lox não sabe ser capitão não! Desculpa, eu pensei que sabia ser capitão porque eu coloquei roupinha! O barquinho tá fundando! Tá fundando! Agora tá subindo! Pera! Calma! Eu sei o que eu vou fazer! Eu sei! Eu vou fazer o gato! O gato? O gatinho!""",Avaliador_A,Avaliador_B
8,"Mas tá tão diferenciada que parece até uma pessoa assim, ó. Agora o monstro pode vir, que eu tô equipada. Eduarda, olha o tamanho dessa espada, garota. Cadê? O meu tá aqui, Eduarda. Olha, cadê o monstro, fi? Pode, hein? Vou bater em você, fi. Vai, Eduarda, tem um zumbi aí, garota. Mata ele. Espera, calma. Eduarda, você me matou. Pode vir, pode vir. Vai, Eduarda, mata ele, Eduarda. Bate nele, Eduarda. Sai, sai. Meu Deus! Sai daqui. Mata a galinha. Aí a galinha tá te humilhando aí, ó. Bate nela. Meu, meu, minha arma. Que isso? Tu... E aqui, Eduarda? Ah, é? Ah, é? Então vem, então... Vem, vem, vem. Ah, você vai embora! Meu Deus do céu. Você vai embora! Tadinho deles, gente. Eu só vi a fumacinha daqui, hein. Foi sempre sem querer, Edu... Edu... Meu Deus. Nossa, sai daqui. Não! Vem cá, Eduarda. Vem cá. Não se mexe.",0.6290480494499207,0.2678874731063843,0.1030644699931144,NEG,0.8043740391731262,0.0037875513080507,0.0364783592522144,0.0016801992896944,0.0636480078101158,0.3641149401664734,0.0068459236063063,0.4269174,Marcelodrv,Minecraft,Tudo Que Eu Construir no Minecraft eu ganho [v5hb5_07fJM],,T,T,T,"🎬 Canal: Marcelodrv | 🎥 Vídeo: Tudo Que Eu Construir no Minecraft eu ganho [v5hb5_07fJM]
⏱️ Segmento/Index: 8
🤖 Consenso de IA: T (Detoxify: 0.804 | Perspective: 0.427)
──────────────────────────────────────────────────
Fala transcrita:
""Mas tá tão diferenciada que parece até uma pessoa assim, ó. Agora o monstro pode vir, que eu tô equipada. Eduarda, olha o tamanho dessa espada, garota. Cadê? O meu tá aqui, Eduarda. Olha, cadê o monstro, fi? Pode, hein? Vou bater em você, fi. Vai, Eduarda, tem um zumbi aí, garota. Mata ele. Espera, calma. Eduarda, você me matou. Pode vir, pode vir. Vai, Eduarda, mata ele, Eduarda. Bate nele, Eduarda. Sai, sai. Meu Deus! Sai daqui. Mata a galinha. Aí a galinha tá te humilhando aí, ó. Bate nela. Meu, meu, minha arma. Que isso? Tu... E aqui, Eduarda? Ah, é? Ah, é? Então vem, então... Vem, vem, vem. Ah, você vai embora! Meu Deus do céu. Você vai embora! Tadinho deles, gente. Eu só vi a fumacinha daqui, hein. Foi sempre sem querer, Edu... Edu... Meu Deus. Nossa, sai daqui. Não! Vem cá, Eduarda. Vem cá. Não se mexe.""",Avaliador_A,Avaliador_B
4,"Podia ter tentado testar tudo sozinho, mas não. Eu tinha que convidar você. Eu sou um testador de jogos, galera. É isso que eu sou. Ele me contratou para isso. Eu tenho que achar os bugs, por isso que eu tenho que fazer tudo errado de verdade. E depois eu vou andar por online apenas para encontrar a melhor maneira de ser o pior. Você não está fazendo isso! Não no meu jogo! Você maldito pedaço de... Espera. Eu peguei muito pesado com você? Pegou. Talvez você só não sabia o que fazer. Ou um gato pisou no teclado. Ou não tinha soluções boas. Ou foi um acidente. É, coisas acontecem. Eu preciso te punir, ele falou. Não leve para o lado do pessoal, é só que você foi mal. E eu quero te desencorajar a fazer isso de novo. Tá, ele tem que me punir por um erro que eu cometi, né? Para comemorar, tire o da lixeira, é seu. O troféu, o meu troféu, ele me deu. Cheira como o troféu de lixo.",0.6542001366615295,0.3046932518482208,0.0411066487431526,NEG,0.9465914368629456,0.0062237279489636,0.1287995427846908,0.0018415757222101,0.3053279817104339,0.0131084285676479,0.0043804147280752,0.61223894,Tex HS,Roblox,RESPONDENDO AS PERGUNTAS MAIS DIFÍCEIS [5Gldj6yZTIM],,T,T,T,"🎬 Canal: Tex HS | 🎥 Vídeo: RESPONDENDO AS PERGUNTAS MAIS DIFÍCEIS [5Gldj6yZTIM]
⏱️ Segmento/Index: 4
🤖 Consenso de IA: T (Detoxify: 0.947 | Perspective: 0.612)
──────────────────────────────────────────────────
Fala transcrita:
""Podia ter tentado testar tudo sozinho, mas não. Eu tinha que convidar você. Eu sou um testador de jogos, galera. É isso que eu sou. Ele me contratou para isso. Eu tenho que achar os bugs, por isso que eu tenho que fazer tudo errado de verdade. E depois eu vou andar por online apenas para encontrar a melhor maneira de ser o pior. Você não está fazendo isso! Não no meu jogo! Você maldito pedaço de... Espera. Eu peguei muito pesado com você? Pegou. Talvez você só não sabia o que fazer. Ou um gato pisou no teclado. Ou não tinha soluções boas. Ou foi um acidente. É, coisas acontecem. Eu preciso te punir, ele falou. Não leve para o lado do pessoal, é só que você foi mal. E eu quero te desencorajar a fazer isso de novo. Tá, ele tem que me punir por um erro que eu cometi, né? Para comemorar, tire o da lixeira, é seu. O troféu, o meu troféu, ele me deu. Cheira como o troféu de lixo.""",Avaliador_A,Avaliador_B
9,"Porque a gente tava tentando achar uma fortaleza de Piglin. Porém não achamos. Então a gente vai dar início aqui no nosso projeto da sala de baús. Que vai ser subterrâneo aqui. E pra quem não sabe, além daqui da parte de cima, a gente quer fazer uma base subterrânea também. Então vamos dar início. Vai ser bem aqui onde tá os baús. Vai dar um outro aspecto, hein, cara? Porque olha o jeito que tá aqui agora. Não que tá feio, mas vai ficar muito mais... Não, vai ficar muito irado, cara. Não faz interessante. Entrando assim na Terra, eu gosto demais.",0.0680584609508514,0.8463839888572693,0.0855575948953628,NEU,0.026498744264245,0.000876176985912,0.0160865038633346,0.0009039440192282,0.0173648558557033,0.0011753002181649,0.0020621714647859,0.11450345,Marcelodrv,Minecraft,CONSTRUÍMOS NOSSA SALA DE BAÚS SUBTERRÂNEA FICOU LINDA - NOSSO MUNDO 06 [JryHKEe7J54],,NT,NT,NT,"🎬 Canal: Marcelodrv | 🎥 Vídeo: CONSTRUÍMOS NOSSA SALA DE BAÚS SUBTERRÂNEA FICOU LINDA - NOSSO MUNDO 06 [JryHKEe7J54]
⏱️ Segmento/Index: 9
🤖 Consenso de IA: NT (Detoxify: 0.026 | Perspective: 0.115)
──────────────────────────────────────────────────
Fala transcrita:
""Porque a gente tava tentando achar uma fortaleza de Piglin. Porém não achamos. Então a gente vai dar início aqui no nosso projeto da sala de baús. Que vai ser subterrâneo aqui. E pra quem não sabe, além daqui da parte de cima, a gente quer fazer uma base subterrânea também. Então vamos dar início. Vai ser bem aqui onde tá os baús. Vai dar um outro aspecto, hein, cara? Porque olha o jeito que tá aqui agora. Não que tá feio, mas vai ficar muito mais... Não, vai ficar muito irado, cara. Não faz interessante. Entrando assim na Terra, eu gosto demais.""",Avaliador_A,Avaliador_B
14,"Sim, sim A mantinha, desce, a mantinha Está na hora do seu papai pegar você para ir embora Vem, desce que eu vou te pegar Pula Pula, vem Dá um pulinho Não, não Eu vou te segurar aqui embaixo, pula logo, vem Põe, caiu Tá louco Aí a mantinha, pode ir para o seu papai, tá bom? Tá bom Você não vai ganhar chocolate porque se comportou mal Ela foi bagunceira, papai Ela ficou fazendo tudo de errado, tá bom? Tá bom Tá bom, tchau Tchau Ufa, ainda bem, ainda bem Já foi quase todo mundo embora Agora está faltando só a Nath embora A Nath Por que você está com essa carinha triste, Nath? Por quê? Douzinho na cabecinha Olha para mim, você está com um douzinho na cabecinha? Cabeçinha? Sim Vem aqui que eu vou ouvir o seu coração, tá bom?",0.4510549008846283,0.4465233087539673,0.1024218425154686,NEG,0.5396879315376282,0.007091021630913,0.0543618761003017,0.0064278771169483,0.047357190400362,0.0053218686953186,0.0142236100509762,0.24603334,Lokis,Roblox,LOKIS CUIDADOR DA CRECHE  Roblox - Brookhaven [FQiYYcelqc4],,GZ,GZ,GZ,"🎬 Canal: Lokis | 🎥 Vídeo: LOKIS CUIDADOR DA CRECHE  Roblox - Brookhaven [FQiYYcelqc4]
⏱️ Segmento/Index: 14
🤖 Consenso de IA: GZ (Detoxify: 0.54 | Perspective: 0.246)
──────────────────────────────────────────────────
Fala transcrita:
""Sim, sim A mantinha, desce, a mantinha Está na hora do seu papai pegar você para ir embora Vem, desce que eu vou te pegar Pula Pula, vem Dá um pulinho Não, não Eu vou te segurar aqui embaixo, pula logo, vem Põe, caiu Tá louco Aí a mantinha, pode ir para o seu papai, tá bom? Tá bom Você não vai ganhar chocolate porque se comportou mal Ela foi bagunceira, papai Ela ficou fazendo tudo de errado, tá bom? Tá bom Tá bom, tchau Tchau Ufa, ainda bem, ainda bem Já foi quase todo mundo embora Agora está faltando só a Nath embora A Nath Por que você está com essa carinha triste, Nath? Por quê? Douzinho na cabecinha Olha para mim, você está com um douzinho na cabecinha? Cabeçinha? Sim Vem aqui que eu vou ouvir o seu coração, tá bom?""",Avaliador_A,Avaliador_B
8,"Meu Deus, vamos para a próxima. Opa, achei. Aqui ó. Beleza, beleza. Mas tem monstro também. Eu acho que acabei te acertando, foi sem querer. Sem problema, eu tô muito forte, mano. Que isso? Pera, o ferro já veio esquentado? Pera, por que eu tô quebrando as coisas tão rápido assim, KR? Eu também não sei. A gente tá com pressa, sai daqui. Por que eu tô com pressa? Que louco, mano. Meu Deus, que maneiro. O que aconteceu? Ai, é isso, socorro. Mano, pera aí, mano, o ferro já tá vindo dropado já. A barrinha. O que que aconteceu? Cara, ele tá caindo nos negócios... Legal, morri. Tô voltando para aí. Mano, tá caindo nos negócios esquisitos do ferro. Será que foi porque... Mano, isso tá muito esquisito. Alguém me ajuda, galera. Meu Deus, mano, que bizarro. Eu tô doido. Calma aí. Mano, mas tá cheio de creeper aqui, que doideira. O que que é isso? Void Fusion. Que louco, mano.",0.3840453922748565,0.456464022397995,0.1594906151294708,NEU,0.5829894542694092,0.0008745610248297,0.028444604948163,0.001538292155601,0.2142733931541443,0.0014149277703836,0.0021926215849816,0.3389984,Kass e KR,Minecraft,TUDO que eu TOCAR vira VOID no Minecraft [UgJMZDRhINQ],,GZ,GZ,GZ,"🎬 Canal: Kass e KR | 🎥 Vídeo: TUDO que eu TOCAR vira VOID no Minecraft [UgJMZDRhINQ]
⏱️ Segmento/Index: 8
🤖 Consenso de IA: GZ (Detoxify: 0.583 | Perspective: 0.339)
──────────────────────────────────────────────────
Fala transcrita:
""Meu Deus, vamos para a próxima. Opa, achei. Aqui ó. Beleza, beleza. Mas tem monstro também. Eu acho que acabei te acertando, foi sem querer. Sem problema, eu tô muito forte, mano. Que isso? Pera, o ferro já veio esquentado? Pera, por que eu tô quebrando as coisas tão rápido assim, KR? Eu também não sei. A gente tá com pressa, sai daqui. Por que eu tô com pressa? Que louco, mano. Meu Deus, que maneiro. O que aconteceu? Ai, é isso, socorro. Mano, pera aí, mano, o ferro já tá vindo dropado já. A barrinha. O que que aconteceu? Cara, ele tá caindo nos negócios... Legal, morri. Tô voltando para aí. Mano, tá caindo nos negócios esquisitos do ferro. Será que foi porque... Mano, isso tá muito esquisito. Alguém me ajuda, galera. Meu Deus, mano, que bizarro. Eu tô doido. Calma aí. Mano, mas tá cheio de creeper aqui, que doideira. O que que é isso? Void Fusion. Que louco, mano.""",Avaliador_A,Avaliador_B
1,"A gente vê é coisa antes da partida começar Mas pelo que eu vi, ela que tava gadeando, mas vamos deixar pra lá, né? Caia, Estael e o bonde todo nesse avião Imagina se ele resolve cair Eu já fiz logo a marcação pra cair em pique, que foi o combinado Só que a gente percebe que ninguém subiu o combinado, né?",0.2125461846590042,0.7236084938049316,0.0638453140854835,NEU,0.0055096610449254,0.0008636740385554,0.0142046203836798,0.0007339976727962,0.0073070242069661,0.001333357184194,0.000820615212433,0.042657252,Amy Scarlet,Roblox,Salinha com Influencers e Seguidores [LudXFCWvr2s],,NT,NT,NT,"🎬 Canal: Amy Scarlet | 🎥 Vídeo: Salinha com Influencers e Seguidores [LudXFCWvr2s]
⏱️ Segmento/Index: 1
🤖 Consenso de IA: NT (Detoxify: 0.006 | Perspective: 0.043)
──────────────────────────────────────────────────
Fala transcrita:
""A gente vê é coisa antes da partida começar Mas pelo que eu vi, ela que tava gadeando, mas vamos deixar pra lá, né? Caia, Estael e o bonde todo nesse avião Imagina se ele resolve cair Eu já fiz logo a marcação pra cair em pique, que foi o combinado Só que a gente percebe que ninguém subiu o combinado, né?""",Avaliador_A,Avaliador_B
3,"E com os pontos eu posso comprar habilidades especiais que vão me fazer destruir essa cidade! Com mais velocidade! E vou causar uma grande destruição, pode apostar! Sai daqui! Toma isso robô nojento! Foi eliminado! A minha vida tá muito baixa, tem muitos robôs pelas ruas, tá na hora de me recuperar! Pra isso, eu tenho que comer alguma coisa, afinal eu tô com fome e a única maneira de recuperar a vida é ficando sem fome! Eu não posso comer os prédios e também não posso comer partes de automóveis! Então eu não tenho outra escolha a não ser devorar todos os pedestres dessa cidade! Eu preciso encontrar mais algumas pessoas, pois eu ainda tô com fome! Mesmo depois de comer um aldeão! Olha aqui mais um aldeão! Toma isso! Vou me esconder agora pra me alimentar! Beleza! E agora eu tenho que esperar a minha vida encher! A minha vida tá muito baixa! Só posso voltar pra cidade depois que ela estiver cheia! Eu não acredito, eu já cheguei no nível 10!",0.9561977386474608,0.0319059155881404,0.0118963392451405,NEG,0.6602462530136108,0.0026841992512345,0.0388885773718357,0.0025318409316241,0.0571034550666809,0.0931896492838859,0.0026355993468314,0.37751234,Robin Hood Gamer,Minecraft,VIREI UM MONSTRO GIGANTE E QUEBREI A CIDADE DO MINECRAFT [TIcJ2R-mZ-0],,GZ,GZ,GZ,"🎬 Canal: Robin Hood Gamer | 🎥 Vídeo: VIREI UM MONSTRO GIGANTE E QUEBREI A CIDADE DO MINECRAFT [TIcJ2R-mZ-0]
⏱️ Segmento/Index: 3
🤖 Consenso de IA: GZ (Detoxify: 0.66 | Perspective: 0.378)
──────────────────────────────────────────────────
Fala transcrita:
""E com os pontos eu posso comprar habilidades especiais que vão me fazer destruir essa cidade! Com mais velocidade! E vou causar uma grande destruição, pode apostar! Sai daqui! Toma isso robô nojento! Foi eliminado! A minha vida tá muito baixa, tem muitos robôs pelas ruas, tá na hora de me recuperar! Pra isso, eu tenho que comer alguma coisa, afinal eu tô com fome e a única maneira de recuperar a vida é ficando sem fome! Eu não posso comer os prédios e também não posso comer partes de automóveis! Então eu não tenho outra escolha a não ser devorar todos os pedestres dessa cidade! Eu preciso encontrar mais algumas pessoas, pois eu ainda tô com fome! Mesmo depois de comer um aldeão! Olha aqui mais um aldeão! Toma isso! Vou me esconder agora pra me alimentar! Beleza! E agora eu tenho que esperar a minha vida encher! A minha vida tá muito baixa! Só posso voltar pra cidade depois que ela estiver cheia! Eu não acredito, eu já cheguei no nível 10!""",Avaliador_A,Avaliador_B
7,"Eu amo esse famoso aqui, é o melhor famoso que eu já vi na minha vida! Pode vir aqui, dá! Deu muito trabalho pra fazer, tá? Porque fiz bloco, bloco, cansei meu braço, tá, ó! Pode apreciar, é o problem, sabe, se tu não entendeu quem é, tá? Marcelo, o que é isso, Marcelo? Minha filha, tu quer que eu desenhe? É o problem, viu, tudo, é famosão! Por que você foi lá e copiou... Ahn, pode falar, começou, vai! A minha construção! Eu, Eduarda! Você é tão falso que nem consegue... Não consegue, não consegue disfarçar! Eu não copiei com a sua de ninguém, não! Eu fiz sozinha, só sozinha! Marcelo, o que a sua voz mudou agora? Tu tá mentindo? Você tá mentindo! Cuidado com essa espada aí, meu Deus! Você tá mentindo! Mas, Eduarda, olha que lindo meu problema, agora eu quero ver o teu! Vem cá, vem então! Vem aqui, vem então! Deixa eu ver... Ah, vem!",0.0082775354385375,0.0343141369521617,0.957408368587494,POS,0.4886898696422577,0.0043127811513841,0.0439000725746154,0.0045810537412762,0.0454043857753276,0.0021180615294724,0.005220818798989,0.30527395,Marcelodrv,Minecraft,Trolei minha AMIGA com MOTO na BATALHA DE CONSTRUÇÃO do MINECRAFT [MvIPXCA0ZNs],,GZ,GZ,GZ,"🎬 Canal: Marcelodrv | 🎥 Vídeo: Trolei minha AMIGA com MOTO na BATALHA DE CONSTRUÇÃO do MINECRAFT [MvIPXCA0ZNs]
⏱️ Segmento/Index: 7
🤖 Consenso de IA: GZ (Detoxify: 0.489 | Perspective: 0.305)
──────────────────────────────────────────────────
Fala transcrita:
""Eu amo esse famoso aqui, é o melhor famoso que eu já vi na minha vida! Pode vir aqui, dá! Deu muito trabalho pra fazer, tá? Porque fiz bloco, bloco, cansei meu braço, tá, ó! Pode apreciar, é o problem, sabe, se tu não entendeu quem é, tá? Marcelo, o que é isso, Marcelo? Minha filha, tu quer que eu desenhe? É o problem, viu, tudo, é famosão! Por que você foi lá e copiou... Ahn, pode falar, começou, vai! A minha construção! Eu, Eduarda! Você é tão falso que nem consegue... Não consegue, não consegue disfarçar! Eu não copiei com a sua de ninguém, não! Eu fiz sozinha, só sozinha! Marcelo, o que a sua voz mudou agora? Tu tá mentindo? Você tá mentindo! Cuidado com essa espada aí, meu Deus! Você tá mentindo! Mas, Eduarda, olha que lindo meu problema, agora eu quero ver o teu! Vem cá, vem então! Vem aqui, vem então! Deixa eu ver... Ah, vem!""",Avaliador_A,Avaliador_B
10,"Eita, quanto monstro, quanto monstro. Nossa, quanto esqueleto, na verdade. Ainda bem que a aranha já foi brigar com o esqueleto ali. A aranha já foi nos ajudar, fez um time com a gente, sem querer mais seis. E agora vamos continuar aqui. E sem deixar que os monstros nos atrapalhem. Rubi, é bom a gente prender alguns esqueletos por aqui, depois vai parar de aparecer estes monstros depois do Halloween. Sim, somente no Halloween que os monstros aparecem com cabeça de abóbora. Depois a gente só consegue isso, a gente jogar a abóbora para eles, eles aceitarem. Já estamos chegando no pântano, fica atento. Se vê um slime, já me avisa que a gente precisa de gosma de slime. Calma aí, Rubi, eu só quero melhorar um pouco essa árvore. É que está uma vergonha que isso. Não, não, não! Sem tempo para isso, sem tempo para isso. A gente pode fazer em qualquer outro horário, mas durante a noite a gente tem que aproveitar, porque é a hora que aparecem os monstros. É, eu explodi aqui uma parte, mas está bom, ninguém liga. Você não explodiu, foi o Creeper, então fica mais atento com eles. Nada de slime aqui! É verdade, Rubi, cadê os slimes?",0.5226916074752808,0.2397285103797912,0.2375798672437667,NEG,0.2282428294420242,0.0005819890648126,0.0402589961886405,0.0005726109957322,0.0878136977553367,0.0035216526594012,0.0011107748141512,0.2855005,Robin Hood Gamer,Minecraft,ARMADILHAS ASSUSTADORAS DE HALLOWEEN MINECRAFT ERA DA REDSTONE 22 [9S5qEe-BswM],,GZ,GZ,GZ,"🎬 Canal: Robin Hood Gamer | 🎥 Vídeo: ARMADILHAS ASSUSTADORAS DE HALLOWEEN MINECRAFT ERA DA REDSTONE 22 [9S5qEe-BswM]
⏱️ Segmento/Index: 10
🤖 Consenso de IA: GZ (Detoxify: 0.228 | Perspective: 0.286)
──────────────────────────────────────────────────
Fala transcrita:
""Eita, quanto monstro, quanto monstro. Nossa, quanto esqueleto, na verdade. Ainda bem que a aranha já foi brigar com o esqueleto ali. A aranha já foi nos ajudar, fez um time com a gente, sem querer mais seis. E agora vamos continuar aqui. E sem deixar que os monstros nos atrapalhem. Rubi, é bom a gente prender alguns esqueletos por aqui, depois vai parar de aparecer estes monstros depois do Halloween. Sim, somente no Halloween que os monstros aparecem com cabeça de abóbora. Depois a gente só consegue isso, a gente jogar a abóbora para eles, eles aceitarem. Já estamos chegando no pântano, fica atento. Se vê um slime, já me avisa que a gente precisa de gosma de slime. Calma aí, Rubi, eu só quero melhorar um pouco essa árvore. É que está uma vergonha que isso. Não, não, não! Sem tempo para isso, sem tempo para isso. A gente pode fazer em qualquer outro horário, mas durante a noite a gente tem que aproveitar, porque é a hora que aparecem os monstros. É, eu explodi aqui uma parte, mas está bom, ninguém liga. Você não explodiu, foi o Creeper, então fica mais atento com eles. Nada de slime aqui! É verdade, Rubi, cadê os slimes?""",Avaliador_A,Avaliador_B
13,"Eu vou apertar o botão. Ah, ela vai matar. Que eu? Que eu o quê? Eu não tava vendo nada. Ah, não vem não. Não, não, não. Sai fora daqui. Sai fora daqui. Sai fora daqui. Não, não, não. Sai daqui. Sai daqui, Cass. Não, não. Sai daqui. Sai daqui, Cass. Eu vou apertar o botão. Sai, sai, sai, sai, sai. Não vem não. Eu vou fazer igual o Rossi aquela vez. Vai acusar por sem nada. Vou falar que você quase me matou. Não vale. Vou falar que você quase me matou. Não vale, não. Não vale. Isso é mentira. Que não vale o quê? Quase me matou mesmo de susto, mas quase me matou. Ah, não vale. Quase te matou de susto. Não é quase te matou no jogo. Mas não queria. Eu é cara doido, rapaz. Eu sei que é você. Eu sei que é você. E é o quê? Sai daí. Tenho certeza que é você. Tenho certeza que sou o quê? Sai daí, Cass. Vou apertar o botão. Quem apertar o botão? Vai tirar o inocente à toa. Não vou tirar o inocente nenhum. Já estamos com seis pessoas. Ah, galera, tá quase me matando aqui.",0.8404846787452698,0.1366093158721923,0.0229059308767318,NEG,0.9410893321037292,0.0134847955778241,0.0429780334234237,0.0046652378514409,0.0790654048323631,0.0923031345009803,0.0138381225988268,0.45761138,Kass e KR,Minecraft,TODO MUNDO VIROU VILLAGER NO AMONG US [0DeuA7JDAT8],,T,T,T,"🎬 Canal: Kass e KR | 🎥 Vídeo: TODO MUNDO VIROU VILLAGER NO AMONG US [0DeuA7JDAT8]
⏱️ Segmento/Index: 13
🤖 Consenso de IA: T (Detoxify: 0.941 | Perspective: 0.458)
──────────────────────────────────────────────────
Fala transcrita:
""Eu vou apertar o botão. Ah, ela vai matar. Que eu? Que eu o quê? Eu não tava vendo nada. Ah, não vem não. Não, não, não. Sai fora daqui. Sai fora daqui. Sai fora daqui. Não, não, não. Sai daqui. Sai daqui, Cass. Não, não. Sai daqui. Sai daqui, Cass. Eu vou apertar o botão. Sai, sai, sai, sai, sai. Não vem não. Eu vou fazer igual o Rossi aquela vez. Vai acusar por sem nada. Vou falar que você quase me matou. Não vale. Vou falar que você quase me matou. Não vale, não. Não vale. Isso é mentira. Que não vale o quê? Quase me matou mesmo de susto, mas quase me matou. Ah, não vale. Quase te matou de susto. Não é quase te matou no jogo. Mas não queria. Eu é cara doido, rapaz. Eu sei que é você. Eu sei que é você. E é o quê? Sai daí. Tenho certeza que é você. Tenho certeza que sou o quê? Sai daí, Cass. Vou apertar o botão. Quem apertar o botão? Vai tirar o inocente à toa. Não vou tirar o inocente nenhum. Já estamos com seis pessoas. Ah, galera, tá quase me matando aqui.""",Avaliador_A,Avaliador_B
7,Ele é liquidificador! Não! Ele é liquidificador! Não! Ele é liquidificador! Agora ninguém sabe quem sou eu! Eu tô dispassassada! Você é errado! Você é quem? Ninguém vai saber quem sou eu! Ninguém vai saber quem sou eu! Oi Loxy! Não sou eu não! Só que você é o que é! Eu não sou o Loxy não! Olha gente veio um menininho aqui! Uma menininha! Olha! Oi! Oi! É o Karol! Ele veio de outra dimensão! Ela veio de outra dimensão! É o Karol! É porque o elevador dela quebrou! Ele veio pra cá! Ai! Ele veio aqui! Outra dimensão! Olha! São os noobs dançarinos! Dá oi pra ele gente!,0.2418680042028427,0.734980046749115,0.0231519099324941,NEU,0.2115212976932525,0.0017440476221963,0.0283341854810714,0.0063360417261719,0.0329824574291706,0.0015445402823388,0.0058360779657959,0.3302291,Lokis,Roblox,100 NOOBS DANÇANDO NO ELEVADOR  Roblox - BIG Noob Elevator [ZsGB73IzxwE],,GZ,GZ,GZ,"🎬 Canal: Lokis | 🎥 Vídeo: 100 NOOBS DANÇANDO NO ELEVADOR  Roblox - BIG Noob Elevator [ZsGB73IzxwE]
⏱️ Segmento/Index: 7
🤖 Consenso de IA: GZ (Detoxify: 0.212 | Perspective: 0.33)
──────────────────────────────────────────────────
Fala transcrita:
""Ele é liquidificador! Não! Ele é liquidificador! Não! Ele é liquidificador! Agora ninguém sabe quem sou eu! Eu tô dispassassada! Você é errado! Você é quem? Ninguém vai saber quem sou eu! Ninguém vai saber quem sou eu! Oi Loxy! Não sou eu não! Só que você é o que é! Eu não sou o Loxy não! Olha gente veio um menininho aqui! Uma menininha! Olha! Oi! Oi! É o Karol! Ele veio de outra dimensão! Ela veio de outra dimensão! É o Karol! É porque o elevador dela quebrou! Ele veio pra cá! Ai! Ele veio aqui! Outra dimensão! Olha! São os noobs dançarinos! Dá oi pra ele gente!""",Avaliador_A,Avaliador_B
2,"Assista ao final e vê se a gente vai conseguir sobreviver antes do nosso PC destruir aqui, colapsar, né? Porque, mano, imagina várias ações dessas acontecendo no mundo inteiro, cara. Minecraft já é pesado. Fazendo isso aqui, man, man. É muito louco, velho. Vamos lá, ó. Já tô descendo aqui pra coletar uns ferrinhos, mano. E será que a gente consegue encontrar uma vila? Eu quero ver como que vai ficar o portal do Nether replicado em todas as chunks, cara. Vai ficar muito, muito louco. Ó, deixa eu abrir aqui um espacinho. Dá pra pular aqui? Dá pra pular aqui. Beleza. Agora eu vou fazer uma picreta de pedregulho. Da hora, vou jogar essa de pedra aqui fora. Eu queria ver como que tá ficando o mundo. E também vamos tentar encontrar diamantes, porque deve ser bem facinho, né? É só fazer um túnel em uma chunk e eles replicam pelo mundo inteiro, cara. Isso é muito louco. Ó, deixa eu fazer uma fornalha aqui de verdade. Beleza. Ok, vem cá ferro.",0.3867993354797363,0.4221307635307312,0.1910699009895324,NEU,0.4023507833480835,0.0032714600674808,0.0359973534941673,0.0049443081952631,0.0672177001833915,0.0084226811304688,0.0089774066582322,0.34328604,Geleia,Minecraft,esse mod vai destruir seu computador no minecraft [_BeAPw-Pikk],,GZ,GZ,GZ,"🎬 Canal: Geleia | 🎥 Vídeo: esse mod vai destruir seu computador no minecraft [_BeAPw-Pikk]
⏱️ Segmento/Index: 2
🤖 Consenso de IA: GZ (Detoxify: 0.402 | Perspective: 0.343)
──────────────────────────────────────────────────
Fala transcrita:
""Assista ao final e vê se a gente vai conseguir sobreviver antes do nosso PC destruir aqui, colapsar, né? Porque, mano, imagina várias ações dessas acontecendo no mundo inteiro, cara. Minecraft já é pesado. Fazendo isso aqui, man, man. É muito louco, velho. Vamos lá, ó. Já tô descendo aqui pra coletar uns ferrinhos, mano. E será que a gente consegue encontrar uma vila? Eu quero ver como que vai ficar o portal do Nether replicado em todas as chunks, cara. Vai ficar muito, muito louco. Ó, deixa eu abrir aqui um espacinho. Dá pra pular aqui? Dá pra pular aqui. Beleza. Agora eu vou fazer uma picreta de pedregulho. Da hora, vou jogar essa de pedra aqui fora. Eu queria ver como que tá ficando o mundo. E também vamos tentar encontrar diamantes, porque deve ser bem facinho, né? É só fazer um túnel em uma chunk e eles replicam pelo mundo inteiro, cara. Isso é muito louco. Ó, deixa eu fazer uma fornalha aqui de verdade. Beleza. Ok, vem cá ferro.""",Avaliador_A,Avaliador_B
12,"Eu passei Senão ninguém vai querer chegar perto de você Eu vou te mostrar que querem ficar perto de você Vem cá Vamos ver esse cu, porco, mesmo Vamos ver se alguma coisa muda nada Vem, o Luca Oi, tô indo, moça, você não me conhece, né? Eu conheço, sim, eu sou sua mãe Ah, eu queria que você fosse outra pessoa Vem aqui atrás de mim Por favor, eu vou te provar que não é o que você tá pensando Tá bom, tá bom É... Acho que a galera ainda tava lá em cima do pédio É room Room Oi, galera Oi, galera, tudo bem? Oi, Pikachu Tudo bem? Oi, gente, tudo bom? Eu vou escrever oi Será que vão entender? Oi? Acho que não, né? Oi, já escristeu bom, né, o Luca? Já entrou aí Tô falando que tô dormindo, dormi também Hã?",0.2088808566331863,0.7075785398483276,0.0835405811667442,NEU,0.9353829622268676,0.0164116360247135,0.0786304473876953,0.0078473491594195,0.0550599917769432,0.0045597590506076,0.126175582408905,0.47173777,Luluca Games,Roblox,Roblox - UM DIA MUITO DOIDO NO GACHA LIFE ONLINE  Luluca Games [uHLaSsDEY8Y],0.2088810354471206,T,T,T,"🎬 Canal: Luluca Games | 🎥 Vídeo: Roblox - UM DIA MUITO DOIDO NO GACHA LIFE ONLINE  Luluca Games [uHLaSsDEY8Y]
⏱️ Segmento/Index: 12
🤖 Consenso de IA: T (Detoxify: 0.935 | Perspective: 0.472)
──────────────────────────────────────────────────
Fala transcrita:
""Eu passei Senão ninguém vai querer chegar perto de você Eu vou te mostrar que querem ficar perto de você Vem cá Vamos ver esse cu, porco, mesmo Vamos ver se alguma coisa muda nada Vem, o Luca Oi, tô indo, moça, você não me conhece, né? Eu conheço, sim, eu sou sua mãe Ah, eu queria que você fosse outra pessoa Vem aqui atrás de mim Por favor, eu vou te provar que não é o que você tá pensando Tá bom, tá bom É... Acho que a galera ainda tava lá em cima do pédio É room Room Oi, galera Oi, galera, tudo bem? Oi, Pikachu Tudo bem? Oi, gente, tudo bom? Eu vou escrever oi Será que vão entender? Oi? Acho que não, né? Oi, já escristeu bom, né, o Luca? Já entrou aí Tô falando que tô dormindo, dormi também Hã?""",Avaliador_A,Avaliador_B
2,"Como sempre, da melhor qualidade. O que mais tem nessas casas aqui? E eles fizeram igualzinho como se fosse o mapa do Minecraft, que massa. Esse Minecraft catonado. Dá para arrastar, galera. Dá para jogar no mar, na fornalha, se a gente quiser, né? Só não vai passar na porta, eu acho. Vai passar, passa. Passou. Vamos jogar a fornalha no mar. Quando o villager voltar, ele vai falar assim, cadê aquele franguinho que eu deixei assando? Mas está dando trabalho fazer isso aqui, hein? O que eu vou inventar isso? Cara, essa moita aqui, meu. Ela é muito forte. Olha isso, olha a fornalha. Alguém não vai almoçar um franguinho hoje. O louco! Vocês viram? Nossa. Que da hora, deu uma piquada na água e voltou com tudo, né? Ah, beleza. Então é isso galera. Aqui é como se fosse o mapa do Minecraft, mas é o teardown. Ah, biblioteca, que massa.",0.5138435363769531,0.3659887909889221,0.1201676204800605,NEG,0.228904440999031,0.0033009159378707,0.0376712307333946,0.0048417318612337,0.039141584187746,0.0022512313444167,0.006976862438023,0.32128486,Tex HS,Roblox,O QUE TEM DENTRO DO ZUMBI [aH90spPqc8M],,GZ,GZ,GZ,"🎬 Canal: Tex HS | 🎥 Vídeo: O QUE TEM DENTRO DO ZUMBI [aH90spPqc8M]
⏱️ Segmento/Index: 2
🤖 Consenso de IA: GZ (Detoxify: 0.229 | Perspective: 0.321)
──────────────────────────────────────────────────
Fala transcrita:
""Como sempre, da melhor qualidade. O que mais tem nessas casas aqui? E eles fizeram igualzinho como se fosse o mapa do Minecraft, que massa. Esse Minecraft catonado. Dá para arrastar, galera. Dá para jogar no mar, na fornalha, se a gente quiser, né? Só não vai passar na porta, eu acho. Vai passar, passa. Passou. Vamos jogar a fornalha no mar. Quando o villager voltar, ele vai falar assim, cadê aquele franguinho que eu deixei assando? Mas está dando trabalho fazer isso aqui, hein? O que eu vou inventar isso? Cara, essa moita aqui, meu. Ela é muito forte. Olha isso, olha a fornalha. Alguém não vai almoçar um franguinho hoje. O louco! Vocês viram? Nossa. Que da hora, deu uma piquada na água e voltou com tudo, né? Ah, beleza. Então é isso galera. Aqui é como se fosse o mapa do Minecraft, mas é o teardown. Ah, biblioteca, que massa.""",Avaliador_A,Avaliador_B
22,"Meu Deus, que jogo difícil Beleza, pessoal Então, quando a gente conseguir achar alguma coisa a gente volta Beleza, pessoal Última relíquia Gente, muito difícil Coloquei Tá, e agora? O que que vai acontecer? Tem que achar a saída Tem que achar a saída, mames Ah, você tá de brincadeira Gente, eu não sei onde que é a saída E agora? Oh, oh Oh, não Eu achei que quando colocasse a gente já ia acabar, gente Ó, objetivo Beleza, a gente colocou ali as três relíquias, certo? Certo Beleza, agora tem que achar a saída, mames Ah, que divertido Com uma doida correndo atrás de gente Ah, pessoal, mas ela não dá medo O que deu medo, pessoal, foi aquele moço lá com a mão Aquele dos bração, gente, tava Olha, só dava muito pânico, né, gente? Gente, dava muito pânico aquele bicho, meu Deus Exato Porque ele tinha a mão tão grande Ah A boa Aqui É a saída Por que que eu tô vendo tudo isso? Aonde eu realmente estou?",0.9421402812004088,0.0458960905671119,0.0119635798037052,NEG,0.2051610350608825,0.0057773180305957,0.0475862734019756,0.0044812420383095,0.0343046225607395,0.0021634744480252,0.0135211665183305,0.2820025,Julia MineGirl,Roblox,Roblox - PESADELOS NA CASA NOVA Bewildered [mr-bzXRN9Zo],,GZ,GZ,GZ,"🎬 Canal: Julia MineGirl | 🎥 Vídeo: Roblox - PESADELOS NA CASA NOVA Bewildered [mr-bzXRN9Zo]
⏱️ Segmento/Index: 22
🤖 Consenso de IA: GZ (Detoxify: 0.205 | Perspective: 0.282)
──────────────────────────────────────────────────
Fala transcrita:
""Meu Deus, que jogo difícil Beleza, pessoal Então, quando a gente conseguir achar alguma coisa a gente volta Beleza, pessoal Última relíquia Gente, muito difícil Coloquei Tá, e agora? O que que vai acontecer? Tem que achar a saída Tem que achar a saída, mames Ah, você tá de brincadeira Gente, eu não sei onde que é a saída E agora? Oh, oh Oh, não Eu achei que quando colocasse a gente já ia acabar, gente Ó, objetivo Beleza, a gente colocou ali as três relíquias, certo? Certo Beleza, agora tem que achar a saída, mames Ah, que divertido Com uma doida correndo atrás de gente Ah, pessoal, mas ela não dá medo O que deu medo, pessoal, foi aquele moço lá com a mão Aquele dos bração, gente, tava Olha, só dava muito pânico, né, gente? Gente, dava muito pânico aquele bicho, meu Deus Exato Porque ele tinha a mão tão grande Ah A boa Aqui É a saída Por que que eu tô vendo tudo isso? Aonde eu realmente estou?""",Avaliador_A,Avaliador_B
12,"Calma, Robin, eu tinha conseguido fazer uma cama, só que eu já me perdi dela. Vamos tentar atacar alguma ovelha pra conseguir lan. Ah, Beto, não ataque as ovelhas, não ataque, não ataque. A gente pode estar fazendo uma tesoura e a gente consegue mais lãs. É, agora eu acho que aquela lá já partiu. Mas olha só, tem aqui, tem aqui Robin, pega aí o ferro e pega a lã dessa, porque a minha cama já tá aqui próxima. Ah, você já tem uma cama, isso é ótimo. Ei, eu já tenho duas lãs aqui, eu poderia ter ido matar a ovelha, que eu ia conseguir mais uma lã, o suficiente pra criar uma cama. Mas tudo bem, vou fazer uma tesoura que daí eu já consigo mais de uma lã também. Vai ser importante, a gente tem que se preocupar com os nossos recursos. E cadê essa ovelha? Robin, socorro, a bruxa me envenenou! Eu até tentei utilizar a estratégia do pulo contra ela, eu fui e pulei pra ela pegar fogo. Mas e aí, funcionou? Não deu muito certo. Tá, eu tô chegando, eu tô chegando, eu vou te salvar.",0.1585391461849212,0.7943114638328552,0.0471494197845459,NEU,0.2599652409553528,0.0015739924274384,0.0459920652210712,0.0006792787462472,0.0249273795634508,0.037661001086235,0.0021852403879165,0.23812068,Robin Hood Gamer,Minecraft,Minecraft mas se PULAR você EXPLODE... [Gv6nVxXIUnU],,GZ,GZ,GZ,"🎬 Canal: Robin Hood Gamer | 🎥 Vídeo: Minecraft mas se PULAR você EXPLODE... [Gv6nVxXIUnU]
⏱️ Segmento/Index: 12
🤖 Consenso de IA: GZ (Detoxify: 0.26 | Perspective: 0.238)
──────────────────────────────────────────────────
Fala transcrita:
""Calma, Robin, eu tinha conseguido fazer uma cama, só que eu já me perdi dela. Vamos tentar atacar alguma ovelha pra conseguir lan. Ah, Beto, não ataque as ovelhas, não ataque, não ataque. A gente pode estar fazendo uma tesoura e a gente consegue mais lãs. É, agora eu acho que aquela lá já partiu. Mas olha só, tem aqui, tem aqui Robin, pega aí o ferro e pega a lã dessa, porque a minha cama já tá aqui próxima. Ah, você já tem uma cama, isso é ótimo. Ei, eu já tenho duas lãs aqui, eu poderia ter ido matar a ovelha, que eu ia conseguir mais uma lã, o suficiente pra criar uma cama. Mas tudo bem, vou fazer uma tesoura que daí eu já consigo mais de uma lã também. Vai ser importante, a gente tem que se preocupar com os nossos recursos. E cadê essa ovelha? Robin, socorro, a bruxa me envenenou! Eu até tentei utilizar a estratégia do pulo contra ela, eu fui e pulei pra ela pegar fogo. Mas e aí, funcionou? Não deu muito certo. Tá, eu tô chegando, eu tô chegando, eu vou te salvar.""",Avaliador_A,Avaliador_B
10,da um tiro nesse roxo aqui pega ele foi ele mesmo vai ele fugiu ta carregando é o roxo mano ele vai matar outro cara era pra você ir atrás do roxo e deixar o ciano faz a missão ai ciano ele vai matar outro cara mano faz a sala de reunião e já sai todo mundo perto ai tu já tem um pipoco eu disse nós ganhamos menino fala dele nós terminamos de derrota pra me derrota aqui ah eu fui eu virei hipnologo meu deus ta ai trapinha ultima partidinha agora se cai impostou caiu se cai tripulante caiu vamos ver agora o que nós vamos ser acho que nós estamos com cara nessa de ser tripulante tripulante você hack eu vou veterano veterano você hack o que o hack faz?,0.6942948698997498,0.2177050709724426,0.0880000442266464,NEG,0.8502562642097473,0.0047812634147703,0.0316277258098125,0.0117412023246288,0.0622937567532062,0.3800714612007141,0.0055459863506257,0.55739564,meu nome é david,Roblox,1 DISTRAI E O OUTRO PASSA A FACA   HIPNOLOGO MATOU GERAL NO SUPER SUS  NOVO AMONG US [wyOAtnhpK6A],,T,T,T,"🎬 Canal: meu nome é david | 🎥 Vídeo: 1 DISTRAI E O OUTRO PASSA A FACA   HIPNOLOGO MATOU GERAL NO SUPER SUS  NOVO AMONG US [wyOAtnhpK6A]
⏱️ Segmento/Index: 10
🤖 Consenso de IA: T (Detoxify: 0.85 | Perspective: 0.557)
──────────────────────────────────────────────────
Fala transcrita:
""da um tiro nesse roxo aqui pega ele foi ele mesmo vai ele fugiu ta carregando é o roxo mano ele vai matar outro cara era pra você ir atrás do roxo e deixar o ciano faz a missão ai ciano ele vai matar outro cara mano faz a sala de reunião e já sai todo mundo perto ai tu já tem um pipoco eu disse nós ganhamos menino fala dele nós terminamos de derrota pra me derrota aqui ah eu fui eu virei hipnologo meu deus ta ai trapinha ultima partidinha agora se cai impostou caiu se cai tripulante caiu vamos ver agora o que nós vamos ser acho que nós estamos com cara nessa de ser tripulante tripulante você hack eu vou veterano veterano você hack o que o hack faz?""",Avaliador_A,Avaliador_B
0,"É o... Eduardo. Eu? É... cuidado aí, minha filha. Meu Deus, sai, sai, sai. Oh! É... Eduardo? Meu Deus, olha o... Gente, o cavalo tá bugado pra mim, gente. Que isso, cara? O que você fez? Não, tu não tá entendendo. O cavalo pra mim, ele tá... Eu não sei nem explicar como que ele tá. Não, não é nem o... Tô nem... O cavalo fica parado, mas isso aqui. Isso aqui é um bloco... bloco branco. Novo bloco do Minecraft. Extra branco. Vê-lo de pertinho aí, que fica melhor. Não, não! Gente... Eu tô meio susto, Eduardo. Eu tô meio susto, eu mesmo. E olha, eu que explodi, tá? Ih, gente, cadê o cavalo? Morri! Ai, meu Deus do céu. Acontece, isso acontece. Calma, calma, calma. Antes de começar o vídeo, você deixa o seu like. E claro, tem que se inscrever também. Obviamente. E também compartilha o vídeo para um amigo. Assim você vai ajudar a gente a bater 300 mil inscritos. Valeu! Uhul! Galera, hoje tá eu e a Eduardo aqui. E a gente vai testar o mod do Minecraft, que é o mod Time Mod.",0.6828261613845825,0.257655918598175,0.0595178827643394,NEG,0.2437389343976974,0.0029940968379378,0.0301745533943176,0.0048335003666579,0.0253814831376075,0.0021864583250135,0.0111737204715609,0.3308965,Marcelodrv,Minecraft,MINECRAFT porém podemos CONTROLAR o TEMPO [peFnqbdmtBo],,GZ,GZ,GZ,"🎬 Canal: Marcelodrv | 🎥 Vídeo: MINECRAFT porém podemos CONTROLAR o TEMPO [peFnqbdmtBo]
⏱️ Segmento/Index: 0
🤖 Consenso de IA: GZ (Detoxify: 0.244 | Perspective: 0.331)
──────────────────────────────────────────────────
Fala transcrita:
""É o... Eduardo. Eu? É... cuidado aí, minha filha. Meu Deus, sai, sai, sai. Oh! É... Eduardo? Meu Deus, olha o... Gente, o cavalo tá bugado pra mim, gente. Que isso, cara? O que você fez? Não, tu não tá entendendo. O cavalo pra mim, ele tá... Eu não sei nem explicar como que ele tá. Não, não é nem o... Tô nem... O cavalo fica parado, mas isso aqui. Isso aqui é um bloco... bloco branco. Novo bloco do Minecraft. Extra branco. Vê-lo de pertinho aí, que fica melhor. Não, não! Gente... Eu tô meio susto, Eduardo. Eu tô meio susto, eu mesmo. E olha, eu que explodi, tá? Ih, gente, cadê o cavalo? Morri! Ai, meu Deus do céu. Acontece, isso acontece. Calma, calma, calma. Antes de começar o vídeo, você deixa o seu like. E claro, tem que se inscrever também. Obviamente. E também compartilha o vídeo para um amigo. Assim você vai ajudar a gente a bater 300 mil inscritos. Valeu! Uhul! Galera, hoje tá eu e a Eduardo aqui. E a gente vai testar o mod do Minecraft, que é o mod Time Mod.""",Avaliador_A,Avaliador_B
9,"Dão leve Ai, achamos Vai, minguinha Não, mas... Ai, é isso mesmo Vai, minguinha, vai, minguinha Vai, minguinha Vai, Lulu, volta pra lá, Loh Peraí, vamos voltar E eu sei o código de uma porta É 1-2-2 Eu vi também essa placa A porta Ai, não, não, não, não Vai, foge dela Não pode pegar, minguinha Minguinha, tá com a peça Olha, essa bonequinha é tenebrosa Será que ela pode vir pra cá? Acho que não Acho que ela não pega nesse círculo Vem, vem, vem Não, não pega Vai, minguinha, vem, minguinha Eu vou lá naquela porta Que eu acho que lá é um código Alguma coisa assim, mami 1-2-2, mas que porta, Lulu Cuidado, ela tá vindo do seu lado Eu sei, eu tô vendo Vai, minguinha, leva o negocinho lá Gente, desculpa Eu tô brindada aqui, eu tô muito nervosa Será que a minguinha morreu? Não, porque ninguém viu Ai Ela tá vindo atrás de mim, mami? Não, eu tô vendo ela atrás de você Mas encontre quatro códigos, entendeu?",0.1449782848358154,0.810171365737915,0.0448504202067852,NEU,0.0329544916749,0.0056683947332203,0.0460453033447265,0.0061643831431865,0.0384662970900535,0.0022898274473845,0.0033299790229648,0.15711457,Luluca Games,Roblox,Roblox - VIREI UMA MOMMY MALVADA NO ROBLOX Mommy Survival Horror  Luluca Games [j_laNXuUPbY],0.1449781507253646,NT,NT,NT,"🎬 Canal: Luluca Games | 🎥 Vídeo: Roblox - VIREI UMA MOMMY MALVADA NO ROBLOX Mommy Survival Horror  Luluca Games [j_laNXuUPbY]
⏱️ Segmento/Index: 9
🤖 Consenso de IA: NT (Detoxify: 0.033 | Perspective: 0.157)
──────────────────────────────────────────────────
Fala transcrita:
""Dão leve Ai, achamos Vai, minguinha Não, mas... Ai, é isso mesmo Vai, minguinha, vai, minguinha Vai, minguinha Vai, Lulu, volta pra lá, Loh Peraí, vamos voltar E eu sei o código de uma porta É 1-2-2 Eu vi também essa placa A porta Ai, não, não, não, não Vai, foge dela Não pode pegar, minguinha Minguinha, tá com a peça Olha, essa bonequinha é tenebrosa Será que ela pode vir pra cá? Acho que não Acho que ela não pega nesse círculo Vem, vem, vem Não, não pega Vai, minguinha, vem, minguinha Eu vou lá naquela porta Que eu acho que lá é um código Alguma coisa assim, mami 1-2-2, mas que porta, Lulu Cuidado, ela tá vindo do seu lado Eu sei, eu tô vendo Vai, minguinha, leva o negocinho lá Gente, desculpa Eu tô brindada aqui, eu tô muito nervosa Será que a minguinha morreu? Não, porque ninguém viu Ai Ela tá vindo atrás de mim, mami? Não, eu tô vendo ela atrás de você Mas encontre quatro códigos, entendeu?""",Avaliador_A,Avaliador_B
16,"Mano Que isso, velho Sai, velho Vem cá, Pedro, vem cá, Pedro Aí, galera Vamos lá, mano, vamos lá Vamos lá Vamos lá Vamos lá Ai, velho, o cara tá perguntando o que eu tô fazendo Mas eu tô jogando, mano, desculpa, eu não te dei vácuo Eita, velho, o Pedro... Ah, mano, o meu jogo sumiu, Pedro, velho Não gostei, mano, não gostei Ah, que delícia Ah Oxe Olha o verde fazendo... Você caiu Ó, ó Pera, pera, vamos conversar Ah, que que foi, mano? Vamos conversar, se isso não gosta de sua mão Mano, nossa Ah, o cara me deu dois hits e acabou com a minha vida, velho Pera Jere, eu tô indo pro verde Te encontro lá Que que é, Shears? Tesoura? Nossa, meu Deus, seu...",0.3717344105243683,0.3212175071239471,0.3070480823516845,NEG,0.0838090702891349,0.0018406922463327,0.0248771589249372,0.002038334030658,0.0245209764689207,0.0015344942221418,0.0058150896802544,0.015393426,Geleia,Minecraft,eu coloquei BARREIRA INVISÍVEL no minecraft bedwars... [x5Oq2cHdeLM],,NT,NT,NT,"🎬 Canal: Geleia | 🎥 Vídeo: eu coloquei BARREIRA INVISÍVEL no minecraft bedwars... [x5Oq2cHdeLM]
⏱️ Segmento/Index: 16
🤖 Consenso de IA: NT (Detoxify: 0.084 | Perspective: 0.015)
──────────────────────────────────────────────────
Fala transcrita:
""Mano Que isso, velho Sai, velho Vem cá, Pedro, vem cá, Pedro Aí, galera Vamos lá, mano, vamos lá Vamos lá Vamos lá Vamos lá Ai, velho, o cara tá perguntando o que eu tô fazendo Mas eu tô jogando, mano, desculpa, eu não te dei vácuo Eita, velho, o Pedro... Ah, mano, o meu jogo sumiu, Pedro, velho Não gostei, mano, não gostei Ah, que delícia Ah Oxe Olha o verde fazendo... Você caiu Ó, ó Pera, pera, vamos conversar Ah, que que foi, mano? Vamos conversar, se isso não gosta de sua mão Mano, nossa Ah, o cara me deu dois hits e acabou com a minha vida, velho Pera Jere, eu tô indo pro verde Te encontro lá Que que é, Shears? Tesoura? Nossa, meu Deus, seu...""",Avaliador_A,Avaliador_B
12,"Aí o cachorrinho tá meio bravo comigo Se vocês tem alguma ideia de nome pro cachorrinho, diga aí nos comentários Antes que o cachorrinho me morta Oi Pilatier, eu não sou um convidado nessa casa Eu não tô sendo muito bem recebido Sai Pilatier, toma, matei, matei ele Ah, é assim, é assim vocês vão ficar todos me atacando Então eu tenho outra solução, eu vou comer isso aqui Coma minha posta avançada dos Pilatiers Nossa, e tem três Pilatiers me atacando Ai, ai, ai, ai, ai, corre pra cá Porque vejam o que eu ganhei Eu tenho a torre deles aqui e essa que eu vou comer pra ganhar o maior recompensa Eu preciso correr Vai embora, vai embora Nossa, é muita gente me perseguindo Eles não param de me perseguir e tem zumbis de todos os lados Eu acho que a única opção que eu tenho é ir pro Nether Vamos tentar fazer um portal pro Nether rapidão Pra cá, ai, eles me acertaram, me acertaram Não, não, não, não, não, eu queria tanto completar esse portal, corre Tem uma maçã dourada que eu ganhei, eu posso comer ela pra recuperar um pouco minha vida Ela já me deu mais alguns corações e agora eu completei o portal Vou ligar ele, tem muita gente, tem muita gente me atacando Ai, ai, ai, ai, ai, eu zumbi, pilatiers é todo mundo Aqui, entra no portal, eu consegui, eu cheguei no Nether Agora escapei deles, já vou fazer a boa e comer esse portal Pronto, tá na minha mão o portal, vou só comer ele e... Eu ganhei um tanque de oxigênio Eu já ganhei um foguete e já ganhei um tanque de oxigênio Será que é pra ir pro espaço e comer a terra?",0.391673743724823,0.5292907357215881,0.0790355056524276,NEU,0.6169032454490662,0.0123375467956066,0.0525628365576267,0.0059075141325592,0.0459405146539211,0.0231106560677289,0.0118821365758776,0.3127066,Athos,Minecraft,Minecraft mas pode COMER ESTRUTURAS [vCqN1XrYKps],,GZ,GZ,GZ,"🎬 Canal: Athos | 🎥 Vídeo: Minecraft mas pode COMER ESTRUTURAS [vCqN1XrYKps]
⏱️ Segmento/Index: 12
🤖 Consenso de IA: GZ (Detoxify: 0.617 | Perspective: 0.313)
──────────────────────────────────────────────────
Fala transcrita:
""Aí o cachorrinho tá meio bravo comigo Se vocês tem alguma ideia de nome pro cachorrinho, diga aí nos comentários Antes que o cachorrinho me morta Oi Pilatier, eu não sou um convidado nessa casa Eu não tô sendo muito bem recebido Sai Pilatier, toma, matei, matei ele Ah, é assim, é assim vocês vão ficar todos me atacando Então eu tenho outra solução, eu vou comer isso aqui Coma minha posta avançada dos Pilatiers Nossa, e tem três Pilatiers me atacando Ai, ai, ai, ai, ai, corre pra cá Porque vejam o que eu ganhei Eu tenho a torre deles aqui e essa que eu vou comer pra ganhar o maior recompensa Eu preciso correr Vai embora, vai embora Nossa, é muita gente me perseguindo Eles não param de me perseguir e tem zumbis de todos os lados Eu acho que a única opção que eu tenho é ir pro Nether Vamos tentar fazer um portal pro Nether rapidão Pra cá, ai, eles me acertaram, me acertaram Não, não, não, não, não, eu queria tanto completar esse portal, corre Tem uma maçã dourada que eu ganhei, eu posso comer ela pra recuperar um pouco minha vida Ela já me deu mais alguns corações e agora eu completei o portal Vou ligar ele, tem muita gente, tem muita gente me atacando Ai, ai, ai, ai, ai, eu zumbi, pilatiers é todo mundo Aqui, entra no portal, eu consegui, eu cheguei no Nether Agora escapei deles, já vou fazer a boa e comer esse portal Pronto, tá na minha mão o portal, vou só comer ele e... Eu ganhei um tanque de oxigênio Eu já ganhei um foguete e já ganhei um tanque de oxigênio Será que é pra ir pro espaço e comer a terra?""",Avaliador_A,Avaliador_B
18,"É que eu não sei se vale a pena chegar ali, porque a gente vai coisar os negócios, mano. É uma danada, velho. Eles não vão bater na gente? Ó. Não, bater eles vão, mas não vão dar muito dano. Então, sai... Ah, matei tão de uma vez só. Que? Tá, velho. Aí a gente tem que encontrar todo o ouro deles. Tem coisinha de Netherite aí. Pega aí pra gente, Robin. Exato. Tá, pega essas flechas também. Será que tem arco largo? Calma. Robin, a gente tem que achar todo o ouro desse negócio, velho. Tá bom, certo. Vou fazer isso. Porque a gente precisa de muito ouro pra fazer uma maçã dourada pra cada um. Uou. Larga. É, velho. Ah, eu acho que o Sebastião é aquele que não tem muito ouro, velho. É, pequenininho. Eu só caí de uma altura muito gigantesca e ele me deu dois coraçãozinhos de dano. É, velho. Muito opa esse aqui, mano. As coisas largas são boas. Aqui onde eu moro, o povo fala que quem é sortudo é largo, mano. É mais estranho. É largo. Ah, tu é largo. Ah, não sei o que lá é largo. Quem ganha um sorteio. Aí a gente é largo aqui, ó, pra ver. Ganha o sorteio. Sim.",0.1681350916624069,0.7552040815353394,0.0766608417034149,NEU,0.5697946548461914,0.0032385974191129,0.4091066420078277,0.001290559885092,0.0812204629182815,0.0135388849303126,0.0039728847332298,0.35186127,Geleia,Minecraft,minecraft mas posso criar SUPER FERRAMENTAS ESTICADAS... [sxEw5hsbfpQ],,GZ,GZ,GZ,"🎬 Canal: Geleia | 🎥 Vídeo: minecraft mas posso criar SUPER FERRAMENTAS ESTICADAS... [sxEw5hsbfpQ]
⏱️ Segmento/Index: 18
🤖 Consenso de IA: GZ (Detoxify: 0.57 | Perspective: 0.352)
──────────────────────────────────────────────────
Fala transcrita:
""É que eu não sei se vale a pena chegar ali, porque a gente vai coisar os negócios, mano. É uma danada, velho. Eles não vão bater na gente? Ó. Não, bater eles vão, mas não vão dar muito dano. Então, sai... Ah, matei tão de uma vez só. Que? Tá, velho. Aí a gente tem que encontrar todo o ouro deles. Tem coisinha de Netherite aí. Pega aí pra gente, Robin. Exato. Tá, pega essas flechas também. Será que tem arco largo? Calma. Robin, a gente tem que achar todo o ouro desse negócio, velho. Tá bom, certo. Vou fazer isso. Porque a gente precisa de muito ouro pra fazer uma maçã dourada pra cada um. Uou. Larga. É, velho. Ah, eu acho que o Sebastião é aquele que não tem muito ouro, velho. É, pequenininho. Eu só caí de uma altura muito gigantesca e ele me deu dois coraçãozinhos de dano. É, velho. Muito opa esse aqui, mano. As coisas largas são boas. Aqui onde eu moro, o povo fala que quem é sortudo é largo, mano. É mais estranho. É largo. Ah, tu é largo. Ah, não sei o que lá é largo. Quem ganha um sorteio. Aí a gente é largo aqui, ó, pra ver. Ganha o sorteio. Sim.""",Avaliador_A,Avaliador_B
2,"Sabe o que é mais engraçado? Não. Eu não acredito em você, Marcelo. Ai, Eduarda! Galera, por enquanto, Eduarda, tu tá muito fria, fí. Eu não tô nem te vendo. Tu não tá nem me vendo, então, né? Então tá bom. Não, não tô te vendo. Agora talvez eu esteja te vendo. Calma aí... Tomou um susto aí, fí? Tem uma cabeça aqui do homem aqui, fí. Eduarda, tá muito fácil, garota! Cadê você? Não sei, tô achando um buraco aqui meio escondido aqui que tu não tá aqui, não. Nem a Eduarda sabe onde ela tá, galera. Vocês estão entendendo isso. Isso é muito grave. Tá difícil, hein? Ai, ai... Olha lá a arma de fogo dela, galera. Arma de fogo da Eduarda. Tá esquisito, enarigudo. Ô, não bate nos village não. Eles são legais, Eduarda, não bate nem o village não, pelo amor de Deus. Que isso... E foi, Eduarda, o que tá acontecendo com esse village aí que tu tá olhando? Sei lá, tá rosa, olhando pra minha cara. Ó, ó... Essa cena tá engraçada. Que isso? Tadinho dele, garota. É daqui, hein? Meu Deus, galera, a Eduarda é maluca da cabeça.",0.2174646407365799,0.5234974026679993,0.2590379416942596,NEU,0.2600823044776916,0.0006647728732787,0.0317768901586532,0.0014151582727208,0.0768406391143798,0.0009583932114765,0.0070494650863111,0.25915736,Marcelodrv,Minecraft,Virei AR no Esconde-Esconde para Trapacear [dT4RUQ94V1c],,GZ,GZ,GZ,"🎬 Canal: Marcelodrv | 🎥 Vídeo: Virei AR no Esconde-Esconde para Trapacear [dT4RUQ94V1c]
⏱️ Segmento/Index: 2
🤖 Consenso de IA: GZ (Detoxify: 0.26 | Perspective: 0.259)
──────────────────────────────────────────────────
Fala transcrita:
""Sabe o que é mais engraçado? Não. Eu não acredito em você, Marcelo. Ai, Eduarda! Galera, por enquanto, Eduarda, tu tá muito fria, fí. Eu não tô nem te vendo. Tu não tá nem me vendo, então, né? Então tá bom. Não, não tô te vendo. Agora talvez eu esteja te vendo. Calma aí... Tomou um susto aí, fí? Tem uma cabeça aqui do homem aqui, fí. Eduarda, tá muito fácil, garota! Cadê você? Não sei, tô achando um buraco aqui meio escondido aqui que tu não tá aqui, não. Nem a Eduarda sabe onde ela tá, galera. Vocês estão entendendo isso. Isso é muito grave. Tá difícil, hein? Ai, ai... Olha lá a arma de fogo dela, galera. Arma de fogo da Eduarda. Tá esquisito, enarigudo. Ô, não bate nos village não. Eles são legais, Eduarda, não bate nem o village não, pelo amor de Deus. Que isso... E foi, Eduarda, o que tá acontecendo com esse village aí que tu tá olhando? Sei lá, tá rosa, olhando pra minha cara. Ó, ó... Essa cena tá engraçada. Que isso? Tadinho dele, garota. É daqui, hein? Meu Deus, galera, a Eduarda é maluca da cabeça.""",Avaliador_A,Avaliador_B
4,"Eu tô com dois corações Nossa, só fui por pouco, eu fiquei com meio, coração Ai, agora eu não posso cair nenhuma vez Mas vamos lá, pula, pula Eu acho que eu já tô na metade É só fazer esses últimos pulos Ah, é aqui que começa a prisão e eu acho que eu tenho que começar quebrando essas grades Por que tem um bloco de comando ali? Quebra, quebra, quebra, quebra, quebra Aí quebrou e vamos quebrar esse aqui debaixo também Nossa, só aqui eu já perdi mais tempo que ele vai demorar pra passar o meu Beleza, aqui que é esse bloco de comando Não faço a menor ideia, mas eu apertei Vamos pular pra cá e pra cá Ai, quase que eu... Não, não, cai na lava Eu caí na lava Vamos tudo de novo e agora eu vi que tinha um funil ali em cima Eu podia até pegar o botão daquele funil Eu não precisava quebrar nada Ai, não, não, eu caí na lava de novo Vamos lá, tô bem no final E parece que o Atus morreu e ele vai ter que voltar desde o começo Agora a gente deve estar na frente dele Vamos lá, último pulo, boa E enquanto isso o Atus tá morrendo sem parar Vamos lá, tem um alçapão aqui na frente O que que eu tenho que fazer com esse alçapão? Olha, tem um buraco ali embaixo Mas pera, eu tô com o meu coração, se eu cair ali eu vou morrer Ah, mas eu vou tentar mesmo assim Pula...",0.3379772007465362,0.5883565545082092,0.0736662447452545,NEU,0.3332246243953705,0.0087902154773473,0.0508956313133239,0.0040625408291816,0.0409000180661678,0.0177457462996244,0.0050474470481276,0.24924077,Cadres,Minecraft,Prisão Segura de NOOB Vs PRO no Minecraft [d-t7vowmM58],,GZ,GZ,GZ,"🎬 Canal: Cadres | 🎥 Vídeo: Prisão Segura de NOOB Vs PRO no Minecraft [d-t7vowmM58]
⏱️ Segmento/Index: 4
🤖 Consenso de IA: GZ (Detoxify: 0.333 | Perspective: 0.249)
──────────────────────────────────────────────────
Fala transcrita:
""Eu tô com dois corações Nossa, só fui por pouco, eu fiquei com meio, coração Ai, agora eu não posso cair nenhuma vez Mas vamos lá, pula, pula Eu acho que eu já tô na metade É só fazer esses últimos pulos Ah, é aqui que começa a prisão e eu acho que eu tenho que começar quebrando essas grades Por que tem um bloco de comando ali? Quebra, quebra, quebra, quebra, quebra Aí quebrou e vamos quebrar esse aqui debaixo também Nossa, só aqui eu já perdi mais tempo que ele vai demorar pra passar o meu Beleza, aqui que é esse bloco de comando Não faço a menor ideia, mas eu apertei Vamos pular pra cá e pra cá Ai, quase que eu... Não, não, cai na lava Eu caí na lava Vamos tudo de novo e agora eu vi que tinha um funil ali em cima Eu podia até pegar o botão daquele funil Eu não precisava quebrar nada Ai, não, não, eu caí na lava de novo Vamos lá, tô bem no final E parece que o Atus morreu e ele vai ter que voltar desde o começo Agora a gente deve estar na frente dele Vamos lá, último pulo, boa E enquanto isso o Atus tá morrendo sem parar Vamos lá, tem um alçapão aqui na frente O que que eu tenho que fazer com esse alçapão? Olha, tem um buraco ali embaixo Mas pera, eu tô com o meu coração, se eu cair ali eu vou morrer Ah, mas eu vou tentar mesmo assim Pula...""",Avaliador_A,Avaliador_B
1,"É verdade, e, Geler, o cara é brabo mesmo, mano, o cara corre e faz parkour, não, esse cara que faz tudo, galera É realmente o melhor jogador de Minecraft do mundo Exato, mano, então gente, se você quer ver isso deixa muito like aí embaixo, se inscreve no canal, ativa as notificações e passa no canal do Guizão que tá aí na descrição Então, bora lá, mano Vamos lá, vamos começar o negócio aqui Beleza, Guizão, bora começar aqui, mano, pegando um pouco de madeira, velho, a gente tem que zerar esse jogo aqui Mano, a gente tem que zerar o mais rápido possível e seguinte, mano, daqui a pouco o Dream chega Galera, olha só quem tá logo aqui no mapa, mano, tá o Guizão, o Geleão e o Dream, a qualquer momento ele pode chegar aqui e vai começar a perseguir a gente E, velho, ele é muito... a gente já tentou gravar isso aqui, só que assim, a gente não pode morrer e a gente morreu, então a gente tá aí gravando E é muito difícil, mano Não, e ainda bem que o Dream topou participar, né, velho? É, velho, claro Ó mano, o Geleão, fica ligado aqui, o Nick dele pode aparecer qualquer momento por perto, mano É, velho, vamos fazer o seguinte, eu vou vir aqui, descer aqui no lugar mais baixo e vou fazer uma picareta uns negócios Mano, a gente tem que pelo menos ter algumas coisas antes dele aparecer, mano, um escudo, tá ligado? Porque ele é muito forte, mano, ele é muito forte, ele quebra bloco, ele faz tudo, mano Só que escudo, mano, o cara tem que ter ferro, né, velho, até agora não encontrei nenhum É, não, não, velho, isso é meio difícil, mas relaxa, relaxa Eu gosto de estar fazendo as ferramentas aqui de madeira mesmo, eu sei que odeio madeira, só que esse vídeo vai ter que ser de madeira mesmo, né, bosta?",0.0177876763045787,0.2192105203866958,0.7630017995834351,POS,0.3339667618274688,0.0091080060228705,0.053300991654396,0.006575611885637,0.0492097325623035,0.0052504818886518,0.0141885904595255,0.24924077,Geleia,Minecraft,minecraft mas o DREAM NOS PERSEGUE  Impossível zerar [y8dxpAoj0YE],,GZ,GZ,GZ,"🎬 Canal: Geleia | 🎥 Vídeo: minecraft mas o DREAM NOS PERSEGUE  Impossível zerar [y8dxpAoj0YE]
⏱️ Segmento/Index: 1
🤖 Consenso de IA: GZ (Detoxify: 0.334 | Perspective: 0.249)
──────────────────────────────────────────────────
Fala transcrita:
""É verdade, e, Geler, o cara é brabo mesmo, mano, o cara corre e faz parkour, não, esse cara que faz tudo, galera É realmente o melhor jogador de Minecraft do mundo Exato, mano, então gente, se você quer ver isso deixa muito like aí embaixo, se inscreve no canal, ativa as notificações e passa no canal do Guizão que tá aí na descrição Então, bora lá, mano Vamos lá, vamos começar o negócio aqui Beleza, Guizão, bora começar aqui, mano, pegando um pouco de madeira, velho, a gente tem que zerar esse jogo aqui Mano, a gente tem que zerar o mais rápido possível e seguinte, mano, daqui a pouco o Dream chega Galera, olha só quem tá logo aqui no mapa, mano, tá o Guizão, o Geleão e o Dream, a qualquer momento ele pode chegar aqui e vai começar a perseguir a gente E, velho, ele é muito... a gente já tentou gravar isso aqui, só que assim, a gente não pode morrer e a gente morreu, então a gente tá aí gravando E é muito difícil, mano Não, e ainda bem que o Dream topou participar, né, velho? É, velho, claro Ó mano, o Geleão, fica ligado aqui, o Nick dele pode aparecer qualquer momento por perto, mano É, velho, vamos fazer o seguinte, eu vou vir aqui, descer aqui no lugar mais baixo e vou fazer uma picareta uns negócios Mano, a gente tem que pelo menos ter algumas coisas antes dele aparecer, mano, um escudo, tá ligado? Porque ele é muito forte, mano, ele é muito forte, ele quebra bloco, ele faz tudo, mano Só que escudo, mano, o cara tem que ter ferro, né, velho, até agora não encontrei nenhum É, não, não, velho, isso é meio difícil, mas relaxa, relaxa Eu gosto de estar fazendo as ferramentas aqui de madeira mesmo, eu sei que odeio madeira, só que esse vídeo vai ter que ser de madeira mesmo, né, bosta?""",Avaliador_A,Avaliador_B
6,"Na padinha, eu tenho porra da padinha! Não, não, não! Na padinha, para! Para a padinha! Não, não, não! Para a padinha! Não, não, não! Brrrr! Brrrr! Aaaaaaah! A padinha me jogou! Não, já sei! Eu sei como que passa! Para passar, tem que pegar impulso! Assim! Pá, pá! Não vai, essa hora tudo vai! Turbina! Hummm! Hummm! Hummm! Aaaaaah! Brrrr! Whee! Viu? Turbina! Ah! Uau! Whee! Aaaaaah! Cuidado! Ah não! Agora a gente vai ter que ir de macharrê! Eu vou! Vocês sabem o barulho do carro de macharrê?",0.3014594912528991,0.6154135465621948,0.083126962184906,NEU,0.932659924030304,0.0104639595374464,0.1488506644964218,0.0051338453777134,0.0493760928511619,0.007232517004013,0.06925780326128,0.4269174,Lokis,Roblox,ESTRADINHA DO GIGANTE AMARELO  Roblox [Q8Drd68l0sA],,T,T,T,"🎬 Canal: Lokis | 🎥 Vídeo: ESTRADINHA DO GIGANTE AMARELO  Roblox [Q8Drd68l0sA]
⏱️ Segmento/Index: 6
🤖 Consenso de IA: T (Detoxify: 0.933 | Perspective: 0.427)
──────────────────────────────────────────────────
Fala transcrita:
""Na padinha, eu tenho porra da padinha! Não, não, não! Na padinha, para! Para a padinha! Não, não, não! Para a padinha! Não, não, não! Brrrr! Brrrr! Aaaaaaah! A padinha me jogou! Não, já sei! Eu sei como que passa! Para passar, tem que pegar impulso! Assim! Pá, pá! Não vai, essa hora tudo vai! Turbina! Hummm! Hummm! Hummm! Aaaaaah! Brrrr! Whee! Viu? Turbina! Ah! Uau! Whee! Aaaaaah! Cuidado! Ah não! Agora a gente vai ter que ir de macharrê! Eu vou! Vocês sabem o barulho do carro de macharrê?""",Avaliador_A,Avaliador_B
2,"Cada um pro lado. Sabe o que eu acho? Que a gente não deve fazer as coisas aqui em cima, velho. Vamos, tipo, esperar dar a primeira... vamos pegar muita madeira. Um real. E aí quando der a primeira vez a gente desce e faz tudo lá embaixo, tá ligado? Já peguei a crafting table aqui. Mult, você é muito inteligente, parabéns. Acabou de criar ideia do século. A gente tem que pensar por aqui. Nossa, o Cacá já me falou isso duas vezes hoje. Está vendo, é? É porque hoje está muito inteligente. É igual o Caher, eu falo que o Caher é muito bom em matemática. Olha, 7 segundos, bora, gente. Bora, bora, bora, bora, bora, bora, bora. Vamos, juntos, juntos, juntos, juntos. Só desce, só desce, só desce, só desce. Vai, vai, vai, vai, vai. 2, 3, 0. Vai. Aqui, eu já juntei uma aqui e achei ferro, galera. Já estou tendo ferro. Achei aqui, achei aqui. Ah, dá pra descer mais. Aqui, Boto, aqui. Ah, dá pra descer. Aqui tem ferro aqui, vou ficar aqui. Ravina, ravina, ravina. Já encontrei ouro, velho. Nossa, muito bom. Eu estou vendo o seu nome. Boa, eu estou logo aqui embaixo.",0.1274371296167373,0.5207274556159973,0.3518353700637817,NEU,0.0040227705612778,0.0003512995899654,0.0064755138009786,0.0002078918041661,0.0067340661771595,0.0004254609229974,0.0005071954801678,0.17285149,Kass e KR,Minecraft,MINECRAFT MAS A CADA 1 MINUTO VIRAMOS FANTASMA Part. MultiGirlBR [uflArzdDXPg],,NT,NT,NT,"🎬 Canal: Kass e KR | 🎥 Vídeo: MINECRAFT MAS A CADA 1 MINUTO VIRAMOS FANTASMA Part. MultiGirlBR [uflArzdDXPg]
⏱️ Segmento/Index: 2
🤖 Consenso de IA: NT (Detoxify: 0.004 | Perspective: 0.173)
──────────────────────────────────────────────────
Fala transcrita:
""Cada um pro lado. Sabe o que eu acho? Que a gente não deve fazer as coisas aqui em cima, velho. Vamos, tipo, esperar dar a primeira... vamos pegar muita madeira. Um real. E aí quando der a primeira vez a gente desce e faz tudo lá embaixo, tá ligado? Já peguei a crafting table aqui. Mult, você é muito inteligente, parabéns. Acabou de criar ideia do século. A gente tem que pensar por aqui. Nossa, o Cacá já me falou isso duas vezes hoje. Está vendo, é? É porque hoje está muito inteligente. É igual o Caher, eu falo que o Caher é muito bom em matemática. Olha, 7 segundos, bora, gente. Bora, bora, bora, bora, bora, bora, bora. Vamos, juntos, juntos, juntos, juntos. Só desce, só desce, só desce, só desce. Vai, vai, vai, vai, vai. 2, 3, 0. Vai. Aqui, eu já juntei uma aqui e achei ferro, galera. Já estou tendo ferro. Achei aqui, achei aqui. Ah, dá pra descer mais. Aqui, Boto, aqui. Ah, dá pra descer. Aqui tem ferro aqui, vou ficar aqui. Ravina, ravina, ravina. Já encontrei ouro, velho. Nossa, muito bom. Eu estou vendo o seu nome. Boa, eu estou logo aqui embaixo.""",Avaliador_A,Avaliador_B
44,"Vamos tentar, vamos subir lá pra gente ver se a gente consegue finalizar isso daqui. Ai, mano, eu tô tomando uma coça. Aí galera, conseguimos fazer o nosso telhado! Eba! Mano, tá difícil a nossa situação, hein. Mano, tá muito difícil, cara. O que que é isso, moço? Bom, eu tô passando a fazer o seguinte, como vocês podem ver, faltou esse pedacinho aqui e lá na frente também. E a gente não vai ter bloco vermelho pra preencher essa parte de cima todinha aqui. Então eu acho que eu vou colocar esse bloquinho azul, mano. Não sei, deixa eu quebrar aqui esse pedaço e ver qual que vai ficar mais legal, né. Assim, desse jeito assim, acho que pode ficar bem interessante. Vou fazer isso lá do outro lado também. E alá galera, a casinha do KR até que tá ficando bonitinha, mano. Só que assim, tá uma mistura de cores que eu vou te contar, hein. Que casa esquisita. E agora aqui eu vou pôr uma TV de verdade e um hack de verdade. Olha só o hackzinho bem bonitinho e uma TV que eu vou te contar, hein. Belezinha, belezinha. Olha só isso, mano. Aqui fora eu não vou mexer não, galera. Até que eu gostei. Olha só, tem uma piscininha aqui, mano.",0.6565659046173096,0.3038975894451141,0.0395364314317703,NEG,0.3193581402301788,0.0066249133087694,0.0560935549437999,0.0045110001228749,0.0340796746313571,0.0049951528199017,0.0217587798833847,0.25462922,Kass e KR,Minecraft,100 CONTRUÇÕES de NOOB vs. PRO vs. HACKER em 24 horas no Minecraft [wZa0YUasGy4],,GZ,GZ,GZ,"🎬 Canal: Kass e KR | 🎥 Vídeo: 100 CONTRUÇÕES de NOOB vs. PRO vs. HACKER em 24 horas no Minecraft [wZa0YUasGy4]
⏱️ Segmento/Index: 44
🤖 Consenso de IA: GZ (Detoxify: 0.319 | Perspective: 0.255)
──────────────────────────────────────────────────
Fala transcrita:
""Vamos tentar, vamos subir lá pra gente ver se a gente consegue finalizar isso daqui. Ai, mano, eu tô tomando uma coça. Aí galera, conseguimos fazer o nosso telhado! Eba! Mano, tá difícil a nossa situação, hein. Mano, tá muito difícil, cara. O que que é isso, moço? Bom, eu tô passando a fazer o seguinte, como vocês podem ver, faltou esse pedacinho aqui e lá na frente também. E a gente não vai ter bloco vermelho pra preencher essa parte de cima todinha aqui. Então eu acho que eu vou colocar esse bloquinho azul, mano. Não sei, deixa eu quebrar aqui esse pedaço e ver qual que vai ficar mais legal, né. Assim, desse jeito assim, acho que pode ficar bem interessante. Vou fazer isso lá do outro lado também. E alá galera, a casinha do KR até que tá ficando bonitinha, mano. Só que assim, tá uma mistura de cores que eu vou te contar, hein. Que casa esquisita. E agora aqui eu vou pôr uma TV de verdade e um hack de verdade. Olha só o hackzinho bem bonitinho e uma TV que eu vou te contar, hein. Belezinha, belezinha. Olha só isso, mano. Aqui fora eu não vou mexer não, galera. Até que eu gostei. Olha só, tem uma piscininha aqui, mano.""",Avaliador_A,Avaliador_B
22,"Pra cá, boa Agora aqui, não Você é um Axolot com super poderes, é isso? Ih, beleza, agora é só acabar com ele Vamos lá Só falta acabar com o dragão? Só falta acabar com ele Ah, não, olha, tem mais um ali do outro lado Mas eu não consigo descer da torre, McFly Eu não consigo descer da torre Não consegue, o problema é seu, então assiste de platé Aqui, fecha Eu tô de platé aqui assistindo McFly Tentando derrotar o Ender Dragon O Axolot voador Boa Ai, não, não, o dragão me acertou aqui Olha, o dragão não dá Assim não dá, pessoal, o McFly estragou a gente Falta uma torre, falta uma torre aqui Pronto, agora sim Gente, vocês viram que maluquice é essa, né? O que aconteceu, né? McFly, segundo McFly, ele tá com super poderes chamado Criativo, né, McFly? Será que o McFly conseguiu derrotar o Ender Dragon, pessoal? Olha isso, eu tô cercado aqui por poderes do Ender Dragon Beleza, vamos ver a situação da batalha ali embaixo, pessoal Olha o Axolot perseguindo o Ender Dragon, né?",0.3900502622127533,0.5332589745521545,0.0766907706856727,NEU,0.2151557356119156,0.009288833476603,0.050879992544651,0.0055795866064727,0.0492120943963527,0.0082926647737622,0.0054154358804225,0.2853768,JP Plays,Minecraft,VIDA DE AXOLOTE POR 1 DIA NO MINECRAFT [SdYx2uBeBj0],,GZ,GZ,GZ,"🎬 Canal: JP Plays | 🎥 Vídeo: VIDA DE AXOLOTE POR 1 DIA NO MINECRAFT [SdYx2uBeBj0]
⏱️ Segmento/Index: 22
🤖 Consenso de IA: GZ (Detoxify: 0.215 | Perspective: 0.285)
──────────────────────────────────────────────────
Fala transcrita:
""Pra cá, boa Agora aqui, não Você é um Axolot com super poderes, é isso? Ih, beleza, agora é só acabar com ele Vamos lá Só falta acabar com o dragão? Só falta acabar com ele Ah, não, olha, tem mais um ali do outro lado Mas eu não consigo descer da torre, McFly Eu não consigo descer da torre Não consegue, o problema é seu, então assiste de platé Aqui, fecha Eu tô de platé aqui assistindo McFly Tentando derrotar o Ender Dragon O Axolot voador Boa Ai, não, não, o dragão me acertou aqui Olha, o dragão não dá Assim não dá, pessoal, o McFly estragou a gente Falta uma torre, falta uma torre aqui Pronto, agora sim Gente, vocês viram que maluquice é essa, né? O que aconteceu, né? McFly, segundo McFly, ele tá com super poderes chamado Criativo, né, McFly? Será que o McFly conseguiu derrotar o Ender Dragon, pessoal? Olha isso, eu tô cercado aqui por poderes do Ender Dragon Beleza, vamos ver a situação da batalha ali embaixo, pessoal Olha o Axolot perseguindo o Ender Dragon, né?""",Avaliador_A,Avaliador_B
2,"Estou preparada, gente, vamos ver o que que vai acontecer Então, ó, estamos aqui, ó, tá ativado Mames, então, tá aqui, ó O que você prefere é lutar contra 20 pequenininhos Ravagers Ah, não é aquele... Aquele tipo um búfalo do Minecraft? A gente ainda não viu ele na nossa série, por exemplo É, pessoal Eu acho que é ele E daí aqui, ou é pra lutar contra uma bruxa, se você quer um boss Uma bruxa, ah, eu quero uns pequenininhos Ah, eu também quero uns pequenininhos, gente Não é que está tão difícil, né? Acho que não, né? Acho que não, né, galera? Então, ó, bora lá e vê o que que você tem Tá, gente, tem uma areia Tchututá, tchututá Ah Tchututá Ah Que pequenininho Ah, que bonitinho, só que não, corre Ah, corre Bate, bate, bate Ah, tem que matar, tem que matar, gente, calma Meu Deus, eles são muitos Eles são rápidos, né? Tá, tá, tá, tá, tá, tá Meu Deus Será que eles são grandes, né, no Mine?",0.0582363978028297,0.8844795823097229,0.0572839714586734,NEU,0.7402130365371704,0.004488930106163,0.0426036305725574,0.0022144534159451,0.0672806799411773,0.0832621827721595,0.0081206327304244,0.37751234,Julia MineGirl,Roblox,QUAL VOCÊ PREFERE LUTAR NO MINECRAFT [rjD8XLEM9pQ],,GZ,GZ,GZ,"🎬 Canal: Julia MineGirl | 🎥 Vídeo: QUAL VOCÊ PREFERE LUTAR NO MINECRAFT [rjD8XLEM9pQ]
⏱️ Segmento/Index: 2
🤖 Consenso de IA: GZ (Detoxify: 0.74 | Perspective: 0.378)
──────────────────────────────────────────────────
Fala transcrita:
""Estou preparada, gente, vamos ver o que que vai acontecer Então, ó, estamos aqui, ó, tá ativado Mames, então, tá aqui, ó O que você prefere é lutar contra 20 pequenininhos Ravagers Ah, não é aquele... Aquele tipo um búfalo do Minecraft? A gente ainda não viu ele na nossa série, por exemplo É, pessoal Eu acho que é ele E daí aqui, ou é pra lutar contra uma bruxa, se você quer um boss Uma bruxa, ah, eu quero uns pequenininhos Ah, eu também quero uns pequenininhos, gente Não é que está tão difícil, né? Acho que não, né? Acho que não, né, galera? Então, ó, bora lá e vê o que que você tem Tá, gente, tem uma areia Tchututá, tchututá Ah Tchututá Ah Que pequenininho Ah, que bonitinho, só que não, corre Ah, corre Bate, bate, bate Ah, tem que matar, tem que matar, gente, calma Meu Deus, eles são muitos Eles são rápidos, né? Tá, tá, tá, tá, tá, tá Meu Deus Será que eles são grandes, né, no Mine?""",Avaliador_A,Avaliador_B
21,"Hã? É, armadura contra explosões, no caso. Achei! Achei! Achei, achei, achei! Boa! Acou o spawn point? Muito obrigado por lembrar, Jaleia. Você é um grande amigo, amigo. Eu sou um grande amigo. Além de ser roubado, eu ainda faço a boa. Vamos embora, dragão. Muito obrigado, Jaleia. Por favor, dragão. Por favor, dragão. Morre fazendo favor. Morre nada enquanto eu estou chegando. Cadê, cadê, cadê? Morre nada enquanto eu estou chegando, dragão. É meu, é meu, é meu! É meu! Eu disse! Honesto, honestidade sempre ganha, Robby. Não! Eu vou te matar também. Cadê você? Não vai, não vai. Ah, velho! Botou um hitzinho, eu vi que eu estava na frente dele, você acertou, eu vi você acertando. Ah, que triste. Mano, se você gostou desse vídeo, não esquece de se inscrever no meu canal, se inscreva no Robby também, beijando para o próximo vídeo e tchau, tchau!",0.0662052407860755,0.3391870260238647,0.5946077108383179,POS,0.6331356167793274,0.005049159284681,0.0384415797889232,0.0027400413528084,0.0649517998099327,0.1487635523080825,0.0057472977787256,0.3250515,Geleia,Minecraft,Minecraft se os MOBS dropassem CRIATIVO... [RoTLiVtm-hQ],,GZ,GZ,GZ,"🎬 Canal: Geleia | 🎥 Vídeo: Minecraft se os MOBS dropassem CRIATIVO... [RoTLiVtm-hQ]
⏱️ Segmento/Index: 21
🤖 Consenso de IA: GZ (Detoxify: 0.633 | Perspective: 0.325)
──────────────────────────────────────────────────
Fala transcrita:
""Hã? É, armadura contra explosões, no caso. Achei! Achei! Achei, achei, achei! Boa! Acou o spawn point? Muito obrigado por lembrar, Jaleia. Você é um grande amigo, amigo. Eu sou um grande amigo. Além de ser roubado, eu ainda faço a boa. Vamos embora, dragão. Muito obrigado, Jaleia. Por favor, dragão. Por favor, dragão. Morre fazendo favor. Morre nada enquanto eu estou chegando. Cadê, cadê, cadê? Morre nada enquanto eu estou chegando, dragão. É meu, é meu, é meu! É meu! Eu disse! Honesto, honestidade sempre ganha, Robby. Não! Eu vou te matar também. Cadê você? Não vai, não vai. Ah, velho! Botou um hitzinho, eu vi que eu estava na frente dele, você acertou, eu vi você acertando. Ah, que triste. Mano, se você gostou desse vídeo, não esquece de se inscrever no meu canal, se inscreva no Robby também, beijando para o próximo vídeo e tchau, tchau!""",Avaliador_A,Avaliador_B
9,"Naru, ele quebrou. Eu vou fechar aqui. E agora a gente precisa encontrar o camisa 10. Camisa 10, você está no banheiro. O camisa 10 não está aqui atrás. Ele deve estar mais para frente. Aqui, nessa sala. Camisa 10, que encontrei. Olá, eu vim te trazer lá para o jogo. O time está esperando. Eles querem iniciar a partida. É contra os Pilagers. Papai, papai, eu estava na cabine do piloto. E eu encontrei o camisa 10. Ele está aqui. Você é seu ele. Vamos levar ele para a cabine do piloto. Papai, para falar com o piloto. Não pode entrar na cabine do piloto. É proibido. Mas eu entrei lá. Você entrou? Naru, isso é proibido. Camisa 10, vem comigo aqui. Eu vou te apresentar lá para o piloto. Para o piloto? Quem é que está pilotando esse avião? Não, Naru. Agora sou eu. Isso é uma prisão de Bedrock. Você prendeu ele ali dentro, Naru. Prendi. De onde é que você tinha Bedrock? E agora? Como é que a gente vai tirar ele daqui? Ah, não. Ele deixou o camisa 10 preso aqui dentro. Ele não tem. Ele acabou de quebrar o... O alano de cima do avião. Vai todo mundo cair. Nada importa mais. O camisa 10 está preso aqui dentro.",0.0636891424655914,0.911754548549652,0.024556316435337,NEU,0.0335656590759754,0.0004136132774874,0.0085179330781102,0.0003464330511633,0.0091585079208016,0.0037139584310352,0.001308383885771,0.15048122,Athos,Minecraft,QUEM VENCEU A COPA DO MUNDO DOS MOBS NO MINECRAFT [d01666UsKfU],,NT,NT,NT,"🎬 Canal: Athos | 🎥 Vídeo: QUEM VENCEU A COPA DO MUNDO DOS MOBS NO MINECRAFT [d01666UsKfU]
⏱️ Segmento/Index: 9
🤖 Consenso de IA: NT (Detoxify: 0.034 | Perspective: 0.15)
──────────────────────────────────────────────────
Fala transcrita:
""Naru, ele quebrou. Eu vou fechar aqui. E agora a gente precisa encontrar o camisa 10. Camisa 10, você está no banheiro. O camisa 10 não está aqui atrás. Ele deve estar mais para frente. Aqui, nessa sala. Camisa 10, que encontrei. Olá, eu vim te trazer lá para o jogo. O time está esperando. Eles querem iniciar a partida. É contra os Pilagers. Papai, papai, eu estava na cabine do piloto. E eu encontrei o camisa 10. Ele está aqui. Você é seu ele. Vamos levar ele para a cabine do piloto. Papai, para falar com o piloto. Não pode entrar na cabine do piloto. É proibido. Mas eu entrei lá. Você entrou? Naru, isso é proibido. Camisa 10, vem comigo aqui. Eu vou te apresentar lá para o piloto. Para o piloto? Quem é que está pilotando esse avião? Não, Naru. Agora sou eu. Isso é uma prisão de Bedrock. Você prendeu ele ali dentro, Naru. Prendi. De onde é que você tinha Bedrock? E agora? Como é que a gente vai tirar ele daqui? Ah, não. Ele deixou o camisa 10 preso aqui dentro. Ele não tem. Ele acabou de quebrar o... O alano de cima do avião. Vai todo mundo cair. Nada importa mais. O camisa 10 está preso aqui dentro.""",Avaliador_A,Avaliador_B
2,"Eu tenho muita chance, vamos ver. O Beto foi escolhido pra ser o gigante. Deu ruim. Eu tenho que me esconder. O Beto, ele vai ficar parado por 10 segundos. É o tempo que eu tenho pra ficar escondido. É o tempo que eu tenho pra encontrar o esconderijo. Mas se prepara, se prepara que agora tá na hora. O caminho ninja não tem volta, Robin. Olha aquilo ali. É uma coisa mais assustadora que eu já vi. Eu vou atacar, Robin. Tá vendo isso aqui na minha mão? Isso aqui é conhecido como? Tô querendo isso aqui, Robin. O Beto, isso daí é uma chave, é uma ferramenta. Verdade. Mas Robin, essa não é uma simples ferramenta. O Beto, ele tá muito curioso. Ô meu Deus, eu não consigo eliminar essa pessoa. Pronto, pisei nela. Robin, agora eu preciso eliminar uns três jogadores que estão aqui atrás do dados. Eu tô bem escondido, tô bem tranquilo. Acho que o Beto não vai me encontrar. Beto, você tá muito assustador gigante usando essa roupa, esse óculos.",0.0669483393430709,0.7151265740394592,0.2179250419139862,NEU,0.2284427732229232,0.0038637344259768,0.0303293820470571,0.0021826291922479,0.037563219666481,0.0227205734699964,0.0028405112680047,0.27047762,Robin Hood Gamer,Minecraft,VIREI O SONIC GIGANTE NO ESCONDE-ESCONDE DO ROBLOX Minies Vs Giant [Nj-ruOx29Pw],,GZ,GZ,GZ,"🎬 Canal: Robin Hood Gamer | 🎥 Vídeo: VIREI O SONIC GIGANTE NO ESCONDE-ESCONDE DO ROBLOX Minies Vs Giant [Nj-ruOx29Pw]
⏱️ Segmento/Index: 2
🤖 Consenso de IA: GZ (Detoxify: 0.228 | Perspective: 0.27)
──────────────────────────────────────────────────
Fala transcrita:
""Eu tenho muita chance, vamos ver. O Beto foi escolhido pra ser o gigante. Deu ruim. Eu tenho que me esconder. O Beto, ele vai ficar parado por 10 segundos. É o tempo que eu tenho pra ficar escondido. É o tempo que eu tenho pra encontrar o esconderijo. Mas se prepara, se prepara que agora tá na hora. O caminho ninja não tem volta, Robin. Olha aquilo ali. É uma coisa mais assustadora que eu já vi. Eu vou atacar, Robin. Tá vendo isso aqui na minha mão? Isso aqui é conhecido como? Tô querendo isso aqui, Robin. O Beto, isso daí é uma chave, é uma ferramenta. Verdade. Mas Robin, essa não é uma simples ferramenta. O Beto, ele tá muito curioso. Ô meu Deus, eu não consigo eliminar essa pessoa. Pronto, pisei nela. Robin, agora eu preciso eliminar uns três jogadores que estão aqui atrás do dados. Eu tô bem escondido, tô bem tranquilo. Acho que o Beto não vai me encontrar. Beto, você tá muito assustador gigante usando essa roupa, esse óculos.""",Avaliador_A,Avaliador_B
27,"Aqui, ó, do olho Está meio estranho, né, mas quem decide é o público Aí aqui tem o detalhe que eu estava botando Que é a gravatinha dele Ah, gravata... Eduardo, ficou lindo, Eduardo Só faltou sabe o quê? Obrigada, o quê? Fica bonito, mas, ó, vem cá, Eduardo, vem cá ver o meu O meu, Eduardo, eu não tive muito tempo para terminar, tá? Então ele está um pouco pequeno Mas eu queria fazer ele um pouco maior Olha aí, o Bob Esponja, tá? Não ri, não, por favor, sério, deu um pouquinho de trabalho É, só um pouquinho Mas zelo do céu O que foi, dona? Eu acho que essa é a melhor esquemática que você já usou Por quê? Está bonita? Ah, te peguei, você afirmou Não é esquemática, não Você confirmou Não, não é Você confirmou Eu fiz na mão, ó, aqui, o olho Olha, você confirmou Não, é longe de mim, gente Eu nunca usaria o Adedit Schemática Sou palhaço Mas, Eduardo, quem decide isso aqui é o pessoal que está assistindo, tá? Inclusive, já vão botar óculos do like aqui Se você chegou agora, já deixa o like no vídeo embaixo para ajudar, beleza?",0.1004507765173912,0.5086818337440491,0.3908673524856567,NEU,0.0421952866017818,0.0083919167518615,0.0450521148741245,0.0074716261588037,0.0414074249565601,0.0025459029711782,0.0032367631793022,0.07450261,Marcelodrv,Minecraft,Trollei minha AMIGA na BATALHA DE CONSTRUÇÃO - O FILME 2 [k5xNOqryBkA],,NT,NT,NT,"🎬 Canal: Marcelodrv | 🎥 Vídeo: Trollei minha AMIGA na BATALHA DE CONSTRUÇÃO - O FILME 2 [k5xNOqryBkA]
⏱️ Segmento/Index: 27
🤖 Consenso de IA: NT (Detoxify: 0.042 | Perspective: 0.075)
──────────────────────────────────────────────────
Fala transcrita:
""Aqui, ó, do olho Está meio estranho, né, mas quem decide é o público Aí aqui tem o detalhe que eu estava botando Que é a gravatinha dele Ah, gravata... Eduardo, ficou lindo, Eduardo Só faltou sabe o quê? Obrigada, o quê? Fica bonito, mas, ó, vem cá, Eduardo, vem cá ver o meu O meu, Eduardo, eu não tive muito tempo para terminar, tá? Então ele está um pouco pequeno Mas eu queria fazer ele um pouco maior Olha aí, o Bob Esponja, tá? Não ri, não, por favor, sério, deu um pouquinho de trabalho É, só um pouquinho Mas zelo do céu O que foi, dona? Eu acho que essa é a melhor esquemática que você já usou Por quê? Está bonita? Ah, te peguei, você afirmou Não é esquemática, não Você confirmou Não, não é Você confirmou Eu fiz na mão, ó, aqui, o olho Olha, você confirmou Não, é longe de mim, gente Eu nunca usaria o Adedit Schemática Sou palhaço Mas, Eduardo, quem decide isso aqui é o pessoal que está assistindo, tá? Inclusive, já vão botar óculos do like aqui Se você chegou agora, já deixa o like no vídeo embaixo para ajudar, beleza?""",Avaliador_A,Avaliador_B
3,"A mamãe é baseada na Mamãe Pig, isso já está bem óbvio pra gente né, fala sério, está bem óbvio mesmo E a Mouse é inspirada na Mandy Mouse, lógico Fofo E o pai infectado é baseado no Papai Pig, não está tão diferente assim né, mais ou menos Esse Papai Pig aqui é mais moderno, mais musculoso E o Papai Pig é gordinho Não que isso seja um problema, lógico que não Vamos lá O Giraffe, o personagem Giraffe que é muito assustador também Na verdade, eu não sei se ele é assustador ou se ele é fofo, eu acho ele uma girafa fofa E ele é baseado no Gerald Girafa",0.179006889462471,0.648185670375824,0.1728073805570602,NEU,0.0535299256443977,0.0032592443749308,0.0418820865452289,0.0055377194657921,0.0425739400088787,0.0009928046492859,0.0065756519325077,0.15545623,Papile,Roblox,PERSONAGENS de PIGGY vs PERSONAGENS de PEPPA PIG Roblox [2fVb3QJAZO0],,NT,NT,NT,"🎬 Canal: Papile | 🎥 Vídeo: PERSONAGENS de PIGGY vs PERSONAGENS de PEPPA PIG Roblox [2fVb3QJAZO0]
⏱️ Segmento/Index: 3
🤖 Consenso de IA: NT (Detoxify: 0.054 | Perspective: 0.155)
──────────────────────────────────────────────────
Fala transcrita:
""A mamãe é baseada na Mamãe Pig, isso já está bem óbvio pra gente né, fala sério, está bem óbvio mesmo E a Mouse é inspirada na Mandy Mouse, lógico Fofo E o pai infectado é baseado no Papai Pig, não está tão diferente assim né, mais ou menos Esse Papai Pig aqui é mais moderno, mais musculoso E o Papai Pig é gordinho Não que isso seja um problema, lógico que não Vamos lá O Giraffe, o personagem Giraffe que é muito assustador também Na verdade, eu não sei se ele é assustador ou se ele é fofo, eu acho ele uma girafa fofa E ele é baseado no Gerald Girafa""",Avaliador_A,Avaliador_C
3,"Ô Cobra Opa e aí mano Opa trouxe os negócios que eu te pedi? Trouxe sim, deixa eu ver aqui Calma aí pra mim não acabar jogando a minha shuker que tá cheia de esmeralda Oloco, bastante shuker caraca Ó bastante ferramenta de netherite também, oloco velho Mas então Cobra, você lembra que eu falei pra você que eu ia te propor um negócio né Você vai tá me emprestando essas coisas e você também vai tá perdendo digamos assim né Então eu queria te propor um negócio pra você não perder tanto Hmm, diz aí Então eu vou ficar 8 horas hoje minerando em linha reta pra conseguir bastante minério Aí eu queria te propor um negócio que tipo se eu pegar a cada 20 diamantes eu te dou um, pode ser? Você aceita? Ah na hora mano, na hora vai dar certo Fechou, fechou então Mano isso daqui vai me ajudar Isso daqui vai me ajudar demais Ó tem coisa que tem maldição do desaparecimento e se eu morrer?",0.0966921597719192,0.6963018774986267,0.207005962729454,NEU,0.6682762503623962,0.0087167145684361,0.0606937892735004,0.0046273237094283,0.0375221595168113,0.0066155744716525,0.0075682247988879,0.3827457,Cadres,Minecraft,MINEREI em LINHA RETA POR 8 HORAS no MINECRAFT 1.18 - FlopCraft [XoMPhhC_p5I],,GZ,GZ,GZ,"🎬 Canal: Cadres | 🎥 Vídeo: MINEREI em LINHA RETA POR 8 HORAS no MINECRAFT 1.18 - FlopCraft [XoMPhhC_p5I]
⏱️ Segmento/Index: 3
🤖 Consenso de IA: GZ (Detoxify: 0.668 | Perspective: 0.383)
──────────────────────────────────────────────────
Fala transcrita:
""Ô Cobra Opa e aí mano Opa trouxe os negócios que eu te pedi? Trouxe sim, deixa eu ver aqui Calma aí pra mim não acabar jogando a minha shuker que tá cheia de esmeralda Oloco, bastante shuker caraca Ó bastante ferramenta de netherite também, oloco velho Mas então Cobra, você lembra que eu falei pra você que eu ia te propor um negócio né Você vai tá me emprestando essas coisas e você também vai tá perdendo digamos assim né Então eu queria te propor um negócio pra você não perder tanto Hmm, diz aí Então eu vou ficar 8 horas hoje minerando em linha reta pra conseguir bastante minério Aí eu queria te propor um negócio que tipo se eu pegar a cada 20 diamantes eu te dou um, pode ser? Você aceita? Ah na hora mano, na hora vai dar certo Fechou, fechou então Mano isso daqui vai me ajudar Isso daqui vai me ajudar demais Ó tem coisa que tem maldição do desaparecimento e se eu morrer?""",Avaliador_A,Avaliador_C
12,"O que tem? É um bichão doido de duas cabeças. É um bichão doido de duas cabeças. Ai, não! Bichão doido de duas cabeças. Vou tentar atacar ele. Nossa, ele é forte. Ai, não, morri. Acredito. Explode aí, Creeper. Isso, isso, vai, Creeper. Boa! Nossa, mano! Ah, não! Mas aí não foi eu que derrotei. Foi o Creeper. Que ruim. Eu tinha um lobo. Não, um lobisomem aqui, mano. Poxa, ele me jogando embaixo me matou, véi. Ah, mano! Eu sou um bicho muito doido. Eu fico tirando os blocos do chão. Ah, é? Aham. É aquele bichão lá que eu virei. Olha lá. Ai, os blocos começam a vir pra mim. Que da hora. Nossa, tem um lobisomem de fogo aqui, mano. Caraca, mas ele é muito forte. É, o lobisomem de fogo é muito forte. Aí, consegui.",0.3923287689685821,0.5247781872749329,0.0828930586576461,NEU,0.9617489576339722,0.0112439515069127,0.0581543631851673,0.0028119108173996,0.2020144313573837,0.1000970229506492,0.0398281067609787,0.6544696,Kass e KR,Minecraft,Como se TRANFORMAR em NOVOS MOBS usando o MORPH MOD [aiEodP066Lk],,T,T,T,"🎬 Canal: Kass e KR | 🎥 Vídeo: Como se TRANFORMAR em NOVOS MOBS usando o MORPH MOD [aiEodP066Lk]
⏱️ Segmento/Index: 12
🤖 Consenso de IA: T (Detoxify: 0.962 | Perspective: 0.654)
──────────────────────────────────────────────────
Fala transcrita:
""O que tem? É um bichão doido de duas cabeças. É um bichão doido de duas cabeças. Ai, não! Bichão doido de duas cabeças. Vou tentar atacar ele. Nossa, ele é forte. Ai, não, morri. Acredito. Explode aí, Creeper. Isso, isso, vai, Creeper. Boa! Nossa, mano! Ah, não! Mas aí não foi eu que derrotei. Foi o Creeper. Que ruim. Eu tinha um lobo. Não, um lobisomem aqui, mano. Poxa, ele me jogando embaixo me matou, véi. Ah, mano! Eu sou um bicho muito doido. Eu fico tirando os blocos do chão. Ah, é? Aham. É aquele bichão lá que eu virei. Olha lá. Ai, os blocos começam a vir pra mim. Que da hora. Nossa, tem um lobisomem de fogo aqui, mano. Caraca, mas ele é muito forte. É, o lobisomem de fogo é muito forte. Aí, consegui.""",Avaliador_A,Avaliador_C
1,"Ei! Policial! Policial, vem cá! Policial, me escuta! Eu quero ir embora! Policial! É porque, policial, eu já tinha... eu tava na prisão, né? Aí a gente escapou da prisão, né? Escapou, né? Só que eu escapei porque eu não tinha feito nada de errado, não! Eu queria pedir pra você deixar a gente embora, deixar a gente embora... Eu não vou deixar vocês embora, vocês vão ficar aí! De... de... mais, mais, mais... ficar mais é mais! Mas eu não gosto de ficar aqui! Porque não tem TVLizão pra assistir, não tem videogame, só tem essa caminha durinha... Eu não gosto, não! Não gosto! Não gosto, não! Por favor, por favor, pelo menos leva a gente pra um lugar que tenha muita comida E tenha também uma televisão grandão pra eu ver TVLizão! Tem como? Tem como? Tem como? Tem? Tem? Tem?",0.1910734921693802,0.7533686757087708,0.0555577874183654,NEU,0.2009826302528381,0.0017990240594372,0.0296647045761346,0.0032133655622601,0.0269255060702562,0.0057731121778488,0.0074332011863589,0.30319387,Lokis,Roblox,LOKIS FICOU PRESO NA PRISÃO MALUCA  Roblox - Escape Da Prisão Obby [jUbFirrv8fw],,GZ,GZ,GZ,"🎬 Canal: Lokis | 🎥 Vídeo: LOKIS FICOU PRESO NA PRISÃO MALUCA  Roblox - Escape Da Prisão Obby [jUbFirrv8fw]
⏱️ Segmento/Index: 1
🤖 Consenso de IA: GZ (Detoxify: 0.201 | Perspective: 0.303)
──────────────────────────────────────────────────
Fala transcrita:
""Ei! Policial! Policial, vem cá! Policial, me escuta! Eu quero ir embora! Policial! É porque, policial, eu já tinha... eu tava na prisão, né? Aí a gente escapou da prisão, né? Escapou, né? Só que eu escapei porque eu não tinha feito nada de errado, não! Eu queria pedir pra você deixar a gente embora, deixar a gente embora... Eu não vou deixar vocês embora, vocês vão ficar aí! De... de... mais, mais, mais... ficar mais é mais! Mas eu não gosto de ficar aqui! Porque não tem TVLizão pra assistir, não tem videogame, só tem essa caminha durinha... Eu não gosto, não! Não gosto! Não gosto, não! Por favor, por favor, pelo menos leva a gente pra um lugar que tenha muita comida E tenha também uma televisão grandão pra eu ver TVLizão! Tem como? Tem como? Tem como? Tem? Tem? Tem?""",Avaliador_A,Avaliador_C
8,"É, eu localizei ela, tá bem na padaria Ai, meu Deus, mas eu ouvi falar que ela é super poderosa e que ela tava realmente muito chateada Então eu acho que a gente não vai conseguir sozinhos Eu acho melhor a gente chamar a ajuda, tá bom? Mas qual hoje? Que tal a Rena Rouge? Ela pode criar várias ilusões que vai confundir muita cabeça da Festeira Eu vou lá então, tá bom? Eu vou procurar Ela deve estar aqui dentro Ladybug? Oi, Alia? Eu vou precisar da sua ajuda nessa missão Alia Cezar, esse é o Miraculous da Raposa que lhe concede o poder da ilusão E você será a Rena Rouge Não sei o que falar É só você falar tricks disparar Ah, é claro que eu te ajudo, Ladybug Tricks disparar Vamos lá, Alia!",0.1810297071933746,0.7131608724594116,0.1058094650506973,NEU,0.0868251249194145,0.0055073671974241,0.0420415736734867,0.0040408130735158,0.0331704765558242,0.0074200201779603,0.0039022646378725,0.19314334,Luluca Games,Roblox,Roblox - LULUBUG no MUNDO DE MIRACULOUS no ROBLOX Miraculous RP  Luluca Games [iwhi5zlO4go],0.1810300201177597,NT,NT,NT,"🎬 Canal: Luluca Games | 🎥 Vídeo: Roblox - LULUBUG no MUNDO DE MIRACULOUS no ROBLOX Miraculous RP  Luluca Games [iwhi5zlO4go]
⏱️ Segmento/Index: 8
🤖 Consenso de IA: NT (Detoxify: 0.087 | Perspective: 0.193)
──────────────────────────────────────────────────
Fala transcrita:
""É, eu localizei ela, tá bem na padaria Ai, meu Deus, mas eu ouvi falar que ela é super poderosa e que ela tava realmente muito chateada Então eu acho que a gente não vai conseguir sozinhos Eu acho melhor a gente chamar a ajuda, tá bom? Mas qual hoje? Que tal a Rena Rouge? Ela pode criar várias ilusões que vai confundir muita cabeça da Festeira Eu vou lá então, tá bom? Eu vou procurar Ela deve estar aqui dentro Ladybug? Oi, Alia? Eu vou precisar da sua ajuda nessa missão Alia Cezar, esse é o Miraculous da Raposa que lhe concede o poder da ilusão E você será a Rena Rouge Não sei o que falar É só você falar tricks disparar Ah, é claro que eu te ajudo, Ladybug Tricks disparar Vamos lá, Alia!""",Avaliador_A,Avaliador_C
20,cara enquanto você voa tanto que nós já chegamos aqui numa vila pessoal será que vai ter algum gatinho aqui olha pessoal nessa vila que eu dei uma boa olhada viu e não tá tendo nenhum gato então eu acho que eu acho que eu vou lá para outra vila vou só pegar altura aqui ó foguetinho na mão nessa direção aqui ó foi aqui tem uma vila ó essa vilazinha aqui ó mas aqui não sei se vai ter gato é uma vila bem pequenininha essa pessoal vai ser bom passar a noite por aqui e aí meu amiguinho eu vi barulho de gato aqui vou dormir eu vi barulho de gato aqui vou até colocar meu escudo de volta vai que eu encontro um mob por aí e pega o peixe também eu ouvi o gato cadê onde que veio,0.0829347744584083,0.5357319116592407,0.3813332915306091,NEU,0.2811022698879242,0.0065637389197945,0.0528323426842689,0.0042390804737806,0.0283095296472311,0.0045460341498255,0.0128430314362049,0.26293078,Tex HS,Roblox,SUBI NO CÉU DO MINECRAFT  e consegui o que eu queria  Minecraft Zero Mortes  E52 [E96y1i5E3YU],,GZ,GZ,GZ,"🎬 Canal: Tex HS | 🎥 Vídeo: SUBI NO CÉU DO MINECRAFT  e consegui o que eu queria  Minecraft Zero Mortes  E52 [E96y1i5E3YU]
⏱️ Segmento/Index: 20
🤖 Consenso de IA: GZ (Detoxify: 0.281 | Perspective: 0.263)
──────────────────────────────────────────────────
Fala transcrita:
""cara enquanto você voa tanto que nós já chegamos aqui numa vila pessoal será que vai ter algum gatinho aqui olha pessoal nessa vila que eu dei uma boa olhada viu e não tá tendo nenhum gato então eu acho que eu acho que eu vou lá para outra vila vou só pegar altura aqui ó foguetinho na mão nessa direção aqui ó foi aqui tem uma vila ó essa vilazinha aqui ó mas aqui não sei se vai ter gato é uma vila bem pequenininha essa pessoal vai ser bom passar a noite por aqui e aí meu amiguinho eu vi barulho de gato aqui vou dormir eu vi barulho de gato aqui vou até colocar meu escudo de volta vai que eu encontro um mob por aí e pega o peixe também eu ouvi o gato cadê onde que veio""",Avaliador_A,Avaliador_C
3,"Tô toda me tremendo aqui, tô toda me tremendo, Grécia! Agora esse vídeo aqui não vai dar, porque se morrer menos de 3 minutos, o vídeo tem que... Agora esse vídeo aqui não vai dar, porque se morrer menos de 3 minutos, o vídeo tem que... Amiga! Amiga! Tem que ir pro lugar! Tu pode ir pro lugar! Amiga! Tem que ir pro lugar! A segunda tentativa, entendeu? É, a segunda tentativa e a última. Vamos! Eu tô toda me tremendo até agora. Eu tô toda me tremendo até agora. Pula, Grécia, na factória, Grécia! Pula, Grécia, na factória, Grécia! Pula, Grécia, na factória, Grécia! Pula, Grécia, na factória, Grécia! Aperta F, pula! F e pula! Respeita que agora essa aqui é nossa, ninguém toma, viu? O que é nosso, ninguém toma. O diabo não toma. O que Deus prometeu nada toma. O que Deus prometeu nada toma. Aonde?",0.4284591674804687,0.4374136924743652,0.1341271102428436,NEU,0.6890364289283752,0.0049408585764467,0.0617476515471935,0.0098403412848711,0.0246729273349046,0.0091389315202832,0.0086536016315221,0.3827457,Amy Scarlet,Roblox,SÓ PODIA LOOTEAR NA FACTORY TENTE NÃO RIR [SNpvIoblQKc],,GZ,GZ,GZ,"🎬 Canal: Amy Scarlet | 🎥 Vídeo: SÓ PODIA LOOTEAR NA FACTORY TENTE NÃO RIR [SNpvIoblQKc]
⏱️ Segmento/Index: 3
🤖 Consenso de IA: GZ (Detoxify: 0.689 | Perspective: 0.383)
──────────────────────────────────────────────────
Fala transcrita:
""Tô toda me tremendo aqui, tô toda me tremendo, Grécia! Agora esse vídeo aqui não vai dar, porque se morrer menos de 3 minutos, o vídeo tem que... Agora esse vídeo aqui não vai dar, porque se morrer menos de 3 minutos, o vídeo tem que... Amiga! Amiga! Tem que ir pro lugar! Tu pode ir pro lugar! Amiga! Tem que ir pro lugar! A segunda tentativa, entendeu? É, a segunda tentativa e a última. Vamos! Eu tô toda me tremendo até agora. Eu tô toda me tremendo até agora. Pula, Grécia, na factória, Grécia! Pula, Grécia, na factória, Grécia! Pula, Grécia, na factória, Grécia! Pula, Grécia, na factória, Grécia! Aperta F, pula! F e pula! Respeita que agora essa aqui é nossa, ninguém toma, viu? O que é nosso, ninguém toma. O diabo não toma. O que Deus prometeu nada toma. O que Deus prometeu nada toma. Aonde?""",Avaliador_A,Avaliador_C
6,"Abra a porta Não vou abrir, não Você acabou de falar que você vai matar a gente, a gente não vai abrir essa porta Com certeza não Tem que achar alguma coisa pra quebrar esse pedaço de madeira Está bem aqui, pessoal Parece que tem uma coisa aqui, mas não dá pra pegar Oh, abriram Boa, acho que está na floresta De novo Parkour Não vai cair, hein? Não, gente, sou pro no parkour Uhum Ai, ai Vai, vai, tem alguém atrás da gente? Eu não vou nem olhar Só vou fazer aqui O moço provavelmente não é bom de parkour, mãe Vai, vai, vai Tá, chegamos aqui no final Beleza, estamos a salvo, eu acho Eu acho que a gente conseguiu escapar Também acho Foi eu que falei, pessoal Tem um caminho aqui, acho que a gente tem que seguir Esse lugar é bem escutador É bem escuro, né?",0.3454336822032928,0.6038278341293335,0.0507385060191154,NEU,0.3562270402908325,0.0108690010383725,0.0548535734415054,0.0039379182271659,0.0302333012223243,0.0163331180810928,0.0186530761420726,0.27975297,Julia MineGirl,Roblox,Roblox - HISTÓRIA OUVIMOS DEMAIS E DEU RUIM The Village Story [KU20zrk2tZk],,GZ,GZ,GZ,"🎬 Canal: Julia MineGirl | 🎥 Vídeo: Roblox - HISTÓRIA OUVIMOS DEMAIS E DEU RUIM The Village Story [KU20zrk2tZk]
⏱️ Segmento/Index: 6
🤖 Consenso de IA: GZ (Detoxify: 0.356 | Perspective: 0.28)
──────────────────────────────────────────────────
Fala transcrita:
""Abra a porta Não vou abrir, não Você acabou de falar que você vai matar a gente, a gente não vai abrir essa porta Com certeza não Tem que achar alguma coisa pra quebrar esse pedaço de madeira Está bem aqui, pessoal Parece que tem uma coisa aqui, mas não dá pra pegar Oh, abriram Boa, acho que está na floresta De novo Parkour Não vai cair, hein? Não, gente, sou pro no parkour Uhum Ai, ai Vai, vai, tem alguém atrás da gente? Eu não vou nem olhar Só vou fazer aqui O moço provavelmente não é bom de parkour, mãe Vai, vai, vai Tá, chegamos aqui no final Beleza, estamos a salvo, eu acho Eu acho que a gente conseguiu escapar Também acho Foi eu que falei, pessoal Tem um caminho aqui, acho que a gente tem que seguir Esse lugar é bem escutador É bem escuro, né?""",Avaliador_A,Avaliador_C
4,"É muito objeto pra clicar! É impossível ganhar! Nossa, mas vocês três aglomerados não vai dar muito bom, não! Ah! Ah! Achei ela! Yes! Yes! Yes! Ah, gente! Gente, eu sabia que a Ju tava por aqui! Toda vez que eu passava perto, ela falava Ah, mãe, tá passando! Que triste, gente! Tá, eu tô perdendo vida! Vou morrer a qualquer momento! De tanto que eu bato nas coisas! Esse... Tá, eu vou entrar nessa casinha aqui... Ah, não dá pra entrar! Falta dois ainda! Não é um player, não é um player... Esse castelinho aqui é alguém! Não, não é! Ah, e se eu bater errado em mais uma pessoa, já era! Tô eliminada! Nossa, você conseguiu ir viver, mãe! Ah! Ah, é verdade! Já recuperou ali um pouco! Você bateu numa bola de praia? Bati, aham! Tá, então não é aquela ali!",0.681684136390686,0.2377831935882568,0.0805327221751213,NEG,0.2812418341636657,0.0018843442667275,0.0421985387802124,0.0007880037883296,0.0222707986831665,0.0118531212210655,0.0039798347279429,0.3389984,Julia MineGirl,Roblox,VIRAMOS CHINELO NO MINECRAFT Hide and Seek [4h1FMQvvLlk],,GZ,GZ,GZ,"🎬 Canal: Julia MineGirl | 🎥 Vídeo: VIRAMOS CHINELO NO MINECRAFT Hide and Seek [4h1FMQvvLlk]
⏱️ Segmento/Index: 4
🤖 Consenso de IA: GZ (Detoxify: 0.281 | Perspective: 0.339)
──────────────────────────────────────────────────
Fala transcrita:
""É muito objeto pra clicar! É impossível ganhar! Nossa, mas vocês três aglomerados não vai dar muito bom, não! Ah! Ah! Achei ela! Yes! Yes! Yes! Ah, gente! Gente, eu sabia que a Ju tava por aqui! Toda vez que eu passava perto, ela falava Ah, mãe, tá passando! Que triste, gente! Tá, eu tô perdendo vida! Vou morrer a qualquer momento! De tanto que eu bato nas coisas! Esse... Tá, eu vou entrar nessa casinha aqui... Ah, não dá pra entrar! Falta dois ainda! Não é um player, não é um player... Esse castelinho aqui é alguém! Não, não é! Ah, e se eu bater errado em mais uma pessoa, já era! Tô eliminada! Nossa, você conseguiu ir viver, mãe! Ah! Ah, é verdade! Já recuperou ali um pouco! Você bateu numa bola de praia? Bati, aham! Tá, então não é aquela ali!""",Avaliador_A,Avaliador_C
10,"Não é uma boa ficar aqui! Não é uma boa! Esse lugar tá muito fechado! Eu tô muito assustado! Tô dando voltas! Sem parar! As saídas vão abrir em 2 minutos! E eu vou ficar aqui! As saídas vão abrir em 2 minutos! Tem essa luz vermelha aqui, eu já fico com medo! Achando que é o assassino! Mas não é ele! Tem uma pessoa precisando de ajuda ali! Dá muita vontade de passar lá! Muita vontade de passar lá e não ajudar! Agora eu virei malvadão! Eu tô mal agora! Depois do que fizeram comigo! Vou ficar sempre atento! Nem sinal do assassino! Vou fugir! Eu e minha faca de queijo! Isso é um absurdo! Esse combustível do foguete aqui! Atravessa o armário! Eu nem sou astronauta! Eu sou nem que não é astronauta!",0.973818302154541,0.0166652612388134,0.0095164757221937,NEG,0.2100903093814849,0.0007887103711254,0.0466543696820735,0.000617267738562,0.0300225745886564,0.0141385355964303,0.0012046271003782,0.3127066,Robin Hood Gamer,Minecraft,SONIC PRECISA SE ESCONDER DOS ASSASSINOS NO ROBLOX [IzOJM2AZVWI],,GZ,GZ,GZ,"🎬 Canal: Robin Hood Gamer | 🎥 Vídeo: SONIC PRECISA SE ESCONDER DOS ASSASSINOS NO ROBLOX [IzOJM2AZVWI]
⏱️ Segmento/Index: 10
🤖 Consenso de IA: GZ (Detoxify: 0.21 | Perspective: 0.313)
──────────────────────────────────────────────────
Fala transcrita:
""Não é uma boa ficar aqui! Não é uma boa! Esse lugar tá muito fechado! Eu tô muito assustado! Tô dando voltas! Sem parar! As saídas vão abrir em 2 minutos! E eu vou ficar aqui! As saídas vão abrir em 2 minutos! Tem essa luz vermelha aqui, eu já fico com medo! Achando que é o assassino! Mas não é ele! Tem uma pessoa precisando de ajuda ali! Dá muita vontade de passar lá! Muita vontade de passar lá e não ajudar! Agora eu virei malvadão! Eu tô mal agora! Depois do que fizeram comigo! Vou ficar sempre atento! Nem sinal do assassino! Vou fugir! Eu e minha faca de queijo! Isso é um absurdo! Esse combustível do foguete aqui! Atravessa o armário! Eu nem sou astronauta! Eu sou nem que não é astronauta!""",Avaliador_A,Avaliador_C
24,"Eu jamais faria uma coisa dessas Jamais, eu sei que você fez isso E agora você vai ver só Você que achou o mesmo esquemático que o meu Ah, eu que achei E esse bloco de comando foi eu que coloquei Não, eu já tava no esquemático Tava nada, eu coloquei e tá no vídeo E agora, o seu Pikachu vai pegar fogo Ai, não, não, o cara descobriu Isso é pra você aprender a não roubar minha construção, Atus E isso aqui é por você ter tirado todas as esquemáticas da internet",0.166754275560379,0.7373567223548889,0.0958889499306678,NEU,0.3364123404026031,0.0111992172896862,0.0576495938003063,0.0068216798827052,0.0477208420634269,0.0062434626743197,0.0057566426694393,0.25462922,Cadres,Minecraft,Trolei meu AMIGO com PIKACHU PRONTO na BATALHA DE CONSTRUÇÃO do MINECRAFT [XgtJEOSJDgs],,GZ,GZ,GZ,"🎬 Canal: Cadres | 🎥 Vídeo: Trolei meu AMIGO com PIKACHU PRONTO na BATALHA DE CONSTRUÇÃO do MINECRAFT [XgtJEOSJDgs]
⏱️ Segmento/Index: 24
🤖 Consenso de IA: GZ (Detoxify: 0.336 | Perspective: 0.255)
──────────────────────────────────────────────────
Fala transcrita:
""Eu jamais faria uma coisa dessas Jamais, eu sei que você fez isso E agora você vai ver só Você que achou o mesmo esquemático que o meu Ah, eu que achei E esse bloco de comando foi eu que coloquei Não, eu já tava no esquemático Tava nada, eu coloquei e tá no vídeo E agora, o seu Pikachu vai pegar fogo Ai, não, não, o cara descobriu Isso é pra você aprender a não roubar minha construção, Atus E isso aqui é por você ter tirado todas as esquemáticas da internet""",Avaliador_A,Avaliador_C
38,"Oxe, mano, tu tá no emulador agora, é? É, mano, tô jogando no emulador, é bom demais aqui, eu dou só o capo, não é ruim, olha. Pô, não é no emulador, é o pior do mundo. Como é, mano, tu falou o que? Eu disse que ia entrar no jogo pra tu me chamar pra jogar também, mano. Ah, eu pensava que tu tinha falado outra coisa. Não, vai, entra aí, vai. Ei, mano, tu fica falando aí, pô, mas emulador é outro nível, cara, não tem como, a movimentação é diferenciada, emulador é melhor que tudo. Só não é melhor do que o mobile, né, véi? Oxe, é claro que é, cara, gelo agachado mais rápido, movimentação max-tio, tu é doido, né, a mira vai mais longe, você vê a tela maior, tu tá doido, é mesmo? Ai, ai, meu Deus do céu, ô, mano, ó, não é pra nem existir negócio de emulador, na moral, ó, se o emulador fosse bom, agora ele não tinha separado do mobile não, parceiro.",0.535333514213562,0.416124016046524,0.0485424697399139,NEG,0.2563916146755218,0.0018515149131417,0.033844955265522,0.0023705302737653,0.0675715804100036,0.0024684537202119,0.004647824447602,0.39441586,meu nome é david,Roblox,X1 DOS CRIAS NA VIDA REAL   SUPER COMPILADOS [j-FPKmfw-c8],,GZ,GZ,GZ,"🎬 Canal: meu nome é david | 🎥 Vídeo: X1 DOS CRIAS NA VIDA REAL   SUPER COMPILADOS [j-FPKmfw-c8]
⏱️ Segmento/Index: 38
🤖 Consenso de IA: GZ (Detoxify: 0.256 | Perspective: 0.394)
──────────────────────────────────────────────────
Fala transcrita:
""Oxe, mano, tu tá no emulador agora, é? É, mano, tô jogando no emulador, é bom demais aqui, eu dou só o capo, não é ruim, olha. Pô, não é no emulador, é o pior do mundo. Como é, mano, tu falou o que? Eu disse que ia entrar no jogo pra tu me chamar pra jogar também, mano. Ah, eu pensava que tu tinha falado outra coisa. Não, vai, entra aí, vai. Ei, mano, tu fica falando aí, pô, mas emulador é outro nível, cara, não tem como, a movimentação é diferenciada, emulador é melhor que tudo. Só não é melhor do que o mobile, né, véi? Oxe, é claro que é, cara, gelo agachado mais rápido, movimentação max-tio, tu é doido, né, a mira vai mais longe, você vê a tela maior, tu tá doido, é mesmo? Ai, ai, meu Deus do céu, ô, mano, ó, não é pra nem existir negócio de emulador, na moral, ó, se o emulador fosse bom, agora ele não tinha separado do mobile não, parceiro.""",Avaliador_A,Avaliador_C
4,"E começou. Começou o jogo da vida real. Começou o super desafio. Graças a Pig que estava disfarçada até agora pouco. Olha lá, gente. Vocês estão vendo a mesma coisa que eu. Está tudo meio estranho, né? Espera. Meus olhos estão estranhos demais. Eu não estou enxergando direito. Não estou enxergando direito. Ah! Começou. Elas estão jogando a Pig. Chegou. Chegou a Pig da vida real. E lá vão elas. Temos que fugir. Vamos! Fode! Lembrando que uma delas é a traidora. Só está disfarçando. Vai, Pig! Corre atrás delas! A gente tem que dar um jeito.",0.924063801765442,0.0665811523795127,0.0093549499288201,NEG,0.8982381224632263,0.0015637879259884,0.3467887938022613,0.0025783716700971,0.6871585845947266,0.0036131986416876,0.0029935901984572,0.52272606,Papile,Roblox,DESAFIO DA PIGGY DO ROBLOX NA VIDA REAL [iv_lRnhSmrU],,T,T,T,"🎬 Canal: Papile | 🎥 Vídeo: DESAFIO DA PIGGY DO ROBLOX NA VIDA REAL [iv_lRnhSmrU]
⏱️ Segmento/Index: 4
🤖 Consenso de IA: T (Detoxify: 0.898 | Perspective: 0.523)
──────────────────────────────────────────────────
Fala transcrita:
""E começou. Começou o jogo da vida real. Começou o super desafio. Graças a Pig que estava disfarçada até agora pouco. Olha lá, gente. Vocês estão vendo a mesma coisa que eu. Está tudo meio estranho, né? Espera. Meus olhos estão estranhos demais. Eu não estou enxergando direito. Não estou enxergando direito. Ah! Começou. Elas estão jogando a Pig. Chegou. Chegou a Pig da vida real. E lá vão elas. Temos que fugir. Vamos! Fode! Lembrando que uma delas é a traidora. Só está disfarçando. Vai, Pig! Corre atrás delas! A gente tem que dar um jeito.""",Avaliador_A,Avaliador_C
7,"Não gosto de motos setas juntos. Acabou, galera. A barriga está na metade. Foi mais difícil, mas pelo menos conseguimos. O que é, meu querido? O que é isso? O cara explodiu o restaurante. Vai ter mais uma música? Olha a gritaria da galera. Então você conseguiu sobreviver à explosão, não é? E ela está aterrorizada ali. Está preocupado. Bem piz bop piz preocupados. Você acha que eu sou estúpido? Eu sabia que você traria alguém com você. Mas ele? Eu não me importo mais.",0.2423114776611328,0.6883556246757507,0.0693328976631164,NEU,0.812205970287323,0.0002267290547024,0.0272474233061075,0.0004204010183457,0.6785497665405273,0.0003146988747175,0.0008990647038444,0.41168427,Tex HS,Roblox,EX NAMORADO da GIRLFRIEND está BRABINHO Friday Night Funkin VS TABI Ex Boyfriend [jFhU-XiWuGg],,T,T,T,"🎬 Canal: Tex HS | 🎥 Vídeo: EX NAMORADO da GIRLFRIEND está BRABINHO Friday Night Funkin VS TABI Ex Boyfriend [jFhU-XiWuGg]
⏱️ Segmento/Index: 7
🤖 Consenso de IA: T (Detoxify: 0.812 | Perspective: 0.412)
──────────────────────────────────────────────────
Fala transcrita:
""Não gosto de motos setas juntos. Acabou, galera. A barriga está na metade. Foi mais difícil, mas pelo menos conseguimos. O que é, meu querido? O que é isso? O cara explodiu o restaurante. Vai ter mais uma música? Olha a gritaria da galera. Então você conseguiu sobreviver à explosão, não é? E ela está aterrorizada ali. Está preocupado. Bem piz bop piz preocupados. Você acha que eu sou estúpido? Eu sabia que você traria alguém com você. Mas ele? Eu não me importo mais.""",Avaliador_A,Avaliador_C
6,"Tá viva, graças a Deus. Vou ficar longe de você. Sai daqui. Fica calma, fica calma. Sai daqui. Tá, o do zumbi é meio doido, né? Agora, até que você doe um golinho, Eduardo. Deixa, deixa, deixa eu ver. Quê? Espera, mas até você foi junta? O que que... Como é que eu... Eu vou, eu vou, eu vou... Ê! Vem, vem vindo pra cá pra escalar. É, vamos pra... É, o que que tá acontecendo aqui? Aperta! Aperta! Ai, ai, ai, ai! Ai! Esse do era um golinho mesmo? Como que é o nome dele? Entity Lounge Cruise. Ué, eu também tenho esse. Esse é do zumbi. Cabeça. Ah, tá. Teste o outro. Acho que é esse aqui, ó. 3 vezes 3. No... Teste aqui, Eduardo. Vem cá agora, vem cá agora. Tô indo aí agora que a gente vai minerar tudo. Pronto, pode vir, fi. Vamos lá, vai. Não pare, Eduardo. Vou embora, fica aqui do meu lado. Não, vai... Eu ficar do teu lado? Vai, você primeiro, e depois eu vou, né? Tá bom, tô to indo. Tchaaaaaaaaaaaaaa!",0.2425929307937622,0.6003950238227844,0.1570120453834533,NEU,0.368727296590805,0.0030263324733823,0.0601148158311843,0.0015158641617745,0.0405675284564495,0.0067786378785967,0.0078659821301698,0.37751234,Marcelodrv,Minecraft,COMO GANHAR os PODERES dos MOBS DO MINECRAFT [aT6dun2i92g],,GZ,GZ,GZ,"🎬 Canal: Marcelodrv | 🎥 Vídeo: COMO GANHAR os PODERES dos MOBS DO MINECRAFT [aT6dun2i92g]
⏱️ Segmento/Index: 6
🤖 Consenso de IA: GZ (Detoxify: 0.369 | Perspective: 0.378)
──────────────────────────────────────────────────
Fala transcrita:
""Tá viva, graças a Deus. Vou ficar longe de você. Sai daqui. Fica calma, fica calma. Sai daqui. Tá, o do zumbi é meio doido, né? Agora, até que você doe um golinho, Eduardo. Deixa, deixa, deixa eu ver. Quê? Espera, mas até você foi junta? O que que... Como é que eu... Eu vou, eu vou, eu vou... Ê! Vem, vem vindo pra cá pra escalar. É, vamos pra... É, o que que tá acontecendo aqui? Aperta! Aperta! Ai, ai, ai, ai! Ai! Esse do era um golinho mesmo? Como que é o nome dele? Entity Lounge Cruise. Ué, eu também tenho esse. Esse é do zumbi. Cabeça. Ah, tá. Teste o outro. Acho que é esse aqui, ó. 3 vezes 3. No... Teste aqui, Eduardo. Vem cá agora, vem cá agora. Tô indo aí agora que a gente vai minerar tudo. Pronto, pode vir, fi. Vamos lá, vai. Não pare, Eduardo. Vou embora, fica aqui do meu lado. Não, vai... Eu ficar do teu lado? Vai, você primeiro, e depois eu vou, né? Tá bom, tô to indo. Tchaaaaaaaaaaaaaa!""",Avaliador_A,Avaliador_C
7,"Não, eu já tô indo Vamos procurar o acampamento Será que a mister vai estar lá no acampamento? Vamos seguir o caminho aqui, eu não sei onde que é Eu vou de bicicleta Onde que você tá? Ai meu Deus, meu Deus, meu Deus Eu cheguei, cadê você, professora? Eu prendi na ponte Ah, é? Porque você é tão malvada Que tudo que você faz dá errado, você ficou presa Mas eu já vou chegar aqui de limousine, poderoso Você ficou presa Onde que ficou o acampamento? Ali, ali, tá vendo? Ai, que chique, ela tá chegando de limousine Por que você tem uma limousine vermelha, hein mister? O que você quer? Hein?",0.5313418507575989,0.396435797214508,0.072222352027893,NEG,0.360058844089508,0.0019655872602015,0.0441402867436409,0.0030992445535957,0.0419682934880256,0.0016714559169486,0.0074065080843865,0.2191003,Papile,Roblox,A PROFESSORA MISS T DO SCARY TEACHER FOI ENCONTRADA NO ADOPT ME ROBLOX [4Df5dtFJrbQ],,GZ,GZ,GZ,"🎬 Canal: Papile | 🎥 Vídeo: A PROFESSORA MISS T DO SCARY TEACHER FOI ENCONTRADA NO ADOPT ME ROBLOX [4Df5dtFJrbQ]
⏱️ Segmento/Index: 7
🤖 Consenso de IA: GZ (Detoxify: 0.36 | Perspective: 0.219)
──────────────────────────────────────────────────
Fala transcrita:
""Não, eu já tô indo Vamos procurar o acampamento Será que a mister vai estar lá no acampamento? Vamos seguir o caminho aqui, eu não sei onde que é Eu vou de bicicleta Onde que você tá? Ai meu Deus, meu Deus, meu Deus Eu cheguei, cadê você, professora? Eu prendi na ponte Ah, é? Porque você é tão malvada Que tudo que você faz dá errado, você ficou presa Mas eu já vou chegar aqui de limousine, poderoso Você ficou presa Onde que ficou o acampamento? Ali, ali, tá vendo? Ai, que chique, ela tá chegando de limousine Por que você tem uma limousine vermelha, hein mister? O que você quer? Hein?""",Avaliador_A,Avaliador_C
15,"Não Ó Foi embora, mami Ó, mami, deu uma pizza, mami Tem roxo? Não é roxa, mas está muito boa, come um pedacinho pra você ver, mami Eu quero Ela está tentando te dar, mas você fica correndo, mami Eu sou louca, má, desculpa Pronto, te dei, clica assim Ah, tá bom, eu devo aceitar comida de estranhos? É, mas não sou estranho Gostou, mami? Gostei Nossa, mami Ai, desculpa, gente, foi a coca Que coca, meninas, eu nem tomou coca Que doida Ô, Lú Oi Eu acho que acabaram as coisas roxas Na verdade, mami, eu tenho a última coisa roxa Ah, não, lá vai, lá vai Você quer saber o que é?",0.1073890402913093,0.5690152049064636,0.3235957026481628,NEU,0.2839547395706177,0.0061592762358486,0.0548813194036483,0.0078023811802268,0.0363447219133377,0.0020460723899304,0.013522183522582,0.33587718,Luluca Games,Roblox,Roblox - FAZENDO TUDO ROXO COM MINHA MÃE NO BLOXBURG  Luluca Games [7aAUzryqOcw],0.1073890104889869,GZ,GZ,GZ,"🎬 Canal: Luluca Games | 🎥 Vídeo: Roblox - FAZENDO TUDO ROXO COM MINHA MÃE NO BLOXBURG  Luluca Games [7aAUzryqOcw]
⏱️ Segmento/Index: 15
🤖 Consenso de IA: GZ (Detoxify: 0.284 | Perspective: 0.336)
──────────────────────────────────────────────────
Fala transcrita:
""Não Ó Foi embora, mami Ó, mami, deu uma pizza, mami Tem roxo? Não é roxa, mas está muito boa, come um pedacinho pra você ver, mami Eu quero Ela está tentando te dar, mas você fica correndo, mami Eu sou louca, má, desculpa Pronto, te dei, clica assim Ah, tá bom, eu devo aceitar comida de estranhos? É, mas não sou estranho Gostou, mami? Gostei Nossa, mami Ai, desculpa, gente, foi a coca Que coca, meninas, eu nem tomou coca Que doida Ô, Lú Oi Eu acho que acabaram as coisas roxas Na verdade, mami, eu tenho a última coisa roxa Ah, não, lá vai, lá vai Você quer saber o que é?""",Avaliador_A,Avaliador_C
16,"Eu teria que ter cascalhos! Então eu não vou trocar com ele e com esse aqui também não dá pra trocar! Ah, esses aldeões não querem negociar! Mas eu poderia jogar uma poção aqui pra eles! Eu vou beber essa poção! Ai! Eu tô levando dano! Será que é só beber essa poção e esperar morrer? Eu tô levando muito dano! Eu posso tentar subir aqui onde estão os zumbis villagers e ficar aqui! Vai! Me ataca, zumbi! Boa! Nível 38! Ai, meu Deus! Por quê? Equipamentos dentro dessa chulca! É uma picareta de madeira! Eu posso quebrar carvão com a picareta de madeira! E olha só, quando eu quebro o carvão, ele não quebra de verdade! Ele fica regenerando! São blocos infinitos! Aqui tem um baú e não tem nada no baú! Eu posso até quebrar essa placa de pressão pra não pisar nela! E lá pra cima tem um bloco de lápis lazule! Só que pra quebrar o bloco de lápis lazule, primeiro a gente precisa de pedra! E eu também vou pegar um pouco de madeira! Agora dá pra vir na bancada de trabalho, transformar essas madeiras em gravetos! Assim! E vamos juntar os gravetos pra fazer uma picareta de pedra!",0.7209344506263733,0.2475371807813644,0.0315283797681331,NEG,0.3606169819831848,0.0013561912346631,0.0316717959940433,0.0008127623004838,0.0188073515892028,0.1399763822555542,0.0028570203576236,0.37751234,Athos,Minecraft,75 Maneiras de Morrer no Minecraft... [xuA47pExwmc],,GZ,GZ,GZ,"🎬 Canal: Athos | 🎥 Vídeo: 75 Maneiras de Morrer no Minecraft... [xuA47pExwmc]
⏱️ Segmento/Index: 16
🤖 Consenso de IA: GZ (Detoxify: 0.361 | Perspective: 0.378)
──────────────────────────────────────────────────
Fala transcrita:
""Eu teria que ter cascalhos! Então eu não vou trocar com ele e com esse aqui também não dá pra trocar! Ah, esses aldeões não querem negociar! Mas eu poderia jogar uma poção aqui pra eles! Eu vou beber essa poção! Ai! Eu tô levando dano! Será que é só beber essa poção e esperar morrer? Eu tô levando muito dano! Eu posso tentar subir aqui onde estão os zumbis villagers e ficar aqui! Vai! Me ataca, zumbi! Boa! Nível 38! Ai, meu Deus! Por quê? Equipamentos dentro dessa chulca! É uma picareta de madeira! Eu posso quebrar carvão com a picareta de madeira! E olha só, quando eu quebro o carvão, ele não quebra de verdade! Ele fica regenerando! São blocos infinitos! Aqui tem um baú e não tem nada no baú! Eu posso até quebrar essa placa de pressão pra não pisar nela! E lá pra cima tem um bloco de lápis lazule! Só que pra quebrar o bloco de lápis lazule, primeiro a gente precisa de pedra! E eu também vou pegar um pouco de madeira! Agora dá pra vir na bancada de trabalho, transformar essas madeiras em gravetos! Assim! E vamos juntar os gravetos pra fazer uma picareta de pedra!""",Avaliador_A,Avaliador_C
4,"O homem-aranha foi chamar reforço. Ele não aguentou sozinho, não. Sabe o que ele estava fazendo? Ele estava roubando a minha casa. Ele roubou todos os meus diamantes e netherite. Isso é impossível, Hattie. Isso é impossível. Ele estava aqui protegendo a minha casa o tempo todo. Como é que ele poderia estar em dois lugares ao mesmo tempo? Não está vendo que isso é mentira? É mentira sua! Você está maluco! Ai, ai, pare de me bater! Eu estou quase morrendo! O bandido quase me matou! Sabe o que eu vou fazer agora? Eu vou minerar mais... Ai, o bandido está tirando! Eu vou minerar mais recursos porque eu perdi tudo. Eu perdi tudo. Roubaram a minha casa, mas agora ninguém mais vai roubar a minha casa. Porque eu tenho um cachorro, um cachorrão. Ohhhhhhhh! Deixa eu ver o cachorro. Não deixa eu ver porque ele é um cão de guarda. Ele usa terno, óculos escuros e ele vai proteger a minha casa. Vou embora, Naru. Eu estou descendo na mina e encontrei um esqueleto com uma cabeça de abóbora. Vamos atacar ele porque parece um esqueleto bem diferente. Ai, ai, sai esqueleto! Toma! Espartada! Matei! Matei! Vamos pegar aquele ferro porque eu quero fazer uma câmera de segurança.",0.8267784118652344,0.141060933470726,0.0321605913341045,NEG,0.8132945895195007,0.002773790853098,0.0307722929865121,0.0039198882877826,0.2487146854400634,0.1597922891378402,0.0041008661501109,0.47119883,Athos,Minecraft,24 Horas para se ESCONDER do SUPER HERÓI no Minecraft [D6EnC6IM8X4],,T,T,T,"🎬 Canal: Athos | 🎥 Vídeo: 24 Horas para se ESCONDER do SUPER HERÓI no Minecraft [D6EnC6IM8X4]
⏱️ Segmento/Index: 4
🤖 Consenso de IA: T (Detoxify: 0.813 | Perspective: 0.471)
──────────────────────────────────────────────────
Fala transcrita:
""O homem-aranha foi chamar reforço. Ele não aguentou sozinho, não. Sabe o que ele estava fazendo? Ele estava roubando a minha casa. Ele roubou todos os meus diamantes e netherite. Isso é impossível, Hattie. Isso é impossível. Ele estava aqui protegendo a minha casa o tempo todo. Como é que ele poderia estar em dois lugares ao mesmo tempo? Não está vendo que isso é mentira? É mentira sua! Você está maluco! Ai, ai, pare de me bater! Eu estou quase morrendo! O bandido quase me matou! Sabe o que eu vou fazer agora? Eu vou minerar mais... Ai, o bandido está tirando! Eu vou minerar mais recursos porque eu perdi tudo. Eu perdi tudo. Roubaram a minha casa, mas agora ninguém mais vai roubar a minha casa. Porque eu tenho um cachorro, um cachorrão. Ohhhhhhhh! Deixa eu ver o cachorro. Não deixa eu ver porque ele é um cão de guarda. Ele usa terno, óculos escuros e ele vai proteger a minha casa. Vou embora, Naru. Eu estou descendo na mina e encontrei um esqueleto com uma cabeça de abóbora. Vamos atacar ele porque parece um esqueleto bem diferente. Ai, ai, sai esqueleto! Toma! Espartada! Matei! Matei! Vamos pegar aquele ferro porque eu quero fazer uma câmera de segurança.""",Avaliador_A,Avaliador_C
4,"Eita, tem um monte de assaltante aqui, ó Os bandidos escaparam, ó Eles estão destruindo os jogos do Roblox Ó, eles são muito perigosos Mantenha as portas fechadas e também as janelas fechadas Esses testes que estão aparecendo aqui Acho que são outros players que estão no mapa, né, trolando Eu acho, ó O líder deles é o Scary Larry, esse aqui, ó Scary Larry É, são eles mesmo Scary Larry Ó, gostei do Scary Larry, ó, que legal Dá uma hora, hein Espero que não tenha nada para me preocupar Apareceu escrito ali em cima, ó E é hora de dormir Então tá, vamos dormir, né Dormir dá um pouco de energia para você Eu tenho que escolher algum quarto aqui, né Não tem... tem o meu nome em algum lugar? Aqui não tem meu nome Não tem meu nome Ah, tá aqui, ó, no verde, galera Acabei de enxergar aqui, tá até brilhando, ó Beleza, vou dormir, boa noite, galera Boa noite para todo mundo Olha eu dormindo, que legal, tá? Tchau, galera Eu vou deixar todo mundo aí até amanhã Espero que não aconteça nada à noite, né Tem alguma coisa nessas gavetas aqui? Quando a gente dorme a gente fica luteando as coisas Para ver se tem algo, ó Não, não tem nada, beleza, vamos dormir Opa, barulhão, barulhão Ouviu um barulhão? Galera, vamos levantar, vamos ver o que aconteceu Alguém tem uma lanterna? Que isso? Tem um amigão aqui me matando Que isso? Não, eu não consigo correr, como é que eu bato nele?",0.1932405531406402,0.5398297905921936,0.2669296562671661,NEU,0.3672813773155212,0.0079681137576699,0.0539290681481361,0.0046521769836544,0.0451961755752563,0.0198304113000631,0.0063834195025265,0.37694603,Tex HS,Roblox,Roblox - INVADIRAM A MINHA CASA Break In [Y7afEJ6rxpA],,GZ,GZ,GZ,"🎬 Canal: Tex HS | 🎥 Vídeo: Roblox - INVADIRAM A MINHA CASA Break In [Y7afEJ6rxpA]
⏱️ Segmento/Index: 4
🤖 Consenso de IA: GZ (Detoxify: 0.367 | Perspective: 0.377)
──────────────────────────────────────────────────
Fala transcrita:
""Eita, tem um monte de assaltante aqui, ó Os bandidos escaparam, ó Eles estão destruindo os jogos do Roblox Ó, eles são muito perigosos Mantenha as portas fechadas e também as janelas fechadas Esses testes que estão aparecendo aqui Acho que são outros players que estão no mapa, né, trolando Eu acho, ó O líder deles é o Scary Larry, esse aqui, ó Scary Larry É, são eles mesmo Scary Larry Ó, gostei do Scary Larry, ó, que legal Dá uma hora, hein Espero que não tenha nada para me preocupar Apareceu escrito ali em cima, ó E é hora de dormir Então tá, vamos dormir, né Dormir dá um pouco de energia para você Eu tenho que escolher algum quarto aqui, né Não tem... tem o meu nome em algum lugar? Aqui não tem meu nome Não tem meu nome Ah, tá aqui, ó, no verde, galera Acabei de enxergar aqui, tá até brilhando, ó Beleza, vou dormir, boa noite, galera Boa noite para todo mundo Olha eu dormindo, que legal, tá? Tchau, galera Eu vou deixar todo mundo aí até amanhã Espero que não aconteça nada à noite, né Tem alguma coisa nessas gavetas aqui? Quando a gente dorme a gente fica luteando as coisas Para ver se tem algo, ó Não, não tem nada, beleza, vamos dormir Opa, barulhão, barulhão Ouviu um barulhão? Galera, vamos levantar, vamos ver o que aconteceu Alguém tem uma lanterna? Que isso? Tem um amigão aqui me matando Que isso? Não, eu não consigo correr, como é que eu bato nele?""",Avaliador_A,Avaliador_C
24,"Ué, que estranho Tá normal Ai, eu preciso atacar todos os Azul Babão Deixa eu pegar meu arco Cuidado, arco Ai, eu vou tentar, eu vou tentar sobreviver Massa dourada, boa, boa, boa Comer massa dourada e recupera a vida Aí Tô chegando, cheguei Isso, me ajuda, me ajuda, tá flechada E isso, batada em todos os Azul Babão Toma Azul Babão Matei um, agora outro e mais um aqui Boa Um coração, Bala, um coração Sua casa está sendo atacada Bala, a gente precisa voltar pra casa Vamos direto pra casa O Donkey Kong invadiu a nossa casa Ele tá na frente dela só esperando a gente chegar Olha lá, o Donkey Kong tá nos atacando Ele tá jogando banana, Bala Cuidado, Atus Eu vou atirar com o arco nele Toma, toma flechada Ele não para de atirar a banana E vamos dar espadada também nele Toma Ai, ai, ai, ai As bananas dele dão muito dano, Bala Nossa, nossa, eu tô quase morrendo Vai pra trás das árvores, ele quer explodir tudo Ele quer explodir tudo, Bala Volta aqui, Bala Quando você renascer, volta aqui A vida dele já tá na metade É isso aí, é isso aí Tem uma coisa que a gente ganhou antes que foi a boca do Pac-Man Vamos tentar matar ele com a boca do Pac-Man Isso, vamos Talvez vai dar certo Aqui, só chegar aqui por trás dele Ai, ele me explodiu Nossa, ele te explodiu também, Bala Aí, agora vai Eu vou usar a boca de Pac-Man nele, Bala Vou usar, vou usar aqui O centro Deu certo, deu certo Conseguimos vencer o Donkey Kong Agora nossa casa tá salvo E olha só, a gente conseguiu todos os jogos Finalmente temos todos os jogos",0.1429436355829239,0.7317811846733093,0.1252751350402832,NEU,0.5646128058433533,0.0136736873537302,0.0506161786615848,0.0046965954825282,0.0503351017832756,0.0413784012198448,0.0145648634061217,0.33338684,Athos,Minecraft,A Cada XP eu viro um JOGO no Minecraft [HiShNlWkD5E],,GZ,GZ,GZ,"🎬 Canal: Athos | 🎥 Vídeo: A Cada XP eu viro um JOGO no Minecraft [HiShNlWkD5E]
⏱️ Segmento/Index: 24
🤖 Consenso de IA: GZ (Detoxify: 0.565 | Perspective: 0.333)
──────────────────────────────────────────────────
Fala transcrita:
""Ué, que estranho Tá normal Ai, eu preciso atacar todos os Azul Babão Deixa eu pegar meu arco Cuidado, arco Ai, eu vou tentar, eu vou tentar sobreviver Massa dourada, boa, boa, boa Comer massa dourada e recupera a vida Aí Tô chegando, cheguei Isso, me ajuda, me ajuda, tá flechada E isso, batada em todos os Azul Babão Toma Azul Babão Matei um, agora outro e mais um aqui Boa Um coração, Bala, um coração Sua casa está sendo atacada Bala, a gente precisa voltar pra casa Vamos direto pra casa O Donkey Kong invadiu a nossa casa Ele tá na frente dela só esperando a gente chegar Olha lá, o Donkey Kong tá nos atacando Ele tá jogando banana, Bala Cuidado, Atus Eu vou atirar com o arco nele Toma, toma flechada Ele não para de atirar a banana E vamos dar espadada também nele Toma Ai, ai, ai, ai As bananas dele dão muito dano, Bala Nossa, nossa, eu tô quase morrendo Vai pra trás das árvores, ele quer explodir tudo Ele quer explodir tudo, Bala Volta aqui, Bala Quando você renascer, volta aqui A vida dele já tá na metade É isso aí, é isso aí Tem uma coisa que a gente ganhou antes que foi a boca do Pac-Man Vamos tentar matar ele com a boca do Pac-Man Isso, vamos Talvez vai dar certo Aqui, só chegar aqui por trás dele Ai, ele me explodiu Nossa, ele te explodiu também, Bala Aí, agora vai Eu vou usar a boca de Pac-Man nele, Bala Vou usar, vou usar aqui O centro Deu certo, deu certo Conseguimos vencer o Donkey Kong Agora nossa casa tá salvo E olha só, a gente conseguiu todos os jogos Finalmente temos todos os jogos""",Avaliador_A,Avaliador_C
1,Uou! Deu certo!,0.0034424581099301,0.0201700646430253,0.97638738155365,POS,0.0010543504031375,5.749216143158265e-05,0.0008752224384807,0.0001011669737636,0.0006199541967362,0.0001275832619285,8.109273767331615e-05,0.0069113337,Athos,Minecraft,Dei VIDA para as COISAS no MINECRAFT [uzzm3d9HuYA],,NT,NT,NT,"🎬 Canal: Athos | 🎥 Vídeo: Dei VIDA para as COISAS no MINECRAFT [uzzm3d9HuYA]
⏱️ Segmento/Index: 1
🤖 Consenso de IA: NT (Detoxify: 0.001 | Perspective: 0.007)
──────────────────────────────────────────────────
Fala transcrita:
""Uou! Deu certo!""",Avaliador_A,Avaliador_C
10,"Ela é assim, minha mãe maluquinha Meu Deus do céu, vocês conseguiram matar o Herobrine Eu estou com medo Eduarda, ela ficou com medo do Herobrine de mentirinha que eu fiz Não fala alto não, seu doido É mentira Meu Deus do céu, Eduarda Ela não tem nem medo do Herobrine, fi Quem não tem medo do Herobrine? Se esconde, Eduarda, se esconde dentro desse mato Se esconde Tá nada escondido, Eduarda, dá pra te ver lá do Japão Mas tudo bem Olha que gigante, eu duvido você passar desse rio aí Eu duvido Você tem medo de água, né? Eu não gosto de tomar bainão, né? Mas eu vou ter que encarar isso aqui, né? Ai Ah, não quero Tá quente, tá quente demais isso aqui, o que está acontecendo? Está água maluca? Eu vou é pular isso aqui, seu espaldo de doido Meu Deus, Eduarda Ela conseguiu pular o negócio, Eduarda Marcelo, vem aqui, vem aqui, vem aqui Eu preciso te contar um negócio, vem cá, vem cá O que, Eduarda? Tem uma poção Hã?",0.2920357882976532,0.5846286416053772,0.1233356073498725,NEU,0.7529444694519043,0.0110541610047221,0.0567732602357864,0.0085209943354129,0.0509282536804676,0.0042636184953153,0.0095226028934121,0.3260917,Marcelodrv,Minecraft,100 Hacks de SEGURANÇA contra MONSTROS - O FILME [NpsZwHJCJzE],,GZ,GZ,GZ,"🎬 Canal: Marcelodrv | 🎥 Vídeo: 100 Hacks de SEGURANÇA contra MONSTROS - O FILME [NpsZwHJCJzE]
⏱️ Segmento/Index: 10
🤖 Consenso de IA: GZ (Detoxify: 0.753 | Perspective: 0.326)
──────────────────────────────────────────────────
Fala transcrita:
""Ela é assim, minha mãe maluquinha Meu Deus do céu, vocês conseguiram matar o Herobrine Eu estou com medo Eduarda, ela ficou com medo do Herobrine de mentirinha que eu fiz Não fala alto não, seu doido É mentira Meu Deus do céu, Eduarda Ela não tem nem medo do Herobrine, fi Quem não tem medo do Herobrine? Se esconde, Eduarda, se esconde dentro desse mato Se esconde Tá nada escondido, Eduarda, dá pra te ver lá do Japão Mas tudo bem Olha que gigante, eu duvido você passar desse rio aí Eu duvido Você tem medo de água, né? Eu não gosto de tomar bainão, né? Mas eu vou ter que encarar isso aqui, né? Ai Ah, não quero Tá quente, tá quente demais isso aqui, o que está acontecendo? Está água maluca? Eu vou é pular isso aqui, seu espaldo de doido Meu Deus, Eduarda Ela conseguiu pular o negócio, Eduarda Marcelo, vem aqui, vem aqui, vem aqui Eu preciso te contar um negócio, vem cá, vem cá O que, Eduarda? Tem uma poção Hã?""",Avaliador_A,Avaliador_C
1,"Moça, esse baú não é normal não, ele tem dentes afiados e tá tentando me devorar É um baú mutante, eu nunca vi algo parecido tal, vim se queim pro DAAAAM, McFly Gente, já tá bem, o que você tá fazendo na minha casa? Eu vim pegar os seus minérios emprestados, só que aí quando eu fui abrir o baú ele me atacou e tentou me engolir Aí então funcionou isso! Como assim funcionou? O que você tá travando? Eu sabia que algum dia algum ladrão poderia vir aqui e roubar as coisas do meu baú, só que eles não sabem que eu criei esse baú mutante Você criou um baú mutante com dentes afiados e perigoso, né? Você gostou? Eu odiei ele, eu odiei ele, olha só, cadê você? O baúzinho, cadê você? Tá escondido né? Olha aqui, olha aqui, ele tá comendo a parede da sua casa, não queria falar nada não, agora ele tá tentando morder eu Deixa eu comer uma maçã que eu tô com fome, eu sei, ele é agressivo até comigo De vez em quando Ele não te respeita?",0.3861565887928009,0.5248568058013916,0.0889866277575492,NEU,0.921662211418152,0.0084081655368208,0.064830794930458,0.0057544000446796,0.0820299312472343,0.0078967278823256,0.0226563792675733,0.44573322,JP Plays,Minecraft,NÃO ABRA ESSE BAÚ NO MINECRAFT  perigoso [71tZs8QQBxQ],,T,T,T,"🎬 Canal: JP Plays | 🎥 Vídeo: NÃO ABRA ESSE BAÚ NO MINECRAFT  perigoso [71tZs8QQBxQ]
⏱️ Segmento/Index: 1
🤖 Consenso de IA: T (Detoxify: 0.922 | Perspective: 0.446)
──────────────────────────────────────────────────
Fala transcrita:
""Moça, esse baú não é normal não, ele tem dentes afiados e tá tentando me devorar É um baú mutante, eu nunca vi algo parecido tal, vim se queim pro DAAAAM, McFly Gente, já tá bem, o que você tá fazendo na minha casa? Eu vim pegar os seus minérios emprestados, só que aí quando eu fui abrir o baú ele me atacou e tentou me engolir Aí então funcionou isso! Como assim funcionou? O que você tá travando? Eu sabia que algum dia algum ladrão poderia vir aqui e roubar as coisas do meu baú, só que eles não sabem que eu criei esse baú mutante Você criou um baú mutante com dentes afiados e perigoso, né? Você gostou? Eu odiei ele, eu odiei ele, olha só, cadê você? O baúzinho, cadê você? Tá escondido né? Olha aqui, olha aqui, ele tá comendo a parede da sua casa, não queria falar nada não, agora ele tá tentando morder eu Deixa eu comer uma maçã que eu tô com fome, eu sei, ele é agressivo até comigo De vez em quando Ele não te respeita?""",Avaliador_A,Avaliador_C
3,"Pra saber se ela impostou ou não, velho? Uhum. Cara, que legal, eu acho que aqui nessa nave tá sem nenhum impostor, pô, aqui, ó. Todo mundo que tá aqui dentro tá de algo... Uai, o Azul quer voltar lá, mano. Ele quer voltar. O Azul já tá querendo tasks, já. Quero café! Meu Deus! Encontrei um impostor! Olha! Nossa! Mano, o que que é isso? Caraca, eu contou... Tá a ruim da boca. Será que ele tá agressivo com os outros, velho? Não sei, não. Ele tem que trazer... Ó, ó o verdinho aqui tentando namorar a rosinha, vai pra lá. Mano, o verdinho não vai pra aí, não, velho. Eu acho que o roxo... Olha isso, velho, o roxo tá muito bravo, velho. Ô, marrom colou, marrom colou! Mas ele tá meio lentinho, né? Será que ele tá bugado? Você tá meio... Gente, mano... Tá tipo, quero água! Deixa eu ver o que que tá rolando pra cá também, vamos ver se alguém já começou a morrer aqui dentro do... Aqui você sabe o que que é, né? É o reator, não é, velho? Não, é aquela parte que você... Dos laser, né? Atira os laser pra quebrar as pedras.",0.7165278792381287,0.2537193894386291,0.0297527741640806,NEG,0.2553358078002929,0.0010726960608735,0.0261623244732618,0.0010296292603015,0.0742831975221633,0.004864789545536,0.0049155461601912,0.36095104,AuthenticGames,Minecraft,Minecraft PE - AMONG US NO MINECRAFT  CELULAR [1yf3_RIlns0],,GZ,GZ,GZ,"🎬 Canal: AuthenticGames | 🎥 Vídeo: Minecraft PE - AMONG US NO MINECRAFT  CELULAR [1yf3_RIlns0]
⏱️ Segmento/Index: 3
🤖 Consenso de IA: GZ (Detoxify: 0.255 | Perspective: 0.361)
──────────────────────────────────────────────────
Fala transcrita:
""Pra saber se ela impostou ou não, velho? Uhum. Cara, que legal, eu acho que aqui nessa nave tá sem nenhum impostor, pô, aqui, ó. Todo mundo que tá aqui dentro tá de algo... Uai, o Azul quer voltar lá, mano. Ele quer voltar. O Azul já tá querendo tasks, já. Quero café! Meu Deus! Encontrei um impostor! Olha! Nossa! Mano, o que que é isso? Caraca, eu contou... Tá a ruim da boca. Será que ele tá agressivo com os outros, velho? Não sei, não. Ele tem que trazer... Ó, ó o verdinho aqui tentando namorar a rosinha, vai pra lá. Mano, o verdinho não vai pra aí, não, velho. Eu acho que o roxo... Olha isso, velho, o roxo tá muito bravo, velho. Ô, marrom colou, marrom colou! Mas ele tá meio lentinho, né? Será que ele tá bugado? Você tá meio... Gente, mano... Tá tipo, quero água! Deixa eu ver o que que tá rolando pra cá também, vamos ver se alguém já começou a morrer aqui dentro do... Aqui você sabe o que que é, né? É o reator, não é, velho? Não, é aquela parte que você... Dos laser, né? Atira os laser pra quebrar as pedras.""",Avaliador_A,Avaliador_C
5,"Não basta matar metade do mapa, ainda tem que matar o meu squad Obrigada, Ana Lu Ana Lu, cercando ela ainda para pra fazer um coração, é brincadeira? Hahahaha Infelizmente cercaram a Tene, aí eu falei pra ela fazer Minha estratégia que é deitar e dar capa Confia na cauda Scarlett Sempre dá certo Ou não, né? Eu não sei como esse squad conseguiu ficar full até o final da partida Eu só sei que era eles contra a Ana Lu Eles encontraram ela, só que eles rusharam os quatro de vez Então não teve muito o que fazer, né, Ana Lu? Mas ainda assim ela conseguiu dar alguns esquivas, jogou umas granadas Ela caiu, mas caiu que nem uma guerreira Uma guerreira saiadinha Olha o capa A Ana Lu matou a Ana Lu Boiá, baby, escondirei-te pra fazer emot ainda, né?",0.5423912405967712,0.3164886236190796,0.1411201059818267,NEG,0.2066658437252044,0.0080966437235474,0.0425588823854923,0.0046487380750477,0.0319737717509269,0.0225513633340597,0.0046410509385168,0.32971194,Amy Scarlet,Roblox,Salinha com Influencers e Seguidores [LudXFCWvr2s],,GZ,GZ,GZ,"🎬 Canal: Amy Scarlet | 🎥 Vídeo: Salinha com Influencers e Seguidores [LudXFCWvr2s]
⏱️ Segmento/Index: 5
🤖 Consenso de IA: GZ (Detoxify: 0.207 | Perspective: 0.33)
──────────────────────────────────────────────────
Fala transcrita:
""Não basta matar metade do mapa, ainda tem que matar o meu squad Obrigada, Ana Lu Ana Lu, cercando ela ainda para pra fazer um coração, é brincadeira? Hahahaha Infelizmente cercaram a Tene, aí eu falei pra ela fazer Minha estratégia que é deitar e dar capa Confia na cauda Scarlett Sempre dá certo Ou não, né? Eu não sei como esse squad conseguiu ficar full até o final da partida Eu só sei que era eles contra a Ana Lu Eles encontraram ela, só que eles rusharam os quatro de vez Então não teve muito o que fazer, né, Ana Lu? Mas ainda assim ela conseguiu dar alguns esquivas, jogou umas granadas Ela caiu, mas caiu que nem uma guerreira Uma guerreira saiadinha Olha o capa A Ana Lu matou a Ana Lu Boiá, baby, escondirei-te pra fazer emot ainda, né?""",Avaliador_A,Avaliador_C
9,"Ai, sai, sai! Vai embora daqui, a gente tem que fugir! É tudo verdade! Você sabe uma história? Ai, socorro! Gente, eu queria maluco, hein? O garoto se apaixonou por mim, depois ele quis ser meu amigo e a gente viu o fantasma e agora eu tô fodendo! Tchau! Não, não vai embora sem mim!",0.3050538897514343,0.480917751789093,0.2140284031629562,NEU,0.8735700249671936,0.0062925075180828,0.1524981409311294,0.0035456726327538,0.0399978756904602,0.002601719694212,0.0288300532847642,0.5532103,Papile,Roblox,MENINO SE APAIXONOU POR MIM EU GOSTO DELE  - História Roblox [mUC2_tvWXcM],,T,T,T,"🎬 Canal: Papile | 🎥 Vídeo: MENINO SE APAIXONOU POR MIM EU GOSTO DELE  - História Roblox [mUC2_tvWXcM]
⏱️ Segmento/Index: 9
🤖 Consenso de IA: T (Detoxify: 0.874 | Perspective: 0.553)
──────────────────────────────────────────────────
Fala transcrita:
""Ai, sai, sai! Vai embora daqui, a gente tem que fugir! É tudo verdade! Você sabe uma história? Ai, socorro! Gente, eu queria maluco, hein? O garoto se apaixonou por mim, depois ele quis ser meu amigo e a gente viu o fantasma e agora eu tô fodendo! Tchau! Não, não vai embora sem mim!""",Avaliador_A,Avaliador_C
3,"Uhum Caraca, que da hora, mano Tu nem chegaria perto de mim por causa do medo, cara Ah, não chego, nada, tá doido? Enquanto você tá como um crocodilo eu chego nem perto de você Tem que quebrar aqui, os negócios, mano, ele é muito grande Pra cair, pra pegar os itens é bem difícil O crocodilo, o crocodilo, o crocodilo, o crocodilo, o crocodilo Ih, meu Deus do céu, o crocodilo O crocodilo É o portão, bom, já fiz a minha picaretinha aqui Agora eu vou fazer uma pazinha porque eu vou precisar de pegar algumas coisas aqui, né? E por enquanto eu acho que eu estou seguro, o K.R. não vai se atrever a chegar perto de mim Eu por enquanto não, ainda não, mas daqui a pouco eu com certeza vou, mano Mas eu vou ficar perto pra não me deixar você ir pro Nether também, né? Eu posso te atrapalhar É verdade, eu posso ir agora, mano Eu posso te atrapalhar Ah, mano, eu vou virar outro bicho agora Ai, que beleza, velho Não acredito Beleza, eu acho que eu virei um sapo, velho Ah, bom, aí já é um ótimo momento pra te caçar porque sapo eu acho que não tem poder, né? Ele tem um poderzinho aqui Até sapo tem poder, qual o poder do sapo?",0.6565359830856323,0.281676322221756,0.0617876872420311,NEG,0.7250718474388123,0.0126855792477726,0.0590401254594326,0.0066731367260217,0.0526658967137336,0.0075487876310944,0.0390146486461162,0.36095104,Kass e KR,Minecraft,TROLEI meu AMIGO virando MOB customizado no Caçador vs. Speedrunner [53d1LB42kuI],,GZ,GZ,GZ,"🎬 Canal: Kass e KR | 🎥 Vídeo: TROLEI meu AMIGO virando MOB customizado no Caçador vs. Speedrunner [53d1LB42kuI]
⏱️ Segmento/Index: 3
🤖 Consenso de IA: GZ (Detoxify: 0.725 | Perspective: 0.361)
──────────────────────────────────────────────────
Fala transcrita:
""Uhum Caraca, que da hora, mano Tu nem chegaria perto de mim por causa do medo, cara Ah, não chego, nada, tá doido? Enquanto você tá como um crocodilo eu chego nem perto de você Tem que quebrar aqui, os negócios, mano, ele é muito grande Pra cair, pra pegar os itens é bem difícil O crocodilo, o crocodilo, o crocodilo, o crocodilo, o crocodilo Ih, meu Deus do céu, o crocodilo O crocodilo É o portão, bom, já fiz a minha picaretinha aqui Agora eu vou fazer uma pazinha porque eu vou precisar de pegar algumas coisas aqui, né? E por enquanto eu acho que eu estou seguro, o K.R. não vai se atrever a chegar perto de mim Eu por enquanto não, ainda não, mas daqui a pouco eu com certeza vou, mano Mas eu vou ficar perto pra não me deixar você ir pro Nether também, né? Eu posso te atrapalhar É verdade, eu posso ir agora, mano Eu posso te atrapalhar Ah, mano, eu vou virar outro bicho agora Ai, que beleza, velho Não acredito Beleza, eu acho que eu virei um sapo, velho Ah, bom, aí já é um ótimo momento pra te caçar porque sapo eu acho que não tem poder, né? Ele tem um poderzinho aqui Até sapo tem poder, qual o poder do sapo?""",Avaliador_A,Avaliador_C
11,"Meu Deus do céu. Meu Deus do céu. Porra, Zin. Aí, levanta. Tá muito preguiçosa, porquinha, cabrinha. Ah, o cara não vem aqui para eu dar o ataque final nele. Ele tá roubando. Isso, voltou, pessoal. Agora vai ser o grande momento. Acho que dá para terminar. Dá para terminar a luta. Não. Vai, vai, vai. Isso. Ele tá com um pouquinho de vida. Ah, não morreu. Ele ficou com um de vida. Um de vida só. Na próxima eu consigo. Ele tá repetindo o ataque dele, ó. Ô, fazendeiro, vem aqui para o meio para nós conversar, meu querido. Vai ser o último ataque em você. Aí você vai poder descansar, tá bom? Aí, ó. Toma. Ah, que mentira. Ele foi embora. Ele foi embora. Peraí. Ele falou, espera aí, me dá um segundo. O quê? Ele me deu uma bola de futebol. Ele falou assim, você só pode esperar porque vai vir próximo. Eu acho que ele não tinha nada preparado, né, para ser tipo a continuação da batalha ou algo assim. Ele falou assim, fica com você aí por enquanto. Estou de volta, ele falou.",0.9055001735687256,0.0659184828400611,0.0285813435912132,NEG,0.9653468132019044,0.0115734348073601,0.799731969833374,0.0015775655629113,0.5020158290863037,0.0103163737803697,0.0257557015866041,0.5566829,Tex HS,Roblox,PORCO enfrenta o FINAL BOSS Goat Simulator 3  Parte 14 [ai8DSxVOOQc],,T,T,T,"🎬 Canal: Tex HS | 🎥 Vídeo: PORCO enfrenta o FINAL BOSS Goat Simulator 3  Parte 14 [ai8DSxVOOQc]
⏱️ Segmento/Index: 11
🤖 Consenso de IA: T (Detoxify: 0.965 | Perspective: 0.557)
──────────────────────────────────────────────────
Fala transcrita:
""Meu Deus do céu. Meu Deus do céu. Porra, Zin. Aí, levanta. Tá muito preguiçosa, porquinha, cabrinha. Ah, o cara não vem aqui para eu dar o ataque final nele. Ele tá roubando. Isso, voltou, pessoal. Agora vai ser o grande momento. Acho que dá para terminar. Dá para terminar a luta. Não. Vai, vai, vai. Isso. Ele tá com um pouquinho de vida. Ah, não morreu. Ele ficou com um de vida. Um de vida só. Na próxima eu consigo. Ele tá repetindo o ataque dele, ó. Ô, fazendeiro, vem aqui para o meio para nós conversar, meu querido. Vai ser o último ataque em você. Aí você vai poder descansar, tá bom? Aí, ó. Toma. Ah, que mentira. Ele foi embora. Ele foi embora. Peraí. Ele falou, espera aí, me dá um segundo. O quê? Ele me deu uma bola de futebol. Ele falou assim, você só pode esperar porque vai vir próximo. Eu acho que ele não tinha nada preparado, né, para ser tipo a continuação da batalha ou algo assim. Ele falou assim, fica com você aí por enquanto. Estou de volta, ele falou.""",Avaliador_A,Avaliador_C
15,"000 anos depois Depois de tudo que eu fiz por você Pare com isso chefinho Agora já tudo acabou, estamos saindo do circo E você pode parar com isso Agora mesmo Tchau querido Ah não, estamos saindo do circo E você não pode nos parar dessa vez né É isso E o que aconteceu com o Pat e o chefe? Quem é esse outro palhaço aqui? O show precisa continuar O que é esse palhaço? Era o chefe cara Eles transformaram ele em um palhaço Vocês viram?",0.9740167260169984,0.0141706150025129,0.0118126813322305,NEG,0.5225945711135864,0.002736002439633,0.0400618277490139,0.0038791552651673,0.1409326791763305,0.0029995162039995,0.0035387419629842,0.39842087,Tex HS,Roblox,A TRISTE HISTÓRIA DO PALHAÇO PATCHY Roblox Patchy Origin [VyAi-rZWzEE],,GZ,GZ,GZ,"🎬 Canal: Tex HS | 🎥 Vídeo: A TRISTE HISTÓRIA DO PALHAÇO PATCHY Roblox Patchy Origin [VyAi-rZWzEE]
⏱️ Segmento/Index: 15
🤖 Consenso de IA: GZ (Detoxify: 0.523 | Perspective: 0.398)
──────────────────────────────────────────────────
Fala transcrita:
""000 anos depois Depois de tudo que eu fiz por você Pare com isso chefinho Agora já tudo acabou, estamos saindo do circo E você pode parar com isso Agora mesmo Tchau querido Ah não, estamos saindo do circo E você não pode nos parar dessa vez né É isso E o que aconteceu com o Pat e o chefe? Quem é esse outro palhaço aqui? O show precisa continuar O que é esse palhaço? Era o chefe cara Eles transformaram ele em um palhaço Vocês viram?""",Avaliador_A,Avaliador_C
40,"Inclusive, tem esse quadro que é fake. E eu acho que uma coisa que eu não entendi aqui é que tem um templo do deserto no meio da vila. Estranho, né? É, né, Eduarda? É muito estranho isso. Inclusive, eu vou procurar dentro desse templo, né? Por que não? Porque até agora a Eduarda não se escondeu aqui, então é bem improvável, galera. Por que é bem improvável? Eu não entendi. Ah, por quê, Eduarda? Não sei, tem um village aqui, ó. Tem um village aqui escondendo. Ué, o village, ele gosta de... Ah, não é assim, não, Eduarda. Na última vez você era um village, para de tentar me enganar. Tá, deixa eu procurar aqui. Ok. Ué, será que a Eduarda está aqui embaixo? Não, não, não, não. Não! Não, Eduarda, não, não clique aí! Se você clicar aí, vai explodir tudo! Desafiei minha amiga a me achar no Scodesconde no Minecraft. Mas o que ela não sabe é que eu tenho vários disfarces secretos. Beleza, Eduarda, pode começar a contar, porque eu já vou me esconder, hein? Ai, ai, ai, hein, Marcia? Eduarda, hoje, hoje não tem brincadeira, hoje não tem trollagem. Pode ficar tranquila.",0.7178317308425903,0.2655535042285919,0.0166147891432046,NEG,0.061172217130661,0.0031330646015703,0.0338892340660095,0.0050346655771136,0.0392304509878158,0.0017418598290532,0.0013384681660681,0.18079062,Marcelodrv,Minecraft,24 HORAS TROLLANDO minha amiga no Esconde-Esconde - O FILME [S5Bfat_1vdc],,NT,NT,NT,"🎬 Canal: Marcelodrv | 🎥 Vídeo: 24 HORAS TROLLANDO minha amiga no Esconde-Esconde - O FILME [S5Bfat_1vdc]
⏱️ Segmento/Index: 40
🤖 Consenso de IA: NT (Detoxify: 0.061 | Perspective: 0.181)
──────────────────────────────────────────────────
Fala transcrita:
""Inclusive, tem esse quadro que é fake. E eu acho que uma coisa que eu não entendi aqui é que tem um templo do deserto no meio da vila. Estranho, né? É, né, Eduarda? É muito estranho isso. Inclusive, eu vou procurar dentro desse templo, né? Por que não? Porque até agora a Eduarda não se escondeu aqui, então é bem improvável, galera. Por que é bem improvável? Eu não entendi. Ah, por quê, Eduarda? Não sei, tem um village aqui, ó. Tem um village aqui escondendo. Ué, o village, ele gosta de... Ah, não é assim, não, Eduarda. Na última vez você era um village, para de tentar me enganar. Tá, deixa eu procurar aqui. Ok. Ué, será que a Eduarda está aqui embaixo? Não, não, não, não. Não! Não, Eduarda, não, não clique aí! Se você clicar aí, vai explodir tudo! Desafiei minha amiga a me achar no Scodesconde no Minecraft. Mas o que ela não sabe é que eu tenho vários disfarces secretos. Beleza, Eduarda, pode começar a contar, porque eu já vou me esconder, hein? Ai, ai, ai, hein, Marcia? Eduarda, hoje, hoje não tem brincadeira, hoje não tem trollagem. Pode ficar tranquila.""",Avaliador_A,Avaliador_C
10,Bora porra vamos ajeitar aqui Tira um pinto ai macho aquela portada do gelo que eu botei mas tu ficou foi massa Vou tirar vou tirar vou tirar Ema conseguimos olha fizemos todas as missões Agora só falta aquela missão lá né Que tem que passar três dias e três notas Eita doido que vacilo olha o cara caiu acho que ele dormiu olha Eita tava bem pertinho de terminar a missão naquele momento nós fizemos sair tudo de besta pô Não mas tem nada não né eu já zerei meu passe mesmo eu comprei foi os emblema eu comprei os emblema pré-venda E nada não beleza é isso ai,0.558168351650238,0.25507852435112,0.1867531388998031,NEG,0.9797471761703492,0.0183071680366992,0.0964921563863754,0.008282640017569,0.0668822675943374,0.0091915223747491,0.1161811873316764,0.4013387,meu nome é david,Roblox,FREE FIRE NA VIDA REAL - ZERANDO O PASSE DE ELITE [OcqIPf_Vxwg],,T,T,T,"🎬 Canal: meu nome é david | 🎥 Vídeo: FREE FIRE NA VIDA REAL - ZERANDO O PASSE DE ELITE [OcqIPf_Vxwg]
⏱️ Segmento/Index: 10
🤖 Consenso de IA: T (Detoxify: 0.98 | Perspective: 0.401)
──────────────────────────────────────────────────
Fala transcrita:
""Bora porra vamos ajeitar aqui Tira um pinto ai macho aquela portada do gelo que eu botei mas tu ficou foi massa Vou tirar vou tirar vou tirar Ema conseguimos olha fizemos todas as missões Agora só falta aquela missão lá né Que tem que passar três dias e três notas Eita doido que vacilo olha o cara caiu acho que ele dormiu olha Eita tava bem pertinho de terminar a missão naquele momento nós fizemos sair tudo de besta pô Não mas tem nada não né eu já zerei meu passe mesmo eu comprei foi os emblema eu comprei os emblema pré-venda E nada não beleza é isso ai""",Avaliador_A,Avaliador_C
5,"Ó, tá ligando. Pera aí. Desliga ali, ó. Uba! Eita! Nossa, que isso, velho! Como é que abre aquele... Oh, meu Deus! Eita! É aqui que a gente tem que jogar o golem, né, velho? Isso daí é pra macetar o golem, cara. Pera, pessoal, eu tenho um machado aqui, vamos buscar esse bicho. Meu Deus, ele pegou o Dades! Não, não! Bombando, mano! Não, não! Não, não, não! Dá um machado neles, fi! Toma! E agora? Toma, mano! Eu vou fazer ele voar, vou fazer ele voar! Vamos, vamos, vamos! O Dades é treinando com ele, velho! Que louco! Que que é isso, velho? Que que é isso, velho? Galera, galera, consegui montar no bicho, velho! Cuidado, Lisp! Nossa, o Dades foi de mim! Vai com ele, Lisp! Meu Deus, vai pra armadilha! Vai pra casa da definição, fi! Tá vindo, tá vindo! Vai, vai, vai! Ele foi, ele foi!",0.4606078267097473,0.3988516628742218,0.140540525317192,NEG,0.3266798853874206,0.0020153853110969,0.0319405011832714,0.0017042818944901,0.04315747320652,0.0066901096142828,0.0089247776195406,0.39669925,AuthenticGames,Minecraft,VINICCIUS13 e DAVI CRIARAM um GOLEM de REDSTONE - Minecraft Vila dos YouTubers EP.03 [BCa00Pqwa4E],,GZ,GZ,GZ,"🎬 Canal: AuthenticGames | 🎥 Vídeo: VINICCIUS13 e DAVI CRIARAM um GOLEM de REDSTONE - Minecraft Vila dos YouTubers EP.03 [BCa00Pqwa4E]
⏱️ Segmento/Index: 5
🤖 Consenso de IA: GZ (Detoxify: 0.327 | Perspective: 0.397)
──────────────────────────────────────────────────
Fala transcrita:
""Ó, tá ligando. Pera aí. Desliga ali, ó. Uba! Eita! Nossa, que isso, velho! Como é que abre aquele... Oh, meu Deus! Eita! É aqui que a gente tem que jogar o golem, né, velho? Isso daí é pra macetar o golem, cara. Pera, pessoal, eu tenho um machado aqui, vamos buscar esse bicho. Meu Deus, ele pegou o Dades! Não, não! Bombando, mano! Não, não! Não, não, não! Dá um machado neles, fi! Toma! E agora? Toma, mano! Eu vou fazer ele voar, vou fazer ele voar! Vamos, vamos, vamos! O Dades é treinando com ele, velho! Que louco! Que que é isso, velho? Que que é isso, velho? Galera, galera, consegui montar no bicho, velho! Cuidado, Lisp! Nossa, o Dades foi de mim! Vai com ele, Lisp! Meu Deus, vai pra armadilha! Vai pra casa da definição, fi! Tá vindo, tá vindo! Vai, vai, vai! Ele foi, ele foi!""",Avaliador_A,Avaliador_C
10,"Um velho amigo? Ah, eu já sei! Deve ser o Furious! Deve ser o Furious que veio me visitar porque eu fui preso! Atos! Esse não é o Furious! Chá, de que você tá fazendo aqui? Eu sabia que você ia ficar preso aí! É, eu tô preso! Agora me ajuda a sair daqui! Ah, com certeza eu vou te ajudar! Vou te ajudar! Deixa eu ver, o que eu posso te dar pra te ajudar? Ah, não trouxe nada! Ah, que raiva de você! Mas sabe de uma coisa, Shand? O quê? Eu tô com todos os meus diamantes aqui! Quantos diamantes você tem? Eu tenho um monte de diamantes! Ah, guarda, guarda, guarda, guarda! Ele tá usando o diamante pronto! Ah, esconde os diamantes embaixo da cama! Como é que é? Quem tá usando o diamante pronto aí? Não, ele tá ficando maluco! Não tem diamante de coisa nenhuma! E aqueles diamantes ali? Eu tô vendo! Ah, não, não, ele vai levar os diamantes embora! Diamante pronto na prisão! Você vai ter mais uma sentença! Não é diamante pronto! Eu me darei esses diamantes antes do jogo começar! E ele quer me deixar mais tempo na prisão!",0.4418346285820007,0.4884298145771026,0.0697355195879936,NEU,0.4220408201217651,0.0036808270961046,0.0390398576855659,0.0015937308780848,0.0591369271278381,0.0277541354298591,0.0053440313786268,0.22177623,Athos,Minecraft,Polícia e Ladrão no Minecraft [40GzUlhfRaI],,GZ,GZ,GZ,"🎬 Canal: Athos | 🎥 Vídeo: Polícia e Ladrão no Minecraft [40GzUlhfRaI]
⏱️ Segmento/Index: 10
🤖 Consenso de IA: GZ (Detoxify: 0.422 | Perspective: 0.222)
──────────────────────────────────────────────────
Fala transcrita:
""Um velho amigo? Ah, eu já sei! Deve ser o Furious! Deve ser o Furious que veio me visitar porque eu fui preso! Atos! Esse não é o Furious! Chá, de que você tá fazendo aqui? Eu sabia que você ia ficar preso aí! É, eu tô preso! Agora me ajuda a sair daqui! Ah, com certeza eu vou te ajudar! Vou te ajudar! Deixa eu ver, o que eu posso te dar pra te ajudar? Ah, não trouxe nada! Ah, que raiva de você! Mas sabe de uma coisa, Shand? O quê? Eu tô com todos os meus diamantes aqui! Quantos diamantes você tem? Eu tenho um monte de diamantes! Ah, guarda, guarda, guarda, guarda! Ele tá usando o diamante pronto! Ah, esconde os diamantes embaixo da cama! Como é que é? Quem tá usando o diamante pronto aí? Não, ele tá ficando maluco! Não tem diamante de coisa nenhuma! E aqueles diamantes ali? Eu tô vendo! Ah, não, não, ele vai levar os diamantes embora! Diamante pronto na prisão! Você vai ter mais uma sentença! Não é diamante pronto! Eu me darei esses diamantes antes do jogo começar! E ele quer me deixar mais tempo na prisão!""",Avaliador_A,Avaliador_C
3,"Um pedaço de pizza Vou usar Porque daí eu acho que eu atiro mais rápido se não me engano Nossa, tá muito rápido a minha arma Ooooooooh Parece um touro bravo Correu mais uma, beleza Tô vendo alguém aqui hein, acabou de spawnar hein Morreu Você... errou, errou Para de se mexer, obrigado Isso é um pedaço de pizza Obrigado Esse alarma, o que que é isso? Árvore de ouro pessoal Spawnou uma árvore de ouro em algum lugar Eu tô vendo ela ó É uma árvore de ouro mesmo Tomara que eu seja o primeiro a chegar lá, vamos ver Tem alguém por perto?",0.111545093357563,0.6785116791725159,0.2099432349205017,NEU,0.3438725769519806,0.0111440774053335,0.0513358227908611,0.0053955065086483,0.037304762750864,0.013348457403481,0.0069972118362784,0.3625127,Tex HS,Roblox,PQ OS INCRITOS FIZERAM ISSO COMIGO Roblox Stick Guns [BtOYxzWeTT4],,GZ,GZ,GZ,"🎬 Canal: Tex HS | 🎥 Vídeo: PQ OS INCRITOS FIZERAM ISSO COMIGO Roblox Stick Guns [BtOYxzWeTT4]
⏱️ Segmento/Index: 3
🤖 Consenso de IA: GZ (Detoxify: 0.344 | Perspective: 0.363)
──────────────────────────────────────────────────
Fala transcrita:
""Um pedaço de pizza Vou usar Porque daí eu acho que eu atiro mais rápido se não me engano Nossa, tá muito rápido a minha arma Ooooooooh Parece um touro bravo Correu mais uma, beleza Tô vendo alguém aqui hein, acabou de spawnar hein Morreu Você... errou, errou Para de se mexer, obrigado Isso é um pedaço de pizza Obrigado Esse alarma, o que que é isso? Árvore de ouro pessoal Spawnou uma árvore de ouro em algum lugar Eu tô vendo ela ó É uma árvore de ouro mesmo Tomara que eu seja o primeiro a chegar lá, vamos ver Tem alguém por perto?""",Avaliador_A,Avaliador_C
8,"Eu ia pensar, tipo assim, Cadres, quando tu fizer uns apartamentos aqui Tu pode fazer um vídeo, tipo assim, tur pelo meu prédio às 3 da manhã Ah, nossa, mano, tem que ter coragem pra entrar ali às 3 da manhã É, vai aparecer uns reflexos ali nas janelas dos fantasmas, assim Ah, tem que ter coragem, tem que criar coragem ainda pra entrar ali, velho, eu não tenho ainda não Relaxa que eu vou junto contigo Beleza, então quando eu for eu vou te chamar Você vai na frente Não, eu só vou cagado ainda, eu só acompanho, eu não lidero não Eita, então vamos ter que chamar outra pessoa pra ir na frente, eu também não vou não Ah, vamos chamar o Esponja Eita, eu acho que então a gente vai precisar de outra pessoa Pelo que eu conheci, ele também é cardão O Esponja vai se molhar todo Esponja molhada Mas, Tônegon, vamos focar no vídeo de hoje porque a gente ainda falta um material pra gente construir a Asa Delta Que vai ser a lã, e eu não tenho ela aqui, a gente vai ter que comprar ela E tem uma pessoa aqui no servidor que vende, que é o Lupe Ó, comerciante de sucesso de tecidos Sim, velho, ele pegou e montou ali um prédiozinho e tá vendendo naquele prédio ali um monte de lã Então vamos ali pra gente comprar Aham, vamos as compras Ah, mas calma aí, não é possível, Cadris, tem uma ponte mó bonitona aqui, a gente vai usar isso daqui, esse negócio podre",0.1633246541023254,0.729042112827301,0.1076331734657287,NEU,0.2360335290431976,0.0061174184083938,0.0527083650231361,0.004403157159686,0.0492547713220119,0.0038564149290323,0.0046412139199674,0.20009702,Cadres,Minecraft,CHAMEI O TONIGON PRA FAZER ASA DELTAS NO Minecraft 1.17 - Engrenados [h0Z_uUmWnPk],,GZ,GZ,GZ,"🎬 Canal: Cadres | 🎥 Vídeo: CHAMEI O TONIGON PRA FAZER ASA DELTAS NO Minecraft 1.17 - Engrenados [h0Z_uUmWnPk]
⏱️ Segmento/Index: 8
🤖 Consenso de IA: GZ (Detoxify: 0.236 | Perspective: 0.2)
──────────────────────────────────────────────────
Fala transcrita:
""Eu ia pensar, tipo assim, Cadres, quando tu fizer uns apartamentos aqui Tu pode fazer um vídeo, tipo assim, tur pelo meu prédio às 3 da manhã Ah, nossa, mano, tem que ter coragem pra entrar ali às 3 da manhã É, vai aparecer uns reflexos ali nas janelas dos fantasmas, assim Ah, tem que ter coragem, tem que criar coragem ainda pra entrar ali, velho, eu não tenho ainda não Relaxa que eu vou junto contigo Beleza, então quando eu for eu vou te chamar Você vai na frente Não, eu só vou cagado ainda, eu só acompanho, eu não lidero não Eita, então vamos ter que chamar outra pessoa pra ir na frente, eu também não vou não Ah, vamos chamar o Esponja Eita, eu acho que então a gente vai precisar de outra pessoa Pelo que eu conheci, ele também é cardão O Esponja vai se molhar todo Esponja molhada Mas, Tônegon, vamos focar no vídeo de hoje porque a gente ainda falta um material pra gente construir a Asa Delta Que vai ser a lã, e eu não tenho ela aqui, a gente vai ter que comprar ela E tem uma pessoa aqui no servidor que vende, que é o Lupe Ó, comerciante de sucesso de tecidos Sim, velho, ele pegou e montou ali um prédiozinho e tá vendendo naquele prédio ali um monte de lã Então vamos ali pra gente comprar Aham, vamos as compras Ah, mas calma aí, não é possível, Cadris, tem uma ponte mó bonitona aqui, a gente vai usar isso daqui, esse negócio podre""",Avaliador_A,Avaliador_C
5,"Não, não vou Eu só vou pegar um chocolate aqui Porque a neguilinha deixou aqui Pros neguilinhos pegarem e enxerem o baldinho Eu vou enxer o meu baldinho também, Luca Então pega aí, ó Ai, pegar chocolate Ó, vou comer aqui meu docinho Hum! Esse aqui, ó Esse aqui, ó Sem bater Ah! Tá bom, tá bom, tá bom Eu já me sentei, você pode dirigir Posso, dirijo, dirijo Minha empresa é só um pouquinho emprestada Ela não deixa eu dirigir No carritio De quem será esse carritio? De quem será?",0.0956452339887619,0.7337411046028137,0.1706136614084243,NEU,0.0262169633060693,0.0054263565689325,0.0433174781501293,0.0059638922102749,0.0363646410405635,0.0026016924530267,0.0030260563362389,0.07687678,Luluca Games,Roblox,Roblox - FESTA DE HALLOWEEN NA MANSÃO DO BLOXBURG Bloxburg  Luluca Games [QFQQYXvVX2g],0.0956452414393425,NT,NT,NT,"🎬 Canal: Luluca Games | 🎥 Vídeo: Roblox - FESTA DE HALLOWEEN NA MANSÃO DO BLOXBURG Bloxburg  Luluca Games [QFQQYXvVX2g]
⏱️ Segmento/Index: 5
🤖 Consenso de IA: NT (Detoxify: 0.026 | Perspective: 0.077)
──────────────────────────────────────────────────
Fala transcrita:
""Não, não vou Eu só vou pegar um chocolate aqui Porque a neguilinha deixou aqui Pros neguilinhos pegarem e enxerem o baldinho Eu vou enxer o meu baldinho também, Luca Então pega aí, ó Ai, pegar chocolate Ó, vou comer aqui meu docinho Hum! Esse aqui, ó Esse aqui, ó Sem bater Ah! Tá bom, tá bom, tá bom Eu já me sentei, você pode dirigir Posso, dirijo, dirijo Minha empresa é só um pouquinho emprestada Ela não deixa eu dirigir No carritio De quem será esse carritio? De quem será?""",Avaliador_A,Avaliador_C
0,"No começo do vídeo de hoje eu quero mostrar pra vocês este meu fone que muda de cor toda hora! Ó, tá mudando, tá mudando! Uhul, uhul, meu fone muda de cor! Parece até que eu tô na balada! Fala sério, eu mereço 10 mil likes depois disso, né? Falando em balada, que tal a gente fazer uma batalha de dança e canto? Prontinho, postei mais um vídeo! É, tô falando do jogo Friday Night Funkies! Ó, tô aqui no fundo dele. Bora criar o personagem do jogo no Roblox. Se inscreve aqui e comenta qual é a sua cor preferida. Vamos lá, gente! Então vamos começar! Aqui tô eu no meu editor de avatar no Roblox e nós vamos começar a transformação. Nós vamos virar a girlfriend daquela garotinha do Friday Night Funkies.",0.0627748370170593,0.6839965581893921,0.2532286345958709,NEU,0.0352358818054199,0.0028338015545159,0.0396190583705902,0.0043199560604989,0.0223448406904935,0.0010716067627072,0.0022587918210774,0.19314334,Papile,Roblox,VIVENDO COMO FRIDAY NIGHT FUNKIN  no ROBLOX GIRLFRIEND FNF [sDFcsEbFKnQ],,NT,NT,NT,"🎬 Canal: Papile | 🎥 Vídeo: VIVENDO COMO FRIDAY NIGHT FUNKIN  no ROBLOX GIRLFRIEND FNF [sDFcsEbFKnQ]
⏱️ Segmento/Index: 0
🤖 Consenso de IA: NT (Detoxify: 0.035 | Perspective: 0.193)
──────────────────────────────────────────────────
Fala transcrita:
""No começo do vídeo de hoje eu quero mostrar pra vocês este meu fone que muda de cor toda hora! Ó, tá mudando, tá mudando! Uhul, uhul, meu fone muda de cor! Parece até que eu tô na balada! Fala sério, eu mereço 10 mil likes depois disso, né? Falando em balada, que tal a gente fazer uma batalha de dança e canto? Prontinho, postei mais um vídeo! É, tô falando do jogo Friday Night Funkies! Ó, tô aqui no fundo dele. Bora criar o personagem do jogo no Roblox. Se inscreve aqui e comenta qual é a sua cor preferida. Vamos lá, gente! Então vamos começar! Aqui tô eu no meu editor de avatar no Roblox e nós vamos começar a transformação. Nós vamos virar a girlfriend daquela garotinha do Friday Night Funkies.""",Avaliador_A,Avaliador_C
6,"Tira aí esse pedacinho aqui e coloca um... E desenha aqui ó. Tá, é porque assim, eu acho que eu não tenho muita madeira né. Acabou a madeira. Tá, meu Deus do céu. Preciso pegar mais galera, preciso pegar mais, calma ai. Tá ficando difícil hein. É difícil mano, vou pegar bastante. Deixa eu jogar aqui, eu tô com muito placo ruim aqui no inventário. Tá ficando difícil. Até agora vai, até agora vai. Isso aqui tá alto. Isso aqui não vou usar. Um cozinho mais alto. Esse aqui também não vou usar. Esse aqui também não. Meu Deus, o que que é isso? Você pensa que fala caramba, eu tenho muito bloco aqui. E você vai... E dá. E não dá mano. E não dá né velho, exatamente. Deixa eu tirar aqui o Raw Region. Aí a gente tira essezinho aqui ó. O que que você fez? Tirei só o do lado aqui ó. Vai ficar certinho. Tira o de baixo. Vai tirar? Aham, deixa eu tirar. Tá, tá beleza. Mano olha isso aqui, a gente já tem uma estrutura. E daqui a pouco o tornado chega. Não tá aparecendo nada aqui ainda. Não tá aparecendo nada aqui ainda.",0.8604291081428528,0.1046066358685493,0.0349642038345336,NEG,0.445661723613739,0.0083619207143783,0.0627683922648429,0.0045485678128898,0.0409314632415771,0.0048452946357429,0.0060448488220572,0.22445217,Kass e KR,Minecraft,CASA de BRINQUEDO contra DESASTRES no Minecraft [zF9wwsrOlT0],,GZ,GZ,GZ,"🎬 Canal: Kass e KR | 🎥 Vídeo: CASA de BRINQUEDO contra DESASTRES no Minecraft [zF9wwsrOlT0]
⏱️ Segmento/Index: 6
🤖 Consenso de IA: GZ (Detoxify: 0.446 | Perspective: 0.224)
──────────────────────────────────────────────────
Fala transcrita:
""Tira aí esse pedacinho aqui e coloca um... E desenha aqui ó. Tá, é porque assim, eu acho que eu não tenho muita madeira né. Acabou a madeira. Tá, meu Deus do céu. Preciso pegar mais galera, preciso pegar mais, calma ai. Tá ficando difícil hein. É difícil mano, vou pegar bastante. Deixa eu jogar aqui, eu tô com muito placo ruim aqui no inventário. Tá ficando difícil. Até agora vai, até agora vai. Isso aqui tá alto. Isso aqui não vou usar. Um cozinho mais alto. Esse aqui também não vou usar. Esse aqui também não. Meu Deus, o que que é isso? Você pensa que fala caramba, eu tenho muito bloco aqui. E você vai... E dá. E não dá mano. E não dá né velho, exatamente. Deixa eu tirar aqui o Raw Region. Aí a gente tira essezinho aqui ó. O que que você fez? Tirei só o do lado aqui ó. Vai ficar certinho. Tira o de baixo. Vai tirar? Aham, deixa eu tirar. Tá, tá beleza. Mano olha isso aqui, a gente já tem uma estrutura. E daqui a pouco o tornado chega. Não tá aparecendo nada aqui ainda. Não tá aparecendo nada aqui ainda.""",Avaliador_A,Avaliador_C
13,"A Mandinha foi a melhor jogadora, porque ela conseguiu escapar e conseguiu ganhar outra partida. Ponto pra ela! Ai! tokam surrounding",0.0250230617821216,0.074366994202137,0.9006099700927734,POS,0.0043029123917222,0.0003200287465006,0.0044747395440936,0.0004378265875857,0.0023585890885442,0.0007514524040743,0.0012447271728888,0.012943043,Lokis,Roblox,CORRENDO DA COBRA MALVADA  Roblox - Snakey [XsryfSCmOFI],,NT,NT,NT,"🎬 Canal: Lokis | 🎥 Vídeo: CORRENDO DA COBRA MALVADA  Roblox - Snakey [XsryfSCmOFI]
⏱️ Segmento/Index: 13
🤖 Consenso de IA: NT (Detoxify: 0.004 | Perspective: 0.013)
──────────────────────────────────────────────────
Fala transcrita:
""A Mandinha foi a melhor jogadora, porque ela conseguiu escapar e conseguiu ganhar outra partida. Ponto pra ela! Ai! tokam surrounding""",Avaliador_A,Avaliador_C
22,"Peguei mais um brinquedo do Naru É o Homem-Aranha, ele tá aqui na minha casinha de terra Ih, minha casinha de terra cheia de brinquedos Eu tenho um objetivo também Meus brinquedos tudo um pulo, tá ficando doido Enquanto o Naru tá lá embaixo chorando Eu poderia pegar todos os diamantes dele Mas tá muito engraçado virar brinquedos e assustar ele Deixa eu ver pra onde é que o Naru foi Aqui, ele passou correndo ali embaixo Eu tenho que tentar chegar no azul babão sem ele ver Ou também o Buzz Lightyear Não, o Buzz Lightyear eu vou deixar pra depois Eu vou primeiro no azul babão, tirar ele E me transformei Agora eu vou começar a deixar bilhetinhos pro Naru Eu agora vou brincar com a galinha Ela lá pra lá benta e não me assusta Eu vou escrever um bilhete assim pra ele Tem um brinquedo novo que ninguém tem ainda Ele é o Sonic E não é um Sonic malvado É um Sonic fofinho Ele está na floresta Antes de vir pra cá eu deixei umas placas na floresta Dizendo que as alheias podem encontrar alguns brinquedos O Naru vai ter que procurar o brinquedo que tá escondido na floresta",0.1317952126264572,0.4240082204341888,0.4441965222358703,POS,0.0177956111729145,0.0022670556791126,0.020338661968708,0.0019983621314167,0.0192693267017602,0.0019872861448675,0.002530000405386,0.04240986,Athos,Minecraft,ASSUSTEI MEU BEBÊ COM BRINQUEDOS MONSTROS NO MINECRAFT [iGUQlMSdgmI],,NT,NT,NT,"🎬 Canal: Athos | 🎥 Vídeo: ASSUSTEI MEU BEBÊ COM BRINQUEDOS MONSTROS NO MINECRAFT [iGUQlMSdgmI]
⏱️ Segmento/Index: 22
🤖 Consenso de IA: NT (Detoxify: 0.018 | Perspective: 0.042)
──────────────────────────────────────────────────
Fala transcrita:
""Peguei mais um brinquedo do Naru É o Homem-Aranha, ele tá aqui na minha casinha de terra Ih, minha casinha de terra cheia de brinquedos Eu tenho um objetivo também Meus brinquedos tudo um pulo, tá ficando doido Enquanto o Naru tá lá embaixo chorando Eu poderia pegar todos os diamantes dele Mas tá muito engraçado virar brinquedos e assustar ele Deixa eu ver pra onde é que o Naru foi Aqui, ele passou correndo ali embaixo Eu tenho que tentar chegar no azul babão sem ele ver Ou também o Buzz Lightyear Não, o Buzz Lightyear eu vou deixar pra depois Eu vou primeiro no azul babão, tirar ele E me transformei Agora eu vou começar a deixar bilhetinhos pro Naru Eu agora vou brincar com a galinha Ela lá pra lá benta e não me assusta Eu vou escrever um bilhete assim pra ele Tem um brinquedo novo que ninguém tem ainda Ele é o Sonic E não é um Sonic malvado É um Sonic fofinho Ele está na floresta Antes de vir pra cá eu deixei umas placas na floresta Dizendo que as alheias podem encontrar alguns brinquedos O Naru vai ter que procurar o brinquedo que tá escondido na floresta""",Avaliador_A,Avaliador_C
2,"Ele, inclusive, tava pra lá, eu acabei de sair de lá. Pra lá? O templo de chocolate? É, sim, um templo todo de chocolate. Ah, então eu vou ir lá correndo. Tchau, Xande. Nossa, eu já tô andando um tempão e eu não encontrei nada. Parece que tem um templo ali na frente, era pra cá mesmo. É, mas isso também parece um cocôzão. Tá, mas provavelmente o chocolate vai tá aqui dentro. É só eu entrar e pegar. Não, peraí, tem monstro aqui dentro, é melhor eu correr. Ai, mas eu preciso dar um jeito de entrar ali, senão eu nunca vou sair do nível 1. Mas peraí, eu tenho um plano pra invadir ali sem derrotar nenhum desses monstros. E pra fazer isso é muito fácil. Eu só preciso ir muito longe desse templo e daí eles vão sumir. É, eu acho que essa distância já tá bom. Eles já devem ter sumido. E agora, provavelmente, se eu entrar lá dentro, eu vou conseguir pegar o chocolate. Sem nenhum monstro me ver. Ah, olha isso, funcionou mesmo. Peraí, tem bruxa aqui atrás, eu preciso ser rápido. Vem aqui, pega o chocolate e agora sai correndo, sai correndo.",0.3513149321079254,0.6002639532089233,0.0484211519360542,NEU,0.3184120655059814,0.0008826508419588,0.0262811575084924,0.000893285148777,0.1026289612054824,0.039118904620409,0.0017387410625815,0.25462922,Cadres,Minecraft,Eu Virei GORDO no Minecraft [PsxTnchVRvw],,GZ,GZ,GZ,"🎬 Canal: Cadres | 🎥 Vídeo: Eu Virei GORDO no Minecraft [PsxTnchVRvw]
⏱️ Segmento/Index: 2
🤖 Consenso de IA: GZ (Detoxify: 0.318 | Perspective: 0.255)
──────────────────────────────────────────────────
Fala transcrita:
""Ele, inclusive, tava pra lá, eu acabei de sair de lá. Pra lá? O templo de chocolate? É, sim, um templo todo de chocolate. Ah, então eu vou ir lá correndo. Tchau, Xande. Nossa, eu já tô andando um tempão e eu não encontrei nada. Parece que tem um templo ali na frente, era pra cá mesmo. É, mas isso também parece um cocôzão. Tá, mas provavelmente o chocolate vai tá aqui dentro. É só eu entrar e pegar. Não, peraí, tem monstro aqui dentro, é melhor eu correr. Ai, mas eu preciso dar um jeito de entrar ali, senão eu nunca vou sair do nível 1. Mas peraí, eu tenho um plano pra invadir ali sem derrotar nenhum desses monstros. E pra fazer isso é muito fácil. Eu só preciso ir muito longe desse templo e daí eles vão sumir. É, eu acho que essa distância já tá bom. Eles já devem ter sumido. E agora, provavelmente, se eu entrar lá dentro, eu vou conseguir pegar o chocolate. Sem nenhum monstro me ver. Ah, olha isso, funcionou mesmo. Peraí, tem bruxa aqui atrás, eu preciso ser rápido. Vem aqui, pega o chocolate e agora sai correndo, sai correndo.""",Avaliador_A,Avaliador_C
12,"É o som do Azul Babão Parece que ele tá perto Vamos olhando tudo por onde a gente caminha Pra ver se não vai achar ele Ai, ele tava atrás de mim Nossa, ele tava atrás de mim Ainda bem que a Tei aprendeu ele Matei Galera, que susto do Azul Babão Será que eu matei ele pra sempre? Ou será que ele vai voltar? Ali, encontrei Encontrei mais um daquele sorrisão Vamos pegar vários desses minérios de terror E agora acho que eu já posso fazer uma armadura completa Com tantos minérios de terror que eu já tenho Aí só quebrar esse e esse aqui também Boa, boa Ai, ai O Azul Babão tá aqui atrás Sai, Azul Babão Sai, sai, sai, sai, sai, sai Ai, como é que eu vou escapar dele?",0.0927509739995002,0.4895606338977813,0.4176884293556213,NEU,0.3115658760070801,0.0022634433116763,0.0187654420733451,0.0014900451060384,0.0142045002430677,0.1791038513183593,0.0032337461598217,0.30452284,Athos,Minecraft,Eu Juntei MINECRAFT  TERROR medo [WX-ZMTK8-mY],,GZ,GZ,GZ,"🎬 Canal: Athos | 🎥 Vídeo: Eu Juntei MINECRAFT  TERROR medo [WX-ZMTK8-mY]
⏱️ Segmento/Index: 12
🤖 Consenso de IA: GZ (Detoxify: 0.312 | Perspective: 0.305)
──────────────────────────────────────────────────
Fala transcrita:
""É o som do Azul Babão Parece que ele tá perto Vamos olhando tudo por onde a gente caminha Pra ver se não vai achar ele Ai, ele tava atrás de mim Nossa, ele tava atrás de mim Ainda bem que a Tei aprendeu ele Matei Galera, que susto do Azul Babão Será que eu matei ele pra sempre? Ou será que ele vai voltar? Ali, encontrei Encontrei mais um daquele sorrisão Vamos pegar vários desses minérios de terror E agora acho que eu já posso fazer uma armadura completa Com tantos minérios de terror que eu já tenho Aí só quebrar esse e esse aqui também Boa, boa Ai, ai O Azul Babão tá aqui atrás Sai, Azul Babão Sai, sai, sai, sai, sai, sai Ai, como é que eu vou escapar dele?""",Avaliador_A,Avaliador_C
8,"Eu queria a encontrar Eu não sei, eu não faço ideia Eu não sei, eu não faço ideia E o jogo acabou, conseguiram pegar ela Vamos jogar a outra batidinha Vamos aqui, vamos ver Eu vou trocar agora de personagem Se eu for no Infection, eu vou virar a elefantinha Cadê? Cadê agora que eu não tô achando? Aqui, beleza Bora, bora Agora não importa o mapa, a gente já conheceu o mapa A gente pode ir só no Infection pra ver como fica Ou a gente tem a chance também de virar a Pig, né? É, tem essas chances Tem, tem, tem Jupapili, fofas, fofas, vamos lá Todo mundo na cidade, gente, circo não Cidade, galera, circo não Tá bom, vamos no circo, vamos as novas pepinhas, as Pigsinhas no circo Círculo paciente, né? Infection de novo, por favor, gente Eu amo Infection Qual é o modo preferido de vocês? Não tem Infection Como assim não tem Infection?",0.0786046534776687,0.830769419670105,0.0906259343028068,NEU,0.0119088487699627,0.0065534524619579,0.0440439283847808,0.0065053142607212,0.0415121242403984,0.0022335716057568,0.0024041323922574,0.17805049,Papile,Roblox,NOVO CAPÍTULO 9 NA PIGGY DO ROBLOX NOVO MAPA PERSONAGENS E ARMADILHA Chapter 9 [JOTtBiQk79U],,NT,NT,NT,"🎬 Canal: Papile | 🎥 Vídeo: NOVO CAPÍTULO 9 NA PIGGY DO ROBLOX NOVO MAPA PERSONAGENS E ARMADILHA Chapter 9 [JOTtBiQk79U]
⏱️ Segmento/Index: 8
🤖 Consenso de IA: NT (Detoxify: 0.012 | Perspective: 0.178)
──────────────────────────────────────────────────
Fala transcrita:
""Eu queria a encontrar Eu não sei, eu não faço ideia Eu não sei, eu não faço ideia E o jogo acabou, conseguiram pegar ela Vamos jogar a outra batidinha Vamos aqui, vamos ver Eu vou trocar agora de personagem Se eu for no Infection, eu vou virar a elefantinha Cadê? Cadê agora que eu não tô achando? Aqui, beleza Bora, bora Agora não importa o mapa, a gente já conheceu o mapa A gente pode ir só no Infection pra ver como fica Ou a gente tem a chance também de virar a Pig, né? É, tem essas chances Tem, tem, tem Jupapili, fofas, fofas, vamos lá Todo mundo na cidade, gente, circo não Cidade, galera, circo não Tá bom, vamos no circo, vamos as novas pepinhas, as Pigsinhas no circo Círculo paciente, né? Infection de novo, por favor, gente Eu amo Infection Qual é o modo preferido de vocês? Não tem Infection Como assim não tem Infection?""",Avaliador_A,Avaliador_C
35,"Morri! Galera, eu vou jogar fora esse artefato também! Ele é meio zoado, vou reciclar ele! Ele não tá... não tá tancando, não! Tocar o machado de fogo agora! Eu tô com 9... Ai! Tem um bicho aqui, velho! Caraca! Quase morri pro zumbizão, velho! Nossa, vou morrer! Se eu morrer, ferrou! Nossa, morri, velho! Morri pra um zumbi! Caraca, não! Você vai morrer também! Eu sou corajoso, corajoso! Eu duvido, mano! Ai! Ai! Isso, cheguei morrendo, mano! Morreu, mano! Morreu! Nossa, cheguei só num tapa, cara! Iago chegou e faleceu! Se não for Luan, a gente morre, velho! Ó, mano! Todos morreram! Ahahahah! Ô Iagão, eu acho que a gente deveria... A gente deveria... Ó, voltou todo mundo? Cadê? Onde que tá a galera?",0.841835081577301,0.1119377017021179,0.0462272725999355,NEG,0.930577516555786,0.0103467823937535,0.0326257236301898,0.0050755077973008,0.0470544807612896,0.2647614777088165,0.014304082840681,0.54823303,AuthenticGames,Minecraft,Minecraft Dungeons - JOGANDO MULTIPLAYER COM MEUS AMIGOS   Jungle Awaken [VZEREmC0CJc],,T,T,T,"🎬 Canal: AuthenticGames | 🎥 Vídeo: Minecraft Dungeons - JOGANDO MULTIPLAYER COM MEUS AMIGOS   Jungle Awaken [VZEREmC0CJc]
⏱️ Segmento/Index: 35
🤖 Consenso de IA: T (Detoxify: 0.931 | Perspective: 0.548)
──────────────────────────────────────────────────
Fala transcrita:
""Morri! Galera, eu vou jogar fora esse artefato também! Ele é meio zoado, vou reciclar ele! Ele não tá... não tá tancando, não! Tocar o machado de fogo agora! Eu tô com 9... Ai! Tem um bicho aqui, velho! Caraca! Quase morri pro zumbizão, velho! Nossa, vou morrer! Se eu morrer, ferrou! Nossa, morri, velho! Morri pra um zumbi! Caraca, não! Você vai morrer também! Eu sou corajoso, corajoso! Eu duvido, mano! Ai! Ai! Isso, cheguei morrendo, mano! Morreu, mano! Morreu! Nossa, cheguei só num tapa, cara! Iago chegou e faleceu! Se não for Luan, a gente morre, velho! Ó, mano! Todos morreram! Ahahahah! Ô Iagão, eu acho que a gente deveria... A gente deveria... Ó, voltou todo mundo? Cadê? Onde que tá a galera?""",Avaliador_A,Avaliador_C
22,"Música Música Música Música É agora o pai tá profissional, pô. Beleza pra mais ninguém nem jogar aqui não. Esse campeonato só pra Boteco tá no pavo. Não tem mais um pavo a que me tirar aqui não, parceiro.",0.226721853017807,0.4547148048877716,0.3185634016990661,NEU,0.0746954157948494,0.0019075921736657,0.0263019278645515,0.0027177883312106,0.0326073840260505,0.0025189381558448,0.0030011325143277,0.19124292,meu nome é david,Roblox,STUMBLE GUYS NA VIDA REAL O FILME - SUPER COMPILADO [KjRhJUTatR4],,NT,NT,NT,"🎬 Canal: meu nome é david | 🎥 Vídeo: STUMBLE GUYS NA VIDA REAL O FILME - SUPER COMPILADO [KjRhJUTatR4]
⏱️ Segmento/Index: 22
🤖 Consenso de IA: NT (Detoxify: 0.075 | Perspective: 0.191)
──────────────────────────────────────────────────
Fala transcrita:
""Música Música Música Música É agora o pai tá profissional, pô. Beleza pra mais ninguém nem jogar aqui não. Esse campeonato só pra Boteco tá no pavo. Não tem mais um pavo a que me tirar aqui não, parceiro.""",Avaliador_A,Avaliador_C
3,"Eduarda, isso aqui é pra gente disfarçar porque ele vai chegar e vai falar assim Caraca, eles conseguiram matar o Steve, imagina eu que sou a Alex gigante, ele aí vai me matar Só que calma aí, eu tô achando que o Steve tá, é o Steve sabe, todo mundo mata o Steve né Porque o Steve é muito fraco Deixa eu fazer uma modificação aqui no Steve Pronto, e se eu botar o Herobrine no lugar do Steve? Ele vai falar, cara até o Steve deitou pra ele O Steve, minha cabeça tá bugando O Herobrine deitou pra eles, imagina eu que sou a Alex O que que tá acontecendo com a sua cabeça Eduarda, que ela tá girando feito um bambolê É o Herobrine, meu Deus eu tô com medo Eduarda, ele é de mentira Tá galera, vamos pra próxima construção segura que ela tá...",0.4747400879859924,0.472023069858551,0.0532368123531341,NEG,0.5595322251319885,0.0114179085940122,0.0482173264026641,0.0072603779844939,0.0465286895632743,0.0168119203299283,0.0102250836789608,0.39021665,Marcelodrv,Minecraft,7 Hacks de construção SEGURA contra a ALEX GIGANTE [9Dubr8fWZ_0],,GZ,GZ,GZ,"🎬 Canal: Marcelodrv | 🎥 Vídeo: 7 Hacks de construção SEGURA contra a ALEX GIGANTE [9Dubr8fWZ_0]
⏱️ Segmento/Index: 3
🤖 Consenso de IA: GZ (Detoxify: 0.56 | Perspective: 0.39)
──────────────────────────────────────────────────
Fala transcrita:
""Eduarda, isso aqui é pra gente disfarçar porque ele vai chegar e vai falar assim Caraca, eles conseguiram matar o Steve, imagina eu que sou a Alex gigante, ele aí vai me matar Só que calma aí, eu tô achando que o Steve tá, é o Steve sabe, todo mundo mata o Steve né Porque o Steve é muito fraco Deixa eu fazer uma modificação aqui no Steve Pronto, e se eu botar o Herobrine no lugar do Steve? Ele vai falar, cara até o Steve deitou pra ele O Steve, minha cabeça tá bugando O Herobrine deitou pra eles, imagina eu que sou a Alex O que que tá acontecendo com a sua cabeça Eduarda, que ela tá girando feito um bambolê É o Herobrine, meu Deus eu tô com medo Eduarda, ele é de mentira Tá galera, vamos pra próxima construção segura que ela tá...""",Avaliador_A,Avaliador_C
2,"E esse chão roxinho aqui é disponível apenas para mim, as outras pessoas não conseguem enxergar E olha eu subindo a parede! Olha só, eu cheguei e eu posso subir e fazer várias manobras para pegar as outras pessoas Isso é muito legal! Eu nem acredito nisso e eu já destruí aqui o carinha Olha o jeito que essa aranha ataca! Que horror! A gente tem que atacar até o fim! Eu sou muito assustadora, fala sério Coloquei aqui uma armadilha, olha o jeito que eu ando! Eu sou a Pigaranha mais assustadora de todas e não tem como eu atravessar as paredes, né? Vamos ver! Eu vi uma pessoa aqui e ela já vai ser pega! Olha, volta aqui que eu vou te pegar! Volta aqui que eu vou te pegar, garotinho! Eu sou a Pigaranha, eu sou a Pigaranha! E tem a garotinha aqui que talvez saiu correndo!",0.6797700524330139,0.15606789290905,0.1641620397567749,NEG,0.4115246832370758,0.0013087214902043,0.0279354937374591,0.0010598328663036,0.0511050224304199,0.0570205077528953,0.0030476581305265,0.3666224,Papile,Roblox,NOVA PIGGY ARANHA NO ROBLOX INACREDITÁVEL [2VHJJqKwQhY],,GZ,GZ,GZ,"🎬 Canal: Papile | 🎥 Vídeo: NOVA PIGGY ARANHA NO ROBLOX INACREDITÁVEL [2VHJJqKwQhY]
⏱️ Segmento/Index: 2
🤖 Consenso de IA: GZ (Detoxify: 0.412 | Perspective: 0.367)
──────────────────────────────────────────────────
Fala transcrita:
""E esse chão roxinho aqui é disponível apenas para mim, as outras pessoas não conseguem enxergar E olha eu subindo a parede! Olha só, eu cheguei e eu posso subir e fazer várias manobras para pegar as outras pessoas Isso é muito legal! Eu nem acredito nisso e eu já destruí aqui o carinha Olha o jeito que essa aranha ataca! Que horror! A gente tem que atacar até o fim! Eu sou muito assustadora, fala sério Coloquei aqui uma armadilha, olha o jeito que eu ando! Eu sou a Pigaranha mais assustadora de todas e não tem como eu atravessar as paredes, né? Vamos ver! Eu vi uma pessoa aqui e ela já vai ser pega! Olha, volta aqui que eu vou te pegar! Volta aqui que eu vou te pegar, garotinho! Eu sou a Pigaranha, eu sou a Pigaranha! E tem a garotinha aqui que talvez saiu correndo!""",Avaliador_A,Avaliador_C
9,"Eu tava mergulhando, mano, que eu acabei ficando, eu não consegui subir muito rápido Ah, entendi Eu tô com três coraçãozinhos Eu tô com um e meio, mano, ninguém bate, por favor Alguém cai, alguém cai, alguém cai e faz alguma coisa, vai dar um toque Nossa, mano Que, foi todo mundo, mano Que isso, velho Eu fiquei vivo Só que agora o Nub tá com pouca vida e tá todo mundo cheio, mano Só vem logo, vem para cá, vem Ah, mano, isso aqui é muito engraçado, velho Caraca, gente, mano, então vamos, nossa, velho, agora subir aqui e tentar fazer as ferramentas Vê se... Que que foi, mano? Fazer um teste aqui, vamos lá Pessoal, calma, pessoal, eu tenho que dar uma diferença Vamos fazer um desafio, o que, o que?",0.1918138712644577,0.6364715695381165,0.1717145889997482,NEU,0.0169798173010349,0.0029672479722648,0.0323428101837635,0.0021589747630059,0.0254815015941858,0.0021012742072343,0.0025452296249568,0.09394901,Geleia,Minecraft,minecraft mas temos a MESMA VIDA compartilhada entre 4 PESSOAS [GrFTn9Kdo5U],,NT,NT,NT,"🎬 Canal: Geleia | 🎥 Vídeo: minecraft mas temos a MESMA VIDA compartilhada entre 4 PESSOAS [GrFTn9Kdo5U]
⏱️ Segmento/Index: 9
🤖 Consenso de IA: NT (Detoxify: 0.017 | Perspective: 0.094)
──────────────────────────────────────────────────
Fala transcrita:
""Eu tava mergulhando, mano, que eu acabei ficando, eu não consegui subir muito rápido Ah, entendi Eu tô com três coraçãozinhos Eu tô com um e meio, mano, ninguém bate, por favor Alguém cai, alguém cai, alguém cai e faz alguma coisa, vai dar um toque Nossa, mano Que, foi todo mundo, mano Que isso, velho Eu fiquei vivo Só que agora o Nub tá com pouca vida e tá todo mundo cheio, mano Só vem logo, vem para cá, vem Ah, mano, isso aqui é muito engraçado, velho Caraca, gente, mano, então vamos, nossa, velho, agora subir aqui e tentar fazer as ferramentas Vê se... Que que foi, mano? Fazer um teste aqui, vamos lá Pessoal, calma, pessoal, eu tenho que dar uma diferença Vamos fazer um desafio, o que, o que?""",Avaliador_A,Avaliador_C
0,"Anarai mama, hariro la, itoite, hashanako mama Aoi, aoi, ano zora, aoi Pun cha cha, pun cha cha, ano chu cha, tun cha cha, tuku tun cha cha Tá bom, tá bom, parei, parei, parei, parei",0.0921251848340034,0.6666290760040283,0.2412457019090652,NEU,0.0230037923902273,0.0012568765087053,0.0220700595527887,0.0024420053232461,0.0136784734204411,0.0020127121824771,0.0009892182424664,0.022964042,Amy Scarlet,Roblox,Ou estão fofocando de algo [LyfkhWMloQg],,NT,NT,NT,"🎬 Canal: Amy Scarlet | 🎥 Vídeo: Ou estão fofocando de algo [LyfkhWMloQg]
⏱️ Segmento/Index: 0
🤖 Consenso de IA: NT (Detoxify: 0.023 | Perspective: 0.023)
──────────────────────────────────────────────────
Fala transcrita:
""Anarai mama, hariro la, itoite, hashanako mama Aoi, aoi, ano zora, aoi Pun cha cha, pun cha cha, ano chu cha, tun cha cha, tuku tun cha cha Tá bom, tá bom, parei, parei, parei, parei""",Avaliador_A,Avaliador_C
48,"Ei, macho. Tu é muito apilântromo. Tu sabia que não podia, duas vezes que tu me pegou. Eu te peguei a ordação de uma cara. Safado. Ô, espelhanto, o quê? Eu só peguei essas armas aqui porque tu atirou de 12,0, pois ela já estava aqui. Como que ela estava aí se não ela estava aqui? Tu é muito apilântromo, seu bicho safado. Eu nunca mais vou ver isso na minha vida. Olha, meu parceiro, pode esses caras aí saírem da unológica e atirem. Oxe, tu também está na unológica, seu mau baile falido. Atire tu. Oxe, aí tu precisa que eu atire para tu atirar, é? Oxe, e tu precisa que eu atire para que tu puder atire e eu atire? Oxe, pois eu vou atirar então. Porra, atire! Ei, cara, tu é muito ruim, velho, na moral. Oh, ó, quando tu aprender a jogar X1 aí tu me chama, viu? Quando eu aprender, ai, ai, emulador falido, mano. Emulador falido? Você que é mau baile fraco. Por isso que agora que eu só jogo com meu parceiro GB, ele sim sabe jogar free fire, que ele joga no emulador.",0.8306081891059875,0.1391536295413971,0.0302381850779056,NEG,0.9730827808380128,0.0160155557096004,0.0633578673005104,0.0077760824933648,0.0814750120043754,0.0207018293440341,0.0804644599556922,0.5779532,meu nome é david,Roblox,X1 DOS CRIAS NA VIDA REAL   SUPER COMPILADOS [j-FPKmfw-c8],,T,T,T,"🎬 Canal: meu nome é david | 🎥 Vídeo: X1 DOS CRIAS NA VIDA REAL   SUPER COMPILADOS [j-FPKmfw-c8]
⏱️ Segmento/Index: 48
🤖 Consenso de IA: T (Detoxify: 0.973 | Perspective: 0.578)
──────────────────────────────────────────────────
Fala transcrita:
""Ei, macho. Tu é muito apilântromo. Tu sabia que não podia, duas vezes que tu me pegou. Eu te peguei a ordação de uma cara. Safado. Ô, espelhanto, o quê? Eu só peguei essas armas aqui porque tu atirou de 12,0, pois ela já estava aqui. Como que ela estava aí se não ela estava aqui? Tu é muito apilântromo, seu bicho safado. Eu nunca mais vou ver isso na minha vida. Olha, meu parceiro, pode esses caras aí saírem da unológica e atirem. Oxe, tu também está na unológica, seu mau baile falido. Atire tu. Oxe, aí tu precisa que eu atire para tu atirar, é? Oxe, e tu precisa que eu atire para que tu puder atire e eu atire? Oxe, pois eu vou atirar então. Porra, atire! Ei, cara, tu é muito ruim, velho, na moral. Oh, ó, quando tu aprender a jogar X1 aí tu me chama, viu? Quando eu aprender, ai, ai, emulador falido, mano. Emulador falido? Você que é mau baile fraco. Por isso que agora que eu só jogo com meu parceiro GB, ele sim sabe jogar free fire, que ele joga no emulador.""",Avaliador_A,Avaliador_C
13,"Não, galera, mas não tem mais mamadeiras Ei, seu mamadeiras Mamadeiras, galera Olha a criançada chorando Aí, boa, boa Ah, tranquilo, galera Easy peasy Nossa, vida Tá Nossa Tá, calma Uá Uá Sete crianças? Meu Deus Sete, sete ou oito, gente? Quem tá morrendo? Não, é oito Você, você, você, ó Ah, você Uá, não vai Não Nossa, gente, é difícil Nossa, galera, tudo bem, beleza Tá, a gente vai ter que procurar outra profissão Porque não tá dando certo É, galera, daí a gente volta com uma outra profissão no próximo episódio Isso mesmo Então, se vocês tenham gostado do vídeo, deixem seu like, show Seu brasil, sujeitais e até o próximo vídeo de hoje, tchau, amoo Tchau, galera",0.3452414274215698,0.5529263019561768,0.1018322855234146,NEU,0.9130396842956544,0.0065071457065641,0.0808075517416,0.009183682501316,0.078445479273796,0.0025680719409137,0.1518996059894561,0.47119883,Julia MineGirl,Roblox,DEMITIDA PIOR BABÁ vs PIOR GARÇONETE [YinuowRowCk],,T,T,T,"🎬 Canal: Julia MineGirl | 🎥 Vídeo: DEMITIDA PIOR BABÁ vs PIOR GARÇONETE [YinuowRowCk]
⏱️ Segmento/Index: 13
🤖 Consenso de IA: T (Detoxify: 0.913 | Perspective: 0.471)
──────────────────────────────────────────────────
Fala transcrita:
""Não, galera, mas não tem mais mamadeiras Ei, seu mamadeiras Mamadeiras, galera Olha a criançada chorando Aí, boa, boa Ah, tranquilo, galera Easy peasy Nossa, vida Tá Nossa Tá, calma Uá Uá Sete crianças? Meu Deus Sete, sete ou oito, gente? Quem tá morrendo? Não, é oito Você, você, você, ó Ah, você Uá, não vai Não Nossa, gente, é difícil Nossa, galera, tudo bem, beleza Tá, a gente vai ter que procurar outra profissão Porque não tá dando certo É, galera, daí a gente volta com uma outra profissão no próximo episódio Isso mesmo Então, se vocês tenham gostado do vídeo, deixem seu like, show Seu brasil, sujeitais e até o próximo vídeo de hoje, tchau, amoo Tchau, galera""",Avaliador_A,Avaliador_C
11,"Como se atreve de tentar escapar de mim!? Ai, meu Deus O Bob está muito bravo Bob é sacador!? Não, não, ele me pegou, Bob Ai, eu tenho que ir pra Ipeca Gente, o Bob é muito amovado, o Bob é... Mas e agora!? Pra que lado tem que ir, Lula!? Mami, mas eu acho que a gente tem que tentar fugir do Bob de todo jeito Não, não, não, não, não, Bob, não, Bob Cheguei mas está cheio de dente aqui, Lula Nossa, mas ele me pegou e eu estava andando Eu também Será que é se a gente pular por cima do dente!? Será que pode pular nos dentes!? Tenta ver se você consegue Tá bom, vou tentar Pula em cima do dente pra ver se pode Pode Pode!? Então tá bom Pode E parece que dá uma corrida maior, o Luca É porque ele trava, né, mami!? Ele trava nos dentes Ele trava, daí eu acho que ajuda a gente Olha, segue o caminho dos dentes que eu não sei onde vai... Ah! Deu em algum lugar!? Em algum lugar bom!? Eita! Uhul!",0.2715936303138733,0.6179865598678589,0.1104198172688484,NEU,0.2517006993293762,0.0027710618451237,0.0389491282403469,0.0026036964263767,0.0379873514175415,0.0060494514182209,0.0059279832057654,0.2540519,Luluca Games,Roblox,Roblox - ESCAPAMOS DO BOB O DENTISTA ASSUSTADOR Escape Bob The Dentist  Luluca Games [nZ92iuUqEQs],0.2715932428836822,GZ,GZ,GZ,"🎬 Canal: Luluca Games | 🎥 Vídeo: Roblox - ESCAPAMOS DO BOB O DENTISTA ASSUSTADOR Escape Bob The Dentist  Luluca Games [nZ92iuUqEQs]
⏱️ Segmento/Index: 11
🤖 Consenso de IA: GZ (Detoxify: 0.252 | Perspective: 0.254)
──────────────────────────────────────────────────
Fala transcrita:
""Como se atreve de tentar escapar de mim!? Ai, meu Deus O Bob está muito bravo Bob é sacador!? Não, não, ele me pegou, Bob Ai, eu tenho que ir pra Ipeca Gente, o Bob é muito amovado, o Bob é... Mas e agora!? Pra que lado tem que ir, Lula!? Mami, mas eu acho que a gente tem que tentar fugir do Bob de todo jeito Não, não, não, não, não, Bob, não, Bob Cheguei mas está cheio de dente aqui, Lula Nossa, mas ele me pegou e eu estava andando Eu também Será que é se a gente pular por cima do dente!? Será que pode pular nos dentes!? Tenta ver se você consegue Tá bom, vou tentar Pula em cima do dente pra ver se pode Pode Pode!? Então tá bom Pode E parece que dá uma corrida maior, o Luca É porque ele trava, né, mami!? Ele trava nos dentes Ele trava, daí eu acho que ajuda a gente Olha, segue o caminho dos dentes que eu não sei onde vai... Ah! Deu em algum lugar!? Em algum lugar bom!? Eita! Uhul!""",Avaliador_A,Avaliador_C
5,"Mandinha, o portal grudou e você é a mandinha. Mandinha, devolve o portal! Mandei! Gente, eu não achei que fiquem grudados em mim, eu não gosto que fiquem grudados em mim, eu quero chegar no topo da escada sozinho. Não! Ah, não, tem que ir com a gente! Para! Volta! Não volto, não, vou ficar voando. Não volto, não volto, viu? Vem aqui! Não volto! Volta! Olha, gente, o que tem aqui, eu cheguei no topo, eu cheguei no topo voando, não tem ninguém grudado em mim. Agora o Homem-Aranha está sozinho! O Homem-Aranha está voando e vai ir no balão, o balão está bem ali e ele é bem grandão. Vai no balão! Eu vou espetar o balão com a minha espada! A gente entrou no balão dentro da minha espada! Agora estou no balão. Espera a gente! Oi, vem aqui no balão vocês, vem! No balão, volta! Tchau, tchau! Não!",0.4126001000404358,0.5232213735580444,0.0641785636544227,NEU,0.4428822696208954,0.0037497878074645,0.045991014689207,0.002478290349245,0.0380665063858032,0.0061466326005756,0.0244857817888259,0.28547668,Lokis,Roblox,VOANDO NA PAREDE GIGANTE  Roblox - Climb Block Stairs [0GRP0UvE0M8],,GZ,GZ,GZ,"🎬 Canal: Lokis | 🎥 Vídeo: VOANDO NA PAREDE GIGANTE  Roblox - Climb Block Stairs [0GRP0UvE0M8]
⏱️ Segmento/Index: 5
🤖 Consenso de IA: GZ (Detoxify: 0.443 | Perspective: 0.285)
──────────────────────────────────────────────────
Fala transcrita:
""Mandinha, o portal grudou e você é a mandinha. Mandinha, devolve o portal! Mandei! Gente, eu não achei que fiquem grudados em mim, eu não gosto que fiquem grudados em mim, eu quero chegar no topo da escada sozinho. Não! Ah, não, tem que ir com a gente! Para! Volta! Não volto, não, vou ficar voando. Não volto, não volto, viu? Vem aqui! Não volto! Volta! Olha, gente, o que tem aqui, eu cheguei no topo, eu cheguei no topo voando, não tem ninguém grudado em mim. Agora o Homem-Aranha está sozinho! O Homem-Aranha está voando e vai ir no balão, o balão está bem ali e ele é bem grandão. Vai no balão! Eu vou espetar o balão com a minha espada! A gente entrou no balão dentro da minha espada! Agora estou no balão. Espera a gente! Oi, vem aqui no balão vocês, vem! No balão, volta! Tchau, tchau! Não!""",Avaliador_A,Avaliador_C
18,"Ele vai comer a gente, pessoal Ah, não Ah, ele vai matar a gente, então Não vai, não, vou embora daqui Ah, não, não, não Quebra isso Gente, esse palhaço é muito feio Por que ele tá aqui na minha frente? Sai daqui Ele tá evocado com você, juju Sai Ó, ele falou que ele gosta muito da gente É, tô feia no mesmo que você gosta Sai daqui Já tá com a minha lanterna na tua cabeça Você tem uma lanterna? Eu tô Lá naquele penhasco, sabe? Tinha uma... Eu não quero morrer, você tá falando, ju Eu não quero mesmo, precisamos de chaves Do guarda pra fugir Tá, mas como? A gente consegue derrubar, ju Ah Quem que eu guarda? Ah, o menino já achou Esse guarda não deveria estar dormindo, gente Vai, garoto, pra onde que a gente vai? Ah, tem que abrir aqui Ok, cadê o garoto?",0.9661078453063964,0.0250957570970058,0.00879642739892,NEG,0.9374597072601318,0.0089238965883851,0.0547650605440139,0.0047002746723592,0.1087922900915145,0.0782046765089035,0.0166729260236024,0.47119883,Julia MineGirl,Roblox,Roblox - HISTÓRIA NO CIRCO Circus Trip Story [3Vd1qubDNrg],,T,T,T,"🎬 Canal: Julia MineGirl | 🎥 Vídeo: Roblox - HISTÓRIA NO CIRCO Circus Trip Story [3Vd1qubDNrg]
⏱️ Segmento/Index: 18
🤖 Consenso de IA: T (Detoxify: 0.937 | Perspective: 0.471)
──────────────────────────────────────────────────
Fala transcrita:
""Ele vai comer a gente, pessoal Ah, não Ah, ele vai matar a gente, então Não vai, não, vou embora daqui Ah, não, não, não Quebra isso Gente, esse palhaço é muito feio Por que ele tá aqui na minha frente? Sai daqui Ele tá evocado com você, juju Sai Ó, ele falou que ele gosta muito da gente É, tô feia no mesmo que você gosta Sai daqui Já tá com a minha lanterna na tua cabeça Você tem uma lanterna? Eu tô Lá naquele penhasco, sabe? Tinha uma... Eu não quero morrer, você tá falando, ju Eu não quero mesmo, precisamos de chaves Do guarda pra fugir Tá, mas como? A gente consegue derrubar, ju Ah Quem que eu guarda? Ah, o menino já achou Esse guarda não deveria estar dormindo, gente Vai, garoto, pra onde que a gente vai? Ah, tem que abrir aqui Ok, cadê o garoto?""",Avaliador_A,Avaliador_C
1,"Tá tudo bem aí? Tá tudo bem? Calma, eu vou tirar você daí, ó, por aqui, ó, por aqui. Não, eu venho por aqui, porque eu sei sair sozinho do lugar. Nossa, tá bom, eu tô vendo que você... Nossa, gente, eu tenho que admitir que eu tô ficando nervoso, eu tô ficando nervoso. O que você tá fazendo? Tá precisando de um banheiro, Beli! Eu acho que você precisa de um banheiro, McFly, acho que você que tá precisando. Se bem que você acabou de se molhar aqui nesse lago, né, de atrapalhado, acabou atrapalhado ali, caiu no negócio do lago e... Tá, né? Beleza, o que que você tá fazendo com essa galinha aí? Parece uma galinha filhote, não parece, não, não! Ah, ah, você tá fugindo! Não! É uma galinha filhote que você tá falando, cuidado, ela vai cair na lava, ô! Ai, ai, sai, sai, sai, sai! Fuuuujo! Tá, ó, ó, se acalma, se acalma, eu tive uma ideia, eu tive uma ideia. Você é um bebê radical, então deve gostar bastante de desafios, né? Olha, olha o desafio, qual vai ser o desafio, qual vai ser o desafio, qual vai ser o desafio? Como a gente consegue estar por lá mais alto do que o normal? Tem que você, por favor, fica um segundinho, quer, pra me explicar? Qual, qual, qual, qual começou o desafio, qual começou o desafio?",0.4481351971626282,0.4947931468486786,0.0570716634392738,NEU,0.3280873894691467,0.0034669109154492,0.0514430291950702,0.0021867414470762,0.0460127592086792,0.0029805635567754,0.0045096664689481,0.3389984,JP Plays,Minecraft,A CADA MINUTO FICAMOS MAIS VELHOS NO MINECRAFT [_lngpn1HUXI],,GZ,GZ,GZ,"🎬 Canal: JP Plays | 🎥 Vídeo: A CADA MINUTO FICAMOS MAIS VELHOS NO MINECRAFT [_lngpn1HUXI]
⏱️ Segmento/Index: 1
🤖 Consenso de IA: GZ (Detoxify: 0.328 | Perspective: 0.339)
──────────────────────────────────────────────────
Fala transcrita:
""Tá tudo bem aí? Tá tudo bem? Calma, eu vou tirar você daí, ó, por aqui, ó, por aqui. Não, eu venho por aqui, porque eu sei sair sozinho do lugar. Nossa, tá bom, eu tô vendo que você... Nossa, gente, eu tenho que admitir que eu tô ficando nervoso, eu tô ficando nervoso. O que você tá fazendo? Tá precisando de um banheiro, Beli! Eu acho que você precisa de um banheiro, McFly, acho que você que tá precisando. Se bem que você acabou de se molhar aqui nesse lago, né, de atrapalhado, acabou atrapalhado ali, caiu no negócio do lago e... Tá, né? Beleza, o que que você tá fazendo com essa galinha aí? Parece uma galinha filhote, não parece, não, não! Ah, ah, você tá fugindo! Não! É uma galinha filhote que você tá falando, cuidado, ela vai cair na lava, ô! Ai, ai, sai, sai, sai, sai! Fuuuujo! Tá, ó, ó, se acalma, se acalma, eu tive uma ideia, eu tive uma ideia. Você é um bebê radical, então deve gostar bastante de desafios, né? Olha, olha o desafio, qual vai ser o desafio, qual vai ser o desafio, qual vai ser o desafio? Como a gente consegue estar por lá mais alto do que o normal? Tem que você, por favor, fica um segundinho, quer, pra me explicar? Qual, qual, qual, qual começou o desafio, qual começou o desafio?""",Avaliador_A,Avaliador_C
56,"Pula, pula Ai, não Olha isso, velho O final é aí Aqui era o final, o portal Pok, eu vou entrar dentro desse portal aqui O portal lá, ó Sabe o que eu tô percebendo? Parece que os mapas estão ficando maiores a cada momento, né, mano?",0.2350828647613525,0.6942796111106873,0.0706375017762184,NEU,0.0537189692258834,0.0057283802889287,0.0453576818108558,0.0046790898777544,0.0386600606143474,0.0035307705402374,0.0038991095498204,0.04686289,AuthenticGames,Minecraft,AUTHENTICGAMES virou UM COELHO - FILME [imb_p_qBOHY],,NT,NT,NT,"🎬 Canal: AuthenticGames | 🎥 Vídeo: AUTHENTICGAMES virou UM COELHO - FILME [imb_p_qBOHY]
⏱️ Segmento/Index: 56
🤖 Consenso de IA: NT (Detoxify: 0.054 | Perspective: 0.047)
──────────────────────────────────────────────────
Fala transcrita:
""Pula, pula Ai, não Olha isso, velho O final é aí Aqui era o final, o portal Pok, eu vou entrar dentro desse portal aqui O portal lá, ó Sabe o que eu tô percebendo? Parece que os mapas estão ficando maiores a cada momento, né, mano?""",Avaliador_A,Avaliador_C
8,"Pera aí, tem um preso. Não vem, não. Vem aqui. Como é que não bate nele? Ah, Crisinha, eu levei o dibre. Você levou o dibre bem feito. Levei muito o dibre. Tem que levar dibre mesmo. Achei aqui uma ferramenta. Agora a gente abre aqui. E? Não dá pra sair aqui, não. Vem aqui, meu queridão. Abre aqui. Pega essa chave. Prendi, prendi um. Crisinha, você tá aqui. Você é a próxima, Crisinha. Ah, Texinho. Ele vai salvar vocês, eu tô indo. Vem, vem, amigo. Ah, salvou todo mundo. Salvou todo mundo. E agora você vai preso. Fecha essa porta. Volta aqui. Tem que pegar o que tá com a chave.",0.2928504943847656,0.4665687680244446,0.2405806928873062,NEU,0.2966972589492798,0.0012671273434534,0.0156255532056093,0.0011665991041809,0.0232204031199216,0.1225030645728111,0.0028117944020777,0.2854733,Tex HS,Roblox,TEMOS QUE SALVAR A PINKY ft CRIS MINEGIRL Roblox Kitty [iiHz3lKfDSM],,GZ,GZ,GZ,"🎬 Canal: Tex HS | 🎥 Vídeo: TEMOS QUE SALVAR A PINKY ft CRIS MINEGIRL Roblox Kitty [iiHz3lKfDSM]
⏱️ Segmento/Index: 8
🤖 Consenso de IA: GZ (Detoxify: 0.297 | Perspective: 0.285)
──────────────────────────────────────────────────
Fala transcrita:
""Pera aí, tem um preso. Não vem, não. Vem aqui. Como é que não bate nele? Ah, Crisinha, eu levei o dibre. Você levou o dibre bem feito. Levei muito o dibre. Tem que levar dibre mesmo. Achei aqui uma ferramenta. Agora a gente abre aqui. E? Não dá pra sair aqui, não. Vem aqui, meu queridão. Abre aqui. Pega essa chave. Prendi, prendi um. Crisinha, você tá aqui. Você é a próxima, Crisinha. Ah, Texinho. Ele vai salvar vocês, eu tô indo. Vem, vem, amigo. Ah, salvou todo mundo. Salvou todo mundo. E agora você vai preso. Fecha essa porta. Volta aqui. Tem que pegar o que tá com a chave.""",Avaliador_A,Avaliador_C
2,"Meu marvado favorito, o dinossauro Minos Ó galera Ó galera o site da leader custou tá aqui na descrição Primeiro link na descrição Você coloca lá o cupom Minos Meu nome é Deixe Você vai tá ganhando 10% de desconto nas suas compras Se você comprar os 6 você ganha 10% de desconto nos 6 Comprar 1, 10% de desconto nenhum É lógico né Mas ainda não acabou, temos mais Olha, temos qual, temos qual? Tem o calzinho Eu queria esse, eu tava doido pra chegar a esse daqui Tem mais qual, tem mais qual?",0.0441910549998283,0.7158036231994629,0.2400052845478058,NEU,0.0389027036726474,0.0008307853131555,0.0207294169813394,0.0012239516945555,0.0133967250585556,0.0006536173750646,0.0034612303134053,0.11078331,meu nome é david,Roblox,INCUBADORA DOS DINOS DO FREE FIRE NA VIDA REAL [tn4spbpHT_A],,NT,NT,NT,"🎬 Canal: meu nome é david | 🎥 Vídeo: INCUBADORA DOS DINOS DO FREE FIRE NA VIDA REAL [tn4spbpHT_A]
⏱️ Segmento/Index: 2
🤖 Consenso de IA: NT (Detoxify: 0.039 | Perspective: 0.111)
──────────────────────────────────────────────────
Fala transcrita:
""Meu marvado favorito, o dinossauro Minos Ó galera Ó galera o site da leader custou tá aqui na descrição Primeiro link na descrição Você coloca lá o cupom Minos Meu nome é Deixe Você vai tá ganhando 10% de desconto nas suas compras Se você comprar os 6 você ganha 10% de desconto nos 6 Comprar 1, 10% de desconto nenhum É lógico né Mas ainda não acabou, temos mais Olha, temos qual, temos qual? Tem o calzinho Eu queria esse, eu tava doido pra chegar a esse daqui Tem mais qual, tem mais qual?""",Avaliador_A,Avaliador_C
9,"Verde, vermelho. Isso, não tem tempo. Verde. Ai, não tem tempo. Espera a vermelha. Ai, não, a vermelha não. Ai, para um pouco antes da vermelha aparecer. Vamos, vamos, vamos. Eu estou parando sempre antes. Eu tenho muito medo. Olha como você já está longe. O bom é que é sempre o mesmo tempo. Tá, você vai chegar primeiro do que ele, então me espera. Aí, chegando. Ai, eu estou com medo de ser pega no finalzinho, porque até não tem palavras. Cheguei, eu vou embora. Eu vou embora. Eu vou embora. Eu vou embora. Eu vou embora. Eu vou embora. Eu vou embora. Eu vou embora. Eu vou embora. Eu vou embora. Eu vou embora. Eu vou embora. Eu vou embora. Eu vou embora. Eu vou embora. Eu vou embora. Ele deu muita dança. És para nós. Eu vou embora. Eu vou embora. A Cindy vai embora. Eu vou embora. Eu vou embora. A Cindy vai embora. Ei, não estamos com medo de passar. Acorda o íg emails. Eu vou embora. Eu vou embora. Eu vou embora. A Cindy vai embora. Eu vou embora. A Cindy vai embora. Amigo, arrowוף. Continuando. É que esse é o caminho da saída, né?",0.3015396893024444,0.586662232875824,0.1117981299757957,NEU,0.0236427001655101,0.0016064047813415,0.020542548969388,0.0023943718988448,0.0154614392668008,0.0013815257698297,0.0015882032457739,0.14082454,Papile,Roblox,PAPILE E ATHOS ESCAPAM DO MR. FUNNY no ROBLOX Escape Mr. Funnys Toyshop [DfCz0svFqt8],0.3015396893024444,NT,NT,NT,"🎬 Canal: Papile | 🎥 Vídeo: PAPILE E ATHOS ESCAPAM DO MR. FUNNY no ROBLOX Escape Mr. Funnys Toyshop [DfCz0svFqt8]
⏱️ Segmento/Index: 9
🤖 Consenso de IA: NT (Detoxify: 0.024 | Perspective: 0.141)
──────────────────────────────────────────────────
Fala transcrita:
""Verde, vermelho. Isso, não tem tempo. Verde. Ai, não tem tempo. Espera a vermelha. Ai, não, a vermelha não. Ai, para um pouco antes da vermelha aparecer. Vamos, vamos, vamos. Eu estou parando sempre antes. Eu tenho muito medo. Olha como você já está longe. O bom é que é sempre o mesmo tempo. Tá, você vai chegar primeiro do que ele, então me espera. Aí, chegando. Ai, eu estou com medo de ser pega no finalzinho, porque até não tem palavras. Cheguei, eu vou embora. Eu vou embora. Eu vou embora. Eu vou embora. Eu vou embora. Eu vou embora. Eu vou embora. Eu vou embora. Eu vou embora. Eu vou embora. Eu vou embora. Eu vou embora. Eu vou embora. Eu vou embora. Eu vou embora. Eu vou embora. Ele deu muita dança. És para nós. Eu vou embora. Eu vou embora. A Cindy vai embora. Eu vou embora. Eu vou embora. A Cindy vai embora. Ei, não estamos com medo de passar. Acorda o íg emails. Eu vou embora. Eu vou embora. Eu vou embora. A Cindy vai embora. Eu vou embora. A Cindy vai embora. Amigo, arrowוף. Continuando. É que esse é o caminho da saída, né?""",Avaliador_A,Avaliador_C
2,"Olha, coisa boa eu não sei, mas eu sei que dá pra gente, ó, desfetar aqui e colocar É péssimo, Eduardo, porque aqui a gente vai querer uma porta amadura É, então, a gente pode enfeitar a nossa ilha, vai ficar bonito Eu vou pegar areia azul porque eu não tô fazendo nada, então eu vou pegar areia azul, Eduardo Ah, pra que você vai pegar areia azul? Areia azul não serve pra nada? Ela cai se você botar aqui, ó Boa pergunta, eu não sei por que eu tô pegando areia azul Eduardo, alô, Eduardo 8 picareta de ouro Ai, meu Deus, já mudou 8 picareta de ouro Gente, Eduardo nem viu que mudou o negócio aqui Vamos ver o que tem aqui no baú, opa Ah, que legal Ó, Eduardo, ó, faz o seguinte Eu ouvi falar que o barco voa aqui nesse modo O barco voa Sério? Sério? Pode testar aí Voa mesmo? Vou... tô falando pra tu, cara, pode ir Ó, vai lá, vai naquela ilha Ah, não Você me aguarda Você me aguarda Eu pe... NÃO! Eu tô com muito item, cara Morri Ai, gente, não perde os itens Menos mal, né? Ó! Deixa... Ah! Nederita!",0.4478034973144531,0.4049969911575317,0.1471995413303375,NEG,0.4132876992225647,0.0081260651350021,0.0619429089128971,0.0045637283474206,0.048868715763092,0.0081066293641924,0.0123142395168542,0.3127066,Marcelodrv,Minecraft,MINECRAFT SKYBLOCK mas a cada minuto A ILHA TROCA DE BLOCOS [DM8ESCV-CKM],,GZ,GZ,GZ,"🎬 Canal: Marcelodrv | 🎥 Vídeo: MINECRAFT SKYBLOCK mas a cada minuto A ILHA TROCA DE BLOCOS [DM8ESCV-CKM]
⏱️ Segmento/Index: 2
🤖 Consenso de IA: GZ (Detoxify: 0.413 | Perspective: 0.313)
──────────────────────────────────────────────────
Fala transcrita:
""Olha, coisa boa eu não sei, mas eu sei que dá pra gente, ó, desfetar aqui e colocar É péssimo, Eduardo, porque aqui a gente vai querer uma porta amadura É, então, a gente pode enfeitar a nossa ilha, vai ficar bonito Eu vou pegar areia azul porque eu não tô fazendo nada, então eu vou pegar areia azul, Eduardo Ah, pra que você vai pegar areia azul? Areia azul não serve pra nada? Ela cai se você botar aqui, ó Boa pergunta, eu não sei por que eu tô pegando areia azul Eduardo, alô, Eduardo 8 picareta de ouro Ai, meu Deus, já mudou 8 picareta de ouro Gente, Eduardo nem viu que mudou o negócio aqui Vamos ver o que tem aqui no baú, opa Ah, que legal Ó, Eduardo, ó, faz o seguinte Eu ouvi falar que o barco voa aqui nesse modo O barco voa Sério? Sério? Pode testar aí Voa mesmo? Vou... tô falando pra tu, cara, pode ir Ó, vai lá, vai naquela ilha Ah, não Você me aguarda Você me aguarda Eu pe... NÃO! Eu tô com muito item, cara Morri Ai, gente, não perde os itens Menos mal, né? Ó! Deixa... Ah! Nederita!""",Avaliador_A,Avaliador_C
29,"Eu tava aqui feliz e contente E do nada apareceu um portal do End, bem aqui Nossa, que estranho, do nada Do nada, não sei quem foi que fez isso Eu acho que o nome da pessoa que fez isso começa com C Nossa, deve ser alguma pessoa que não tá aqui então Porque o meu nome não começa com C Então, aí eu fui obrigado a ter o meu labirinto no End E ele tá aqui, tá aqui o meu labirinto Você fez no End o teu labirinto, cadê ele? Me deram, transportaram pra cá Dá um TP aqui em mim Ah não, você pegou e fez o seu labirinto aqui Era impossível, deu a chatos Bem feito, foi trapaceia e perdeu, bobão Ah não Ah não",0.4572091400623321,0.4337714910507202,0.109019361436367,NEG,0.4329057037830353,0.0095053752884268,0.0509361624717712,0.0083661051467061,0.0477998442947864,0.0032180547714233,0.0046430514194071,0.23415339,Cadres,Minecraft,LABIRINTO de R1 vs LABIRINTO de R1.000.00000 no minecraft [XuqTHVV0_vA],,GZ,GZ,GZ,"🎬 Canal: Cadres | 🎥 Vídeo: LABIRINTO de R1 vs LABIRINTO de R1.000.00000 no minecraft [XuqTHVV0_vA]
⏱️ Segmento/Index: 29
🤖 Consenso de IA: GZ (Detoxify: 0.433 | Perspective: 0.234)
──────────────────────────────────────────────────
Fala transcrita:
""Eu tava aqui feliz e contente E do nada apareceu um portal do End, bem aqui Nossa, que estranho, do nada Do nada, não sei quem foi que fez isso Eu acho que o nome da pessoa que fez isso começa com C Nossa, deve ser alguma pessoa que não tá aqui então Porque o meu nome não começa com C Então, aí eu fui obrigado a ter o meu labirinto no End E ele tá aqui, tá aqui o meu labirinto Você fez no End o teu labirinto, cadê ele? Me deram, transportaram pra cá Dá um TP aqui em mim Ah não, você pegou e fez o seu labirinto aqui Era impossível, deu a chatos Bem feito, foi trapaceia e perdeu, bobão Ah não Ah não""",Avaliador_A,Avaliador_C
87,"Tem esse vídeo aqui de esconde-esconde, de condesface! Se tiverem gostado, já saibam! Like no vídeo! Muito obrigado! A todo mundo que assistiu até agora! Tamo junto família! Fiquem com Deus! E se você assistiu até agora, comente Eu Sou Um Maninho do TT! Demorou? Ou se você for uma maninha, comente Eu Sou Uma Maninha do TT! Tamo junto família! Um grande abraço e tchau!",0.0291604418307542,0.45747971534729,0.5133598446846008,POS,0.0454283282160759,0.0004795419517904,0.0182551573961973,0.001392824226059,0.0189135149121284,0.000358018791303,0.0014594612875953,0.053295042,AuthenticGames,Minecraft,ESCONDE-ESCONDE com BLOCOS VERDES no MINECRAFT - FILME [SluB8RgifAc],,NT,NT,NT,"🎬 Canal: AuthenticGames | 🎥 Vídeo: ESCONDE-ESCONDE com BLOCOS VERDES no MINECRAFT - FILME [SluB8RgifAc]
⏱️ Segmento/Index: 87
🤖 Consenso de IA: NT (Detoxify: 0.045 | Perspective: 0.053)
──────────────────────────────────────────────────
Fala transcrita:
""Tem esse vídeo aqui de esconde-esconde, de condesface! Se tiverem gostado, já saibam! Like no vídeo! Muito obrigado! A todo mundo que assistiu até agora! Tamo junto família! Fiquem com Deus! E se você assistiu até agora, comente Eu Sou Um Maninho do TT! Demorou? Ou se você for uma maninha, comente Eu Sou Uma Maninha do TT! Tamo junto família! Um grande abraço e tchau!""",Avaliador_A,Avaliador_C
9,"Eu vou seguir a Bia aqui porque eu acho que ela sabe o que faz. Porque eu sou meio noob, vocês sabem. Eu sou a pessoa que não joga Pig direito. Que não sabe aonde ficam as coisas no mapa. E aqui tá fechadinho. A gente tinha que achar a chave verde. Será que a chave verde tá ali, ó? Neste lugar? Vamos ver. Se tá por aqui. Não, nunca tá. NUNCA TÁ POR AQUI! Ela tá aqui, ó. A senhora bot. Não, eu fui boba, gente. Eu fui boba. Eu tenho que me esconder melhor. Eu tenho que me esconder melhor. Eu não sei o que fazer agora. Eu estou presa. EU SOU PRESA! Não, não tô. Não é tarde demais para mim! Ai, eu fugi. Ai, dá bem, aí dá bem, aí dá bem. Passaram por aqui já. Eu tenho que ficar bem escondida. Isso sim. Porque ela é muito esperta. Vocês viram? Quase que foi o meu fim na minha própria partida. Que eu estou comandando. Isso é muito errado.",0.4872530400753021,0.4717472493648529,0.0409997254610061,NEG,0.2564860880374908,0.0010525585385039,0.0314454436302185,0.0027828828897327,0.0847591683268547,0.0008438362856395,0.0017356127500534,0.37751234,Papile,Roblox,ATUALIZAÇÃO NA PIGGY USE COMANDOS DE HACKER E CONTROLE O JOGO Roblox [LPhuj5dn8AM],,GZ,GZ,GZ,"🎬 Canal: Papile | 🎥 Vídeo: ATUALIZAÇÃO NA PIGGY USE COMANDOS DE HACKER E CONTROLE O JOGO Roblox [LPhuj5dn8AM]
⏱️ Segmento/Index: 9
🤖 Consenso de IA: GZ (Detoxify: 0.256 | Perspective: 0.378)
──────────────────────────────────────────────────
Fala transcrita:
""Eu vou seguir a Bia aqui porque eu acho que ela sabe o que faz. Porque eu sou meio noob, vocês sabem. Eu sou a pessoa que não joga Pig direito. Que não sabe aonde ficam as coisas no mapa. E aqui tá fechadinho. A gente tinha que achar a chave verde. Será que a chave verde tá ali, ó? Neste lugar? Vamos ver. Se tá por aqui. Não, nunca tá. NUNCA TÁ POR AQUI! Ela tá aqui, ó. A senhora bot. Não, eu fui boba, gente. Eu fui boba. Eu tenho que me esconder melhor. Eu tenho que me esconder melhor. Eu não sei o que fazer agora. Eu estou presa. EU SOU PRESA! Não, não tô. Não é tarde demais para mim! Ai, eu fugi. Ai, dá bem, aí dá bem, aí dá bem. Passaram por aqui já. Eu tenho que ficar bem escondida. Isso sim. Porque ela é muito esperta. Vocês viram? Quase que foi o meu fim na minha própria partida. Que eu estou comandando. Isso é muito errado.""",Avaliador_A,Avaliador_C
8,"Eu sou o loquinho e tô subindo vermelhinho! Ui! Uh! A badia... A badia, para de encostar a mão no vermelho, para! Eu também quero vermelho! Oh, gente, vocês estão indo na minha cor e estão pegando duas coisas ao mesmo tempo! A badia, agora você vai querer o vermelho, vermelho, vermelho? Sim! Tá bom! Agora então, vou indo verde. Agora eu vou subir no verdinho e eu quero ver o que que tem lá em cima! Lá em cima eu quero ver o que que tem lá! Vamos lá! Eu quero ver! Sabe, sabe, sabe, sabe, sabe, sabe! Tá no alto! Para de ficar no meu! Vou pro outro lado, vou nesse amarelinho aqui! Ui! Ai! O que? Oh, gente, eu não tô gostando do que vocês estão fazendo, sabe o que que eu vou fazer? Ok! Eu vou fazer uma... Eu vou fazer uma nanobra e eu vou ir para trás para vocês não conseguirem me pegar!",0.1368842869997024,0.7988884449005127,0.0642272979021072,NEU,0.2198468893766403,0.0020366846583783,0.0334223993122577,0.0029696146957576,0.029357511550188,0.0201175566762685,0.0053196810185909,0.33587718,Lokis,Roblox,GIGANTE CABEÇA ROXA PEGOU O LOKIS  Roblox - Escape The Cruise Ship Obby [2lM5vgNhqE8],,GZ,GZ,GZ,"🎬 Canal: Lokis | 🎥 Vídeo: GIGANTE CABEÇA ROXA PEGOU O LOKIS  Roblox - Escape The Cruise Ship Obby [2lM5vgNhqE8]
⏱️ Segmento/Index: 8
🤖 Consenso de IA: GZ (Detoxify: 0.22 | Perspective: 0.336)
──────────────────────────────────────────────────
Fala transcrita:
""Eu sou o loquinho e tô subindo vermelhinho! Ui! Uh! A badia... A badia, para de encostar a mão no vermelho, para! Eu também quero vermelho! Oh, gente, vocês estão indo na minha cor e estão pegando duas coisas ao mesmo tempo! A badia, agora você vai querer o vermelho, vermelho, vermelho? Sim! Tá bom! Agora então, vou indo verde. Agora eu vou subir no verdinho e eu quero ver o que que tem lá em cima! Lá em cima eu quero ver o que que tem lá! Vamos lá! Eu quero ver! Sabe, sabe, sabe, sabe, sabe, sabe! Tá no alto! Para de ficar no meu! Vou pro outro lado, vou nesse amarelinho aqui! Ui! Ai! O que? Oh, gente, eu não tô gostando do que vocês estão fazendo, sabe o que que eu vou fazer? Ok! Eu vou fazer uma... Eu vou fazer uma nanobra e eu vou ir para trás para vocês não conseguirem me pegar!""",Avaliador_A,Avaliador_C
19,"Então sobe aqui, porque a espada é muito boa! Só que ela tem que acertar, a espada é meio ruim de mira! Riquitos, ela não acerta o zumbi bebê! Ah, agora ela acertou! Essa espada é muito boa, eu adorei ela! Aí ela matou todos eles! Eu não fiz nada! Vem espada, vem, eu vou mostrar você pro Riquitos! Olha essa espadinha, Riquitos, ela é muito boa! Ai, que gracinha ela! Cadê a picareta? Ah, eu já trouxe ela aqui! Ah, aqui? É, pera aí, antes que ela vai embora já, vamos prender ela aqui já! Deixa ela presa, a espada não pode deixar presa que ela vai nos defender! Você pegou obsidian lá embaixo? Eu peguei, eu tenho 14 obsidian! Então vamos agora pro Nether! É, isso mesmo, ir pro Nether é pra pegar fogo de artifício! E também no Nether a gente pode pegar netherite! É verdade! Imagina fazer uma barra de netherite! Vamos lá! Entra aí, Riquitos! Oh, oh, Riquitos! Eu esqueci de um detalhe importante! Ah, fala! Eu não tava usando as maçãs douradas! Ah, tá de sacanagem, por isso que é uma moeda fácil! Por isso que é uma moeda fácil! Eu deixei elas no inventário e não usei! Ih, pera aí, baldes de água? Não, mas como que a água chegou no Nether?",0.0235720556229352,0.0562325716018676,0.9201952815055848,POS,0.2596714198589325,0.0015289321308955,0.022285358980298,0.0010163302067667,0.0176134463399648,0.0566633976995945,0.0024499960709363,0.3666224,Athos,Minecraft,Dei VIDA para um BALDE no Minecraft [S7FQEpXWOXY],,GZ,GZ,GZ,"🎬 Canal: Athos | 🎥 Vídeo: Dei VIDA para um BALDE no Minecraft [S7FQEpXWOXY]
⏱️ Segmento/Index: 19
🤖 Consenso de IA: GZ (Detoxify: 0.26 | Perspective: 0.367)
──────────────────────────────────────────────────
Fala transcrita:
""Então sobe aqui, porque a espada é muito boa! Só que ela tem que acertar, a espada é meio ruim de mira! Riquitos, ela não acerta o zumbi bebê! Ah, agora ela acertou! Essa espada é muito boa, eu adorei ela! Aí ela matou todos eles! Eu não fiz nada! Vem espada, vem, eu vou mostrar você pro Riquitos! Olha essa espadinha, Riquitos, ela é muito boa! Ai, que gracinha ela! Cadê a picareta? Ah, eu já trouxe ela aqui! Ah, aqui? É, pera aí, antes que ela vai embora já, vamos prender ela aqui já! Deixa ela presa, a espada não pode deixar presa que ela vai nos defender! Você pegou obsidian lá embaixo? Eu peguei, eu tenho 14 obsidian! Então vamos agora pro Nether! É, isso mesmo, ir pro Nether é pra pegar fogo de artifício! E também no Nether a gente pode pegar netherite! É verdade! Imagina fazer uma barra de netherite! Vamos lá! Entra aí, Riquitos! Oh, oh, Riquitos! Eu esqueci de um detalhe importante! Ah, fala! Eu não tava usando as maçãs douradas! Ah, tá de sacanagem, por isso que é uma moeda fácil! Por isso que é uma moeda fácil! Eu deixei elas no inventário e não usei! Ih, pera aí, baldes de água? Não, mas como que a água chegou no Nether?""",Avaliador_A,Avaliador_C
24,"R o que tem um Arden aqui mano acho que é onde eu to mano eu to conseguindo ver você pera tem UOLO tem uma foice do Arden aqui velho vou pegar essas duas foices e vou te dar uma e ai você me ajuda a derrotar ele ta bom perfeito então mano me ajuda aqui como é que eu vou te ajudar velho eu sei la mano eu não consigo abrir isso aqui acho que isso deve dar pra ir por fora ah não acredito mano então vou ter que derrotar ele sozinho bom talvez você consegue debrar ele né pera ai pessoal ta na minha mão salvar o K.R e eu não confio em mim pra salvar K.R ou seja eu não vou ter mais amiga ele vai morrer ahahahahahahahahahahahahahaha ahahahahahahahahahahahahahahahahahahahahahahahahahahahahahahahahahahahahahahahahahahahaha meu Deus to brincando velho eu vou tentar derrotar o esse doido aqui mano eu vou começar jogando bolinha nele toma essa bolinha aqui mano olha você consegue empurrar ele mano beleza e ele fica ali arduo e agora eu vou atacar com o cofus toma e mais essa e mais e agora mano ele nem consegue perto de mim. Esse não é o Warden verdadeiro, velho. Ele não consegue me atacar igual a ele ataca de verdade. A gente tá dentro do Warden verdadeiro, né, KS? KS, se tu conseguir...",0.2019528746604919,0.4648244678974151,0.3332226872444153,NEU,0.6702824234962463,0.0123016964644193,0.0473484434187412,0.0048731118440628,0.0611174032092094,0.0551964044570922,0.0146673480048775,0.37751234,Kass e KR,Minecraft,O que acontece se você ENTRAR nos NOVOS MOBS do minecraft [aaYZZbOkrr0],,GZ,GZ,GZ,"🎬 Canal: Kass e KR | 🎥 Vídeo: O que acontece se você ENTRAR nos NOVOS MOBS do minecraft [aaYZZbOkrr0]
⏱️ Segmento/Index: 24
🤖 Consenso de IA: GZ (Detoxify: 0.67 | Perspective: 0.378)
──────────────────────────────────────────────────
Fala transcrita:
""R o que tem um Arden aqui mano acho que é onde eu to mano eu to conseguindo ver você pera tem UOLO tem uma foice do Arden aqui velho vou pegar essas duas foices e vou te dar uma e ai você me ajuda a derrotar ele ta bom perfeito então mano me ajuda aqui como é que eu vou te ajudar velho eu sei la mano eu não consigo abrir isso aqui acho que isso deve dar pra ir por fora ah não acredito mano então vou ter que derrotar ele sozinho bom talvez você consegue debrar ele né pera ai pessoal ta na minha mão salvar o K.R e eu não confio em mim pra salvar K.R ou seja eu não vou ter mais amiga ele vai morrer ahahahahahahahahahahahahahaha ahahahahahahahahahahahahahahahahahahahahahahahahahahahahahahahahahahahahahahahahahahahaha meu Deus to brincando velho eu vou tentar derrotar o esse doido aqui mano eu vou começar jogando bolinha nele toma essa bolinha aqui mano olha você consegue empurrar ele mano beleza e ele fica ali arduo e agora eu vou atacar com o cofus toma e mais essa e mais e agora mano ele nem consegue perto de mim. Esse não é o Warden verdadeiro, velho. Ele não consegue me atacar igual a ele ataca de verdade. A gente tá dentro do Warden verdadeiro, né, KS? KS, se tu conseguir...""",Avaliador_A,Avaliador_C
9,"Quem é aquele? Não sei, quem é aquela? Então Eu tenho que ligar pra polícia Ligar pra polícia, tem que matar esse bicho Não, ligar pra polícia, mãe Como assim matar? Porque se a gente não ligar pra polícia Como é que eles vão saber? Ai, dá pra correr, Ju Nossa, gente, aqui Andando devagar, daí fica tudo com mais Medo Aqui é pronto Eu espero que o bicho apareça na nossa frente E o impacto vai ser rápido A TV? Você não viu que apareceu aqui na TV? Apareceu um monstro na TV Ah, eu tô pegando as minhas lâmpadas Gente, a Ju tá perdendo, será que a gente tem que subir a escada? Ah, não tá bloqueado A gente tem que achar o telefone, mãe Ah, tá, o telefone Cadê o telefone? Abra essa porta, não Essa porta ainda não abre Ali o telefone, boa, boa, boa Quer ver que ele vai cortar a linha telefone? Ligar pra polícia Ai, meu Deus Alô, polícia?",0.5249048471450806,0.4041458964347839,0.0709493160247802,NEG,0.6695946455001831,0.002216475084424,0.0196542683988809,0.0006226481636986,0.0289798937737941,0.2563847005367279,0.0048747975379228,0.32557452,Julia MineGirl,Roblox,Roblox - A PIOR CASA PARA MORAR Welcome [BXaoXgjMWpU],,GZ,GZ,GZ,"🎬 Canal: Julia MineGirl | 🎥 Vídeo: Roblox - A PIOR CASA PARA MORAR Welcome [BXaoXgjMWpU]
⏱️ Segmento/Index: 9
🤖 Consenso de IA: GZ (Detoxify: 0.67 | Perspective: 0.326)
──────────────────────────────────────────────────
Fala transcrita:
""Quem é aquele? Não sei, quem é aquela? Então Eu tenho que ligar pra polícia Ligar pra polícia, tem que matar esse bicho Não, ligar pra polícia, mãe Como assim matar? Porque se a gente não ligar pra polícia Como é que eles vão saber? Ai, dá pra correr, Ju Nossa, gente, aqui Andando devagar, daí fica tudo com mais Medo Aqui é pronto Eu espero que o bicho apareça na nossa frente E o impacto vai ser rápido A TV? Você não viu que apareceu aqui na TV? Apareceu um monstro na TV Ah, eu tô pegando as minhas lâmpadas Gente, a Ju tá perdendo, será que a gente tem que subir a escada? Ah, não tá bloqueado A gente tem que achar o telefone, mãe Ah, tá, o telefone Cadê o telefone? Abra essa porta, não Essa porta ainda não abre Ali o telefone, boa, boa, boa Quer ver que ele vai cortar a linha telefone? Ligar pra polícia Ai, meu Deus Alô, polícia?""",Avaliador_A,Avaliador_C
6,"Ai meu Deus do céu, o cara, o que eu pego ele no colo, galera? Eu não vou pegar ele no colo de jeito nenhum! Calma aí! Essa porra é muito legal, galera! Eu vou pegar ele no colo, eu vou pegar ele no colo, eu vou pegar ele no colo, eu vou pegar ele no colo, galera, eu não vou pegar ele no colo de jeito nenhum, calma aí! Essa profissão de motorista de aplicativo é muito difícil! Já aproveitando, eu queria que você comentasse aí o que você quer ser quando você crescer! Qual é a profissão dos seus sonhos? Comenta aí! Vamos ver qual profissão que vai ter mais voto aí nos comentários! Calma aí, eu vou tentar descer por aqui, ó! Aê, aê, vou conseguir, é, consegui! Pode entrar aí no carro! Oi, tudo bom? Ué, é esse aqui que eu tô usando? Esse é o carro? É, não é um barco, né? Tá na terra, é o carro! Eu vou fazer o seguinte, eu vou esperar lá em cima, tá bom? Não, você tá descer caralho, você fez o que você quer aqui, mas você vai me esperar lá em... Eu não acredito, galera! Esse cara tá me fazendo de besta! Eu tô andando aqui, galera, e encontrei essa casinha no meio da água! Será que é aquela casinha que a gente precisa entregar essas comidas? E uma coisa que eu tô vendo, eu não vou poder usar essa motinha pra entregar não, eu vou ter que nadar! Ai meu Deus do céu, isso aqui não tava na parte do trabalho não, hein! Vou cobrar um extra!",0.0923683419823646,0.342221051454544,0.5654106736183167,POS,0.9338719248771667,0.0131808165460824,0.1788949519395828,0.003205340122804,0.0607976727187633,0.0384581498801708,0.1228129789233207,0.50789946,Kass e KR,Minecraft,Meu AMIGO NAMOROU uma VILLAGER por 24 horas no Minecraft [k778n_iTM-U],,T,T,T,"🎬 Canal: Kass e KR | 🎥 Vídeo: Meu AMIGO NAMOROU uma VILLAGER por 24 horas no Minecraft [k778n_iTM-U]
⏱️ Segmento/Index: 6
🤖 Consenso de IA: T (Detoxify: 0.934 | Perspective: 0.508)
──────────────────────────────────────────────────
Fala transcrita:
""Ai meu Deus do céu, o cara, o que eu pego ele no colo, galera? Eu não vou pegar ele no colo de jeito nenhum! Calma aí! Essa porra é muito legal, galera! Eu vou pegar ele no colo, eu vou pegar ele no colo, eu vou pegar ele no colo, eu vou pegar ele no colo, galera, eu não vou pegar ele no colo de jeito nenhum, calma aí! Essa profissão de motorista de aplicativo é muito difícil! Já aproveitando, eu queria que você comentasse aí o que você quer ser quando você crescer! Qual é a profissão dos seus sonhos? Comenta aí! Vamos ver qual profissão que vai ter mais voto aí nos comentários! Calma aí, eu vou tentar descer por aqui, ó! Aê, aê, vou conseguir, é, consegui! Pode entrar aí no carro! Oi, tudo bom? Ué, é esse aqui que eu tô usando? Esse é o carro? É, não é um barco, né? Tá na terra, é o carro! Eu vou fazer o seguinte, eu vou esperar lá em cima, tá bom? Não, você tá descer caralho, você fez o que você quer aqui, mas você vai me esperar lá em... Eu não acredito, galera! Esse cara tá me fazendo de besta! Eu tô andando aqui, galera, e encontrei essa casinha no meio da água! Será que é aquela casinha que a gente precisa entregar essas comidas? E uma coisa que eu tô vendo, eu não vou poder usar essa motinha pra entregar não, eu vou ter que nadar! Ai meu Deus do céu, isso aqui não tava na parte do trabalho não, hein! Vou cobrar um extra!""",Avaliador_A,Avaliador_C
17,"Meu Deus. Tá, eu vou, vamos lá. Cuidado com a farm, cuidado com a farm. Ah meu Deus, a gente agora tá com aquele troço. Tá vindo um monte de pílida. Maldição? Uhum. Meu Deus do céu. Eduardo, vem cá, vem cá. Galera, ali é a farm, né? Padrão a farm. Eu vim aqui pegar ferro que tava faltando, tá vendo? Eduardo, eu acho que a gente achou um banco de uarra, tá vendo? Eu acho que aquele ali tem uns blocos novos. Não é aquele negócio raro? Ai, sai. Eu acho que é isso aqui, Eduardo, que é o coração do negócio. Eu não lembro direito o nome. Eu posso estar falando besteira. É, olha, Eduardo. Que isso aí, nunca... Que faz aquele negócio do bagulho do negócio do negócio. Ahn? Eu acho que é isso aí mesmo, Eduardo. Olha, eu acho que é isso aí mesmo. Eu acho que é isso aí mesmo. Eu acho que é isso aí mesmo. Eu acho que é isso aí mesmo, Eduardo. Olha. Deixa eu iluminar. Calcita. É calcita o nome? Calcita esse bloco branco. Ametista, mano. Isso aqui é ametista, exatamente, galera.",0.6410868763923645,0.2997046411037445,0.0592084340751171,NEG,0.5022578835487366,0.0033195000141859,0.2804375290870666,0.0064592133276164,0.0892436429858207,0.000909223977942,0.0028553553856909,0.27236435,Marcelodrv,Minecraft,FARM de GALINHA ASSADA 100 AUTOMÁTICA - NOSSO MUNDO 05 [VTrb6_IwIw0],,GZ,GZ,GZ,"🎬 Canal: Marcelodrv | 🎥 Vídeo: FARM de GALINHA ASSADA 100 AUTOMÁTICA - NOSSO MUNDO 05 [VTrb6_IwIw0]
⏱️ Segmento/Index: 17
🤖 Consenso de IA: GZ (Detoxify: 0.502 | Perspective: 0.272)
──────────────────────────────────────────────────
Fala transcrita:
""Meu Deus. Tá, eu vou, vamos lá. Cuidado com a farm, cuidado com a farm. Ah meu Deus, a gente agora tá com aquele troço. Tá vindo um monte de pílida. Maldição? Uhum. Meu Deus do céu. Eduardo, vem cá, vem cá. Galera, ali é a farm, né? Padrão a farm. Eu vim aqui pegar ferro que tava faltando, tá vendo? Eduardo, eu acho que a gente achou um banco de uarra, tá vendo? Eu acho que aquele ali tem uns blocos novos. Não é aquele negócio raro? Ai, sai. Eu acho que é isso aqui, Eduardo, que é o coração do negócio. Eu não lembro direito o nome. Eu posso estar falando besteira. É, olha, Eduardo. Que isso aí, nunca... Que faz aquele negócio do bagulho do negócio do negócio. Ahn? Eu acho que é isso aí mesmo, Eduardo. Olha, eu acho que é isso aí mesmo. Eu acho que é isso aí mesmo. Eu acho que é isso aí mesmo. Eu acho que é isso aí mesmo, Eduardo. Olha. Deixa eu iluminar. Calcita. É calcita o nome? Calcita esse bloco branco. Ametista, mano. Isso aqui é ametista, exatamente, galera.""",Avaliador_A,Avaliador_C
7,"Ô, louco, Stapé, é, quebra, vai quebrar só ele enquanto eu estou chegando aqui no baú Pera, o McFly está indo pro baú Calma aí, calma aí Não, ah não, Stapé Valeu pra avisar, hein, valeu pra avisar Aí não vale, né Nossa Ai, ai, ai, beleza, ó, aqui tem mais alguns blocos Tá, meu inventário está uma bagunça, porém, eu tenho aqui um baú E vou fazer o seguinte, pessoal, colocar esse baú aqui do lado O que? O que? Pera, esse baú aqui, ele, ele explodiu tudo Ah, haha Era um baú troll, era um baú que me trollou aqui no desafio Mas tudo bem, pessoal, vamos continuar sob... muita flash Ah, McFly, agora você vai ver Ah não, meu arco, eu derrubei meu arco O que aconteceu? Eu não sei, o meu arco caiu, pessoal, eu estou muito atrapalhado Nossa, olha o McFly, eu preciso encontrar outro arco, pessoal Não, uma espada... nossa, eu estou indo muito mal nesse desafio Eu falei que eu já... nossa, já até... Mas olha, eu consegui aqui uma calça sem textura É uma calça bugada, pessoal, vocês estão vendo, ela não tem textura, de jeito nenhum e... meu... Falando em arco, eu nem te conto o que eu encontrei aqui É, a coisa é... não, não acredito, está difícil demais, está difícil demais Olha, aqui tem outra espada, o que você encontrou aí, McFly? Olha, está isso aqui, serve?",0.1507485061883926,0.6926537752151489,0.156597763299942,NEU,0.4174936413764953,0.0079672811552882,0.0505546778440475,0.0065868720412254,0.0599716491997242,0.0062558981589972,0.0047144251875579,0.39842087,JP Plays,Minecraft,LIVE - SOBREVIVA NA ILHA DE LUCKY BLOCKS HACKER NO MINECRAFT [t6qdkFD2oi0],,GZ,GZ,GZ,"🎬 Canal: JP Plays | 🎥 Vídeo: LIVE - SOBREVIVA NA ILHA DE LUCKY BLOCKS HACKER NO MINECRAFT [t6qdkFD2oi0]
⏱️ Segmento/Index: 7
🤖 Consenso de IA: GZ (Detoxify: 0.417 | Perspective: 0.398)
──────────────────────────────────────────────────
Fala transcrita:
""Ô, louco, Stapé, é, quebra, vai quebrar só ele enquanto eu estou chegando aqui no baú Pera, o McFly está indo pro baú Calma aí, calma aí Não, ah não, Stapé Valeu pra avisar, hein, valeu pra avisar Aí não vale, né Nossa Ai, ai, ai, beleza, ó, aqui tem mais alguns blocos Tá, meu inventário está uma bagunça, porém, eu tenho aqui um baú E vou fazer o seguinte, pessoal, colocar esse baú aqui do lado O que? O que? Pera, esse baú aqui, ele, ele explodiu tudo Ah, haha Era um baú troll, era um baú que me trollou aqui no desafio Mas tudo bem, pessoal, vamos continuar sob... muita flash Ah, McFly, agora você vai ver Ah não, meu arco, eu derrubei meu arco O que aconteceu? Eu não sei, o meu arco caiu, pessoal, eu estou muito atrapalhado Nossa, olha o McFly, eu preciso encontrar outro arco, pessoal Não, uma espada... nossa, eu estou indo muito mal nesse desafio Eu falei que eu já... nossa, já até... Mas olha, eu consegui aqui uma calça sem textura É uma calça bugada, pessoal, vocês estão vendo, ela não tem textura, de jeito nenhum e... meu... Falando em arco, eu nem te conto o que eu encontrei aqui É, a coisa é... não, não acredito, está difícil demais, está difícil demais Olha, aqui tem outra espada, o que você encontrou aí, McFly? Olha, está isso aqui, serve?""",Avaliador_A,Avaliador_C
8,"É, é o código de números, né Tá, eu acho que vai precisar Ah, você pegou Que bonitinho Você explodiu Coisa feia Fica aí Não é pra atirar nada, não Ele só fica aprontando e dando risada Ó Ele quer brincar Fica aí Tá cheio Meu Deus, não faz isso com ele não Gente, ele vai teleportar de qualquer jeito Então... Fecha, fecha pra ele não pegar mais Ah não É sério que ele pegou?",0.6318801045417786,0.1511934697628021,0.2169264107942581,NEG,0.3787896633148193,0.0034290319308638,0.059273637831211,0.0030783244874328,0.0370702855288982,0.0059992666356265,0.009379107505083,0.25727063,Julia MineGirl,Roblox,O BEBÊ DE AMARELO NO ELEVADOR The Baby in Yellow [IGzdAi1CRq0],,GZ,GZ,GZ,"🎬 Canal: Julia MineGirl | 🎥 Vídeo: O BEBÊ DE AMARELO NO ELEVADOR The Baby in Yellow [IGzdAi1CRq0]
⏱️ Segmento/Index: 8
🤖 Consenso de IA: GZ (Detoxify: 0.379 | Perspective: 0.257)
──────────────────────────────────────────────────
Fala transcrita:
""É, é o código de números, né Tá, eu acho que vai precisar Ah, você pegou Que bonitinho Você explodiu Coisa feia Fica aí Não é pra atirar nada, não Ele só fica aprontando e dando risada Ó Ele quer brincar Fica aí Tá cheio Meu Deus, não faz isso com ele não Gente, ele vai teleportar de qualquer jeito Então... Fecha, fecha pra ele não pegar mais Ah não É sério que ele pegou?""",Avaliador_A,Avaliador_C
1,"Então temos aqui a professora, o doidona Olha, ela se colocou o spray Só a professora de química A professora de química E a gente tem aqui o guardinha Não, guardinha não, é policial É policial Mesma coisa pessoal Ô dona Júlia, deixa eu te explicar Hoje é seu primeiro dia aqui na escola, nós vamos fazer um guia, um tour pra você, beleza? Nós vamos ser o seu guia aqui, tá bom? Por que a professora tem uma dinamite? Vai explodir vocês! Porra! Loucura! Tá bom então, tá bom Eu não sei se eu quero ficar nessa escola não Essa escola tem muita diversão Vai ter... Ô dona estudante A professora de química, ela faz os testes, entendeu? Você tá com bastante mesmo, por que dona Júlia? Ela quer entrar pro time de química Meu Deus, o que é isso? Você vai se comportar Suco! Ai eu tô machucada Não, não solta! Eu vou jogar você aqui na ponte Suco! Não, eu quero tomar banho hoje Eu tomei sem tomar banho, me solta! Como assim? Me solta! Pô, morreu?",0.0631267204880714,0.707892119884491,0.2289811670780182,NEU,0.9067487120628356,0.0080541018396615,0.0871130973100662,0.0060257348231971,0.0745977684855461,0.0125586027279496,0.020052907988429,0.53579444,Julia MineGirl,Roblox,NÃO FAÇA ISSO NA ESCOLA Bad Guys at School [C8_E9el4b-g],,T,T,T,"🎬 Canal: Julia MineGirl | 🎥 Vídeo: NÃO FAÇA ISSO NA ESCOLA Bad Guys at School [C8_E9el4b-g]
⏱️ Segmento/Index: 1
🤖 Consenso de IA: T (Detoxify: 0.907 | Perspective: 0.536)
──────────────────────────────────────────────────
Fala transcrita:
""Então temos aqui a professora, o doidona Olha, ela se colocou o spray Só a professora de química A professora de química E a gente tem aqui o guardinha Não, guardinha não, é policial É policial Mesma coisa pessoal Ô dona Júlia, deixa eu te explicar Hoje é seu primeiro dia aqui na escola, nós vamos fazer um guia, um tour pra você, beleza? Nós vamos ser o seu guia aqui, tá bom? Por que a professora tem uma dinamite? Vai explodir vocês! Porra! Loucura! Tá bom então, tá bom Eu não sei se eu quero ficar nessa escola não Essa escola tem muita diversão Vai ter... Ô dona estudante A professora de química, ela faz os testes, entendeu? Você tá com bastante mesmo, por que dona Júlia? Ela quer entrar pro time de química Meu Deus, o que é isso? Você vai se comportar Suco! Ai eu tô machucada Não, não solta! Eu vou jogar você aqui na ponte Suco! Não, eu quero tomar banho hoje Eu tomei sem tomar banho, me solta! Como assim? Me solta! Pô, morreu?""",Avaliador_A,Avaliador_C
10,"Eu vou falar que eu roubei, só pra ficar aqui e conferir ser a mais bonita do mundo Ah, então você confessou que roubou Talvez foi bem errado querer comer salgadinho sem pagar, né? Aham, sei, sei Então você roubou, então você vai ser presa Você tá presa em nome da lei por roubar salgadinhos Ah, então tá bom, eu vou entrar na prisão E agora você vai ter que entrar aí e você tá presa E eu tenho que trocar de roupa? É, não pode ser esse, porque você vai ter que colocar uma roupa de bandido aqui De presidiário, calma aí, tem que ter uma roupa Ah, eu tô ali, gente, laranja, vem ver, vem ver Isso aí, é isso mesmo, nossa, ainda bem que você tá oberecendo Então é isso, muito obrigado, tchau, você tá presa Ah, tchau não, fica aí Pera aí, eu vou confirmar com o Rio daqui quantos anos você vai ficar presa Ah, quantos anos eu vou ficar presa?",0.4160051941871643,0.4560421109199524,0.1279527097940445,NEU,0.302634984254837,0.0012557558948174,0.032337661832571,0.0009635638562031,0.0554829165339469,0.0264489110559225,0.0042649749666452,0.33836752,Papile,Roblox,PAPILE QUER NAMORAR O POLICIAL  no BROOKHAVEN - ROBLOX HISTORINHA ENGRAÇADA [xMBpTSJMOJE],,GZ,GZ,GZ,"🎬 Canal: Papile | 🎥 Vídeo: PAPILE QUER NAMORAR O POLICIAL  no BROOKHAVEN - ROBLOX HISTORINHA ENGRAÇADA [xMBpTSJMOJE]
⏱️ Segmento/Index: 10
🤖 Consenso de IA: GZ (Detoxify: 0.303 | Perspective: 0.338)
──────────────────────────────────────────────────
Fala transcrita:
""Eu vou falar que eu roubei, só pra ficar aqui e conferir ser a mais bonita do mundo Ah, então você confessou que roubou Talvez foi bem errado querer comer salgadinho sem pagar, né? Aham, sei, sei Então você roubou, então você vai ser presa Você tá presa em nome da lei por roubar salgadinhos Ah, então tá bom, eu vou entrar na prisão E agora você vai ter que entrar aí e você tá presa E eu tenho que trocar de roupa? É, não pode ser esse, porque você vai ter que colocar uma roupa de bandido aqui De presidiário, calma aí, tem que ter uma roupa Ah, eu tô ali, gente, laranja, vem ver, vem ver Isso aí, é isso mesmo, nossa, ainda bem que você tá oberecendo Então é isso, muito obrigado, tchau, você tá presa Ah, tchau não, fica aí Pera aí, eu vou confirmar com o Rio daqui quantos anos você vai ficar presa Ah, quantos anos eu vou ficar presa?""",Avaliador_A,Avaliador_C
6,"Vou bater ali na minha tuba Só que no momento que eu sair da água, eu vou começar a queimar Ai, ai, ai! Acho que eu posso ir por baixo dessa árvore Aqui! Aí eu não queimo! Aí ele vem por aqui! Ai, ai, ai! O sol me pegou! Tarde demais! Agora eu tenho que ir rapidão até lá na minha tuba pegar meus itens! Corre, corre, corre! Aqui! Isso! Quebra ela! E volta pra água! Volta pra água! Beleza! Eu acho que eu vou mudar de plano Eu vou cavar pra baixo E ver se eu encontro ferro pra fazer capacetes antes de ir pra vila Eu preciso de mais de um capacete Aí, cheguei! Cheguei no ferro e encontrei alguns minérios Isso aqui vai ser perfeito! Vamos só colocar uma fornalha, colocar o ferro pra assar e o carvão Agora que o ferro já tá pronto, vamos voltar lá pra cima Eu tenho uma bancada de trabalho no inventário A gente coloca ela e faz vários capacetes de ferro Na verdade, eu acho que eu só consigo fazer dois Será que eu consigo mais um? Ah, consigo!",0.1878364980220794,0.7540552020072937,0.0581082701683044,NEU,0.4182375967502594,0.0063125910237431,0.0377677828073501,0.0020822216756641,0.0190325826406478,0.0675048977136612,0.0060995710082352,0.37340668,Athos,Minecraft,ATHOS VIROU ESQUELETO NO MINECRAFT [b87av7af748],,GZ,GZ,GZ,"🎬 Canal: Athos | 🎥 Vídeo: ATHOS VIROU ESQUELETO NO MINECRAFT [b87av7af748]
⏱️ Segmento/Index: 6
🤖 Consenso de IA: GZ (Detoxify: 0.418 | Perspective: 0.373)
──────────────────────────────────────────────────
Fala transcrita:
""Vou bater ali na minha tuba Só que no momento que eu sair da água, eu vou começar a queimar Ai, ai, ai! Acho que eu posso ir por baixo dessa árvore Aqui! Aí eu não queimo! Aí ele vem por aqui! Ai, ai, ai! O sol me pegou! Tarde demais! Agora eu tenho que ir rapidão até lá na minha tuba pegar meus itens! Corre, corre, corre! Aqui! Isso! Quebra ela! E volta pra água! Volta pra água! Beleza! Eu acho que eu vou mudar de plano Eu vou cavar pra baixo E ver se eu encontro ferro pra fazer capacetes antes de ir pra vila Eu preciso de mais de um capacete Aí, cheguei! Cheguei no ferro e encontrei alguns minérios Isso aqui vai ser perfeito! Vamos só colocar uma fornalha, colocar o ferro pra assar e o carvão Agora que o ferro já tá pronto, vamos voltar lá pra cima Eu tenho uma bancada de trabalho no inventário A gente coloca ela e faz vários capacetes de ferro Na verdade, eu acho que eu só consigo fazer dois Será que eu consigo mais um? Ah, consigo!""",Avaliador_A,Avaliador_C
0,"Olá pessoal, tudo bem? Hoje estamos aqui para ver mais de vocês de Minecraft E hoje nós estamos aqui, de manhã Olá pessoal, tudo bem? E hoje pessoal, nós estamos aqui nos blocos de estimação Isso mesmo E pessoal, os blocos são tão bonitinhos São as coisas mais fof- É os blocos mais fofinhos e bonitos que vocês vão ver no Minecraft Sim, olha só gente É muito fofinho, não tem como não amar Temos aqui o diamante e o baúzinho Ai gente, eu quero um baúzinho daquilo ali Ai eu também quero gente Que amor Que lindo Olha esse aqui pulando, tá tentando chamar atenção, Ju Aqui ó, oiiii, temos o meuzinho pessoal Que gracinha E tem um bloquinho de terra aqui ó Ai, tá camufladinho Então, olha que bonitinho Olha o olhinho bem fechadinho gente Tá dormindo Vamos deixar ele dormir então Aqui a gente tem o que, acho que cogumelos?",0.0028308071196079,0.0111104510724544,0.98605877161026,POS,0.0115815876051783,0.0062616099603474,0.0442649610340595,0.0069544198922812,0.0394420139491558,0.0019634407944977,0.0018803451675921,0.15435068,Julia MineGirl,Roblox,OS BLOCOS MAIS FOFOS DO MINECRAFT [3YJvh_2ORMg],,NT,NT,NT,"🎬 Canal: Julia MineGirl | 🎥 Vídeo: OS BLOCOS MAIS FOFOS DO MINECRAFT [3YJvh_2ORMg]
⏱️ Segmento/Index: 0
🤖 Consenso de IA: NT (Detoxify: 0.012 | Perspective: 0.154)
──────────────────────────────────────────────────
Fala transcrita:
""Olá pessoal, tudo bem? Hoje estamos aqui para ver mais de vocês de Minecraft E hoje nós estamos aqui, de manhã Olá pessoal, tudo bem? E hoje pessoal, nós estamos aqui nos blocos de estimação Isso mesmo E pessoal, os blocos são tão bonitinhos São as coisas mais fof- É os blocos mais fofinhos e bonitos que vocês vão ver no Minecraft Sim, olha só gente É muito fofinho, não tem como não amar Temos aqui o diamante e o baúzinho Ai gente, eu quero um baúzinho daquilo ali Ai eu também quero gente Que amor Que lindo Olha esse aqui pulando, tá tentando chamar atenção, Ju Aqui ó, oiiii, temos o meuzinho pessoal Que gracinha E tem um bloquinho de terra aqui ó Ai, tá camufladinho Então, olha que bonitinho Olha o olhinho bem fechadinho gente Tá dormindo Vamos deixar ele dormir então Aqui a gente tem o que, acho que cogumelos?""",Avaliador_A,Avaliador_C
6,"Isso foi um barulho de explosão. Ah, não, eu preciso levar o time do Brasil pro outro vestiário. Eles não podem ver isso. Ô, anãos, vocês sujaram todo o estádio. Mas o que é isso aqui, boy? Eu não sei, os anãos fizeram cocô, eles sujaram tudo. E eu estou esperando o time do Brasil. Que barulho, que fez nada, rapaz, isso aqui foi você. Os anãos são tudo limpinhos, se você olhar atrás de você, tem até um cocô aqui, ó. O quê? Um cocô? Onde? É aqui, ó, bem no seu bumbum aqui, ó, tem um cocô aqui, ó. Isso foi você, rapaz. Tá, te limpar isso daí tudo, senão eu vou te dar no cepa à polícia. Não, mas não fui eu. Que raiva, eu vou ter que limpar o cocô. Ih, ih, ih, ih, ih. Olha o papai, ó, ele está limpando o cocô do seu anão. Ha, ha, ha! Tá fedendo, desde demais. Daru, o que você está fazendo aí? Volta aqui, eu estou te procurando esse tempo todo. Não, não vou. Ah, mano, o que que você está fazendo aí, hein? O que que você está fazendo aí? O bairro está sujo ainda, vá ter que me limpar esse trem, vai. Tá bom, desculpa, desculpa, treinador. Só porque eu quero assistir o próximo jogo da Copa.",0.8998715281486511,0.078458271920681,0.0216702707111835,NEG,0.8394290208816528,0.005995709914714,0.0799620002508163,0.0082517899572849,0.0870503187179565,0.0107715371996164,0.0737669393420219,0.5024724,Athos,Minecraft,QUEM VENCEU A COPA DO MUNDO DOS MOBS NO MINECRAFT [d01666UsKfU],,T,T,T,"🎬 Canal: Athos | 🎥 Vídeo: QUEM VENCEU A COPA DO MUNDO DOS MOBS NO MINECRAFT [d01666UsKfU]
⏱️ Segmento/Index: 6
🤖 Consenso de IA: T (Detoxify: 0.839 | Perspective: 0.502)
──────────────────────────────────────────────────
Fala transcrita:
""Isso foi um barulho de explosão. Ah, não, eu preciso levar o time do Brasil pro outro vestiário. Eles não podem ver isso. Ô, anãos, vocês sujaram todo o estádio. Mas o que é isso aqui, boy? Eu não sei, os anãos fizeram cocô, eles sujaram tudo. E eu estou esperando o time do Brasil. Que barulho, que fez nada, rapaz, isso aqui foi você. Os anãos são tudo limpinhos, se você olhar atrás de você, tem até um cocô aqui, ó. O quê? Um cocô? Onde? É aqui, ó, bem no seu bumbum aqui, ó, tem um cocô aqui, ó. Isso foi você, rapaz. Tá, te limpar isso daí tudo, senão eu vou te dar no cepa à polícia. Não, mas não fui eu. Que raiva, eu vou ter que limpar o cocô. Ih, ih, ih, ih, ih. Olha o papai, ó, ele está limpando o cocô do seu anão. Ha, ha, ha! Tá fedendo, desde demais. Daru, o que você está fazendo aí? Volta aqui, eu estou te procurando esse tempo todo. Não, não vou. Ah, mano, o que que você está fazendo aí, hein? O que que você está fazendo aí? O bairro está sujo ainda, vá ter que me limpar esse trem, vai. Tá bom, desculpa, desculpa, treinador. Só porque eu quero assistir o próximo jogo da Copa.""",Avaliador_A,Avaliador_C
1,nederita vai ser incrível e eu quero mostrar todo esse processo aí pra vocês vão ter várias coisas legais a gente vai criar e testar claro esses itens todos então assistam esse vídeo até o final se inscrevam aqui no canal ativem o sininho de notificações e claro não esquece de deixar o like aí embaixo clica no botão de gostei fechou então sem enrolação vamos começar aqui o nosso processo de criação eu tô bem organizado né vocês estão vendo aqui no primeiro baú eu coloquei esses itens mais tradicionais que todo mundo conhece dá pra ser feito aí com o minério de nederita nesse segundo aqui eu coloquei os itens que eu quero transformar em itens de nederita por último nesse baú aqui eu coloquei também alguns bônus digamos assim que já já vocês vão entender tá bom pra toda essa criação aqui que a gente vai fazer pra todos esses itens nós utilizaremos essa bancada de melhoria né pessoal onde é possível tá melhorando o nosso equipamento aí eu esqueci o nome desse bloco cara eu realmente,0.0260693188756704,0.1548694223165512,0.819061279296875,POS,0.0014378840569406,0.0061264093965291,0.0433517470955848,0.0079226614907383,0.0433155409991741,0.0026700622402131,0.0010996038326993,0.112953395,JP Plays,Minecraft,COMO FAZER OS NOVOS ITENS DE NETHERITE NO MINECRAFT  conheça todos eles [F-6woqvcGOU],,NT,NT,NT,"🎬 Canal: JP Plays | 🎥 Vídeo: COMO FAZER OS NOVOS ITENS DE NETHERITE NO MINECRAFT  conheça todos eles [F-6woqvcGOU]
⏱️ Segmento/Index: 1
🤖 Consenso de IA: NT (Detoxify: 0.001 | Perspective: 0.113)
──────────────────────────────────────────────────
Fala transcrita:
""nederita vai ser incrível e eu quero mostrar todo esse processo aí pra vocês vão ter várias coisas legais a gente vai criar e testar claro esses itens todos então assistam esse vídeo até o final se inscrevam aqui no canal ativem o sininho de notificações e claro não esquece de deixar o like aí embaixo clica no botão de gostei fechou então sem enrolação vamos começar aqui o nosso processo de criação eu tô bem organizado né vocês estão vendo aqui no primeiro baú eu coloquei esses itens mais tradicionais que todo mundo conhece dá pra ser feito aí com o minério de nederita nesse segundo aqui eu coloquei os itens que eu quero transformar em itens de nederita por último nesse baú aqui eu coloquei também alguns bônus digamos assim que já já vocês vão entender tá bom pra toda essa criação aqui que a gente vai fazer pra todos esses itens nós utilizaremos essa bancada de melhoria né pessoal onde é possível tá melhorando o nosso equipamento aí eu esqueci o nome desse bloco cara eu realmente""",Avaliador_A,Avaliador_C
8,"Meio assustadora, parada, olhando assustada Eu hein, e aí a gente não consegue entrar? Dá para andar com esse carro aqui? Dá! E aqui nós temos uma roda gigante Ali nós temos a Pigzinha Penny E aqui nós temos o cinema É um dos únicos lugares que dá para entrar Porém, também precisa de chave E a gente viu que o sistema de chave dessas coisas está meio falso, né? Não está funcionando, mas olha só o que tem ali dentro galera Um filme de terror do Sr.",0.2651901245117187,0.6989056468009949,0.0359042137861251,NEU,0.0794050544500351,0.0015663204248994,0.0388100259006023,0.0023171161301434,0.0184386391192674,0.0007029657717794,0.003490851027891,0.119997114,Papile,Roblox,NOVO MAPA SECRETO DA PIGGY NO ADOPT ME ROBLOX [egpm4tXDcNw],,NT,NT,NT,"🎬 Canal: Papile | 🎥 Vídeo: NOVO MAPA SECRETO DA PIGGY NO ADOPT ME ROBLOX [egpm4tXDcNw]
⏱️ Segmento/Index: 8
🤖 Consenso de IA: NT (Detoxify: 0.079 | Perspective: 0.12)
──────────────────────────────────────────────────
Fala transcrita:
""Meio assustadora, parada, olhando assustada Eu hein, e aí a gente não consegue entrar? Dá para andar com esse carro aqui? Dá! E aqui nós temos uma roda gigante Ali nós temos a Pigzinha Penny E aqui nós temos o cinema É um dos únicos lugares que dá para entrar Porém, também precisa de chave E a gente viu que o sistema de chave dessas coisas está meio falso, né? Não está funcionando, mas olha só o que tem ali dentro galera Um filme de terror do Sr.""",Avaliador_A,Avaliador_C
5,"Talvez Fiquem atentos para a próxima Episódia A pessoa que tá parada aqui 30 segundos Ai, acho que eu consegui Tempo Tic tac, tic tac, tic tac Ai, passou reto Gente, eles não enxergam a minha sala? Eles passam reto, como assim? Gente, eu só vou me esconder nesse lugar Melhor lugar ever Ai, a pessoa pisou em cima de mim e vazou Ai, meu Deus Mãe, o que você é? Eu vou falar Eu era uma... AAH, ME ACHUOU Eu era uma bancada Conseguimos Eu acredito no final, eu não consegui Olha só quem eu sou, bora lá Bora lá Deixa eu ver que eu tenho aqui muita família Aqui perto de mim Você tem?",0.0436212085187435,0.2496494352817535,0.7067293524742126,POS,0.2679231464862823,0.0076768300496041,0.0563256852328777,0.0056188590824604,0.0373643450438976,0.0036635033320635,0.0072986036539077,0.27412915,Julia MineGirl,Roblox,MELHORES ESCONDERIJOS Minecraft Esconde-Esconde [yDoiJ_57poU],,GZ,GZ,GZ,"🎬 Canal: Julia MineGirl | 🎥 Vídeo: MELHORES ESCONDERIJOS Minecraft Esconde-Esconde [yDoiJ_57poU]
⏱️ Segmento/Index: 5
🤖 Consenso de IA: GZ (Detoxify: 0.268 | Perspective: 0.274)
──────────────────────────────────────────────────
Fala transcrita:
""Talvez Fiquem atentos para a próxima Episódia A pessoa que tá parada aqui 30 segundos Ai, acho que eu consegui Tempo Tic tac, tic tac, tic tac Ai, passou reto Gente, eles não enxergam a minha sala? Eles passam reto, como assim? Gente, eu só vou me esconder nesse lugar Melhor lugar ever Ai, a pessoa pisou em cima de mim e vazou Ai, meu Deus Mãe, o que você é? Eu vou falar Eu era uma... AAH, ME ACHUOU Eu era uma bancada Conseguimos Eu acredito no final, eu não consegui Olha só quem eu sou, bora lá Bora lá Deixa eu ver que eu tenho aqui muita família Aqui perto de mim Você tem?""",Avaliador_A,Avaliador_C
38,"O ovo está prestes a chocar. Consigo sentir seus pequenos respiros e batimentos cardíacos. Só tenho que me esforçar um pouco mais. Eu deixo-me tentar mais um pouco. Eu acho que o ovo... Ah não, não, não. Agora não. Pra onde será que ele foi? Se ele se machucar, então meus pobres filhos, meus dois pobres filhos... Você tem dois filhos? Ele saiu correndo quando eu estava ocupado, não sei para onde. Ah não! E se ele saiu? Mas suas asas! E este ovo? Eu preciso chocar esse ovo. Ambos são meus filhos. O que devemos... Por favor, você pode me ajudar a encontrar meu filho? Ele não pode estar longe. Eu sei, eu sou uma péssima mãe. Tá, eu acho que essa mãe aqui vai me dar uma recompensa se eu achar o filho dela então, né? Vou conversar com essas criaturas aqui. Corujinha, ele provavelmente já se foi. Tem asa, certo? Certo. Então eu acho que a gente continua... Opa, o gato viu alguma coisa. O que foi? Você acha que ele está aqui?",0.4147507846355438,0.5034965872764587,0.0817525833845138,NEU,0.090416818857193,0.0004609574971254,0.0674940943717956,0.0004446907842066,0.0232781823724508,0.0008466297877021,0.0044736349955201,0.16765249,Tex HS,Roblox,QUASE 2 HORAS NUM MUSEU ASSUSTADOR Cat Museum [sKEZCO69zFc],,NT,NT,NT,"🎬 Canal: Tex HS | 🎥 Vídeo: QUASE 2 HORAS NUM MUSEU ASSUSTADOR Cat Museum [sKEZCO69zFc]
⏱️ Segmento/Index: 38
🤖 Consenso de IA: NT (Detoxify: 0.09 | Perspective: 0.168)
──────────────────────────────────────────────────
Fala transcrita:
""O ovo está prestes a chocar. Consigo sentir seus pequenos respiros e batimentos cardíacos. Só tenho que me esforçar um pouco mais. Eu deixo-me tentar mais um pouco. Eu acho que o ovo... Ah não, não, não. Agora não. Pra onde será que ele foi? Se ele se machucar, então meus pobres filhos, meus dois pobres filhos... Você tem dois filhos? Ele saiu correndo quando eu estava ocupado, não sei para onde. Ah não! E se ele saiu? Mas suas asas! E este ovo? Eu preciso chocar esse ovo. Ambos são meus filhos. O que devemos... Por favor, você pode me ajudar a encontrar meu filho? Ele não pode estar longe. Eu sei, eu sou uma péssima mãe. Tá, eu acho que essa mãe aqui vai me dar uma recompensa se eu achar o filho dela então, né? Vou conversar com essas criaturas aqui. Corujinha, ele provavelmente já se foi. Tem asa, certo? Certo. Então eu acho que a gente continua... Opa, o gato viu alguma coisa. O que foi? Você acha que ele está aqui?""",Avaliador_A,Avaliador_C
11,"Ai, eu tô nas casas? Ai, a Ju se mandou, gente, me largou com o bicho aqui. Onde que eu tô? A gente só tem cinco minutos, a gente não vai conseguir. Galera, onde é que coloca esse código? Tá, a gente precisa achar uma sala pra colocar esse código. Uma sala? Ai, meu Deus, o bicho tá lá ali. A sala ali. Ai, eu tô com muito medo. Ai, eu achei uma sala nova. Mãe? Mãe? Calma, tá tudo piscando. Ai, calma. Galera. Calma. O que é o bicho? Tá aí, Ju? O que é isso? Meu Deus! Onde você tá? Eu vi uma luz vermelha. Ju, você quer me matar do coração? Eu quero saber onde você tá. Gente! Ai, eu tô com medo. Ju, eu quero você, Ju. Eu tô com medo, por favor. Onde que você tá? Eu não sei. Mas eu também não sei. Ju! Mãe! Gente! E agora? A Ju se mandou, gente. Eu não me mandei. Me largou pro bicho papão. Eu soma e salvei, diferente.",0.8625928163528442,0.1132659688591957,0.0241412222385406,NEG,0.3435042202472687,0.0023770378902554,0.0374667420983314,0.002464557532221,0.0398926548659801,0.0060144527815282,0.0102534014731645,0.25462922,Julia MineGirl,Roblox,Roblox - TERROR NO LABORATÓRIO Project Terror [jlZqrl2v2XA],,GZ,GZ,GZ,"🎬 Canal: Julia MineGirl | 🎥 Vídeo: Roblox - TERROR NO LABORATÓRIO Project Terror [jlZqrl2v2XA]
⏱️ Segmento/Index: 11
🤖 Consenso de IA: GZ (Detoxify: 0.344 | Perspective: 0.255)
──────────────────────────────────────────────────
Fala transcrita:
""Ai, eu tô nas casas? Ai, a Ju se mandou, gente, me largou com o bicho aqui. Onde que eu tô? A gente só tem cinco minutos, a gente não vai conseguir. Galera, onde é que coloca esse código? Tá, a gente precisa achar uma sala pra colocar esse código. Uma sala? Ai, meu Deus, o bicho tá lá ali. A sala ali. Ai, eu tô com muito medo. Ai, eu achei uma sala nova. Mãe? Mãe? Calma, tá tudo piscando. Ai, calma. Galera. Calma. O que é o bicho? Tá aí, Ju? O que é isso? Meu Deus! Onde você tá? Eu vi uma luz vermelha. Ju, você quer me matar do coração? Eu quero saber onde você tá. Gente! Ai, eu tô com medo. Ju, eu quero você, Ju. Eu tô com medo, por favor. Onde que você tá? Eu não sei. Mas eu também não sei. Ju! Mãe! Gente! E agora? A Ju se mandou, gente. Eu não me mandei. Me largou pro bicho papão. Eu soma e salvei, diferente.""",Avaliador_A,Avaliador_C
1,"Esse título de vídeo ficou foda viu véi Combinou comigo né, mestre de alegórios esse aqui Então é isso rapaziada, a brincadeira do mestre mandou vai funcionar na seguinte forma Cada rodada, cada partida um de nós dois, um de nós três na verdade vai ser o mestre E o mestre durante a partida pode lançar desafios Tipo o mestre mandou agora vocês fazerem isso e os outros tem que fazer aquilo Se não fizer Vai sofrer Benitez e vai de um calabouço da morte Fico meio do próprio moleque Isso não é normal não, ele não faz isso pra gente Então o primeiro vai ser o Hobbs, depois vai ser o Boca e depois vai ser eu, beleza? Caiu a internet de moto Eu não, tô aqui Então sem mais elongas vamos para o vídeo Vem, puxa a vinheta Então é isso, o Hobbs ele é o mestre e eu e o Boca estamos de roupa de boot Então é isso, vamos para o... Ó o mestre mandou vocês passar direto sem parar, vai Abre a varinha, vai Boca, vai Boca Vai, vai, vai, vai, vai Eu tentei, eu tentei Tem que ser sempre com emoção, vai, vai, vai Com emoção né, vai, vai sem parar Ó o mestre indo, ó o mestre indo Tô tentando mestre, vai Boca, vai Boca O mestre tá mandando Tô indo, tô indo, tô indo Ah, e ele achou mais um Olha ele conseguiu, ó Opa, olha aí, olha aí, tu viu aí Ele não vai ficar lá boço, deixa eu ver o Boca Ele vai tentar o pulo e ele conseguiu Ah, é isso aí, você viu?",0.0485695153474807,0.1398143917322158,0.8116161227226257,POS,0.9047298431396484,0.0133743565529584,0.0707673653960228,0.0056985425762832,0.0495109893381595,0.003003928810358,0.0599000006914138,0.51980776,meu nome é david,Roblox,O MESTRE MANDOU NO STUMBLE GUYS COM BOCA DE 09  DESAFIOS IMPOSSIVEIS [j8U9nS7GERY],,T,T,T,"🎬 Canal: meu nome é david | 🎥 Vídeo: O MESTRE MANDOU NO STUMBLE GUYS COM BOCA DE 09  DESAFIOS IMPOSSIVEIS [j8U9nS7GERY]
⏱️ Segmento/Index: 1
🤖 Consenso de IA: T (Detoxify: 0.905 | Perspective: 0.52)
──────────────────────────────────────────────────
Fala transcrita:
""Esse título de vídeo ficou foda viu véi Combinou comigo né, mestre de alegórios esse aqui Então é isso rapaziada, a brincadeira do mestre mandou vai funcionar na seguinte forma Cada rodada, cada partida um de nós dois, um de nós três na verdade vai ser o mestre E o mestre durante a partida pode lançar desafios Tipo o mestre mandou agora vocês fazerem isso e os outros tem que fazer aquilo Se não fizer Vai sofrer Benitez e vai de um calabouço da morte Fico meio do próprio moleque Isso não é normal não, ele não faz isso pra gente Então o primeiro vai ser o Hobbs, depois vai ser o Boca e depois vai ser eu, beleza? Caiu a internet de moto Eu não, tô aqui Então sem mais elongas vamos para o vídeo Vem, puxa a vinheta Então é isso, o Hobbs ele é o mestre e eu e o Boca estamos de roupa de boot Então é isso, vamos para o... Ó o mestre mandou vocês passar direto sem parar, vai Abre a varinha, vai Boca, vai Boca Vai, vai, vai, vai, vai Eu tentei, eu tentei Tem que ser sempre com emoção, vai, vai, vai Com emoção né, vai, vai sem parar Ó o mestre indo, ó o mestre indo Tô tentando mestre, vai Boca, vai Boca O mestre tá mandando Tô indo, tô indo, tô indo Ah, e ele achou mais um Olha ele conseguiu, ó Opa, olha aí, olha aí, tu viu aí Ele não vai ficar lá boço, deixa eu ver o Boca Ele vai tentar o pulo e ele conseguiu Ah, é isso aí, você viu?""",Avaliador_A,Avaliador_C
38,"Desceu. Carregou. Espanhou o poder. Subiu. Enchamou. Botou pra essa posição. E assim vai ficar o emoji força predadora. E aí, saia de tropa. Agora eu vou ensinar vocês a fazer o emoji da múmia. Foi o emoji que veio naquele espaço lá do... do Egito. Do Egito. Onde tem areia, pedra e rio nido. Água. Mas também ali não tem água. E aí, tropa. O emoji, ó. Basicamente você vai primeiro dar um pulinho pra cá, ó. Aí essa mão aqui, ó. A mão esquerda. Ela fica por trás. E a mão direita fica aqui, ó. Abaixada, ó. Aí você vai fazer isso, ó. Aqui, ó. Desce. Desce. Desce o supapa aqui, ó. E nesse supapa aqui você vai mexer a cabeça junto, ó. Como se fosse um pombo, ó. Um. Prrrr. Prrrr. Prrrr. Depois que você mexer a cabeça, aí o que você vai fazer? Você vai mexer a perna, ó.",0.058645874261856,0.8552246689796448,0.0861295014619827,NEU,0.4345792829990387,0.0009489241056144,0.0273387413471937,0.0004848402750212,0.0555219165980815,0.0718154311180114,0.0089534446597099,0.28857216,meu nome é david,Roblox,ENSINANDO OS EMOTES DO FREE FIRE - SUPER COMPILADOS [990AK2F9O_M],,GZ,GZ,GZ,"🎬 Canal: meu nome é david | 🎥 Vídeo: ENSINANDO OS EMOTES DO FREE FIRE - SUPER COMPILADOS [990AK2F9O_M]
⏱️ Segmento/Index: 38
🤖 Consenso de IA: GZ (Detoxify: 0.435 | Perspective: 0.289)
──────────────────────────────────────────────────
Fala transcrita:
""Desceu. Carregou. Espanhou o poder. Subiu. Enchamou. Botou pra essa posição. E assim vai ficar o emoji força predadora. E aí, saia de tropa. Agora eu vou ensinar vocês a fazer o emoji da múmia. Foi o emoji que veio naquele espaço lá do... do Egito. Do Egito. Onde tem areia, pedra e rio nido. Água. Mas também ali não tem água. E aí, tropa. O emoji, ó. Basicamente você vai primeiro dar um pulinho pra cá, ó. Aí essa mão aqui, ó. A mão esquerda. Ela fica por trás. E a mão direita fica aqui, ó. Abaixada, ó. Aí você vai fazer isso, ó. Aqui, ó. Desce. Desce. Desce o supapa aqui, ó. E nesse supapa aqui você vai mexer a cabeça junto, ó. Como se fosse um pombo, ó. Um. Prrrr. Prrrr. Prrrr. Depois que você mexer a cabeça, aí o que você vai fazer? Você vai mexer a perna, ó.""",Avaliador_A,Avaliador_C
3,"Eu não tá... Pera aí, por que não tá funcionando? Ah, eu tava clicando na tecla errada, galera. Foi bom ou não? Não sei se o jogo gostou ou não. A primeira música não valeu, pera aí. Ó, bro, aham, yo, bro, ye, aham, yo, yo, aham, bro. Esse rap ficou da hora, hein, galera. Vai vender milhões. Vai ter milhões de plays no Spotify. Se eles aceitarem o meu rap lá, né? Enfim. Aí eu não sei, depois que eu faço esse CD... Ah, aqui, ó, tem uma cestinha, ó. Pegar CDs. Eu gravei duas músicas. Com isso eu tenho dois CDs. O meu violãozinho tá ali, ó. E agora, pessoal, eu vou falar com a Julia. Tem um monte de Julia. O game pega os amigos e coloca aqui, ó. Julinha, quer comprar meu CD ou não? Meu Deus! Saia da minha frente, seu tolo. E me agrediu. E você quer comprar meu CD? Meu Deus do céu, deve ter ficado muito ruim mesmo. Julinha, ninguém quer meu CD aí, pessoal. Ó, Cris, você é minha última esperança. Opa, nice track, my boy. Ela falou assim, música boa, meu querido.",0.5998411178588867,0.3622187376022339,0.0379401110112667,NEG,0.7193869352340698,0.0067335818894207,0.0441085137426853,0.006460762117058,0.060888048261404,0.0039999913424253,0.0065627447329461,0.3250515,Tex HS,Roblox,MINHA MÃE NÃO ACREDITA EM MIM Roblox Prove Mom Wrong By Being a Famous Rapper [4FdSbUSZ3Gs],,GZ,GZ,GZ,"🎬 Canal: Tex HS | 🎥 Vídeo: MINHA MÃE NÃO ACREDITA EM MIM Roblox Prove Mom Wrong By Being a Famous Rapper [4FdSbUSZ3Gs]
⏱️ Segmento/Index: 3
🤖 Consenso de IA: GZ (Detoxify: 0.719 | Perspective: 0.325)
──────────────────────────────────────────────────
Fala transcrita:
""Eu não tá... Pera aí, por que não tá funcionando? Ah, eu tava clicando na tecla errada, galera. Foi bom ou não? Não sei se o jogo gostou ou não. A primeira música não valeu, pera aí. Ó, bro, aham, yo, bro, ye, aham, yo, yo, aham, bro. Esse rap ficou da hora, hein, galera. Vai vender milhões. Vai ter milhões de plays no Spotify. Se eles aceitarem o meu rap lá, né? Enfim. Aí eu não sei, depois que eu faço esse CD... Ah, aqui, ó, tem uma cestinha, ó. Pegar CDs. Eu gravei duas músicas. Com isso eu tenho dois CDs. O meu violãozinho tá ali, ó. E agora, pessoal, eu vou falar com a Julia. Tem um monte de Julia. O game pega os amigos e coloca aqui, ó. Julinha, quer comprar meu CD ou não? Meu Deus! Saia da minha frente, seu tolo. E me agrediu. E você quer comprar meu CD? Meu Deus do céu, deve ter ficado muito ruim mesmo. Julinha, ninguém quer meu CD aí, pessoal. Ó, Cris, você é minha última esperança. Opa, nice track, my boy. Ela falou assim, música boa, meu querido.""",Avaliador_A,Avaliador_C
4,"Se bem que ta assim, vai lá pegar teu remédio, ta bem maluca To indo, to indo Beleza Eduarda, vamos lá minerar né, porque a gente ta perdendo tempo, a gente tem que pegar diamante garota É verdade Marcelo, eu gosto de minerar Também gosto, eu tenho medo nenhum Na verdade isso me lembra um negócio muito engraçado, antigamente quando eu ia minerar eu tinha muito medo do Herobrine Mas hoje em dia eu não tenho medo não, ele é de mentira Ah, você não tem mais medo do Herobrine Eduarda? Não Então vai na frente que resolveu o negócio ali Ah, oi, oi, a Galinha ta me chamando, oi Galinha, oi Galinha, fala, o que que você ta me chamando ai? Chamei ninguém não filho, ta doido? Ta chamando sim garoto, fica quieto que você ta me chamando Ta me chamando sim, já volto ta E o Marcelo ta ficando maluquinho gente, eu vou minerar e eu vou conseguir diamante primeiro que ele Eu to ficando maluquinho? Eu pensei que eu já era Só tem uma coisa que Eduarda não sabe, eu virei o Herobrine galera Não, não, na vida real não, no jogo ta galera, aqui ó, Herobrine Pelo amor de Deus Marcelo, eu to com saudade sua filho, cadê você?",0.1939524859189987,0.5075449347496033,0.2985025644302368,NEU,0.5088648200035095,0.0082602817565202,0.0511214770376682,0.0069378037005662,0.0474388413131237,0.0034539073240011,0.0108733186498284,0.3048984,Marcelodrv,Minecraft,7 Jeitos de ASSUSTAR SEU AMIGO no Minecraft [mIudC224ho0],,GZ,GZ,GZ,"🎬 Canal: Marcelodrv | 🎥 Vídeo: 7 Jeitos de ASSUSTAR SEU AMIGO no Minecraft [mIudC224ho0]
⏱️ Segmento/Index: 4
🤖 Consenso de IA: GZ (Detoxify: 0.509 | Perspective: 0.305)
──────────────────────────────────────────────────
Fala transcrita:
""Se bem que ta assim, vai lá pegar teu remédio, ta bem maluca To indo, to indo Beleza Eduarda, vamos lá minerar né, porque a gente ta perdendo tempo, a gente tem que pegar diamante garota É verdade Marcelo, eu gosto de minerar Também gosto, eu tenho medo nenhum Na verdade isso me lembra um negócio muito engraçado, antigamente quando eu ia minerar eu tinha muito medo do Herobrine Mas hoje em dia eu não tenho medo não, ele é de mentira Ah, você não tem mais medo do Herobrine Eduarda? Não Então vai na frente que resolveu o negócio ali Ah, oi, oi, a Galinha ta me chamando, oi Galinha, oi Galinha, fala, o que que você ta me chamando ai? Chamei ninguém não filho, ta doido? Ta chamando sim garoto, fica quieto que você ta me chamando Ta me chamando sim, já volto ta E o Marcelo ta ficando maluquinho gente, eu vou minerar e eu vou conseguir diamante primeiro que ele Eu to ficando maluquinho? Eu pensei que eu já era Só tem uma coisa que Eduarda não sabe, eu virei o Herobrine galera Não, não, na vida real não, no jogo ta galera, aqui ó, Herobrine Pelo amor de Deus Marcelo, eu to com saudade sua filho, cadê você?""",Avaliador_A,Avaliador_C
9,"Ninguém! Ninguém, ninguém. Isso aqui é meu. O que é meu é meu. Até porque faz sentido, né? O que é meu ser meu. É, no caso, tá Marcelo e DRV aqui, né? É, tá escrito meu nome, então é meu, galera. Marcelo e Duda, vocês de novo. Ué, eu aqui de novo é porque eu moro aqui, né, Levi? Pra onde que eu estaria, meu filho? Claro que eu tô aqui. Doidão. Ele é doido, Eduarda. Hoje eu vou conseguir vencer vocês e pegar a placa de ouro. Ela vai ser minha. Levi, é impossível você chegar até aqui. A gente fez sete construções seguras. Pra ninguém e nenhum YouTuber passar, né, Eduarda? Ah, ele é muito bobinho. Ele acha que ele vai conseguir fazer alguma coisa. Inclusive, não tem nada aqui. É só dar pra frente. Pra passar, olha lá. Olha lá, Eduarda. É isso? Essa placa tá machucando. Ele vai morrendo. É! Eduarda, mais um YouTuber que não conseguiu passar. A gente tá com tudo, hein, Marcelo? Deixa eu dar um beijinho aqui nela. Dei um beijinho aqui na minha placa. O que foi, Eduarda? Marcelo tá ficando cada vez mais maluco.",0.1083344519138336,0.7266468405723572,0.1650187075138092,NEU,0.3826172947883606,0.0035269542131572,0.0396754033863544,0.0039093680679798,0.0682030171155929,0.0049976133741438,0.0017454952467232,0.25915736,Marcelodrv,Minecraft,7 Hacks de construção SEGURA contra os YOUTUBERS [BuD4a2sY1iQ],,GZ,GZ,GZ,"🎬 Canal: Marcelodrv | 🎥 Vídeo: 7 Hacks de construção SEGURA contra os YOUTUBERS [BuD4a2sY1iQ]
⏱️ Segmento/Index: 9
🤖 Consenso de IA: GZ (Detoxify: 0.383 | Perspective: 0.259)
──────────────────────────────────────────────────
Fala transcrita:
""Ninguém! Ninguém, ninguém. Isso aqui é meu. O que é meu é meu. Até porque faz sentido, né? O que é meu ser meu. É, no caso, tá Marcelo e DRV aqui, né? É, tá escrito meu nome, então é meu, galera. Marcelo e Duda, vocês de novo. Ué, eu aqui de novo é porque eu moro aqui, né, Levi? Pra onde que eu estaria, meu filho? Claro que eu tô aqui. Doidão. Ele é doido, Eduarda. Hoje eu vou conseguir vencer vocês e pegar a placa de ouro. Ela vai ser minha. Levi, é impossível você chegar até aqui. A gente fez sete construções seguras. Pra ninguém e nenhum YouTuber passar, né, Eduarda? Ah, ele é muito bobinho. Ele acha que ele vai conseguir fazer alguma coisa. Inclusive, não tem nada aqui. É só dar pra frente. Pra passar, olha lá. Olha lá, Eduarda. É isso? Essa placa tá machucando. Ele vai morrendo. É! Eduarda, mais um YouTuber que não conseguiu passar. A gente tá com tudo, hein, Marcelo? Deixa eu dar um beijinho aqui nela. Dei um beijinho aqui na minha placa. O que foi, Eduarda? Marcelo tá ficando cada vez mais maluco.""",Avaliador_A,Avaliador_C
41,"Nem todo mundo tem um desse né, seu desumilde, eu jogo um pocket cara, agora pronto, e eu tenho culpa é? Oxe, eu vou ele abraçar, peraí, peraí, eu tô relogando aqui, vai dar certo, o celular veio, aí, aí, voltou, voltou, já foi acabar o lobby, meu. Sua batalha, seu estilo. Oxe cara, avião, lobby, oxe, eu me liguei agora, não era pra ter lobby nem avião não, tu colocou 4v4 não, foi. Ih rapaz, criei errado, ui, criei foi mapa aberto, que vacilo, nunca imaginei que criaria no mapa aberto, era pra ter sido 4v4 não era? Ai, ai, viu bicho, tu não sabe nem criar, por isso que emulador é pior do mundo, cadê que se lute mais no celular, tu prometeu o vacilo deles? Agora pronto, eu te não nem ligo, puro lugar em qualquer lugar pra não lutear que vai dar certo mesmo jeito esse x1 pula. É agora tu, mas tu aprendeu, não foi a regra do x1, não foi vacilando?",0.6267922520637512,0.3220595121383667,0.0511482656002044,NEG,0.4360108971595764,0.0037693262565881,0.0462715066969394,0.0029731350950896,0.0551485493779182,0.0079624885693192,0.0078271562233567,0.36043653,meu nome é david,Roblox,X1 DOS CRIAS NA VIDA REAL   SUPER COMPILADOS [j-FPKmfw-c8],,GZ,GZ,GZ,"🎬 Canal: meu nome é david | 🎥 Vídeo: X1 DOS CRIAS NA VIDA REAL   SUPER COMPILADOS [j-FPKmfw-c8]
⏱️ Segmento/Index: 41
🤖 Consenso de IA: GZ (Detoxify: 0.436 | Perspective: 0.36)
──────────────────────────────────────────────────
Fala transcrita:
""Nem todo mundo tem um desse né, seu desumilde, eu jogo um pocket cara, agora pronto, e eu tenho culpa é? Oxe, eu vou ele abraçar, peraí, peraí, eu tô relogando aqui, vai dar certo, o celular veio, aí, aí, voltou, voltou, já foi acabar o lobby, meu. Sua batalha, seu estilo. Oxe cara, avião, lobby, oxe, eu me liguei agora, não era pra ter lobby nem avião não, tu colocou 4v4 não, foi. Ih rapaz, criei errado, ui, criei foi mapa aberto, que vacilo, nunca imaginei que criaria no mapa aberto, era pra ter sido 4v4 não era? Ai, ai, viu bicho, tu não sabe nem criar, por isso que emulador é pior do mundo, cadê que se lute mais no celular, tu prometeu o vacilo deles? Agora pronto, eu te não nem ligo, puro lugar em qualquer lugar pra não lutear que vai dar certo mesmo jeito esse x1 pula. É agora tu, mas tu aprendeu, não foi a regra do x1, não foi vacilando?""",Avaliador_A,Avaliador_C
1,"Eu acho que vai ser muito engraçado, então fiquem de olho nessa transformação A primeira coisa que eu vou fazer é tirar o meu cabelo e vou usar aqui essa cabeça de pig Vamos começando, vai ficar muito legal Então olha só que está já a minha cabeça de pig Agora eu vou colocar o corpo super fortão Opa!",0.0029867505654692,0.023258963599801,0.9737542867660522,POS,0.4253468811511993,0.0081239677965641,0.0556580238044261,0.0067663467489182,0.0476513430476188,0.0050737117417156,0.0137694906443357,0.28547668,Papile,Roblox,VIREI UMA PIGGY SUPER FORTE PARA JOGAR PIGGY NO ROBLOX MUITO ENGRAÇADO [nBWxKQ-uO1U],,GZ,GZ,GZ,"🎬 Canal: Papile | 🎥 Vídeo: VIREI UMA PIGGY SUPER FORTE PARA JOGAR PIGGY NO ROBLOX MUITO ENGRAÇADO [nBWxKQ-uO1U]
⏱️ Segmento/Index: 1
🤖 Consenso de IA: GZ (Detoxify: 0.425 | Perspective: 0.285)
──────────────────────────────────────────────────
Fala transcrita:
""Eu acho que vai ser muito engraçado, então fiquem de olho nessa transformação A primeira coisa que eu vou fazer é tirar o meu cabelo e vou usar aqui essa cabeça de pig Vamos começando, vai ficar muito legal Então olha só que está já a minha cabeça de pig Agora eu vou colocar o corpo super fortão Opa!""",Avaliador_A,Avaliador_C
2,"Parece que são 17 É Tomara, pessoal, vamos ver Isso aqui é fácil Nossa, você é o Mario? Não, não, não Que isso girando Ah, morri Você morreu? Eu consegui Saiu corpinho pra tudo quanto é lado aqui Calma, calma Vai dar ruim de novo Consegui Nossa, consegui, consegui Agora a gente vai pro 4 Bora, bora, bora Tô morrendo rápido até, hein? Sim, a gente tá indo bem, só morri uma vez até agora Eu não morri nenhuma, espero continuar desse jeito Peraí, tô chegando Ok, vamos ver ali, pessoal Vamos pular Ah, ali também tá girando, hein, mãe? Ali também tá girando Ai, não, gente Ah, já morri Nossa, olha o jeito que a gente cai Mamê, eu bati bem na quininha Sério, Ju?",0.2424517124891281,0.6732102036476135,0.0843380764126777,NEU,0.6140400767326355,0.0098635563626885,0.0610463470220565,0.0048555182293057,0.0449769459664821,0.0131265074014663,0.0108914878219366,0.26104406,Julia MineGirl,Roblox,Roblox - QUEDA-LIVRE NO ARCO-ÍRIS The Dropper [0Q_3M8RocsA],,GZ,GZ,GZ,"🎬 Canal: Julia MineGirl | 🎥 Vídeo: Roblox - QUEDA-LIVRE NO ARCO-ÍRIS The Dropper [0Q_3M8RocsA]
⏱️ Segmento/Index: 2
🤖 Consenso de IA: GZ (Detoxify: 0.614 | Perspective: 0.261)
──────────────────────────────────────────────────
Fala transcrita:
""Parece que são 17 É Tomara, pessoal, vamos ver Isso aqui é fácil Nossa, você é o Mario? Não, não, não Que isso girando Ah, morri Você morreu? Eu consegui Saiu corpinho pra tudo quanto é lado aqui Calma, calma Vai dar ruim de novo Consegui Nossa, consegui, consegui Agora a gente vai pro 4 Bora, bora, bora Tô morrendo rápido até, hein? Sim, a gente tá indo bem, só morri uma vez até agora Eu não morri nenhuma, espero continuar desse jeito Peraí, tô chegando Ok, vamos ver ali, pessoal Vamos pular Ah, ali também tá girando, hein, mãe? Ali também tá girando Ai, não, gente Ah, já morri Nossa, olha o jeito que a gente cai Mamê, eu bati bem na quininha Sério, Ju?""",Avaliador_A,Avaliador_C
2,"Eu pertubei só um pouquinho, tá? Só um pouquinho. Provavelmente ela se perdeu no mapa ou eu me perdi, porque a gente não tava se encontrando. Em isso tava todo mundo rindo na cao, mas aí nos achamos e começou a treta. Ai! Ela me deu dano e ruchou em mim, mas eu consegui dar um 150, botar um gel e matar ela. Ô cagada! Eu sou muito audaciosa. O x1 tava pau a pau, olha a Grécia aqui. 150, rucha! A Scarlett apelona! Sinto que serei cancelada. Lá fui eu deitar pra dar o famoso poke da Scarlett. Nesse momento todo mundo da cao começou a gritar falando que eu queria matar ela deitada. Ahahahah! Só que infelizmente ela não veio pela rota pra matar ela. Mas eu encontrei a Ruivinha correndo aqui. 150. Ruchei nela e matei. Grécia, pelo amor de Deus, reage. Eu fui oficialmente proibida de usar minha WM. Estava tudo perdido, olha o meu life. Então eu fiz a minha muralha pra conseguir me esquivar dela.",0.6614730954170227,0.2892111539840698,0.0493157543241977,NEG,0.8779940605163574,0.007306142244488,0.1951261311769485,0.0061178733594715,0.0721785053610801,0.1731737107038498,0.0128182806074619,0.52811706,Amy Scarlet,Roblox,AmyScarlet x Grécia [NakTAV7r8gU],,T,T,T,"🎬 Canal: Amy Scarlet | 🎥 Vídeo: AmyScarlet x Grécia [NakTAV7r8gU]
⏱️ Segmento/Index: 2
🤖 Consenso de IA: T (Detoxify: 0.878 | Perspective: 0.528)
──────────────────────────────────────────────────
Fala transcrita:
""Eu pertubei só um pouquinho, tá? Só um pouquinho. Provavelmente ela se perdeu no mapa ou eu me perdi, porque a gente não tava se encontrando. Em isso tava todo mundo rindo na cao, mas aí nos achamos e começou a treta. Ai! Ela me deu dano e ruchou em mim, mas eu consegui dar um 150, botar um gel e matar ela. Ô cagada! Eu sou muito audaciosa. O x1 tava pau a pau, olha a Grécia aqui. 150, rucha! A Scarlett apelona! Sinto que serei cancelada. Lá fui eu deitar pra dar o famoso poke da Scarlett. Nesse momento todo mundo da cao começou a gritar falando que eu queria matar ela deitada. Ahahahah! Só que infelizmente ela não veio pela rota pra matar ela. Mas eu encontrei a Ruivinha correndo aqui. 150. Ruchei nela e matei. Grécia, pelo amor de Deus, reage. Eu fui oficialmente proibida de usar minha WM. Estava tudo perdido, olha o meu life. Então eu fiz a minha muralha pra conseguir me esquivar dela.""",Avaliador_A,Avaliador_C
0,"Tá, por que que tu fez essa toa, gay? Era uma surpresa, mas já viu, D4rk? Vou te derrubar? Tá, olha só, a gente vai ter que... A gente tá na barreira aqui de 100% E a gente vai ter que... Eu vou ter que te encontrar, tu vai virar um bicho Vai colocar um monte de bicho aqui na barreira E vai se disfarçar no meio dos bichos Eu vou ter que te encontrar, entendeu? Tá bom? Tá, fechou? Então, tá certinho aí, já, sabe como é que é? O aspas ali pra escolher o bicho Ou o inventário e tal Eu vou me esconder aqui então Tu dominado E aí tu faz os teus negócios aí Tá, tu tá dentro da casinha? Eu tô dentro da casinha aqui, tô escondido Ninguém tá, não tô vendo nada Só vou pegar minha espada e minha picareta pra sair daqui Tá, fechou então Eu vou ficar olhando pra baixo aqui pra não ver nada Deixa eu escolher o bicho aqui, ó Eu escolhi um bicho bem louco Não vai escolher um bicho gigantesco, né? Que...",0.2805675566196441,0.6794686317443848,0.0399638749659061,NEU,0.947181761264801,0.0140811447054147,0.0670221075415611,0.0212517157196998,0.0734547451138496,0.0064201620407402,0.182225614786148,0.5721988,Geleia,Minecraft,meu pai é um MOB IMPOSTOR no minecraft e tenho que encontrar [0gMohT5DtMw],,T,T,T,"🎬 Canal: Geleia | 🎥 Vídeo: meu pai é um MOB IMPOSTOR no minecraft e tenho que encontrar [0gMohT5DtMw]
⏱️ Segmento/Index: 0
🤖 Consenso de IA: T (Detoxify: 0.947 | Perspective: 0.572)
──────────────────────────────────────────────────
Fala transcrita:
""Tá, por que que tu fez essa toa, gay? Era uma surpresa, mas já viu, D4rk? Vou te derrubar? Tá, olha só, a gente vai ter que... A gente tá na barreira aqui de 100% E a gente vai ter que... Eu vou ter que te encontrar, tu vai virar um bicho Vai colocar um monte de bicho aqui na barreira E vai se disfarçar no meio dos bichos Eu vou ter que te encontrar, entendeu? Tá bom? Tá, fechou? Então, tá certinho aí, já, sabe como é que é? O aspas ali pra escolher o bicho Ou o inventário e tal Eu vou me esconder aqui então Tu dominado E aí tu faz os teus negócios aí Tá, tu tá dentro da casinha? Eu tô dentro da casinha aqui, tô escondido Ninguém tá, não tô vendo nada Só vou pegar minha espada e minha picareta pra sair daqui Tá, fechou então Eu vou ficar olhando pra baixo aqui pra não ver nada Deixa eu escolher o bicho aqui, ó Eu escolhi um bicho bem louco Não vai escolher um bicho gigantesco, né? Que...""",Avaliador_A,Avaliador_C
8,"Ô, gente, eu acho que não sei o que vai ser, não. Avião! Só que eu não sei... Ah, avião! Avião? Avião? Avião, avião, avião que voa! Vai, vai, vai! Que voa, que voa! Gente... É o avião! É o aeroporto! É o aeroporto, gente! O aeroporto, olha isso! Que legal! Eu sempre quis ter o aeroporto só para mim! Eu sempre quis ter o aeroporto só para mim! O aeroporto! Não, é nosso! Não, é meu, Nica, é meu! Não, é nosso, é de todo mundo! É meu, Nica, é meu aeroporto! Não! Ai, folha! Eu estou comprando tudo, gente! Tudo, tudo, tudo! Ai, está chegando, está chegando! Está bonito, né? Tem até uma escada volante para cima! Ooooooooi! Wheeee! Ooooooooi! Wheeee! Ooooooooi! Gazei, gazei!",0.0812374427914619,0.6628556251525879,0.255906879901886,NEU,0.0109777292236685,0.0001715653197607,0.0067133479751646,0.0003028425853699,0.0020410935394465,0.0007539585931226,0.0007520344224758,0.1991664,Lokis,Roblox,HOTEL DO LOKIS NO MEIO DA ILHA  Roblox - Tropical Resort Tycoon [8D1BrxrDaQ0],,NT,NT,NT,"🎬 Canal: Lokis | 🎥 Vídeo: HOTEL DO LOKIS NO MEIO DA ILHA  Roblox - Tropical Resort Tycoon [8D1BrxrDaQ0]
⏱️ Segmento/Index: 8
🤖 Consenso de IA: NT (Detoxify: 0.011 | Perspective: 0.199)
──────────────────────────────────────────────────
Fala transcrita:
""Ô, gente, eu acho que não sei o que vai ser, não. Avião! Só que eu não sei... Ah, avião! Avião? Avião? Avião, avião, avião que voa! Vai, vai, vai! Que voa, que voa! Gente... É o avião! É o aeroporto! É o aeroporto, gente! O aeroporto, olha isso! Que legal! Eu sempre quis ter o aeroporto só para mim! Eu sempre quis ter o aeroporto só para mim! O aeroporto! Não, é nosso! Não, é meu, Nica, é meu! Não, é nosso, é de todo mundo! É meu, Nica, é meu aeroporto! Não! Ai, folha! Eu estou comprando tudo, gente! Tudo, tudo, tudo! Ai, está chegando, está chegando! Está bonito, né? Tem até uma escada volante para cima! Ooooooooi! Wheeee! Ooooooooi! Wheeee! Ooooooooi! Gazei, gazei!""",Avaliador_A,Avaliador_C
9,"Porque não tá dropando, mano. Eu achei que seria tipo sempre sem chance de dropar, sabe. Já tô vendo que não é exatamente o que eu tava pensando aí que é o negócio, mano. Tem Enderman aqui em cima, ó. Calma, eu tô com cinco pérolas. Eu preciso ali pra completar? Tem três, eu preciso de nove. Beleza, então vamos lá, mano. Cadê o Enderman? Ele veio pra cá? Ele veio pra cá, mano. Caraca. Não veio pérola, mano. Agonia! Tá, tem mais diamantes aqui. Eu vou pegar esses diamantes aqui. Peraí, vamos lá. Deixa eu ver se tem mais diamantes aqui perto. Não, não tem nada. Opa, tem mais Stronghold aqui. Ah, é a mesma, é a mesma. Beleza, então vamos subir aqui, ó, gente. Que eu tenho que... Nossa, ficou noite, mano. Nossa, eu ainda falei... Não, não vai atrapalhar isso aqui, tadia. Malditinhas, aranhas do veneno. Pronto, pronto. Sai, sai você. Sai, sai você. Sai, sai, sai. Sai, sai, sai, sai. Eu vou aqui pegar meus diamantinios. Eu vou pro Nether pegar os blazes, mano. Provavelmente vai ter uma fortaleza lá cheia de blaze e tal.",0.2033829092979431,0.7112948298454285,0.0853222757577896,NEU,0.4998347163200378,0.0032590073533356,0.2151955813169479,0.0015530207892879,0.0511009879410266,0.0102860676124691,0.0060551422648131,0.31963667,Geleia,Minecraft,zerando minecraft SEM SAIR DO CHUNK DE SPAWN [_fDN8xeSvB0],,GZ,GZ,GZ,"🎬 Canal: Geleia | 🎥 Vídeo: zerando minecraft SEM SAIR DO CHUNK DE SPAWN [_fDN8xeSvB0]
⏱️ Segmento/Index: 9
🤖 Consenso de IA: GZ (Detoxify: 0.5 | Perspective: 0.32)
──────────────────────────────────────────────────
Fala transcrita:
""Porque não tá dropando, mano. Eu achei que seria tipo sempre sem chance de dropar, sabe. Já tô vendo que não é exatamente o que eu tava pensando aí que é o negócio, mano. Tem Enderman aqui em cima, ó. Calma, eu tô com cinco pérolas. Eu preciso ali pra completar? Tem três, eu preciso de nove. Beleza, então vamos lá, mano. Cadê o Enderman? Ele veio pra cá? Ele veio pra cá, mano. Caraca. Não veio pérola, mano. Agonia! Tá, tem mais diamantes aqui. Eu vou pegar esses diamantes aqui. Peraí, vamos lá. Deixa eu ver se tem mais diamantes aqui perto. Não, não tem nada. Opa, tem mais Stronghold aqui. Ah, é a mesma, é a mesma. Beleza, então vamos subir aqui, ó, gente. Que eu tenho que... Nossa, ficou noite, mano. Nossa, eu ainda falei... Não, não vai atrapalhar isso aqui, tadia. Malditinhas, aranhas do veneno. Pronto, pronto. Sai, sai você. Sai, sai você. Sai, sai, sai. Sai, sai, sai, sai. Eu vou aqui pegar meus diamantinios. Eu vou pro Nether pegar os blazes, mano. Provavelmente vai ter uma fortaleza lá cheia de blaze e tal.""",Avaliador_A,Avaliador_C
4,"Tá, ok, já que não tem outra escolha Detalhe, ela falou o senhor Super Batata E não o senhor Batata Lembra que eu já mostrei o senhor Super Batata aqui no canal Que é aquele do circo Parece que é o irmão gêmeo malvado o senhor Batata Talvez o senhor Batata não seja o malvado E sim o senhor Super Batata Tem uma diferença aí Oh não, não Tem dois atrás de mim agora e eu estou sozinha Eu vou virar bacon, disse o Jordy Tudo bem Ei Jordy Eu tenho jogos grátis, apareça Ele tem que estar aqui Vem aqui, R, me ajude a pegá-lo Ah, pera, o que é isso? Que isso no alarm? Oh não, quem vai ser pego vai ser ele agora Corre, corre Ai, ai, eu acho que foi o próprio Rob que é o Pig Robô Que acionou o alarm Como ele consegue ser tão idiota? Deixa eu desativar isso aqui, disse a Ellie Tudo bem Ela vai desativar então Que? Calma Que que é isso?",0.1870740503072738,0.7135950922966003,0.0993308424949646,NEU,0.2971687912940979,0.0081839533522725,0.041656270623207,0.0061718197539448,0.0388556346297264,0.0026858474593609,0.0047367219813168,0.27047762,Papile,Roblox,HISTÓRIA DE PIGGY - BUNNY ESTÁ DE VOLTA ROBLOX [YntXI6FnJaM],,GZ,GZ,GZ,"🎬 Canal: Papile | 🎥 Vídeo: HISTÓRIA DE PIGGY - BUNNY ESTÁ DE VOLTA ROBLOX [YntXI6FnJaM]
⏱️ Segmento/Index: 4
🤖 Consenso de IA: GZ (Detoxify: 0.297 | Perspective: 0.27)
──────────────────────────────────────────────────
Fala transcrita:
""Tá, ok, já que não tem outra escolha Detalhe, ela falou o senhor Super Batata E não o senhor Batata Lembra que eu já mostrei o senhor Super Batata aqui no canal Que é aquele do circo Parece que é o irmão gêmeo malvado o senhor Batata Talvez o senhor Batata não seja o malvado E sim o senhor Super Batata Tem uma diferença aí Oh não, não Tem dois atrás de mim agora e eu estou sozinha Eu vou virar bacon, disse o Jordy Tudo bem Ei Jordy Eu tenho jogos grátis, apareça Ele tem que estar aqui Vem aqui, R, me ajude a pegá-lo Ah, pera, o que é isso? Que isso no alarm? Oh não, quem vai ser pego vai ser ele agora Corre, corre Ai, ai, eu acho que foi o próprio Rob que é o Pig Robô Que acionou o alarm Como ele consegue ser tão idiota? Deixa eu desativar isso aqui, disse a Ellie Tudo bem Ela vai desativar então Que? Calma Que que é isso?""",Avaliador_A,Avaliador_C
2,"Não, agora é uma limonada aqui É uma limonada, mas tudo bem galera Não precisamos E também agora você pode ter um pet aqui quando você entra dentro do jogo Você ganha um petzinho bem fofinho Isso aí aqui ó, pessoal, vou mostrar pra vocês Enquanto eu tô aqui cozinhando uma pizza Ó, vou por o meu aqui, é um cachorrinho azul Ó, o meu pessoal, é um cachorrinho Olha aí, ficou em cima das minhas costas Ó, a mãe tá cuidando de um cachorro Que bonitinho Será que é porque você é um cachorrinho dele e fica perto? Pode ser Tá, eu vou tirar ele Aí, pronto, tirei também E também tem um evento, que daqui a pouco eu vou ativar esse evento, hein? Um evento muito legal Ai, gente, olha que legal Tá, mamas, agora que eu já preparei bastante pizza, né? Tudo mais Vamos lá então aqui pra entregar, né? A mãe fica aí vindo aqui o tempo todo Ai, gerente Será que eu vou ser um rato e consigo entrar aqui dentro? Ah, eu acho que sim Depois você pode se transformar num rato, Ju Eu quero virar um rato, gente O que será que tem lá dentro?",0.039955023676157,0.2313949912786483,0.7286499738693237,POS,0.2712170779705047,0.0064022378064692,0.0533648617565631,0.0039085270836949,0.0406017042696476,0.0023455079644918,0.0107557326555252,0.25462922,Julia MineGirl,Roblox,O QUE ACONTECEU COM O PIZZA PLACE Work at a Pizza Place [UuW2WParzQQ],,GZ,GZ,GZ,"🎬 Canal: Julia MineGirl | 🎥 Vídeo: O QUE ACONTECEU COM O PIZZA PLACE Work at a Pizza Place [UuW2WParzQQ]
⏱️ Segmento/Index: 2
🤖 Consenso de IA: GZ (Detoxify: 0.271 | Perspective: 0.255)
──────────────────────────────────────────────────
Fala transcrita:
""Não, agora é uma limonada aqui É uma limonada, mas tudo bem galera Não precisamos E também agora você pode ter um pet aqui quando você entra dentro do jogo Você ganha um petzinho bem fofinho Isso aí aqui ó, pessoal, vou mostrar pra vocês Enquanto eu tô aqui cozinhando uma pizza Ó, vou por o meu aqui, é um cachorrinho azul Ó, o meu pessoal, é um cachorrinho Olha aí, ficou em cima das minhas costas Ó, a mãe tá cuidando de um cachorro Que bonitinho Será que é porque você é um cachorrinho dele e fica perto? Pode ser Tá, eu vou tirar ele Aí, pronto, tirei também E também tem um evento, que daqui a pouco eu vou ativar esse evento, hein? Um evento muito legal Ai, gente, olha que legal Tá, mamas, agora que eu já preparei bastante pizza, né? Tudo mais Vamos lá então aqui pra entregar, né? A mãe fica aí vindo aqui o tempo todo Ai, gerente Será que eu vou ser um rato e consigo entrar aqui dentro? Ah, eu acho que sim Depois você pode se transformar num rato, Ju Eu quero virar um rato, gente O que será que tem lá dentro?""",Avaliador_A,Avaliador_C
3,"Ai, esse jogo é tão bom. Mas eu tô tão sozinha nele, eu preciso de uma dupla. Ei, bichinho. Bichinho. Ei, bichinho. Eu não tô me chamando, eu quero te saber. Da última vez que eu confiei numa mina nesse jogo, ela me traiu logo no começo da partida. Me empurrou, saiu bolando, perdi por causa dela. Nunca mais eu confio numa mina nesse jogo, nunca mais. Ei, bichinho. Bichinho, olha aí. Ei, Zé Povim, a mina tá falando com tu. Pô, olha aí pra menina. Eu não tô vendo ela, não quero saber não. Ei, bichinho. Tu tem dupla? Tu tem dupla? Tenho. Tenho muita vontade de ter uma dupla nesse jogo, muita vontade. Ei, Margei, Zé Povim, a gente não ia ser uma dupla, eu não ia te ajudar, pô. Como foi isso? Desconecida, desconhecida, eu tô tentando conversar com minha nova dupla aqui, por favor. Não sei nem quem é tu. Pois vamos ser uma dupla? Se ajudar, independente de qualquer situação. Pode querer, vamos ser uma dupla então, bata.",0.5108661651611328,0.3932307362556457,0.095903143286705,NEG,0.3574061691761017,0.0018611621344462,0.0701262354850769,0.0032024271786212,0.0796684548258781,0.0054011740721762,0.0375185944139957,0.32128486,meu nome é david,Roblox,STUMBLE GUYS NA VIDA REAL 2 [jWBou9BdEqQ],,GZ,GZ,GZ,"🎬 Canal: meu nome é david | 🎥 Vídeo: STUMBLE GUYS NA VIDA REAL 2 [jWBou9BdEqQ]
⏱️ Segmento/Index: 3
🤖 Consenso de IA: GZ (Detoxify: 0.357 | Perspective: 0.321)
──────────────────────────────────────────────────
Fala transcrita:
""Ai, esse jogo é tão bom. Mas eu tô tão sozinha nele, eu preciso de uma dupla. Ei, bichinho. Bichinho. Ei, bichinho. Eu não tô me chamando, eu quero te saber. Da última vez que eu confiei numa mina nesse jogo, ela me traiu logo no começo da partida. Me empurrou, saiu bolando, perdi por causa dela. Nunca mais eu confio numa mina nesse jogo, nunca mais. Ei, bichinho. Bichinho, olha aí. Ei, Zé Povim, a mina tá falando com tu. Pô, olha aí pra menina. Eu não tô vendo ela, não quero saber não. Ei, bichinho. Tu tem dupla? Tu tem dupla? Tenho. Tenho muita vontade de ter uma dupla nesse jogo, muita vontade. Ei, Margei, Zé Povim, a gente não ia ser uma dupla, eu não ia te ajudar, pô. Como foi isso? Desconecida, desconhecida, eu tô tentando conversar com minha nova dupla aqui, por favor. Não sei nem quem é tu. Pois vamos ser uma dupla? Se ajudar, independente de qualquer situação. Pode querer, vamos ser uma dupla então, bata.""",Avaliador_A,Avaliador_C
9,"Eu! Eu sou eu! Traidor foi selecionado. Eu vou ser o traidor, eu vou ser você, eu vou ser você, por favor. E o jogo começou. Deixa eu ser, deixa eu ser. Eu quero ser o que eu quero ser. Ah, meu cabelinho, que bonito! É, eu não te vejo. É verdade, Lucas. Estamos quase lá. Preciso só de um pouquinho. Não se preocupe, coelho. Nós estamos juntos com você. Não é isso que falou, mas tá bom. Hahahaha! Tá doidinha. Ah? Você tem que encontrar uma maneira de fugir do quê? De esse trem funcionar. A gente vai fazer o trem funcionar, pessoal! E assim a gente consegue fugir? É, Luluca! Boa, chachaves, cartões e tudo mais. Eu achei aqui uma chave yellow. Sabe pra onde usa? Não, Luluca. Mas posso procurar. Aqui embaixo. Estão só os sapões aqui embaixo. Mâmis, eu queria ser o traidor, mas se eu for traidor... Ah, ela, ela é laranja, Lúcia, eu achei. Entendi. A minha cor...",0.0799333229660987,0.5499470233917236,0.3701196312904358,NEU,0.3454290628433227,0.0016161220846697,0.0278591811656951,0.0026943602133542,0.0932672396302223,0.0059297648258507,0.0039784740656614,0.3047732,Luluca Games,Roblox,Roblox - PIGGY A TRAIDORA BUGADA Piggy Roblox  Luluca Games [_pZ2c8hrKq0],0.0799333155155181,GZ,GZ,GZ,"🎬 Canal: Luluca Games | 🎥 Vídeo: Roblox - PIGGY A TRAIDORA BUGADA Piggy Roblox  Luluca Games [_pZ2c8hrKq0]
⏱️ Segmento/Index: 9
🤖 Consenso de IA: GZ (Detoxify: 0.345 | Perspective: 0.305)
──────────────────────────────────────────────────
Fala transcrita:
""Eu! Eu sou eu! Traidor foi selecionado. Eu vou ser o traidor, eu vou ser você, eu vou ser você, por favor. E o jogo começou. Deixa eu ser, deixa eu ser. Eu quero ser o que eu quero ser. Ah, meu cabelinho, que bonito! É, eu não te vejo. É verdade, Lucas. Estamos quase lá. Preciso só de um pouquinho. Não se preocupe, coelho. Nós estamos juntos com você. Não é isso que falou, mas tá bom. Hahahaha! Tá doidinha. Ah? Você tem que encontrar uma maneira de fugir do quê? De esse trem funcionar. A gente vai fazer o trem funcionar, pessoal! E assim a gente consegue fugir? É, Luluca! Boa, chachaves, cartões e tudo mais. Eu achei aqui uma chave yellow. Sabe pra onde usa? Não, Luluca. Mas posso procurar. Aqui embaixo. Estão só os sapões aqui embaixo. Mâmis, eu queria ser o traidor, mas se eu for traidor... Ah, ela, ela é laranja, Lúcia, eu achei. Entendi. A minha cor...""",Avaliador_A,Avaliador_C
6,"você ta me xingando né vem cá naru ah você vai ver eu vou lhe bater não não não me bate traz os 3 diamantes traz os 3 diamantes que eu te piso ta bom naru eu vou ir atrás e eu ja volto ta desci aqui na caverna e tomara que eu encontre algum diamante rápido eu quero muito ficar do tamanho 0,1 olha parece que o primeiro eu ja encontrei aqui na frente deixa eu vim aqui quebrar ele e ai eu não consegui pegar e agora ele caiu ali embaixo ele ta muito longe de mim eu vou ter que quebrar esses blocos pra eu conseguir ir descendo e pegar esse diamante ah mas só tinha um aqui agora eu vou ter que ir atrás de outro ah mas eu não sei onde que tem mais diamante nessa caverna ai é que caverna ruim só tem esses minérios e eu não preciso é tipo ferro ouro lápis azul eu não quero isso eu quero diamante ah porque que meu amigo não foi pisar em mim era só lhe dar um pulinho ele vai cobrar até pra isso pera ai acho que eu encontrei um diamante e na verdade ele tem 3 mas agora eu só preciso encontrar o meu amigo e dar esses diamantes pra ele ai eu consigo passar pro próximo nível que é o 0,01 eu vou ficar muito pequeno naru consegui ah oi cadris to aqui seus diamantes pode pegar pega aqui ó olha 5 até mais é agora pisa aqui logo ai meu deus ta bom vai não sei pra que que você quer isso não mas ta bom vai",0.3188317120075226,0.3998855948448181,0.2812826633453369,NEU,0.8074951767921448,0.0146234044805169,0.0628264024853706,0.0077457088045775,0.0495471470057964,0.0352212041616439,0.0213674325495958,0.55739564,Cadres,Minecraft,Eu Fiquei PEQUENO no Minecraft [GVEecXhwhe4],,T,T,T,"🎬 Canal: Cadres | 🎥 Vídeo: Eu Fiquei PEQUENO no Minecraft [GVEecXhwhe4]
⏱️ Segmento/Index: 6
🤖 Consenso de IA: T (Detoxify: 0.807 | Perspective: 0.557)
──────────────────────────────────────────────────
Fala transcrita:
""você ta me xingando né vem cá naru ah você vai ver eu vou lhe bater não não não me bate traz os 3 diamantes traz os 3 diamantes que eu te piso ta bom naru eu vou ir atrás e eu ja volto ta desci aqui na caverna e tomara que eu encontre algum diamante rápido eu quero muito ficar do tamanho 0,1 olha parece que o primeiro eu ja encontrei aqui na frente deixa eu vim aqui quebrar ele e ai eu não consegui pegar e agora ele caiu ali embaixo ele ta muito longe de mim eu vou ter que quebrar esses blocos pra eu conseguir ir descendo e pegar esse diamante ah mas só tinha um aqui agora eu vou ter que ir atrás de outro ah mas eu não sei onde que tem mais diamante nessa caverna ai é que caverna ruim só tem esses minérios e eu não preciso é tipo ferro ouro lápis azul eu não quero isso eu quero diamante ah porque que meu amigo não foi pisar em mim era só lhe dar um pulinho ele vai cobrar até pra isso pera ai acho que eu encontrei um diamante e na verdade ele tem 3 mas agora eu só preciso encontrar o meu amigo e dar esses diamantes pra ele ai eu consigo passar pro próximo nível que é o 0,01 eu vou ficar muito pequeno naru consegui ah oi cadris to aqui seus diamantes pode pegar pega aqui ó olha 5 até mais é agora pisa aqui logo ai meu deus ta bom vai não sei pra que que você quer isso não mas ta bom vai""",Avaliador_A,Avaliador_C
15,"Herobrine! Eu vou encontrar você! Eu acho que o Herobrine tá solta por causa daquele totem! Esse é outro mito do Minecraft? Ou o Herobrine? Será que ele realmente existe? Mas eu não acredito em Herobrine! Isso deve ser só um mito! Apareceu, ele ensina pra eu descobrir o segredo do Herobrine! Eu vou chamar o Herdig que tá aqui dentro! O Herdig! Ah! O Herobrine tá na porta da minha casa! Não, eu vou fugir dessa casa! Ele tá vindo atrás de mim! Corre, corre, corre! Vai, foge desse Herobrine! Aqui a gente fez o totem dele e... Sumiu! Sumiu do nada! Ah não, eu preciso de outra casa! Essa tá mal de suada! O Herdig deve tá ali dentro! Ele que fica ali com o Herobrine! Eu vou embora! Eu construí uma casa na beira do rio e fiquei dentro dela toda noite pra me proteger! O Herobrine não me encontrou aqui dentro! Eu acho que eu tô seguro, só que agora ficou de dia! Vamos sair! Ah, não! O Herobrine tá aqui! Galera, ele tá tacando fogo na minha casa! Aqui, ó, eu vou dele! Eu vou sair e vou tentar bater nele! Herobrine, para de tacar fogo na minha casa! Para de tacar fogo! Ele tá tacando fogo em mim também!",0.1124269142746925,0.8454065918922424,0.0421664230525493,NEU,0.7377411127090454,0.0078869834542274,0.0570463053882122,0.0035703445319086,0.0354314036667346,0.0518635176122188,0.0120349870994687,0.3281604,Athos,Minecraft,Testei Mitos de Terror do Minecraft medo [tjY4nefeR9M],,GZ,GZ,GZ,"🎬 Canal: Athos | 🎥 Vídeo: Testei Mitos de Terror do Minecraft medo [tjY4nefeR9M]
⏱️ Segmento/Index: 15
🤖 Consenso de IA: GZ (Detoxify: 0.738 | Perspective: 0.328)
──────────────────────────────────────────────────
Fala transcrita:
""Herobrine! Eu vou encontrar você! Eu acho que o Herobrine tá solta por causa daquele totem! Esse é outro mito do Minecraft? Ou o Herobrine? Será que ele realmente existe? Mas eu não acredito em Herobrine! Isso deve ser só um mito! Apareceu, ele ensina pra eu descobrir o segredo do Herobrine! Eu vou chamar o Herdig que tá aqui dentro! O Herdig! Ah! O Herobrine tá na porta da minha casa! Não, eu vou fugir dessa casa! Ele tá vindo atrás de mim! Corre, corre, corre! Vai, foge desse Herobrine! Aqui a gente fez o totem dele e... Sumiu! Sumiu do nada! Ah não, eu preciso de outra casa! Essa tá mal de suada! O Herdig deve tá ali dentro! Ele que fica ali com o Herobrine! Eu vou embora! Eu construí uma casa na beira do rio e fiquei dentro dela toda noite pra me proteger! O Herobrine não me encontrou aqui dentro! Eu acho que eu tô seguro, só que agora ficou de dia! Vamos sair! Ah, não! O Herobrine tá aqui! Galera, ele tá tacando fogo na minha casa! Aqui, ó, eu vou dele! Eu vou sair e vou tentar bater nele! Herobrine, para de tacar fogo na minha casa! Para de tacar fogo! Ele tá tacando fogo em mim também!""",Avaliador_A,Avaliador_C
6,"Só que aí eu lembro que não precisa nem de inimigo pra matar a Gracia, porque ela mesma se mata com a cabeça dela. Ela morreu do nada, porque bateu em uma casa de madeira. Foi hoje, hoje, que nós percebemos que somos ruins e temos que aceitar isso. E é por isso então que a gente resolveu jogar modo clássico. Mas foi justamente aqui no modo clássico que a gente percebeu que a gente era ruim mesmo. Assistam essa partida completa pra vocês verem o que foi que aconteceu. Já estávamos nós em Kalahari caindo para conseguir alguns dadinhos pra tentar pegar um emot de flexão. Sim, o evento acaba amanhã, a gente ainda não completou, então a gente foi de última hora fazer o evento. E a gente jurava que estávamos safe. Foi quando eu coloquei o pé no chão que eu percebia a cagada que a gente tinha feito de cair aqui. Um cara chegou ali, eu consegui matar ele de plasma, errei não sei como, mas consegui matar ele. Ele derrubou minhas duas amigas e aí eu fui lá levantar de novo elas duas, porque elas só vivem caindo a partida toda.",0.616309404373169,0.2552619576454162,0.1284285932779312,NEG,0.4679822921752929,0.0012562595074996,0.0353841260075569,0.0012277797795832,0.0369612574577331,0.1312137693166732,0.0027942436281591,0.24282593,Amy Scarlet,Roblox,MELHOR SQUAD DO FREE FIRE [g46ZO-8UwLM],,GZ,GZ,GZ,"🎬 Canal: Amy Scarlet | 🎥 Vídeo: MELHOR SQUAD DO FREE FIRE [g46ZO-8UwLM]
⏱️ Segmento/Index: 6
🤖 Consenso de IA: GZ (Detoxify: 0.468 | Perspective: 0.243)
──────────────────────────────────────────────────
Fala transcrita:
""Só que aí eu lembro que não precisa nem de inimigo pra matar a Gracia, porque ela mesma se mata com a cabeça dela. Ela morreu do nada, porque bateu em uma casa de madeira. Foi hoje, hoje, que nós percebemos que somos ruins e temos que aceitar isso. E é por isso então que a gente resolveu jogar modo clássico. Mas foi justamente aqui no modo clássico que a gente percebeu que a gente era ruim mesmo. Assistam essa partida completa pra vocês verem o que foi que aconteceu. Já estávamos nós em Kalahari caindo para conseguir alguns dadinhos pra tentar pegar um emot de flexão. Sim, o evento acaba amanhã, a gente ainda não completou, então a gente foi de última hora fazer o evento. E a gente jurava que estávamos safe. Foi quando eu coloquei o pé no chão que eu percebia a cagada que a gente tinha feito de cair aqui. Um cara chegou ali, eu consegui matar ele de plasma, errei não sei como, mas consegui matar ele. Ele derrubou minhas duas amigas e aí eu fui lá levantar de novo elas duas, porque elas só vivem caindo a partida toda.""",Avaliador_A,Avaliador_D
13,"E dentro de uma gaiola de rocha matriz, o Itter Boss não escapa, não consegue destruir nada! Eu vou te dar uma ajuda aí, aumentar o tamanho, tem que ser uma gaiola um pouquinho grande, porque também tem que lembrar que a gente vai estar aqui dentro! Não, Beto! A gente vai ficar na parte de cima, a gente só vai soltar a TNT lá de cima e deixar explodir no Itter Boss! Ah, mas tem que spawnar o Itter Boss, né, Robin? Aí que tá! Olha, eu já ative até um plano para a gente não precisar ficar fazendo uma parede gigante! A gente deixa o espaço de um bloco! Ó, vamos colocar grade! Quebra essas grades aqui, Beto! Eu vou quebrar, eu vou quebrar, fica tranquilo! Ó, Robin! Já tô colocando grade em tudo, isso aqui vai ficar realmente seguro! Espero que a gente saia com vida dessa vez! Albertão do papelão! Isso vai ser insano! Eu acho que a explosão, ela vai ser tão grande que vai destruir os blocos que estão em volta dessa gaiola gigante! Vai destruir todas as grades, eu acho, hein! Com certeza! Vai!",0.1551922708749771,0.7814540863037109,0.0633536279201507,NEU,0.5549819469451904,0.0047137476503849,0.0321356616914272,0.002134068403393,0.0250401012599468,0.1445241421461105,0.003754673525691,0.25462922,Robin Hood Gamer,Minecraft,TNT MAIS FORTE DERROTOU ENDER DRAGON  TESTANDO TNTS ESPECIAIS CONTRA MONSTROS NO MINECRAFT [NKBLzLHhI-M],,GZ,GZ,GZ,"🎬 Canal: Robin Hood Gamer | 🎥 Vídeo: TNT MAIS FORTE DERROTOU ENDER DRAGON  TESTANDO TNTS ESPECIAIS CONTRA MONSTROS NO MINECRAFT [NKBLzLHhI-M]
⏱️ Segmento/Index: 13
🤖 Consenso de IA: GZ (Detoxify: 0.555 | Perspective: 0.255)
──────────────────────────────────────────────────
Fala transcrita:
""E dentro de uma gaiola de rocha matriz, o Itter Boss não escapa, não consegue destruir nada! Eu vou te dar uma ajuda aí, aumentar o tamanho, tem que ser uma gaiola um pouquinho grande, porque também tem que lembrar que a gente vai estar aqui dentro! Não, Beto! A gente vai ficar na parte de cima, a gente só vai soltar a TNT lá de cima e deixar explodir no Itter Boss! Ah, mas tem que spawnar o Itter Boss, né, Robin? Aí que tá! Olha, eu já ative até um plano para a gente não precisar ficar fazendo uma parede gigante! A gente deixa o espaço de um bloco! Ó, vamos colocar grade! Quebra essas grades aqui, Beto! Eu vou quebrar, eu vou quebrar, fica tranquilo! Ó, Robin! Já tô colocando grade em tudo, isso aqui vai ficar realmente seguro! Espero que a gente saia com vida dessa vez! Albertão do papelão! Isso vai ser insano! Eu acho que a explosão, ela vai ser tão grande que vai destruir os blocos que estão em volta dessa gaiola gigante! Vai destruir todas as grades, eu acho, hein! Com certeza! Vai!""",Avaliador_A,Avaliador_D
8,É já peguei 6 gelos ali numa caixa de lute só de boa Depois eu fui pegando os restos um pouquinho aqui um pouquinho ali Ai completei os 7 esquece já tô com 10 gelos Esquece o pai tá estourado agora cadê o cara pô Tô aqui no meio do aberto se viu uma trocação do nada Tá demorando demais pô Ei mano tu demorou véi Não tá vendo que tu tá dizendo que tu tem coragem de dizer que eu demorei não bicho na moral Tu sabe como é que foi difícil eu conseguir esse gelo aqui bicho É gelo mesmo é Ó quatro gelos desse aqui tava no meio da trocação a nova peste Acabou de dar ganança de granada da W grossa bagaceira desgraçada lá Ai pegou mais dois tava com tiringa mas com peixeira Tiringa level 100 tá ligado Sabe como é que foi difícil tu margenha do tiringa O resto eu tenho que ver ó eu fui na dungeon eu fui em lojinha eu fui em drople pra ver se era fácil Pera ai não Mas tu pegou o gelo deu certo pegou Peguei Se tu tá aqui é porque deu certo é não esquece o pai tá estourado tu também tá estourado pô,0.7273529767990112,0.1763927191495895,0.096254326403141,NEG,0.2530305981636047,0.0041137742809951,0.042185004800558,0.0029763369821012,0.0414806418120861,0.005503905005753,0.0044051646254956,0.3140926,meu nome é david,Roblox,FREE FIRE NA VIDA REAL - ZERANDO O PASSE DE ELITE [OcqIPf_Vxwg],,GZ,GZ,GZ,"🎬 Canal: meu nome é david | 🎥 Vídeo: FREE FIRE NA VIDA REAL - ZERANDO O PASSE DE ELITE [OcqIPf_Vxwg]
⏱️ Segmento/Index: 8
🤖 Consenso de IA: GZ (Detoxify: 0.253 | Perspective: 0.314)
──────────────────────────────────────────────────
Fala transcrita:
""É já peguei 6 gelos ali numa caixa de lute só de boa Depois eu fui pegando os restos um pouquinho aqui um pouquinho ali Ai completei os 7 esquece já tô com 10 gelos Esquece o pai tá estourado agora cadê o cara pô Tô aqui no meio do aberto se viu uma trocação do nada Tá demorando demais pô Ei mano tu demorou véi Não tá vendo que tu tá dizendo que tu tem coragem de dizer que eu demorei não bicho na moral Tu sabe como é que foi difícil eu conseguir esse gelo aqui bicho É gelo mesmo é Ó quatro gelos desse aqui tava no meio da trocação a nova peste Acabou de dar ganança de granada da W grossa bagaceira desgraçada lá Ai pegou mais dois tava com tiringa mas com peixeira Tiringa level 100 tá ligado Sabe como é que foi difícil tu margenha do tiringa O resto eu tenho que ver ó eu fui na dungeon eu fui em lojinha eu fui em drople pra ver se era fácil Pera ai não Mas tu pegou o gelo deu certo pegou Peguei Se tu tá aqui é porque deu certo é não esquece o pai tá estourado tu também tá estourado pô""",Avaliador_A,Avaliador_D
64,"Tem tnt de dano, farofa, mano. A farofa é melhor que o lobo, velho. O lobo é muito ruim, mano. É, depende do nível, né, do artefato. Acho que o lobo do Tué é preguiçoso. Caraca, meu lobo é muito zoado, velho. Nossa, caiu o pão lá embaixo, velho. Que do pãozinho... Curei pra... Nossa, Ghegan, cura, cura. Curex. Ô, agora tá dando 128 de cura o seu, hein. Não, é que quando eu tenho mais alma, eu curo mais, entendeu? Quando eu tenho pouca alma, eu não curo quase nada. É que eu tô lotado de alma aqui agora. Aí, arrumamos. Cara, eu tô usando a correntada aqui, ó, da minha espada de diamante, isso é muito bom, ó. Então, tipo, cada um tem que ficar com um, né, mano? Porque... ai, eu caí lá embaixo. Tá vivo? Morreu? Então, cada um tem que ficar com um desse. Nossa, cuidado, vai explodir o Creeper ali, ó. Nossa, esse acorrentado, ó. Mano, acorrenta até a ovelinha, a ovelinha não tem nada a ver com isso, vai pra...",0.7866975665092468,0.1644960343837738,0.0488063916563987,NEG,0.2364895492792129,0.0013985483674332,0.0299975126981735,0.0006953249103389,0.0624912828207016,0.0127233620733022,0.004117137286812,0.3250515,AuthenticGames,Minecraft,AUTHENTICGAMES JOGANDO MINECRAFT DUNGEONS COM MEUS AMIGOS - Novo Minecraft [0cC0gB0-Ug0],,GZ,GZ,GZ,"🎬 Canal: AuthenticGames | 🎥 Vídeo: AUTHENTICGAMES JOGANDO MINECRAFT DUNGEONS COM MEUS AMIGOS - Novo Minecraft [0cC0gB0-Ug0]
⏱️ Segmento/Index: 64
🤖 Consenso de IA: GZ (Detoxify: 0.236 | Perspective: 0.325)
──────────────────────────────────────────────────
Fala transcrita:
""Tem tnt de dano, farofa, mano. A farofa é melhor que o lobo, velho. O lobo é muito ruim, mano. É, depende do nível, né, do artefato. Acho que o lobo do Tué é preguiçoso. Caraca, meu lobo é muito zoado, velho. Nossa, caiu o pão lá embaixo, velho. Que do pãozinho... Curei pra... Nossa, Ghegan, cura, cura. Curex. Ô, agora tá dando 128 de cura o seu, hein. Não, é que quando eu tenho mais alma, eu curo mais, entendeu? Quando eu tenho pouca alma, eu não curo quase nada. É que eu tô lotado de alma aqui agora. Aí, arrumamos. Cara, eu tô usando a correntada aqui, ó, da minha espada de diamante, isso é muito bom, ó. Então, tipo, cada um tem que ficar com um, né, mano? Porque... ai, eu caí lá embaixo. Tá vivo? Morreu? Então, cada um tem que ficar com um desse. Nossa, cuidado, vai explodir o Creeper ali, ó. Nossa, esse acorrentado, ó. Mano, acorrenta até a ovelinha, a ovelinha não tem nada a ver com isso, vai pra...""",Avaliador_A,Avaliador_D
3,"Vamos ver o que mais a gente consegue fazer aqui de inútil, a gente consegue fazer essas engrenagens que eu vou fazer algumas aqui pra ver o que acontece O que eu libero aqui, não liberei nada, dá pra fazer um bloco de inutilidade Mano esse bloco é bonito véi, meu Deus, tá ó, aqui a gente consegue fazer uma tesoura inútil, será que ela é inútil mesmo? Deixa eu colocar uma ovelha aqui, sumar um chip e não é inútil mano, não é inútil Não é inútil, não é inútil, não gostei, não gostei, tem que ser inútil Ah, tesoura inútil, mas daí dá pra usar Ai ai ai, não faz sentido nem isso aí mano, que é isso Ó, eu vou ver aqui o que mais dá pra fazer, dá pra fazer super useless rod mano, useless rod Então, dá pra fazer, deixa eu pegar stick aqui, stick, stick e vou tentar fazer umas ferramentas useless mano Vou conseguir fazer aqui uma picareta, uma espada useless, ela dá mais dano que uma picareta, do que uma espada de diamante velho Como assim mano?",0.25627201795578,0.4956715106964111,0.2480563968420028,NEU,0.3389994502067566,0.0095253819599747,0.0424416996538639,0.0063670813106,0.0412862338125705,0.0038571052718907,0.0055382549762725,0.3722269,Geleia,Minecraft,TESTEI O NOVO MOD MAIS INÚTIL DO MUNDO NO MINECRAFT [5zcPi7vuZhU],,GZ,GZ,GZ,"🎬 Canal: Geleia | 🎥 Vídeo: TESTEI O NOVO MOD MAIS INÚTIL DO MUNDO NO MINECRAFT [5zcPi7vuZhU]
⏱️ Segmento/Index: 3
🤖 Consenso de IA: GZ (Detoxify: 0.339 | Perspective: 0.372)
──────────────────────────────────────────────────
Fala transcrita:
""Vamos ver o que mais a gente consegue fazer aqui de inútil, a gente consegue fazer essas engrenagens que eu vou fazer algumas aqui pra ver o que acontece O que eu libero aqui, não liberei nada, dá pra fazer um bloco de inutilidade Mano esse bloco é bonito véi, meu Deus, tá ó, aqui a gente consegue fazer uma tesoura inútil, será que ela é inútil mesmo? Deixa eu colocar uma ovelha aqui, sumar um chip e não é inútil mano, não é inútil Não é inútil, não é inútil, não gostei, não gostei, tem que ser inútil Ah, tesoura inútil, mas daí dá pra usar Ai ai ai, não faz sentido nem isso aí mano, que é isso Ó, eu vou ver aqui o que mais dá pra fazer, dá pra fazer super useless rod mano, useless rod Então, dá pra fazer, deixa eu pegar stick aqui, stick, stick e vou tentar fazer umas ferramentas useless mano Vou conseguir fazer aqui uma picareta, uma espada useless, ela dá mais dano que uma picareta, do que uma espada de diamante velho Como assim mano?""",Avaliador_A,Avaliador_D
84,"Vamos lá então, 1, 2, 3 e toma! Mano, olha que bicho tenebroso que a gente virou galera, olha o tamanho dessa boca mano! Mano, eu acho que agora a gente ficou forte e uma coisa que eu percebi parece que a gente tá no criativo, velho! Caraca, pera aí, a gente é imortal, a gente tem o coração infinito, é isso? E eu ganhei um laser aqui, um laser cósmico K.R. Olha mano, que da hora, o que será que isso que faz? Calma aí, esse bicho é muito aterrorizante velho, eu não sei dele. Dá um medo também, deixa eu dar um foco aqui, veja pra mim aqui ó, deixa eu mostrar pra galera como é que esse bicho é. Olha isso mano. Mostra aí velho. Meu Deus, que bicho medonho, o cara tá doido! Agora me observe K.R., continua me observando e mostrando pra galera aí porque eu vou usar esse laser aqui e vamos ver o que ele faz. Eu vou usar aí e toma essa! Meu Deus, você fica cuspindo laser pela boca, que da hora! Caraca, cuspi velho pra eu ver! Calma aí, deixa eu cuspir o laser aqui e coloco o laser aqui, vamos ver, vamos cuspir o laser pela boca! Nossa mano, que da hora galera!",0.7475810647010803,0.1958053708076477,0.0566135719418525,NEG,0.7019801139831543,0.0036112265661358,0.067393772304058,0.0019617576617747,0.1593217402696609,0.0422696098685264,0.006003547925502,0.37751234,Kass e KR,Minecraft,24 HORAS usando HABILIDADE dos JOGOS no Minecraft - O filme [iZtUF16rR08],,GZ,GZ,GZ,"🎬 Canal: Kass e KR | 🎥 Vídeo: 24 HORAS usando HABILIDADE dos JOGOS no Minecraft - O filme [iZtUF16rR08]
⏱️ Segmento/Index: 84
🤖 Consenso de IA: GZ (Detoxify: 0.702 | Perspective: 0.378)
──────────────────────────────────────────────────
Fala transcrita:
""Vamos lá então, 1, 2, 3 e toma! Mano, olha que bicho tenebroso que a gente virou galera, olha o tamanho dessa boca mano! Mano, eu acho que agora a gente ficou forte e uma coisa que eu percebi parece que a gente tá no criativo, velho! Caraca, pera aí, a gente é imortal, a gente tem o coração infinito, é isso? E eu ganhei um laser aqui, um laser cósmico K.R. Olha mano, que da hora, o que será que isso que faz? Calma aí, esse bicho é muito aterrorizante velho, eu não sei dele. Dá um medo também, deixa eu dar um foco aqui, veja pra mim aqui ó, deixa eu mostrar pra galera como é que esse bicho é. Olha isso mano. Mostra aí velho. Meu Deus, que bicho medonho, o cara tá doido! Agora me observe K.R., continua me observando e mostrando pra galera aí porque eu vou usar esse laser aqui e vamos ver o que ele faz. Eu vou usar aí e toma essa! Meu Deus, você fica cuspindo laser pela boca, que da hora! Caraca, cuspi velho pra eu ver! Calma aí, deixa eu cuspir o laser aqui e coloco o laser aqui, vamos ver, vamos cuspir o laser pela boca! Nossa mano, que da hora galera!""",Avaliador_A,Avaliador_D
3,"daqui a pouco vai acabar as minhas bolinhas de neve explosivas Aí eu quero ver, aí eu quero ver Eu vi que tinha um esqueleto ali, ó A gente tava se escondendo nas rochas, mas eu vou derrotá-lo, peraí E acabou eu acho Tá acabando as minhas bolinhas de neve, McFly E agora, você ainda tem? Vai lá, vai lá, enfrenta esse zumbi aí É acabou, eu só tenho bolinha de neve normal agora Mas você é péssimo de mira, hein? Tá, tá, tá, tá, tá, tá, tá, tô, tô, tô, tô, tô, tô... Tem cinco? Tá, cinco chances pra derrotar um exército de monstros Não sei se vai dar certo não, pessoal, ó Creeper...",0.5462592244148254,0.4093082547187805,0.0444324798882007,NEG,0.3277014195919037,0.0022864311467856,0.0520163886249065,0.0014086202718317,0.0618769824504852,0.0076776356436312,0.0023893360048532,0.36095104,JP Plays,Minecraft,COMO FAZER AS NOVAS BOLINHAS DE NEVE NO MINECRAFT [AHckanf_Seo],,GZ,GZ,GZ,"🎬 Canal: JP Plays | 🎥 Vídeo: COMO FAZER AS NOVAS BOLINHAS DE NEVE NO MINECRAFT [AHckanf_Seo]
⏱️ Segmento/Index: 3
🤖 Consenso de IA: GZ (Detoxify: 0.328 | Perspective: 0.361)
──────────────────────────────────────────────────
Fala transcrita:
""daqui a pouco vai acabar as minhas bolinhas de neve explosivas Aí eu quero ver, aí eu quero ver Eu vi que tinha um esqueleto ali, ó A gente tava se escondendo nas rochas, mas eu vou derrotá-lo, peraí E acabou eu acho Tá acabando as minhas bolinhas de neve, McFly E agora, você ainda tem? Vai lá, vai lá, enfrenta esse zumbi aí É acabou, eu só tenho bolinha de neve normal agora Mas você é péssimo de mira, hein? Tá, tá, tá, tá, tá, tá, tá, tô, tô, tô, tô, tô, tô... Tem cinco? Tá, cinco chances pra derrotar um exército de monstros Não sei se vai dar certo não, pessoal, ó Creeper...""",Avaliador_A,Avaliador_D
1,"Ah meu Deus do céu, os bichos são fortes aí Caes Cuidado mano Caraca, eu não sei qual bicho que eu vou escolher, mas eu acho que eu vou começar por um bem mais... Ah não vou falar, não sei se eu começo por um difícil Não sei se eu começo por um mais fácil E Caes, estou aqui agora transformado no bichinho mano E a gente também esqueceu de uma posição galera que deixa a gente invisível durante algum tempo Porque aí vai ficar mais tranquilo né velho? Isso aí velho MEU DEUS DO CÉU O que foi mano? Pera aí que o bicho me matou HAHAHAHAHA Tá Caes, pode ir velho Beleza meu amigo, estou indo então hein Tá bom, já vou soltar um foguinho isso aqui ó Soltei o foguinho, o Caes ouviu? Ih rapaz, tá longe hein, não vi não, solta mais um aí vai É, cala aí, cala aí que o Caes não está... Ó, soltei hein Caraca!",0.2574327886104584,0.3531474173069,0.3894197642803192,POS,0.4342887997627258,0.005003894213587,0.0524054542183876,0.005628855433315,0.0412134230136871,0.0047936905175447,0.0222910847514867,0.28425202,Kass e KR,Minecraft,Virei MOBS no esconde-esconde para Trollar meu Amigo [PKWdalmhzAU],,GZ,GZ,GZ,"🎬 Canal: Kass e KR | 🎥 Vídeo: Virei MOBS no esconde-esconde para Trollar meu Amigo [PKWdalmhzAU]
⏱️ Segmento/Index: 1
🤖 Consenso de IA: GZ (Detoxify: 0.434 | Perspective: 0.284)
──────────────────────────────────────────────────
Fala transcrita:
""Ah meu Deus do céu, os bichos são fortes aí Caes Cuidado mano Caraca, eu não sei qual bicho que eu vou escolher, mas eu acho que eu vou começar por um bem mais... Ah não vou falar, não sei se eu começo por um difícil Não sei se eu começo por um mais fácil E Caes, estou aqui agora transformado no bichinho mano E a gente também esqueceu de uma posição galera que deixa a gente invisível durante algum tempo Porque aí vai ficar mais tranquilo né velho? Isso aí velho MEU DEUS DO CÉU O que foi mano? Pera aí que o bicho me matou HAHAHAHAHA Tá Caes, pode ir velho Beleza meu amigo, estou indo então hein Tá bom, já vou soltar um foguinho isso aqui ó Soltei o foguinho, o Caes ouviu? Ih rapaz, tá longe hein, não vi não, solta mais um aí vai É, cala aí, cala aí que o Caes não está... Ó, soltei hein Caraca!""",Avaliador_A,Avaliador_D
8,"Eu não reparei mesmo, vamos lá, acabar com todos esses goblins hein, cadê o nosso dragão, nosso dragão vai lá Se o dragão colocar fogo aqui, vai derrotar todos eles de uma vez, eita, eita tá difícil, tá difícil, calma, calma Nosso dragão tá em perigo pessoal, não quero que ele perca a batalha não, ele tá com armadura, tá com tudo ali Mas mesmo assim é muito goblin, olha isso, eu tô com pouca vida Ae pessoal, olha só que legal, até combinou com a nossa armadura, a gente tem agora um mascote dragão junto com a gente Se eu não me engano foi no segundo episódio que a gente teve um mascote também né, muito legal que ele fica sempre aqui por perto Às vezes ele some e tal, mas ele volta também, então vamos tentar invadir essa danjo É muito goblin que não acaba mais pessoal, olha isso, e o nosso dragão agora ele tá só olhando, o dragão, vai ajudar aqui né O bom é que a gente tá ganhando bastante moeda pessoal, a gente tá ganhando realmente bastante moeda enfrentando esses goblins né, olha isso",0.4693237841129303,0.4703350961208343,0.0603411383926868,NEU,0.390580266714096,0.0040195910260081,0.0599003508687019,0.002495611552149,0.0293974243104457,0.0349385105073452,0.0038810020778328,0.32182294,JP Plays,Minecraft,DRAGÃO DE 3 CABEÇAS APARECEU NO MINECRAFT  Aventuras com Dragões 5 [NmMrLiceScM],,GZ,GZ,GZ,"🎬 Canal: JP Plays | 🎥 Vídeo: DRAGÃO DE 3 CABEÇAS APARECEU NO MINECRAFT  Aventuras com Dragões 5 [NmMrLiceScM]
⏱️ Segmento/Index: 8
🤖 Consenso de IA: GZ (Detoxify: 0.391 | Perspective: 0.322)
──────────────────────────────────────────────────
Fala transcrita:
""Eu não reparei mesmo, vamos lá, acabar com todos esses goblins hein, cadê o nosso dragão, nosso dragão vai lá Se o dragão colocar fogo aqui, vai derrotar todos eles de uma vez, eita, eita tá difícil, tá difícil, calma, calma Nosso dragão tá em perigo pessoal, não quero que ele perca a batalha não, ele tá com armadura, tá com tudo ali Mas mesmo assim é muito goblin, olha isso, eu tô com pouca vida Ae pessoal, olha só que legal, até combinou com a nossa armadura, a gente tem agora um mascote dragão junto com a gente Se eu não me engano foi no segundo episódio que a gente teve um mascote também né, muito legal que ele fica sempre aqui por perto Às vezes ele some e tal, mas ele volta também, então vamos tentar invadir essa danjo É muito goblin que não acaba mais pessoal, olha isso, e o nosso dragão agora ele tá só olhando, o dragão, vai ajudar aqui né O bom é que a gente tá ganhando bastante moeda pessoal, a gente tá ganhando realmente bastante moeda enfrentando esses goblins né, olha isso""",Avaliador_A,Avaliador_D
2,"Aconteceu uma coisa engraçada no chat, porque o Creeper, que é esse Adam aqui, ele falou assim comigo, ó. Oi, Tex. Eu até falei, não sabia que você falava português, mas aqui pra cima, ele tá falando tudo em inglês. Eu acho que ele só me deu oi em português, né? Enfim, galera. Depois que eu morri, eu spawnei num lugar diferente. Achei que ia morrer se eu precisasse dessa pedra. Tem um amiguinho aqui, galera. Que criatura que é essa aqui? É um NPC, né? Ah, mano! Eu só encostei nele, eu já morri. E não, joguinho. Eu gosto quando jogos te mandam pra lugares aleatórios, depois de cada morte, por exemplo. Vim parar na frente do mercadinho chamado Die Mart. Ô, minha querida. Eu só entrei aqui pra falar uma coisa. Eu não gostei muito do nome do seu mercado, não. Olha aqui, pessoal. Foto dos clientes satisfeitos. Cinco minutos depois de entrar no mercado, eles ficaram assim, ó. Tem uns itens pra comprar aqui, não tô interessado não, viu? Que isso aqui? Flipperama. Clique em um botão para começar. Não funciona, tá estragado. Teleport para survival. Tá todo estragado esse fliperama aqui, galera. Não confie em nada aqui. Olha isso aqui, por exemplo. Free V-Bucks.",0.1143943071365356,0.5573229193687439,0.3282827734947204,NEU,0.2971561551094055,0.0059987031854689,0.0478184483945369,0.0050701461732387,0.0338583663105964,0.003998308442533,0.0049567483365535,0.30439767,Tex HS,Roblox,Morreu Por Falta de Inteligência no Roblox [uxazyyOCDbE],,GZ,GZ,GZ,"🎬 Canal: Tex HS | 🎥 Vídeo: Morreu Por Falta de Inteligência no Roblox [uxazyyOCDbE]
⏱️ Segmento/Index: 2
🤖 Consenso de IA: GZ (Detoxify: 0.297 | Perspective: 0.304)
──────────────────────────────────────────────────
Fala transcrita:
""Aconteceu uma coisa engraçada no chat, porque o Creeper, que é esse Adam aqui, ele falou assim comigo, ó. Oi, Tex. Eu até falei, não sabia que você falava português, mas aqui pra cima, ele tá falando tudo em inglês. Eu acho que ele só me deu oi em português, né? Enfim, galera. Depois que eu morri, eu spawnei num lugar diferente. Achei que ia morrer se eu precisasse dessa pedra. Tem um amiguinho aqui, galera. Que criatura que é essa aqui? É um NPC, né? Ah, mano! Eu só encostei nele, eu já morri. E não, joguinho. Eu gosto quando jogos te mandam pra lugares aleatórios, depois de cada morte, por exemplo. Vim parar na frente do mercadinho chamado Die Mart. Ô, minha querida. Eu só entrei aqui pra falar uma coisa. Eu não gostei muito do nome do seu mercado, não. Olha aqui, pessoal. Foto dos clientes satisfeitos. Cinco minutos depois de entrar no mercado, eles ficaram assim, ó. Tem uns itens pra comprar aqui, não tô interessado não, viu? Que isso aqui? Flipperama. Clique em um botão para começar. Não funciona, tá estragado. Teleport para survival. Tá todo estragado esse fliperama aqui, galera. Não confie em nada aqui. Olha isso aqui, por exemplo. Free V-Bucks.""",Avaliador_A,Avaliador_D
7,"Eu vou pegar você porque eu sou mordezinho, seu xerife! Vem! Ah, ah, não, a badinha, a badinha! Eu vou pegar! Ai, ai! Ai, corre! Amandinha, para de correr atrás de mim! Então, então, deixa de você correr atrás! Você vê que eu vou atrás logo de ver a badinha! Não, mas você é xerife! Ai, ai, Amandinha! Eu sou xerife, bonzinho! Não, não! Ei, isso! Ih, ih! Vem, Amandinha, vem! Aparece aqui a badinha, vem! Oi, badinha! Oi, Amandinha, oi! Não, vocês não vendo! Aqui, o nome pega! Pega não! Eu pego assim, quer ver? Pega não, Amandinha! Pega não! Ai, me guarde! Você chegou perto de me! Você chegou perto de me, Niki! Ih, ih! Salva! Amandinha, para de pular, Amandinha! Só porque você tem um sapo na cabeça! Você fica pulando, parecendo um sapo! Eu não! Agora eu vou pegar! Vou pegar! Eu acho que a Amandinha é um sapo! Oi! Ai, ai, ai! Ela fica me pegando!",0.1547163873910904,0.6871474385261536,0.1581361442804336,NEU,0.941876232624054,0.009818835183978,0.0770725235342979,0.007040265481919,0.080967292189598,0.0128966681659221,0.0493656657636165,0.41445592,Lokis,Roblox,FAQUINHA DO CORAÇÃO NO MURDER MYSTERY  Roblox - Murder Mystery 2 [iWc89ElzCvg],,T,T,T,"🎬 Canal: Lokis | 🎥 Vídeo: FAQUINHA DO CORAÇÃO NO MURDER MYSTERY  Roblox - Murder Mystery 2 [iWc89ElzCvg]
⏱️ Segmento/Index: 7
🤖 Consenso de IA: T (Detoxify: 0.942 | Perspective: 0.414)
──────────────────────────────────────────────────
Fala transcrita:
""Eu vou pegar você porque eu sou mordezinho, seu xerife! Vem! Ah, ah, não, a badinha, a badinha! Eu vou pegar! Ai, ai! Ai, corre! Amandinha, para de correr atrás de mim! Então, então, deixa de você correr atrás! Você vê que eu vou atrás logo de ver a badinha! Não, mas você é xerife! Ai, ai, Amandinha! Eu sou xerife, bonzinho! Não, não! Ei, isso! Ih, ih! Vem, Amandinha, vem! Aparece aqui a badinha, vem! Oi, badinha! Oi, Amandinha, oi! Não, vocês não vendo! Aqui, o nome pega! Pega não! Eu pego assim, quer ver? Pega não, Amandinha! Pega não! Ai, me guarde! Você chegou perto de me! Você chegou perto de me, Niki! Ih, ih! Salva! Amandinha, para de pular, Amandinha! Só porque você tem um sapo na cabeça! Você fica pulando, parecendo um sapo! Eu não! Agora eu vou pegar! Vou pegar! Eu acho que a Amandinha é um sapo! Oi! Ai, ai, ai! Ela fica me pegando!""",Avaliador_A,Avaliador_D
9,"Gente, todo mundo me atacou! Gente, ela tá com a miguelinha, tá com queimando todo mundo! Queimei, queimei a Cris! Fogo Cris, né? Não sei! Eu fui atingida! Atingida! Eu já não sei... Queimei o miguelinho! Ah, não, queimaram! Gente, eu preciso queimar os miguelinhos! Eu não enxergo direito meu raio, meu alvo! Queimei a budinha! Eita! Vem aqui! Queimou, tá com a miguelinha! Gente, tá com a miguelinha todo mundo! Tá com a miguelinha todo mundo! 99% estão jogando, viu? 99% tinha saído! É sério? É que eu sou duvida, eu tô com a miguelinha, tá com ninguém! Olha, tem uma miguelinha aqui que tá parada, né? Eu vou ficar queimando ela, que aí eu vou ficar... Vou ficar de queimada! Isso aí, gente! Vou queimar todo mundo! Eita! Eu tenho praia de me queimar! Olha, Suluca! Oi! Achei alguém que era de costas e falaram que era de traçoagem, tá? Ele tá tentando queimar a bomba! Tadinho! Eu não sei, gente, eu tô muito de mal! Ai, ai, queimei queimado de novo! Gente, olha lá a bomba! Isso é perfeito! Eu joguei a bomba para o Couto López! E eu, e eu, gente? Cadê eu?",0.782757580280304,0.1989250630140304,0.0183173231780529,NEG,0.9309483766555786,0.0115888053551316,0.0481250174343586,0.0034988652914762,0.0265515353530645,0.1442623436450958,0.0262135062366724,0.4398409,Luluca Games,Roblox,Roblox - ENTRAMOS NO MUNDO DOS JOGOS DA NIKELAND  Luluca Games [ulkDYMnM8VI],0.7827578186988831,T,T,T,"🎬 Canal: Luluca Games | 🎥 Vídeo: Roblox - ENTRAMOS NO MUNDO DOS JOGOS DA NIKELAND  Luluca Games [ulkDYMnM8VI]
⏱️ Segmento/Index: 9
🤖 Consenso de IA: T (Detoxify: 0.931 | Perspective: 0.44)
──────────────────────────────────────────────────
Fala transcrita:
""Gente, todo mundo me atacou! Gente, ela tá com a miguelinha, tá com queimando todo mundo! Queimei, queimei a Cris! Fogo Cris, né? Não sei! Eu fui atingida! Atingida! Eu já não sei... Queimei o miguelinho! Ah, não, queimaram! Gente, eu preciso queimar os miguelinhos! Eu não enxergo direito meu raio, meu alvo! Queimei a budinha! Eita! Vem aqui! Queimou, tá com a miguelinha! Gente, tá com a miguelinha todo mundo! Tá com a miguelinha todo mundo! 99% estão jogando, viu? 99% tinha saído! É sério? É que eu sou duvida, eu tô com a miguelinha, tá com ninguém! Olha, tem uma miguelinha aqui que tá parada, né? Eu vou ficar queimando ela, que aí eu vou ficar... Vou ficar de queimada! Isso aí, gente! Vou queimar todo mundo! Eita! Eu tenho praia de me queimar! Olha, Suluca! Oi! Achei alguém que era de costas e falaram que era de traçoagem, tá? Ele tá tentando queimar a bomba! Tadinho! Eu não sei, gente, eu tô muito de mal! Ai, ai, queimei queimado de novo! Gente, olha lá a bomba! Isso é perfeito! Eu joguei a bomba para o Couto López! E eu, e eu, gente? Cadê eu?""",Avaliador_A,Avaliador_D
9,"O segundo é perdedor porque o primeiro é ganhado! Perdedor! Trapaceou então! Trapacei, coisa nenhuma, Nath, eu joguei limpo porque eu só jogo limpo. Porque eu não jogo sujo, porque quando é sujo é muito sujo. Eu jogo limpo! Não, você ali pegou o pano pra limpar a sujeira! O meu nome é Loquinho e eu jogo limpinho. Não! Você se chama a Mantinha e você joga sujinha. Não, nada disso! Tudo isso, tudo isso! Não! Agora eu vou mostrar uma outra coisa que eu vou comprar. É uma lancha! Lanche! Não é lanche, não é lancha! Lancha! Você vai na boia, Mantinha, na boia, na boia? Sim, eu vou na boia! Olha que legal, gente! A Mantinha tá numa boia e tem uma cordinha que vai puxar a Mantinha. E a gente se torna!",0.9007959961891174,0.085320733487606,0.013883207924664,NEG,0.8640872836112976,0.0008871778845787,0.0322258584201335,0.0009254118194803,0.5574032068252563,0.0016213352791965,0.001947431708686,0.46716887,Lokis,Roblox,LOKIS NO CAMINHÃO DE BOMBEIRO  Roblox [DLe-ohKuuiM],,T,T,T,"🎬 Canal: Lokis | 🎥 Vídeo: LOKIS NO CAMINHÃO DE BOMBEIRO  Roblox [DLe-ohKuuiM]
⏱️ Segmento/Index: 9
🤖 Consenso de IA: T (Detoxify: 0.864 | Perspective: 0.467)
──────────────────────────────────────────────────
Fala transcrita:
""O segundo é perdedor porque o primeiro é ganhado! Perdedor! Trapaceou então! Trapacei, coisa nenhuma, Nath, eu joguei limpo porque eu só jogo limpo. Porque eu não jogo sujo, porque quando é sujo é muito sujo. Eu jogo limpo! Não, você ali pegou o pano pra limpar a sujeira! O meu nome é Loquinho e eu jogo limpinho. Não! Você se chama a Mantinha e você joga sujinha. Não, nada disso! Tudo isso, tudo isso! Não! Agora eu vou mostrar uma outra coisa que eu vou comprar. É uma lancha! Lanche! Não é lanche, não é lancha! Lancha! Você vai na boia, Mantinha, na boia, na boia? Sim, eu vou na boia! Olha que legal, gente! A Mantinha tá numa boia e tem uma cordinha que vai puxar a Mantinha. E a gente se torna!""",Avaliador_A,Avaliador_D
20,Cai dentro Apontar fogo Dança do dia Aplausos Aplausos Onda do braço Loh Onda no braço Ameaçar Bom apetite Soco fogo Apontar fogo Ocizle Jutsu Flexão Bora amor,0.0234808232635259,0.6610737442970276,0.3154454231262207,NEU,0.074884720146656,0.0091686695814132,0.0542975924909114,0.0054403222166001,0.0379818640649318,0.01005120575428,0.0052121980115771,0.059232414,meu nome é david,Roblox,BATALHAS DE EMOTES FREE FIRE  SUPER COMPILADOS [Ib_NDhd4xgA],,NT,NT,NT,"🎬 Canal: meu nome é david | 🎥 Vídeo: BATALHAS DE EMOTES FREE FIRE  SUPER COMPILADOS [Ib_NDhd4xgA]
⏱️ Segmento/Index: 20
🤖 Consenso de IA: NT (Detoxify: 0.075 | Perspective: 0.059)
──────────────────────────────────────────────────
Fala transcrita:
""Cai dentro Apontar fogo Dança do dia Aplausos Aplausos Onda do braço Loh Onda no braço Ameaçar Bom apetite Soco fogo Apontar fogo Ocizle Jutsu Flexão Bora amor""",Avaliador_A,Avaliador_D
12,"Eu tô preso aqui dentro Então, ai você quebra esse bloco, na mão Ah, mas você passou lá antes de quebrar o primeiro bloco? Ah, não, outro também eu quebrei na mão Na sua prisão Ah, mas lá tinha um botão, é que você não achou Ah, eu não achei o botão, eu quebrei na mão Ah, não, Atos E aí, vem cá ver, vem cá ver uma coisa O que, o que tem na tua prisão? Ué, ela bugou, os esqueletos sumiram! É, eu acho que eles não sobreviveram Ah, não, ainda bem que você não conseguiu passar da primeira fase Nossa, Atos, mas você me prendeu lá, não valia isso Eu ganhei, então eu quero nem saber, eu ganhei Ah, e tá bom então, Atos O segundo já foi e tá 1 a 1 Que é 1 a 1, por que você colocou verde aqui? Eu coloquei verde porque a gente fez o verde Não, é o laranja aqui, quer dizer que eu ganhei Ai, tá bom, Atos, tá bom Agora, Atos, escolhe um desses dois injetores Qualquer um Qualquer um dos dois Esse aqui Esse daí, quanto tempo você pegou?",0.1800471395254135,0.7934777736663818,0.0264750868082046,NEU,0.2205771058797836,0.0058149513788521,0.0467991195619106,0.00396833056584,0.0425937324762344,0.0085528986528515,0.0033802457619458,0.30439767,Cadres,Minecraft,Prisão Segura de NOOB Vs PRO no Minecraft [d-t7vowmM58],,GZ,GZ,GZ,"🎬 Canal: Cadres | 🎥 Vídeo: Prisão Segura de NOOB Vs PRO no Minecraft [d-t7vowmM58]
⏱️ Segmento/Index: 12
🤖 Consenso de IA: GZ (Detoxify: 0.221 | Perspective: 0.304)
──────────────────────────────────────────────────
Fala transcrita:
""Eu tô preso aqui dentro Então, ai você quebra esse bloco, na mão Ah, mas você passou lá antes de quebrar o primeiro bloco? Ah, não, outro também eu quebrei na mão Na sua prisão Ah, mas lá tinha um botão, é que você não achou Ah, eu não achei o botão, eu quebrei na mão Ah, não, Atos E aí, vem cá ver, vem cá ver uma coisa O que, o que tem na tua prisão? Ué, ela bugou, os esqueletos sumiram! É, eu acho que eles não sobreviveram Ah, não, ainda bem que você não conseguiu passar da primeira fase Nossa, Atos, mas você me prendeu lá, não valia isso Eu ganhei, então eu quero nem saber, eu ganhei Ah, e tá bom então, Atos O segundo já foi e tá 1 a 1 Que é 1 a 1, por que você colocou verde aqui? Eu coloquei verde porque a gente fez o verde Não, é o laranja aqui, quer dizer que eu ganhei Ai, tá bom, Atos, tá bom Agora, Atos, escolhe um desses dois injetores Qualquer um Qualquer um dos dois Esse aqui Esse daí, quanto tempo você pegou?""",Avaliador_A,Avaliador_D
2,"E claro que tem que farpar, né? Porque todo pro player farpa, porque a gente se garante. Aí eu parei pra dar uma descansada aqui antes de lutear mais. Fui lá visitar o túmulo do cara que eu matei também, né? Vida que segue agora. E agora eu fui fazer outras vítimas. Enquanto eu estava passando por pique eu avistei um cara dentro do celeiro. Então óbvio que eu fui lá estacionar o meu carro no celeiro. Ai, sem querer, bati aqui, peraí. Fui estacionar meu carro lá no celeiro pra matar ele. Eu deixei uma mina aqui caso ele pulasse o celeiro, né? Estratégia é tudo. Fiz um desenho aqui na parede pra mostrar que eu sou rebelde. Eu desenhei tudo pra ele ficar com medo de mim. E quando eu me dei conta o cara não tava aqui, né? Porque eu procurei, procurei e não achei ninguém. Mas quando eu vi tiros no mapa pro OC pro player eu sabia onde o cara estava. Então fui, mirei lá, aí avistei o cara ali mesmo. Estava a minha próxima vítima. Eu fiquei mirando esperando o momento exato para matar a vítima.",0.1110357344150543,0.8100585341453552,0.0789056941866874,NEU,0.4306145012378692,0.0009329105960205,0.0036108940839767,0.0013728798367083,0.0102467546239495,0.3122222423553467,0.0012784888967871,0.34328604,Amy Scarlet,Roblox,MELHOR JOGADOR DE FREE FIRE 2021 [ws6CI2TKXIs],,GZ,GZ,GZ,"🎬 Canal: Amy Scarlet | 🎥 Vídeo: MELHOR JOGADOR DE FREE FIRE 2021 [ws6CI2TKXIs]
⏱️ Segmento/Index: 2
🤖 Consenso de IA: GZ (Detoxify: 0.431 | Perspective: 0.343)
──────────────────────────────────────────────────
Fala transcrita:
""E claro que tem que farpar, né? Porque todo pro player farpa, porque a gente se garante. Aí eu parei pra dar uma descansada aqui antes de lutear mais. Fui lá visitar o túmulo do cara que eu matei também, né? Vida que segue agora. E agora eu fui fazer outras vítimas. Enquanto eu estava passando por pique eu avistei um cara dentro do celeiro. Então óbvio que eu fui lá estacionar o meu carro no celeiro. Ai, sem querer, bati aqui, peraí. Fui estacionar meu carro lá no celeiro pra matar ele. Eu deixei uma mina aqui caso ele pulasse o celeiro, né? Estratégia é tudo. Fiz um desenho aqui na parede pra mostrar que eu sou rebelde. Eu desenhei tudo pra ele ficar com medo de mim. E quando eu me dei conta o cara não tava aqui, né? Porque eu procurei, procurei e não achei ninguém. Mas quando eu vi tiros no mapa pro OC pro player eu sabia onde o cara estava. Então fui, mirei lá, aí avistei o cara ali mesmo. Estava a minha próxima vítima. Eu fiquei mirando esperando o momento exato para matar a vítima.""",Avaliador_A,Avaliador_D
19,"Gente, pessoal, gente, pessoal O que que tá acontecendo comigo? Gente, por que eu não tô conseguindo subir ali? Eu tô ficando um pouquinho chateada Eu tô um pouquinho, mami Por que, filha? Eu não sei que você já vai tapar, Lu Já, pegou, menina Gente, ela tá louca Gente, por que ela tá indo? Será? Sabe onde eu cheguei? Onde? Naquela baú, Lu Meu peito, sabia, sem cuidar Sempre dá certo, mami Olha, o que que eu quero? Eu tô tentando, eu tô tentando Meus pulos super tônicos aqui, mami Não, eu não sei, não sei, super difícil Você sabia que isso ia acontecer de novo? Poxa, pessoal, nossa, eu tô com muita experiência E de um lado, você tá com muita espirulosa Eu queria te falar uma coisa Nós estamos no fácil Já imaginou que a gente estivesse no difícil?",0.8475140929222107,0.1328831166028976,0.0196028538048267,NEG,0.2462867945432663,0.0034375400282442,0.0418260768055915,0.005937113892287,0.0377461276948452,0.0021880255080759,0.0105885369703173,0.26104406,Luluca Games,Roblox,Roblox - ESCAPAMOS DE UM POLICIAL MUITO DOIDÃO Barrys Prison Run  Luluca Games [ZxNdYpShWug],0.8475146293640137,GZ,GZ,GZ,"🎬 Canal: Luluca Games | 🎥 Vídeo: Roblox - ESCAPAMOS DE UM POLICIAL MUITO DOIDÃO Barrys Prison Run  Luluca Games [ZxNdYpShWug]
⏱️ Segmento/Index: 19
🤖 Consenso de IA: GZ (Detoxify: 0.246 | Perspective: 0.261)
──────────────────────────────────────────────────
Fala transcrita:
""Gente, pessoal, gente, pessoal O que que tá acontecendo comigo? Gente, por que eu não tô conseguindo subir ali? Eu tô ficando um pouquinho chateada Eu tô um pouquinho, mami Por que, filha? Eu não sei que você já vai tapar, Lu Já, pegou, menina Gente, ela tá louca Gente, por que ela tá indo? Será? Sabe onde eu cheguei? Onde? Naquela baú, Lu Meu peito, sabia, sem cuidar Sempre dá certo, mami Olha, o que que eu quero? Eu tô tentando, eu tô tentando Meus pulos super tônicos aqui, mami Não, eu não sei, não sei, super difícil Você sabia que isso ia acontecer de novo? Poxa, pessoal, nossa, eu tô com muita experiência E de um lado, você tá com muita espirulosa Eu queria te falar uma coisa Nós estamos no fácil Já imaginou que a gente estivesse no difícil?""",Avaliador_A,Avaliador_D
3,"Aí ela falou, amiga, socorri, ele tá com muita dor Aí eu fui lá olhar nos aparelhos pra ver como é que ele tá Não entendi nada porque eu não sou enfermeira, eu sou um anjo caído Aí eu perguntei, tu tá com dor de quê, Plutão?",0.5683255791664124,0.3507466316223144,0.0809277892112732,NEG,0.0446815006434917,0.0003081502800341,0.0115791847929358,0.0009753104532137,0.0106367180123925,0.0004253305669408,0.0017184583703055,0.022846194,Amy Scarlet,Roblox,Meu Squad não é normal [8TpmyPpcHkk],,NT,NT,NT,"🎬 Canal: Amy Scarlet | 🎥 Vídeo: Meu Squad não é normal [8TpmyPpcHkk]
⏱️ Segmento/Index: 3
🤖 Consenso de IA: NT (Detoxify: 0.045 | Perspective: 0.023)
──────────────────────────────────────────────────
Fala transcrita:
""Aí ela falou, amiga, socorri, ele tá com muita dor Aí eu fui lá olhar nos aparelhos pra ver como é que ele tá Não entendi nada porque eu não sou enfermeira, eu sou um anjo caído Aí eu perguntei, tu tá com dor de quê, Plutão?""",Avaliador_A,Avaliador_D
6,"eu tô escondido em algum lugar, não vou falar onde você está, né, seu doido deixa eu ver, é, você escondeu bem, né? muito bem escondido você vai demorar muito pra me achar perco, eu não tô achando mesmo deixa eu dar B ai, eu tô te vendo, tô te vendo não, não achou, não me achou, ai, ai, ai que droga, que droga ai, tá bom, tá bom, você me achou eu quero fazer um teste, já que nós podemos ficar pequenininho, eu vou subir em cima da mesa de sinuca, na verdade, antes da mesa de sinuca eu vou subir em cima do computador e ficar minúsculo pessoal, eu vou ficar minúsculo, hein 1, 2, 3 e... mano, eu tô em cima do teclado eu vou digitar aqui, olha só eu sou do tamanho de uma tecla tá, como é que a gente faz pra jogar Minecraft assim? eu não sei, eu controlo a câmera e você pisa ali nas setinhas, tá bom?",0.5470881462097168,0.4032622575759887,0.0496495999395847,NEG,0.8244750499725342,0.0109004918485879,0.0648107603192329,0.0064519895240664,0.0549879893660545,0.007025433704257,0.0101513192057609,0.509388,JP Plays,Minecraft,A CADA MINUTO VOCÊ FICA MENOR NO MINECRAFT [RBhL8dQSTw0],,T,T,T,"🎬 Canal: JP Plays | 🎥 Vídeo: A CADA MINUTO VOCÊ FICA MENOR NO MINECRAFT [RBhL8dQSTw0]
⏱️ Segmento/Index: 6
🤖 Consenso de IA: T (Detoxify: 0.824 | Perspective: 0.509)
──────────────────────────────────────────────────
Fala transcrita:
""eu tô escondido em algum lugar, não vou falar onde você está, né, seu doido deixa eu ver, é, você escondeu bem, né? muito bem escondido você vai demorar muito pra me achar perco, eu não tô achando mesmo deixa eu dar B ai, eu tô te vendo, tô te vendo não, não achou, não me achou, ai, ai, ai que droga, que droga ai, tá bom, tá bom, você me achou eu quero fazer um teste, já que nós podemos ficar pequenininho, eu vou subir em cima da mesa de sinuca, na verdade, antes da mesa de sinuca eu vou subir em cima do computador e ficar minúsculo pessoal, eu vou ficar minúsculo, hein 1, 2, 3 e... mano, eu tô em cima do teclado eu vou digitar aqui, olha só eu sou do tamanho de uma tecla tá, como é que a gente faz pra jogar Minecraft assim? eu não sei, eu controlo a câmera e você pisa ali nas setinhas, tá bom?""",Avaliador_A,Avaliador_D
44,"Isso aqui é vermelho Opa, possivelmente, ó, galera Vamos ver que blocos são esses São nether bricks, velho, que podem ser colocadas nos granitos Vamos até ver se isso vai funcionar mesmo Polis granites são esses granitos aqui Opa, é isso aí, Pokão Só vai, só vai Só vai, velho, ó Coloquei tudo isso aqui Meu Deus, apareceu uma shulker box Uma shulker box com uma lã vermelha Que Pokão Eu acho que essa lã, ela pode ser colocada num red glazer terracotta São aqueles blocos diferentes de clay Lá no começo Lá no começo, que você até perguntou que quadro é esse aqui, velho Então aqui, pessoal, possivelmente nós vamos ter que preencher aqueles quadros inteiros com as lãs correspondentes das salas O lado bom é que nós já temos aqui a lã vermelha, o que nos ajuda muito, Pokão E vamos aqui para os próximos itens, ó Aqui é o baú preto Ah, olha aqui, ó, já tem a lã preta dentro dele, Pokão Então, lã vermelha e lã preta Legal, ó, a sala rosa nós vamos precisar de um bloco chamado purple pillar Isso aqui, se eu não me engano, é do The End, velho É um bloco que fica lá no The End Então, para sala rosa Para sala azul nós vamos precisar quebrar um bloco de prismarine",0.064009815454483,0.8662053346633911,0.0697848200798034,NEU,0.0056658587418496,0.0077849882654845,0.0349442288279533,0.0054843253456056,0.0291345342993736,0.0050588818266987,0.0022726582828909,0.054779384,AuthenticGames,Minecraft,FUJA da PRISÃO COLORIDA - O FILME [rPKEGv50EEU],,NT,NT,NT,"🎬 Canal: AuthenticGames | 🎥 Vídeo: FUJA da PRISÃO COLORIDA - O FILME [rPKEGv50EEU]
⏱️ Segmento/Index: 44
🤖 Consenso de IA: NT (Detoxify: 0.006 | Perspective: 0.055)
──────────────────────────────────────────────────
Fala transcrita:
""Isso aqui é vermelho Opa, possivelmente, ó, galera Vamos ver que blocos são esses São nether bricks, velho, que podem ser colocadas nos granitos Vamos até ver se isso vai funcionar mesmo Polis granites são esses granitos aqui Opa, é isso aí, Pokão Só vai, só vai Só vai, velho, ó Coloquei tudo isso aqui Meu Deus, apareceu uma shulker box Uma shulker box com uma lã vermelha Que Pokão Eu acho que essa lã, ela pode ser colocada num red glazer terracotta São aqueles blocos diferentes de clay Lá no começo Lá no começo, que você até perguntou que quadro é esse aqui, velho Então aqui, pessoal, possivelmente nós vamos ter que preencher aqueles quadros inteiros com as lãs correspondentes das salas O lado bom é que nós já temos aqui a lã vermelha, o que nos ajuda muito, Pokão E vamos aqui para os próximos itens, ó Aqui é o baú preto Ah, olha aqui, ó, já tem a lã preta dentro dele, Pokão Então, lã vermelha e lã preta Legal, ó, a sala rosa nós vamos precisar de um bloco chamado purple pillar Isso aqui, se eu não me engano, é do The End, velho É um bloco que fica lá no The End Então, para sala rosa Para sala azul nós vamos precisar quebrar um bloco de prismarine""",Avaliador_A,Avaliador_D
8,"Aqui, ó. Vamos ver se o cachorro do FUNK vai pra cima aqui, ó. Ó, pulou, pulou, Pokão. Briga de cachorro e cavalo, mano. Briga de cachorro e calango, mano. Aonde que tá? Ah, tá lá em cima, tá lá em cima. Pessoal, esses bichos tão dropando coro. Será que dá pra fazer armadura com isso? Com certeza. Eu acho que dá, hein. Ó, ó, tem outro, tem outro! Você que bateu... Ah, não, não. Vocês têm esse coro aqui, Iagão? Deixa eu ver. Tem azuzinho? Tem, tem, ó. Segura. Eu vou tentar, Pokão, eu vou tentar fazer aqui, ó. Tem coro disso aqui? Eu vou tentar fazer uma... Não, não tem coro, não. Eu vou tentar fazer uma... Uma calça. Vamos ver se tem como. Tem como? Cuidado, cuidado, pessoal! Ó, fume... Tô me lembrando de The Grounded aqui, né, cara? Tem... Já tô vendo um bichão aqui, ó, véi. Cuidado, cuidado, Pok. Eu tenho um bicho aqui e nós não tem medo de matar ele. Ai, matei. Opa! Pokão, tropou a perna dele, véi! Sai, eu quero perna, não! Come, Pok. Sai fora!",0.2079261392354965,0.7555052042007446,0.0365686155855655,NEU,0.5363724827766418,0.0034681037068367,0.0343208909034729,0.0017291904659941,0.0452779456973075,0.0929900184273719,0.0112272910773754,0.37751234,AuthenticGames,Minecraft,SOBREVIVENDO A PRIMEIRA NOITE NA DIMENSÃO MALUCA  - Minecraft PE com Mobs 1 [jRsOLYTlcU4],0.2079259604215622,GZ,GZ,GZ,"🎬 Canal: AuthenticGames | 🎥 Vídeo: SOBREVIVENDO A PRIMEIRA NOITE NA DIMENSÃO MALUCA  - Minecraft PE com Mobs 1 [jRsOLYTlcU4]
⏱️ Segmento/Index: 8
🤖 Consenso de IA: GZ (Detoxify: 0.536 | Perspective: 0.378)
──────────────────────────────────────────────────
Fala transcrita:
""Aqui, ó. Vamos ver se o cachorro do FUNK vai pra cima aqui, ó. Ó, pulou, pulou, Pokão. Briga de cachorro e cavalo, mano. Briga de cachorro e calango, mano. Aonde que tá? Ah, tá lá em cima, tá lá em cima. Pessoal, esses bichos tão dropando coro. Será que dá pra fazer armadura com isso? Com certeza. Eu acho que dá, hein. Ó, ó, tem outro, tem outro! Você que bateu... Ah, não, não. Vocês têm esse coro aqui, Iagão? Deixa eu ver. Tem azuzinho? Tem, tem, ó. Segura. Eu vou tentar, Pokão, eu vou tentar fazer aqui, ó. Tem coro disso aqui? Eu vou tentar fazer uma... Não, não tem coro, não. Eu vou tentar fazer uma... Uma calça. Vamos ver se tem como. Tem como? Cuidado, cuidado, pessoal! Ó, fume... Tô me lembrando de The Grounded aqui, né, cara? Tem... Já tô vendo um bichão aqui, ó, véi. Cuidado, cuidado, Pok. Eu tenho um bicho aqui e nós não tem medo de matar ele. Ai, matei. Opa! Pokão, tropou a perna dele, véi! Sai, eu quero perna, não! Come, Pok. Sai fora!""",Avaliador_A,Avaliador_D
13,"ah, mas esse aqui é outro percurso achei que fosse o mesmo ele está diminuindo o tempo cada vez mais, ele ou ela né na verdade era ela eu acho para cá, não vai me enganar não não vai me enganar não tomei um dano ali, tomei né, mas estou vivo ainda eu acho que vai ter mais uma fase, eu acho que vai ok, fechou a porta ó estava uma numeração gigante acho que bugou o cérebro dela deu erro eu não anotei aqueles números não era nenhuma senha para eu anotar não era muito grande a Chloe ela está aqui, eu estou sozinho né além delas né, nossa nós quase não conseguimos sair de lá vivos eu né, a gente poderia ter morrido lá eu também acho ah isso é muito mal eu ainda não consegui consertar o blusão também você está só enrolando Chloe eu sei, vocês duas é realmente uma vergonha Chloe eu acho que",0.4009791314601898,0.4930154085159302,0.1060054972767829,NEU,0.3369147181510925,0.0012525097699835,0.0395062454044818,0.002854147227481,0.1050775572657585,0.0018968677613884,0.000833605939988,0.28857216,Tex HS,Roblox,UMA HISTÓRIA MISTERIOSA NO ROBLOX... Roblox Deserted Story [wrye67V601E],,GZ,GZ,GZ,"🎬 Canal: Tex HS | 🎥 Vídeo: UMA HISTÓRIA MISTERIOSA NO ROBLOX... Roblox Deserted Story [wrye67V601E]
⏱️ Segmento/Index: 13
🤖 Consenso de IA: GZ (Detoxify: 0.337 | Perspective: 0.289)
──────────────────────────────────────────────────
Fala transcrita:
""ah, mas esse aqui é outro percurso achei que fosse o mesmo ele está diminuindo o tempo cada vez mais, ele ou ela né na verdade era ela eu acho para cá, não vai me enganar não não vai me enganar não tomei um dano ali, tomei né, mas estou vivo ainda eu acho que vai ter mais uma fase, eu acho que vai ok, fechou a porta ó estava uma numeração gigante acho que bugou o cérebro dela deu erro eu não anotei aqueles números não era nenhuma senha para eu anotar não era muito grande a Chloe ela está aqui, eu estou sozinho né além delas né, nossa nós quase não conseguimos sair de lá vivos eu né, a gente poderia ter morrido lá eu também acho ah isso é muito mal eu ainda não consegui consertar o blusão também você está só enrolando Chloe eu sei, vocês duas é realmente uma vergonha Chloe eu acho que""",Avaliador_A,Avaliador_D
9,A gente pode completar com esse telhadinho aqui. Eu acho que vai ficar maneiro hein. Até mesmo fechar aqui a própria garagem. Com esse telhadinho eu acho que vai ficar bom mano. Tá ficando um resultado legal aqui. Vamos ver. A garagem aqui. E olha mano. Eu acho que vou fazer a casa toda com essa estrutura aqui. Com esse telhadinho. Só que agora aqui atrás eu acho que vou fechar igual eu fiz aqui na frente. Sabe? Com essa parte da janelinha aqui. Pra ficar bem proporcional. Bem parecido né. Mas eu vou fechar aqui normal e depois eu vou trocando. Eu vou trocando com vocês galera. Pra vocês verem eu trocando essa partezinha aqui. Pra ver o que vocês acham. A parte de trás agora eu tenho que fazer uma saidinha. Só que eu acho que não vou fazer junto da... Da mesma parte da porta. Porque isso vai ficar meio esquisito. Eu acho que vou fazer tipo aqui sim no cantinho sabe. Eu não vou nem colocar a porta. Eu vou deixar talvez um pedaço vazio aqui assim pra passar. E aqui eu vou fazer a parte da...,0.056156862527132,0.3637846708297729,0.5800584554672241,POS,0.0034972745925188,0.0020506088621914,0.0247536282986402,0.0014006715500727,0.0109574785456061,0.0021323813125491,0.0009230447467416,0.123468354,Kass e KR,Minecraft,Batalha de Construção de Casa MODERNA Vs. Casa ANTIGA [lkHrYTcaNDE],,NT,NT,NT,"🎬 Canal: Kass e KR | 🎥 Vídeo: Batalha de Construção de Casa MODERNA Vs. Casa ANTIGA [lkHrYTcaNDE]
⏱️ Segmento/Index: 9
🤖 Consenso de IA: NT (Detoxify: 0.003 | Perspective: 0.123)
──────────────────────────────────────────────────
Fala transcrita:
""A gente pode completar com esse telhadinho aqui. Eu acho que vai ficar maneiro hein. Até mesmo fechar aqui a própria garagem. Com esse telhadinho eu acho que vai ficar bom mano. Tá ficando um resultado legal aqui. Vamos ver. A garagem aqui. E olha mano. Eu acho que vou fazer a casa toda com essa estrutura aqui. Com esse telhadinho. Só que agora aqui atrás eu acho que vou fechar igual eu fiz aqui na frente. Sabe? Com essa parte da janelinha aqui. Pra ficar bem proporcional. Bem parecido né. Mas eu vou fechar aqui normal e depois eu vou trocando. Eu vou trocando com vocês galera. Pra vocês verem eu trocando essa partezinha aqui. Pra ver o que vocês acham. A parte de trás agora eu tenho que fazer uma saidinha. Só que eu acho que não vou fazer junto da... Da mesma parte da porta. Porque isso vai ficar meio esquisito. Eu acho que vou fazer tipo aqui sim no cantinho sabe. Eu não vou nem colocar a porta. Eu vou deixar talvez um pedaço vazio aqui assim pra passar. E aqui eu vou fazer a parte da...""",Avaliador_A,Avaliador_D
6,"Minha cama tá pela metade, meu Deus do céu, o que tá acontecendo mano? Meu Deus, isso buga minha visão, deixa eu sair de dentro dessa casa que é uma imagem muito esquisita isso aqui. Mas é um geleia, Kai, parabéns pela criatividade, viu velho? Gostou mano, eu fiz uma casinha de chapeu, mas mano, por que que me caçam de cabeça pra baixo velho? Eu gostei da parte que a casa tá de cabeça pra baixo e você também. Caraca, que negócio bizarro mano, vem Kai, encosta aqui. Meu Deus do céu, eu nunca vi uma coisa dessa velho. Eu também não. Eu tô andando aqui no teto, eu tô pulando no teto, como assim cara? É, da próxima vez tenta fazer uma casa no chão, tá bom? Ah tá, mas eu tinha feito uma casa no chão. Agora eu vou pra lá. E o próximo desafio é fazer uma pixel art de youtuber que você goste. Tá beleza então mano, tá beleza. É, tem como você ficar de cabeça pra cima aí velho? Mas como é que faz isso mano, eu não sei. Eu acho que é só tu entrar aqui no lobby de novo que tu fica de cabeça pra cima mano. Deixa eu entrar no lobby de novo aqui então, calma aí.",0.7577462792396545,0.0792158171534538,0.1630379557609558,NEG,0.2326250523328781,0.0029379574116319,0.0457172840833663,0.0026632384397089,0.0432735532522201,0.003095214953646,0.0076991361565887,0.2359567,Kass e KR,Minecraft,Trolei meu AMIGO girando a CASA dele na Batalha de Construção [OI7R1WqxRFw],,GZ,GZ,GZ,"🎬 Canal: Kass e KR | 🎥 Vídeo: Trolei meu AMIGO girando a CASA dele na Batalha de Construção [OI7R1WqxRFw]
⏱️ Segmento/Index: 6
🤖 Consenso de IA: GZ (Detoxify: 0.233 | Perspective: 0.236)
──────────────────────────────────────────────────
Fala transcrita:
""Minha cama tá pela metade, meu Deus do céu, o que tá acontecendo mano? Meu Deus, isso buga minha visão, deixa eu sair de dentro dessa casa que é uma imagem muito esquisita isso aqui. Mas é um geleia, Kai, parabéns pela criatividade, viu velho? Gostou mano, eu fiz uma casinha de chapeu, mas mano, por que que me caçam de cabeça pra baixo velho? Eu gostei da parte que a casa tá de cabeça pra baixo e você também. Caraca, que negócio bizarro mano, vem Kai, encosta aqui. Meu Deus do céu, eu nunca vi uma coisa dessa velho. Eu também não. Eu tô andando aqui no teto, eu tô pulando no teto, como assim cara? É, da próxima vez tenta fazer uma casa no chão, tá bom? Ah tá, mas eu tinha feito uma casa no chão. Agora eu vou pra lá. E o próximo desafio é fazer uma pixel art de youtuber que você goste. Tá beleza então mano, tá beleza. É, tem como você ficar de cabeça pra cima aí velho? Mas como é que faz isso mano, eu não sei. Eu acho que é só tu entrar aqui no lobby de novo que tu fica de cabeça pra cima mano. Deixa eu entrar no lobby de novo aqui então, calma aí.""",Avaliador_A,Avaliador_D
2,"AAAAAAAAHHHHHHHH! Eu estou lá! Eu estou de frente! Eu estou tipo... Tem 4 anos de avião, Luka! Eu estou muito pouco! Eu estou na final! Eu estou pegando! Eu estou pegando! Luba, você não está pegando, você está... AAAAAAAAHHHH! E agora, o que vai acontecer? Ah, tipo... Tipo, quase tudo, Luba! Só o seu de cabelo! Nossa, direita, direita! Eu estou com a cara muito ruim, meu Deus! AAAAAAAAHHHH! Gente, tem muita miglinha, né, Luka? AAAAAAAAHHHH! Eu estou com a cara muito ruim, meu Deus! Tem bastante miglinha, né, Luka? E ainda que não é para partida! Tem! Então, ó gente, temos aqui... Estamos em 4.600... Não! É, 4.600... A recompensa! A recompensa... 11... 11... Não é aquele dinheirinho? 11 é... É o dinheiro no coreano, não é? Sei não, Luka, você está muito curta! O que é isso? Puta! Luba, Luba, Luba, Luba! Calma, gente! Agora eu vou conseguir! Vai, Luba, vai, vai, vai, vai, vai! Vai, Luba, você está caindo, vai, vai, vai! Vai, vai, vai, vai, vai! Nossa, gente, como eu não vou... Vai, Luba, vai!",0.1316517889499664,0.7486010789871216,0.1197470873594284,NEU,0.3339897394180298,0.0023473193868994,0.0619962774217128,0.0021167343948036,0.02524920925498,0.0023213240783661,0.0079302927479147,0.3722269,Luluca Games,Roblox,Roblox - CHEGUEI NO FINAL DO JOGO BATATINHA FRITA 1 2 3 ROUND 6 Hexa Game Luluca Games [qBAcvs_2xSw],0.1316514611244201,GZ,GZ,GZ,"🎬 Canal: Luluca Games | 🎥 Vídeo: Roblox - CHEGUEI NO FINAL DO JOGO BATATINHA FRITA 1 2 3 ROUND 6 Hexa Game Luluca Games [qBAcvs_2xSw]
⏱️ Segmento/Index: 2
🤖 Consenso de IA: GZ (Detoxify: 0.334 | Perspective: 0.372)
──────────────────────────────────────────────────
Fala transcrita:
""AAAAAAAAHHHHHHHH! Eu estou lá! Eu estou de frente! Eu estou tipo... Tem 4 anos de avião, Luka! Eu estou muito pouco! Eu estou na final! Eu estou pegando! Eu estou pegando! Luba, você não está pegando, você está... AAAAAAAAHHHH! E agora, o que vai acontecer? Ah, tipo... Tipo, quase tudo, Luba! Só o seu de cabelo! Nossa, direita, direita! Eu estou com a cara muito ruim, meu Deus! AAAAAAAAHHHH! Gente, tem muita miglinha, né, Luka? AAAAAAAAHHHH! Eu estou com a cara muito ruim, meu Deus! Tem bastante miglinha, né, Luka? E ainda que não é para partida! Tem! Então, ó gente, temos aqui... Estamos em 4.600... Não! É, 4.600... A recompensa! A recompensa... 11... 11... Não é aquele dinheirinho? 11 é... É o dinheiro no coreano, não é? Sei não, Luka, você está muito curta! O que é isso? Puta! Luba, Luba, Luba, Luba! Calma, gente! Agora eu vou conseguir! Vai, Luba, vai, vai, vai, vai, vai! Vai, Luba, você está caindo, vai, vai, vai! Vai, vai, vai, vai, vai! Nossa, gente, como eu não vou... Vai, Luba, vai!""",Avaliador_A,Avaliador_D
6,"Eu tô achando que esse aqui não vai estar o nome dele não hein. Começa da página inicial ó, Ruben Daniel, Cindy, Carim, como que é o nome dele mesmo? O nome do Scott né? Ô, ô, o senhor Scott seu nome não tá na lista. Que isso meu amigo? Ele me xingou galera. Que cara boca suja. Vai embora, tomara que a polícia venha, que aquele outro cara chamou, aí eu aviso sobre o que você tá fazendo, beleza? Vai pela sombra. Ah, o elevador tá abrindo de novo mano. Eles precisam consertar esse elevador logo. Não dá para mexer mais ó. O relógio começa a fazer um barulhinho de repente. É... Ai meu Deus. Que isso cara? Deixa sair por favor, meu Deus do céu. Meu Deus, cara, o que aconteceu nesse elevador? Agora lascou gente.",0.6298131942749023,0.3307576775550842,0.0394291877746582,NEG,0.4062157273292541,0.00401725852862,0.0509293377399444,0.005363751668483,0.0474753901362419,0.0022463279310613,0.0066936053335666,0.39231625,Tex HS,Roblox,ESSE ELEVADOR NÃO É O QUE PARECE The Elevator [XF1pfG2viPI],,GZ,GZ,GZ,"🎬 Canal: Tex HS | 🎥 Vídeo: ESSE ELEVADOR NÃO É O QUE PARECE The Elevator [XF1pfG2viPI]
⏱️ Segmento/Index: 6
🤖 Consenso de IA: GZ (Detoxify: 0.406 | Perspective: 0.392)
──────────────────────────────────────────────────
Fala transcrita:
""Eu tô achando que esse aqui não vai estar o nome dele não hein. Começa da página inicial ó, Ruben Daniel, Cindy, Carim, como que é o nome dele mesmo? O nome do Scott né? Ô, ô, o senhor Scott seu nome não tá na lista. Que isso meu amigo? Ele me xingou galera. Que cara boca suja. Vai embora, tomara que a polícia venha, que aquele outro cara chamou, aí eu aviso sobre o que você tá fazendo, beleza? Vai pela sombra. Ah, o elevador tá abrindo de novo mano. Eles precisam consertar esse elevador logo. Não dá para mexer mais ó. O relógio começa a fazer um barulhinho de repente. É... Ai meu Deus. Que isso cara? Deixa sair por favor, meu Deus do céu. Meu Deus, cara, o que aconteceu nesse elevador? Agora lascou gente.""",Avaliador_A,Avaliador_D
5,"Não, não vai não Eu não quero tomar a ajeição daquele médico Eu quero de um médico que não seja biruta Log, estázio, estou loucinho Ajuda ele Tadinho desse pozinho, gente Olha o que que está fazendo com ele Ah Ele está pegando uma coisinha de fazer De fazer Coisinha Pedacinhos Vamos embora Ai, ai, ai Dá no pé Vamos dar no pé E olha o que tem aqui É um buraco na parede O que será que fez um buraco tão grande assim na parede? Será que foi o médico? Vamos pular no buraco Ai, caí O que é isso? Gente, o Caim me ajuda a levantar Me ajuda Ai, levanta aí Vou ajudar, Sofia Levanta aí Puxa Puxei Ai, ai, ai, ai, ai Eu acho agora que tem umas coisas aqui no chão que são coisas radioativas São vistanhas São essas coisinhas verdes E nós temos que dar um, dois, três e Pá, pá, pá, pá, pá, pá Escapei Ei Gente, olha Por que ele está caído? Eu acho que o médico caiu no chão Ai Inventou? Onde ele caiu esse botelho, Nath?",0.7281421422958374,0.1740432381629943,0.09781464189291,NEG,0.2364668548107147,0.0064549064263701,0.0456425324082374,0.0050739697180688,0.0401309505105018,0.0048628603108227,0.0057298662140965,0.30319387,Lokis,Roblox,CORRE DO MÉDICO FURIOSO  Roblox [QZEhbErMHDI],,GZ,GZ,GZ,"🎬 Canal: Lokis | 🎥 Vídeo: CORRE DO MÉDICO FURIOSO  Roblox [QZEhbErMHDI]
⏱️ Segmento/Index: 5
🤖 Consenso de IA: GZ (Detoxify: 0.236 | Perspective: 0.303)
──────────────────────────────────────────────────
Fala transcrita:
""Não, não vai não Eu não quero tomar a ajeição daquele médico Eu quero de um médico que não seja biruta Log, estázio, estou loucinho Ajuda ele Tadinho desse pozinho, gente Olha o que que está fazendo com ele Ah Ele está pegando uma coisinha de fazer De fazer Coisinha Pedacinhos Vamos embora Ai, ai, ai Dá no pé Vamos dar no pé E olha o que tem aqui É um buraco na parede O que será que fez um buraco tão grande assim na parede? Será que foi o médico? Vamos pular no buraco Ai, caí O que é isso? Gente, o Caim me ajuda a levantar Me ajuda Ai, levanta aí Vou ajudar, Sofia Levanta aí Puxa Puxei Ai, ai, ai, ai, ai Eu acho agora que tem umas coisas aqui no chão que são coisas radioativas São vistanhas São essas coisinhas verdes E nós temos que dar um, dois, três e Pá, pá, pá, pá, pá, pá Escapei Ei Gente, olha Por que ele está caído? Eu acho que o médico caiu no chão Ai Inventou? Onde ele caiu esse botelho, Nath?""",Avaliador_A,Avaliador_D
61,"Vamos quebrar aqui pra ver. Caramba, essa picareta ela quebrou um tinta inteiro. Que que é isso galera, que da hora. Bom, assim vai ser fácil de conseguir minério, mas caramba é muito lixo que fica aqui no inventário. Olha isso, deixa eu jogar umas coisas fora daqui. Pronto, dessa forma só vem ferro e carvão no meu inventário. Poxa, o que eu queria achar era esmeralda, mas acho que não vou achar não. Vai ser difícil encontrar esmeralda nesse monte de lixo aqui. Bom, parece que eu acho que eu encontrei um pouquinho de diamante. Ai meu Deus do céu, tá caindo lava. Ai, quase que deu ruim. Que perigo galera, que perigo. Enquanto isso vamos continuar minerando, não tô pensando se consegue mais alguma coisa. E eu consegui mais diamante nesse bolo aqui. Ih, mais diamante, perfeito. A gente já conseguiu 15. Nossa, muito bom. Eu acho que não vai valer pra nem ficar carvando isso aqui tudo não galera. Acho que eu vou trocar só os ferros que eu já tenho. Vou começar a montar minha casa que eu não quero perder tempo não. Caramba galera, olha que bloco doido que eu achei que ia. Eu acho que esse aqui vai pegar um pouquinho pra mim. Ele é bonitão. Vou levar e vai ficar bem legal que eles fazem a nossa casinha hein. Eu não sei se ele vai ficar com essas cores aqui que a gente construiu. Deixa eu ver. É, ele perde a cor. Mas não tem problema, acho que ele vai ficar bonito.",0.9740144610404968,0.0175974313169717,0.0083881374448537,NEG,0.5255793333053589,0.0044753449037671,0.0836825743317604,0.002509837038815,0.0451257787644863,0.0040222853422164,0.0045802732929587,0.3827457,Kass e KR,Minecraft,100 CONTRUÇÕES de NOOB vs. PRO vs. HACKER em 24 horas no Minecraft [wZa0YUasGy4],,GZ,GZ,GZ,"🎬 Canal: Kass e KR | 🎥 Vídeo: 100 CONTRUÇÕES de NOOB vs. PRO vs. HACKER em 24 horas no Minecraft [wZa0YUasGy4]
⏱️ Segmento/Index: 61
🤖 Consenso de IA: GZ (Detoxify: 0.526 | Perspective: 0.383)
──────────────────────────────────────────────────
Fala transcrita:
""Vamos quebrar aqui pra ver. Caramba, essa picareta ela quebrou um tinta inteiro. Que que é isso galera, que da hora. Bom, assim vai ser fácil de conseguir minério, mas caramba é muito lixo que fica aqui no inventário. Olha isso, deixa eu jogar umas coisas fora daqui. Pronto, dessa forma só vem ferro e carvão no meu inventário. Poxa, o que eu queria achar era esmeralda, mas acho que não vou achar não. Vai ser difícil encontrar esmeralda nesse monte de lixo aqui. Bom, parece que eu acho que eu encontrei um pouquinho de diamante. Ai meu Deus do céu, tá caindo lava. Ai, quase que deu ruim. Que perigo galera, que perigo. Enquanto isso vamos continuar minerando, não tô pensando se consegue mais alguma coisa. E eu consegui mais diamante nesse bolo aqui. Ih, mais diamante, perfeito. A gente já conseguiu 15. Nossa, muito bom. Eu acho que não vai valer pra nem ficar carvando isso aqui tudo não galera. Acho que eu vou trocar só os ferros que eu já tenho. Vou começar a montar minha casa que eu não quero perder tempo não. Caramba galera, olha que bloco doido que eu achei que ia. Eu acho que esse aqui vai pegar um pouquinho pra mim. Ele é bonitão. Vou levar e vai ficar bem legal que eles fazem a nossa casinha hein. Eu não sei se ele vai ficar com essas cores aqui que a gente construiu. Deixa eu ver. É, ele perde a cor. Mas não tem problema, acho que ele vai ficar bonito.""",Avaliador_A,Avaliador_D
10,"Isso, boa E daí, ligar algo Aquela outra porta Ai, achei que era essa Ai, vai ter outra louca também Coendo atrás de mim, certeza, gente De certeza Já pega uns bombons aí Não vou nem pegar o bombom, porque o bombom é importante Ai, gente, não quero nem ver o grito Ai, meu Deus Vamos lá Ah, não Pinky, querida Será que tem que ir ali? Calma, calma Vamos pensar antes de fazer algo Arrasta as coisas aí, por se der Não tem nada Vai ter que ir lá Pinky A chave ali em cima da mesa Dá pra você...",0.2515693008899688,0.6451629996299744,0.1032677516341209,NEU,0.1813123226165771,0.0048625096678733,0.0513683818280696,0.0041867741383612,0.037348061800003,0.0072760158218443,0.0045492807403206,0.17458448,Julia MineGirl,Roblox,NÃO VÁ A FESTA DA PINKIE PIE Pinkie Pie Cupcake Party [fPUk1I_I8VY],,NT,NT,NT,"🎬 Canal: Julia MineGirl | 🎥 Vídeo: NÃO VÁ A FESTA DA PINKIE PIE Pinkie Pie Cupcake Party [fPUk1I_I8VY]
⏱️ Segmento/Index: 10
🤖 Consenso de IA: NT (Detoxify: 0.181 | Perspective: 0.175)
──────────────────────────────────────────────────
Fala transcrita:
""Isso, boa E daí, ligar algo Aquela outra porta Ai, achei que era essa Ai, vai ter outra louca também Coendo atrás de mim, certeza, gente De certeza Já pega uns bombons aí Não vou nem pegar o bombom, porque o bombom é importante Ai, gente, não quero nem ver o grito Ai, meu Deus Vamos lá Ah, não Pinky, querida Será que tem que ir ali? Calma, calma Vamos pensar antes de fazer algo Arrasta as coisas aí, por se der Não tem nada Vai ter que ir lá Pinky A chave ali em cima da mesa Dá pra você...""",Avaliador_A,Avaliador_D
3,"Gente, que doideira! Caiu aqui num buraco! Eu tô aqui com a Sun! Vamos lá, Sun! Então, é o Sol, né, Mami? É, meu Luca! O Sol pediu a Lua em casamento e a Lua disse não sei, não sei, não sei, me dá um tempo... É assim, não é? Não sei, Luca! Como você consegue cantar, Mami? Como é? Cantar me deixa feliz! Quem canta seus males espanta! Exatamente! Eu quero espantar os males, entendeu? Que é ela, entendeu, Mami? Quem canta os males espanta, né? Que lugar feio, Luca! Ai, gente, realmente, realmente! Não canta muito, não, porque você pode atrair a atenção da tabela! Porque eu sou que nem sereias, Mami! Sereias! Que quando você canta, como é que é? Quando a sereia canta, atrai, Mami!",0.1311766952276229,0.6635858416557312,0.2052374631166458,NEU,0.4264038801193237,0.0012231621658429,0.066698782145977,0.0027543434407562,0.1064895763993263,0.0015487766359001,0.0024824384599924,0.30854854,Luluca Games,Roblox,Roblox - ESCAPAMOS DA COZINHEIRA MALUCA Escape Creepy Little Kitchen  Luluca Games [GRV3DgBJuOE],0.131176546216011,GZ,GZ,GZ,"🎬 Canal: Luluca Games | 🎥 Vídeo: Roblox - ESCAPAMOS DA COZINHEIRA MALUCA Escape Creepy Little Kitchen  Luluca Games [GRV3DgBJuOE]
⏱️ Segmento/Index: 3
🤖 Consenso de IA: GZ (Detoxify: 0.426 | Perspective: 0.309)
──────────────────────────────────────────────────
Fala transcrita:
""Gente, que doideira! Caiu aqui num buraco! Eu tô aqui com a Sun! Vamos lá, Sun! Então, é o Sol, né, Mami? É, meu Luca! O Sol pediu a Lua em casamento e a Lua disse não sei, não sei, não sei, me dá um tempo... É assim, não é? Não sei, Luca! Como você consegue cantar, Mami? Como é? Cantar me deixa feliz! Quem canta seus males espanta! Exatamente! Eu quero espantar os males, entendeu? Que é ela, entendeu, Mami? Quem canta os males espanta, né? Que lugar feio, Luca! Ai, gente, realmente, realmente! Não canta muito, não, porque você pode atrair a atenção da tabela! Porque eu sou que nem sereias, Mami! Sereias! Que quando você canta, como é que é? Quando a sereia canta, atrai, Mami!""",Avaliador_A,Avaliador_D
3,"Eu tô tentando clicar aqui pra abrir o inventário Mas eu não consigo O poder da figurinha é só me deixar voar mesmo Mas pelo menos isso é bom, eu consigo chegar muito longe e muito rápido Mas a próxima que eu quero é a figurinha do Creeper Ai, eu tô caindo Eu tirei a figurinha da minha mão Mas tá, pra conseguir a figurinha do Creeper Eu preciso vir aqui no estádio e fazer o time do Creeper vencer E olha, eu cheguei bem na hora Os times já estão entrando em campo E pelo visto vai ser a Alemanha contra o Brasil Deixa eu entrar ali dentro do campo então Ei, não entra aí não Quem falou isso? Por que eu não vou entrar? Eu tenho que fazer esse time vencer Não, os Creepers são bons, eles vão vencer sozinhos Ai, tá bom, vamos ver Tomara que eles vençam mesmo Porque eu preciso que eles vençam esse jogo Pra eu conseguir a figurinha do Creeper Olha, o jogo já começou E o Creeper que saiu com a bola Será que ele vai conseguir fazer o gol? Ah não, agora o time inteiro foi pra cima Olha, o Creeper conseguiu Tá um dibre no time da Alemanha, agora ele vai fazer o gol Realmente, ele é muito bom Falta só mais um pouquinho, Creeper, vai lá Vai lá, Creeper, você já tá muito perto O que você fez, Creeper?",0.1455502063035965,0.5081981420516968,0.3462516367435455,NEU,0.0031441852916032,0.0043109408579766,0.0365177579224109,0.0040937522426247,0.0291165802627801,0.0023967011366039,0.0009819396072998,0.11316007,Cadres,Minecraft,Consegui as Figurinhas da Copa dos MOBS do Minecraft [DljjoezUf5g],,NT,NT,NT,"🎬 Canal: Cadres | 🎥 Vídeo: Consegui as Figurinhas da Copa dos MOBS do Minecraft [DljjoezUf5g]
⏱️ Segmento/Index: 3
🤖 Consenso de IA: NT (Detoxify: 0.003 | Perspective: 0.113)
──────────────────────────────────────────────────
Fala transcrita:
""Eu tô tentando clicar aqui pra abrir o inventário Mas eu não consigo O poder da figurinha é só me deixar voar mesmo Mas pelo menos isso é bom, eu consigo chegar muito longe e muito rápido Mas a próxima que eu quero é a figurinha do Creeper Ai, eu tô caindo Eu tirei a figurinha da minha mão Mas tá, pra conseguir a figurinha do Creeper Eu preciso vir aqui no estádio e fazer o time do Creeper vencer E olha, eu cheguei bem na hora Os times já estão entrando em campo E pelo visto vai ser a Alemanha contra o Brasil Deixa eu entrar ali dentro do campo então Ei, não entra aí não Quem falou isso? Por que eu não vou entrar? Eu tenho que fazer esse time vencer Não, os Creepers são bons, eles vão vencer sozinhos Ai, tá bom, vamos ver Tomara que eles vençam mesmo Porque eu preciso que eles vençam esse jogo Pra eu conseguir a figurinha do Creeper Olha, o jogo já começou E o Creeper que saiu com a bola Será que ele vai conseguir fazer o gol? Ah não, agora o time inteiro foi pra cima Olha, o Creeper conseguiu Tá um dibre no time da Alemanha, agora ele vai fazer o gol Realmente, ele é muito bom Falta só mais um pouquinho, Creeper, vai lá Vai lá, Creeper, você já tá muito perto O que você fez, Creeper?""",Avaliador_A,Avaliador_D
8,"Porque esses palhaços aqui, eles tomam muita vida, ó. Conseguimos. Agora, não sei se tem como acertar ela, né? Olha, tem umas rochas ali que estão levando para um túnel. Vamos parar lá, pode ser. Uma boa ideia. Por aqui, pessoal. Ninguém caia, beleza? Espero que vocês consigam fazer esse parkour aqui, ó. Tá faltando alguém ou não? Tá faltando alguém, hein? Qual lado vocês querem ir? Tem que escolher um lado. Existem dois caminhos. Galera, nós começamos em seis, agora só tem três, ó. Temos que escolher um. Qual caminho será que a gente escolhe? E agora? Vamos nesse aqui, ó. Vamos pela direita. Ela desceu comigo, beleza. Dá para pular o obje se quiser, ou senão a gente pode fazer. Nossa, cara, que que é isso, mano? Não, isso aqui, detalhe, né, pessoal? É tudo debaixo da casa daquele casal que adotou a criançada. Eu acho que eles estão por trás de tudo isso, ó. Não temos nenhuma escolha, se não, a gente vai começar a lava. Só vem, pessoal. Siga-me, siga os meus bons. Só vem.",0.389601856470108,0.5629887580871582,0.0474093817174434,NEU,0.6608089208602905,0.0002288847899762,0.0106488075107336,0.0006502628675661,0.5999075174331665,0.0010813149856403,0.0006652174633927,0.3827457,Tex HS,Roblox,A história do dia que fui adotado no Roblox [0RD11uBA-fM],,GZ,GZ,GZ,"🎬 Canal: Tex HS | 🎥 Vídeo: A história do dia que fui adotado no Roblox [0RD11uBA-fM]
⏱️ Segmento/Index: 8
🤖 Consenso de IA: GZ (Detoxify: 0.661 | Perspective: 0.383)
──────────────────────────────────────────────────
Fala transcrita:
""Porque esses palhaços aqui, eles tomam muita vida, ó. Conseguimos. Agora, não sei se tem como acertar ela, né? Olha, tem umas rochas ali que estão levando para um túnel. Vamos parar lá, pode ser. Uma boa ideia. Por aqui, pessoal. Ninguém caia, beleza? Espero que vocês consigam fazer esse parkour aqui, ó. Tá faltando alguém ou não? Tá faltando alguém, hein? Qual lado vocês querem ir? Tem que escolher um lado. Existem dois caminhos. Galera, nós começamos em seis, agora só tem três, ó. Temos que escolher um. Qual caminho será que a gente escolhe? E agora? Vamos nesse aqui, ó. Vamos pela direita. Ela desceu comigo, beleza. Dá para pular o obje se quiser, ou senão a gente pode fazer. Nossa, cara, que que é isso, mano? Não, isso aqui, detalhe, né, pessoal? É tudo debaixo da casa daquele casal que adotou a criançada. Eu acho que eles estão por trás de tudo isso, ó. Não temos nenhuma escolha, se não, a gente vai começar a lava. Só vem, pessoal. Siga-me, siga os meus bons. Só vem.""",Avaliador_A,Avaliador_D
18,"Tá liberando os mobs. Tá tudo livre já. Eles podem sair. Opa, pulando ali. Eita, louco, meu. Agora tu vai ter que sobreviver por dois minutos. Sério? Dentro dessa aljala aí. Tá aí. É a maçã dourada sério pra quê? Ela dá um pouquinho de vida a mais. Eu como ela só... Não sei. Tem que sobreviver por dois minutos. Eita. Se morrer em menos de dois minutos vai ter mais um pouco de batom. De tinta. Então, ó. Tá aí, tu sobreviveria ali dois minutos? Não sei, nunca tentei. Eu vou... Tu vai ter que... Ó, quando tu abrir a alavanca eu começo a contar o tempo. Tá. O que que sabe? Pera aí. Foi? Tá. Contou o tempo, dois minutos. Vai pra lá. Tem que ir? Eita. Tem que sobreviver do jeito que quiser. Ai, para lá. Eita, louco, bicho. Sai, escada, escada. Com a maçã, come a maçã. A maçã, a maçã. Eita, ai, eu dei 30. Deu quanto segundo? Deu 14. Tente de novo, vai. 3, 2, 1.",0.4595889449119568,0.4885122776031494,0.0518986992537975,NEU,0.288606733083725,0.0005146052571944,0.0153830554336309,0.000440201110905,0.2060749679803848,0.0061137722805142,0.0018158548045903,0.3048984,Geleia,Minecraft,10 Formas de TROLLAR SEU PAI no minecraft [PwPIZvjbBFM],,GZ,GZ,GZ,"🎬 Canal: Geleia | 🎥 Vídeo: 10 Formas de TROLLAR SEU PAI no minecraft [PwPIZvjbBFM]
⏱️ Segmento/Index: 18
🤖 Consenso de IA: GZ (Detoxify: 0.289 | Perspective: 0.305)
──────────────────────────────────────────────────
Fala transcrita:
""Tá liberando os mobs. Tá tudo livre já. Eles podem sair. Opa, pulando ali. Eita, louco, meu. Agora tu vai ter que sobreviver por dois minutos. Sério? Dentro dessa aljala aí. Tá aí. É a maçã dourada sério pra quê? Ela dá um pouquinho de vida a mais. Eu como ela só... Não sei. Tem que sobreviver por dois minutos. Eita. Se morrer em menos de dois minutos vai ter mais um pouco de batom. De tinta. Então, ó. Tá aí, tu sobreviveria ali dois minutos? Não sei, nunca tentei. Eu vou... Tu vai ter que... Ó, quando tu abrir a alavanca eu começo a contar o tempo. Tá. O que que sabe? Pera aí. Foi? Tá. Contou o tempo, dois minutos. Vai pra lá. Tem que ir? Eita. Tem que sobreviver do jeito que quiser. Ai, para lá. Eita, louco, bicho. Sai, escada, escada. Com a maçã, come a maçã. A maçã, a maçã. Eita, ai, eu dei 30. Deu quanto segundo? Deu 14. Tente de novo, vai. 3, 2, 1.""",Avaliador_A,Avaliador_D
4,"Toma de volta Agora tu vai sentir o rajadão só porque você tava me farpando, a gente tá correndo não Não corre não Ninguém mandou você procurar briga comigo, agora aguenta, vem, vem no pau Mete o pau, tá com duas vegas, então vem no pau Pega ela, pega ela, ai, morri Segue o fluxo, 4 a 2, embora Tá se escondendo de quem gatinha, já te vi A mãe tá aí ó, apareceu aí pra me dar o capa, capa de 4, vai Lá é ele, eu hein Famoso 4 capas, acabei de inventar Ela me bagaçou toda na vega, tô sem o mado O jogo virou eu que tô correndo, ai meu Deus É agora ou nunca, capa E Scarlett tá chata, viu? Bota o gelo agachado da mulher que teu pé tá parecendo todo Você acha que ela tá cega? Então olhe pra mim, mirei na cabeça, desceu pro peito É brincadeira esse jogo, jogo ladrão Mas eu dei a sequência de vários capas Corre Lady que eu vou te pegar, corre mulher, vou te pegar Olha aí como ela parece um cio correndo, corre mais rápido, corre mais rápido, vai É agora ou nunca, eu dou um capa, eu morro Ai, fiquei presa no pneu da Van A Van apelhona Ela gosta de brincar de pique e esconde essa menina hein Ai Scarlett, por que você não tá usando a W?",0.2553253471851349,0.6182785630226135,0.1263961046934127,NEU,0.9750765562057496,0.0228827223181724,0.0893651768565177,0.0071511431597173,0.0678612440824508,0.0090509438887238,0.5170583724975586,0.54823303,Amy Scarlet,Roblox,Amy Scarlet vs Lady Perigosa [5O8kYhtTHt4],,T,T,T,"🎬 Canal: Amy Scarlet | 🎥 Vídeo: Amy Scarlet vs Lady Perigosa [5O8kYhtTHt4]
⏱️ Segmento/Index: 4
🤖 Consenso de IA: T (Detoxify: 0.975 | Perspective: 0.548)
──────────────────────────────────────────────────
Fala transcrita:
""Toma de volta Agora tu vai sentir o rajadão só porque você tava me farpando, a gente tá correndo não Não corre não Ninguém mandou você procurar briga comigo, agora aguenta, vem, vem no pau Mete o pau, tá com duas vegas, então vem no pau Pega ela, pega ela, ai, morri Segue o fluxo, 4 a 2, embora Tá se escondendo de quem gatinha, já te vi A mãe tá aí ó, apareceu aí pra me dar o capa, capa de 4, vai Lá é ele, eu hein Famoso 4 capas, acabei de inventar Ela me bagaçou toda na vega, tô sem o mado O jogo virou eu que tô correndo, ai meu Deus É agora ou nunca, capa E Scarlett tá chata, viu? Bota o gelo agachado da mulher que teu pé tá parecendo todo Você acha que ela tá cega? Então olhe pra mim, mirei na cabeça, desceu pro peito É brincadeira esse jogo, jogo ladrão Mas eu dei a sequência de vários capas Corre Lady que eu vou te pegar, corre mulher, vou te pegar Olha aí como ela parece um cio correndo, corre mais rápido, corre mais rápido, vai É agora ou nunca, eu dou um capa, eu morro Ai, fiquei presa no pneu da Van A Van apelhona Ela gosta de brincar de pique e esconde essa menina hein Ai Scarlett, por que você não tá usando a W?""",Avaliador_A,Avaliador_D
3,"De não quebrar o feno de baixo primeiro. Eu estava quebrando. Não me interessa, não me interessa. Era só você não construir do lado do feno. Eu fui construir do lado do Iron Golem. Você não me provou que eu vou te dar uma espadada, hein? Eu vou te dar uma machadada. Eu tô te avisando. Eu tô te avisando também. Ah, seu maldito! Ah, seu maldito! Que isso, cara! Pois é, pois é. Tá, agora... Pode fazer você a primeira coisinha aí. Só precisa de pólvora e de areia. Isso, a gente precisa também de... Como é que é o nome? De uma... Como é que é o nome? De um Silex pra fazer a pedeneira, que a gente não vai conseguir acender. Nossa, é verdade, mano. Deu quantos ferros? Ah, então tá bom, vou encontrar o Silex. Calma aí.",0.9645965099334716,0.0271956510841846,0.0082078203558921,NEG,0.9272840023040771,0.0171411577612161,0.0918307825922966,0.0044942926615476,0.0615726523101329,0.0222713593393564,0.0406474843621254,0.52139956,Kass e KR,Minecraft,Transformei TNT em YOUTUBERS [ccNLMdyHNdw],,T,T,T,"🎬 Canal: Kass e KR | 🎥 Vídeo: Transformei TNT em YOUTUBERS [ccNLMdyHNdw]
⏱️ Segmento/Index: 3
🤖 Consenso de IA: T (Detoxify: 0.927 | Perspective: 0.521)
──────────────────────────────────────────────────
Fala transcrita:
""De não quebrar o feno de baixo primeiro. Eu estava quebrando. Não me interessa, não me interessa. Era só você não construir do lado do feno. Eu fui construir do lado do Iron Golem. Você não me provou que eu vou te dar uma espadada, hein? Eu vou te dar uma machadada. Eu tô te avisando. Eu tô te avisando também. Ah, seu maldito! Ah, seu maldito! Que isso, cara! Pois é, pois é. Tá, agora... Pode fazer você a primeira coisinha aí. Só precisa de pólvora e de areia. Isso, a gente precisa também de... Como é que é o nome? De uma... Como é que é o nome? De um Silex pra fazer a pedeneira, que a gente não vai conseguir acender. Nossa, é verdade, mano. Deu quantos ferros? Ah, então tá bom, vou encontrar o Silex. Calma aí.""",Avaliador_A,Avaliador_D
7,"Eu vou ter que pesquisar na internet, não tem jeito, pessoal Eu vou ter que pesquisar aqui e entender Cadê ele? McFly, calma aí McFly, onde você tá? McFly Eu tô aqui, eu tô aqui fora Da perna de cima aqui ó Eu vou lá pro sofá e tire uma soneca É sério, é sério, pessoal Deixa eu pesquisar aqui O que fazer? Tá, eu preciso pesquisar aqui o que fazer Meu amigo foi mordido Por uma aranha, o que fazer? É, se os efeitos colaterais Persistem, tá?",0.525283694267273,0.4365379214286804,0.0381783805787563,NEG,0.0927911326289177,0.0039686565287411,0.0373465195298194,0.0028157574124634,0.0247882846742868,0.0034186094999313,0.0036678430624306,0.09525062,JP Plays,Minecraft,MEU AMIGO FOI MORDIDO POR UMA ARANHA [4aVU04AB2Bs],,NT,NT,NT,"🎬 Canal: JP Plays | 🎥 Vídeo: MEU AMIGO FOI MORDIDO POR UMA ARANHA [4aVU04AB2Bs]
⏱️ Segmento/Index: 7
🤖 Consenso de IA: NT (Detoxify: 0.093 | Perspective: 0.095)
──────────────────────────────────────────────────
Fala transcrita:
""Eu vou ter que pesquisar na internet, não tem jeito, pessoal Eu vou ter que pesquisar aqui e entender Cadê ele? McFly, calma aí McFly, onde você tá? McFly Eu tô aqui, eu tô aqui fora Da perna de cima aqui ó Eu vou lá pro sofá e tire uma soneca É sério, é sério, pessoal Deixa eu pesquisar aqui O que fazer? Tá, eu preciso pesquisar aqui o que fazer Meu amigo foi mordido Por uma aranha, o que fazer? É, se os efeitos colaterais Persistem, tá?""",Avaliador_A,Avaliador_D
8,"Vai lá, vai lá, ataca ele, ataca ele! Boa, boa! Unido somos mais fortes! Acabamos com o Golem! Tive a ajuda de alguns zumbis! O Creeper é uma criatura que eu detesto! Por conta das explosões que acaba destruindo as construções que a gente faz! Mas hoje eu sou amigo dele, como o Herobrine! Opa, nem tão amigo assim! Se eu ataco ele, ele vem e ataca de volta com a explosão! Tem mais alguns monstros ali na frente, tá bem escuro! Mesmo assim eu vou me aproximar pra ver se eles vão me atacar! Ó a montanha aranha aqui! Caraca! Ataquei a aranha e ela vem me atacar! Então, parece que é isso! Os monstros só me atacam se eu atacar primeiro! Matei o esqueleto, consegui até alguns ossos! Vamos ver se eu consigo domesticar aquele lobo, mesmo sendo Herobrine! Isso vai ser louco! Lobinho vem pra cá! Dois ossos também acho que não é o suficiente pra domesticar um lobo! Mesmo assim eu vou tentar! Pelo menos agradar o lobinho! Que tava furioso com a minha aparência! A aparência do Herobrine! O lobo ele tava bem aqui!",0.1678128838539123,0.7184800505638123,0.1137070730328559,NEU,0.6098029613494873,0.002142539480701,0.0317046195268631,0.0010620376560837,0.0332197472453117,0.3585683107376098,0.0026986636221408,0.3977292,Robin Hood Gamer,Minecraft,VIDA DE HEROBRINE POR 1 DIA NO MINECRAFT VIREI O FANTASMA MAIS FORTE [BF6BiOo6c3M],,GZ,GZ,GZ,"🎬 Canal: Robin Hood Gamer | 🎥 Vídeo: VIDA DE HEROBRINE POR 1 DIA NO MINECRAFT VIREI O FANTASMA MAIS FORTE [BF6BiOo6c3M]
⏱️ Segmento/Index: 8
🤖 Consenso de IA: GZ (Detoxify: 0.61 | Perspective: 0.398)
──────────────────────────────────────────────────
Fala transcrita:
""Vai lá, vai lá, ataca ele, ataca ele! Boa, boa! Unido somos mais fortes! Acabamos com o Golem! Tive a ajuda de alguns zumbis! O Creeper é uma criatura que eu detesto! Por conta das explosões que acaba destruindo as construções que a gente faz! Mas hoje eu sou amigo dele, como o Herobrine! Opa, nem tão amigo assim! Se eu ataco ele, ele vem e ataca de volta com a explosão! Tem mais alguns monstros ali na frente, tá bem escuro! Mesmo assim eu vou me aproximar pra ver se eles vão me atacar! Ó a montanha aranha aqui! Caraca! Ataquei a aranha e ela vem me atacar! Então, parece que é isso! Os monstros só me atacam se eu atacar primeiro! Matei o esqueleto, consegui até alguns ossos! Vamos ver se eu consigo domesticar aquele lobo, mesmo sendo Herobrine! Isso vai ser louco! Lobinho vem pra cá! Dois ossos também acho que não é o suficiente pra domesticar um lobo! Mesmo assim eu vou tentar! Pelo menos agradar o lobinho! Que tava furioso com a minha aparência! A aparência do Herobrine! O lobo ele tava bem aqui!""",Avaliador_A,Avaliador_D
2,não vai ser fácil não vai ser fácil olha seguinte vou contar até três e aí você pula beleza então aí eu pulo também temos por adjunto porque esse não já era então é um é dois é três e pula vai lá vamos lá e calma calma calma eu acho que eu pulei para um lado e você pulou para o outro lado pessoal ok ok já começamos mal não deu para descer a montanha então vai lá McFly vai lá isso vou deixar você na frente que se não não não não não tá realmente não funciona não funciona o que eu queria fazer pessoal tava com um plano aqui na cabeça mas vocês viram que não deu certo né ele acabou saindo e se distanciando então vamos ter que descer mesmo lado a lado não dá para pular não tá vai ter que ser alpinismo aqui agora vem exatamente nesse bloco que eu tô quando contar quando falar já desce então um dois três e já desce aqui desce aqui desce por pouco por pouco beleza o campo não nos matou então de novo desce ai calma para de me empurrar calma eu tô vivo a gente tá vivo estamos vivos estamos vivos beleza agora dá para ir descer um pouco mais normalmente ai ok tô vivo tô vivo cadê você McFly cadê você,0.4680778682231903,0.3688418269157409,0.1630802750587463,NEG,0.3171256482601166,0.0057738376781344,0.0539161898195743,0.0045665535144507,0.0407323613762855,0.0052268649451434,0.0048815985210239,0.28548008,JP Plays,Minecraft,NÃO PODE SE SEPARAR NO MINECRAFT  FIQUE JUNTO OU MORRA [7Stxw-K_RSo],,GZ,GZ,GZ,"🎬 Canal: JP Plays | 🎥 Vídeo: NÃO PODE SE SEPARAR NO MINECRAFT  FIQUE JUNTO OU MORRA [7Stxw-K_RSo]
⏱️ Segmento/Index: 2
🤖 Consenso de IA: GZ (Detoxify: 0.317 | Perspective: 0.285)
──────────────────────────────────────────────────
Fala transcrita:
""não vai ser fácil não vai ser fácil olha seguinte vou contar até três e aí você pula beleza então aí eu pulo também temos por adjunto porque esse não já era então é um é dois é três e pula vai lá vamos lá e calma calma calma eu acho que eu pulei para um lado e você pulou para o outro lado pessoal ok ok já começamos mal não deu para descer a montanha então vai lá McFly vai lá isso vou deixar você na frente que se não não não não não tá realmente não funciona não funciona o que eu queria fazer pessoal tava com um plano aqui na cabeça mas vocês viram que não deu certo né ele acabou saindo e se distanciando então vamos ter que descer mesmo lado a lado não dá para pular não tá vai ter que ser alpinismo aqui agora vem exatamente nesse bloco que eu tô quando contar quando falar já desce então um dois três e já desce aqui desce aqui desce por pouco por pouco beleza o campo não nos matou então de novo desce ai calma para de me empurrar calma eu tô vivo a gente tá vivo estamos vivos estamos vivos beleza agora dá para ir descer um pouco mais normalmente ai ok tô vivo tô vivo cadê você McFly cadê você""",Avaliador_A,Avaliador_D
1,"Vai começar, Davi! Pode correr, porque o tubarão aqui tá pronto, hein? Ai, então tá bom, né? Eu vou aqui pegar logo aqui o meu barco. Opa, eu não tenho cabelo, mas eu tenho uma touca de Natal. Se tem Robin Hood careca no vídeo, se tem Robin Hood tubarão, tem like, então deixa seu like, se inscreve no canal, ativa o sininho. Se você não deixar seu like, sabe o que vai acontecer? Você vai ficar careca. Já imaginou, Davi, todo mundo careca? Todos os inscritos carecas? Eu só sei que todos os inscritos iam brilhar, brilhar que a terra ia até esquentar e explodir. É, a careca é brilhante, hein? A minha careca no sol, ela brilha. Eu já tô vendo um barquinho aqui, eu não sei se é o do Davi, mas o meu grande objetivo aqui é devorar o Davi. Se eu conseguir matar o Davi, eu já me considero o campeão dessa rodada. É, eu já te achei, senhor Robin Hood carecão. Robin Hood carecão tubarão. E é fácil de você me encontrar, porque quando você é um humano, mostra onde tá o tubarão no mapa.",0.0514409877359867,0.8007960915565491,0.1477629095315933,NEU,0.3291725814342499,0.0012937444262206,0.0212536491453647,0.0020258268341422,0.0671274065971374,0.0382184199988842,0.0036580509040504,0.3308965,Robin Hood Gamer,Minecraft,MEU AMIGO VIROU UM TUBARÃO E ME DEVOROU NO ROBLOX SharkBite [UrHMejgx3XE],,GZ,GZ,GZ,"🎬 Canal: Robin Hood Gamer | 🎥 Vídeo: MEU AMIGO VIROU UM TUBARÃO E ME DEVOROU NO ROBLOX SharkBite [UrHMejgx3XE]
⏱️ Segmento/Index: 1
🤖 Consenso de IA: GZ (Detoxify: 0.329 | Perspective: 0.331)
──────────────────────────────────────────────────
Fala transcrita:
""Vai começar, Davi! Pode correr, porque o tubarão aqui tá pronto, hein? Ai, então tá bom, né? Eu vou aqui pegar logo aqui o meu barco. Opa, eu não tenho cabelo, mas eu tenho uma touca de Natal. Se tem Robin Hood careca no vídeo, se tem Robin Hood tubarão, tem like, então deixa seu like, se inscreve no canal, ativa o sininho. Se você não deixar seu like, sabe o que vai acontecer? Você vai ficar careca. Já imaginou, Davi, todo mundo careca? Todos os inscritos carecas? Eu só sei que todos os inscritos iam brilhar, brilhar que a terra ia até esquentar e explodir. É, a careca é brilhante, hein? A minha careca no sol, ela brilha. Eu já tô vendo um barquinho aqui, eu não sei se é o do Davi, mas o meu grande objetivo aqui é devorar o Davi. Se eu conseguir matar o Davi, eu já me considero o campeão dessa rodada. É, eu já te achei, senhor Robin Hood carecão. Robin Hood carecão tubarão. E é fácil de você me encontrar, porque quando você é um humano, mostra onde tá o tubarão no mapa.""",Avaliador_A,Avaliador_D
0,"Mas pelo menos eu achei a chave da cor amarela, vamos ver se você... AHHH! É você aqui? Sou. NÃO! Me solta sua maluada! Nossa! OU, oi pessoal, tudo bem? Hoje você aqui pra gravar mais series de Roblox e hoje tá a semana daqui de manhã! Olá pessoal, tudo bem? E hoje pessoal, nós estamos aqui para tentar sobreviver dos ratos. Isso mesmo! Será que a gente vai conseguir? Eu acho que sim! Tomara que sim pessoal, então bora vídeo, vaiam! Bora lá, escapando! Ju, eu sou o rato! Sou o rato? Sim, ai tão batendo em mim! Já peguei alguém pela boca! Mami, eu tô aqui com uma chave vermelha, então assim pessoal, a Mami é um rato, certo? E ela tem que fazer com que a gente não escape. Exatamente! E a gente tem que escapar, certo? Pegando suas chaves e abrindo portas, tem quatro portas. E eu tenho queijinho aqui pra comer e também tem umas ratoeiras que quem quer fugir precisa ativar pra prender o rato.",0.0754779651761055,0.8186496496200562,0.1058724299073219,NEU,0.5278798341751099,0.0015239351196214,0.0742201283574104,0.0016382688190788,0.1576172411441803,0.0089104231446981,0.0030199170578271,0.37751234,Julia MineGirl,Roblox,Roblox - A RATINHA MINEGIRL Rat Maze Survive  Escape [wxAyTBTqsHc],,GZ,GZ,GZ,"🎬 Canal: Julia MineGirl | 🎥 Vídeo: Roblox - A RATINHA MINEGIRL Rat Maze Survive  Escape [wxAyTBTqsHc]
⏱️ Segmento/Index: 0
🤖 Consenso de IA: GZ (Detoxify: 0.528 | Perspective: 0.378)
──────────────────────────────────────────────────
Fala transcrita:
""Mas pelo menos eu achei a chave da cor amarela, vamos ver se você... AHHH! É você aqui? Sou. NÃO! Me solta sua maluada! Nossa! OU, oi pessoal, tudo bem? Hoje você aqui pra gravar mais series de Roblox e hoje tá a semana daqui de manhã! Olá pessoal, tudo bem? E hoje pessoal, nós estamos aqui para tentar sobreviver dos ratos. Isso mesmo! Será que a gente vai conseguir? Eu acho que sim! Tomara que sim pessoal, então bora vídeo, vaiam! Bora lá, escapando! Ju, eu sou o rato! Sou o rato? Sim, ai tão batendo em mim! Já peguei alguém pela boca! Mami, eu tô aqui com uma chave vermelha, então assim pessoal, a Mami é um rato, certo? E ela tem que fazer com que a gente não escape. Exatamente! E a gente tem que escapar, certo? Pegando suas chaves e abrindo portas, tem quatro portas. E eu tenho queijinho aqui pra comer e também tem umas ratoeiras que quem quer fugir precisa ativar pra prender o rato.""",Avaliador_A,Avaliador_D
5,"Ô moça, então aperta minha barriga rapidinho pra você ver uma coisa? Ai, eu não sei se eu quero! Eu vou chacalhar você! Ai, você soltou pom! Ai, eu não quero mais ser babá não! Tá, deixa eu pegar o carrinho agora! Carrinho, apareça! Ai, eu não sei o que fazer! Vou jogar você no chão! Ai, você não sai do meu polo! Não, você não vai me soltar! Ai, soltei! Nada de choro, eu já vou pegar o carrinho! Ai, pra pegar o carrinho eu tenho que pegar você de novo, eu tô totalmente perdida! Agora foi! Saindo! Olha que lindo dia! Se você quiser você pode brincar aqui fora! Mas nada de pular na água, hein! Ah não, fica tranquila, vai dar tudo certo! Ai, eu espero que sim! Ai, eu tô... Não, sai daí!",0.187422826886177,0.552251935005188,0.2603252232074737,NEU,0.8230437636375427,0.0039160437881946,0.0488910786807537,0.0018679376225918,0.0443167723715305,0.3043495416641235,0.0173117406666278,0.44933176,Papile,Roblox,O PIOR BEBÊ DA CRECHE NO ROBLOX   Twilight Daycare  PAPILE HISTÓRIA ENGRAÇADA [Z1gSWlLr9xA],,T,T,T,"🎬 Canal: Papile | 🎥 Vídeo: O PIOR BEBÊ DA CRECHE NO ROBLOX   Twilight Daycare  PAPILE HISTÓRIA ENGRAÇADA [Z1gSWlLr9xA]
⏱️ Segmento/Index: 5
🤖 Consenso de IA: T (Detoxify: 0.823 | Perspective: 0.449)
──────────────────────────────────────────────────
Fala transcrita:
""Ô moça, então aperta minha barriga rapidinho pra você ver uma coisa? Ai, eu não sei se eu quero! Eu vou chacalhar você! Ai, você soltou pom! Ai, eu não quero mais ser babá não! Tá, deixa eu pegar o carrinho agora! Carrinho, apareça! Ai, eu não sei o que fazer! Vou jogar você no chão! Ai, você não sai do meu polo! Não, você não vai me soltar! Ai, soltei! Nada de choro, eu já vou pegar o carrinho! Ai, pra pegar o carrinho eu tenho que pegar você de novo, eu tô totalmente perdida! Agora foi! Saindo! Olha que lindo dia! Se você quiser você pode brincar aqui fora! Mas nada de pular na água, hein! Ah não, fica tranquila, vai dar tudo certo! Ai, eu espero que sim! Ai, eu tô... Não, sai daí!""",Avaliador_A,Avaliador_D
43,"Mas, Marcelo, vamos aproveitar que a gente já está aqui, vamos embora. Vamos embora, vamos embora. Sonic, então, você foi, né? E a gente? A gente não... A gente não voa. Marcelo, eu tenho um negócio aqui. Por que você tem... Que isso? Pega uma carona aí, Marcelo, vamos embora! Eduarda, eu vou de helicóptero. Me busca aqui, garota. Eu estou sozinho aqui, ó. Olha o Ender Dragon aí, galera, eu estou com medo dele. Chegamos, galera! Ah, ok. Que isso? O Hulk-Wug? O Hulk-Wug! Bate nele, Eduarda. Meu Deus, é Hulk-Wug aqui? Por que você tem Hulk-Wug aqui, gente? Tá pessoal, Eduarda? Eu não sabia que tinha Hulk-Wug aqui, né? Eduarda, vamos começar, então, que a gente tem que conseguir matar o Ender Dragon. O problema é que está cheio de Hulk-Wug, né? Então vamos fazer assim. Ô, Sonic, ajuda a gente! Explora... Que isso? Eduarda, me dá a minha bazuca, garota! Ah, tá, tá comigo. Toma. Ô, Sonic, ajuda a gente a quebrar os totens, por favor, do Ender Dragon. Vamos, vamos, vamos, vamos, Marcelo, vamos embora! Bora, bora, Eduarda, bora, bora, bora! Ele vai quebrar pra gente! Boa, boa, boa! Olha lá, vou tentar acertar o Ender Dragon! Ele acertou a minha cara! Vai isso, Sonic, quebra tudo!",0.1214283257722854,0.797906219959259,0.0806655287742614,NEU,0.2515773475170135,0.0040108608081936,0.0375942774116992,0.0027108364738523,0.0208254642784595,0.0101934308186173,0.0106066213920712,0.31825066,Marcelodrv,Minecraft,Minecraft MAS tudo que eu DESENHAR os MONSTROS vão me dar [8vd2gpnHnUI],,GZ,GZ,GZ,"🎬 Canal: Marcelodrv | 🎥 Vídeo: Minecraft MAS tudo que eu DESENHAR os MONSTROS vão me dar [8vd2gpnHnUI]
⏱️ Segmento/Index: 43
🤖 Consenso de IA: GZ (Detoxify: 0.252 | Perspective: 0.318)
──────────────────────────────────────────────────
Fala transcrita:
""Mas, Marcelo, vamos aproveitar que a gente já está aqui, vamos embora. Vamos embora, vamos embora. Sonic, então, você foi, né? E a gente? A gente não... A gente não voa. Marcelo, eu tenho um negócio aqui. Por que você tem... Que isso? Pega uma carona aí, Marcelo, vamos embora! Eduarda, eu vou de helicóptero. Me busca aqui, garota. Eu estou sozinho aqui, ó. Olha o Ender Dragon aí, galera, eu estou com medo dele. Chegamos, galera! Ah, ok. Que isso? O Hulk-Wug? O Hulk-Wug! Bate nele, Eduarda. Meu Deus, é Hulk-Wug aqui? Por que você tem Hulk-Wug aqui, gente? Tá pessoal, Eduarda? Eu não sabia que tinha Hulk-Wug aqui, né? Eduarda, vamos começar, então, que a gente tem que conseguir matar o Ender Dragon. O problema é que está cheio de Hulk-Wug, né? Então vamos fazer assim. Ô, Sonic, ajuda a gente! Explora... Que isso? Eduarda, me dá a minha bazuca, garota! Ah, tá, tá comigo. Toma. Ô, Sonic, ajuda a gente a quebrar os totens, por favor, do Ender Dragon. Vamos, vamos, vamos, vamos, Marcelo, vamos embora! Bora, bora, Eduarda, bora, bora, bora! Ele vai quebrar pra gente! Boa, boa, boa! Olha lá, vou tentar acertar o Ender Dragon! Ele acertou a minha cara! Vai isso, Sonic, quebra tudo!""",Avaliador_A,Avaliador_D
15,"Essa espada é muito boa! Espero que eu encontre logo a última Jóia do Poder! Só falta uma! Só falta uma! Que bom que meu mundo não fechou! Estava tendo um problema! Sempre que eu consegui evoluir, o meu mundo fechava sozinho e eu não conseguia recuperar! Isso parou de acontecer, mas em compensação surgiram monstros terríveis! Olha isso! Uma ovelha mutante! Consegui mais uma Jóia do Poder! Só falta mais uma! A última! E esse Aerobrine vai se ver comigo! Eu encontrei o Aerobrine com aquele monstro vermelho! E agora na casa eu encontrei eles novamente, só que eles estavam meio apagados! Como se fosse o espírito deles! Bem estranho! Vou voltar para casa! Vou ver se a área onde eu construí minha casa recebeu mais algum ataque! Porque isso está acontecendo o tempo todo! Primeiro foram os monstros de fogo! Depois esses demônios explosivos com fogo também!",0.0426436476409435,0.1411816477775573,0.8161746263504028,POS,0.4015569686889648,0.0011245431378483,0.0288711618632078,0.0011196379782631,0.0880218371748924,0.0678082406520843,0.0010110138682648,0.22043827,Robin Hood Gamer,Minecraft,HEROBRINE ESTÁ CONTROLANDO MONSTROS ASSUSTADORES - Minecraft Herobrine 58 [DU0WMq0GH3E],,GZ,GZ,GZ,"🎬 Canal: Robin Hood Gamer | 🎥 Vídeo: HEROBRINE ESTÁ CONTROLANDO MONSTROS ASSUSTADORES - Minecraft Herobrine 58 [DU0WMq0GH3E]
⏱️ Segmento/Index: 15
🤖 Consenso de IA: GZ (Detoxify: 0.402 | Perspective: 0.22)
──────────────────────────────────────────────────
Fala transcrita:
""Essa espada é muito boa! Espero que eu encontre logo a última Jóia do Poder! Só falta uma! Só falta uma! Que bom que meu mundo não fechou! Estava tendo um problema! Sempre que eu consegui evoluir, o meu mundo fechava sozinho e eu não conseguia recuperar! Isso parou de acontecer, mas em compensação surgiram monstros terríveis! Olha isso! Uma ovelha mutante! Consegui mais uma Jóia do Poder! Só falta mais uma! A última! E esse Aerobrine vai se ver comigo! Eu encontrei o Aerobrine com aquele monstro vermelho! E agora na casa eu encontrei eles novamente, só que eles estavam meio apagados! Como se fosse o espírito deles! Bem estranho! Vou voltar para casa! Vou ver se a área onde eu construí minha casa recebeu mais algum ataque! Porque isso está acontecendo o tempo todo! Primeiro foram os monstros de fogo! Depois esses demônios explosivos com fogo também!""",Avaliador_A,Avaliador_D
3,"Que cachorrinho bonitinho! Isso aqui é carne, isso aqui é... Ah! Ela era pra estar assustada. Quem é bom garoto? Quem é bom garoto? Não é ela que tá se assustando? Ela tá me dando carne. Bom garoto, não sou bom garoto. Eu vou bater nela. Ai, nossa, você é meio agressivo, né? Quem é bom garoto? Quem que é? Não, não. Não tá dando certo. Ela não tá com medo. Vem cá, você quer morar comigo? Vem cá. Olha só que legal que tem aqui dentro. Quero morar com ela. Eu vou embora. Vou trocar de monstro. Rápido, rápido. Troca de monstro. Cachorrinho... Meu cachorrinho foi embora. Eu vou voltar a dormir. Eu vou virar esse outro monstro aqui. É uma mulher com várias cabeças. Esse aqui não parece cachorrinho. Esse aqui eu acho que ela vai se assustar. Booo! Se assusta! Mãe, você tá meio estranha. O quê? Ela me chamou de mãe. Mãe, eu falei pra você parar e te ir pra que ir em um lugar demais de irritado. Vai tomar poção de cura, vai. Ah, ela não ficou com medo. Ela não ficou com medo. Isso não funciona.",0.1908918470144271,0.4210402965545654,0.3880679011344909,NEU,0.3986051976680755,0.0011496822116896,0.0167361088097095,0.0011451494647189,0.208713486790657,0.0187057480216026,0.0070927604101598,0.3974717,Athos,Minecraft,7 Jeitos de Assustar a WANDINHA no Minecraft [7Qe0tlojErA],,GZ,GZ,GZ,"🎬 Canal: Athos | 🎥 Vídeo: 7 Jeitos de Assustar a WANDINHA no Minecraft [7Qe0tlojErA]
⏱️ Segmento/Index: 3
🤖 Consenso de IA: GZ (Detoxify: 0.399 | Perspective: 0.397)
──────────────────────────────────────────────────
Fala transcrita:
""Que cachorrinho bonitinho! Isso aqui é carne, isso aqui é... Ah! Ela era pra estar assustada. Quem é bom garoto? Quem é bom garoto? Não é ela que tá se assustando? Ela tá me dando carne. Bom garoto, não sou bom garoto. Eu vou bater nela. Ai, nossa, você é meio agressivo, né? Quem é bom garoto? Quem que é? Não, não. Não tá dando certo. Ela não tá com medo. Vem cá, você quer morar comigo? Vem cá. Olha só que legal que tem aqui dentro. Quero morar com ela. Eu vou embora. Vou trocar de monstro. Rápido, rápido. Troca de monstro. Cachorrinho... Meu cachorrinho foi embora. Eu vou voltar a dormir. Eu vou virar esse outro monstro aqui. É uma mulher com várias cabeças. Esse aqui não parece cachorrinho. Esse aqui eu acho que ela vai se assustar. Booo! Se assusta! Mãe, você tá meio estranha. O quê? Ela me chamou de mãe. Mãe, eu falei pra você parar e te ir pra que ir em um lugar demais de irritado. Vai tomar poção de cura, vai. Ah, ela não ficou com medo. Ela não ficou com medo. Isso não funciona.""",Avaliador_A,Avaliador_D
3,"Mas como morri muito cedo, tomara que você morra também Hihihihihi Vamos pra próxima, por favor, Brasil Como eu realmente não posso perder ponto Dessa vez vai ser a safe da safe da safe A safe Nós caímos aqui, aparentemente não tinha inimigo, não tinha nada Estavamos tranquilo aqui, luteando O único inimigo que tinha pra mim era a Gretchen roubando o meu loot Mas até então tava tudo tranquilo, tudo de boa Depois de dar uma bela de uma luteada A Aninha foi lutear lá no boraró Ela foi lutear no sei aonde Acho que ela foi lutear no buraco E tinha um squad no buraco Aí eu falei, gente, vamos ajudar a Aninha, pelo amor de Deus O Niel tava vindo ajudar A Gretchen se fingiu de cega e muda, suuda Aí eu falei, Gretchen, tu não vai ficar pra trás, não Tu vai ajudar também, porque se eu morrer, tu vai morrer junto Eu tô indo aí te buscar, rapariga Entra aí na minha moto Então eu fui lá buscar ela Vem cá, rapariga, tu não vai ficar de fora, não, entra na moto aí",0.1811629980802536,0.5602847933769226,0.258552223443985,NEU,0.6652160882949829,0.0109995249658823,0.0521257035434246,0.0041272183880209,0.0438627824187278,0.0557567775249481,0.0060499017126858,0.37955463,Amy Scarlet,Roblox,Meu Squad é profissional VEJA A JOGABILIDADE [q32ldyf_s8w],,GZ,GZ,GZ,"🎬 Canal: Amy Scarlet | 🎥 Vídeo: Meu Squad é profissional VEJA A JOGABILIDADE [q32ldyf_s8w]
⏱️ Segmento/Index: 3
🤖 Consenso de IA: GZ (Detoxify: 0.665 | Perspective: 0.38)
──────────────────────────────────────────────────
Fala transcrita:
""Mas como morri muito cedo, tomara que você morra também Hihihihihi Vamos pra próxima, por favor, Brasil Como eu realmente não posso perder ponto Dessa vez vai ser a safe da safe da safe A safe Nós caímos aqui, aparentemente não tinha inimigo, não tinha nada Estavamos tranquilo aqui, luteando O único inimigo que tinha pra mim era a Gretchen roubando o meu loot Mas até então tava tudo tranquilo, tudo de boa Depois de dar uma bela de uma luteada A Aninha foi lutear lá no boraró Ela foi lutear no sei aonde Acho que ela foi lutear no buraco E tinha um squad no buraco Aí eu falei, gente, vamos ajudar a Aninha, pelo amor de Deus O Niel tava vindo ajudar A Gretchen se fingiu de cega e muda, suuda Aí eu falei, Gretchen, tu não vai ficar pra trás, não Tu vai ajudar também, porque se eu morrer, tu vai morrer junto Eu tô indo aí te buscar, rapariga Entra aí na minha moto Então eu fui lá buscar ela Vem cá, rapariga, tu não vai ficar de fora, não, entra na moto aí""",Avaliador_A,Avaliador_D
12,"ah não, eu não me mexi Eu não me mexi Buneca mentirosa, eu não me mexi Pior que você se mexeu, velho Ah não, não me mexi Caraca, nossa, isso é muito difícil, não dá tempo não Buneca ridícula, velho Buneca ridícula, eu não gosto dessa boneca Meu Deus O que faz perder tempo é porque ela demora muito tempo a virar É, vai, vai, vai, vai Não Mano, eu morri sempre no mesmo lugar, velho Ah não Vamos tentar, vamos tentar mais uma vez Caramba, vamos tentar no... A gente está vindo bem, a gente está vindo... não, vamos tentar de novo 40?",0.9809889197349548,0.012109201401472,0.0069018159992992,NEG,0.7805726528167725,0.0083585605025291,0.0474486052989959,0.0096475379541516,0.0622507110238075,0.0033889908809214,0.0092947240918874,0.3140926,Kass e KR,Minecraft,KASS e KR VS. ATAQUE da BONECA no Minecraft ROUND 6 [AMumBuB4ofQ],,GZ,GZ,GZ,"🎬 Canal: Kass e KR | 🎥 Vídeo: KASS e KR VS. ATAQUE da BONECA no Minecraft ROUND 6 [AMumBuB4ofQ]
⏱️ Segmento/Index: 12
🤖 Consenso de IA: GZ (Detoxify: 0.781 | Perspective: 0.314)
──────────────────────────────────────────────────
Fala transcrita:
""ah não, eu não me mexi Eu não me mexi Buneca mentirosa, eu não me mexi Pior que você se mexeu, velho Ah não, não me mexi Caraca, nossa, isso é muito difícil, não dá tempo não Buneca ridícula, velho Buneca ridícula, eu não gosto dessa boneca Meu Deus O que faz perder tempo é porque ela demora muito tempo a virar É, vai, vai, vai, vai Não Mano, eu morri sempre no mesmo lugar, velho Ah não Vamos tentar, vamos tentar mais uma vez Caramba, vamos tentar no... A gente está vindo bem, a gente está vindo... não, vamos tentar de novo 40?""",Avaliador_A,Avaliador_D
12,caiu na minha treta aí na que tinha um buraco ali era uma treta e se caiu nele cê caiu nele se foi ludibriado a gente calma relaxa relaxa é só só voltar só voltar tá bom volta aí vem vou te dar uns itens aqui beleza aqui cadê você brinéb estou na base liga o chefe o que você quer ver um liga boa aqui tem um pouquinho também o que é isso é aquela conquista lá que matam gaste é verdade tá to indo pra gente vem cá tomei tá eu tô preparando um negócio aqui que vai ser muito bom pra gente hoje está precisando daquela armadura top né é então exatamente que eu fui fazer o ligão são lado ou se são lado n,0.0800036415457725,0.5482663512229919,0.3717299997806549,NEU,0.9076501727104188,0.0085397474467754,0.0907056480646133,0.0053408741950988,0.0511225871741771,0.002867461182177,0.0804566815495491,0.54823303,Geleia,Minecraft,3 Caçadores vs Speedrunner sem mods no Minecraft [uIqBMdqVSX0],,T,T,T,"🎬 Canal: Geleia | 🎥 Vídeo: 3 Caçadores vs Speedrunner sem mods no Minecraft [uIqBMdqVSX0]
⏱️ Segmento/Index: 12
🤖 Consenso de IA: T (Detoxify: 0.908 | Perspective: 0.548)
──────────────────────────────────────────────────
Fala transcrita:
""caiu na minha treta aí na que tinha um buraco ali era uma treta e se caiu nele cê caiu nele se foi ludibriado a gente calma relaxa relaxa é só só voltar só voltar tá bom volta aí vem vou te dar uns itens aqui beleza aqui cadê você brinéb estou na base liga o chefe o que você quer ver um liga boa aqui tem um pouquinho também o que é isso é aquela conquista lá que matam gaste é verdade tá to indo pra gente vem cá tomei tá eu tô preparando um negócio aqui que vai ser muito bom pra gente hoje está precisando daquela armadura top né é então exatamente que eu fui fazer o ligão são lado ou se são lado n""",Avaliador_A,Avaliador_D
0,"Fala pessoal, tudo bem com vocês? Aqui é o Tex trazendo mais um vídeo no canal e hoje pessoal voltamos com nosso coelhinho maluco aqui o Pretty Odd Bunny. Vamos continuar então da onde a gente parou da última vez que foi... peraí, ilha do porquinho é isso né? Essa que a gente parou deve ter mais um mundo ainda depois desse. Vamos lá galera, ilha do porquinho então, deixa eu ver, é pra cá que eu tenho que ir ou o que? Coloca a máscara... Ah mas eu não posso pular com a máscara. Cara, o que eu tô fazendo? É pra cá ou não é? Parece que eu comecei numa fase que já é tipo assim no meio dela né? Tá, vamos pra cá então ó... Eu vou descendo pra aprender o caminho. Ah mas foi tão fácil assim essa fase? Que tem uma coisa errada nessa fase aqui viu?",0.0704675614833831,0.7986010909080505,0.1309313625097274,NEU,0.2064294219017028,0.0013623163104057,0.0340360812842845,0.0014960243133828,0.0463115684688091,0.0010841654147952,0.0022353054955601,0.35186127,Tex HS,Roblox,DOIS COELHOS MALUCOS A Pretty Odd Bunny  E9 [0iQIwF4uPog],,GZ,GZ,GZ,"🎬 Canal: Tex HS | 🎥 Vídeo: DOIS COELHOS MALUCOS A Pretty Odd Bunny  E9 [0iQIwF4uPog]
⏱️ Segmento/Index: 0
🤖 Consenso de IA: GZ (Detoxify: 0.206 | Perspective: 0.352)
──────────────────────────────────────────────────
Fala transcrita:
""Fala pessoal, tudo bem com vocês? Aqui é o Tex trazendo mais um vídeo no canal e hoje pessoal voltamos com nosso coelhinho maluco aqui o Pretty Odd Bunny. Vamos continuar então da onde a gente parou da última vez que foi... peraí, ilha do porquinho é isso né? Essa que a gente parou deve ter mais um mundo ainda depois desse. Vamos lá galera, ilha do porquinho então, deixa eu ver, é pra cá que eu tenho que ir ou o que? Coloca a máscara... Ah mas eu não posso pular com a máscara. Cara, o que eu tô fazendo? É pra cá ou não é? Parece que eu comecei numa fase que já é tipo assim no meio dela né? Tá, vamos pra cá então ó... Eu vou descendo pra aprender o caminho. Ah mas foi tão fácil assim essa fase? Que tem uma coisa errada nessa fase aqui viu?""",Avaliador_A,Avaliador_D
9,"Ai, pera aí que eu vou chorar, cara O Elvis foi embora Mano, eles levaram o Elvis Eles levaram o nosso escravo, TT Não, pera, escravo também não Era o nosso artista em tempos livres, né, Caue? Não era... Isso aqui não tinha comida, nem um trabalho digno Tá bom A gente andou matando alguns vampiros E aí, basicamente, eu consegui evoluir mais ainda os meus pontos de habilidade como caçador de monstros E aí, pessoal, uma das habilidades que eu tenho pra liberar é essa daqui, ó A de squeeze, velho Permite que você se esconda de mobs e também, mano, você fica invisível para outros players, cara Essa daqui TT O quê? Você ficou metade invisível O que quer dizer metade invisível? Eu não sei te dizer É tipo assim, sabe o fantasma minha camarada? É tipo isso Essa minha habilidade, ela diz que eu fico invisível tanto pra mobs quanto pra players então Então, cara, bora testar isso com monstros lá fora, né?",0.7746561169624329,0.1665539592504501,0.0587899275124073,NEG,0.3399010300636291,0.0052310596220195,0.0382782332599163,0.006309940945357,0.0418159030377864,0.0040593817830085,0.0151105476543307,0.3286776,AuthenticGames,Minecraft,MELHORES MOMENTOS VAMPIROS AUTHENTICGAMES  - Vampiro Vs Lobisomem [iSpMBSK5QXw],,GZ,GZ,GZ,"🎬 Canal: AuthenticGames | 🎥 Vídeo: MELHORES MOMENTOS VAMPIROS AUTHENTICGAMES  - Vampiro Vs Lobisomem [iSpMBSK5QXw]
⏱️ Segmento/Index: 9
🤖 Consenso de IA: GZ (Detoxify: 0.34 | Perspective: 0.329)
──────────────────────────────────────────────────
Fala transcrita:
""Ai, pera aí que eu vou chorar, cara O Elvis foi embora Mano, eles levaram o Elvis Eles levaram o nosso escravo, TT Não, pera, escravo também não Era o nosso artista em tempos livres, né, Caue? Não era... Isso aqui não tinha comida, nem um trabalho digno Tá bom A gente andou matando alguns vampiros E aí, basicamente, eu consegui evoluir mais ainda os meus pontos de habilidade como caçador de monstros E aí, pessoal, uma das habilidades que eu tenho pra liberar é essa daqui, ó A de squeeze, velho Permite que você se esconda de mobs e também, mano, você fica invisível para outros players, cara Essa daqui TT O quê? Você ficou metade invisível O que quer dizer metade invisível? Eu não sei te dizer É tipo assim, sabe o fantasma minha camarada? É tipo isso Essa minha habilidade, ela diz que eu fico invisível tanto pra mobs quanto pra players então Então, cara, bora testar isso com monstros lá fora, né?""",Avaliador_A,Avaliador_D
10,"Agora que o Cadris tá sem internet Vamos procurar por uma esquemática de dragão no Minecraft Nossa, a gente vai achar um dragão muito mais bonito que o dele Só abrir em imagens e eu quero Esse dragão é pago, esse aqui também Tem que ser um dragão grátis Ah, aqui é um dragão vermelho Olha, esse tá muito bonito Vamos baixar esse dragão então Agora que eu peguei aquele dragão, eu vou colar ele aqui O nome tá salvo como Dagrão Eu nem sabia escrever direito Vamos só esperar carregar e colar o dragão Pronto, colei Tá aí o nosso dragão E ele deve tá muito mais bonito que o do Cadris Até porque o Cadris não conseguiu fazer nada E ele caiu da partida Eu vou agora ligar a internet do Cadris E ele vai entrar de novo Liguei Vamos ver se funciona Entrou, entrou Ué, apareceu ali no chat de novo que eu entrei na partida Eu acho que eu tinha bugado e é como se eu tivesse caído Mas agora tá rodando tudo lisinho Eu vou conseguir colar minha esquemática Cadris, acabou o tempo O quê? Não, o quê acabou o tempo?",0.0169396083801984,0.0841845870018005,0.898875892162323,POS,0.0061157834716141,0.0079757310450077,0.0413694083690643,0.0070592374540865,0.0427215620875358,0.002490027109161,0.0019294545054435,0.15435068,Cadres,Minecraft,Trolei meu AMIGO com PIKACHU PRONTO na BATALHA DE CONSTRUÇÃO do MINECRAFT [XgtJEOSJDgs],,NT,NT,NT,"🎬 Canal: Cadres | 🎥 Vídeo: Trolei meu AMIGO com PIKACHU PRONTO na BATALHA DE CONSTRUÇÃO do MINECRAFT [XgtJEOSJDgs]
⏱️ Segmento/Index: 10
🤖 Consenso de IA: NT (Detoxify: 0.006 | Perspective: 0.154)
──────────────────────────────────────────────────
Fala transcrita:
""Agora que o Cadris tá sem internet Vamos procurar por uma esquemática de dragão no Minecraft Nossa, a gente vai achar um dragão muito mais bonito que o dele Só abrir em imagens e eu quero Esse dragão é pago, esse aqui também Tem que ser um dragão grátis Ah, aqui é um dragão vermelho Olha, esse tá muito bonito Vamos baixar esse dragão então Agora que eu peguei aquele dragão, eu vou colar ele aqui O nome tá salvo como Dagrão Eu nem sabia escrever direito Vamos só esperar carregar e colar o dragão Pronto, colei Tá aí o nosso dragão E ele deve tá muito mais bonito que o do Cadris Até porque o Cadris não conseguiu fazer nada E ele caiu da partida Eu vou agora ligar a internet do Cadris E ele vai entrar de novo Liguei Vamos ver se funciona Entrou, entrou Ué, apareceu ali no chat de novo que eu entrei na partida Eu acho que eu tinha bugado e é como se eu tivesse caído Mas agora tá rodando tudo lisinho Eu vou conseguir colar minha esquemática Cadris, acabou o tempo O quê? Não, o quê acabou o tempo?""",Avaliador_A,Avaliador_D
12,"Não, injusto, injusto Justo nada, tem que usar o que te quer Vamos lá, galera, vamos lá, galera Olha ele aqui, ai mano, pra bom, meu Sai, tropa, sai, não, sai Galera, narra pra nós, galera Nós saímos, aqui caiu Vai ter que ter outro aí, vai ter que ter outro aí Galera, vamos fazer outro aqui, a internet caiu aqui, olha Deus não achou justo, eu acho Foi verdade, Deus disse não, isso tá muito injusto Aí derrubou nossa internet, velho Ei, Eric, tava certo Nossa vitória, mano Nós ganhamos aqui, viu Vamos lá, galera, última chance Ele ganhou aquela lá, mas isso não significa que nós vamos ganhar essa aqui Não deixamos pra dar...",0.7302096486091614,0.2334180027246475,0.0363723710179328,NEG,0.0052439533174037,0.001372639206238,0.0206993445754051,0.0012941985623911,0.0137459523975849,0.0008756220340728,0.0010228378232568,0.008105109,meu nome é david,Roblox,TODO MUNDO CONTRA O  ERIK CARR NA PARTIDA DO STUMBLE GUYS [QpMtBEqyVpM],,NT,NT,NT,"🎬 Canal: meu nome é david | 🎥 Vídeo: TODO MUNDO CONTRA O  ERIK CARR NA PARTIDA DO STUMBLE GUYS [QpMtBEqyVpM]
⏱️ Segmento/Index: 12
🤖 Consenso de IA: NT (Detoxify: 0.005 | Perspective: 0.008)
──────────────────────────────────────────────────
Fala transcrita:
""Não, injusto, injusto Justo nada, tem que usar o que te quer Vamos lá, galera, vamos lá, galera Olha ele aqui, ai mano, pra bom, meu Sai, tropa, sai, não, sai Galera, narra pra nós, galera Nós saímos, aqui caiu Vai ter que ter outro aí, vai ter que ter outro aí Galera, vamos fazer outro aqui, a internet caiu aqui, olha Deus não achou justo, eu acho Foi verdade, Deus disse não, isso tá muito injusto Aí derrubou nossa internet, velho Ei, Eric, tava certo Nossa vitória, mano Nós ganhamos aqui, viu Vamos lá, galera, última chance Ele ganhou aquela lá, mas isso não significa que nós vamos ganhar essa aqui Não deixamos pra dar...""",Avaliador_A,Avaliador_D
5,"Ah, temos visitantes! Eu tô vendo eles ali! Pera, pera, pera! Olha só que legal, Iagão! Eu ganhei esse machado aqui do nosso chefe! Nossa, vira um... É, que ele tem uma propriedade diferente galera! Quando eu quebro qualquer madeira com esse bloco, olha só com esse machado, olha o que ele faz! Ele quebra todas as madeiras de uma vez! Eu fiquei sabendo que o tiozão lá da fazenda falou de plantar uma maçã, uma macieira! Então vamos dar uma olhada lá na fazenda pra ver como a gente pode trollar eles! Eu já tô até tomando aqui minha porção de visibilidade! Vou tomar a porção também! Bora mano! Vamos lá rapazes! Pocão, vamos passando aqui do lado! Vamos chegar perto aqui! Ó, eu tô vendo o Nick dos três ali do lado, hein! Calma, vamos passando devagar pra gente ver o que eles estão fazendo, família! Pessoal, ó! Os três estão ali, ó! Ó, tô vendo! Parece que agora eles pegaram uma macieira e estão também levando um bonimil, Poc! Pra fazer alguma coisa! Olha, vocês estão escondidos, hein? Os dois? Tô vendo, tô vendo!",0.0704288110136985,0.8311096429824829,0.0984615832567215,NEU,0.0266784578561782,0.0003699796798173,0.0078534102067351,0.0002852156758308,0.0104460129514336,0.001895256107673,0.0014509346801787,0.11192002,AuthenticGames,Minecraft,NOVA SÉRIE TROLLAMOS a FAZENDA dos NOSSOS AMIGOS no MINECRAFT - Minecraft Troll EP.01 [jgNPW2fuyQE],,NT,NT,NT,"🎬 Canal: AuthenticGames | 🎥 Vídeo: NOVA SÉRIE TROLLAMOS a FAZENDA dos NOSSOS AMIGOS no MINECRAFT - Minecraft Troll EP.01 [jgNPW2fuyQE]
⏱️ Segmento/Index: 5
🤖 Consenso de IA: NT (Detoxify: 0.027 | Perspective: 0.112)
──────────────────────────────────────────────────
Fala transcrita:
""Ah, temos visitantes! Eu tô vendo eles ali! Pera, pera, pera! Olha só que legal, Iagão! Eu ganhei esse machado aqui do nosso chefe! Nossa, vira um... É, que ele tem uma propriedade diferente galera! Quando eu quebro qualquer madeira com esse bloco, olha só com esse machado, olha o que ele faz! Ele quebra todas as madeiras de uma vez! Eu fiquei sabendo que o tiozão lá da fazenda falou de plantar uma maçã, uma macieira! Então vamos dar uma olhada lá na fazenda pra ver como a gente pode trollar eles! Eu já tô até tomando aqui minha porção de visibilidade! Vou tomar a porção também! Bora mano! Vamos lá rapazes! Pocão, vamos passando aqui do lado! Vamos chegar perto aqui! Ó, eu tô vendo o Nick dos três ali do lado, hein! Calma, vamos passando devagar pra gente ver o que eles estão fazendo, família! Pessoal, ó! Os três estão ali, ó! Ó, tô vendo! Parece que agora eles pegaram uma macieira e estão também levando um bonimil, Poc! Pra fazer alguma coisa! Olha, vocês estão escondidos, hein? Os dois? Tô vendo, tô vendo!""",Avaliador_A,Avaliador_D
3,"Eu tô caindo! NÃO! Eu falei pra você que você vai cair pro mundo normal agora! Não, não, não! Eu não vou, não vou! Eu vou tentar me ressa... NÃO! Nossa, eu caí em cima de uma nuvem! Pra cá, mano! Coen, eu tô pegando nuvens, velho! Mas como assim? Mas você não cai no mundo normal? Não, eu caí... Antes de cair no mundo normal, eu caí nesse mundo aqui, que eu tô agora, velho! Eu tô chegando aí, pra te ajudar! Tô chegando, fraco! Olha, Coen, tem várias nuvens de várias cores, velho! Pera, ó! Eu vou caindinho aqui, galera! Pera aí, vamos com o coelhinho... Ó, o que que é essa nuvem? Mano... NÃO! Nossa, ela joga! Caraca! Coen, a nuvem verde joga! Meu Deus, vou largar o coelho! Ah, meu Deus do céu! Eu ia te falar exatamente isso, tá? Algumas nuvens, elas jogam pro lado ou pra cima! Eu acho que agora a gente descobriu que a verde joga pro lado! Eu vou aproveitar o seguinte, galera! Eu vou deixar todos os itens que são do mundo normal, ou seja, né? Do Minecraft tradicional... Entra aqui do baú e vou jogar agora somente com as coisas desse mundo! Até a minha espada tá ficando pra trás, coelhinho! Porque aqui é sobrevivência nova!",0.4892515838146209,0.454133540391922,0.0566148683428764,NEG,0.2750162482261657,0.0064260442741215,0.0526895485818386,0.0042381705716252,0.0354874730110168,0.0062761954031884,0.0058724605478346,0.26859093,AuthenticGames,Minecraft,NOVOS ANIMAIS DA DIMENSÃO DO CÉU  - Minecraft Anjos 2 [n27IzqoScTQ],,GZ,GZ,GZ,"🎬 Canal: AuthenticGames | 🎥 Vídeo: NOVOS ANIMAIS DA DIMENSÃO DO CÉU  - Minecraft Anjos 2 [n27IzqoScTQ]
⏱️ Segmento/Index: 3
🤖 Consenso de IA: GZ (Detoxify: 0.275 | Perspective: 0.269)
──────────────────────────────────────────────────
Fala transcrita:
""Eu tô caindo! NÃO! Eu falei pra você que você vai cair pro mundo normal agora! Não, não, não! Eu não vou, não vou! Eu vou tentar me ressa... NÃO! Nossa, eu caí em cima de uma nuvem! Pra cá, mano! Coen, eu tô pegando nuvens, velho! Mas como assim? Mas você não cai no mundo normal? Não, eu caí... Antes de cair no mundo normal, eu caí nesse mundo aqui, que eu tô agora, velho! Eu tô chegando aí, pra te ajudar! Tô chegando, fraco! Olha, Coen, tem várias nuvens de várias cores, velho! Pera, ó! Eu vou caindinho aqui, galera! Pera aí, vamos com o coelhinho... Ó, o que que é essa nuvem? Mano... NÃO! Nossa, ela joga! Caraca! Coen, a nuvem verde joga! Meu Deus, vou largar o coelho! Ah, meu Deus do céu! Eu ia te falar exatamente isso, tá? Algumas nuvens, elas jogam pro lado ou pra cima! Eu acho que agora a gente descobriu que a verde joga pro lado! Eu vou aproveitar o seguinte, galera! Eu vou deixar todos os itens que são do mundo normal, ou seja, né? Do Minecraft tradicional... Entra aqui do baú e vou jogar agora somente com as coisas desse mundo! Até a minha espada tá ficando pra trás, coelhinho! Porque aqui é sobrevivência nova!""",Avaliador_A,Avaliador_D
7,"Mas o nosso irmão ta doido O que será que aconteceu, mami? Não sei, Lucas, será que ele jogou muito esse jogo? E ele ta preso aqui agora? Isso é Peck Peck, é você? Eu deveria segui-lo Eu acho que ele é um youtuber E ficou aqui Que isso gente, ele vai me pegar? Ele vai me pegar? Me pegou, mami O que é isso, Lucas? Ele ta comendo Filha, volta Ele tem a cabeça atrás O que é pra fazer, Lucas? Mami, aqui você tem que encontrar uma chave Enquanto você foge dele É isso, mami? Meu Deus, ele fica xingando Parece que é estúpido Dumb, pior não ser feio Nossa, você é?",0.1592167615890503,0.8113458156585693,0.0294374041259288,NEU,0.9424899220466614,0.009498082101345,0.0625716298818588,0.0084222666919231,0.0732223913073539,0.0037235957570374,0.0141183920204639,0.42349213,Luluca Games,Roblox,Roblox - ESCAPAMOS DA MENTE DO BONECO PACKSTABBER Mind of Packstabber Obby  Luluca Games [zWMUXcVGGsc],0.1592165976762771,T,T,T,"🎬 Canal: Luluca Games | 🎥 Vídeo: Roblox - ESCAPAMOS DA MENTE DO BONECO PACKSTABBER Mind of Packstabber Obby  Luluca Games [zWMUXcVGGsc]
⏱️ Segmento/Index: 7
🤖 Consenso de IA: T (Detoxify: 0.942 | Perspective: 0.423)
──────────────────────────────────────────────────
Fala transcrita:
""Mas o nosso irmão ta doido O que será que aconteceu, mami? Não sei, Lucas, será que ele jogou muito esse jogo? E ele ta preso aqui agora? Isso é Peck Peck, é você? Eu deveria segui-lo Eu acho que ele é um youtuber E ficou aqui Que isso gente, ele vai me pegar? Ele vai me pegar? Me pegou, mami O que é isso, Lucas? Ele ta comendo Filha, volta Ele tem a cabeça atrás O que é pra fazer, Lucas? Mami, aqui você tem que encontrar uma chave Enquanto você foge dele É isso, mami? Meu Deus, ele fica xingando Parece que é estúpido Dumb, pior não ser feio Nossa, você é?""",Avaliador_A,Avaliador_D
12,"Vocês estão jogando um dinossauro ali? Devagar, devagar, devagar! Tem que ir bem devagar. Isso, mais um pouco. Tá rápido! Mais um pouco. Tem que ir devagar! Isso, mais um pouco. Mais, mais, mais, mais, mais, mais devagar! Pronto, agora não vai cair. Tá quebrando! Não tá quebrando não, Amandinha, para de fazer medo. Tá sim! É, conseguimos! Viu? Aí! Agora não vai mais quebrar, a gente vai conseguir chegar no final. É, o trem é intacto. Eu acho que não pode ficar muito rápido também lá na chegada, viu? Porque senão vai quebrar. Será que vai? Tá balançando! Não, eu vou ir com toda a velocidade no final. Não! Eu vou! Tá balançando! Tá balançando, gente, segura! Vai cair! Vai cair! Passo, não! Não vai cair, não. Eu vou rápido porque eu gosto de rápido. Vai cair, vai cair, vai cair, vai cair! Não, Sofia, ele é forte!",0.8706826567649841,0.1035110130906105,0.0258062649518251,NEG,0.0303709506988525,0.0004453654692042,0.0082641616463661,0.0002412631583865,0.0039523425512015,0.0089367302134633,0.0019405189668759,0.19219314,Lokis,Roblox,BURACO DE AREIA MOVEDIÇA  Roblox - Fall into Quicksand [IR1qt9ECV1s],,NT,NT,NT,"🎬 Canal: Lokis | 🎥 Vídeo: BURACO DE AREIA MOVEDIÇA  Roblox - Fall into Quicksand [IR1qt9ECV1s]
⏱️ Segmento/Index: 12
🤖 Consenso de IA: NT (Detoxify: 0.03 | Perspective: 0.192)
──────────────────────────────────────────────────
Fala transcrita:
""Vocês estão jogando um dinossauro ali? Devagar, devagar, devagar! Tem que ir bem devagar. Isso, mais um pouco. Tá rápido! Mais um pouco. Tem que ir devagar! Isso, mais um pouco. Mais, mais, mais, mais, mais, mais devagar! Pronto, agora não vai cair. Tá quebrando! Não tá quebrando não, Amandinha, para de fazer medo. Tá sim! É, conseguimos! Viu? Aí! Agora não vai mais quebrar, a gente vai conseguir chegar no final. É, o trem é intacto. Eu acho que não pode ficar muito rápido também lá na chegada, viu? Porque senão vai quebrar. Será que vai? Tá balançando! Não, eu vou ir com toda a velocidade no final. Não! Eu vou! Tá balançando! Tá balançando, gente, segura! Vai cair! Vai cair! Passo, não! Não vai cair, não. Eu vou rápido porque eu gosto de rápido. Vai cair, vai cair, vai cair, vai cair! Não, Sofia, ele é forte!""",Avaliador_A,Avaliador_D
0,"Hoje a gente tem que construir um labirinto. Eu sou o senhor banana, eu quero que vocês façam labirinto, mas primeiro um labirinto bem simples, mas o que ficar melhor ganha e eu que decido. Pode deixar senhor banana, a gente vai fazer um labirinto bem simples e bem bonito, e é claro que eu vou ganhar, tchau. Não, vai ganhar, quero ver só então, peraí senhor banana, já volto. É, calma que eu esqueci de fechar a porta, agora sim, tchau. Como a gente tem que começar com um labirinto simples galera, eu vou começar fazendo com um bloco de ouro. Então eu vou subir apenas uma estrutura aqui, eu acho que aqui vai ser o começo do labirinto. Já sei o que eu vou fazer, vou pegar uma cerquinha aqui, vou fazer isso aqui e essa cerquinha vai indicar o início do labirinto, então o início ele é aqui, beleza? E eu vou fazer esse labirinto de ouro mano, então eu já vou fazer a passagem certa aqui. Então vou começar fazendo uma coisa doida assim, bem enroscada, mas também não pode ser muito grande né galera, que o primeiro labirinto é bem tranquilo. Então eu acho que essa aqui vai ser a saída e beleza.",0.0615694299340248,0.5081639289855957,0.4302666187286377,NEU,0.0052056848071515,0.0052127344533801,0.0402316451072692,0.0052702957764267,0.0363437533378601,0.0028443604242056,0.0014840128133073,0.18744208,Kass e KR,Minecraft,LABIRINTO de R1 vs LABIRINTO de R1.000.00000 no minecraft [PB1ZqATaxmc],,NT,NT,NT,"🎬 Canal: Kass e KR | 🎥 Vídeo: LABIRINTO de R1 vs LABIRINTO de R1.000.00000 no minecraft [PB1ZqATaxmc]
⏱️ Segmento/Index: 0
🤖 Consenso de IA: NT (Detoxify: 0.005 | Perspective: 0.187)
──────────────────────────────────────────────────
Fala transcrita:
""Hoje a gente tem que construir um labirinto. Eu sou o senhor banana, eu quero que vocês façam labirinto, mas primeiro um labirinto bem simples, mas o que ficar melhor ganha e eu que decido. Pode deixar senhor banana, a gente vai fazer um labirinto bem simples e bem bonito, e é claro que eu vou ganhar, tchau. Não, vai ganhar, quero ver só então, peraí senhor banana, já volto. É, calma que eu esqueci de fechar a porta, agora sim, tchau. Como a gente tem que começar com um labirinto simples galera, eu vou começar fazendo com um bloco de ouro. Então eu vou subir apenas uma estrutura aqui, eu acho que aqui vai ser o começo do labirinto. Já sei o que eu vou fazer, vou pegar uma cerquinha aqui, vou fazer isso aqui e essa cerquinha vai indicar o início do labirinto, então o início ele é aqui, beleza? E eu vou fazer esse labirinto de ouro mano, então eu já vou fazer a passagem certa aqui. Então vou começar fazendo uma coisa doida assim, bem enroscada, mas também não pode ser muito grande né galera, que o primeiro labirinto é bem tranquilo. Então eu acho que essa aqui vai ser a saída e beleza.""",Avaliador_A,Avaliador_D
14,"Porque todo mundo tá com a molinha, né? Tá com a molinha! Eu não tava! A mantinha, agora você aperta a parede! Tá bom! Olha! Agora eu acho que é uma florestinha! Uma florestinha! Olha, dá pra subir! Será que a gente consegue chegar no topo da florestinha com as nuvens? Eu acho que sim! Eu tô subindo a florestinha! 1, 2, 3, 4, 5... Cheguei! Cheguei na florestinha! Loquinho, Loquinho, Loquinho, campeão! Agora eu acho que eu vou... Gente, Tsunami! Tsunami! Sobe, sobe, sobe! Vai rápido! Sobe, sobe, sobe, sobe! Sobe, sobe, sobe, sobe! Sobe, sobe, sobe, sobe! Eu quero ficar na outra! Na outra? Amantinha, que que você vai fazer, Amantinha? Aperta! Quem mandou você fazer essa maldita, Amantinha? Você não viu que tinha um Tsunami do tamanho do mundo chegando, Amantinha?",0.0542103350162506,0.8440735340118408,0.1017160788178443,NEU,0.5829259753227234,0.0021273728925734,0.3329017758369446,0.0012143556959927,0.0451033078134059,0.0030629932880401,0.0030589811503887,0.20839658,Lokis,Roblox,CABEÇÃO AMARELINHO  Roblox [LGC0YFJjUy8],,GZ,GZ,GZ,"🎬 Canal: Lokis | 🎥 Vídeo: CABEÇÃO AMARELINHO  Roblox [LGC0YFJjUy8]
⏱️ Segmento/Index: 14
🤖 Consenso de IA: GZ (Detoxify: 0.583 | Perspective: 0.208)
──────────────────────────────────────────────────
Fala transcrita:
""Porque todo mundo tá com a molinha, né? Tá com a molinha! Eu não tava! A mantinha, agora você aperta a parede! Tá bom! Olha! Agora eu acho que é uma florestinha! Uma florestinha! Olha, dá pra subir! Será que a gente consegue chegar no topo da florestinha com as nuvens? Eu acho que sim! Eu tô subindo a florestinha! 1, 2, 3, 4, 5... Cheguei! Cheguei na florestinha! Loquinho, Loquinho, Loquinho, campeão! Agora eu acho que eu vou... Gente, Tsunami! Tsunami! Sobe, sobe, sobe! Vai rápido! Sobe, sobe, sobe, sobe! Sobe, sobe, sobe, sobe! Sobe, sobe, sobe, sobe! Eu quero ficar na outra! Na outra? Amantinha, que que você vai fazer, Amantinha? Aperta! Quem mandou você fazer essa maldita, Amantinha? Você não viu que tinha um Tsunami do tamanho do mundo chegando, Amantinha?""",Avaliador_A,Avaliador_D
5,"Como o terror... Pera aí. O Nub errou um pulo de um bloco, esse bloco ele veio. Ele errou isso. Nossa... Não, pô, é o leg, é o leg. Pera aí, deixa eu fazer uma baliza aqui, pera aí. Ué, como é que nem saiu do bot? A graminha alta. Nossa, mano, essa graminha tá acabando com tudo. Eita, gente, vocês viram que eu pisei na grama? Eita, eu tô de hack. Não, tá tudo longe, tá voltando aí. Mano, eu pisei na grama aqui, véi. Só que tipo assim, só na quilinha, mas eu pisei. Deixa eu ver se eu consigo ficar na quilinha da grama então. Tá, tenta aí. Zumbi, zumbi, zumbi, zumbi. Nossa, eu esqueci que eu não posso pisar na grama. Eu esqueci, velho. Vem cá pra caverninha, olha o que tá acontecendo aqui, véi. Eu tô lutando com o zumbi, calma aí. Mano, eu tô literalmente em cima da grama, véi. Ele tá lutando com o irmão dele, o zumbizinho. Ah, não. Ai, ai.",0.6502140164375305,0.3201394379138946,0.0296465251594781,NEG,0.2166660577058792,0.0012479786528274,0.0248396098613739,0.0018684194656088,0.0547195933759212,0.009444891475141,0.005093574989587,0.38601747,Geleia,Minecraft,minecraft mas você NÃO PODE TOCAR NA GRAMA [c0gmy8glSjs],,GZ,GZ,GZ,"🎬 Canal: Geleia | 🎥 Vídeo: minecraft mas você NÃO PODE TOCAR NA GRAMA [c0gmy8glSjs]
⏱️ Segmento/Index: 5
🤖 Consenso de IA: GZ (Detoxify: 0.217 | Perspective: 0.386)
──────────────────────────────────────────────────
Fala transcrita:
""Como o terror... Pera aí. O Nub errou um pulo de um bloco, esse bloco ele veio. Ele errou isso. Nossa... Não, pô, é o leg, é o leg. Pera aí, deixa eu fazer uma baliza aqui, pera aí. Ué, como é que nem saiu do bot? A graminha alta. Nossa, mano, essa graminha tá acabando com tudo. Eita, gente, vocês viram que eu pisei na grama? Eita, eu tô de hack. Não, tá tudo longe, tá voltando aí. Mano, eu pisei na grama aqui, véi. Só que tipo assim, só na quilinha, mas eu pisei. Deixa eu ver se eu consigo ficar na quilinha da grama então. Tá, tenta aí. Zumbi, zumbi, zumbi, zumbi. Nossa, eu esqueci que eu não posso pisar na grama. Eu esqueci, velho. Vem cá pra caverninha, olha o que tá acontecendo aqui, véi. Eu tô lutando com o zumbi, calma aí. Mano, eu tô literalmente em cima da grama, véi. Ele tá lutando com o irmão dele, o zumbizinho. Ah, não. Ai, ai.""",Avaliador_A,Avaliador_D
1,"E, galera, meu objetivo é chegarmos ali em cima juntos pra conseguirmos levar o nosso guarda que tá lá na base ali pra cima, velho, porque não tem como, galera. Ele tá atrapalhando o churrasco, atrapalhando a nossa Xepa, filho. Tem como nada acontecer mais, né, Imarô? Ó, pessoal, o que a gente vai precisar é de um pouco de bloco pra tentar chegar lá no topo daquela ilha, porque eu quero muito, família, ver o que tem ali em cima. Lembrando, se vocês estão gostando da nossa série de Minecraft temporada de caça, cara, não se esquece de deixar um joinha nesse vídeo, de se inscrever aqui no canal. Tamo mano, Authentic Games, que ajuda muito a nossa família a continuar crescendo a cada dia mais, né, Iagão? Nossa, que susto! Ajuda muita família, então vamos lá. O que aconteceu? Eu peguei bloco aqui, ó, tá pegando uns bloquinhos aqui. Imarô, você vai ficar aí embaixo fazendo churrasco, filho? Ah, filho, você quer que eu vá junto? Você quer que eu leve meus treinos lá pra cima? Imarô, velho, você já sabe a resposta, né, velho, ó. Eu vou subindo aqui, galera, deixa eu aproveitar que, ó, jogar o nosso grappling hook aqui em cima. Opa, opa, opa, mano.",0.2754141986370086,0.6419560313224792,0.0826297923922538,NEU,0.0371278449892997,0.0013267309404909,0.0165266580879688,0.0011940286494791,0.0178443845361471,0.0016126796836033,0.0040429667569696,0.1460314,AuthenticGames,Minecraft,CASA DO GUARDIAN NO MINECRAFT - Minecraft Temporada de Caça EP.09 [HTa3xiNN03E],,NT,NT,NT,"🎬 Canal: AuthenticGames | 🎥 Vídeo: CASA DO GUARDIAN NO MINECRAFT - Minecraft Temporada de Caça EP.09 [HTa3xiNN03E]
⏱️ Segmento/Index: 1
🤖 Consenso de IA: NT (Detoxify: 0.037 | Perspective: 0.146)
──────────────────────────────────────────────────
Fala transcrita:
""E, galera, meu objetivo é chegarmos ali em cima juntos pra conseguirmos levar o nosso guarda que tá lá na base ali pra cima, velho, porque não tem como, galera. Ele tá atrapalhando o churrasco, atrapalhando a nossa Xepa, filho. Tem como nada acontecer mais, né, Imarô? Ó, pessoal, o que a gente vai precisar é de um pouco de bloco pra tentar chegar lá no topo daquela ilha, porque eu quero muito, família, ver o que tem ali em cima. Lembrando, se vocês estão gostando da nossa série de Minecraft temporada de caça, cara, não se esquece de deixar um joinha nesse vídeo, de se inscrever aqui no canal. Tamo mano, Authentic Games, que ajuda muito a nossa família a continuar crescendo a cada dia mais, né, Iagão? Nossa, que susto! Ajuda muita família, então vamos lá. O que aconteceu? Eu peguei bloco aqui, ó, tá pegando uns bloquinhos aqui. Imarô, você vai ficar aí embaixo fazendo churrasco, filho? Ah, filho, você quer que eu vá junto? Você quer que eu leve meus treinos lá pra cima? Imarô, velho, você já sabe a resposta, né, velho, ó. Eu vou subindo aqui, galera, deixa eu aproveitar que, ó, jogar o nosso grappling hook aqui em cima. Opa, opa, opa, mano.""",Avaliador_A,Avaliador_D
1,"Então, vamos embora aqui, a gente tem que pegar bastante madeira aqui, aí a gente constrói umas pontes e algumas coisas assim, entendeu? Pra gente sobreviver, é só isso. Ah, tá bom, é simples. Tá bom não, daqui a pouco vocês vão ver só. Parece fácil. Só parece mesmo, não, ela é bem difícil, viu? Mas é melhor a gente pegar a pedra então, porque a madeira vai queimar, não é? Não, mas eu tirei o firetick, é porque se botar o firetick o firetick... Ah, boa. Trava muito, entendeu? E aí vai ficar muito... É, porque vai pegar uma... E aí ela já tá aqui, mano! Nossa, mas ela já tá aqui em cima! O que? A lava já está aqui em cima! Não, é porque você desceu muito! Não, não, não, é aqui em cima mesmo! Aonde? Aqui em cima e aqui embaixo mesmo. Mano, mas cadê a lava que eu não tô vendo? Eu também não, acho que tá mentindo pra mim. Ah, vocês já vão ver... Vocês já acham que eu tô mentindo? Tá bom, já espera aí então, vocês vão ver... Já, já, eu vou sair daqui... Ah, já vou morrer, já vou morrer! Não, não, não, não, não! Eu não posso morrer, eu não posso morrer!",0.4548926651477813,0.4928657114505768,0.0522417016327381,NEU,0.2678537368774414,0.0026696065906435,0.0465605445206165,0.000714911147952,0.0165883228182792,0.0170914605259895,0.0026158541440963,0.20973456,Kass e KR,Minecraft,A LAVA SOBE A CADA 15 SEGUNDOS NO MINECRAFT Part. MultiGirlBr  N0ylan [p3Xw2OlpJl8],,GZ,GZ,GZ,"🎬 Canal: Kass e KR | 🎥 Vídeo: A LAVA SOBE A CADA 15 SEGUNDOS NO MINECRAFT Part. MultiGirlBr  N0ylan [p3Xw2OlpJl8]
⏱️ Segmento/Index: 1
🤖 Consenso de IA: GZ (Detoxify: 0.268 | Perspective: 0.21)
──────────────────────────────────────────────────
Fala transcrita:
""Então, vamos embora aqui, a gente tem que pegar bastante madeira aqui, aí a gente constrói umas pontes e algumas coisas assim, entendeu? Pra gente sobreviver, é só isso. Ah, tá bom, é simples. Tá bom não, daqui a pouco vocês vão ver só. Parece fácil. Só parece mesmo, não, ela é bem difícil, viu? Mas é melhor a gente pegar a pedra então, porque a madeira vai queimar, não é? Não, mas eu tirei o firetick, é porque se botar o firetick o firetick... Ah, boa. Trava muito, entendeu? E aí vai ficar muito... É, porque vai pegar uma... E aí ela já tá aqui, mano! Nossa, mas ela já tá aqui em cima! O que? A lava já está aqui em cima! Não, é porque você desceu muito! Não, não, não, é aqui em cima mesmo! Aonde? Aqui em cima e aqui embaixo mesmo. Mano, mas cadê a lava que eu não tô vendo? Eu também não, acho que tá mentindo pra mim. Ah, vocês já vão ver... Vocês já acham que eu tô mentindo? Tá bom, já espera aí então, vocês vão ver... Já, já, eu vou sair daqui... Ah, já vou morrer, já vou morrer! Não, não, não, não, não! Eu não posso morrer, eu não posso morrer!""",Avaliador_A,Avaliador_D
0,"JP eu não acredito que a gente encontrou o McFly gigante de Lucky Block É isso é incrível e o mais engraçado é que até com os blocos da sorte ou do azar você continua mais cabeçudo do que nunca Ó e se você continuar falando essa bobagem eu vou pedir pro McFly gigante esmagar Ô calminha aí eu não tô falando bobagem coisa nenhuma tá todo mundo vendo o tamanho do seu cabeção E eu acho que essa nossa aventura de hoje vai ser muito supimpa Nós temos a missão de quebrar esses Lucky Blocks e sobreviver até o final É JP só que eu só vou te ajudar a quebrar todos esses Lucky Blocks por uma condição Ai qual condição é essa hein seu cabeçudo Se todo mundo que estiver assistindo esse vídeo agora deixa o like, se inscrever no canal e ativa o sininho Ai então pra você me ajudar o pessoal tem que deixar muito like e se inscrever no canal e ativar o sininho Vocês escutaram o McFly do cabeção né opa ele vai ficar bravo cara mas eu não tô nem aí",0.0721225515007972,0.1573682874441146,0.7705091834068298,POS,0.2842918634414673,0.0051668561063706,0.0419385321438312,0.0046102371998131,0.0509948246181011,0.005689253564924,0.0059856786392629,0.3625127,JP Plays,Minecraft,SOBREVIVA AO DESAFIO DO MCFLY GIGANTE DE LUCKY BLOCK NO MINECRAFT [gqPx1urhETE],,GZ,GZ,GZ,"🎬 Canal: JP Plays | 🎥 Vídeo: SOBREVIVA AO DESAFIO DO MCFLY GIGANTE DE LUCKY BLOCK NO MINECRAFT [gqPx1urhETE]
⏱️ Segmento/Index: 0
🤖 Consenso de IA: GZ (Detoxify: 0.284 | Perspective: 0.363)
──────────────────────────────────────────────────
Fala transcrita:
""JP eu não acredito que a gente encontrou o McFly gigante de Lucky Block É isso é incrível e o mais engraçado é que até com os blocos da sorte ou do azar você continua mais cabeçudo do que nunca Ó e se você continuar falando essa bobagem eu vou pedir pro McFly gigante esmagar Ô calminha aí eu não tô falando bobagem coisa nenhuma tá todo mundo vendo o tamanho do seu cabeção E eu acho que essa nossa aventura de hoje vai ser muito supimpa Nós temos a missão de quebrar esses Lucky Blocks e sobreviver até o final É JP só que eu só vou te ajudar a quebrar todos esses Lucky Blocks por uma condição Ai qual condição é essa hein seu cabeçudo Se todo mundo que estiver assistindo esse vídeo agora deixa o like, se inscrever no canal e ativa o sininho Ai então pra você me ajudar o pessoal tem que deixar muito like e se inscrever no canal e ativar o sininho Vocês escutaram o McFly do cabeção né opa ele vai ficar bravo cara mas eu não tô nem aí""",Avaliador_A,Avaliador_D
15,"Isso tava fora dos planos, mano. Meu Deus, foi sem querer. Agora a gente tem que arrumar mais trabalho, Caio. Tá indo o patinho, velho. Vamos lá falar com o villager pra ver se ele tem mais trabalho pra gente, então. Eu não tenho mais trabalho, não. Some daqui. Que isso? Que grosseria, cara. A gente tá comprando tanto que você, seu villager. Um diamante, um diamante. Eu dou dinheiro pra vocês. Tá bom, tá bom. Deixa o Ninho e o Nato falar. Ah, sai daqui logo. Ai, meu Deus do céu. Tá bom, desculpa. Hahaha! Credo, mano. Eu não vou voltar mais aqui nessa espeluca, não, viu? Esse villager tá muito chateado. Vou pegar minha bicicletinha e vou sair por aí sem o rumo também. Cadê a sua bica? Caramba, calma aí. Ai, não, peraí! Nunca consegue me pegar minha bicicletinha mais rápido que você. Não, eu consigo, só que eu parei, mano. Ah, tá. Mas agora eu pedia de pilotar minha bicicletinha, hein. Bicicletinha. Oh, mano. Vamos lá. A gente tem que pegar o diamante. A gente tem uma picareta super forte, velho.",0.7769635319709778,0.159253180027008,0.0637832880020141,NEG,0.3616773188114166,0.0019397736759856,0.058244302868843,0.0025728165637701,0.0812803655862808,0.0055392398498952,0.0171516425907611,0.3286776,Kass e KR,Minecraft,Minecraft de R100 vs R1.00000 [L7c2a8YM3w0],,GZ,GZ,GZ,"🎬 Canal: Kass e KR | 🎥 Vídeo: Minecraft de R100 vs R1.00000 [L7c2a8YM3w0]
⏱️ Segmento/Index: 15
🤖 Consenso de IA: GZ (Detoxify: 0.362 | Perspective: 0.329)
──────────────────────────────────────────────────
Fala transcrita:
""Isso tava fora dos planos, mano. Meu Deus, foi sem querer. Agora a gente tem que arrumar mais trabalho, Caio. Tá indo o patinho, velho. Vamos lá falar com o villager pra ver se ele tem mais trabalho pra gente, então. Eu não tenho mais trabalho, não. Some daqui. Que isso? Que grosseria, cara. A gente tá comprando tanto que você, seu villager. Um diamante, um diamante. Eu dou dinheiro pra vocês. Tá bom, tá bom. Deixa o Ninho e o Nato falar. Ah, sai daqui logo. Ai, meu Deus do céu. Tá bom, desculpa. Hahaha! Credo, mano. Eu não vou voltar mais aqui nessa espeluca, não, viu? Esse villager tá muito chateado. Vou pegar minha bicicletinha e vou sair por aí sem o rumo também. Cadê a sua bica? Caramba, calma aí. Ai, não, peraí! Nunca consegue me pegar minha bicicletinha mais rápido que você. Não, eu consigo, só que eu parei, mano. Ah, tá. Mas agora eu pedia de pilotar minha bicicletinha, hein. Bicicletinha. Oh, mano. Vamos lá. A gente tem que pegar o diamante. A gente tem uma picareta super forte, velho.""",Avaliador_A,Avaliador_D
7,"Chegou a pig de novo Eu vou dar um tiro na pig de longe Gente, pronto, acho que foi meu tiro Eu acho que foi meu tiro que funcionou e fez ela ser destruída Mas eu vou esperar porque ela renasce bem aqui que ela renasce Então eu vou esperar aqui com a espada Porque quando ela renascer vai ser eu quem vai destruí-la Eu já estou cansada dessa história aí das pessoas me destruindo Eu que destruo a cabeça da pig está voando, gente Olha onde ela está indo para É uma bola rosa gigante Ela voltou Ela voltou e lá vou eu Lá vou eu Olha, estou dando espadada Eu acho que tiro é bem mais legal Acho que tiro ajuda a destruir bem mais Tá, mas tiro não dá para dar muitas vezes Opa, eu não tiro em outra pessoa É na pig Tá, também não pode encostar nela que já era Nossa, isso aqui é muito complicado para mim Eu não tenho capacidade Ai, agora a pig está funcionando Mas nunca funciona direito Eu estava tentando correr atrás das pessoas Só que as pessoas destroem primeiro É, gente Eu acho que esse jogo também não ia servir para ser um capítulo secreto da pig Eu acho que a gente vai ter que ir atrás de outro Esse está dizendo ser uma montanha russa de pig",0.4447651505470276,0.3622701168060303,0.1929647326469421,NEG,0.8587124347686768,0.0128208277747035,0.0528613924980163,0.0071725477464497,0.0429484583437442,0.0906782671809196,0.0171572305262088,0.4269174,Papile,Roblox,DESCOBRI UM MAPA SECRETO DA PIGGY DO ROBLOX INACREDITÁVEL [_wyPyan5mDY],,T,T,T,"🎬 Canal: Papile | 🎥 Vídeo: DESCOBRI UM MAPA SECRETO DA PIGGY DO ROBLOX INACREDITÁVEL [_wyPyan5mDY]
⏱️ Segmento/Index: 7
🤖 Consenso de IA: T (Detoxify: 0.859 | Perspective: 0.427)
──────────────────────────────────────────────────
Fala transcrita:
""Chegou a pig de novo Eu vou dar um tiro na pig de longe Gente, pronto, acho que foi meu tiro Eu acho que foi meu tiro que funcionou e fez ela ser destruída Mas eu vou esperar porque ela renasce bem aqui que ela renasce Então eu vou esperar aqui com a espada Porque quando ela renascer vai ser eu quem vai destruí-la Eu já estou cansada dessa história aí das pessoas me destruindo Eu que destruo a cabeça da pig está voando, gente Olha onde ela está indo para É uma bola rosa gigante Ela voltou Ela voltou e lá vou eu Lá vou eu Olha, estou dando espadada Eu acho que tiro é bem mais legal Acho que tiro ajuda a destruir bem mais Tá, mas tiro não dá para dar muitas vezes Opa, eu não tiro em outra pessoa É na pig Tá, também não pode encostar nela que já era Nossa, isso aqui é muito complicado para mim Eu não tenho capacidade Ai, agora a pig está funcionando Mas nunca funciona direito Eu estava tentando correr atrás das pessoas Só que as pessoas destroem primeiro É, gente Eu acho que esse jogo também não ia servir para ser um capítulo secreto da pig Eu acho que a gente vai ter que ir atrás de outro Esse está dizendo ser uma montanha russa de pig""",Avaliador_A,Avaliador_D
46,"Você só tá andando. Você foi embora? Você me largou? Eu fui fazer um teste, né, velho. Eu fui fazer um teste rapidamente rápido. Nossa, eu saí do jogo. Pô, Rimaro, o que você acha de a gente jogar um Mucky, velho? Cara, eu acho que ia ser massa, hein. Nós já evoluímos muito aqui, né, no Bendy. Galera, esse mapa do Bendy é muito legal, muito fera. Eu queria só deixar aqui, ó, agradecer. Todo mundo tá na live, a gente vai jogar Mucky. Bota a gente no chat ali. Deixa pra que a galera tá falando, Matheusão. Show the bolas. Show the bolas. Show the bolas. Aquele Muckyzinho de leve, galera. Pô. Bora, mano. Pô, Bendy aqui. A gente tem que sobreviver mais no Mucky, né, meu? A gente tava ruim nesse... Galera, esses dias a gente fez uma live jogando Mucky, velho. O jogo é muito diferente. Muito, muito, muito diferente. A Julia falou assim, ó, tem gente que te amo.",0.0673594623804092,0.862084150314331,0.0705563426017761,NEU,0.2124793380498886,0.004303045105189,0.0368118956685066,0.0039241355843842,0.0379954390227794,0.0023795200977474,0.0154239730909466,0.29953843,AuthenticGames,Minecraft,AUTHENTICGAMES VIROU o BEN 10 no MINECRAFT - Livestream [38hilB0RKrU],,GZ,GZ,GZ,"🎬 Canal: AuthenticGames | 🎥 Vídeo: AUTHENTICGAMES VIROU o BEN 10 no MINECRAFT - Livestream [38hilB0RKrU]
⏱️ Segmento/Index: 46
🤖 Consenso de IA: GZ (Detoxify: 0.212 | Perspective: 0.3)
──────────────────────────────────────────────────
Fala transcrita:
""Você só tá andando. Você foi embora? Você me largou? Eu fui fazer um teste, né, velho. Eu fui fazer um teste rapidamente rápido. Nossa, eu saí do jogo. Pô, Rimaro, o que você acha de a gente jogar um Mucky, velho? Cara, eu acho que ia ser massa, hein. Nós já evoluímos muito aqui, né, no Bendy. Galera, esse mapa do Bendy é muito legal, muito fera. Eu queria só deixar aqui, ó, agradecer. Todo mundo tá na live, a gente vai jogar Mucky. Bota a gente no chat ali. Deixa pra que a galera tá falando, Matheusão. Show the bolas. Show the bolas. Show the bolas. Aquele Muckyzinho de leve, galera. Pô. Bora, mano. Pô, Bendy aqui. A gente tem que sobreviver mais no Mucky, né, meu? A gente tava ruim nesse... Galera, esses dias a gente fez uma live jogando Mucky, velho. O jogo é muito diferente. Muito, muito, muito diferente. A Julia falou assim, ó, tem gente que te amo.""",Avaliador_A,Avaliador_D
9,"É uma tartaruga ninja! Tchum! Essa é uma tatatata! Ela pula alto, ela corre rápido, ela faz tudo rápido, porque ela é uma tartaruga! Quem é isso que tu dá? Eu sou o Flash! É muito rápido! Carrega a gente lá, que sacasca gigante! Não, eu vou usar a minha velocidade pra eu pegar todas as frutinhas do mapa! Ah! Deixem um pouquinho! Deixem um pouquinho pra gente! Estou pegando todas as frutinhas do mapa e estou ficando muito forte! Compra, compra, compra! E eu já estou nível 118, será que eu vou conseguir chegar no nível 122? Será que eu vou? O que será que tem lá? Vamos ver, hein gente, vamos ver! Eu estou bem aqui! Oi, Sofia! Oi! Oi, me carrega, vai! Você quer ver eu virando uma outra tartaruga? Sim! Agora eu sou uma tartaruga vermelha!",0.0317195877432823,0.4828140437602997,0.4854663610458374,POS,0.7462400794029236,0.0060348035767674,0.0734010189771652,0.0054743681102991,0.0576973147690296,0.0076935170218348,0.0102129150182008,0.3250515,Lokis,Roblox,INSETO TARTARUGA MUTANTE  Roblox - Little World [EpadU65OYdI],,GZ,GZ,GZ,"🎬 Canal: Lokis | 🎥 Vídeo: INSETO TARTARUGA MUTANTE  Roblox - Little World [EpadU65OYdI]
⏱️ Segmento/Index: 9
🤖 Consenso de IA: GZ (Detoxify: 0.746 | Perspective: 0.325)
──────────────────────────────────────────────────
Fala transcrita:
""É uma tartaruga ninja! Tchum! Essa é uma tatatata! Ela pula alto, ela corre rápido, ela faz tudo rápido, porque ela é uma tartaruga! Quem é isso que tu dá? Eu sou o Flash! É muito rápido! Carrega a gente lá, que sacasca gigante! Não, eu vou usar a minha velocidade pra eu pegar todas as frutinhas do mapa! Ah! Deixem um pouquinho! Deixem um pouquinho pra gente! Estou pegando todas as frutinhas do mapa e estou ficando muito forte! Compra, compra, compra! E eu já estou nível 118, será que eu vou conseguir chegar no nível 122? Será que eu vou? O que será que tem lá? Vamos ver, hein gente, vamos ver! Eu estou bem aqui! Oi, Sofia! Oi! Oi, me carrega, vai! Você quer ver eu virando uma outra tartaruga? Sim! Agora eu sou uma tartaruga vermelha!""",Avaliador_A,Avaliador_D
8,"Senta na cadeira, McFly Eita, eita McFly, me que foda Que demais, que demais Que da hora, eu quero estar indo também, eu vou comprar uma pra mim, pera, eu vou comprar uma pra mim e vou alcançar ele, pessoal, vou alcançar ele Opa! Me vê mais uma cadeira, me vê, vamos apostar uma corrida de pau que eu já te vi, seu, agora Eita, pera, você tá bem, McFly Ah, tá, mas eu volto devagarzinho Volto devagarzinho, tá, então vamos lá Cadê uma, pera aí, pera aí Pera, eu comprei aqui uma pra você, ó, vamos apostar uma, eita, tem três agora Vamos apostar três, tá Eu vou nessa daqui, ó, que você colocou, você vai na outra, vai, aciona a sua Eu aciono a sua e você aciona a minha Tá, um, dois, três e... Aciona! Beleza, beleza Monta na cadeira e vamos decolar, pessoal Os fogos é difícil Opa, tô ganhando Tá estourando fogos é difícil, meu Deus do céu, tá subindo Tá subindo muito alto, hum, que loucura Olha, pra ver, eu tô na selha inteira, tô indo, tá na Disney aqui mesmo Ai, caí Ah, tem amortecedor ainda por cima Tô me sentindo na Disney mesmo, que legal, tudo perseguro Não tem um filme que alguém saiu voando na cadeira Acho que é o Cucu me supando, hein Acho que é, não lembro agora, ó, vamos ver esse aqui De arco-íris, esse aqui também deve ser legal, porque é grandão, né Vamos ver, tá subindo, tá subindo, tá subindo, tá subi...",0.0705064237117767,0.6307862401008606,0.2987073063850403,NEU,0.9102861285209656,0.016941487789154,0.0755981877446174,0.0080449758097529,0.062796451151371,0.0059526432305574,0.0869652777910232,0.52007306,JP Plays,Minecraft,COMO USAR OS NOVOS ITENS ADICIONADOS NO MINECRAFT [QvZyBcOUFyM],,T,T,T,"🎬 Canal: JP Plays | 🎥 Vídeo: COMO USAR OS NOVOS ITENS ADICIONADOS NO MINECRAFT [QvZyBcOUFyM]
⏱️ Segmento/Index: 8
🤖 Consenso de IA: T (Detoxify: 0.91 | Perspective: 0.52)
──────────────────────────────────────────────────
Fala transcrita:
""Senta na cadeira, McFly Eita, eita McFly, me que foda Que demais, que demais Que da hora, eu quero estar indo também, eu vou comprar uma pra mim, pera, eu vou comprar uma pra mim e vou alcançar ele, pessoal, vou alcançar ele Opa! Me vê mais uma cadeira, me vê, vamos apostar uma corrida de pau que eu já te vi, seu, agora Eita, pera, você tá bem, McFly Ah, tá, mas eu volto devagarzinho Volto devagarzinho, tá, então vamos lá Cadê uma, pera aí, pera aí Pera, eu comprei aqui uma pra você, ó, vamos apostar uma, eita, tem três agora Vamos apostar três, tá Eu vou nessa daqui, ó, que você colocou, você vai na outra, vai, aciona a sua Eu aciono a sua e você aciona a minha Tá, um, dois, três e... Aciona! Beleza, beleza Monta na cadeira e vamos decolar, pessoal Os fogos é difícil Opa, tô ganhando Tá estourando fogos é difícil, meu Deus do céu, tá subindo Tá subindo muito alto, hum, que loucura Olha, pra ver, eu tô na selha inteira, tô indo, tá na Disney aqui mesmo Ai, caí Ah, tem amortecedor ainda por cima Tô me sentindo na Disney mesmo, que legal, tudo perseguro Não tem um filme que alguém saiu voando na cadeira Acho que é o Cucu me supando, hein Acho que é, não lembro agora, ó, vamos ver esse aqui De arco-íris, esse aqui também deve ser legal, porque é grandão, né Vamos ver, tá subindo, tá subindo, tá subindo, tá subi...""",Avaliador_A,Avaliador_D
1,"A gente tá no parque de diversões, pessoal Acho que esse mapa é novo É novo, é novo Muito massa Opa, tem uma pessoa comprando ingresso... Ah, morri A que está amando? Ai, pai! Eu spawnei do teu lado, Jú Não! Que isso, menina? Eu spawnei do lado da Jú Ai, meu Deus, eu só tô morrendo, gente Oi, eu tô usando o meu... Nossa, que isso Eu tô usando uma arminha que é duas, sabe? Daí sai de duas balas Ah, daí não vale, daí não vale Júlia! Aí, ó, mãe, cadê as suas arminhas? Júlia! Cadê as suas arminhas? Minhas arminhas? Já vou te mostrar as minhas arminhas Quer saber? Deu de brincadeira agora Ah, eu tô com um Você não tava jogando sério?",0.0597814284265041,0.2906347215175628,0.6495838165283203,POS,0.2827126383781433,0.0027680392377078,0.0362143367528915,0.0027912599034607,0.0352011024951934,0.0040024332702159,0.0085783936083316,0.36456755,Julia MineGirl,Roblox,Roblox - PAINTBALL NO PARQUE DE DIVERSÕES Big Paintball [lTqVt0XM9Ug],,GZ,GZ,GZ,"🎬 Canal: Julia MineGirl | 🎥 Vídeo: Roblox - PAINTBALL NO PARQUE DE DIVERSÕES Big Paintball [lTqVt0XM9Ug]
⏱️ Segmento/Index: 1
🤖 Consenso de IA: GZ (Detoxify: 0.283 | Perspective: 0.365)
──────────────────────────────────────────────────
Fala transcrita:
""A gente tá no parque de diversões, pessoal Acho que esse mapa é novo É novo, é novo Muito massa Opa, tem uma pessoa comprando ingresso... Ah, morri A que está amando? Ai, pai! Eu spawnei do teu lado, Jú Não! Que isso, menina? Eu spawnei do lado da Jú Ai, meu Deus, eu só tô morrendo, gente Oi, eu tô usando o meu... Nossa, que isso Eu tô usando uma arminha que é duas, sabe? Daí sai de duas balas Ah, daí não vale, daí não vale Júlia! Aí, ó, mãe, cadê as suas arminhas? Júlia! Cadê as suas arminhas? Minhas arminhas? Já vou te mostrar as minhas arminhas Quer saber? Deu de brincadeira agora Ah, eu tô com um Você não tava jogando sério?""",Avaliador_A,Avaliador_D
4,"Comentem ai embaixo uma nota de 0 a 10 pra Zizi que eu me transformei Eu gostei muito, achei que tá bem parecido e vocês? E agora a gente vai jogar Pig vestidos de Zizi, mas eu estou com uma curiosidade Será que existe algum jogo da Zizi aqui no Roblox? Vamos ver aqui em jogos, vamos observar e tem gente, tem vários jogos aqui que a Zizi aparece Olha só, sobreviva a Zizi, tá mas não tem ninguém jogando, será que é bom jogar isso aqui?",0.0318371951580047,0.5094248652458191,0.4587379395961761,NEU,0.0021336094941943,0.0061011984944343,0.0406765565276145,0.0073052672669291,0.0406116843223571,0.0022261801641434,0.0012970546958968,0.06263174,Papile,Roblox,VIREI A ZIZZY PARA JOGAR PIGGY no ROBLOX [DS9ZOpjLt1A],,NT,NT,NT,"🎬 Canal: Papile | 🎥 Vídeo: VIREI A ZIZZY PARA JOGAR PIGGY no ROBLOX [DS9ZOpjLt1A]
⏱️ Segmento/Index: 4
🤖 Consenso de IA: NT (Detoxify: 0.002 | Perspective: 0.063)
──────────────────────────────────────────────────
Fala transcrita:
""Comentem ai embaixo uma nota de 0 a 10 pra Zizi que eu me transformei Eu gostei muito, achei que tá bem parecido e vocês? E agora a gente vai jogar Pig vestidos de Zizi, mas eu estou com uma curiosidade Será que existe algum jogo da Zizi aqui no Roblox? Vamos ver aqui em jogos, vamos observar e tem gente, tem vários jogos aqui que a Zizi aparece Olha só, sobreviva a Zizi, tá mas não tem ninguém jogando, será que é bom jogar isso aqui?""",Avaliador_A,Avaliador_D
56,"to fazendo ela agora pro pernambulo aqui é o paraíso dessa namoradinha, que isso, tem muita namoradinha tem muita namoradinha a tnt me nota, volta a gravar, um dia quero ser youtuber não sabia que galera mano essa é a pira, a galera acha que eu virei assim youtuber galera mano isso é a graça de deus família cara eu me pego altas vezes antes de dormir pensando, falando que doidura é essa mano você ta doido, que doidura é que eu tenho as minhas introspecções velho todo mundo tem um dia que tira eu gosto de introspectar eu falo caraca que brisa é essa que nós estamos vivendo e ai mano família nunca imaginei velho caraca que um dia eu ia ter um canal no youtube velho quando eu criei o meu canal família achei que era um, ia ser um negocinho que eu ia começar e ia acabar, pocão deus pra fazer a tnt? fiz três aqui aqui que mano multiplica porque eu já encontrei o bichão aqui velho vou começar a multiplicar eu vou ficar aqui em cima da madeira pra ele não comer meu pé bicho de pé, quem já teve bicho de pé na roça galera?",0.084476888179779,0.2666603922843933,0.6488626599311829,POS,0.6618209481239319,0.0069477255456149,0.0616409704089164,0.0093753430992364,0.0562654808163642,0.00415298063308,0.0420875400304794,0.37955463,AuthenticGames,Minecraft,ÁRVORE QUE MULTIPLICA MINÉRIOS  - Minecraft Orespawn 03 [SvtCFwsfkmM],,GZ,GZ,GZ,"🎬 Canal: AuthenticGames | 🎥 Vídeo: ÁRVORE QUE MULTIPLICA MINÉRIOS  - Minecraft Orespawn 03 [SvtCFwsfkmM]
⏱️ Segmento/Index: 56
🤖 Consenso de IA: GZ (Detoxify: 0.662 | Perspective: 0.38)
──────────────────────────────────────────────────
Fala transcrita:
""to fazendo ela agora pro pernambulo aqui é o paraíso dessa namoradinha, que isso, tem muita namoradinha tem muita namoradinha a tnt me nota, volta a gravar, um dia quero ser youtuber não sabia que galera mano essa é a pira, a galera acha que eu virei assim youtuber galera mano isso é a graça de deus família cara eu me pego altas vezes antes de dormir pensando, falando que doidura é essa mano você ta doido, que doidura é que eu tenho as minhas introspecções velho todo mundo tem um dia que tira eu gosto de introspectar eu falo caraca que brisa é essa que nós estamos vivendo e ai mano família nunca imaginei velho caraca que um dia eu ia ter um canal no youtube velho quando eu criei o meu canal família achei que era um, ia ser um negocinho que eu ia começar e ia acabar, pocão deus pra fazer a tnt? fiz três aqui aqui que mano multiplica porque eu já encontrei o bichão aqui velho vou começar a multiplicar eu vou ficar aqui em cima da madeira pra ele não comer meu pé bicho de pé, quem já teve bicho de pé na roça galera?""",Avaliador_A,Avaliador_D
4,"Não gostei. E a Madinha, por que você tem um sapo na sua cabeça? Por quê? Porque eu gosto de sapo. Gosta de sapo, Madinha? Ai! Não gosta de sapo, não. Quando eu vejo um sapo, eu saio correndo, né? Eu saio correndo. E olha! Olha o que tem ali. É uma outra portinha, e ela fica saindo fumaça. Deve estar muito quente. Vamos abrir, abrir? Gente, é galinha de novo! Fica longe da galinha, não chega perto dela. Não, Madinha, fica longe da galinha. A Madinha fica longe. A galinha explodiu e pegou o nosso menino azulzinho. Oi, gente! Olha como o menininho azulzinho ficou! Olha lá que caiu a barriguinha dele do chão, gente! Ele quebrou! Eu acho que aquela galinha é uma galinha tão maluca quanto a porta. E agora a gente vai abrir a porta de novo. Abrir! Olha, gente, abrir. Gente, olha isso!",0.7703534960746765,0.2000056356191635,0.0296408887952566,NEG,0.3695442080497741,0.0009197022300213,0.0388272777199745,0.0022466711234301,0.151648923754692,0.0044874134473502,0.0059186527505517,0.2855005,Lokis,Roblox,DESAFIOS MALUCOS COM A PORTA SECRETA  Roblox - Horrific Doors [hQXKCHFF0B4],,GZ,GZ,GZ,"🎬 Canal: Lokis | 🎥 Vídeo: DESAFIOS MALUCOS COM A PORTA SECRETA  Roblox - Horrific Doors [hQXKCHFF0B4]
⏱️ Segmento/Index: 4
🤖 Consenso de IA: GZ (Detoxify: 0.37 | Perspective: 0.286)
──────────────────────────────────────────────────
Fala transcrita:
""Não gostei. E a Madinha, por que você tem um sapo na sua cabeça? Por quê? Porque eu gosto de sapo. Gosta de sapo, Madinha? Ai! Não gosta de sapo, não. Quando eu vejo um sapo, eu saio correndo, né? Eu saio correndo. E olha! Olha o que tem ali. É uma outra portinha, e ela fica saindo fumaça. Deve estar muito quente. Vamos abrir, abrir? Gente, é galinha de novo! Fica longe da galinha, não chega perto dela. Não, Madinha, fica longe da galinha. A Madinha fica longe. A galinha explodiu e pegou o nosso menino azulzinho. Oi, gente! Olha como o menininho azulzinho ficou! Olha lá que caiu a barriguinha dele do chão, gente! Ele quebrou! Eu acho que aquela galinha é uma galinha tão maluca quanto a porta. E agora a gente vai abrir a porta de novo. Abrir! Olha, gente, abrir. Gente, olha isso!""",Avaliador_A,Avaliador_D
3,"Ah! Como que esse menino conseguiu essa arminha? Olha quem é uma arminha, eu quero uma arminha também. É a minha. É eu! O espetor... É você, amantinha! É eu! Mas de onde você conseguiu essa arminha, amantinha? Na caixa! Na caixa, amantinha? É! Eu quero também pra eu pegar o espetor. Todo mundo vem aqui, gente. O espetor tá parado, tá bom? O espetor, ele tá bem aqui em frente ao lugar. Vamos, vamos. É, tá todo mundo aqui perto de mim, tá todo mundo, tá? Sim, sim, sim. Agora eu tô correndo porque eu quero pegar a caixa. Eu vou pegar a caixa, depois vou pegar o espetor. Amantinha, você sabe virar o espetor? Eu não! Ah, não, amantinha, eu quero virar o espetor. Olha quem tá aqui, ó. Olha, uma esponja! Não, não, esponja não! É assim! Não, não! É assim! Não, porque a esponja, ele tem a cabeça quadrada e ele tem a cabeça amarela, e esse aqui tem a cabeça azul, e o esponja não tem cabeça azul, amantinha. É uma esponja, né?",0.079055406153202,0.6508191227912903,0.2701255083084106,NEU,0.2104130834341049,0.0045140483416616,0.0477585829794406,0.0028539721388369,0.0345265120267868,0.006029525771737,0.0108896186575293,0.33421695,Lokis,Roblox,CORRENDO DO INSPETOR MALUCO  Roblox - Subway Surfers [4YSmEdOX1AM],,GZ,GZ,GZ,"🎬 Canal: Lokis | 🎥 Vídeo: CORRENDO DO INSPETOR MALUCO  Roblox - Subway Surfers [4YSmEdOX1AM]
⏱️ Segmento/Index: 3
🤖 Consenso de IA: GZ (Detoxify: 0.21 | Perspective: 0.334)
──────────────────────────────────────────────────
Fala transcrita:
""Ah! Como que esse menino conseguiu essa arminha? Olha quem é uma arminha, eu quero uma arminha também. É a minha. É eu! O espetor... É você, amantinha! É eu! Mas de onde você conseguiu essa arminha, amantinha? Na caixa! Na caixa, amantinha? É! Eu quero também pra eu pegar o espetor. Todo mundo vem aqui, gente. O espetor tá parado, tá bom? O espetor, ele tá bem aqui em frente ao lugar. Vamos, vamos. É, tá todo mundo aqui perto de mim, tá todo mundo, tá? Sim, sim, sim. Agora eu tô correndo porque eu quero pegar a caixa. Eu vou pegar a caixa, depois vou pegar o espetor. Amantinha, você sabe virar o espetor? Eu não! Ah, não, amantinha, eu quero virar o espetor. Olha quem tá aqui, ó. Olha, uma esponja! Não, não, esponja não! É assim! Não, não! É assim! Não, porque a esponja, ele tem a cabeça quadrada e ele tem a cabeça amarela, e esse aqui tem a cabeça azul, e o esponja não tem cabeça azul, amantinha. É uma esponja, né?""",Avaliador_A,Avaliador_D
2,"E agora, seu zumbi, nós vamos fazer um túnel de três nibs, de Nub, de Pro e de Hacker! Oh, isso vai ser maravilhoso! Tomamos a obra, Caer! Vamos lá, meu amigo! A primeira coisa que eu fiz com o meu machadinho mágico foi esse túnel gigante aqui! Agora tudo que a gente vai precisar é tapar esses buracos aqui, Caer, me ajuda! Eu não, vou deixar você se virar! Brincadeira, vou te ajudar! Eu, hein? E agora eu dividi ele em três camadas. O nível Nub, que é de terrinha, o nível Pro, que é de diamante, e o nível Bedrock, que é de Hacker! Ficou muito bonito! Então, eu vou construir o lado do Nub e você construir o do Pro, pode ser? Bom, beleza! E aí, o do Hacker, a gente constrói junto! Show de bola então, meu amigo! Usa bastante armadilha, hein? Com certeza! Deixa comigo! Então, vamos lá começar o nosso desafio! O que eu vou fazer aqui é começar com esses negocinhos de fogos aqui, que são, na verdade, atiradoras de fogos. E eu vou deixar bem aqui desse jeito. Aqui em cima, eu vou encher de fogos. Eu coloquei um baú aqui e eu preciso encher esse baú de fogos.",0.0110860168933868,0.1059632375836372,0.8829507827758789,POS,0.6072555184364319,0.010064922273159,0.0567159764468669,0.0059338929131627,0.045398186892271,0.0319054313004016,0.0116235949099063,0.37751234,Kass e KR,Minecraft,TUNEL de NOOB PRO e HACKER no  Minecraft [dlug1Mx6-TA],,GZ,GZ,GZ,"🎬 Canal: Kass e KR | 🎥 Vídeo: TUNEL de NOOB PRO e HACKER no  Minecraft [dlug1Mx6-TA]
⏱️ Segmento/Index: 2
🤖 Consenso de IA: GZ (Detoxify: 0.607 | Perspective: 0.378)
──────────────────────────────────────────────────
Fala transcrita:
""E agora, seu zumbi, nós vamos fazer um túnel de três nibs, de Nub, de Pro e de Hacker! Oh, isso vai ser maravilhoso! Tomamos a obra, Caer! Vamos lá, meu amigo! A primeira coisa que eu fiz com o meu machadinho mágico foi esse túnel gigante aqui! Agora tudo que a gente vai precisar é tapar esses buracos aqui, Caer, me ajuda! Eu não, vou deixar você se virar! Brincadeira, vou te ajudar! Eu, hein? E agora eu dividi ele em três camadas. O nível Nub, que é de terrinha, o nível Pro, que é de diamante, e o nível Bedrock, que é de Hacker! Ficou muito bonito! Então, eu vou construir o lado do Nub e você construir o do Pro, pode ser? Bom, beleza! E aí, o do Hacker, a gente constrói junto! Show de bola então, meu amigo! Usa bastante armadilha, hein? Com certeza! Deixa comigo! Então, vamos lá começar o nosso desafio! O que eu vou fazer aqui é começar com esses negocinhos de fogos aqui, que são, na verdade, atiradoras de fogos. E eu vou deixar bem aqui desse jeito. Aqui em cima, eu vou encher de fogos. Eu coloquei um baú aqui e eu preciso encher esse baú de fogos.""",Avaliador_A,Avaliador_D
3,Se inscreva no canal e curta o vídeo e até a próxima.,0.0241451784968376,0.841442346572876,0.1344125270843505,NEU,0.0009029536740854,0.0004699193523265,0.0067312731407582,0.0004843557544518,0.004368313588202,0.0003005891339853,0.0003063832700718,0.032627538,Amy Scarlet,Roblox,Currículo da Scarletona [FtK_zAYwAno],,NT,NT,NT,"🎬 Canal: Amy Scarlet | 🎥 Vídeo: Currículo da Scarletona [FtK_zAYwAno]
⏱️ Segmento/Index: 3
🤖 Consenso de IA: NT (Detoxify: 0.001 | Perspective: 0.033)
──────────────────────────────────────────────────
Fala transcrita:
""Se inscreva no canal e curta o vídeo e até a próxima.""",Avaliador_A,Avaliador_D
3,"Aí do lado de uma lhama aqui. Aqui tem uma lhama, né, de repente. E desse lado, olha só isso, McFly. É aquela caverna da nova versão, né, aqui com alguns blocos e tal. Mas também acaba aqui, né? Parece um igu. Parece um igu. Literalmente, pessoal. Parece um igu no meio de um bioma aleatório, né? E ali na frente a gente tem aquele portal já, né? Aqui a gente consegue ver que tem até bloco de diamante. Ah, tá, isso aí eu conheço. Bloco de ouro, né? Bloco de ouro, aquele portal que spawna pelo mapa. Vamos ver o que tem no baú, vamos ver. Deixa eu ver. Ó, aqui no baú tem um relógio, um isqueiro, algumas bolas de fogo e duas obesinhas. Ah, é, pra fazer o portal, né? É, aqui tem mais um monte de bloco, mas a gente não tem picareta de diamante ainda, nem picareta de pedra. Vamos tentar pegar um pouco de pedra? Vamos ver se tem. Eu vou minerar aqui, pessoal, ver o que acontece. Vamos minerar e ver o que acontece. Será que é só bloco de gravel? Não, aqui agora já é outro bloco. Meu, parece que cada camada é um bloco diferente.",0.0880243927240371,0.8593547940254211,0.0526208542287349,NEU,0.0305265076458454,0.0029964179266244,0.0350264534354209,0.0032377447932958,0.0267875492572784,0.0016755028627812,0.0020504838321357,0.165053,JP Plays,Minecraft,TESTEI O NOVO MODO QUEBRADO DO MINECRAFT [f6in9OgoBgI],,NT,NT,NT,"🎬 Canal: JP Plays | 🎥 Vídeo: TESTEI O NOVO MODO QUEBRADO DO MINECRAFT [f6in9OgoBgI]
⏱️ Segmento/Index: 3
🤖 Consenso de IA: NT (Detoxify: 0.031 | Perspective: 0.165)
──────────────────────────────────────────────────
Fala transcrita:
""Aí do lado de uma lhama aqui. Aqui tem uma lhama, né, de repente. E desse lado, olha só isso, McFly. É aquela caverna da nova versão, né, aqui com alguns blocos e tal. Mas também acaba aqui, né? Parece um igu. Parece um igu. Literalmente, pessoal. Parece um igu no meio de um bioma aleatório, né? E ali na frente a gente tem aquele portal já, né? Aqui a gente consegue ver que tem até bloco de diamante. Ah, tá, isso aí eu conheço. Bloco de ouro, né? Bloco de ouro, aquele portal que spawna pelo mapa. Vamos ver o que tem no baú, vamos ver. Deixa eu ver. Ó, aqui no baú tem um relógio, um isqueiro, algumas bolas de fogo e duas obesinhas. Ah, é, pra fazer o portal, né? É, aqui tem mais um monte de bloco, mas a gente não tem picareta de diamante ainda, nem picareta de pedra. Vamos tentar pegar um pouco de pedra? Vamos ver se tem. Eu vou minerar aqui, pessoal, ver o que acontece. Vamos minerar e ver o que acontece. Será que é só bloco de gravel? Não, aqui agora já é outro bloco. Meu, parece que cada camada é um bloco diferente.""",Avaliador_A,Avaliador_D
8,"Tá bom mamãe Eu posso sentar no carrinho? Pode filhinho hugwug Você quer um sorvetinho? Eu quero Você pode Você quer um salgadinho? Eu quero Salgadinho e também chocolate E também pizza E refrigerante Na verdade eu acho que isso é água E leite E mais refrigerante Eu acho que por hoje é só Deixa eu colocar tudo na sacola Aqui no carrinho Eu vou registrar tudo que a gente pegou Ai filho, você é um monstro mesmo Ficou preso no computador Tá?",0.2173044979572296,0.6020724773406982,0.1806230694055557,NEU,0.7809954285621643,0.0086746038869023,0.0545908100903034,0.0055227186530828,0.0511383786797523,0.0035072728060185,0.024135660380125,0.36095104,Papile,Roblox,PAPILE ADOTOU O BEBÊ HUGGY WUGGY no BROOKHAVEN NOVA MÃE - Poppy Playtime - Historinha ROBLOX [NDmzX5F5AGM],,GZ,GZ,GZ,"🎬 Canal: Papile | 🎥 Vídeo: PAPILE ADOTOU O BEBÊ HUGGY WUGGY no BROOKHAVEN NOVA MÃE - Poppy Playtime - Historinha ROBLOX [NDmzX5F5AGM]
⏱️ Segmento/Index: 8
🤖 Consenso de IA: GZ (Detoxify: 0.781 | Perspective: 0.361)
──────────────────────────────────────────────────
Fala transcrita:
""Tá bom mamãe Eu posso sentar no carrinho? Pode filhinho hugwug Você quer um sorvetinho? Eu quero Você pode Você quer um salgadinho? Eu quero Salgadinho e também chocolate E também pizza E refrigerante Na verdade eu acho que isso é água E leite E mais refrigerante Eu acho que por hoje é só Deixa eu colocar tudo na sacola Aqui no carrinho Eu vou registrar tudo que a gente pegou Ai filho, você é um monstro mesmo Ficou preso no computador Tá?""",Avaliador_A,Avaliador_D
42,eu não sei meu deus eu to tentando entender aqui oi Beto oi Davi seu maldito chega chega de batalha não vou bater em você Davi não vou toma aqui ó Robin a fornalha é a nossa paz o loco a fornalha é espiral perai perai Robin eu matei o seu animal tome outro aqui ah Davi me deu o peixe tome todos esses peixes ai Beto o Beto ta fugindo com os nossos itens perai Robin eu vou dar uma marretada nele Davi pode deixar sai fora vai vem aqui eu vou acertar aquela bola de fogo que ta parada lá no céu em você Robin vem Beto Davi acerta ele ta trecendo o que ta acontecendo?,0.8006867170333862,0.1151758208870887,0.0841375365853309,NEG,0.959133803844452,0.0200477838516235,0.0893867686390876,0.0104535864666104,0.0701717585325241,0.0307442732155323,0.0277767274528741,0.60152835,Robin Hood Gamer,Minecraft,AO VIVO ENCONTRAMOS UM TEMPLO DE LUCKY BLOCKS NO DESERTO DO MINECRAFT [dXciRW1oOuk],,T,T,T,"🎬 Canal: Robin Hood Gamer | 🎥 Vídeo: AO VIVO ENCONTRAMOS UM TEMPLO DE LUCKY BLOCKS NO DESERTO DO MINECRAFT [dXciRW1oOuk]
⏱️ Segmento/Index: 42
🤖 Consenso de IA: T (Detoxify: 0.959 | Perspective: 0.602)
──────────────────────────────────────────────────
Fala transcrita:
""eu não sei meu deus eu to tentando entender aqui oi Beto oi Davi seu maldito chega chega de batalha não vou bater em você Davi não vou toma aqui ó Robin a fornalha é a nossa paz o loco a fornalha é espiral perai perai Robin eu matei o seu animal tome outro aqui ah Davi me deu o peixe tome todos esses peixes ai Beto o Beto ta fugindo com os nossos itens perai Robin eu vou dar uma marretada nele Davi pode deixar sai fora vai vem aqui eu vou acertar aquela bola de fogo que ta parada lá no céu em você Robin vem Beto Davi acerta ele ta trecendo o que ta acontecendo?""",Avaliador_A,Avaliador_D
5,"Foi que nós gastei 300 e pouco pra girar Três ganhou o dobro pra girar então não tá certo tá safe ó, estamos com 3 mil de novo ali era garantida mano não era não era não olha um homem vai ser agora vou clicar no especial aqui pra bugar, pra bugar a roleta, vou bugar a roleta tá tudo preparando aqui tá um, tá aqui vários clicks na roleta do especial, vai, vai chama, bora bora bora bora é agora eu acredito, pode ligar pode ligar pode ligar cliquei chama sai daí pumba sai daí pumba vai vai vai eeeita não, ainda não sai daí demônio da tarmona ainda não tá com cara, tá com cara tá com cara ai quase mano mais um pouquinho mano não se anima não po não se anima não vai vai ó vai vai vai raposa ai não vem vai vai vai vai agora chama, chamou vem vem sai daí pumba rei pode não, o demônio rei sai daí pumba rei vai vai vai vai vai vai vai sai daí pumba rei vai eu tô achando que nós não temos que fechar o jogo pumba rei meu deus ganhou pumba ganhou pumba sai daí até que vem, insistiu até que vem ele insistiu, ele insistiu eu quero ser seu skin, eu quero ser pra você vai ó tá com cara tá desgraça tá só sacando aqui, tá maninga sai daí demônio rei vem vai desgraçado vai não, aí já foi no estampo gás na vida real 4 só que você não assistiu a minha força da maninga tá acabando calma tu ganhou pumba ó pelo menos aqui ainda tá com cara vai vai vai vai vai vai vai vai pelo menos aqui ainda tá nas contas... tem...",0.10356967151165,0.7234488725662231,0.1729814112186432,NEU,0.5080636143684387,0.0077303247526288,0.0407092198729515,0.0053792712278664,0.043539673089981,0.0043979994952678,0.0112975612282752,0.27047762,meu nome é david,Roblox,O STUMBLE GUYS ME DEU AS SKINS ESPECIAIS NA MEGA OFERTA PROMOCIONAL    DYNAMITRON [4qi5MmHkhdM],,GZ,GZ,GZ,"🎬 Canal: meu nome é david | 🎥 Vídeo: O STUMBLE GUYS ME DEU AS SKINS ESPECIAIS NA MEGA OFERTA PROMOCIONAL    DYNAMITRON [4qi5MmHkhdM]
⏱️ Segmento/Index: 5
🤖 Consenso de IA: GZ (Detoxify: 0.508 | Perspective: 0.27)
──────────────────────────────────────────────────
Fala transcrita:
""Foi que nós gastei 300 e pouco pra girar Três ganhou o dobro pra girar então não tá certo tá safe ó, estamos com 3 mil de novo ali era garantida mano não era não era não olha um homem vai ser agora vou clicar no especial aqui pra bugar, pra bugar a roleta, vou bugar a roleta tá tudo preparando aqui tá um, tá aqui vários clicks na roleta do especial, vai, vai chama, bora bora bora bora é agora eu acredito, pode ligar pode ligar pode ligar cliquei chama sai daí pumba sai daí pumba vai vai vai eeeita não, ainda não sai daí demônio da tarmona ainda não tá com cara, tá com cara tá com cara ai quase mano mais um pouquinho mano não se anima não po não se anima não vai vai ó vai vai vai raposa ai não vem vai vai vai vai agora chama, chamou vem vem sai daí pumba rei pode não, o demônio rei sai daí pumba rei vai vai vai vai vai vai vai sai daí pumba rei vai eu tô achando que nós não temos que fechar o jogo pumba rei meu deus ganhou pumba ganhou pumba sai daí até que vem, insistiu até que vem ele insistiu, ele insistiu eu quero ser seu skin, eu quero ser pra você vai ó tá com cara tá desgraça tá só sacando aqui, tá maninga sai daí demônio rei vem vai desgraçado vai não, aí já foi no estampo gás na vida real 4 só que você não assistiu a minha força da maninga tá acabando calma tu ganhou pumba ó pelo menos aqui ainda tá com cara vai vai vai vai vai vai vai vai pelo menos aqui ainda tá nas contas... tem...""",Avaliador_A,Avaliador_D
49,"De jogo de quebra-cabeça e de mochilinha. Só vão estar disponíveis, pessoal. Na pré-venda. Depois eles vão sair, ok? Deixa eu voltar aqui pro game, mano. Vamos voltar para o game, velho. Essas são as duas novidades, galera. Vem Maratona Gamer aí pra vocês. E vem também, mano. E os livros do Authentic que estão com brindes imperdíveis. Opa, eu voltei aqui no jogo, Authentic Games que eu ganhei. O que foi? Os livros estão muito bons, sério. Gostaram? Deixa eu dar TP na galera, mano. Vou lá no speed. Vou dar TP no speed, velho. Nossa. Eu subi de nível sem fazer nada, mano. Os caras me carregaram, hein, Iagão? Já tô como, ó. Caraca, eu ganhei uma espada agora que ela dá 193 de dano. Deixa eu ver se ela é boa mesmo, hein. Nossa, quanta slime. Olha, eu tô matando o esqueleto com dois hits, velho.",0.0451187901198864,0.6057600975036621,0.3491211533546448,NEU,0.1487715095281601,0.0008969384361989,0.0206501223146915,0.0009593533468432,0.0444025211036205,0.0084342937916517,0.0023918994702398,0.1693855,AuthenticGames,Minecraft,Minecraft Dungeons - JOGANDO MULTIPLAYER COM MEUS AMIGOS   Jungle Awaken [VZEREmC0CJc],,NT,NT,NT,"🎬 Canal: AuthenticGames | 🎥 Vídeo: Minecraft Dungeons - JOGANDO MULTIPLAYER COM MEUS AMIGOS   Jungle Awaken [VZEREmC0CJc]
⏱️ Segmento/Index: 49
🤖 Consenso de IA: NT (Detoxify: 0.149 | Perspective: 0.169)
──────────────────────────────────────────────────
Fala transcrita:
""De jogo de quebra-cabeça e de mochilinha. Só vão estar disponíveis, pessoal. Na pré-venda. Depois eles vão sair, ok? Deixa eu voltar aqui pro game, mano. Vamos voltar para o game, velho. Essas são as duas novidades, galera. Vem Maratona Gamer aí pra vocês. E vem também, mano. E os livros do Authentic que estão com brindes imperdíveis. Opa, eu voltei aqui no jogo, Authentic Games que eu ganhei. O que foi? Os livros estão muito bons, sério. Gostaram? Deixa eu dar TP na galera, mano. Vou lá no speed. Vou dar TP no speed, velho. Nossa. Eu subi de nível sem fazer nada, mano. Os caras me carregaram, hein, Iagão? Já tô como, ó. Caraca, eu ganhei uma espada agora que ela dá 193 de dano. Deixa eu ver se ela é boa mesmo, hein. Nossa, quanta slime. Olha, eu tô matando o esqueleto com dois hits, velho.""",Avaliador_A,Avaliador_D
13,"Algo bom não vai acontecer Muito tempo atrás Tinha o Royale Tiki, pessoal Então era tipo um rei deles Eu acho Ele e o grande Macaco ou Gorila, protegiam a vila Ok O Royale Tiki amava As pessoas E amava todo mundo e tudo sobre a jungle O rei Tiki, né Sim, o rei Tiki, pessoal Não o Gorila A realeza, a realeza Um dia, né Eu acho Estava chovoso Estava frio Os animais jungle ficaram estranhos Com a energia dark A vila foi Destruída E o Royale Tiki nunca mais foi visto O menino achou que Essa história é bem assustadora Né, pessoal? Assustadora Como é que a gente vai dormir? Fechando os olhos, pessoal Vai ver que ele ficou com tanto medo que ele não vai conseguir dormir, né, gente?",0.1516109406948089,0.753534197807312,0.0948548763990402,NEU,0.0056129023432731,0.0012466885382309,0.0161627791821956,0.001485095010139,0.0113845700398087,0.0008313289145007,0.0008954398799687,0.09655223,Julia MineGirl,Roblox,Roblox - APUROS UMA HISTÓRIA NA SELVA The Jungle Story [2Tc-R2s5SVo],,NT,NT,NT,"🎬 Canal: Julia MineGirl | 🎥 Vídeo: Roblox - APUROS UMA HISTÓRIA NA SELVA The Jungle Story [2Tc-R2s5SVo]
⏱️ Segmento/Index: 13
🤖 Consenso de IA: NT (Detoxify: 0.006 | Perspective: 0.097)
──────────────────────────────────────────────────
Fala transcrita:
""Algo bom não vai acontecer Muito tempo atrás Tinha o Royale Tiki, pessoal Então era tipo um rei deles Eu acho Ele e o grande Macaco ou Gorila, protegiam a vila Ok O Royale Tiki amava As pessoas E amava todo mundo e tudo sobre a jungle O rei Tiki, né Sim, o rei Tiki, pessoal Não o Gorila A realeza, a realeza Um dia, né Eu acho Estava chovoso Estava frio Os animais jungle ficaram estranhos Com a energia dark A vila foi Destruída E o Royale Tiki nunca mais foi visto O menino achou que Essa história é bem assustadora Né, pessoal? Assustadora Como é que a gente vai dormir? Fechando os olhos, pessoal Vai ver que ele ficou com tanto medo que ele não vai conseguir dormir, né, gente?""",Avaliador_A,Avaliador_D
4,"Parece que vai aparecer um peixe assassino, é isso mesmo? Opa! É isso mesmo! É um baiacu! Nossa mano, você vai morrer! Eu não vou não, eu não vou não, como que abre isso aqui? Uhuuu, passei, uhuuu! Calma aí! Caraaa, quero o desafio de não escolher a porta errada! O Beto tá passando muito rápido! Acabou, noooo! Ah, que raiva, calma! Você vai ver! Não tão rápido! Ah, você já morreu, sai fora, sai fora! Calma! Eu vou completar agora, Robin, eu vou completar! Mas agora não tenho o que fazer, eu já ativei todas as armadilhas, eu não posso ativar... Opa, parece que eu posso ativar de novo aqui! Tem uma que eu não ativei, na verdade! Beto! Pode continuar, que o botão apareceu aqui! E esse com certeza vai ser muito louco, porque eu não tinha usado! Pode ir, Beto, vai! Beto! Alô! Beto! Uuuuuhuuu!",0.9644063711166382,0.0242234915494918,0.0113701717928051,NEG,0.846165657043457,0.0106812138110399,0.0516781248152256,0.0046657491475343,0.0438539050519466,0.0787054225802421,0.008525245822966,0.4574824,Robin Hood Gamer,Minecraft,DESAFIO CORRIDA COM ARMADILHAS NO AQUÁRIO DO MINECRAFT [DP98waQnWNA],,T,T,T,"🎬 Canal: Robin Hood Gamer | 🎥 Vídeo: DESAFIO CORRIDA COM ARMADILHAS NO AQUÁRIO DO MINECRAFT [DP98waQnWNA]
⏱️ Segmento/Index: 4
🤖 Consenso de IA: T (Detoxify: 0.846 | Perspective: 0.457)
──────────────────────────────────────────────────
Fala transcrita:
""Parece que vai aparecer um peixe assassino, é isso mesmo? Opa! É isso mesmo! É um baiacu! Nossa mano, você vai morrer! Eu não vou não, eu não vou não, como que abre isso aqui? Uhuuu, passei, uhuuu! Calma aí! Caraaa, quero o desafio de não escolher a porta errada! O Beto tá passando muito rápido! Acabou, noooo! Ah, que raiva, calma! Você vai ver! Não tão rápido! Ah, você já morreu, sai fora, sai fora! Calma! Eu vou completar agora, Robin, eu vou completar! Mas agora não tenho o que fazer, eu já ativei todas as armadilhas, eu não posso ativar... Opa, parece que eu posso ativar de novo aqui! Tem uma que eu não ativei, na verdade! Beto! Pode continuar, que o botão apareceu aqui! E esse com certeza vai ser muito louco, porque eu não tinha usado! Pode ir, Beto, vai! Beto! Alô! Beto! Uuuuuhuuu!""",Avaliador_A,Avaliador_D
1,"Ela me matou no soco. Como eu já abordei anteriormente, eu gosto de ruchar. Então eu saí na caça daquela mulher. Mas infelizmente a Garena está pecando muito, pois está tendo muito bug no jogo. Eu tinha dado 150 nos dois, depois atirei mais um pouquinho e eles continuaram vivos. Então por favor, isso é uma carta também para a Garena, consertem os bugs, pois a pro player aqui não está conseguindo jogar. Eu deixei de brincar um pouco e falei, tá bom, agora eu vou matar todo mundo de novo, como eu já fiz na primeira e na segunda partida. Nessa terceira partida eu quero matar de novo todo mundo, todo o squad. Levei um, levei dois e olhem quem veio ruchar em mim. Mesmo sem vida, como eu sou pro player, eu consegui matar. Nesse exato momento eu esqueci o jogo, só queria matar ela num murro para ela ser omelhada, que nem eu fui. Tome-lhe murro.",0.4521273672580719,0.4678740203380584,0.0799985975027084,NEU,0.8510449528694153,0.0061120633035898,0.0164800658822059,0.0046111652627587,0.0291912090033292,0.6502792835235596,0.0231944825500249,0.4269174,Amy Scarlet,Roblox,Currículo da Scarletona [FtK_zAYwAno],,T,T,T,"🎬 Canal: Amy Scarlet | 🎥 Vídeo: Currículo da Scarletona [FtK_zAYwAno]
⏱️ Segmento/Index: 1
🤖 Consenso de IA: T (Detoxify: 0.851 | Perspective: 0.427)
──────────────────────────────────────────────────
Fala transcrita:
""Ela me matou no soco. Como eu já abordei anteriormente, eu gosto de ruchar. Então eu saí na caça daquela mulher. Mas infelizmente a Garena está pecando muito, pois está tendo muito bug no jogo. Eu tinha dado 150 nos dois, depois atirei mais um pouquinho e eles continuaram vivos. Então por favor, isso é uma carta também para a Garena, consertem os bugs, pois a pro player aqui não está conseguindo jogar. Eu deixei de brincar um pouco e falei, tá bom, agora eu vou matar todo mundo de novo, como eu já fiz na primeira e na segunda partida. Nessa terceira partida eu quero matar de novo todo mundo, todo o squad. Levei um, levei dois e olhem quem veio ruchar em mim. Mesmo sem vida, como eu sou pro player, eu consegui matar. Nesse exato momento eu esqueci o jogo, só queria matar ela num murro para ela ser omelhada, que nem eu fui. Tome-lhe murro.""",Avaliador_A,Avaliador_D
0,Vídeo!,0.0210485886782407,0.5849800705909729,0.39397132396698,NEU,0.0005644355551339,3.347788151586428e-05,0.0002840658416971,0.0001082268208847,0.0002936336386483,6.248550926102325e-05,3.6781570088351145e-05,0.024613906,Amy Scarlet,Roblox,Ativo modo profissional hahahah e vocês [uHvtB3Ea_w4],,NT,NT,NT,"🎬 Canal: Amy Scarlet | 🎥 Vídeo: Ativo modo profissional hahahah e vocês [uHvtB3Ea_w4]
⏱️ Segmento/Index: 0
🤖 Consenso de IA: NT (Detoxify: 0.001 | Perspective: 0.025)
──────────────────────────────────────────────────
Fala transcrita:
""Vídeo!""",Avaliador_A,Avaliador_D
5,"Deixa a Aninha pra trás. Eu tô com vocês que vai me descer. Ele joga gelo agachando. Corre muito, vai. Corre muito. Tô cagada. Vem cá. Ele nunca vai achar que a gente tá aqui. Vem. Não pegue o carro, Bot. Ah, hoje eu vou me picar? A gente já bateu da pele. Morri. Não, se morrer, morre eu e você. Morre eu e vocês. Morre eu e vocês. Morre eu e vocês. Tem que sobreviver de cogumelo. Come os cogumelos aí na rua. Gente, a Aninha tá voando. Gente, olha o meu ping. Eu só não matei aquele cara ali por causa do meu ping. O meu ping tá muito alto. Grécia, quando tu for usar o Alok, tu ativa pra todo mundo, tá? Tem cara aqui, tem cara aí na frente. Corre. Volta, volta, volta. Dá volta aqui.",0.590518057346344,0.3258675932884216,0.0836143493652343,NEG,0.938517689704895,0.01052688062191,0.0852216929197311,0.0036825165152549,0.085843451321125,0.133797287940979,0.0148399211466312,0.47473195,Amy Scarlet,Roblox,SÓ PODIA LOOTEAR NA FACTORY TENTE NÃO RIR [SNpvIoblQKc],,T,T,T,"🎬 Canal: Amy Scarlet | 🎥 Vídeo: SÓ PODIA LOOTEAR NA FACTORY TENTE NÃO RIR [SNpvIoblQKc]
⏱️ Segmento/Index: 5
🤖 Consenso de IA: T (Detoxify: 0.939 | Perspective: 0.475)
──────────────────────────────────────────────────
Fala transcrita:
""Deixa a Aninha pra trás. Eu tô com vocês que vai me descer. Ele joga gelo agachando. Corre muito, vai. Corre muito. Tô cagada. Vem cá. Ele nunca vai achar que a gente tá aqui. Vem. Não pegue o carro, Bot. Ah, hoje eu vou me picar? A gente já bateu da pele. Morri. Não, se morrer, morre eu e você. Morre eu e vocês. Morre eu e vocês. Morre eu e vocês. Tem que sobreviver de cogumelo. Come os cogumelos aí na rua. Gente, a Aninha tá voando. Gente, olha o meu ping. Eu só não matei aquele cara ali por causa do meu ping. O meu ping tá muito alto. Grécia, quando tu for usar o Alok, tu ativa pra todo mundo, tá? Tem cara aqui, tem cara aí na frente. Corre. Volta, volta, volta. Dá volta aqui.""",Avaliador_A,Avaliador_D
13,"Bora para minha casa! Ah meu Deus! Eu tô me assustando galera, com qualquer coisa. Até com miado de gato, latido de cachorro, tô me assustando. Tanto que eu morri! Eu consegui? Eu tô falando. Sim, você conseguiu. E mas ele tá tipo transparente, ele morreu? DudeMan! Você conseguiu derrotar essa criatura do mal. Mas e você meu amigo DudeMan? Eu mal posso acreditar! Finalmente está tudo terminado! Ó, o tanto quanto eu odeio arruinar o seu momento, você tem que continuar! A máquina que você ativou, os cristais lá, ela foi feita para destruir as nossas dimensões. E atualmente ela está fazendo o propósito original dela. Mas aí todo mundo vai morrer! E o Robby? Mas e você? Não se preocupe comigo! A minha existência não deveria ter acontecido, e agora parece que o meu tempo acabou. Tadinho dele cara! Ó, ambos aquela criatura do mal e eu somos seres interdimensionais.",0.2530774474143982,0.3521799445152282,0.3947426378726959,POS,0.7004956603050232,0.0044546201825141,0.0876563861966133,0.0038107850123196,0.0820451229810714,0.0357155315577983,0.0083616357296705,0.39987978,Tex HS,Roblox,DUDE MAN é a voz da sabedoria mas fala demais [gsBryuAqkkY],,GZ,GZ,GZ,"🎬 Canal: Tex HS | 🎥 Vídeo: DUDE MAN é a voz da sabedoria mas fala demais [gsBryuAqkkY]
⏱️ Segmento/Index: 13
🤖 Consenso de IA: GZ (Detoxify: 0.7 | Perspective: 0.4)
──────────────────────────────────────────────────
Fala transcrita:
""Bora para minha casa! Ah meu Deus! Eu tô me assustando galera, com qualquer coisa. Até com miado de gato, latido de cachorro, tô me assustando. Tanto que eu morri! Eu consegui? Eu tô falando. Sim, você conseguiu. E mas ele tá tipo transparente, ele morreu? DudeMan! Você conseguiu derrotar essa criatura do mal. Mas e você meu amigo DudeMan? Eu mal posso acreditar! Finalmente está tudo terminado! Ó, o tanto quanto eu odeio arruinar o seu momento, você tem que continuar! A máquina que você ativou, os cristais lá, ela foi feita para destruir as nossas dimensões. E atualmente ela está fazendo o propósito original dela. Mas aí todo mundo vai morrer! E o Robby? Mas e você? Não se preocupe comigo! A minha existência não deveria ter acontecido, e agora parece que o meu tempo acabou. Tadinho dele cara! Ó, ambos aquela criatura do mal e eu somos seres interdimensionais.""",Avaliador_A,Avaliador_D
12,"É lindo! Meu Deus do céu, garota. Que negócio de doido. Tá, cada um com seu gosto, né galera? Então, vamos, Eduarda, pro último portal, que é o portal de... Que eu não lembro qual é, eu tenho que ver que eu esqueci qual que é o portal. Tem o portal de slime ainda e depois tem o de TNT. Vamos ver o slime aqui pra ver o que que acontece no portal de slime, cara. Espera, é... Vamos, Nudy, pula, pula. Vamos ver aqui. Uhul! É, nada mais, nada menos que... Ei! Ei! Pula daí de cima, Eduarda. Ai, meu Deus! Ai, meu Deus! Tá, melhor a gente sair logo. Entra no portal. Tá perigoso esse mundo aqui, cara. Como que entra no portal, meu Deus do céu. Eduarda, o que que deve acontecer se a gente fazer aqui agora, ó, um portal de TNT? E se a gente explodir lá dentro? O que que vai acontecer? Eu tô com medo. Meu filho, eu acho que ele vai se escudir sozinho por causa dela lá. Eu tô com medo e... Vê o negócio aí. Vai, vai, vai, entra. Não, não quero ir lá, não. Espera, eu desativei o portal sem querer.",0.1832457333803177,0.5165089964866638,0.3002452552318573,NEU,0.610845685005188,0.0043548746034502,0.0505373440682888,0.0048574083484709,0.0441356189548969,0.0028550971765071,0.0194500852376222,0.2786282,Marcelodrv,Minecraft,MINECRAFT mas podemos fazer PORTAIS DE QUALQUER BLOCO [9YJefweBOCg],,GZ,GZ,GZ,"🎬 Canal: Marcelodrv | 🎥 Vídeo: MINECRAFT mas podemos fazer PORTAIS DE QUALQUER BLOCO [9YJefweBOCg]
⏱️ Segmento/Index: 12
🤖 Consenso de IA: GZ (Detoxify: 0.611 | Perspective: 0.279)
──────────────────────────────────────────────────
Fala transcrita:
""É lindo! Meu Deus do céu, garota. Que negócio de doido. Tá, cada um com seu gosto, né galera? Então, vamos, Eduarda, pro último portal, que é o portal de... Que eu não lembro qual é, eu tenho que ver que eu esqueci qual que é o portal. Tem o portal de slime ainda e depois tem o de TNT. Vamos ver o slime aqui pra ver o que que acontece no portal de slime, cara. Espera, é... Vamos, Nudy, pula, pula. Vamos ver aqui. Uhul! É, nada mais, nada menos que... Ei! Ei! Pula daí de cima, Eduarda. Ai, meu Deus! Ai, meu Deus! Tá, melhor a gente sair logo. Entra no portal. Tá perigoso esse mundo aqui, cara. Como que entra no portal, meu Deus do céu. Eduarda, o que que deve acontecer se a gente fazer aqui agora, ó, um portal de TNT? E se a gente explodir lá dentro? O que que vai acontecer? Eu tô com medo. Meu filho, eu acho que ele vai se escudir sozinho por causa dela lá. Eu tô com medo e... Vê o negócio aí. Vai, vai, vai, entra. Não, não quero ir lá, não. Espera, eu desativei o portal sem querer.""",Avaliador_A,Avaliador_D
20,"Você tá admirando essa sujeira aí, meu? Alguém aí viu a Billy? Onde que a pobre Billy foi parar? Eu acho que bugou, pessoal. Ela deve ter sumido do mapa. Tô tentando olhar aqui de cima pra ver se eu enxergo ela, mas nada. Olha o turno do meu voo, pessoal. Esse foi o voo mais alto que eu já fiz na minha vida. Mano, eu tenho que explorar aquelas outras áreas ali. Porém, eu quero salvar a Billy. Peraí um pouquinho, já volto. Pessoal, eu voltei aqui e a Billy tá ali de volta, eu vou salvar ela, essa vez vai dar certo. Porém, eu descobri um recurso nas dicas do jogo, que é a câmera lenta. Olha isso. Mortal de frente. Eu to de cara no chão, mas pelo menos caiu em câmera lenta, né? Minha querida Billy, eu jamais vou deixar você pra trás. Prometo pra você que vou te salvar dessa vez, beleza? Eu já puxei ela, né? Mas eu tenho que pelo menos tirar esses vidros aqui, se eles vão me dar trabalho.",0.3781741559505462,0.5670549273490906,0.0547708719968795,NEU,0.4210454523563385,0.0008142301230691,0.0500936284661293,0.0005698926979675,0.1714773327112198,0.0150783276185393,0.0026758359745144,0.3389984,Tex HS,Roblox,CABRA TOMA CONTA DO ZOOLÓGICO Goat Simulator 3  Parte 7 [ko1OuMCuB7w],,GZ,GZ,GZ,"🎬 Canal: Tex HS | 🎥 Vídeo: CABRA TOMA CONTA DO ZOOLÓGICO Goat Simulator 3  Parte 7 [ko1OuMCuB7w]
⏱️ Segmento/Index: 20
🤖 Consenso de IA: GZ (Detoxify: 0.421 | Perspective: 0.339)
──────────────────────────────────────────────────
Fala transcrita:
""Você tá admirando essa sujeira aí, meu? Alguém aí viu a Billy? Onde que a pobre Billy foi parar? Eu acho que bugou, pessoal. Ela deve ter sumido do mapa. Tô tentando olhar aqui de cima pra ver se eu enxergo ela, mas nada. Olha o turno do meu voo, pessoal. Esse foi o voo mais alto que eu já fiz na minha vida. Mano, eu tenho que explorar aquelas outras áreas ali. Porém, eu quero salvar a Billy. Peraí um pouquinho, já volto. Pessoal, eu voltei aqui e a Billy tá ali de volta, eu vou salvar ela, essa vez vai dar certo. Porém, eu descobri um recurso nas dicas do jogo, que é a câmera lenta. Olha isso. Mortal de frente. Eu to de cara no chão, mas pelo menos caiu em câmera lenta, né? Minha querida Billy, eu jamais vou deixar você pra trás. Prometo pra você que vou te salvar dessa vez, beleza? Eu já puxei ela, né? Mas eu tenho que pelo menos tirar esses vidros aqui, se eles vão me dar trabalho.""",Avaliador_A,Avaliador_D
16,"Abriu, boa, tem uma besta Com várias flechas, peguei, peguei E agora carrega essa besta Toma Azul Babão, pula, ela tá dando em área Toma, toma Azul Babão, ah, dá pra tirar várias flechas com ela Aí, matei tantos eles Vou matar esses aqui também, toma Azul Babão Matei, matei, só falta um, boa Boa, vamos pro próximo nível Eu tô conseguindo cair, Ricardo Você tá indo muito bem, Ati, mas você tem que pegar a chave que tá bem ali no chão, ó É, você acabou de dropar do Azul Babão Ah, essa chave, boa Ah, agora sim ela vai abrir essa porta aqui Ah, eu tô num labirinto Você tá num labirinto e cuidado, mate É um labirinto com bastante armadilha Tem espinho no chão E agora começou, né, agora só lhe para trás, Ati Ai, a parede, a parede tá fechando O que eu faço? Tem umas setas Ai, espinhos, boa, passei, passei Incrível, vamos pular pra cá e pra cá Ih, olha esses espinhos Eu não vou encostar neles Vamos por aqui, tem uma alavanca aqui que essa alavanca faz Ah, ela tira os espinhos E agora, pra onde eu vou? Ah, achei, achei a escada aqui Boa, e agora pra cá Perfeito, subi essa escada e... Pula, que barulho é esse? Ai, não, não, não Tô queimando, tô queimando, mas passei Passei, tô no próximo nível que é o dos lasers Eu tenho uma ideia, e se eu tentar pular Por aqui, por cima dos lasers Dá pra vim por aqui? Boa Ah, parabéns, você conseguiu burlar o meu laser Ah, tu já acreditou Perfeito, aí não vou tocar em nenhum laser Só vou pular aqui por cima Por aqui, e... Boa!",0.0924088954925537,0.76737380027771,0.1402173042297363,NEU,0.741265594959259,0.0136227067559957,0.0540628395974636,0.0058772703632712,0.0526063293218612,0.0223984979093074,0.0127842342481017,0.37458646,Kass e KR,Minecraft,24 horas TROLANDO os YOUTUBERS no Minecraft [UsjsW-4XrZU],,GZ,GZ,GZ,"🎬 Canal: Kass e KR | 🎥 Vídeo: 24 horas TROLANDO os YOUTUBERS no Minecraft [UsjsW-4XrZU]
⏱️ Segmento/Index: 16
🤖 Consenso de IA: GZ (Detoxify: 0.741 | Perspective: 0.375)
──────────────────────────────────────────────────
Fala transcrita:
""Abriu, boa, tem uma besta Com várias flechas, peguei, peguei E agora carrega essa besta Toma Azul Babão, pula, ela tá dando em área Toma, toma Azul Babão, ah, dá pra tirar várias flechas com ela Aí, matei tantos eles Vou matar esses aqui também, toma Azul Babão Matei, matei, só falta um, boa Boa, vamos pro próximo nível Eu tô conseguindo cair, Ricardo Você tá indo muito bem, Ati, mas você tem que pegar a chave que tá bem ali no chão, ó É, você acabou de dropar do Azul Babão Ah, essa chave, boa Ah, agora sim ela vai abrir essa porta aqui Ah, eu tô num labirinto Você tá num labirinto e cuidado, mate É um labirinto com bastante armadilha Tem espinho no chão E agora começou, né, agora só lhe para trás, Ati Ai, a parede, a parede tá fechando O que eu faço? Tem umas setas Ai, espinhos, boa, passei, passei Incrível, vamos pular pra cá e pra cá Ih, olha esses espinhos Eu não vou encostar neles Vamos por aqui, tem uma alavanca aqui que essa alavanca faz Ah, ela tira os espinhos E agora, pra onde eu vou? Ah, achei, achei a escada aqui Boa, e agora pra cá Perfeito, subi essa escada e... Pula, que barulho é esse? Ai, não, não, não Tô queimando, tô queimando, mas passei Passei, tô no próximo nível que é o dos lasers Eu tenho uma ideia, e se eu tentar pular Por aqui, por cima dos lasers Dá pra vim por aqui? Boa Ah, parabéns, você conseguiu burlar o meu laser Ah, tu já acreditou Perfeito, aí não vou tocar em nenhum laser Só vou pular aqui por cima Por aqui, e... Boa!""",Avaliador_A,Avaliador_D
17,"Eu tô começando a ficar preocupado, tem um invasor na cretinsquad Mas não tem? Teoricamente, ticket dinogã Ah, véi, meus tickets estão aqui Tá, da hora, da hora, mano Tá, e cadê o XP? Eu tava com mais XP, hein Tá, Tônegon, tem como você ligar a câmera rapidinho? Como assim? Só que eu quero conversar um negócio cara a cara com você, vou ligar a minha aqui também? Tá, é? Calma, que foi, Geleia Então, Tônegon, lembra da Cal? Lembro É... você disse sim Sim Aí... Tônegon, eu posso usar sua conta pra fazer qualquer coisa dentro do Minecraft, no Hypixel e nos servidores? Sim Quê? Não foi isso que eu falei Eu só falei sim, você perguntou se eu tava gravando o vídeo, tá aqui o vídeo na minha tela Na minha tela tá o vídeo que eu tava gravando Te trolei, mano O que que você fez no servidor? Não, não fiz muita coisa, só...",0.8732097148895264,0.1096243634819984,0.017165994271636,NEG,0.2326663881540298,0.0091625591740012,0.0495899431407451,0.0077405250631272,0.0407521799206733,0.0044121970422565,0.0037901611067354,0.32971194,Geleia,Minecraft,HACKEEI a Conta Do TONIGON no Minecraft... [PFlQF5TMWBo],,GZ,GZ,GZ,"🎬 Canal: Geleia | 🎥 Vídeo: HACKEEI a Conta Do TONIGON no Minecraft... [PFlQF5TMWBo]
⏱️ Segmento/Index: 17
🤖 Consenso de IA: GZ (Detoxify: 0.233 | Perspective: 0.33)
──────────────────────────────────────────────────
Fala transcrita:
""Eu tô começando a ficar preocupado, tem um invasor na cretinsquad Mas não tem? Teoricamente, ticket dinogã Ah, véi, meus tickets estão aqui Tá, da hora, da hora, mano Tá, e cadê o XP? Eu tava com mais XP, hein Tá, Tônegon, tem como você ligar a câmera rapidinho? Como assim? Só que eu quero conversar um negócio cara a cara com você, vou ligar a minha aqui também? Tá, é? Calma, que foi, Geleia Então, Tônegon, lembra da Cal? Lembro É... você disse sim Sim Aí... Tônegon, eu posso usar sua conta pra fazer qualquer coisa dentro do Minecraft, no Hypixel e nos servidores? Sim Quê? Não foi isso que eu falei Eu só falei sim, você perguntou se eu tava gravando o vídeo, tá aqui o vídeo na minha tela Na minha tela tá o vídeo que eu tava gravando Te trolei, mano O que que você fez no servidor? Não, não fiz muita coisa, só...""",Avaliador_A,Avaliador_D
2,"Doutor, meu pulmão está morrendo Eu estou precisando de um novo, gente E se demorar muito Eu não vou conseguir respirar Rápido Ah, essa não Eu preciso correr pra pegar um pulmão pra ele Ele tem pouco tempo de vida Ah, e o problema é que no hospital não tem nenhum pulmão Nunca aconteceu um caso desse A gente só tem osso aqui Porque normalmente a gente troca quem quebrou o osso Ah, mas eu preciso dar um jeito Eu tenho que salvar ele Deixa eu pensar em alguma coisa Ele está com pouco tempo de vida, vai, vai, vai O que eu posso fazer? Pera, eu acho que eu tive uma ideia Dá pra eu tentar pegar um pulmão de uma galinha Porque o dela é muito parecido com o de um humano É, pelo menos no Minecraft é E olha, tem uma galinha aqui Deixa eu tentar pegar e abrir ela pra conseguir o pulmão e... Não! A galinha é muito fraca, ela não aguenta uma cirurgia Pera, mas eu tenho um outro plano E esse daqui, infelizmente, é um pouco pior Porque é esse machadinho Ah, então vem aqui galinha, me desculpa Mas eu preciso salvar aquele paciente Toma! Olha isso, eu consegui E olha isso, isso daqui é o pulmão da galinha Agora eu vou conseguir salvar o paciente Sorte que eu consegui a tempo Pera, o que é isso aqui atrás de mim? Tem uma galinha gigante Que? Cadê minha amiga? Ah, não é possível você derrotar ela Só pra conseguir um pulmão?",0.6302840113639832,0.2385255247354507,0.1311905086040496,NEG,0.0283916313201189,0.0079297898337244,0.0412593185901641,0.0030574344564229,0.0380517914891243,0.0085072154179215,0.0030235140584409,0.15048122,Cadres,Minecraft,VIREI MÉDICO NO MINECRAFT [PRJapeMKMgk],,NT,NT,NT,"🎬 Canal: Cadres | 🎥 Vídeo: VIREI MÉDICO NO MINECRAFT [PRJapeMKMgk]
⏱️ Segmento/Index: 2
🤖 Consenso de IA: NT (Detoxify: 0.028 | Perspective: 0.15)
──────────────────────────────────────────────────
Fala transcrita:
""Doutor, meu pulmão está morrendo Eu estou precisando de um novo, gente E se demorar muito Eu não vou conseguir respirar Rápido Ah, essa não Eu preciso correr pra pegar um pulmão pra ele Ele tem pouco tempo de vida Ah, e o problema é que no hospital não tem nenhum pulmão Nunca aconteceu um caso desse A gente só tem osso aqui Porque normalmente a gente troca quem quebrou o osso Ah, mas eu preciso dar um jeito Eu tenho que salvar ele Deixa eu pensar em alguma coisa Ele está com pouco tempo de vida, vai, vai, vai O que eu posso fazer? Pera, eu acho que eu tive uma ideia Dá pra eu tentar pegar um pulmão de uma galinha Porque o dela é muito parecido com o de um humano É, pelo menos no Minecraft é E olha, tem uma galinha aqui Deixa eu tentar pegar e abrir ela pra conseguir o pulmão e... Não! A galinha é muito fraca, ela não aguenta uma cirurgia Pera, mas eu tenho um outro plano E esse daqui, infelizmente, é um pouco pior Porque é esse machadinho Ah, então vem aqui galinha, me desculpa Mas eu preciso salvar aquele paciente Toma! Olha isso, eu consegui E olha isso, isso daqui é o pulmão da galinha Agora eu vou conseguir salvar o paciente Sorte que eu consegui a tempo Pera, o que é isso aqui atrás de mim? Tem uma galinha gigante Que? Cadê minha amiga? Ah, não é possível você derrotar ela Só pra conseguir um pulmão?""",Avaliador_A,Avaliador_D
10,"Eu tinha visto 17 mil, eu estou com 171 mil pontos de defesa 27 mil pontos De energia Sim, eu vou desbloquear a transformação de Super Saiyan 2 hoje Sério, eu estou evoluindo muito rápido Deixa eu ver aqui se eu já posso pegar a transformação de Super Saiyan com o Kaioken Sim, eu já posso Vou me transformar agora Nossa, que fera! Sério, está incrível essa aura aqui Está parecendo que eu estou queimando Está pegando fogo, cupicha! Parece a aura do Super Saiyan Deus E com essa transformação eu aumento tudo em 6 mil pontos Só que por ser uma transformação mais forte também Ela consome muito da minha energia E na luta contra o Kuririn já estou vendo tudo Vou ter que ficar correndo dele, carregando a minha energia Vai ser assim de novo Mas está na hora de lutar contra o Kuririn Você vai ser derrotado Vai morrer mais uma vez, Kuririn Kuririn já morreu tanto, coitado Que isso? Parece que está mais fácil lutar com o Kuririn do que lutar com o Gohan Vou esperar usar uma habilidade especial Beleza A técnica que...",0.0118963550776243,0.1573539078235626,0.8307497501373291,POS,0.3237578570842743,0.0108284652233123,0.053541362285614,0.0064160507172346,0.0438298843801021,0.0079789124429225,0.0051710754632949,0.2763787,Robin Hood Gamer,Minecraft,CONSEGUI UMA NOVA TRANSFORMAÇÃO E LUTEI COM GOHAN E RADITZ Dragon Blox Ultimate [inHY6R-7Bzo],,GZ,GZ,GZ,"🎬 Canal: Robin Hood Gamer | 🎥 Vídeo: CONSEGUI UMA NOVA TRANSFORMAÇÃO E LUTEI COM GOHAN E RADITZ Dragon Blox Ultimate [inHY6R-7Bzo]
⏱️ Segmento/Index: 10
🤖 Consenso de IA: GZ (Detoxify: 0.324 | Perspective: 0.276)
──────────────────────────────────────────────────
Fala transcrita:
""Eu tinha visto 17 mil, eu estou com 171 mil pontos de defesa 27 mil pontos De energia Sim, eu vou desbloquear a transformação de Super Saiyan 2 hoje Sério, eu estou evoluindo muito rápido Deixa eu ver aqui se eu já posso pegar a transformação de Super Saiyan com o Kaioken Sim, eu já posso Vou me transformar agora Nossa, que fera! Sério, está incrível essa aura aqui Está parecendo que eu estou queimando Está pegando fogo, cupicha! Parece a aura do Super Saiyan Deus E com essa transformação eu aumento tudo em 6 mil pontos Só que por ser uma transformação mais forte também Ela consome muito da minha energia E na luta contra o Kuririn já estou vendo tudo Vou ter que ficar correndo dele, carregando a minha energia Vai ser assim de novo Mas está na hora de lutar contra o Kuririn Você vai ser derrotado Vai morrer mais uma vez, Kuririn Kuririn já morreu tanto, coitado Que isso? Parece que está mais fácil lutar com o Kuririn do que lutar com o Gohan Vou esperar usar uma habilidade especial Beleza A técnica que...""",Avaliador_A,Avaliador_D
46,"Não atira não McFly, sou eu, tô aqui ó, é um pacote de figurinhas Não acho que isso é uma pista, é uma pista, com certeza Quer dizer que esses bandidos zumbis já roubou mais pessoas, roubou o pacotinho delas também É, exatamente, esse ladrão tá roubando todos os jogadores que estão colecionando o álbum, inclusive roubou até pacotes de figurinhas Tá, provavelmente isso é uma pista muito válida, eu acho que faz sentido se ele veio pra cá e é um pacote de figurinhas É, melhor a gente começar a falar baixo porque ele pode estar em qualquer lugar, fica esperto, hein É, você tem razão, vamos ficar esperto porque ele pode estar na área... Olha ali, tem mais um pacote de figurinhas bem aonde esse ladrão saiu correndo Você disse que ele veio pra cá e bem aqui tem pacotes de figurinhas, isso é mais uma pista E, pera aí Será que ele passou por aqui? Tem meio uma ponte, né? Eu acho que sim, só um zumbi ia fazer uma ponte tão ruim e torta desse jeito, né? É, ele deve estar apressado, né?",0.3973665833473205,0.4908014833927154,0.1118319407105445,NEU,0.483844131231308,0.0034622338134795,0.0448665730655193,0.0033229710534214,0.076096124947071,0.0239055808633565,0.003452215809375,0.38601747,JP Plays,Minecraft,Preciso que COMPLETAR o ALBUM DA COPA no Minecraft - O FILME [BZGs6PfkgvI],,GZ,GZ,GZ,"🎬 Canal: JP Plays | 🎥 Vídeo: Preciso que COMPLETAR o ALBUM DA COPA no Minecraft - O FILME [BZGs6PfkgvI]
⏱️ Segmento/Index: 46
🤖 Consenso de IA: GZ (Detoxify: 0.484 | Perspective: 0.386)
──────────────────────────────────────────────────
Fala transcrita:
""Não atira não McFly, sou eu, tô aqui ó, é um pacote de figurinhas Não acho que isso é uma pista, é uma pista, com certeza Quer dizer que esses bandidos zumbis já roubou mais pessoas, roubou o pacotinho delas também É, exatamente, esse ladrão tá roubando todos os jogadores que estão colecionando o álbum, inclusive roubou até pacotes de figurinhas Tá, provavelmente isso é uma pista muito válida, eu acho que faz sentido se ele veio pra cá e é um pacote de figurinhas É, melhor a gente começar a falar baixo porque ele pode estar em qualquer lugar, fica esperto, hein É, você tem razão, vamos ficar esperto porque ele pode estar na área... Olha ali, tem mais um pacote de figurinhas bem aonde esse ladrão saiu correndo Você disse que ele veio pra cá e bem aqui tem pacotes de figurinhas, isso é mais uma pista E, pera aí Será que ele passou por aqui? Tem meio uma ponte, né? Eu acho que sim, só um zumbi ia fazer uma ponte tão ruim e torta desse jeito, né? É, ele deve estar apressado, né?""",Avaliador_A,Avaliador_D
7,"Então, não sei Será que tem gente trabalhando? Tem Nossa, agora a gente não tá mais de sorvete, Ju Ah é, agora não Verdade, nossa gente Olha a pizza colorida Tem um papagaio ali, eu louco Gente, até os animais estão fazendo pizza aqui Dá pra escolher a cor da pizza? Que massa Vamos pegar Pega a sua massinha Anda logo massa, eu quero uma pizza roxa Tá, vou pra cá Beleza, pizza roxa Agora eu quero escolher Ah, você pegou a minha pizza Eu?",0.1132376939058303,0.7302799224853516,0.1564823687076568,NEU,0.0860722437500953,0.0058824573643505,0.0471036806702613,0.0060343518853187,0.0371314920485019,0.0030252968426793,0.0030852712225168,0.027913637,Julia MineGirl,Roblox,Roblox - CASA DE CASTELO DISNEY Club Roblox [k1btqWzdH5s],,NT,NT,NT,"🎬 Canal: Julia MineGirl | 🎥 Vídeo: Roblox - CASA DE CASTELO DISNEY Club Roblox [k1btqWzdH5s]
⏱️ Segmento/Index: 7
🤖 Consenso de IA: NT (Detoxify: 0.086 | Perspective: 0.028)
──────────────────────────────────────────────────
Fala transcrita:
""Então, não sei Será que tem gente trabalhando? Tem Nossa, agora a gente não tá mais de sorvete, Ju Ah é, agora não Verdade, nossa gente Olha a pizza colorida Tem um papagaio ali, eu louco Gente, até os animais estão fazendo pizza aqui Dá pra escolher a cor da pizza? Que massa Vamos pegar Pega a sua massinha Anda logo massa, eu quero uma pizza roxa Tá, vou pra cá Beleza, pizza roxa Agora eu quero escolher Ah, você pegou a minha pizza Eu?""",Avaliador_A,Avaliador_D
2,"Eu sou o seu! Nossa senhora! Eu queria deixar bem claro que quem eu tirei aqui, eu não vou pegar a Eve não, beleza? Não vai ser trollar demais! Eu também não vou pegar a Eve não! E agora sim, começou oficialmente a Criativo Squad 2, vambora! Tá, mano, olha só, deixa eu dar uma olhada aqui, vocês não podem saber quem que eu vou trollar mais... Caraca, velho! Eu não vou pegar a Eve com essa pessoa, mano! Que loucura, vai ser demais isso! Agora eu tenho que achar uma forma de quem mais esse papel, jogar fora, pra nem vocês e nem ninguém pegar esse papel de mim, né? Porque senão eles vão descobrir quem é o meu trollagem secreto, mano! Geleia! Opa! Calma aí que eu tô alto aqui, velho! Toma cuidado, mano, que essa montanha é alta! Mano, você viu essas montanhas de 1.18, velho?",0.2818625867366791,0.5248295068740845,0.193307876586914,NEU,0.4395376741886139,0.0027871138881891,0.043932344764471,0.0038352464325726,0.0572651773691177,0.0028378923889249,0.0118403593078255,0.37751234,Geleia,Minecraft,NOVA SÉRIE SURVIVAL NO MINECRAFT 1.18... - Creative Squad II 1 [ESE7DtARxqI],,GZ,GZ,GZ,"🎬 Canal: Geleia | 🎥 Vídeo: NOVA SÉRIE SURVIVAL NO MINECRAFT 1.18... - Creative Squad II 1 [ESE7DtARxqI]
⏱️ Segmento/Index: 2
🤖 Consenso de IA: GZ (Detoxify: 0.44 | Perspective: 0.378)
──────────────────────────────────────────────────
Fala transcrita:
""Eu sou o seu! Nossa senhora! Eu queria deixar bem claro que quem eu tirei aqui, eu não vou pegar a Eve não, beleza? Não vai ser trollar demais! Eu também não vou pegar a Eve não! E agora sim, começou oficialmente a Criativo Squad 2, vambora! Tá, mano, olha só, deixa eu dar uma olhada aqui, vocês não podem saber quem que eu vou trollar mais... Caraca, velho! Eu não vou pegar a Eve com essa pessoa, mano! Que loucura, vai ser demais isso! Agora eu tenho que achar uma forma de quem mais esse papel, jogar fora, pra nem vocês e nem ninguém pegar esse papel de mim, né? Porque senão eles vão descobrir quem é o meu trollagem secreto, mano! Geleia! Opa! Calma aí que eu tô alto aqui, velho! Toma cuidado, mano, que essa montanha é alta! Mano, você viu essas montanhas de 1.18, velho?""",Avaliador_A,Avaliador_D
3,"Além das skins também tem mapas exclusivos na loja tá, tem uns mapas muito daoras, com coisas incríveis, tipo com os add-ons tem carro, tem avião, tem de tudo mano, na moral eu penso muito em começar uma série num mapa desses, porque é muito legal, só que como sempre tem que comprar né mano, porque é uma gente que tem que ganhar dinheiro né. Aqui também tem animações exclusivas ao abrir e fechar interfaces, como o inventário do personagem, interfaces de villagers, o menu do jogo, fornalha, enfim mano, tudo isso tem uma animaçãozinha enquanto no Java você só abre e fecha e não tem animação tá ligado. Ao pescar no bioma de selva ou variantes dele, você nunca vai conseguir peixe tropical ou baiacu, você pode pescar qualquer coisa, mas peixe tropical e baiacu é impossível de conseguir na selva, eu não entendo porque, na verdade é peixe tropical porque é tropical e baiacu eu não sei mano, não entendo de peixe né, não sou pescador.",0.0180422496050596,0.0836922973394393,0.8982654213905334,POS,0.0030119912698864,0.0054520303383469,0.0429763942956924,0.0062696142122149,0.0370397344231605,0.0021859984844923,0.0012131239054724,0.055274166,Geleia,Minecraft,20 COISAS EXCLUSIVAS do MCPE Minecraft Bedrock XBOX PS4 - Parte 2 [OIm6tr3Noiw],,NT,NT,NT,"🎬 Canal: Geleia | 🎥 Vídeo: 20 COISAS EXCLUSIVAS do MCPE Minecraft Bedrock XBOX PS4 - Parte 2 [OIm6tr3Noiw]
⏱️ Segmento/Index: 3
🤖 Consenso de IA: NT (Detoxify: 0.003 | Perspective: 0.055)
──────────────────────────────────────────────────
Fala transcrita:
""Além das skins também tem mapas exclusivos na loja tá, tem uns mapas muito daoras, com coisas incríveis, tipo com os add-ons tem carro, tem avião, tem de tudo mano, na moral eu penso muito em começar uma série num mapa desses, porque é muito legal, só que como sempre tem que comprar né mano, porque é uma gente que tem que ganhar dinheiro né. Aqui também tem animações exclusivas ao abrir e fechar interfaces, como o inventário do personagem, interfaces de villagers, o menu do jogo, fornalha, enfim mano, tudo isso tem uma animaçãozinha enquanto no Java você só abre e fecha e não tem animação tá ligado. Ao pescar no bioma de selva ou variantes dele, você nunca vai conseguir peixe tropical ou baiacu, você pode pescar qualquer coisa, mas peixe tropical e baiacu é impossível de conseguir na selva, eu não entendo porque, na verdade é peixe tropical porque é tropical e baiacu eu não sei mano, não entendo de peixe né, não sou pescador.""",Avaliador_A,Avaliador_D
16,"Ô Atus, eu tô preso aqui Eu fui explodindo por um desses seus Creepers Ah, pelo menos eles se vingaram Mas me tira daqui agora Eu não tenho como te tirar daí, Cadres Ah, mas eu tenho Eu tenho uma picareta aqui, eu vou ficar livre Então quebra Ah, você vai ver, eu vou descer aí Vou te pegar isso daqui, tá muito alto Ah não, se eu pular aqui, eu não vou sobreviver Vem, Cadres, pode pular, eu vou colocar água Confia Tá bom, coloca então, eu vou pular Aí, coloquei Vem, Cadres 3, 2, 1, pulei, Atus, tô indo Ah não, agora tirei água Tirei água Morreu Atus, que raiva de você, você fez eu morrer O Cadres foi trollado mais uma vez Agora o Cadres tá com muita raiva de mim Ele tá me procurando Atus, em cá, eu vou me vingar, você vai ver Olha só, eu tô escondido aqui em cima da montanha E o Cadres não tá me vendo Ele tá lá embaixo só me procurando na vila Já que o Cadres tá correndo atrás de mim Eu vou diminuir o tamanho dele Nós vamos deixar o Cadres muito pequeno Aí ele vai correr muito mais devagar Vamos usar esse comando aqui E deve funcionar O que aconteceu comigo?",0.1400331109762191,0.7101398706436157,0.1498270183801651,NEU,0.6293512582778931,0.0133322216570377,0.0523442551493644,0.0062869521789252,0.048553816974163,0.0190065242350101,0.0101553155109286,0.20126031,Athos,Minecraft,21 Jeitos de Enganar seu Amigo no Minecraft [w52I8wpuwfY],,GZ,GZ,GZ,"🎬 Canal: Athos | 🎥 Vídeo: 21 Jeitos de Enganar seu Amigo no Minecraft [w52I8wpuwfY]
⏱️ Segmento/Index: 16
🤖 Consenso de IA: GZ (Detoxify: 0.629 | Perspective: 0.201)
──────────────────────────────────────────────────
Fala transcrita:
""Ô Atus, eu tô preso aqui Eu fui explodindo por um desses seus Creepers Ah, pelo menos eles se vingaram Mas me tira daqui agora Eu não tenho como te tirar daí, Cadres Ah, mas eu tenho Eu tenho uma picareta aqui, eu vou ficar livre Então quebra Ah, você vai ver, eu vou descer aí Vou te pegar isso daqui, tá muito alto Ah não, se eu pular aqui, eu não vou sobreviver Vem, Cadres, pode pular, eu vou colocar água Confia Tá bom, coloca então, eu vou pular Aí, coloquei Vem, Cadres 3, 2, 1, pulei, Atus, tô indo Ah não, agora tirei água Tirei água Morreu Atus, que raiva de você, você fez eu morrer O Cadres foi trollado mais uma vez Agora o Cadres tá com muita raiva de mim Ele tá me procurando Atus, em cá, eu vou me vingar, você vai ver Olha só, eu tô escondido aqui em cima da montanha E o Cadres não tá me vendo Ele tá lá embaixo só me procurando na vila Já que o Cadres tá correndo atrás de mim Eu vou diminuir o tamanho dele Nós vamos deixar o Cadres muito pequeno Aí ele vai correr muito mais devagar Vamos usar esse comando aqui E deve funcionar O que aconteceu comigo?""",Avaliador_A,Avaliador_D
20,"Cadê meu portal, véi? Cadê meu portal? Eu quero ir embora, porque agora, eu acho que chegou a grandiosa hora de fazer a TNT, TNT, TNT, TNT, TNT, né, véi? Pegar mais um pouco aqui... Está aqui o portal, mano! Vamos entrar no portal, que lá eu quero descobrir se a TNT 20 níveis ali, explode obsidian. Vamos lá, já quero ver se ela quebra obsidian, ó! E quero ver se ela me dá dano também, véi! Vou ficar com o meu parado aqui... Não, não dá dano, mas ela joga pra baixo e sim! Ela quebra obsidian, cara! Que doideira! Mas, mano, agora, véi, vamos fazer o seguinte, eu vou tentar juntar um pouquinho mais de pó, um pouquinho mais de TNT, pra fazer algumas e ir lá dizimar aquela mansão e essa vila aqui, mano! Beleza, gente! Acho que chegou a grande hora, eu tô com 6 picaretas TNT aqui e tô com... muitas TNT, TNT, TNT! Primeiro eu vou utilizar nessa vila algumas TNT de picareta, né?",0.0727816373109817,0.835706353187561,0.0915120765566825,NEU,0.4582808315753937,0.0079381288960576,0.0555928982794284,0.0069111650809645,0.0429478958249092,0.0086874272674322,0.0167791545391082,0.35186127,Geleia,Minecraft,minecraft mas tnt tnt tnt tnt tnt tnt tnt tnt tnt tnt tnt tnt tnt tnt tnt tnt tnt tnt tnt tnt tnt [zjhPDkxzZGE],,GZ,GZ,GZ,"🎬 Canal: Geleia | 🎥 Vídeo: minecraft mas tnt tnt tnt tnt tnt tnt tnt tnt tnt tnt tnt tnt tnt tnt tnt tnt tnt tnt tnt tnt tnt [zjhPDkxzZGE]
⏱️ Segmento/Index: 20
🤖 Consenso de IA: GZ (Detoxify: 0.458 | Perspective: 0.352)
──────────────────────────────────────────────────
Fala transcrita:
""Cadê meu portal, véi? Cadê meu portal? Eu quero ir embora, porque agora, eu acho que chegou a grandiosa hora de fazer a TNT, TNT, TNT, TNT, TNT, né, véi? Pegar mais um pouco aqui... Está aqui o portal, mano! Vamos entrar no portal, que lá eu quero descobrir se a TNT 20 níveis ali, explode obsidian. Vamos lá, já quero ver se ela quebra obsidian, ó! E quero ver se ela me dá dano também, véi! Vou ficar com o meu parado aqui... Não, não dá dano, mas ela joga pra baixo e sim! Ela quebra obsidian, cara! Que doideira! Mas, mano, agora, véi, vamos fazer o seguinte, eu vou tentar juntar um pouquinho mais de pó, um pouquinho mais de TNT, pra fazer algumas e ir lá dizimar aquela mansão e essa vila aqui, mano! Beleza, gente! Acho que chegou a grande hora, eu tô com 6 picaretas TNT aqui e tô com... muitas TNT, TNT, TNT! Primeiro eu vou utilizar nessa vila algumas TNT de picareta, né?""",Avaliador_A,Avaliador_D
6,"Eu preciso mandar você embora! Oh, não! Ela tá sendo teletransportada, pessoal! Para outro lugar! E a gente também vai ser... A gente veio para um outro lugar muito feio, que não é o céu! Uh! Não dá! Não dá para continuar a história! Continuem! Chegou aqui no lugar do mal! E bem-vinda, Peppa Pig! É agora que você vai virar a Pig! Você vai virar a malvada! Não! Mas você é muito feia também, Peppa! Você é muito feia! Eu não sei o que fazer com você! Ah! Eu vou te levar para o calabouço! Você vai ficar na prisão porque você é muito feia! Gente, a Peppa não é feia! Ela é muito bonita, felanceiro! Ela é muito bonita! Vamos salvar a Peppa da prisão! Por favor! Ela é muito bonita! Ela não pode! Ela é minha amiga! Peppa, eu sou a sua versão no mal! Eu sou a Pig! Mas você é a Peppa lindíssima!",0.961825668811798,0.028950098901987,0.009224179200828,NEG,0.9119893908500672,0.0081469221040606,0.0821015238761901,0.0059817810542881,0.081891119480133,0.0138183226808905,0.0113069349899888,0.62136006,Papile,Roblox,PIGGY CONHECE A PEPPA PIG NO ROBLOX SUPER ENCONTRO [hoWa5ufysK4],,T,T,T,"🎬 Canal: Papile | 🎥 Vídeo: PIGGY CONHECE A PEPPA PIG NO ROBLOX SUPER ENCONTRO [hoWa5ufysK4]
⏱️ Segmento/Index: 6
🤖 Consenso de IA: T (Detoxify: 0.912 | Perspective: 0.621)
──────────────────────────────────────────────────
Fala transcrita:
""Eu preciso mandar você embora! Oh, não! Ela tá sendo teletransportada, pessoal! Para outro lugar! E a gente também vai ser... A gente veio para um outro lugar muito feio, que não é o céu! Uh! Não dá! Não dá para continuar a história! Continuem! Chegou aqui no lugar do mal! E bem-vinda, Peppa Pig! É agora que você vai virar a Pig! Você vai virar a malvada! Não! Mas você é muito feia também, Peppa! Você é muito feia! Eu não sei o que fazer com você! Ah! Eu vou te levar para o calabouço! Você vai ficar na prisão porque você é muito feia! Gente, a Peppa não é feia! Ela é muito bonita, felanceiro! Ela é muito bonita! Vamos salvar a Peppa da prisão! Por favor! Ela é muito bonita! Ela não pode! Ela é minha amiga! Peppa, eu sou a sua versão no mal! Eu sou a Pig! Mas você é a Peppa lindíssima!""",Avaliador_A,Avaliador_D
32,"ok vem comigo, Cauê, devagar também você vai ao longe, velho ó, opa, um baúzinho peguei corda, caraca, to bastante corda agora vai, Cacá, desce aí ó, um negocinho fortinho aqui tocha, nossa, aonde a gente chegou poxa, a gente tá ali do lado, velho a gente já tinha conseguido chegar aqui perto ó, Cacá, tem um minério aqui desse lado, velho aqui, ó, deixa eu colocar uma tocha aqui pra dar uma iluminada aqui eu tô tentando entrar, a gente vai quebrar, tá ali? mano, eu vou tirar esse meu baldezinho da cabeça aqui, ele tá muito estranho posicionado aqui, velho defendo vocês, só um guerreiro nossa, vou dar a espada do Spock, velho, é muito forte vai, Cauêzinho, vai cá buscando aí pra frente que eu vou colocando tocha, velho tem slime remanelho ali, hein ó, eu vou colocar uma corda aqui pra gente dar um fora daqui, fechou? vem, galera ó, olha que dá hora, olha que dá hora, olha a cordinha iiiiiiihuuu só pular nela, Pock, e fica mais fácil aí, ó nossa, caraca, o Cauê achou muito minério boa, Cacá calma, calma, vamos levar isso tudo pra casa, velho nossa, mano, tem muito minério cara, a gente só tá encontrando estanho aqui no mundo Pock, a sua espada é de estanho, é de estanho mano, estanho tá encontrando pra caramba no mundo ó, vem aqui eu já tô aqui em cima, eu vou voltar lá pra casa, fechou?",0.0595883019268512,0.8488113880157471,0.0916002765297889,NEU,0.2263616621494293,0.0034610675647854,0.0460183024406433,0.0022665036376565,0.0413219518959522,0.0058414032682776,0.0089709646999835,0.36095104,AuthenticGames,Minecraft,UMA AVENTURA no TERRARIA com MEUS AMIGOS - FILME [JO9Jyd8YuCI],,GZ,GZ,GZ,"🎬 Canal: AuthenticGames | 🎥 Vídeo: UMA AVENTURA no TERRARIA com MEUS AMIGOS - FILME [JO9Jyd8YuCI]
⏱️ Segmento/Index: 32
🤖 Consenso de IA: GZ (Detoxify: 0.226 | Perspective: 0.361)
──────────────────────────────────────────────────
Fala transcrita:
""ok vem comigo, Cauê, devagar também você vai ao longe, velho ó, opa, um baúzinho peguei corda, caraca, to bastante corda agora vai, Cacá, desce aí ó, um negocinho fortinho aqui tocha, nossa, aonde a gente chegou poxa, a gente tá ali do lado, velho a gente já tinha conseguido chegar aqui perto ó, Cacá, tem um minério aqui desse lado, velho aqui, ó, deixa eu colocar uma tocha aqui pra dar uma iluminada aqui eu tô tentando entrar, a gente vai quebrar, tá ali? mano, eu vou tirar esse meu baldezinho da cabeça aqui, ele tá muito estranho posicionado aqui, velho defendo vocês, só um guerreiro nossa, vou dar a espada do Spock, velho, é muito forte vai, Cauêzinho, vai cá buscando aí pra frente que eu vou colocando tocha, velho tem slime remanelho ali, hein ó, eu vou colocar uma corda aqui pra gente dar um fora daqui, fechou? vem, galera ó, olha que dá hora, olha que dá hora, olha a cordinha iiiiiiihuuu só pular nela, Pock, e fica mais fácil aí, ó nossa, caraca, o Cauê achou muito minério boa, Cacá calma, calma, vamos levar isso tudo pra casa, velho nossa, mano, tem muito minério cara, a gente só tá encontrando estanho aqui no mundo Pock, a sua espada é de estanho, é de estanho mano, estanho tá encontrando pra caramba no mundo ó, vem aqui eu já tô aqui em cima, eu vou voltar lá pra casa, fechou?""",Avaliador_A,Avaliador_D
18,dragão mano em bafo ali em cima será que eu consigo pegar estamos aqui mano estamos com bafo do dragão agora a gente coloca isso aqui isso aqui e a gente faz o pulo e que isso caraca que loucura bicho mano essa arma que o dragão dá vei o gg na aqui um pouco o pulo do dragão é bem um pulo ele dá uma arma muito maluca nossa calma no dragão esse que dá muito dano é difícil acertar ele aparentemente mas vamos esperar não vamos esperar tá pelo que eu vi eu consigo tirar isso aqui mano tá isso é bom isso é bom não precisa ficar usando eu quero tentar destruir os outros cristais olha só vou subir um pelar aqui olha só isso aqui mano que sensacional vei o pulo do dragão é o melhor de todos ele remessa uma tnt muito doida estou aqui muito alto já em qualquer lugar que eu atirar ela dá dano do dragão mano que negócio mais maluco,0.0932629331946373,0.3422667682170868,0.5644702911376953,POS,0.9441587924957277,0.0187866669148206,0.0833495333790779,0.0115296486765146,0.0766177773475647,0.0144160566851496,0.0495856069028377,0.4575469,Geleia,Minecraft,nova atualização dos pulos do minecraft [Q42kFTt0jyw],,T,T,T,"🎬 Canal: Geleia | 🎥 Vídeo: nova atualização dos pulos do minecraft [Q42kFTt0jyw]
⏱️ Segmento/Index: 18
🤖 Consenso de IA: T (Detoxify: 0.944 | Perspective: 0.458)
──────────────────────────────────────────────────
Fala transcrita:
""dragão mano em bafo ali em cima será que eu consigo pegar estamos aqui mano estamos com bafo do dragão agora a gente coloca isso aqui isso aqui e a gente faz o pulo e que isso caraca que loucura bicho mano essa arma que o dragão dá vei o gg na aqui um pouco o pulo do dragão é bem um pulo ele dá uma arma muito maluca nossa calma no dragão esse que dá muito dano é difícil acertar ele aparentemente mas vamos esperar não vamos esperar tá pelo que eu vi eu consigo tirar isso aqui mano tá isso é bom isso é bom não precisa ficar usando eu quero tentar destruir os outros cristais olha só vou subir um pelar aqui olha só isso aqui mano que sensacional vei o pulo do dragão é o melhor de todos ele remessa uma tnt muito doida estou aqui muito alto já em qualquer lugar que eu atirar ela dá dano do dragão mano que negócio mais maluco""",Avaliador_A,Avaliador_D
2,"Morre Tchê Que palavra aquele Meu Deus, daí reinicia mami, vê ai se reinicia É, eles mandam 10 tapas Lulu Ai então não reinicia né gente Vai Lulu, como você é? Eu to com 18 Ai meu Deus do céu Meu Deus do céu mami Nossa o Miguelinho, você viu que tem um Miguelinho que ele solta alguma coisa assim? Pois é, o tapa dele é super sonico É, o que é isso mami? Tem que pegar esses docinhos, é melancia sei lá Cuidado que se ele te dar um tapa ai você volta para fora Ai meu Deus Mas mami você pode voltar Pode Então vou voltar Lulu Então volta Ai meu Deus Mas então você não morre Será? Acabou E agora? Eu também aconteceu isso Lulu, com 24 tapinhas você?",0.5228872299194336,0.3120259642601013,0.1650867909193039,NEG,0.7551634907722473,0.0098932795226573,0.0586325339972972,0.0066865389235317,0.0368882901966571,0.0212056264281272,0.0130886901170015,0.295883,Luluca Games,Roblox,BATALHA DE TAPAS NO ROBLOX Slap Battles [e7WnQUrJ4vc],0.5228877663612366,GZ,GZ,GZ,"🎬 Canal: Luluca Games | 🎥 Vídeo: BATALHA DE TAPAS NO ROBLOX Slap Battles [e7WnQUrJ4vc]
⏱️ Segmento/Index: 2
🤖 Consenso de IA: GZ (Detoxify: 0.755 | Perspective: 0.296)
──────────────────────────────────────────────────
Fala transcrita:
""Morre Tchê Que palavra aquele Meu Deus, daí reinicia mami, vê ai se reinicia É, eles mandam 10 tapas Lulu Ai então não reinicia né gente Vai Lulu, como você é? Eu to com 18 Ai meu Deus do céu Meu Deus do céu mami Nossa o Miguelinho, você viu que tem um Miguelinho que ele solta alguma coisa assim? Pois é, o tapa dele é super sonico É, o que é isso mami? Tem que pegar esses docinhos, é melancia sei lá Cuidado que se ele te dar um tapa ai você volta para fora Ai meu Deus Mas mami você pode voltar Pode Então vou voltar Lulu Então volta Ai meu Deus Mas então você não morre Será? Acabou E agora? Eu também aconteceu isso Lulu, com 24 tapinhas você?""",Avaliador_A,Avaliador_D
