comments_total,authors_total,comments_mean_day,comments_avg_day,comments_median_day,comments_max_day
34,28,0.11643835616438356,1.302971881780001,0.0,21
94,73,0.28313253012048195,2.4105668324445593,0.0,33
33,32,0.21428571428571427,1.4595383177019834,0.0,15
54,39,0.28125,2.1229394074604886,0.0,26
76,59,0.23030303030303031,1.991239910723381,0.0,33
640,573,1.56479217603912,5.222625412036407,0.0,60
