comments_total,authors_total,comments_mean_day,comments_avg_day,comments_median_day,comments_max_day
5511,4797,45.54545454545455,279.7887298182922,2.0,2447
6158,5189,44.948905109489054,275.2760732206179,2.0,2472
