id,seek,start,end,text,temperature,avg_logprob,compression_ratio,no_speech_prob
0,0,0.0,4.22, Today I'm going to troll my friend with this potion and I'm going to make him super small my friend,0.0,-0.2755416982314166,1.702054794520548,0.3149734139442444
1,0,4.22,7.34, He's distracted. This is the perfect moment take this one. Oh,0.0,-0.2755416982314166,1.702054794520548,0.3149734139442444
2,0,7.34,12.34," What happened? I got tiny who did this to me? Oh, it was you man get the person. Hey",0.0,-0.2755416982314166,1.702054794520548,0.3149734139442444
3,0,12.34,17.38, You got tiny take this now. Every like you give me I get bigger wait what's that?,0.0,-0.2755416982314166,1.702054794520548,0.3149734139442444
4,0,17.38,23.06, I can't believe it. It's an insect help me. It's gonna swallow me up. Give me a light guys,0.0,-0.2755416982314166,1.702054794520548,0.3149734139442444
5,0,23.06,28.060000000000002, I need to grow up looks like someone left a like and I'm growing up there now,0.0,-0.2755416982314166,1.702054794520548,0.3149734139442444
6,2806,28.06,33.9, Now you'll see you ugly insect take that and now for me to get bigger subscribe,0.0,-0.23514936408218073,1.3880597014925373,0.010975243523716927
7,2806,33.9,39.44, It looks like you signed up and I've grown huge and there you are right now,0.0,-0.23514936408218073,1.3880597014925373,0.010975243523716927
8,2806,39.44,41.44, You'll see my revenge. No help,0.0,-0.23514936408218073,1.3880597014925373,0.010975243523716927
