index,tiras,negatividade,neutralidade,positividade,sentimento_dominante,toxicity,severe_toxicity,obscene,identity_attack,insult,threat,sexual_explicit,p_toxicity,Creator Name,Game Environment,Video Name,toxicidade,class_detoxify,class_perspective,classificacao_ia,texto_exibicao,Anotador_1,Anotador_2
24,"Ué, que estranho Tá normal Ai, eu preciso atacar todos os Azul Babão Deixa eu pegar meu arco Cuidado, arco Ai, eu vou tentar, eu vou tentar sobreviver Massa dourada, boa, boa, boa Comer massa dourada e recupera a vida Aí Tô chegando, cheguei Isso, me ajuda, me ajuda, tá flechada E isso, batada em todos os Azul Babão Toma Azul Babão Matei um, agora outro e mais um aqui Boa Um coração, Bala, um coração Sua casa está sendo atacada Bala, a gente precisa voltar pra casa Vamos direto pra casa O Donkey Kong invadiu a nossa casa Ele tá na frente dela só esperando a gente chegar Olha lá, o Donkey Kong tá nos atacando Ele tá jogando banana, Bala Cuidado, Atus Eu vou atirar com o arco nele Toma, toma flechada Ele não para de atirar a banana E vamos dar espadada também nele Toma Ai, ai, ai, ai As bananas dele dão muito dano, Bala Nossa, nossa, eu tô quase morrendo Vai pra trás das árvores, ele quer explodir tudo Ele quer explodir tudo, Bala Volta aqui, Bala Quando você renascer, volta aqui A vida dele já tá na metade É isso aí, é isso aí Tem uma coisa que a gente ganhou antes que foi a boca do Pac-Man Vamos tentar matar ele com a boca do Pac-Man Isso, vamos Talvez vai dar certo Aqui, só chegar aqui por trás dele Ai, ele me explodiu Nossa, ele te explodiu também, Bala Aí, agora vai Eu vou usar a boca de Pac-Man nele, Bala Vou usar, vou usar aqui O centro Deu certo, deu certo Conseguimos vencer o Donkey Kong Agora nossa casa tá salvo E olha só, a gente conseguiu todos os jogos Finalmente temos todos os jogos",0.1429436355829239,0.7317811846733093,0.1252751350402832,NEU,0.5646128058433533,0.0136736873537302,0.0506161786615848,0.0046965954825282,0.0503351017832756,0.0413784012198448,0.0145648634061217,0.33338684,Athos,Minecraft,A Cada XP eu viro um JOGO no Minecraft [HiShNlWkD5E],,GZ,GZ,GZ,"🎬 Canal: Athos | 🎥 Vídeo: A Cada XP eu viro um JOGO no Minecraft [HiShNlWkD5E]
⏱️ Segmento/Index: 24
──────────────────────────────────────────────────
Fala transcrita:
""Ué, que estranho Tá normal Ai, eu preciso atacar todos os Azul Babão Deixa eu pegar meu arco Cuidado, arco Ai, eu vou tentar, eu vou tentar sobreviver Massa dourada, boa, boa, boa Comer massa dourada e recupera a vida Aí Tô chegando, cheguei Isso, me ajuda, me ajuda, tá flechada E isso, batada em todos os Azul Babão Toma Azul Babão Matei um, agora outro e mais um aqui Boa Um coração, Bala, um coração Sua casa está sendo atacada Bala, a gente precisa voltar pra casa Vamos direto pra casa O Donkey Kong invadiu a nossa casa Ele tá na frente dela só esperando a gente chegar Olha lá, o Donkey Kong tá nos atacando Ele tá jogando banana, Bala Cuidado, Atus Eu vou atirar com o arco nele Toma, toma flechada Ele não para de atirar a banana E vamos dar espadada também nele Toma Ai, ai, ai, ai As bananas dele dão muito dano, Bala Nossa, nossa, eu tô quase morrendo Vai pra trás das árvores, ele quer explodir tudo Ele quer explodir tudo, Bala Volta aqui, Bala Quando você renascer, volta aqui A vida dele já tá na metade É isso aí, é isso aí Tem uma coisa que a gente ganhou antes que foi a boca do Pac-Man Vamos tentar matar ele com a boca do Pac-Man Isso, vamos Talvez vai dar certo Aqui, só chegar aqui por trás dele Ai, ele me explodiu Nossa, ele te explodiu também, Bala Aí, agora vai Eu vou usar a boca de Pac-Man nele, Bala Vou usar, vou usar aqui O centro Deu certo, deu certo Conseguimos vencer o Donkey Kong Agora nossa casa tá salvo E olha só, a gente conseguiu todos os jogos Finalmente temos todos os jogos""",Avaliador_A,Avaliador_E
1,Uou! Deu certo!,0.0034424581099301,0.0201700646430253,0.97638738155365,POS,0.0010543504031375,5.749216143158265e-05,0.0008752224384807,0.0001011669737636,0.0006199541967362,0.0001275832619285,8.109273767331615e-05,0.0069113337,Athos,Minecraft,Dei VIDA para as COISAS no MINECRAFT [uzzm3d9HuYA],,NT,NT,NT,"🎬 Canal: Athos | 🎥 Vídeo: Dei VIDA para as COISAS no MINECRAFT [uzzm3d9HuYA]
⏱️ Segmento/Index: 1
──────────────────────────────────────────────────
Fala transcrita:
""Uou! Deu certo!""",Avaliador_A,Avaliador_E
10,"Ela é assim, minha mãe maluquinha Meu Deus do céu, vocês conseguiram matar o Herobrine Eu estou com medo Eduarda, ela ficou com medo do Herobrine de mentirinha que eu fiz Não fala alto não, seu doido É mentira Meu Deus do céu, Eduarda Ela não tem nem medo do Herobrine, fi Quem não tem medo do Herobrine? Se esconde, Eduarda, se esconde dentro desse mato Se esconde Tá nada escondido, Eduarda, dá pra te ver lá do Japão Mas tudo bem Olha que gigante, eu duvido você passar desse rio aí Eu duvido Você tem medo de água, né? Eu não gosto de tomar bainão, né? Mas eu vou ter que encarar isso aqui, né? Ai Ah, não quero Tá quente, tá quente demais isso aqui, o que está acontecendo? Está água maluca? Eu vou é pular isso aqui, seu espaldo de doido Meu Deus, Eduarda Ela conseguiu pular o negócio, Eduarda Marcelo, vem aqui, vem aqui, vem aqui Eu preciso te contar um negócio, vem cá, vem cá O que, Eduarda? Tem uma poção Hã?",0.2920357882976532,0.5846286416053772,0.1233356073498725,NEU,0.7529444694519043,0.0110541610047221,0.0567732602357864,0.0085209943354129,0.0509282536804676,0.0042636184953153,0.0095226028934121,0.3260917,Marcelodrv,Minecraft,100 Hacks de SEGURANÇA contra MONSTROS - O FILME [NpsZwHJCJzE],,GZ,GZ,GZ,"🎬 Canal: Marcelodrv | 🎥 Vídeo: 100 Hacks de SEGURANÇA contra MONSTROS - O FILME [NpsZwHJCJzE]
⏱️ Segmento/Index: 10
──────────────────────────────────────────────────
Fala transcrita:
""Ela é assim, minha mãe maluquinha Meu Deus do céu, vocês conseguiram matar o Herobrine Eu estou com medo Eduarda, ela ficou com medo do Herobrine de mentirinha que eu fiz Não fala alto não, seu doido É mentira Meu Deus do céu, Eduarda Ela não tem nem medo do Herobrine, fi Quem não tem medo do Herobrine? Se esconde, Eduarda, se esconde dentro desse mato Se esconde Tá nada escondido, Eduarda, dá pra te ver lá do Japão Mas tudo bem Olha que gigante, eu duvido você passar desse rio aí Eu duvido Você tem medo de água, né? Eu não gosto de tomar bainão, né? Mas eu vou ter que encarar isso aqui, né? Ai Ah, não quero Tá quente, tá quente demais isso aqui, o que está acontecendo? Está água maluca? Eu vou é pular isso aqui, seu espaldo de doido Meu Deus, Eduarda Ela conseguiu pular o negócio, Eduarda Marcelo, vem aqui, vem aqui, vem aqui Eu preciso te contar um negócio, vem cá, vem cá O que, Eduarda? Tem uma poção Hã?""",Avaliador_A,Avaliador_E
1,"Moça, esse baú não é normal não, ele tem dentes afiados e tá tentando me devorar É um baú mutante, eu nunca vi algo parecido tal, vim se queim pro DAAAAM, McFly Gente, já tá bem, o que você tá fazendo na minha casa? Eu vim pegar os seus minérios emprestados, só que aí quando eu fui abrir o baú ele me atacou e tentou me engolir Aí então funcionou isso! Como assim funcionou? O que você tá travando? Eu sabia que algum dia algum ladrão poderia vir aqui e roubar as coisas do meu baú, só que eles não sabem que eu criei esse baú mutante Você criou um baú mutante com dentes afiados e perigoso, né? Você gostou? Eu odiei ele, eu odiei ele, olha só, cadê você? O baúzinho, cadê você? Tá escondido né? Olha aqui, olha aqui, ele tá comendo a parede da sua casa, não queria falar nada não, agora ele tá tentando morder eu Deixa eu comer uma maçã que eu tô com fome, eu sei, ele é agressivo até comigo De vez em quando Ele não te respeita?",0.3861565887928009,0.5248568058013916,0.0889866277575492,NEU,0.921662211418152,0.0084081655368208,0.064830794930458,0.0057544000446796,0.0820299312472343,0.0078967278823256,0.0226563792675733,0.44573322,JP Plays,Minecraft,NÃO ABRA ESSE BAÚ NO MINECRAFT  perigoso [71tZs8QQBxQ],,T,T,T,"🎬 Canal: JP Plays | 🎥 Vídeo: NÃO ABRA ESSE BAÚ NO MINECRAFT  perigoso [71tZs8QQBxQ]
⏱️ Segmento/Index: 1
──────────────────────────────────────────────────
Fala transcrita:
""Moça, esse baú não é normal não, ele tem dentes afiados e tá tentando me devorar É um baú mutante, eu nunca vi algo parecido tal, vim se queim pro DAAAAM, McFly Gente, já tá bem, o que você tá fazendo na minha casa? Eu vim pegar os seus minérios emprestados, só que aí quando eu fui abrir o baú ele me atacou e tentou me engolir Aí então funcionou isso! Como assim funcionou? O que você tá travando? Eu sabia que algum dia algum ladrão poderia vir aqui e roubar as coisas do meu baú, só que eles não sabem que eu criei esse baú mutante Você criou um baú mutante com dentes afiados e perigoso, né? Você gostou? Eu odiei ele, eu odiei ele, olha só, cadê você? O baúzinho, cadê você? Tá escondido né? Olha aqui, olha aqui, ele tá comendo a parede da sua casa, não queria falar nada não, agora ele tá tentando morder eu Deixa eu comer uma maçã que eu tô com fome, eu sei, ele é agressivo até comigo De vez em quando Ele não te respeita?""",Avaliador_A,Avaliador_E
3,"Pra saber se ela impostou ou não, velho? Uhum. Cara, que legal, eu acho que aqui nessa nave tá sem nenhum impostor, pô, aqui, ó. Todo mundo que tá aqui dentro tá de algo... Uai, o Azul quer voltar lá, mano. Ele quer voltar. O Azul já tá querendo tasks, já. Quero café! Meu Deus! Encontrei um impostor! Olha! Nossa! Mano, o que que é isso? Caraca, eu contou... Tá a ruim da boca. Será que ele tá agressivo com os outros, velho? Não sei, não. Ele tem que trazer... Ó, ó o verdinho aqui tentando namorar a rosinha, vai pra lá. Mano, o verdinho não vai pra aí, não, velho. Eu acho que o roxo... Olha isso, velho, o roxo tá muito bravo, velho. Ô, marrom colou, marrom colou! Mas ele tá meio lentinho, né? Será que ele tá bugado? Você tá meio... Gente, mano... Tá tipo, quero água! Deixa eu ver o que que tá rolando pra cá também, vamos ver se alguém já começou a morrer aqui dentro do... Aqui você sabe o que que é, né? É o reator, não é, velho? Não, é aquela parte que você... Dos laser, né? Atira os laser pra quebrar as pedras.",0.7165278792381287,0.2537193894386291,0.0297527741640806,NEG,0.2553358078002929,0.0010726960608735,0.0261623244732618,0.0010296292603015,0.0742831975221633,0.004864789545536,0.0049155461601912,0.36095104,AuthenticGames,Minecraft,Minecraft PE - AMONG US NO MINECRAFT  CELULAR [1yf3_RIlns0],,GZ,GZ,GZ,"🎬 Canal: AuthenticGames | 🎥 Vídeo: Minecraft PE - AMONG US NO MINECRAFT  CELULAR [1yf3_RIlns0]
⏱️ Segmento/Index: 3
──────────────────────────────────────────────────
Fala transcrita:
""Pra saber se ela impostou ou não, velho? Uhum. Cara, que legal, eu acho que aqui nessa nave tá sem nenhum impostor, pô, aqui, ó. Todo mundo que tá aqui dentro tá de algo... Uai, o Azul quer voltar lá, mano. Ele quer voltar. O Azul já tá querendo tasks, já. Quero café! Meu Deus! Encontrei um impostor! Olha! Nossa! Mano, o que que é isso? Caraca, eu contou... Tá a ruim da boca. Será que ele tá agressivo com os outros, velho? Não sei, não. Ele tem que trazer... Ó, ó o verdinho aqui tentando namorar a rosinha, vai pra lá. Mano, o verdinho não vai pra aí, não, velho. Eu acho que o roxo... Olha isso, velho, o roxo tá muito bravo, velho. Ô, marrom colou, marrom colou! Mas ele tá meio lentinho, né? Será que ele tá bugado? Você tá meio... Gente, mano... Tá tipo, quero água! Deixa eu ver o que que tá rolando pra cá também, vamos ver se alguém já começou a morrer aqui dentro do... Aqui você sabe o que que é, né? É o reator, não é, velho? Não, é aquela parte que você... Dos laser, né? Atira os laser pra quebrar as pedras.""",Avaliador_A,Avaliador_E
5,"Não basta matar metade do mapa, ainda tem que matar o meu squad Obrigada, Ana Lu Ana Lu, cercando ela ainda para pra fazer um coração, é brincadeira? Hahahaha Infelizmente cercaram a Tene, aí eu falei pra ela fazer Minha estratégia que é deitar e dar capa Confia na cauda Scarlett Sempre dá certo Ou não, né? Eu não sei como esse squad conseguiu ficar full até o final da partida Eu só sei que era eles contra a Ana Lu Eles encontraram ela, só que eles rusharam os quatro de vez Então não teve muito o que fazer, né, Ana Lu? Mas ainda assim ela conseguiu dar alguns esquivas, jogou umas granadas Ela caiu, mas caiu que nem uma guerreira Uma guerreira saiadinha Olha o capa A Ana Lu matou a Ana Lu Boiá, baby, escondirei-te pra fazer emot ainda, né?",0.5423912405967712,0.3164886236190796,0.1411201059818267,NEG,0.2066658437252044,0.0080966437235474,0.0425588823854923,0.0046487380750477,0.0319737717509269,0.0225513633340597,0.0046410509385168,0.32971194,Amy Scarlet,Roblox,Salinha com Influencers e Seguidores [LudXFCWvr2s],,GZ,GZ,GZ,"🎬 Canal: Amy Scarlet | 🎥 Vídeo: Salinha com Influencers e Seguidores [LudXFCWvr2s]
⏱️ Segmento/Index: 5
──────────────────────────────────────────────────
Fala transcrita:
""Não basta matar metade do mapa, ainda tem que matar o meu squad Obrigada, Ana Lu Ana Lu, cercando ela ainda para pra fazer um coração, é brincadeira? Hahahaha Infelizmente cercaram a Tene, aí eu falei pra ela fazer Minha estratégia que é deitar e dar capa Confia na cauda Scarlett Sempre dá certo Ou não, né? Eu não sei como esse squad conseguiu ficar full até o final da partida Eu só sei que era eles contra a Ana Lu Eles encontraram ela, só que eles rusharam os quatro de vez Então não teve muito o que fazer, né, Ana Lu? Mas ainda assim ela conseguiu dar alguns esquivas, jogou umas granadas Ela caiu, mas caiu que nem uma guerreira Uma guerreira saiadinha Olha o capa A Ana Lu matou a Ana Lu Boiá, baby, escondirei-te pra fazer emot ainda, né?""",Avaliador_A,Avaliador_E
9,"Ai, sai, sai! Vai embora daqui, a gente tem que fugir! É tudo verdade! Você sabe uma história? Ai, socorro! Gente, eu queria maluco, hein? O garoto se apaixonou por mim, depois ele quis ser meu amigo e a gente viu o fantasma e agora eu tô fodendo! Tchau! Não, não vai embora sem mim!",0.3050538897514343,0.480917751789093,0.2140284031629562,NEU,0.8735700249671936,0.0062925075180828,0.1524981409311294,0.0035456726327538,0.0399978756904602,0.002601719694212,0.0288300532847642,0.5532103,Papile,Roblox,MENINO SE APAIXONOU POR MIM EU GOSTO DELE  - História Roblox [mUC2_tvWXcM],,T,T,T,"🎬 Canal: Papile | 🎥 Vídeo: MENINO SE APAIXONOU POR MIM EU GOSTO DELE  - História Roblox [mUC2_tvWXcM]
⏱️ Segmento/Index: 9
──────────────────────────────────────────────────
Fala transcrita:
""Ai, sai, sai! Vai embora daqui, a gente tem que fugir! É tudo verdade! Você sabe uma história? Ai, socorro! Gente, eu queria maluco, hein? O garoto se apaixonou por mim, depois ele quis ser meu amigo e a gente viu o fantasma e agora eu tô fodendo! Tchau! Não, não vai embora sem mim!""",Avaliador_A,Avaliador_E
3,"Uhum Caraca, que da hora, mano Tu nem chegaria perto de mim por causa do medo, cara Ah, não chego, nada, tá doido? Enquanto você tá como um crocodilo eu chego nem perto de você Tem que quebrar aqui, os negócios, mano, ele é muito grande Pra cair, pra pegar os itens é bem difícil O crocodilo, o crocodilo, o crocodilo, o crocodilo, o crocodilo Ih, meu Deus do céu, o crocodilo O crocodilo É o portão, bom, já fiz a minha picaretinha aqui Agora eu vou fazer uma pazinha porque eu vou precisar de pegar algumas coisas aqui, né? E por enquanto eu acho que eu estou seguro, o K.R. não vai se atrever a chegar perto de mim Eu por enquanto não, ainda não, mas daqui a pouco eu com certeza vou, mano Mas eu vou ficar perto pra não me deixar você ir pro Nether também, né? Eu posso te atrapalhar É verdade, eu posso ir agora, mano Eu posso te atrapalhar Ah, mano, eu vou virar outro bicho agora Ai, que beleza, velho Não acredito Beleza, eu acho que eu virei um sapo, velho Ah, bom, aí já é um ótimo momento pra te caçar porque sapo eu acho que não tem poder, né? Ele tem um poderzinho aqui Até sapo tem poder, qual o poder do sapo?",0.6565359830856323,0.281676322221756,0.0617876872420311,NEG,0.7250718474388123,0.0126855792477726,0.0590401254594326,0.0066731367260217,0.0526658967137336,0.0075487876310944,0.0390146486461162,0.36095104,Kass e KR,Minecraft,TROLEI meu AMIGO virando MOB customizado no Caçador vs. Speedrunner [53d1LB42kuI],,GZ,GZ,GZ,"🎬 Canal: Kass e KR | 🎥 Vídeo: TROLEI meu AMIGO virando MOB customizado no Caçador vs. Speedrunner [53d1LB42kuI]
⏱️ Segmento/Index: 3
──────────────────────────────────────────────────
Fala transcrita:
""Uhum Caraca, que da hora, mano Tu nem chegaria perto de mim por causa do medo, cara Ah, não chego, nada, tá doido? Enquanto você tá como um crocodilo eu chego nem perto de você Tem que quebrar aqui, os negócios, mano, ele é muito grande Pra cair, pra pegar os itens é bem difícil O crocodilo, o crocodilo, o crocodilo, o crocodilo, o crocodilo Ih, meu Deus do céu, o crocodilo O crocodilo É o portão, bom, já fiz a minha picaretinha aqui Agora eu vou fazer uma pazinha porque eu vou precisar de pegar algumas coisas aqui, né? E por enquanto eu acho que eu estou seguro, o K.R. não vai se atrever a chegar perto de mim Eu por enquanto não, ainda não, mas daqui a pouco eu com certeza vou, mano Mas eu vou ficar perto pra não me deixar você ir pro Nether também, né? Eu posso te atrapalhar É verdade, eu posso ir agora, mano Eu posso te atrapalhar Ah, mano, eu vou virar outro bicho agora Ai, que beleza, velho Não acredito Beleza, eu acho que eu virei um sapo, velho Ah, bom, aí já é um ótimo momento pra te caçar porque sapo eu acho que não tem poder, né? Ele tem um poderzinho aqui Até sapo tem poder, qual o poder do sapo?""",Avaliador_A,Avaliador_E
11,"Meu Deus do céu. Meu Deus do céu. Porra, Zin. Aí, levanta. Tá muito preguiçosa, porquinha, cabrinha. Ah, o cara não vem aqui para eu dar o ataque final nele. Ele tá roubando. Isso, voltou, pessoal. Agora vai ser o grande momento. Acho que dá para terminar. Dá para terminar a luta. Não. Vai, vai, vai. Isso. Ele tá com um pouquinho de vida. Ah, não morreu. Ele ficou com um de vida. Um de vida só. Na próxima eu consigo. Ele tá repetindo o ataque dele, ó. Ô, fazendeiro, vem aqui para o meio para nós conversar, meu querido. Vai ser o último ataque em você. Aí você vai poder descansar, tá bom? Aí, ó. Toma. Ah, que mentira. Ele foi embora. Ele foi embora. Peraí. Ele falou, espera aí, me dá um segundo. O quê? Ele me deu uma bola de futebol. Ele falou assim, você só pode esperar porque vai vir próximo. Eu acho que ele não tinha nada preparado, né, para ser tipo a continuação da batalha ou algo assim. Ele falou assim, fica com você aí por enquanto. Estou de volta, ele falou.",0.9055001735687256,0.0659184828400611,0.0285813435912132,NEG,0.9653468132019044,0.0115734348073601,0.799731969833374,0.0015775655629113,0.5020158290863037,0.0103163737803697,0.0257557015866041,0.5566829,Tex HS,Roblox,PORCO enfrenta o FINAL BOSS Goat Simulator 3  Parte 14 [ai8DSxVOOQc],,T,T,T,"🎬 Canal: Tex HS | 🎥 Vídeo: PORCO enfrenta o FINAL BOSS Goat Simulator 3  Parte 14 [ai8DSxVOOQc]
⏱️ Segmento/Index: 11
──────────────────────────────────────────────────
Fala transcrita:
""Meu Deus do céu. Meu Deus do céu. Porra, Zin. Aí, levanta. Tá muito preguiçosa, porquinha, cabrinha. Ah, o cara não vem aqui para eu dar o ataque final nele. Ele tá roubando. Isso, voltou, pessoal. Agora vai ser o grande momento. Acho que dá para terminar. Dá para terminar a luta. Não. Vai, vai, vai. Isso. Ele tá com um pouquinho de vida. Ah, não morreu. Ele ficou com um de vida. Um de vida só. Na próxima eu consigo. Ele tá repetindo o ataque dele, ó. Ô, fazendeiro, vem aqui para o meio para nós conversar, meu querido. Vai ser o último ataque em você. Aí você vai poder descansar, tá bom? Aí, ó. Toma. Ah, que mentira. Ele foi embora. Ele foi embora. Peraí. Ele falou, espera aí, me dá um segundo. O quê? Ele me deu uma bola de futebol. Ele falou assim, você só pode esperar porque vai vir próximo. Eu acho que ele não tinha nada preparado, né, para ser tipo a continuação da batalha ou algo assim. Ele falou assim, fica com você aí por enquanto. Estou de volta, ele falou.""",Avaliador_A,Avaliador_E
15,"000 anos depois Depois de tudo que eu fiz por você Pare com isso chefinho Agora já tudo acabou, estamos saindo do circo E você pode parar com isso Agora mesmo Tchau querido Ah não, estamos saindo do circo E você não pode nos parar dessa vez né É isso E o que aconteceu com o Pat e o chefe? Quem é esse outro palhaço aqui? O show precisa continuar O que é esse palhaço? Era o chefe cara Eles transformaram ele em um palhaço Vocês viram?",0.9740167260169984,0.0141706150025129,0.0118126813322305,NEG,0.5225945711135864,0.002736002439633,0.0400618277490139,0.0038791552651673,0.1409326791763305,0.0029995162039995,0.0035387419629842,0.39842087,Tex HS,Roblox,A TRISTE HISTÓRIA DO PALHAÇO PATCHY Roblox Patchy Origin [VyAi-rZWzEE],,GZ,GZ,GZ,"🎬 Canal: Tex HS | 🎥 Vídeo: A TRISTE HISTÓRIA DO PALHAÇO PATCHY Roblox Patchy Origin [VyAi-rZWzEE]
⏱️ Segmento/Index: 15
──────────────────────────────────────────────────
Fala transcrita:
""000 anos depois Depois de tudo que eu fiz por você Pare com isso chefinho Agora já tudo acabou, estamos saindo do circo E você pode parar com isso Agora mesmo Tchau querido Ah não, estamos saindo do circo E você não pode nos parar dessa vez né É isso E o que aconteceu com o Pat e o chefe? Quem é esse outro palhaço aqui? O show precisa continuar O que é esse palhaço? Era o chefe cara Eles transformaram ele em um palhaço Vocês viram?""",Avaliador_A,Avaliador_E
40,"Inclusive, tem esse quadro que é fake. E eu acho que uma coisa que eu não entendi aqui é que tem um templo do deserto no meio da vila. Estranho, né? É, né, Eduarda? É muito estranho isso. Inclusive, eu vou procurar dentro desse templo, né? Por que não? Porque até agora a Eduarda não se escondeu aqui, então é bem improvável, galera. Por que é bem improvável? Eu não entendi. Ah, por quê, Eduarda? Não sei, tem um village aqui, ó. Tem um village aqui escondendo. Ué, o village, ele gosta de... Ah, não é assim, não, Eduarda. Na última vez você era um village, para de tentar me enganar. Tá, deixa eu procurar aqui. Ok. Ué, será que a Eduarda está aqui embaixo? Não, não, não, não. Não! Não, Eduarda, não, não clique aí! Se você clicar aí, vai explodir tudo! Desafiei minha amiga a me achar no Scodesconde no Minecraft. Mas o que ela não sabe é que eu tenho vários disfarces secretos. Beleza, Eduarda, pode começar a contar, porque eu já vou me esconder, hein? Ai, ai, ai, hein, Marcia? Eduarda, hoje, hoje não tem brincadeira, hoje não tem trollagem. Pode ficar tranquila.",0.7178317308425903,0.2655535042285919,0.0166147891432046,NEG,0.061172217130661,0.0031330646015703,0.0338892340660095,0.0050346655771136,0.0392304509878158,0.0017418598290532,0.0013384681660681,0.18079062,Marcelodrv,Minecraft,24 HORAS TROLLANDO minha amiga no Esconde-Esconde - O FILME [S5Bfat_1vdc],,NT,NT,NT,"🎬 Canal: Marcelodrv | 🎥 Vídeo: 24 HORAS TROLLANDO minha amiga no Esconde-Esconde - O FILME [S5Bfat_1vdc]
⏱️ Segmento/Index: 40
──────────────────────────────────────────────────
Fala transcrita:
""Inclusive, tem esse quadro que é fake. E eu acho que uma coisa que eu não entendi aqui é que tem um templo do deserto no meio da vila. Estranho, né? É, né, Eduarda? É muito estranho isso. Inclusive, eu vou procurar dentro desse templo, né? Por que não? Porque até agora a Eduarda não se escondeu aqui, então é bem improvável, galera. Por que é bem improvável? Eu não entendi. Ah, por quê, Eduarda? Não sei, tem um village aqui, ó. Tem um village aqui escondendo. Ué, o village, ele gosta de... Ah, não é assim, não, Eduarda. Na última vez você era um village, para de tentar me enganar. Tá, deixa eu procurar aqui. Ok. Ué, será que a Eduarda está aqui embaixo? Não, não, não, não. Não! Não, Eduarda, não, não clique aí! Se você clicar aí, vai explodir tudo! Desafiei minha amiga a me achar no Scodesconde no Minecraft. Mas o que ela não sabe é que eu tenho vários disfarces secretos. Beleza, Eduarda, pode começar a contar, porque eu já vou me esconder, hein? Ai, ai, ai, hein, Marcia? Eduarda, hoje, hoje não tem brincadeira, hoje não tem trollagem. Pode ficar tranquila.""",Avaliador_A,Avaliador_E
10,Bora porra vamos ajeitar aqui Tira um pinto ai macho aquela portada do gelo que eu botei mas tu ficou foi massa Vou tirar vou tirar vou tirar Ema conseguimos olha fizemos todas as missões Agora só falta aquela missão lá né Que tem que passar três dias e três notas Eita doido que vacilo olha o cara caiu acho que ele dormiu olha Eita tava bem pertinho de terminar a missão naquele momento nós fizemos sair tudo de besta pô Não mas tem nada não né eu já zerei meu passe mesmo eu comprei foi os emblema eu comprei os emblema pré-venda E nada não beleza é isso ai,0.558168351650238,0.25507852435112,0.1867531388998031,NEG,0.9797471761703492,0.0183071680366992,0.0964921563863754,0.008282640017569,0.0668822675943374,0.0091915223747491,0.1161811873316764,0.4013387,meu nome é david,Roblox,FREE FIRE NA VIDA REAL - ZERANDO O PASSE DE ELITE [OcqIPf_Vxwg],,T,T,T,"🎬 Canal: meu nome é david | 🎥 Vídeo: FREE FIRE NA VIDA REAL - ZERANDO O PASSE DE ELITE [OcqIPf_Vxwg]
⏱️ Segmento/Index: 10
──────────────────────────────────────────────────
Fala transcrita:
""Bora porra vamos ajeitar aqui Tira um pinto ai macho aquela portada do gelo que eu botei mas tu ficou foi massa Vou tirar vou tirar vou tirar Ema conseguimos olha fizemos todas as missões Agora só falta aquela missão lá né Que tem que passar três dias e três notas Eita doido que vacilo olha o cara caiu acho que ele dormiu olha Eita tava bem pertinho de terminar a missão naquele momento nós fizemos sair tudo de besta pô Não mas tem nada não né eu já zerei meu passe mesmo eu comprei foi os emblema eu comprei os emblema pré-venda E nada não beleza é isso ai""",Avaliador_A,Avaliador_E
5,"Ó, tá ligando. Pera aí. Desliga ali, ó. Uba! Eita! Nossa, que isso, velho! Como é que abre aquele... Oh, meu Deus! Eita! É aqui que a gente tem que jogar o golem, né, velho? Isso daí é pra macetar o golem, cara. Pera, pessoal, eu tenho um machado aqui, vamos buscar esse bicho. Meu Deus, ele pegou o Dades! Não, não! Bombando, mano! Não, não! Não, não, não! Dá um machado neles, fi! Toma! E agora? Toma, mano! Eu vou fazer ele voar, vou fazer ele voar! Vamos, vamos, vamos! O Dades é treinando com ele, velho! Que louco! Que que é isso, velho? Que que é isso, velho? Galera, galera, consegui montar no bicho, velho! Cuidado, Lisp! Nossa, o Dades foi de mim! Vai com ele, Lisp! Meu Deus, vai pra armadilha! Vai pra casa da definição, fi! Tá vindo, tá vindo! Vai, vai, vai! Ele foi, ele foi!",0.4606078267097473,0.3988516628742218,0.140540525317192,NEG,0.3266798853874206,0.0020153853110969,0.0319405011832714,0.0017042818944901,0.04315747320652,0.0066901096142828,0.0089247776195406,0.39669925,AuthenticGames,Minecraft,VINICCIUS13 e DAVI CRIARAM um GOLEM de REDSTONE - Minecraft Vila dos YouTubers EP.03 [BCa00Pqwa4E],,GZ,GZ,GZ,"🎬 Canal: AuthenticGames | 🎥 Vídeo: VINICCIUS13 e DAVI CRIARAM um GOLEM de REDSTONE - Minecraft Vila dos YouTubers EP.03 [BCa00Pqwa4E]
⏱️ Segmento/Index: 5
──────────────────────────────────────────────────
Fala transcrita:
""Ó, tá ligando. Pera aí. Desliga ali, ó. Uba! Eita! Nossa, que isso, velho! Como é que abre aquele... Oh, meu Deus! Eita! É aqui que a gente tem que jogar o golem, né, velho? Isso daí é pra macetar o golem, cara. Pera, pessoal, eu tenho um machado aqui, vamos buscar esse bicho. Meu Deus, ele pegou o Dades! Não, não! Bombando, mano! Não, não! Não, não, não! Dá um machado neles, fi! Toma! E agora? Toma, mano! Eu vou fazer ele voar, vou fazer ele voar! Vamos, vamos, vamos! O Dades é treinando com ele, velho! Que louco! Que que é isso, velho? Que que é isso, velho? Galera, galera, consegui montar no bicho, velho! Cuidado, Lisp! Nossa, o Dades foi de mim! Vai com ele, Lisp! Meu Deus, vai pra armadilha! Vai pra casa da definição, fi! Tá vindo, tá vindo! Vai, vai, vai! Ele foi, ele foi!""",Avaliador_A,Avaliador_E
10,"Um velho amigo? Ah, eu já sei! Deve ser o Furious! Deve ser o Furious que veio me visitar porque eu fui preso! Atos! Esse não é o Furious! Chá, de que você tá fazendo aqui? Eu sabia que você ia ficar preso aí! É, eu tô preso! Agora me ajuda a sair daqui! Ah, com certeza eu vou te ajudar! Vou te ajudar! Deixa eu ver, o que eu posso te dar pra te ajudar? Ah, não trouxe nada! Ah, que raiva de você! Mas sabe de uma coisa, Shand? O quê? Eu tô com todos os meus diamantes aqui! Quantos diamantes você tem? Eu tenho um monte de diamantes! Ah, guarda, guarda, guarda, guarda! Ele tá usando o diamante pronto! Ah, esconde os diamantes embaixo da cama! Como é que é? Quem tá usando o diamante pronto aí? Não, ele tá ficando maluco! Não tem diamante de coisa nenhuma! E aqueles diamantes ali? Eu tô vendo! Ah, não, não, ele vai levar os diamantes embora! Diamante pronto na prisão! Você vai ter mais uma sentença! Não é diamante pronto! Eu me darei esses diamantes antes do jogo começar! E ele quer me deixar mais tempo na prisão!",0.4418346285820007,0.4884298145771026,0.0697355195879936,NEU,0.4220408201217651,0.0036808270961046,0.0390398576855659,0.0015937308780848,0.0591369271278381,0.0277541354298591,0.0053440313786268,0.22177623,Athos,Minecraft,Polícia e Ladrão no Minecraft [40GzUlhfRaI],,GZ,GZ,GZ,"🎬 Canal: Athos | 🎥 Vídeo: Polícia e Ladrão no Minecraft [40GzUlhfRaI]
⏱️ Segmento/Index: 10
──────────────────────────────────────────────────
Fala transcrita:
""Um velho amigo? Ah, eu já sei! Deve ser o Furious! Deve ser o Furious que veio me visitar porque eu fui preso! Atos! Esse não é o Furious! Chá, de que você tá fazendo aqui? Eu sabia que você ia ficar preso aí! É, eu tô preso! Agora me ajuda a sair daqui! Ah, com certeza eu vou te ajudar! Vou te ajudar! Deixa eu ver, o que eu posso te dar pra te ajudar? Ah, não trouxe nada! Ah, que raiva de você! Mas sabe de uma coisa, Shand? O quê? Eu tô com todos os meus diamantes aqui! Quantos diamantes você tem? Eu tenho um monte de diamantes! Ah, guarda, guarda, guarda, guarda! Ele tá usando o diamante pronto! Ah, esconde os diamantes embaixo da cama! Como é que é? Quem tá usando o diamante pronto aí? Não, ele tá ficando maluco! Não tem diamante de coisa nenhuma! E aqueles diamantes ali? Eu tô vendo! Ah, não, não, ele vai levar os diamantes embora! Diamante pronto na prisão! Você vai ter mais uma sentença! Não é diamante pronto! Eu me darei esses diamantes antes do jogo começar! E ele quer me deixar mais tempo na prisão!""",Avaliador_A,Avaliador_E
3,"Um pedaço de pizza Vou usar Porque daí eu acho que eu atiro mais rápido se não me engano Nossa, tá muito rápido a minha arma Ooooooooh Parece um touro bravo Correu mais uma, beleza Tô vendo alguém aqui hein, acabou de spawnar hein Morreu Você... errou, errou Para de se mexer, obrigado Isso é um pedaço de pizza Obrigado Esse alarma, o que que é isso? Árvore de ouro pessoal Spawnou uma árvore de ouro em algum lugar Eu tô vendo ela ó É uma árvore de ouro mesmo Tomara que eu seja o primeiro a chegar lá, vamos ver Tem alguém por perto?",0.111545093357563,0.6785116791725159,0.2099432349205017,NEU,0.3438725769519806,0.0111440774053335,0.0513358227908611,0.0053955065086483,0.037304762750864,0.013348457403481,0.0069972118362784,0.3625127,Tex HS,Roblox,PQ OS INCRITOS FIZERAM ISSO COMIGO Roblox Stick Guns [BtOYxzWeTT4],,GZ,GZ,GZ,"🎬 Canal: Tex HS | 🎥 Vídeo: PQ OS INCRITOS FIZERAM ISSO COMIGO Roblox Stick Guns [BtOYxzWeTT4]
⏱️ Segmento/Index: 3
──────────────────────────────────────────────────
Fala transcrita:
""Um pedaço de pizza Vou usar Porque daí eu acho que eu atiro mais rápido se não me engano Nossa, tá muito rápido a minha arma Ooooooooh Parece um touro bravo Correu mais uma, beleza Tô vendo alguém aqui hein, acabou de spawnar hein Morreu Você... errou, errou Para de se mexer, obrigado Isso é um pedaço de pizza Obrigado Esse alarma, o que que é isso? Árvore de ouro pessoal Spawnou uma árvore de ouro em algum lugar Eu tô vendo ela ó É uma árvore de ouro mesmo Tomara que eu seja o primeiro a chegar lá, vamos ver Tem alguém por perto?""",Avaliador_A,Avaliador_E
8,"Eu ia pensar, tipo assim, Cadres, quando tu fizer uns apartamentos aqui Tu pode fazer um vídeo, tipo assim, tur pelo meu prédio às 3 da manhã Ah, nossa, mano, tem que ter coragem pra entrar ali às 3 da manhã É, vai aparecer uns reflexos ali nas janelas dos fantasmas, assim Ah, tem que ter coragem, tem que criar coragem ainda pra entrar ali, velho, eu não tenho ainda não Relaxa que eu vou junto contigo Beleza, então quando eu for eu vou te chamar Você vai na frente Não, eu só vou cagado ainda, eu só acompanho, eu não lidero não Eita, então vamos ter que chamar outra pessoa pra ir na frente, eu também não vou não Ah, vamos chamar o Esponja Eita, eu acho que então a gente vai precisar de outra pessoa Pelo que eu conheci, ele também é cardão O Esponja vai se molhar todo Esponja molhada Mas, Tônegon, vamos focar no vídeo de hoje porque a gente ainda falta um material pra gente construir a Asa Delta Que vai ser a lã, e eu não tenho ela aqui, a gente vai ter que comprar ela E tem uma pessoa aqui no servidor que vende, que é o Lupe Ó, comerciante de sucesso de tecidos Sim, velho, ele pegou e montou ali um prédiozinho e tá vendendo naquele prédio ali um monte de lã Então vamos ali pra gente comprar Aham, vamos as compras Ah, mas calma aí, não é possível, Cadris, tem uma ponte mó bonitona aqui, a gente vai usar isso daqui, esse negócio podre",0.1633246541023254,0.729042112827301,0.1076331734657287,NEU,0.2360335290431976,0.0061174184083938,0.0527083650231361,0.004403157159686,0.0492547713220119,0.0038564149290323,0.0046412139199674,0.20009702,Cadres,Minecraft,CHAMEI O TONIGON PRA FAZER ASA DELTAS NO Minecraft 1.17 - Engrenados [h0Z_uUmWnPk],,GZ,GZ,GZ,"🎬 Canal: Cadres | 🎥 Vídeo: CHAMEI O TONIGON PRA FAZER ASA DELTAS NO Minecraft 1.17 - Engrenados [h0Z_uUmWnPk]
⏱️ Segmento/Index: 8
──────────────────────────────────────────────────
Fala transcrita:
""Eu ia pensar, tipo assim, Cadres, quando tu fizer uns apartamentos aqui Tu pode fazer um vídeo, tipo assim, tur pelo meu prédio às 3 da manhã Ah, nossa, mano, tem que ter coragem pra entrar ali às 3 da manhã É, vai aparecer uns reflexos ali nas janelas dos fantasmas, assim Ah, tem que ter coragem, tem que criar coragem ainda pra entrar ali, velho, eu não tenho ainda não Relaxa que eu vou junto contigo Beleza, então quando eu for eu vou te chamar Você vai na frente Não, eu só vou cagado ainda, eu só acompanho, eu não lidero não Eita, então vamos ter que chamar outra pessoa pra ir na frente, eu também não vou não Ah, vamos chamar o Esponja Eita, eu acho que então a gente vai precisar de outra pessoa Pelo que eu conheci, ele também é cardão O Esponja vai se molhar todo Esponja molhada Mas, Tônegon, vamos focar no vídeo de hoje porque a gente ainda falta um material pra gente construir a Asa Delta Que vai ser a lã, e eu não tenho ela aqui, a gente vai ter que comprar ela E tem uma pessoa aqui no servidor que vende, que é o Lupe Ó, comerciante de sucesso de tecidos Sim, velho, ele pegou e montou ali um prédiozinho e tá vendendo naquele prédio ali um monte de lã Então vamos ali pra gente comprar Aham, vamos as compras Ah, mas calma aí, não é possível, Cadris, tem uma ponte mó bonitona aqui, a gente vai usar isso daqui, esse negócio podre""",Avaliador_A,Avaliador_E
5,"Não, não vou Eu só vou pegar um chocolate aqui Porque a neguilinha deixou aqui Pros neguilinhos pegarem e enxerem o baldinho Eu vou enxer o meu baldinho também, Luca Então pega aí, ó Ai, pegar chocolate Ó, vou comer aqui meu docinho Hum! Esse aqui, ó Esse aqui, ó Sem bater Ah! Tá bom, tá bom, tá bom Eu já me sentei, você pode dirigir Posso, dirijo, dirijo Minha empresa é só um pouquinho emprestada Ela não deixa eu dirigir No carritio De quem será esse carritio? De quem será?",0.0956452339887619,0.7337411046028137,0.1706136614084243,NEU,0.0262169633060693,0.0054263565689325,0.0433174781501293,0.0059638922102749,0.0363646410405635,0.0026016924530267,0.0030260563362389,0.07687678,Luluca Games,Roblox,Roblox - FESTA DE HALLOWEEN NA MANSÃO DO BLOXBURG Bloxburg  Luluca Games [QFQQYXvVX2g],0.0956452414393425,NT,NT,NT,"🎬 Canal: Luluca Games | 🎥 Vídeo: Roblox - FESTA DE HALLOWEEN NA MANSÃO DO BLOXBURG Bloxburg  Luluca Games [QFQQYXvVX2g]
⏱️ Segmento/Index: 5
──────────────────────────────────────────────────
Fala transcrita:
""Não, não vou Eu só vou pegar um chocolate aqui Porque a neguilinha deixou aqui Pros neguilinhos pegarem e enxerem o baldinho Eu vou enxer o meu baldinho também, Luca Então pega aí, ó Ai, pegar chocolate Ó, vou comer aqui meu docinho Hum! Esse aqui, ó Esse aqui, ó Sem bater Ah! Tá bom, tá bom, tá bom Eu já me sentei, você pode dirigir Posso, dirijo, dirijo Minha empresa é só um pouquinho emprestada Ela não deixa eu dirigir No carritio De quem será esse carritio? De quem será?""",Avaliador_A,Avaliador_E
0,"No começo do vídeo de hoje eu quero mostrar pra vocês este meu fone que muda de cor toda hora! Ó, tá mudando, tá mudando! Uhul, uhul, meu fone muda de cor! Parece até que eu tô na balada! Fala sério, eu mereço 10 mil likes depois disso, né? Falando em balada, que tal a gente fazer uma batalha de dança e canto? Prontinho, postei mais um vídeo! É, tô falando do jogo Friday Night Funkies! Ó, tô aqui no fundo dele. Bora criar o personagem do jogo no Roblox. Se inscreve aqui e comenta qual é a sua cor preferida. Vamos lá, gente! Então vamos começar! Aqui tô eu no meu editor de avatar no Roblox e nós vamos começar a transformação. Nós vamos virar a girlfriend daquela garotinha do Friday Night Funkies.",0.0627748370170593,0.6839965581893921,0.2532286345958709,NEU,0.0352358818054199,0.0028338015545159,0.0396190583705902,0.0043199560604989,0.0223448406904935,0.0010716067627072,0.0022587918210774,0.19314334,Papile,Roblox,VIVENDO COMO FRIDAY NIGHT FUNKIN  no ROBLOX GIRLFRIEND FNF [sDFcsEbFKnQ],,NT,NT,NT,"🎬 Canal: Papile | 🎥 Vídeo: VIVENDO COMO FRIDAY NIGHT FUNKIN  no ROBLOX GIRLFRIEND FNF [sDFcsEbFKnQ]
⏱️ Segmento/Index: 0
──────────────────────────────────────────────────
Fala transcrita:
""No começo do vídeo de hoje eu quero mostrar pra vocês este meu fone que muda de cor toda hora! Ó, tá mudando, tá mudando! Uhul, uhul, meu fone muda de cor! Parece até que eu tô na balada! Fala sério, eu mereço 10 mil likes depois disso, né? Falando em balada, que tal a gente fazer uma batalha de dança e canto? Prontinho, postei mais um vídeo! É, tô falando do jogo Friday Night Funkies! Ó, tô aqui no fundo dele. Bora criar o personagem do jogo no Roblox. Se inscreve aqui e comenta qual é a sua cor preferida. Vamos lá, gente! Então vamos começar! Aqui tô eu no meu editor de avatar no Roblox e nós vamos começar a transformação. Nós vamos virar a girlfriend daquela garotinha do Friday Night Funkies.""",Avaliador_A,Avaliador_E
6,"Tira aí esse pedacinho aqui e coloca um... E desenha aqui ó. Tá, é porque assim, eu acho que eu não tenho muita madeira né. Acabou a madeira. Tá, meu Deus do céu. Preciso pegar mais galera, preciso pegar mais, calma ai. Tá ficando difícil hein. É difícil mano, vou pegar bastante. Deixa eu jogar aqui, eu tô com muito placo ruim aqui no inventário. Tá ficando difícil. Até agora vai, até agora vai. Isso aqui tá alto. Isso aqui não vou usar. Um cozinho mais alto. Esse aqui também não vou usar. Esse aqui também não. Meu Deus, o que que é isso? Você pensa que fala caramba, eu tenho muito bloco aqui. E você vai... E dá. E não dá mano. E não dá né velho, exatamente. Deixa eu tirar aqui o Raw Region. Aí a gente tira essezinho aqui ó. O que que você fez? Tirei só o do lado aqui ó. Vai ficar certinho. Tira o de baixo. Vai tirar? Aham, deixa eu tirar. Tá, tá beleza. Mano olha isso aqui, a gente já tem uma estrutura. E daqui a pouco o tornado chega. Não tá aparecendo nada aqui ainda. Não tá aparecendo nada aqui ainda.",0.8604291081428528,0.1046066358685493,0.0349642038345336,NEG,0.445661723613739,0.0083619207143783,0.0627683922648429,0.0045485678128898,0.0409314632415771,0.0048452946357429,0.0060448488220572,0.22445217,Kass e KR,Minecraft,CASA de BRINQUEDO contra DESASTRES no Minecraft [zF9wwsrOlT0],,GZ,GZ,GZ,"🎬 Canal: Kass e KR | 🎥 Vídeo: CASA de BRINQUEDO contra DESASTRES no Minecraft [zF9wwsrOlT0]
⏱️ Segmento/Index: 6
──────────────────────────────────────────────────
Fala transcrita:
""Tira aí esse pedacinho aqui e coloca um... E desenha aqui ó. Tá, é porque assim, eu acho que eu não tenho muita madeira né. Acabou a madeira. Tá, meu Deus do céu. Preciso pegar mais galera, preciso pegar mais, calma ai. Tá ficando difícil hein. É difícil mano, vou pegar bastante. Deixa eu jogar aqui, eu tô com muito placo ruim aqui no inventário. Tá ficando difícil. Até agora vai, até agora vai. Isso aqui tá alto. Isso aqui não vou usar. Um cozinho mais alto. Esse aqui também não vou usar. Esse aqui também não. Meu Deus, o que que é isso? Você pensa que fala caramba, eu tenho muito bloco aqui. E você vai... E dá. E não dá mano. E não dá né velho, exatamente. Deixa eu tirar aqui o Raw Region. Aí a gente tira essezinho aqui ó. O que que você fez? Tirei só o do lado aqui ó. Vai ficar certinho. Tira o de baixo. Vai tirar? Aham, deixa eu tirar. Tá, tá beleza. Mano olha isso aqui, a gente já tem uma estrutura. E daqui a pouco o tornado chega. Não tá aparecendo nada aqui ainda. Não tá aparecendo nada aqui ainda.""",Avaliador_A,Avaliador_E
13,"A Mandinha foi a melhor jogadora, porque ela conseguiu escapar e conseguiu ganhar outra partida. Ponto pra ela! Ai! tokam surrounding",0.0250230617821216,0.074366994202137,0.9006099700927734,POS,0.0043029123917222,0.0003200287465006,0.0044747395440936,0.0004378265875857,0.0023585890885442,0.0007514524040743,0.0012447271728888,0.012943043,Lokis,Roblox,CORRENDO DA COBRA MALVADA  Roblox - Snakey [XsryfSCmOFI],,NT,NT,NT,"🎬 Canal: Lokis | 🎥 Vídeo: CORRENDO DA COBRA MALVADA  Roblox - Snakey [XsryfSCmOFI]
⏱️ Segmento/Index: 13
──────────────────────────────────────────────────
Fala transcrita:
""A Mandinha foi a melhor jogadora, porque ela conseguiu escapar e conseguiu ganhar outra partida. Ponto pra ela! Ai! tokam surrounding""",Avaliador_A,Avaliador_E
22,"Peguei mais um brinquedo do Naru É o Homem-Aranha, ele tá aqui na minha casinha de terra Ih, minha casinha de terra cheia de brinquedos Eu tenho um objetivo também Meus brinquedos tudo um pulo, tá ficando doido Enquanto o Naru tá lá embaixo chorando Eu poderia pegar todos os diamantes dele Mas tá muito engraçado virar brinquedos e assustar ele Deixa eu ver pra onde é que o Naru foi Aqui, ele passou correndo ali embaixo Eu tenho que tentar chegar no azul babão sem ele ver Ou também o Buzz Lightyear Não, o Buzz Lightyear eu vou deixar pra depois Eu vou primeiro no azul babão, tirar ele E me transformei Agora eu vou começar a deixar bilhetinhos pro Naru Eu agora vou brincar com a galinha Ela lá pra lá benta e não me assusta Eu vou escrever um bilhete assim pra ele Tem um brinquedo novo que ninguém tem ainda Ele é o Sonic E não é um Sonic malvado É um Sonic fofinho Ele está na floresta Antes de vir pra cá eu deixei umas placas na floresta Dizendo que as alheias podem encontrar alguns brinquedos O Naru vai ter que procurar o brinquedo que tá escondido na floresta",0.1317952126264572,0.4240082204341888,0.4441965222358703,POS,0.0177956111729145,0.0022670556791126,0.020338661968708,0.0019983621314167,0.0192693267017602,0.0019872861448675,0.002530000405386,0.04240986,Athos,Minecraft,ASSUSTEI MEU BEBÊ COM BRINQUEDOS MONSTROS NO MINECRAFT [iGUQlMSdgmI],,NT,NT,NT,"🎬 Canal: Athos | 🎥 Vídeo: ASSUSTEI MEU BEBÊ COM BRINQUEDOS MONSTROS NO MINECRAFT [iGUQlMSdgmI]
⏱️ Segmento/Index: 22
──────────────────────────────────────────────────
Fala transcrita:
""Peguei mais um brinquedo do Naru É o Homem-Aranha, ele tá aqui na minha casinha de terra Ih, minha casinha de terra cheia de brinquedos Eu tenho um objetivo também Meus brinquedos tudo um pulo, tá ficando doido Enquanto o Naru tá lá embaixo chorando Eu poderia pegar todos os diamantes dele Mas tá muito engraçado virar brinquedos e assustar ele Deixa eu ver pra onde é que o Naru foi Aqui, ele passou correndo ali embaixo Eu tenho que tentar chegar no azul babão sem ele ver Ou também o Buzz Lightyear Não, o Buzz Lightyear eu vou deixar pra depois Eu vou primeiro no azul babão, tirar ele E me transformei Agora eu vou começar a deixar bilhetinhos pro Naru Eu agora vou brincar com a galinha Ela lá pra lá benta e não me assusta Eu vou escrever um bilhete assim pra ele Tem um brinquedo novo que ninguém tem ainda Ele é o Sonic E não é um Sonic malvado É um Sonic fofinho Ele está na floresta Antes de vir pra cá eu deixei umas placas na floresta Dizendo que as alheias podem encontrar alguns brinquedos O Naru vai ter que procurar o brinquedo que tá escondido na floresta""",Avaliador_A,Avaliador_E
2,"Ele, inclusive, tava pra lá, eu acabei de sair de lá. Pra lá? O templo de chocolate? É, sim, um templo todo de chocolate. Ah, então eu vou ir lá correndo. Tchau, Xande. Nossa, eu já tô andando um tempão e eu não encontrei nada. Parece que tem um templo ali na frente, era pra cá mesmo. É, mas isso também parece um cocôzão. Tá, mas provavelmente o chocolate vai tá aqui dentro. É só eu entrar e pegar. Não, peraí, tem monstro aqui dentro, é melhor eu correr. Ai, mas eu preciso dar um jeito de entrar ali, senão eu nunca vou sair do nível 1. Mas peraí, eu tenho um plano pra invadir ali sem derrotar nenhum desses monstros. E pra fazer isso é muito fácil. Eu só preciso ir muito longe desse templo e daí eles vão sumir. É, eu acho que essa distância já tá bom. Eles já devem ter sumido. E agora, provavelmente, se eu entrar lá dentro, eu vou conseguir pegar o chocolate. Sem nenhum monstro me ver. Ah, olha isso, funcionou mesmo. Peraí, tem bruxa aqui atrás, eu preciso ser rápido. Vem aqui, pega o chocolate e agora sai correndo, sai correndo.",0.3513149321079254,0.6002639532089233,0.0484211519360542,NEU,0.3184120655059814,0.0008826508419588,0.0262811575084924,0.000893285148777,0.1026289612054824,0.039118904620409,0.0017387410625815,0.25462922,Cadres,Minecraft,Eu Virei GORDO no Minecraft [PsxTnchVRvw],,GZ,GZ,GZ,"🎬 Canal: Cadres | 🎥 Vídeo: Eu Virei GORDO no Minecraft [PsxTnchVRvw]
⏱️ Segmento/Index: 2
──────────────────────────────────────────────────
Fala transcrita:
""Ele, inclusive, tava pra lá, eu acabei de sair de lá. Pra lá? O templo de chocolate? É, sim, um templo todo de chocolate. Ah, então eu vou ir lá correndo. Tchau, Xande. Nossa, eu já tô andando um tempão e eu não encontrei nada. Parece que tem um templo ali na frente, era pra cá mesmo. É, mas isso também parece um cocôzão. Tá, mas provavelmente o chocolate vai tá aqui dentro. É só eu entrar e pegar. Não, peraí, tem monstro aqui dentro, é melhor eu correr. Ai, mas eu preciso dar um jeito de entrar ali, senão eu nunca vou sair do nível 1. Mas peraí, eu tenho um plano pra invadir ali sem derrotar nenhum desses monstros. E pra fazer isso é muito fácil. Eu só preciso ir muito longe desse templo e daí eles vão sumir. É, eu acho que essa distância já tá bom. Eles já devem ter sumido. E agora, provavelmente, se eu entrar lá dentro, eu vou conseguir pegar o chocolate. Sem nenhum monstro me ver. Ah, olha isso, funcionou mesmo. Peraí, tem bruxa aqui atrás, eu preciso ser rápido. Vem aqui, pega o chocolate e agora sai correndo, sai correndo.""",Avaliador_A,Avaliador_E
12,"É o som do Azul Babão Parece que ele tá perto Vamos olhando tudo por onde a gente caminha Pra ver se não vai achar ele Ai, ele tava atrás de mim Nossa, ele tava atrás de mim Ainda bem que a Tei aprendeu ele Matei Galera, que susto do Azul Babão Será que eu matei ele pra sempre? Ou será que ele vai voltar? Ali, encontrei Encontrei mais um daquele sorrisão Vamos pegar vários desses minérios de terror E agora acho que eu já posso fazer uma armadura completa Com tantos minérios de terror que eu já tenho Aí só quebrar esse e esse aqui também Boa, boa Ai, ai O Azul Babão tá aqui atrás Sai, Azul Babão Sai, sai, sai, sai, sai, sai Ai, como é que eu vou escapar dele?",0.0927509739995002,0.4895606338977813,0.4176884293556213,NEU,0.3115658760070801,0.0022634433116763,0.0187654420733451,0.0014900451060384,0.0142045002430677,0.1791038513183593,0.0032337461598217,0.30452284,Athos,Minecraft,Eu Juntei MINECRAFT  TERROR medo [WX-ZMTK8-mY],,GZ,GZ,GZ,"🎬 Canal: Athos | 🎥 Vídeo: Eu Juntei MINECRAFT  TERROR medo [WX-ZMTK8-mY]
⏱️ Segmento/Index: 12
──────────────────────────────────────────────────
Fala transcrita:
""É o som do Azul Babão Parece que ele tá perto Vamos olhando tudo por onde a gente caminha Pra ver se não vai achar ele Ai, ele tava atrás de mim Nossa, ele tava atrás de mim Ainda bem que a Tei aprendeu ele Matei Galera, que susto do Azul Babão Será que eu matei ele pra sempre? Ou será que ele vai voltar? Ali, encontrei Encontrei mais um daquele sorrisão Vamos pegar vários desses minérios de terror E agora acho que eu já posso fazer uma armadura completa Com tantos minérios de terror que eu já tenho Aí só quebrar esse e esse aqui também Boa, boa Ai, ai O Azul Babão tá aqui atrás Sai, Azul Babão Sai, sai, sai, sai, sai, sai Ai, como é que eu vou escapar dele?""",Avaliador_A,Avaliador_E
8,"Eu queria a encontrar Eu não sei, eu não faço ideia Eu não sei, eu não faço ideia E o jogo acabou, conseguiram pegar ela Vamos jogar a outra batidinha Vamos aqui, vamos ver Eu vou trocar agora de personagem Se eu for no Infection, eu vou virar a elefantinha Cadê? Cadê agora que eu não tô achando? Aqui, beleza Bora, bora Agora não importa o mapa, a gente já conheceu o mapa A gente pode ir só no Infection pra ver como fica Ou a gente tem a chance também de virar a Pig, né? É, tem essas chances Tem, tem, tem Jupapili, fofas, fofas, vamos lá Todo mundo na cidade, gente, circo não Cidade, galera, circo não Tá bom, vamos no circo, vamos as novas pepinhas, as Pigsinhas no circo Círculo paciente, né? Infection de novo, por favor, gente Eu amo Infection Qual é o modo preferido de vocês? Não tem Infection Como assim não tem Infection?",0.0786046534776687,0.830769419670105,0.0906259343028068,NEU,0.0119088487699627,0.0065534524619579,0.0440439283847808,0.0065053142607212,0.0415121242403984,0.0022335716057568,0.0024041323922574,0.17805049,Papile,Roblox,NOVO CAPÍTULO 9 NA PIGGY DO ROBLOX NOVO MAPA PERSONAGENS E ARMADILHA Chapter 9 [JOTtBiQk79U],,NT,NT,NT,"🎬 Canal: Papile | 🎥 Vídeo: NOVO CAPÍTULO 9 NA PIGGY DO ROBLOX NOVO MAPA PERSONAGENS E ARMADILHA Chapter 9 [JOTtBiQk79U]
⏱️ Segmento/Index: 8
──────────────────────────────────────────────────
Fala transcrita:
""Eu queria a encontrar Eu não sei, eu não faço ideia Eu não sei, eu não faço ideia E o jogo acabou, conseguiram pegar ela Vamos jogar a outra batidinha Vamos aqui, vamos ver Eu vou trocar agora de personagem Se eu for no Infection, eu vou virar a elefantinha Cadê? Cadê agora que eu não tô achando? Aqui, beleza Bora, bora Agora não importa o mapa, a gente já conheceu o mapa A gente pode ir só no Infection pra ver como fica Ou a gente tem a chance também de virar a Pig, né? É, tem essas chances Tem, tem, tem Jupapili, fofas, fofas, vamos lá Todo mundo na cidade, gente, circo não Cidade, galera, circo não Tá bom, vamos no circo, vamos as novas pepinhas, as Pigsinhas no circo Círculo paciente, né? Infection de novo, por favor, gente Eu amo Infection Qual é o modo preferido de vocês? Não tem Infection Como assim não tem Infection?""",Avaliador_A,Avaliador_E
35,"Morri! Galera, eu vou jogar fora esse artefato também! Ele é meio zoado, vou reciclar ele! Ele não tá... não tá tancando, não! Tocar o machado de fogo agora! Eu tô com 9... Ai! Tem um bicho aqui, velho! Caraca! Quase morri pro zumbizão, velho! Nossa, vou morrer! Se eu morrer, ferrou! Nossa, morri, velho! Morri pra um zumbi! Caraca, não! Você vai morrer também! Eu sou corajoso, corajoso! Eu duvido, mano! Ai! Ai! Isso, cheguei morrendo, mano! Morreu, mano! Morreu! Nossa, cheguei só num tapa, cara! Iago chegou e faleceu! Se não for Luan, a gente morre, velho! Ó, mano! Todos morreram! Ahahahah! Ô Iagão, eu acho que a gente deveria... A gente deveria... Ó, voltou todo mundo? Cadê? Onde que tá a galera?",0.841835081577301,0.1119377017021179,0.0462272725999355,NEG,0.930577516555786,0.0103467823937535,0.0326257236301898,0.0050755077973008,0.0470544807612896,0.2647614777088165,0.014304082840681,0.54823303,AuthenticGames,Minecraft,Minecraft Dungeons - JOGANDO MULTIPLAYER COM MEUS AMIGOS   Jungle Awaken [VZEREmC0CJc],,T,T,T,"🎬 Canal: AuthenticGames | 🎥 Vídeo: Minecraft Dungeons - JOGANDO MULTIPLAYER COM MEUS AMIGOS   Jungle Awaken [VZEREmC0CJc]
⏱️ Segmento/Index: 35
──────────────────────────────────────────────────
Fala transcrita:
""Morri! Galera, eu vou jogar fora esse artefato também! Ele é meio zoado, vou reciclar ele! Ele não tá... não tá tancando, não! Tocar o machado de fogo agora! Eu tô com 9... Ai! Tem um bicho aqui, velho! Caraca! Quase morri pro zumbizão, velho! Nossa, vou morrer! Se eu morrer, ferrou! Nossa, morri, velho! Morri pra um zumbi! Caraca, não! Você vai morrer também! Eu sou corajoso, corajoso! Eu duvido, mano! Ai! Ai! Isso, cheguei morrendo, mano! Morreu, mano! Morreu! Nossa, cheguei só num tapa, cara! Iago chegou e faleceu! Se não for Luan, a gente morre, velho! Ó, mano! Todos morreram! Ahahahah! Ô Iagão, eu acho que a gente deveria... A gente deveria... Ó, voltou todo mundo? Cadê? Onde que tá a galera?""",Avaliador_A,Avaliador_E
22,"Música Música Música Música É agora o pai tá profissional, pô. Beleza pra mais ninguém nem jogar aqui não. Esse campeonato só pra Boteco tá no pavo. Não tem mais um pavo a que me tirar aqui não, parceiro.",0.226721853017807,0.4547148048877716,0.3185634016990661,NEU,0.0746954157948494,0.0019075921736657,0.0263019278645515,0.0027177883312106,0.0326073840260505,0.0025189381558448,0.0030011325143277,0.19124292,meu nome é david,Roblox,STUMBLE GUYS NA VIDA REAL O FILME - SUPER COMPILADO [KjRhJUTatR4],,NT,NT,NT,"🎬 Canal: meu nome é david | 🎥 Vídeo: STUMBLE GUYS NA VIDA REAL O FILME - SUPER COMPILADO [KjRhJUTatR4]
⏱️ Segmento/Index: 22
──────────────────────────────────────────────────
Fala transcrita:
""Música Música Música Música É agora o pai tá profissional, pô. Beleza pra mais ninguém nem jogar aqui não. Esse campeonato só pra Boteco tá no pavo. Não tem mais um pavo a que me tirar aqui não, parceiro.""",Avaliador_A,Avaliador_E
3,"Eduarda, isso aqui é pra gente disfarçar porque ele vai chegar e vai falar assim Caraca, eles conseguiram matar o Steve, imagina eu que sou a Alex gigante, ele aí vai me matar Só que calma aí, eu tô achando que o Steve tá, é o Steve sabe, todo mundo mata o Steve né Porque o Steve é muito fraco Deixa eu fazer uma modificação aqui no Steve Pronto, e se eu botar o Herobrine no lugar do Steve? Ele vai falar, cara até o Steve deitou pra ele O Steve, minha cabeça tá bugando O Herobrine deitou pra eles, imagina eu que sou a Alex O que que tá acontecendo com a sua cabeça Eduarda, que ela tá girando feito um bambolê É o Herobrine, meu Deus eu tô com medo Eduarda, ele é de mentira Tá galera, vamos pra próxima construção segura que ela tá...",0.4747400879859924,0.472023069858551,0.0532368123531341,NEG,0.5595322251319885,0.0114179085940122,0.0482173264026641,0.0072603779844939,0.0465286895632743,0.0168119203299283,0.0102250836789608,0.39021665,Marcelodrv,Minecraft,7 Hacks de construção SEGURA contra a ALEX GIGANTE [9Dubr8fWZ_0],,GZ,GZ,GZ,"🎬 Canal: Marcelodrv | 🎥 Vídeo: 7 Hacks de construção SEGURA contra a ALEX GIGANTE [9Dubr8fWZ_0]
⏱️ Segmento/Index: 3
──────────────────────────────────────────────────
Fala transcrita:
""Eduarda, isso aqui é pra gente disfarçar porque ele vai chegar e vai falar assim Caraca, eles conseguiram matar o Steve, imagina eu que sou a Alex gigante, ele aí vai me matar Só que calma aí, eu tô achando que o Steve tá, é o Steve sabe, todo mundo mata o Steve né Porque o Steve é muito fraco Deixa eu fazer uma modificação aqui no Steve Pronto, e se eu botar o Herobrine no lugar do Steve? Ele vai falar, cara até o Steve deitou pra ele O Steve, minha cabeça tá bugando O Herobrine deitou pra eles, imagina eu que sou a Alex O que que tá acontecendo com a sua cabeça Eduarda, que ela tá girando feito um bambolê É o Herobrine, meu Deus eu tô com medo Eduarda, ele é de mentira Tá galera, vamos pra próxima construção segura que ela tá...""",Avaliador_A,Avaliador_E
2,"E esse chão roxinho aqui é disponível apenas para mim, as outras pessoas não conseguem enxergar E olha eu subindo a parede! Olha só, eu cheguei e eu posso subir e fazer várias manobras para pegar as outras pessoas Isso é muito legal! Eu nem acredito nisso e eu já destruí aqui o carinha Olha o jeito que essa aranha ataca! Que horror! A gente tem que atacar até o fim! Eu sou muito assustadora, fala sério Coloquei aqui uma armadilha, olha o jeito que eu ando! Eu sou a Pigaranha mais assustadora de todas e não tem como eu atravessar as paredes, né? Vamos ver! Eu vi uma pessoa aqui e ela já vai ser pega! Olha, volta aqui que eu vou te pegar! Volta aqui que eu vou te pegar, garotinho! Eu sou a Pigaranha, eu sou a Pigaranha! E tem a garotinha aqui que talvez saiu correndo!",0.6797700524330139,0.15606789290905,0.1641620397567749,NEG,0.4115246832370758,0.0013087214902043,0.0279354937374591,0.0010598328663036,0.0511050224304199,0.0570205077528953,0.0030476581305265,0.3666224,Papile,Roblox,NOVA PIGGY ARANHA NO ROBLOX INACREDITÁVEL [2VHJJqKwQhY],,GZ,GZ,GZ,"🎬 Canal: Papile | 🎥 Vídeo: NOVA PIGGY ARANHA NO ROBLOX INACREDITÁVEL [2VHJJqKwQhY]
⏱️ Segmento/Index: 2
──────────────────────────────────────────────────
Fala transcrita:
""E esse chão roxinho aqui é disponível apenas para mim, as outras pessoas não conseguem enxergar E olha eu subindo a parede! Olha só, eu cheguei e eu posso subir e fazer várias manobras para pegar as outras pessoas Isso é muito legal! Eu nem acredito nisso e eu já destruí aqui o carinha Olha o jeito que essa aranha ataca! Que horror! A gente tem que atacar até o fim! Eu sou muito assustadora, fala sério Coloquei aqui uma armadilha, olha o jeito que eu ando! Eu sou a Pigaranha mais assustadora de todas e não tem como eu atravessar as paredes, né? Vamos ver! Eu vi uma pessoa aqui e ela já vai ser pega! Olha, volta aqui que eu vou te pegar! Volta aqui que eu vou te pegar, garotinho! Eu sou a Pigaranha, eu sou a Pigaranha! E tem a garotinha aqui que talvez saiu correndo!""",Avaliador_A,Avaliador_E
9,"Eu tava mergulhando, mano, que eu acabei ficando, eu não consegui subir muito rápido Ah, entendi Eu tô com três coraçãozinhos Eu tô com um e meio, mano, ninguém bate, por favor Alguém cai, alguém cai, alguém cai e faz alguma coisa, vai dar um toque Nossa, mano Que, foi todo mundo, mano Que isso, velho Eu fiquei vivo Só que agora o Nub tá com pouca vida e tá todo mundo cheio, mano Só vem logo, vem para cá, vem Ah, mano, isso aqui é muito engraçado, velho Caraca, gente, mano, então vamos, nossa, velho, agora subir aqui e tentar fazer as ferramentas Vê se... Que que foi, mano? Fazer um teste aqui, vamos lá Pessoal, calma, pessoal, eu tenho que dar uma diferença Vamos fazer um desafio, o que, o que?",0.1918138712644577,0.6364715695381165,0.1717145889997482,NEU,0.0169798173010349,0.0029672479722648,0.0323428101837635,0.0021589747630059,0.0254815015941858,0.0021012742072343,0.0025452296249568,0.09394901,Geleia,Minecraft,minecraft mas temos a MESMA VIDA compartilhada entre 4 PESSOAS [GrFTn9Kdo5U],,NT,NT,NT,"🎬 Canal: Geleia | 🎥 Vídeo: minecraft mas temos a MESMA VIDA compartilhada entre 4 PESSOAS [GrFTn9Kdo5U]
⏱️ Segmento/Index: 9
──────────────────────────────────────────────────
Fala transcrita:
""Eu tava mergulhando, mano, que eu acabei ficando, eu não consegui subir muito rápido Ah, entendi Eu tô com três coraçãozinhos Eu tô com um e meio, mano, ninguém bate, por favor Alguém cai, alguém cai, alguém cai e faz alguma coisa, vai dar um toque Nossa, mano Que, foi todo mundo, mano Que isso, velho Eu fiquei vivo Só que agora o Nub tá com pouca vida e tá todo mundo cheio, mano Só vem logo, vem para cá, vem Ah, mano, isso aqui é muito engraçado, velho Caraca, gente, mano, então vamos, nossa, velho, agora subir aqui e tentar fazer as ferramentas Vê se... Que que foi, mano? Fazer um teste aqui, vamos lá Pessoal, calma, pessoal, eu tenho que dar uma diferença Vamos fazer um desafio, o que, o que?""",Avaliador_A,Avaliador_E
0,"Anarai mama, hariro la, itoite, hashanako mama Aoi, aoi, ano zora, aoi Pun cha cha, pun cha cha, ano chu cha, tun cha cha, tuku tun cha cha Tá bom, tá bom, parei, parei, parei, parei",0.0921251848340034,0.6666290760040283,0.2412457019090652,NEU,0.0230037923902273,0.0012568765087053,0.0220700595527887,0.0024420053232461,0.0136784734204411,0.0020127121824771,0.0009892182424664,0.022964042,Amy Scarlet,Roblox,Ou estão fofocando de algo [LyfkhWMloQg],,NT,NT,NT,"🎬 Canal: Amy Scarlet | 🎥 Vídeo: Ou estão fofocando de algo [LyfkhWMloQg]
⏱️ Segmento/Index: 0
──────────────────────────────────────────────────
Fala transcrita:
""Anarai mama, hariro la, itoite, hashanako mama Aoi, aoi, ano zora, aoi Pun cha cha, pun cha cha, ano chu cha, tun cha cha, tuku tun cha cha Tá bom, tá bom, parei, parei, parei, parei""",Avaliador_A,Avaliador_E
48,"Ei, macho. Tu é muito apilântromo. Tu sabia que não podia, duas vezes que tu me pegou. Eu te peguei a ordação de uma cara. Safado. Ô, espelhanto, o quê? Eu só peguei essas armas aqui porque tu atirou de 12,0, pois ela já estava aqui. Como que ela estava aí se não ela estava aqui? Tu é muito apilântromo, seu bicho safado. Eu nunca mais vou ver isso na minha vida. Olha, meu parceiro, pode esses caras aí saírem da unológica e atirem. Oxe, tu também está na unológica, seu mau baile falido. Atire tu. Oxe, aí tu precisa que eu atire para tu atirar, é? Oxe, e tu precisa que eu atire para que tu puder atire e eu atire? Oxe, pois eu vou atirar então. Porra, atire! Ei, cara, tu é muito ruim, velho, na moral. Oh, ó, quando tu aprender a jogar X1 aí tu me chama, viu? Quando eu aprender, ai, ai, emulador falido, mano. Emulador falido? Você que é mau baile fraco. Por isso que agora que eu só jogo com meu parceiro GB, ele sim sabe jogar free fire, que ele joga no emulador.",0.8306081891059875,0.1391536295413971,0.0302381850779056,NEG,0.9730827808380128,0.0160155557096004,0.0633578673005104,0.0077760824933648,0.0814750120043754,0.0207018293440341,0.0804644599556922,0.5779532,meu nome é david,Roblox,X1 DOS CRIAS NA VIDA REAL   SUPER COMPILADOS [j-FPKmfw-c8],,T,T,T,"🎬 Canal: meu nome é david | 🎥 Vídeo: X1 DOS CRIAS NA VIDA REAL   SUPER COMPILADOS [j-FPKmfw-c8]
⏱️ Segmento/Index: 48
──────────────────────────────────────────────────
Fala transcrita:
""Ei, macho. Tu é muito apilântromo. Tu sabia que não podia, duas vezes que tu me pegou. Eu te peguei a ordação de uma cara. Safado. Ô, espelhanto, o quê? Eu só peguei essas armas aqui porque tu atirou de 12,0, pois ela já estava aqui. Como que ela estava aí se não ela estava aqui? Tu é muito apilântromo, seu bicho safado. Eu nunca mais vou ver isso na minha vida. Olha, meu parceiro, pode esses caras aí saírem da unológica e atirem. Oxe, tu também está na unológica, seu mau baile falido. Atire tu. Oxe, aí tu precisa que eu atire para tu atirar, é? Oxe, e tu precisa que eu atire para que tu puder atire e eu atire? Oxe, pois eu vou atirar então. Porra, atire! Ei, cara, tu é muito ruim, velho, na moral. Oh, ó, quando tu aprender a jogar X1 aí tu me chama, viu? Quando eu aprender, ai, ai, emulador falido, mano. Emulador falido? Você que é mau baile fraco. Por isso que agora que eu só jogo com meu parceiro GB, ele sim sabe jogar free fire, que ele joga no emulador.""",Avaliador_A,Avaliador_E
13,"Não, galera, mas não tem mais mamadeiras Ei, seu mamadeiras Mamadeiras, galera Olha a criançada chorando Aí, boa, boa Ah, tranquilo, galera Easy peasy Nossa, vida Tá Nossa Tá, calma Uá Uá Sete crianças? Meu Deus Sete, sete ou oito, gente? Quem tá morrendo? Não, é oito Você, você, você, ó Ah, você Uá, não vai Não Nossa, gente, é difícil Nossa, galera, tudo bem, beleza Tá, a gente vai ter que procurar outra profissão Porque não tá dando certo É, galera, daí a gente volta com uma outra profissão no próximo episódio Isso mesmo Então, se vocês tenham gostado do vídeo, deixem seu like, show Seu brasil, sujeitais e até o próximo vídeo de hoje, tchau, amoo Tchau, galera",0.3452414274215698,0.5529263019561768,0.1018322855234146,NEU,0.9130396842956544,0.0065071457065641,0.0808075517416,0.009183682501316,0.078445479273796,0.0025680719409137,0.1518996059894561,0.47119883,Julia MineGirl,Roblox,DEMITIDA PIOR BABÁ vs PIOR GARÇONETE [YinuowRowCk],,T,T,T,"🎬 Canal: Julia MineGirl | 🎥 Vídeo: DEMITIDA PIOR BABÁ vs PIOR GARÇONETE [YinuowRowCk]
⏱️ Segmento/Index: 13
──────────────────────────────────────────────────
Fala transcrita:
""Não, galera, mas não tem mais mamadeiras Ei, seu mamadeiras Mamadeiras, galera Olha a criançada chorando Aí, boa, boa Ah, tranquilo, galera Easy peasy Nossa, vida Tá Nossa Tá, calma Uá Uá Sete crianças? Meu Deus Sete, sete ou oito, gente? Quem tá morrendo? Não, é oito Você, você, você, ó Ah, você Uá, não vai Não Nossa, gente, é difícil Nossa, galera, tudo bem, beleza Tá, a gente vai ter que procurar outra profissão Porque não tá dando certo É, galera, daí a gente volta com uma outra profissão no próximo episódio Isso mesmo Então, se vocês tenham gostado do vídeo, deixem seu like, show Seu brasil, sujeitais e até o próximo vídeo de hoje, tchau, amoo Tchau, galera""",Avaliador_A,Avaliador_E
11,"Como se atreve de tentar escapar de mim!? Ai, meu Deus O Bob está muito bravo Bob é sacador!? Não, não, ele me pegou, Bob Ai, eu tenho que ir pra Ipeca Gente, o Bob é muito amovado, o Bob é... Mas e agora!? Pra que lado tem que ir, Lula!? Mami, mas eu acho que a gente tem que tentar fugir do Bob de todo jeito Não, não, não, não, não, Bob, não, Bob Cheguei mas está cheio de dente aqui, Lula Nossa, mas ele me pegou e eu estava andando Eu também Será que é se a gente pular por cima do dente!? Será que pode pular nos dentes!? Tenta ver se você consegue Tá bom, vou tentar Pula em cima do dente pra ver se pode Pode Pode!? Então tá bom Pode E parece que dá uma corrida maior, o Luca É porque ele trava, né, mami!? Ele trava nos dentes Ele trava, daí eu acho que ajuda a gente Olha, segue o caminho dos dentes que eu não sei onde vai... Ah! Deu em algum lugar!? Em algum lugar bom!? Eita! Uhul!",0.2715936303138733,0.6179865598678589,0.1104198172688484,NEU,0.2517006993293762,0.0027710618451237,0.0389491282403469,0.0026036964263767,0.0379873514175415,0.0060494514182209,0.0059279832057654,0.2540519,Luluca Games,Roblox,Roblox - ESCAPAMOS DO BOB O DENTISTA ASSUSTADOR Escape Bob The Dentist  Luluca Games [nZ92iuUqEQs],0.2715932428836822,GZ,GZ,GZ,"🎬 Canal: Luluca Games | 🎥 Vídeo: Roblox - ESCAPAMOS DO BOB O DENTISTA ASSUSTADOR Escape Bob The Dentist  Luluca Games [nZ92iuUqEQs]
⏱️ Segmento/Index: 11
──────────────────────────────────────────────────
Fala transcrita:
""Como se atreve de tentar escapar de mim!? Ai, meu Deus O Bob está muito bravo Bob é sacador!? Não, não, ele me pegou, Bob Ai, eu tenho que ir pra Ipeca Gente, o Bob é muito amovado, o Bob é... Mas e agora!? Pra que lado tem que ir, Lula!? Mami, mas eu acho que a gente tem que tentar fugir do Bob de todo jeito Não, não, não, não, não, Bob, não, Bob Cheguei mas está cheio de dente aqui, Lula Nossa, mas ele me pegou e eu estava andando Eu também Será que é se a gente pular por cima do dente!? Será que pode pular nos dentes!? Tenta ver se você consegue Tá bom, vou tentar Pula em cima do dente pra ver se pode Pode Pode!? Então tá bom Pode E parece que dá uma corrida maior, o Luca É porque ele trava, né, mami!? Ele trava nos dentes Ele trava, daí eu acho que ajuda a gente Olha, segue o caminho dos dentes que eu não sei onde vai... Ah! Deu em algum lugar!? Em algum lugar bom!? Eita! Uhul!""",Avaliador_A,Avaliador_E
5,"Mandinha, o portal grudou e você é a mandinha. Mandinha, devolve o portal! Mandei! Gente, eu não achei que fiquem grudados em mim, eu não gosto que fiquem grudados em mim, eu quero chegar no topo da escada sozinho. Não! Ah, não, tem que ir com a gente! Para! Volta! Não volto, não, vou ficar voando. Não volto, não volto, viu? Vem aqui! Não volto! Volta! Olha, gente, o que tem aqui, eu cheguei no topo, eu cheguei no topo voando, não tem ninguém grudado em mim. Agora o Homem-Aranha está sozinho! O Homem-Aranha está voando e vai ir no balão, o balão está bem ali e ele é bem grandão. Vai no balão! Eu vou espetar o balão com a minha espada! A gente entrou no balão dentro da minha espada! Agora estou no balão. Espera a gente! Oi, vem aqui no balão vocês, vem! No balão, volta! Tchau, tchau! Não!",0.4126001000404358,0.5232213735580444,0.0641785636544227,NEU,0.4428822696208954,0.0037497878074645,0.045991014689207,0.002478290349245,0.0380665063858032,0.0061466326005756,0.0244857817888259,0.28547668,Lokis,Roblox,VOANDO NA PAREDE GIGANTE  Roblox - Climb Block Stairs [0GRP0UvE0M8],,GZ,GZ,GZ,"🎬 Canal: Lokis | 🎥 Vídeo: VOANDO NA PAREDE GIGANTE  Roblox - Climb Block Stairs [0GRP0UvE0M8]
⏱️ Segmento/Index: 5
──────────────────────────────────────────────────
Fala transcrita:
""Mandinha, o portal grudou e você é a mandinha. Mandinha, devolve o portal! Mandei! Gente, eu não achei que fiquem grudados em mim, eu não gosto que fiquem grudados em mim, eu quero chegar no topo da escada sozinho. Não! Ah, não, tem que ir com a gente! Para! Volta! Não volto, não, vou ficar voando. Não volto, não volto, viu? Vem aqui! Não volto! Volta! Olha, gente, o que tem aqui, eu cheguei no topo, eu cheguei no topo voando, não tem ninguém grudado em mim. Agora o Homem-Aranha está sozinho! O Homem-Aranha está voando e vai ir no balão, o balão está bem ali e ele é bem grandão. Vai no balão! Eu vou espetar o balão com a minha espada! A gente entrou no balão dentro da minha espada! Agora estou no balão. Espera a gente! Oi, vem aqui no balão vocês, vem! No balão, volta! Tchau, tchau! Não!""",Avaliador_A,Avaliador_E
18,"Ele vai comer a gente, pessoal Ah, não Ah, ele vai matar a gente, então Não vai, não, vou embora daqui Ah, não, não, não Quebra isso Gente, esse palhaço é muito feio Por que ele tá aqui na minha frente? Sai daqui Ele tá evocado com você, juju Sai Ó, ele falou que ele gosta muito da gente É, tô feia no mesmo que você gosta Sai daqui Já tá com a minha lanterna na tua cabeça Você tem uma lanterna? Eu tô Lá naquele penhasco, sabe? Tinha uma... Eu não quero morrer, você tá falando, ju Eu não quero mesmo, precisamos de chaves Do guarda pra fugir Tá, mas como? A gente consegue derrubar, ju Ah Quem que eu guarda? Ah, o menino já achou Esse guarda não deveria estar dormindo, gente Vai, garoto, pra onde que a gente vai? Ah, tem que abrir aqui Ok, cadê o garoto?",0.9661078453063964,0.0250957570970058,0.00879642739892,NEG,0.9374597072601318,0.0089238965883851,0.0547650605440139,0.0047002746723592,0.1087922900915145,0.0782046765089035,0.0166729260236024,0.47119883,Julia MineGirl,Roblox,Roblox - HISTÓRIA NO CIRCO Circus Trip Story [3Vd1qubDNrg],,T,T,T,"🎬 Canal: Julia MineGirl | 🎥 Vídeo: Roblox - HISTÓRIA NO CIRCO Circus Trip Story [3Vd1qubDNrg]
⏱️ Segmento/Index: 18
──────────────────────────────────────────────────
Fala transcrita:
""Ele vai comer a gente, pessoal Ah, não Ah, ele vai matar a gente, então Não vai, não, vou embora daqui Ah, não, não, não Quebra isso Gente, esse palhaço é muito feio Por que ele tá aqui na minha frente? Sai daqui Ele tá evocado com você, juju Sai Ó, ele falou que ele gosta muito da gente É, tô feia no mesmo que você gosta Sai daqui Já tá com a minha lanterna na tua cabeça Você tem uma lanterna? Eu tô Lá naquele penhasco, sabe? Tinha uma... Eu não quero morrer, você tá falando, ju Eu não quero mesmo, precisamos de chaves Do guarda pra fugir Tá, mas como? A gente consegue derrubar, ju Ah Quem que eu guarda? Ah, o menino já achou Esse guarda não deveria estar dormindo, gente Vai, garoto, pra onde que a gente vai? Ah, tem que abrir aqui Ok, cadê o garoto?""",Avaliador_A,Avaliador_E
1,"Tá tudo bem aí? Tá tudo bem? Calma, eu vou tirar você daí, ó, por aqui, ó, por aqui. Não, eu venho por aqui, porque eu sei sair sozinho do lugar. Nossa, tá bom, eu tô vendo que você... Nossa, gente, eu tenho que admitir que eu tô ficando nervoso, eu tô ficando nervoso. O que você tá fazendo? Tá precisando de um banheiro, Beli! Eu acho que você precisa de um banheiro, McFly, acho que você que tá precisando. Se bem que você acabou de se molhar aqui nesse lago, né, de atrapalhado, acabou atrapalhado ali, caiu no negócio do lago e... Tá, né? Beleza, o que que você tá fazendo com essa galinha aí? Parece uma galinha filhote, não parece, não, não! Ah, ah, você tá fugindo! Não! É uma galinha filhote que você tá falando, cuidado, ela vai cair na lava, ô! Ai, ai, sai, sai, sai, sai! Fuuuujo! Tá, ó, ó, se acalma, se acalma, eu tive uma ideia, eu tive uma ideia. Você é um bebê radical, então deve gostar bastante de desafios, né? Olha, olha o desafio, qual vai ser o desafio, qual vai ser o desafio, qual vai ser o desafio? Como a gente consegue estar por lá mais alto do que o normal? Tem que você, por favor, fica um segundinho, quer, pra me explicar? Qual, qual, qual, qual começou o desafio, qual começou o desafio?",0.4481351971626282,0.4947931468486786,0.0570716634392738,NEU,0.3280873894691467,0.0034669109154492,0.0514430291950702,0.0021867414470762,0.0460127592086792,0.0029805635567754,0.0045096664689481,0.3389984,JP Plays,Minecraft,A CADA MINUTO FICAMOS MAIS VELHOS NO MINECRAFT [_lngpn1HUXI],,GZ,GZ,GZ,"🎬 Canal: JP Plays | 🎥 Vídeo: A CADA MINUTO FICAMOS MAIS VELHOS NO MINECRAFT [_lngpn1HUXI]
⏱️ Segmento/Index: 1
──────────────────────────────────────────────────
Fala transcrita:
""Tá tudo bem aí? Tá tudo bem? Calma, eu vou tirar você daí, ó, por aqui, ó, por aqui. Não, eu venho por aqui, porque eu sei sair sozinho do lugar. Nossa, tá bom, eu tô vendo que você... Nossa, gente, eu tenho que admitir que eu tô ficando nervoso, eu tô ficando nervoso. O que você tá fazendo? Tá precisando de um banheiro, Beli! Eu acho que você precisa de um banheiro, McFly, acho que você que tá precisando. Se bem que você acabou de se molhar aqui nesse lago, né, de atrapalhado, acabou atrapalhado ali, caiu no negócio do lago e... Tá, né? Beleza, o que que você tá fazendo com essa galinha aí? Parece uma galinha filhote, não parece, não, não! Ah, ah, você tá fugindo! Não! É uma galinha filhote que você tá falando, cuidado, ela vai cair na lava, ô! Ai, ai, sai, sai, sai, sai! Fuuuujo! Tá, ó, ó, se acalma, se acalma, eu tive uma ideia, eu tive uma ideia. Você é um bebê radical, então deve gostar bastante de desafios, né? Olha, olha o desafio, qual vai ser o desafio, qual vai ser o desafio, qual vai ser o desafio? Como a gente consegue estar por lá mais alto do que o normal? Tem que você, por favor, fica um segundinho, quer, pra me explicar? Qual, qual, qual, qual começou o desafio, qual começou o desafio?""",Avaliador_A,Avaliador_E
56,"Pula, pula Ai, não Olha isso, velho O final é aí Aqui era o final, o portal Pok, eu vou entrar dentro desse portal aqui O portal lá, ó Sabe o que eu tô percebendo? Parece que os mapas estão ficando maiores a cada momento, né, mano?",0.2350828647613525,0.6942796111106873,0.0706375017762184,NEU,0.0537189692258834,0.0057283802889287,0.0453576818108558,0.0046790898777544,0.0386600606143474,0.0035307705402374,0.0038991095498204,0.04686289,AuthenticGames,Minecraft,AUTHENTICGAMES virou UM COELHO - FILME [imb_p_qBOHY],,NT,NT,NT,"🎬 Canal: AuthenticGames | 🎥 Vídeo: AUTHENTICGAMES virou UM COELHO - FILME [imb_p_qBOHY]
⏱️ Segmento/Index: 56
──────────────────────────────────────────────────
Fala transcrita:
""Pula, pula Ai, não Olha isso, velho O final é aí Aqui era o final, o portal Pok, eu vou entrar dentro desse portal aqui O portal lá, ó Sabe o que eu tô percebendo? Parece que os mapas estão ficando maiores a cada momento, né, mano?""",Avaliador_A,Avaliador_E
8,"Pera aí, tem um preso. Não vem, não. Vem aqui. Como é que não bate nele? Ah, Crisinha, eu levei o dibre. Você levou o dibre bem feito. Levei muito o dibre. Tem que levar dibre mesmo. Achei aqui uma ferramenta. Agora a gente abre aqui. E? Não dá pra sair aqui, não. Vem aqui, meu queridão. Abre aqui. Pega essa chave. Prendi, prendi um. Crisinha, você tá aqui. Você é a próxima, Crisinha. Ah, Texinho. Ele vai salvar vocês, eu tô indo. Vem, vem, amigo. Ah, salvou todo mundo. Salvou todo mundo. E agora você vai preso. Fecha essa porta. Volta aqui. Tem que pegar o que tá com a chave.",0.2928504943847656,0.4665687680244446,0.2405806928873062,NEU,0.2966972589492798,0.0012671273434534,0.0156255532056093,0.0011665991041809,0.0232204031199216,0.1225030645728111,0.0028117944020777,0.2854733,Tex HS,Roblox,TEMOS QUE SALVAR A PINKY ft CRIS MINEGIRL Roblox Kitty [iiHz3lKfDSM],,GZ,GZ,GZ,"🎬 Canal: Tex HS | 🎥 Vídeo: TEMOS QUE SALVAR A PINKY ft CRIS MINEGIRL Roblox Kitty [iiHz3lKfDSM]
⏱️ Segmento/Index: 8
──────────────────────────────────────────────────
Fala transcrita:
""Pera aí, tem um preso. Não vem, não. Vem aqui. Como é que não bate nele? Ah, Crisinha, eu levei o dibre. Você levou o dibre bem feito. Levei muito o dibre. Tem que levar dibre mesmo. Achei aqui uma ferramenta. Agora a gente abre aqui. E? Não dá pra sair aqui, não. Vem aqui, meu queridão. Abre aqui. Pega essa chave. Prendi, prendi um. Crisinha, você tá aqui. Você é a próxima, Crisinha. Ah, Texinho. Ele vai salvar vocês, eu tô indo. Vem, vem, amigo. Ah, salvou todo mundo. Salvou todo mundo. E agora você vai preso. Fecha essa porta. Volta aqui. Tem que pegar o que tá com a chave.""",Avaliador_A,Avaliador_E
2,"Meu marvado favorito, o dinossauro Minos Ó galera Ó galera o site da leader custou tá aqui na descrição Primeiro link na descrição Você coloca lá o cupom Minos Meu nome é Deixe Você vai tá ganhando 10% de desconto nas suas compras Se você comprar os 6 você ganha 10% de desconto nos 6 Comprar 1, 10% de desconto nenhum É lógico né Mas ainda não acabou, temos mais Olha, temos qual, temos qual? Tem o calzinho Eu queria esse, eu tava doido pra chegar a esse daqui Tem mais qual, tem mais qual?",0.0441910549998283,0.7158036231994629,0.2400052845478058,NEU,0.0389027036726474,0.0008307853131555,0.0207294169813394,0.0012239516945555,0.0133967250585556,0.0006536173750646,0.0034612303134053,0.11078331,meu nome é david,Roblox,INCUBADORA DOS DINOS DO FREE FIRE NA VIDA REAL [tn4spbpHT_A],,NT,NT,NT,"🎬 Canal: meu nome é david | 🎥 Vídeo: INCUBADORA DOS DINOS DO FREE FIRE NA VIDA REAL [tn4spbpHT_A]
⏱️ Segmento/Index: 2
──────────────────────────────────────────────────
Fala transcrita:
""Meu marvado favorito, o dinossauro Minos Ó galera Ó galera o site da leader custou tá aqui na descrição Primeiro link na descrição Você coloca lá o cupom Minos Meu nome é Deixe Você vai tá ganhando 10% de desconto nas suas compras Se você comprar os 6 você ganha 10% de desconto nos 6 Comprar 1, 10% de desconto nenhum É lógico né Mas ainda não acabou, temos mais Olha, temos qual, temos qual? Tem o calzinho Eu queria esse, eu tava doido pra chegar a esse daqui Tem mais qual, tem mais qual?""",Avaliador_A,Avaliador_E
9,"Verde, vermelho. Isso, não tem tempo. Verde. Ai, não tem tempo. Espera a vermelha. Ai, não, a vermelha não. Ai, para um pouco antes da vermelha aparecer. Vamos, vamos, vamos. Eu estou parando sempre antes. Eu tenho muito medo. Olha como você já está longe. O bom é que é sempre o mesmo tempo. Tá, você vai chegar primeiro do que ele, então me espera. Aí, chegando. Ai, eu estou com medo de ser pega no finalzinho, porque até não tem palavras. Cheguei, eu vou embora. Eu vou embora. Eu vou embora. Eu vou embora. Eu vou embora. Eu vou embora. Eu vou embora. Eu vou embora. Eu vou embora. Eu vou embora. Eu vou embora. Eu vou embora. Eu vou embora. Eu vou embora. Eu vou embora. Eu vou embora. Ele deu muita dança. És para nós. Eu vou embora. Eu vou embora. A Cindy vai embora. Eu vou embora. Eu vou embora. A Cindy vai embora. Ei, não estamos com medo de passar. Acorda o íg emails. Eu vou embora. Eu vou embora. Eu vou embora. A Cindy vai embora. Eu vou embora. A Cindy vai embora. Amigo, arrowוף. Continuando. É que esse é o caminho da saída, né?",0.3015396893024444,0.586662232875824,0.1117981299757957,NEU,0.0236427001655101,0.0016064047813415,0.020542548969388,0.0023943718988448,0.0154614392668008,0.0013815257698297,0.0015882032457739,0.14082454,Papile,Roblox,PAPILE E ATHOS ESCAPAM DO MR. FUNNY no ROBLOX Escape Mr. Funnys Toyshop [DfCz0svFqt8],0.3015396893024444,NT,NT,NT,"🎬 Canal: Papile | 🎥 Vídeo: PAPILE E ATHOS ESCAPAM DO MR. FUNNY no ROBLOX Escape Mr. Funnys Toyshop [DfCz0svFqt8]
⏱️ Segmento/Index: 9
──────────────────────────────────────────────────
Fala transcrita:
""Verde, vermelho. Isso, não tem tempo. Verde. Ai, não tem tempo. Espera a vermelha. Ai, não, a vermelha não. Ai, para um pouco antes da vermelha aparecer. Vamos, vamos, vamos. Eu estou parando sempre antes. Eu tenho muito medo. Olha como você já está longe. O bom é que é sempre o mesmo tempo. Tá, você vai chegar primeiro do que ele, então me espera. Aí, chegando. Ai, eu estou com medo de ser pega no finalzinho, porque até não tem palavras. Cheguei, eu vou embora. Eu vou embora. Eu vou embora. Eu vou embora. Eu vou embora. Eu vou embora. Eu vou embora. Eu vou embora. Eu vou embora. Eu vou embora. Eu vou embora. Eu vou embora. Eu vou embora. Eu vou embora. Eu vou embora. Eu vou embora. Ele deu muita dança. És para nós. Eu vou embora. Eu vou embora. A Cindy vai embora. Eu vou embora. Eu vou embora. A Cindy vai embora. Ei, não estamos com medo de passar. Acorda o íg emails. Eu vou embora. Eu vou embora. Eu vou embora. A Cindy vai embora. Eu vou embora. A Cindy vai embora. Amigo, arrowוף. Continuando. É que esse é o caminho da saída, né?""",Avaliador_A,Avaliador_E
1,"Ela me matou no soco. Como eu já abordei anteriormente, eu gosto de ruchar. Então eu saí na caça daquela mulher. Mas infelizmente a Garena está pecando muito, pois está tendo muito bug no jogo. Eu tinha dado 150 nos dois, depois atirei mais um pouquinho e eles continuaram vivos. Então por favor, isso é uma carta também para a Garena, consertem os bugs, pois a pro player aqui não está conseguindo jogar. Eu deixei de brincar um pouco e falei, tá bom, agora eu vou matar todo mundo de novo, como eu já fiz na primeira e na segunda partida. Nessa terceira partida eu quero matar de novo todo mundo, todo o squad. Levei um, levei dois e olhem quem veio ruchar em mim. Mesmo sem vida, como eu sou pro player, eu consegui matar. Nesse exato momento eu esqueci o jogo, só queria matar ela num murro para ela ser omelhada, que nem eu fui. Tome-lhe murro.",0.4521273672580719,0.4678740203380584,0.0799985975027084,NEU,0.8510449528694153,0.0061120633035898,0.0164800658822059,0.0046111652627587,0.0291912090033292,0.6502792835235596,0.0231944825500249,0.4269174,Amy Scarlet,Roblox,Currículo da Scarletona [FtK_zAYwAno],,T,T,T,"🎬 Canal: Amy Scarlet | 🎥 Vídeo: Currículo da Scarletona [FtK_zAYwAno]
⏱️ Segmento/Index: 1
──────────────────────────────────────────────────
Fala transcrita:
""Ela me matou no soco. Como eu já abordei anteriormente, eu gosto de ruchar. Então eu saí na caça daquela mulher. Mas infelizmente a Garena está pecando muito, pois está tendo muito bug no jogo. Eu tinha dado 150 nos dois, depois atirei mais um pouquinho e eles continuaram vivos. Então por favor, isso é uma carta também para a Garena, consertem os bugs, pois a pro player aqui não está conseguindo jogar. Eu deixei de brincar um pouco e falei, tá bom, agora eu vou matar todo mundo de novo, como eu já fiz na primeira e na segunda partida. Nessa terceira partida eu quero matar de novo todo mundo, todo o squad. Levei um, levei dois e olhem quem veio ruchar em mim. Mesmo sem vida, como eu sou pro player, eu consegui matar. Nesse exato momento eu esqueci o jogo, só queria matar ela num murro para ela ser omelhada, que nem eu fui. Tome-lhe murro.""",Avaliador_B,Avaliador_E
0,Vídeo!,0.0210485886782407,0.5849800705909729,0.39397132396698,NEU,0.0005644355551339,3.347788151586428e-05,0.0002840658416971,0.0001082268208847,0.0002936336386483,6.248550926102325e-05,3.6781570088351145e-05,0.024613906,Amy Scarlet,Roblox,Ativo modo profissional hahahah e vocês [uHvtB3Ea_w4],,NT,NT,NT,"🎬 Canal: Amy Scarlet | 🎥 Vídeo: Ativo modo profissional hahahah e vocês [uHvtB3Ea_w4]
⏱️ Segmento/Index: 0
──────────────────────────────────────────────────
Fala transcrita:
""Vídeo!""",Avaliador_B,Avaliador_E
5,"Deixa a Aninha pra trás. Eu tô com vocês que vai me descer. Ele joga gelo agachando. Corre muito, vai. Corre muito. Tô cagada. Vem cá. Ele nunca vai achar que a gente tá aqui. Vem. Não pegue o carro, Bot. Ah, hoje eu vou me picar? A gente já bateu da pele. Morri. Não, se morrer, morre eu e você. Morre eu e vocês. Morre eu e vocês. Morre eu e vocês. Tem que sobreviver de cogumelo. Come os cogumelos aí na rua. Gente, a Aninha tá voando. Gente, olha o meu ping. Eu só não matei aquele cara ali por causa do meu ping. O meu ping tá muito alto. Grécia, quando tu for usar o Alok, tu ativa pra todo mundo, tá? Tem cara aqui, tem cara aí na frente. Corre. Volta, volta, volta. Dá volta aqui.",0.590518057346344,0.3258675932884216,0.0836143493652343,NEG,0.938517689704895,0.01052688062191,0.0852216929197311,0.0036825165152549,0.085843451321125,0.133797287940979,0.0148399211466312,0.47473195,Amy Scarlet,Roblox,SÓ PODIA LOOTEAR NA FACTORY TENTE NÃO RIR [SNpvIoblQKc],,T,T,T,"🎬 Canal: Amy Scarlet | 🎥 Vídeo: SÓ PODIA LOOTEAR NA FACTORY TENTE NÃO RIR [SNpvIoblQKc]
⏱️ Segmento/Index: 5
──────────────────────────────────────────────────
Fala transcrita:
""Deixa a Aninha pra trás. Eu tô com vocês que vai me descer. Ele joga gelo agachando. Corre muito, vai. Corre muito. Tô cagada. Vem cá. Ele nunca vai achar que a gente tá aqui. Vem. Não pegue o carro, Bot. Ah, hoje eu vou me picar? A gente já bateu da pele. Morri. Não, se morrer, morre eu e você. Morre eu e vocês. Morre eu e vocês. Morre eu e vocês. Tem que sobreviver de cogumelo. Come os cogumelos aí na rua. Gente, a Aninha tá voando. Gente, olha o meu ping. Eu só não matei aquele cara ali por causa do meu ping. O meu ping tá muito alto. Grécia, quando tu for usar o Alok, tu ativa pra todo mundo, tá? Tem cara aqui, tem cara aí na frente. Corre. Volta, volta, volta. Dá volta aqui.""",Avaliador_B,Avaliador_E
13,"Bora para minha casa! Ah meu Deus! Eu tô me assustando galera, com qualquer coisa. Até com miado de gato, latido de cachorro, tô me assustando. Tanto que eu morri! Eu consegui? Eu tô falando. Sim, você conseguiu. E mas ele tá tipo transparente, ele morreu? DudeMan! Você conseguiu derrotar essa criatura do mal. Mas e você meu amigo DudeMan? Eu mal posso acreditar! Finalmente está tudo terminado! Ó, o tanto quanto eu odeio arruinar o seu momento, você tem que continuar! A máquina que você ativou, os cristais lá, ela foi feita para destruir as nossas dimensões. E atualmente ela está fazendo o propósito original dela. Mas aí todo mundo vai morrer! E o Robby? Mas e você? Não se preocupe comigo! A minha existência não deveria ter acontecido, e agora parece que o meu tempo acabou. Tadinho dele cara! Ó, ambos aquela criatura do mal e eu somos seres interdimensionais.",0.2530774474143982,0.3521799445152282,0.3947426378726959,POS,0.7004956603050232,0.0044546201825141,0.0876563861966133,0.0038107850123196,0.0820451229810714,0.0357155315577983,0.0083616357296705,0.39987978,Tex HS,Roblox,DUDE MAN é a voz da sabedoria mas fala demais [gsBryuAqkkY],,GZ,GZ,GZ,"🎬 Canal: Tex HS | 🎥 Vídeo: DUDE MAN é a voz da sabedoria mas fala demais [gsBryuAqkkY]
⏱️ Segmento/Index: 13
──────────────────────────────────────────────────
Fala transcrita:
""Bora para minha casa! Ah meu Deus! Eu tô me assustando galera, com qualquer coisa. Até com miado de gato, latido de cachorro, tô me assustando. Tanto que eu morri! Eu consegui? Eu tô falando. Sim, você conseguiu. E mas ele tá tipo transparente, ele morreu? DudeMan! Você conseguiu derrotar essa criatura do mal. Mas e você meu amigo DudeMan? Eu mal posso acreditar! Finalmente está tudo terminado! Ó, o tanto quanto eu odeio arruinar o seu momento, você tem que continuar! A máquina que você ativou, os cristais lá, ela foi feita para destruir as nossas dimensões. E atualmente ela está fazendo o propósito original dela. Mas aí todo mundo vai morrer! E o Robby? Mas e você? Não se preocupe comigo! A minha existência não deveria ter acontecido, e agora parece que o meu tempo acabou. Tadinho dele cara! Ó, ambos aquela criatura do mal e eu somos seres interdimensionais.""",Avaliador_B,Avaliador_E
12,"É lindo! Meu Deus do céu, garota. Que negócio de doido. Tá, cada um com seu gosto, né galera? Então, vamos, Eduarda, pro último portal, que é o portal de... Que eu não lembro qual é, eu tenho que ver que eu esqueci qual que é o portal. Tem o portal de slime ainda e depois tem o de TNT. Vamos ver o slime aqui pra ver o que que acontece no portal de slime, cara. Espera, é... Vamos, Nudy, pula, pula. Vamos ver aqui. Uhul! É, nada mais, nada menos que... Ei! Ei! Pula daí de cima, Eduarda. Ai, meu Deus! Ai, meu Deus! Tá, melhor a gente sair logo. Entra no portal. Tá perigoso esse mundo aqui, cara. Como que entra no portal, meu Deus do céu. Eduarda, o que que deve acontecer se a gente fazer aqui agora, ó, um portal de TNT? E se a gente explodir lá dentro? O que que vai acontecer? Eu tô com medo. Meu filho, eu acho que ele vai se escudir sozinho por causa dela lá. Eu tô com medo e... Vê o negócio aí. Vai, vai, vai, entra. Não, não quero ir lá, não. Espera, eu desativei o portal sem querer.",0.1832457333803177,0.5165089964866638,0.3002452552318573,NEU,0.610845685005188,0.0043548746034502,0.0505373440682888,0.0048574083484709,0.0441356189548969,0.0028550971765071,0.0194500852376222,0.2786282,Marcelodrv,Minecraft,MINECRAFT mas podemos fazer PORTAIS DE QUALQUER BLOCO [9YJefweBOCg],,GZ,GZ,GZ,"🎬 Canal: Marcelodrv | 🎥 Vídeo: MINECRAFT mas podemos fazer PORTAIS DE QUALQUER BLOCO [9YJefweBOCg]
⏱️ Segmento/Index: 12
──────────────────────────────────────────────────
Fala transcrita:
""É lindo! Meu Deus do céu, garota. Que negócio de doido. Tá, cada um com seu gosto, né galera? Então, vamos, Eduarda, pro último portal, que é o portal de... Que eu não lembro qual é, eu tenho que ver que eu esqueci qual que é o portal. Tem o portal de slime ainda e depois tem o de TNT. Vamos ver o slime aqui pra ver o que que acontece no portal de slime, cara. Espera, é... Vamos, Nudy, pula, pula. Vamos ver aqui. Uhul! É, nada mais, nada menos que... Ei! Ei! Pula daí de cima, Eduarda. Ai, meu Deus! Ai, meu Deus! Tá, melhor a gente sair logo. Entra no portal. Tá perigoso esse mundo aqui, cara. Como que entra no portal, meu Deus do céu. Eduarda, o que que deve acontecer se a gente fazer aqui agora, ó, um portal de TNT? E se a gente explodir lá dentro? O que que vai acontecer? Eu tô com medo. Meu filho, eu acho que ele vai se escudir sozinho por causa dela lá. Eu tô com medo e... Vê o negócio aí. Vai, vai, vai, entra. Não, não quero ir lá, não. Espera, eu desativei o portal sem querer.""",Avaliador_B,Avaliador_E
20,"Você tá admirando essa sujeira aí, meu? Alguém aí viu a Billy? Onde que a pobre Billy foi parar? Eu acho que bugou, pessoal. Ela deve ter sumido do mapa. Tô tentando olhar aqui de cima pra ver se eu enxergo ela, mas nada. Olha o turno do meu voo, pessoal. Esse foi o voo mais alto que eu já fiz na minha vida. Mano, eu tenho que explorar aquelas outras áreas ali. Porém, eu quero salvar a Billy. Peraí um pouquinho, já volto. Pessoal, eu voltei aqui e a Billy tá ali de volta, eu vou salvar ela, essa vez vai dar certo. Porém, eu descobri um recurso nas dicas do jogo, que é a câmera lenta. Olha isso. Mortal de frente. Eu to de cara no chão, mas pelo menos caiu em câmera lenta, né? Minha querida Billy, eu jamais vou deixar você pra trás. Prometo pra você que vou te salvar dessa vez, beleza? Eu já puxei ela, né? Mas eu tenho que pelo menos tirar esses vidros aqui, se eles vão me dar trabalho.",0.3781741559505462,0.5670549273490906,0.0547708719968795,NEU,0.4210454523563385,0.0008142301230691,0.0500936284661293,0.0005698926979675,0.1714773327112198,0.0150783276185393,0.0026758359745144,0.3389984,Tex HS,Roblox,CABRA TOMA CONTA DO ZOOLÓGICO Goat Simulator 3  Parte 7 [ko1OuMCuB7w],,GZ,GZ,GZ,"🎬 Canal: Tex HS | 🎥 Vídeo: CABRA TOMA CONTA DO ZOOLÓGICO Goat Simulator 3  Parte 7 [ko1OuMCuB7w]
⏱️ Segmento/Index: 20
──────────────────────────────────────────────────
Fala transcrita:
""Você tá admirando essa sujeira aí, meu? Alguém aí viu a Billy? Onde que a pobre Billy foi parar? Eu acho que bugou, pessoal. Ela deve ter sumido do mapa. Tô tentando olhar aqui de cima pra ver se eu enxergo ela, mas nada. Olha o turno do meu voo, pessoal. Esse foi o voo mais alto que eu já fiz na minha vida. Mano, eu tenho que explorar aquelas outras áreas ali. Porém, eu quero salvar a Billy. Peraí um pouquinho, já volto. Pessoal, eu voltei aqui e a Billy tá ali de volta, eu vou salvar ela, essa vez vai dar certo. Porém, eu descobri um recurso nas dicas do jogo, que é a câmera lenta. Olha isso. Mortal de frente. Eu to de cara no chão, mas pelo menos caiu em câmera lenta, né? Minha querida Billy, eu jamais vou deixar você pra trás. Prometo pra você que vou te salvar dessa vez, beleza? Eu já puxei ela, né? Mas eu tenho que pelo menos tirar esses vidros aqui, se eles vão me dar trabalho.""",Avaliador_B,Avaliador_E
16,"Abriu, boa, tem uma besta Com várias flechas, peguei, peguei E agora carrega essa besta Toma Azul Babão, pula, ela tá dando em área Toma, toma Azul Babão, ah, dá pra tirar várias flechas com ela Aí, matei tantos eles Vou matar esses aqui também, toma Azul Babão Matei, matei, só falta um, boa Boa, vamos pro próximo nível Eu tô conseguindo cair, Ricardo Você tá indo muito bem, Ati, mas você tem que pegar a chave que tá bem ali no chão, ó É, você acabou de dropar do Azul Babão Ah, essa chave, boa Ah, agora sim ela vai abrir essa porta aqui Ah, eu tô num labirinto Você tá num labirinto e cuidado, mate É um labirinto com bastante armadilha Tem espinho no chão E agora começou, né, agora só lhe para trás, Ati Ai, a parede, a parede tá fechando O que eu faço? Tem umas setas Ai, espinhos, boa, passei, passei Incrível, vamos pular pra cá e pra cá Ih, olha esses espinhos Eu não vou encostar neles Vamos por aqui, tem uma alavanca aqui que essa alavanca faz Ah, ela tira os espinhos E agora, pra onde eu vou? Ah, achei, achei a escada aqui Boa, e agora pra cá Perfeito, subi essa escada e... Pula, que barulho é esse? Ai, não, não, não Tô queimando, tô queimando, mas passei Passei, tô no próximo nível que é o dos lasers Eu tenho uma ideia, e se eu tentar pular Por aqui, por cima dos lasers Dá pra vim por aqui? Boa Ah, parabéns, você conseguiu burlar o meu laser Ah, tu já acreditou Perfeito, aí não vou tocar em nenhum laser Só vou pular aqui por cima Por aqui, e... Boa!",0.0924088954925537,0.76737380027771,0.1402173042297363,NEU,0.741265594959259,0.0136227067559957,0.0540628395974636,0.0058772703632712,0.0526063293218612,0.0223984979093074,0.0127842342481017,0.37458646,Kass e KR,Minecraft,24 horas TROLANDO os YOUTUBERS no Minecraft [UsjsW-4XrZU],,GZ,GZ,GZ,"🎬 Canal: Kass e KR | 🎥 Vídeo: 24 horas TROLANDO os YOUTUBERS no Minecraft [UsjsW-4XrZU]
⏱️ Segmento/Index: 16
──────────────────────────────────────────────────
Fala transcrita:
""Abriu, boa, tem uma besta Com várias flechas, peguei, peguei E agora carrega essa besta Toma Azul Babão, pula, ela tá dando em área Toma, toma Azul Babão, ah, dá pra tirar várias flechas com ela Aí, matei tantos eles Vou matar esses aqui também, toma Azul Babão Matei, matei, só falta um, boa Boa, vamos pro próximo nível Eu tô conseguindo cair, Ricardo Você tá indo muito bem, Ati, mas você tem que pegar a chave que tá bem ali no chão, ó É, você acabou de dropar do Azul Babão Ah, essa chave, boa Ah, agora sim ela vai abrir essa porta aqui Ah, eu tô num labirinto Você tá num labirinto e cuidado, mate É um labirinto com bastante armadilha Tem espinho no chão E agora começou, né, agora só lhe para trás, Ati Ai, a parede, a parede tá fechando O que eu faço? Tem umas setas Ai, espinhos, boa, passei, passei Incrível, vamos pular pra cá e pra cá Ih, olha esses espinhos Eu não vou encostar neles Vamos por aqui, tem uma alavanca aqui que essa alavanca faz Ah, ela tira os espinhos E agora, pra onde eu vou? Ah, achei, achei a escada aqui Boa, e agora pra cá Perfeito, subi essa escada e... Pula, que barulho é esse? Ai, não, não, não Tô queimando, tô queimando, mas passei Passei, tô no próximo nível que é o dos lasers Eu tenho uma ideia, e se eu tentar pular Por aqui, por cima dos lasers Dá pra vim por aqui? Boa Ah, parabéns, você conseguiu burlar o meu laser Ah, tu já acreditou Perfeito, aí não vou tocar em nenhum laser Só vou pular aqui por cima Por aqui, e... Boa!""",Avaliador_B,Avaliador_E
17,"Eu tô começando a ficar preocupado, tem um invasor na cretinsquad Mas não tem? Teoricamente, ticket dinogã Ah, véi, meus tickets estão aqui Tá, da hora, da hora, mano Tá, e cadê o XP? Eu tava com mais XP, hein Tá, Tônegon, tem como você ligar a câmera rapidinho? Como assim? Só que eu quero conversar um negócio cara a cara com você, vou ligar a minha aqui também? Tá, é? Calma, que foi, Geleia Então, Tônegon, lembra da Cal? Lembro É... você disse sim Sim Aí... Tônegon, eu posso usar sua conta pra fazer qualquer coisa dentro do Minecraft, no Hypixel e nos servidores? Sim Quê? Não foi isso que eu falei Eu só falei sim, você perguntou se eu tava gravando o vídeo, tá aqui o vídeo na minha tela Na minha tela tá o vídeo que eu tava gravando Te trolei, mano O que que você fez no servidor? Não, não fiz muita coisa, só...",0.8732097148895264,0.1096243634819984,0.017165994271636,NEG,0.2326663881540298,0.0091625591740012,0.0495899431407451,0.0077405250631272,0.0407521799206733,0.0044121970422565,0.0037901611067354,0.32971194,Geleia,Minecraft,HACKEEI a Conta Do TONIGON no Minecraft... [PFlQF5TMWBo],,GZ,GZ,GZ,"🎬 Canal: Geleia | 🎥 Vídeo: HACKEEI a Conta Do TONIGON no Minecraft... [PFlQF5TMWBo]
⏱️ Segmento/Index: 17
──────────────────────────────────────────────────
Fala transcrita:
""Eu tô começando a ficar preocupado, tem um invasor na cretinsquad Mas não tem? Teoricamente, ticket dinogã Ah, véi, meus tickets estão aqui Tá, da hora, da hora, mano Tá, e cadê o XP? Eu tava com mais XP, hein Tá, Tônegon, tem como você ligar a câmera rapidinho? Como assim? Só que eu quero conversar um negócio cara a cara com você, vou ligar a minha aqui também? Tá, é? Calma, que foi, Geleia Então, Tônegon, lembra da Cal? Lembro É... você disse sim Sim Aí... Tônegon, eu posso usar sua conta pra fazer qualquer coisa dentro do Minecraft, no Hypixel e nos servidores? Sim Quê? Não foi isso que eu falei Eu só falei sim, você perguntou se eu tava gravando o vídeo, tá aqui o vídeo na minha tela Na minha tela tá o vídeo que eu tava gravando Te trolei, mano O que que você fez no servidor? Não, não fiz muita coisa, só...""",Avaliador_B,Avaliador_E
2,"Doutor, meu pulmão está morrendo Eu estou precisando de um novo, gente E se demorar muito Eu não vou conseguir respirar Rápido Ah, essa não Eu preciso correr pra pegar um pulmão pra ele Ele tem pouco tempo de vida Ah, e o problema é que no hospital não tem nenhum pulmão Nunca aconteceu um caso desse A gente só tem osso aqui Porque normalmente a gente troca quem quebrou o osso Ah, mas eu preciso dar um jeito Eu tenho que salvar ele Deixa eu pensar em alguma coisa Ele está com pouco tempo de vida, vai, vai, vai O que eu posso fazer? Pera, eu acho que eu tive uma ideia Dá pra eu tentar pegar um pulmão de uma galinha Porque o dela é muito parecido com o de um humano É, pelo menos no Minecraft é E olha, tem uma galinha aqui Deixa eu tentar pegar e abrir ela pra conseguir o pulmão e... Não! A galinha é muito fraca, ela não aguenta uma cirurgia Pera, mas eu tenho um outro plano E esse daqui, infelizmente, é um pouco pior Porque é esse machadinho Ah, então vem aqui galinha, me desculpa Mas eu preciso salvar aquele paciente Toma! Olha isso, eu consegui E olha isso, isso daqui é o pulmão da galinha Agora eu vou conseguir salvar o paciente Sorte que eu consegui a tempo Pera, o que é isso aqui atrás de mim? Tem uma galinha gigante Que? Cadê minha amiga? Ah, não é possível você derrotar ela Só pra conseguir um pulmão?",0.6302840113639832,0.2385255247354507,0.1311905086040496,NEG,0.0283916313201189,0.0079297898337244,0.0412593185901641,0.0030574344564229,0.0380517914891243,0.0085072154179215,0.0030235140584409,0.15048122,Cadres,Minecraft,VIREI MÉDICO NO MINECRAFT [PRJapeMKMgk],,NT,NT,NT,"🎬 Canal: Cadres | 🎥 Vídeo: VIREI MÉDICO NO MINECRAFT [PRJapeMKMgk]
⏱️ Segmento/Index: 2
──────────────────────────────────────────────────
Fala transcrita:
""Doutor, meu pulmão está morrendo Eu estou precisando de um novo, gente E se demorar muito Eu não vou conseguir respirar Rápido Ah, essa não Eu preciso correr pra pegar um pulmão pra ele Ele tem pouco tempo de vida Ah, e o problema é que no hospital não tem nenhum pulmão Nunca aconteceu um caso desse A gente só tem osso aqui Porque normalmente a gente troca quem quebrou o osso Ah, mas eu preciso dar um jeito Eu tenho que salvar ele Deixa eu pensar em alguma coisa Ele está com pouco tempo de vida, vai, vai, vai O que eu posso fazer? Pera, eu acho que eu tive uma ideia Dá pra eu tentar pegar um pulmão de uma galinha Porque o dela é muito parecido com o de um humano É, pelo menos no Minecraft é E olha, tem uma galinha aqui Deixa eu tentar pegar e abrir ela pra conseguir o pulmão e... Não! A galinha é muito fraca, ela não aguenta uma cirurgia Pera, mas eu tenho um outro plano E esse daqui, infelizmente, é um pouco pior Porque é esse machadinho Ah, então vem aqui galinha, me desculpa Mas eu preciso salvar aquele paciente Toma! Olha isso, eu consegui E olha isso, isso daqui é o pulmão da galinha Agora eu vou conseguir salvar o paciente Sorte que eu consegui a tempo Pera, o que é isso aqui atrás de mim? Tem uma galinha gigante Que? Cadê minha amiga? Ah, não é possível você derrotar ela Só pra conseguir um pulmão?""",Avaliador_B,Avaliador_E
10,"Eu tinha visto 17 mil, eu estou com 171 mil pontos de defesa 27 mil pontos De energia Sim, eu vou desbloquear a transformação de Super Saiyan 2 hoje Sério, eu estou evoluindo muito rápido Deixa eu ver aqui se eu já posso pegar a transformação de Super Saiyan com o Kaioken Sim, eu já posso Vou me transformar agora Nossa, que fera! Sério, está incrível essa aura aqui Está parecendo que eu estou queimando Está pegando fogo, cupicha! Parece a aura do Super Saiyan Deus E com essa transformação eu aumento tudo em 6 mil pontos Só que por ser uma transformação mais forte também Ela consome muito da minha energia E na luta contra o Kuririn já estou vendo tudo Vou ter que ficar correndo dele, carregando a minha energia Vai ser assim de novo Mas está na hora de lutar contra o Kuririn Você vai ser derrotado Vai morrer mais uma vez, Kuririn Kuririn já morreu tanto, coitado Que isso? Parece que está mais fácil lutar com o Kuririn do que lutar com o Gohan Vou esperar usar uma habilidade especial Beleza A técnica que...",0.0118963550776243,0.1573539078235626,0.8307497501373291,POS,0.3237578570842743,0.0108284652233123,0.053541362285614,0.0064160507172346,0.0438298843801021,0.0079789124429225,0.0051710754632949,0.2763787,Robin Hood Gamer,Minecraft,CONSEGUI UMA NOVA TRANSFORMAÇÃO E LUTEI COM GOHAN E RADITZ Dragon Blox Ultimate [inHY6R-7Bzo],,GZ,GZ,GZ,"🎬 Canal: Robin Hood Gamer | 🎥 Vídeo: CONSEGUI UMA NOVA TRANSFORMAÇÃO E LUTEI COM GOHAN E RADITZ Dragon Blox Ultimate [inHY6R-7Bzo]
⏱️ Segmento/Index: 10
──────────────────────────────────────────────────
Fala transcrita:
""Eu tinha visto 17 mil, eu estou com 171 mil pontos de defesa 27 mil pontos De energia Sim, eu vou desbloquear a transformação de Super Saiyan 2 hoje Sério, eu estou evoluindo muito rápido Deixa eu ver aqui se eu já posso pegar a transformação de Super Saiyan com o Kaioken Sim, eu já posso Vou me transformar agora Nossa, que fera! Sério, está incrível essa aura aqui Está parecendo que eu estou queimando Está pegando fogo, cupicha! Parece a aura do Super Saiyan Deus E com essa transformação eu aumento tudo em 6 mil pontos Só que por ser uma transformação mais forte também Ela consome muito da minha energia E na luta contra o Kuririn já estou vendo tudo Vou ter que ficar correndo dele, carregando a minha energia Vai ser assim de novo Mas está na hora de lutar contra o Kuririn Você vai ser derrotado Vai morrer mais uma vez, Kuririn Kuririn já morreu tanto, coitado Que isso? Parece que está mais fácil lutar com o Kuririn do que lutar com o Gohan Vou esperar usar uma habilidade especial Beleza A técnica que...""",Avaliador_B,Avaliador_E
46,"Não atira não McFly, sou eu, tô aqui ó, é um pacote de figurinhas Não acho que isso é uma pista, é uma pista, com certeza Quer dizer que esses bandidos zumbis já roubou mais pessoas, roubou o pacotinho delas também É, exatamente, esse ladrão tá roubando todos os jogadores que estão colecionando o álbum, inclusive roubou até pacotes de figurinhas Tá, provavelmente isso é uma pista muito válida, eu acho que faz sentido se ele veio pra cá e é um pacote de figurinhas É, melhor a gente começar a falar baixo porque ele pode estar em qualquer lugar, fica esperto, hein É, você tem razão, vamos ficar esperto porque ele pode estar na área... Olha ali, tem mais um pacote de figurinhas bem aonde esse ladrão saiu correndo Você disse que ele veio pra cá e bem aqui tem pacotes de figurinhas, isso é mais uma pista E, pera aí Será que ele passou por aqui? Tem meio uma ponte, né? Eu acho que sim, só um zumbi ia fazer uma ponte tão ruim e torta desse jeito, né? É, ele deve estar apressado, né?",0.3973665833473205,0.4908014833927154,0.1118319407105445,NEU,0.483844131231308,0.0034622338134795,0.0448665730655193,0.0033229710534214,0.076096124947071,0.0239055808633565,0.003452215809375,0.38601747,JP Plays,Minecraft,Preciso que COMPLETAR o ALBUM DA COPA no Minecraft - O FILME [BZGs6PfkgvI],,GZ,GZ,GZ,"🎬 Canal: JP Plays | 🎥 Vídeo: Preciso que COMPLETAR o ALBUM DA COPA no Minecraft - O FILME [BZGs6PfkgvI]
⏱️ Segmento/Index: 46
──────────────────────────────────────────────────
Fala transcrita:
""Não atira não McFly, sou eu, tô aqui ó, é um pacote de figurinhas Não acho que isso é uma pista, é uma pista, com certeza Quer dizer que esses bandidos zumbis já roubou mais pessoas, roubou o pacotinho delas também É, exatamente, esse ladrão tá roubando todos os jogadores que estão colecionando o álbum, inclusive roubou até pacotes de figurinhas Tá, provavelmente isso é uma pista muito válida, eu acho que faz sentido se ele veio pra cá e é um pacote de figurinhas É, melhor a gente começar a falar baixo porque ele pode estar em qualquer lugar, fica esperto, hein É, você tem razão, vamos ficar esperto porque ele pode estar na área... Olha ali, tem mais um pacote de figurinhas bem aonde esse ladrão saiu correndo Você disse que ele veio pra cá e bem aqui tem pacotes de figurinhas, isso é mais uma pista E, pera aí Será que ele passou por aqui? Tem meio uma ponte, né? Eu acho que sim, só um zumbi ia fazer uma ponte tão ruim e torta desse jeito, né? É, ele deve estar apressado, né?""",Avaliador_B,Avaliador_E
7,"Então, não sei Será que tem gente trabalhando? Tem Nossa, agora a gente não tá mais de sorvete, Ju Ah é, agora não Verdade, nossa gente Olha a pizza colorida Tem um papagaio ali, eu louco Gente, até os animais estão fazendo pizza aqui Dá pra escolher a cor da pizza? Que massa Vamos pegar Pega a sua massinha Anda logo massa, eu quero uma pizza roxa Tá, vou pra cá Beleza, pizza roxa Agora eu quero escolher Ah, você pegou a minha pizza Eu?",0.1132376939058303,0.7302799224853516,0.1564823687076568,NEU,0.0860722437500953,0.0058824573643505,0.0471036806702613,0.0060343518853187,0.0371314920485019,0.0030252968426793,0.0030852712225168,0.027913637,Julia MineGirl,Roblox,Roblox - CASA DE CASTELO DISNEY Club Roblox [k1btqWzdH5s],,NT,NT,NT,"🎬 Canal: Julia MineGirl | 🎥 Vídeo: Roblox - CASA DE CASTELO DISNEY Club Roblox [k1btqWzdH5s]
⏱️ Segmento/Index: 7
──────────────────────────────────────────────────
Fala transcrita:
""Então, não sei Será que tem gente trabalhando? Tem Nossa, agora a gente não tá mais de sorvete, Ju Ah é, agora não Verdade, nossa gente Olha a pizza colorida Tem um papagaio ali, eu louco Gente, até os animais estão fazendo pizza aqui Dá pra escolher a cor da pizza? Que massa Vamos pegar Pega a sua massinha Anda logo massa, eu quero uma pizza roxa Tá, vou pra cá Beleza, pizza roxa Agora eu quero escolher Ah, você pegou a minha pizza Eu?""",Avaliador_B,Avaliador_E
2,"Eu sou o seu! Nossa senhora! Eu queria deixar bem claro que quem eu tirei aqui, eu não vou pegar a Eve não, beleza? Não vai ser trollar demais! Eu também não vou pegar a Eve não! E agora sim, começou oficialmente a Criativo Squad 2, vambora! Tá, mano, olha só, deixa eu dar uma olhada aqui, vocês não podem saber quem que eu vou trollar mais... Caraca, velho! Eu não vou pegar a Eve com essa pessoa, mano! Que loucura, vai ser demais isso! Agora eu tenho que achar uma forma de quem mais esse papel, jogar fora, pra nem vocês e nem ninguém pegar esse papel de mim, né? Porque senão eles vão descobrir quem é o meu trollagem secreto, mano! Geleia! Opa! Calma aí que eu tô alto aqui, velho! Toma cuidado, mano, que essa montanha é alta! Mano, você viu essas montanhas de 1.18, velho?",0.2818625867366791,0.5248295068740845,0.193307876586914,NEU,0.4395376741886139,0.0027871138881891,0.043932344764471,0.0038352464325726,0.0572651773691177,0.0028378923889249,0.0118403593078255,0.37751234,Geleia,Minecraft,NOVA SÉRIE SURVIVAL NO MINECRAFT 1.18... - Creative Squad II 1 [ESE7DtARxqI],,GZ,GZ,GZ,"🎬 Canal: Geleia | 🎥 Vídeo: NOVA SÉRIE SURVIVAL NO MINECRAFT 1.18... - Creative Squad II 1 [ESE7DtARxqI]
⏱️ Segmento/Index: 2
──────────────────────────────────────────────────
Fala transcrita:
""Eu sou o seu! Nossa senhora! Eu queria deixar bem claro que quem eu tirei aqui, eu não vou pegar a Eve não, beleza? Não vai ser trollar demais! Eu também não vou pegar a Eve não! E agora sim, começou oficialmente a Criativo Squad 2, vambora! Tá, mano, olha só, deixa eu dar uma olhada aqui, vocês não podem saber quem que eu vou trollar mais... Caraca, velho! Eu não vou pegar a Eve com essa pessoa, mano! Que loucura, vai ser demais isso! Agora eu tenho que achar uma forma de quem mais esse papel, jogar fora, pra nem vocês e nem ninguém pegar esse papel de mim, né? Porque senão eles vão descobrir quem é o meu trollagem secreto, mano! Geleia! Opa! Calma aí que eu tô alto aqui, velho! Toma cuidado, mano, que essa montanha é alta! Mano, você viu essas montanhas de 1.18, velho?""",Avaliador_B,Avaliador_E
3,"Além das skins também tem mapas exclusivos na loja tá, tem uns mapas muito daoras, com coisas incríveis, tipo com os add-ons tem carro, tem avião, tem de tudo mano, na moral eu penso muito em começar uma série num mapa desses, porque é muito legal, só que como sempre tem que comprar né mano, porque é uma gente que tem que ganhar dinheiro né. Aqui também tem animações exclusivas ao abrir e fechar interfaces, como o inventário do personagem, interfaces de villagers, o menu do jogo, fornalha, enfim mano, tudo isso tem uma animaçãozinha enquanto no Java você só abre e fecha e não tem animação tá ligado. Ao pescar no bioma de selva ou variantes dele, você nunca vai conseguir peixe tropical ou baiacu, você pode pescar qualquer coisa, mas peixe tropical e baiacu é impossível de conseguir na selva, eu não entendo porque, na verdade é peixe tropical porque é tropical e baiacu eu não sei mano, não entendo de peixe né, não sou pescador.",0.0180422496050596,0.0836922973394393,0.8982654213905334,POS,0.0030119912698864,0.0054520303383469,0.0429763942956924,0.0062696142122149,0.0370397344231605,0.0021859984844923,0.0012131239054724,0.055274166,Geleia,Minecraft,20 COISAS EXCLUSIVAS do MCPE Minecraft Bedrock XBOX PS4 - Parte 2 [OIm6tr3Noiw],,NT,NT,NT,"🎬 Canal: Geleia | 🎥 Vídeo: 20 COISAS EXCLUSIVAS do MCPE Minecraft Bedrock XBOX PS4 - Parte 2 [OIm6tr3Noiw]
⏱️ Segmento/Index: 3
──────────────────────────────────────────────────
Fala transcrita:
""Além das skins também tem mapas exclusivos na loja tá, tem uns mapas muito daoras, com coisas incríveis, tipo com os add-ons tem carro, tem avião, tem de tudo mano, na moral eu penso muito em começar uma série num mapa desses, porque é muito legal, só que como sempre tem que comprar né mano, porque é uma gente que tem que ganhar dinheiro né. Aqui também tem animações exclusivas ao abrir e fechar interfaces, como o inventário do personagem, interfaces de villagers, o menu do jogo, fornalha, enfim mano, tudo isso tem uma animaçãozinha enquanto no Java você só abre e fecha e não tem animação tá ligado. Ao pescar no bioma de selva ou variantes dele, você nunca vai conseguir peixe tropical ou baiacu, você pode pescar qualquer coisa, mas peixe tropical e baiacu é impossível de conseguir na selva, eu não entendo porque, na verdade é peixe tropical porque é tropical e baiacu eu não sei mano, não entendo de peixe né, não sou pescador.""",Avaliador_B,Avaliador_E
16,"Ô Atus, eu tô preso aqui Eu fui explodindo por um desses seus Creepers Ah, pelo menos eles se vingaram Mas me tira daqui agora Eu não tenho como te tirar daí, Cadres Ah, mas eu tenho Eu tenho uma picareta aqui, eu vou ficar livre Então quebra Ah, você vai ver, eu vou descer aí Vou te pegar isso daqui, tá muito alto Ah não, se eu pular aqui, eu não vou sobreviver Vem, Cadres, pode pular, eu vou colocar água Confia Tá bom, coloca então, eu vou pular Aí, coloquei Vem, Cadres 3, 2, 1, pulei, Atus, tô indo Ah não, agora tirei água Tirei água Morreu Atus, que raiva de você, você fez eu morrer O Cadres foi trollado mais uma vez Agora o Cadres tá com muita raiva de mim Ele tá me procurando Atus, em cá, eu vou me vingar, você vai ver Olha só, eu tô escondido aqui em cima da montanha E o Cadres não tá me vendo Ele tá lá embaixo só me procurando na vila Já que o Cadres tá correndo atrás de mim Eu vou diminuir o tamanho dele Nós vamos deixar o Cadres muito pequeno Aí ele vai correr muito mais devagar Vamos usar esse comando aqui E deve funcionar O que aconteceu comigo?",0.1400331109762191,0.7101398706436157,0.1498270183801651,NEU,0.6293512582778931,0.0133322216570377,0.0523442551493644,0.0062869521789252,0.048553816974163,0.0190065242350101,0.0101553155109286,0.20126031,Athos,Minecraft,21 Jeitos de Enganar seu Amigo no Minecraft [w52I8wpuwfY],,GZ,GZ,GZ,"🎬 Canal: Athos | 🎥 Vídeo: 21 Jeitos de Enganar seu Amigo no Minecraft [w52I8wpuwfY]
⏱️ Segmento/Index: 16
──────────────────────────────────────────────────
Fala transcrita:
""Ô Atus, eu tô preso aqui Eu fui explodindo por um desses seus Creepers Ah, pelo menos eles se vingaram Mas me tira daqui agora Eu não tenho como te tirar daí, Cadres Ah, mas eu tenho Eu tenho uma picareta aqui, eu vou ficar livre Então quebra Ah, você vai ver, eu vou descer aí Vou te pegar isso daqui, tá muito alto Ah não, se eu pular aqui, eu não vou sobreviver Vem, Cadres, pode pular, eu vou colocar água Confia Tá bom, coloca então, eu vou pular Aí, coloquei Vem, Cadres 3, 2, 1, pulei, Atus, tô indo Ah não, agora tirei água Tirei água Morreu Atus, que raiva de você, você fez eu morrer O Cadres foi trollado mais uma vez Agora o Cadres tá com muita raiva de mim Ele tá me procurando Atus, em cá, eu vou me vingar, você vai ver Olha só, eu tô escondido aqui em cima da montanha E o Cadres não tá me vendo Ele tá lá embaixo só me procurando na vila Já que o Cadres tá correndo atrás de mim Eu vou diminuir o tamanho dele Nós vamos deixar o Cadres muito pequeno Aí ele vai correr muito mais devagar Vamos usar esse comando aqui E deve funcionar O que aconteceu comigo?""",Avaliador_B,Avaliador_E
20,"Cadê meu portal, véi? Cadê meu portal? Eu quero ir embora, porque agora, eu acho que chegou a grandiosa hora de fazer a TNT, TNT, TNT, TNT, TNT, né, véi? Pegar mais um pouco aqui... Está aqui o portal, mano! Vamos entrar no portal, que lá eu quero descobrir se a TNT 20 níveis ali, explode obsidian. Vamos lá, já quero ver se ela quebra obsidian, ó! E quero ver se ela me dá dano também, véi! Vou ficar com o meu parado aqui... Não, não dá dano, mas ela joga pra baixo e sim! Ela quebra obsidian, cara! Que doideira! Mas, mano, agora, véi, vamos fazer o seguinte, eu vou tentar juntar um pouquinho mais de pó, um pouquinho mais de TNT, pra fazer algumas e ir lá dizimar aquela mansão e essa vila aqui, mano! Beleza, gente! Acho que chegou a grande hora, eu tô com 6 picaretas TNT aqui e tô com... muitas TNT, TNT, TNT! Primeiro eu vou utilizar nessa vila algumas TNT de picareta, né?",0.0727816373109817,0.835706353187561,0.0915120765566825,NEU,0.4582808315753937,0.0079381288960576,0.0555928982794284,0.0069111650809645,0.0429478958249092,0.0086874272674322,0.0167791545391082,0.35186127,Geleia,Minecraft,minecraft mas tnt tnt tnt tnt tnt tnt tnt tnt tnt tnt tnt tnt tnt tnt tnt tnt tnt tnt tnt tnt tnt [zjhPDkxzZGE],,GZ,GZ,GZ,"🎬 Canal: Geleia | 🎥 Vídeo: minecraft mas tnt tnt tnt tnt tnt tnt tnt tnt tnt tnt tnt tnt tnt tnt tnt tnt tnt tnt tnt tnt tnt [zjhPDkxzZGE]
⏱️ Segmento/Index: 20
──────────────────────────────────────────────────
Fala transcrita:
""Cadê meu portal, véi? Cadê meu portal? Eu quero ir embora, porque agora, eu acho que chegou a grandiosa hora de fazer a TNT, TNT, TNT, TNT, TNT, né, véi? Pegar mais um pouco aqui... Está aqui o portal, mano! Vamos entrar no portal, que lá eu quero descobrir se a TNT 20 níveis ali, explode obsidian. Vamos lá, já quero ver se ela quebra obsidian, ó! E quero ver se ela me dá dano também, véi! Vou ficar com o meu parado aqui... Não, não dá dano, mas ela joga pra baixo e sim! Ela quebra obsidian, cara! Que doideira! Mas, mano, agora, véi, vamos fazer o seguinte, eu vou tentar juntar um pouquinho mais de pó, um pouquinho mais de TNT, pra fazer algumas e ir lá dizimar aquela mansão e essa vila aqui, mano! Beleza, gente! Acho que chegou a grande hora, eu tô com 6 picaretas TNT aqui e tô com... muitas TNT, TNT, TNT! Primeiro eu vou utilizar nessa vila algumas TNT de picareta, né?""",Avaliador_B,Avaliador_E
6,"Eu preciso mandar você embora! Oh, não! Ela tá sendo teletransportada, pessoal! Para outro lugar! E a gente também vai ser... A gente veio para um outro lugar muito feio, que não é o céu! Uh! Não dá! Não dá para continuar a história! Continuem! Chegou aqui no lugar do mal! E bem-vinda, Peppa Pig! É agora que você vai virar a Pig! Você vai virar a malvada! Não! Mas você é muito feia também, Peppa! Você é muito feia! Eu não sei o que fazer com você! Ah! Eu vou te levar para o calabouço! Você vai ficar na prisão porque você é muito feia! Gente, a Peppa não é feia! Ela é muito bonita, felanceiro! Ela é muito bonita! Vamos salvar a Peppa da prisão! Por favor! Ela é muito bonita! Ela não pode! Ela é minha amiga! Peppa, eu sou a sua versão no mal! Eu sou a Pig! Mas você é a Peppa lindíssima!",0.961825668811798,0.028950098901987,0.009224179200828,NEG,0.9119893908500672,0.0081469221040606,0.0821015238761901,0.0059817810542881,0.081891119480133,0.0138183226808905,0.0113069349899888,0.62136006,Papile,Roblox,PIGGY CONHECE A PEPPA PIG NO ROBLOX SUPER ENCONTRO [hoWa5ufysK4],,T,T,T,"🎬 Canal: Papile | 🎥 Vídeo: PIGGY CONHECE A PEPPA PIG NO ROBLOX SUPER ENCONTRO [hoWa5ufysK4]
⏱️ Segmento/Index: 6
──────────────────────────────────────────────────
Fala transcrita:
""Eu preciso mandar você embora! Oh, não! Ela tá sendo teletransportada, pessoal! Para outro lugar! E a gente também vai ser... A gente veio para um outro lugar muito feio, que não é o céu! Uh! Não dá! Não dá para continuar a história! Continuem! Chegou aqui no lugar do mal! E bem-vinda, Peppa Pig! É agora que você vai virar a Pig! Você vai virar a malvada! Não! Mas você é muito feia também, Peppa! Você é muito feia! Eu não sei o que fazer com você! Ah! Eu vou te levar para o calabouço! Você vai ficar na prisão porque você é muito feia! Gente, a Peppa não é feia! Ela é muito bonita, felanceiro! Ela é muito bonita! Vamos salvar a Peppa da prisão! Por favor! Ela é muito bonita! Ela não pode! Ela é minha amiga! Peppa, eu sou a sua versão no mal! Eu sou a Pig! Mas você é a Peppa lindíssima!""",Avaliador_B,Avaliador_E
32,"ok vem comigo, Cauê, devagar também você vai ao longe, velho ó, opa, um baúzinho peguei corda, caraca, to bastante corda agora vai, Cacá, desce aí ó, um negocinho fortinho aqui tocha, nossa, aonde a gente chegou poxa, a gente tá ali do lado, velho a gente já tinha conseguido chegar aqui perto ó, Cacá, tem um minério aqui desse lado, velho aqui, ó, deixa eu colocar uma tocha aqui pra dar uma iluminada aqui eu tô tentando entrar, a gente vai quebrar, tá ali? mano, eu vou tirar esse meu baldezinho da cabeça aqui, ele tá muito estranho posicionado aqui, velho defendo vocês, só um guerreiro nossa, vou dar a espada do Spock, velho, é muito forte vai, Cauêzinho, vai cá buscando aí pra frente que eu vou colocando tocha, velho tem slime remanelho ali, hein ó, eu vou colocar uma corda aqui pra gente dar um fora daqui, fechou? vem, galera ó, olha que dá hora, olha que dá hora, olha a cordinha iiiiiiihuuu só pular nela, Pock, e fica mais fácil aí, ó nossa, caraca, o Cauê achou muito minério boa, Cacá calma, calma, vamos levar isso tudo pra casa, velho nossa, mano, tem muito minério cara, a gente só tá encontrando estanho aqui no mundo Pock, a sua espada é de estanho, é de estanho mano, estanho tá encontrando pra caramba no mundo ó, vem aqui eu já tô aqui em cima, eu vou voltar lá pra casa, fechou?",0.0595883019268512,0.8488113880157471,0.0916002765297889,NEU,0.2263616621494293,0.0034610675647854,0.0460183024406433,0.0022665036376565,0.0413219518959522,0.0058414032682776,0.0089709646999835,0.36095104,AuthenticGames,Minecraft,UMA AVENTURA no TERRARIA com MEUS AMIGOS - FILME [JO9Jyd8YuCI],,GZ,GZ,GZ,"🎬 Canal: AuthenticGames | 🎥 Vídeo: UMA AVENTURA no TERRARIA com MEUS AMIGOS - FILME [JO9Jyd8YuCI]
⏱️ Segmento/Index: 32
──────────────────────────────────────────────────
Fala transcrita:
""ok vem comigo, Cauê, devagar também você vai ao longe, velho ó, opa, um baúzinho peguei corda, caraca, to bastante corda agora vai, Cacá, desce aí ó, um negocinho fortinho aqui tocha, nossa, aonde a gente chegou poxa, a gente tá ali do lado, velho a gente já tinha conseguido chegar aqui perto ó, Cacá, tem um minério aqui desse lado, velho aqui, ó, deixa eu colocar uma tocha aqui pra dar uma iluminada aqui eu tô tentando entrar, a gente vai quebrar, tá ali? mano, eu vou tirar esse meu baldezinho da cabeça aqui, ele tá muito estranho posicionado aqui, velho defendo vocês, só um guerreiro nossa, vou dar a espada do Spock, velho, é muito forte vai, Cauêzinho, vai cá buscando aí pra frente que eu vou colocando tocha, velho tem slime remanelho ali, hein ó, eu vou colocar uma corda aqui pra gente dar um fora daqui, fechou? vem, galera ó, olha que dá hora, olha que dá hora, olha a cordinha iiiiiiihuuu só pular nela, Pock, e fica mais fácil aí, ó nossa, caraca, o Cauê achou muito minério boa, Cacá calma, calma, vamos levar isso tudo pra casa, velho nossa, mano, tem muito minério cara, a gente só tá encontrando estanho aqui no mundo Pock, a sua espada é de estanho, é de estanho mano, estanho tá encontrando pra caramba no mundo ó, vem aqui eu já tô aqui em cima, eu vou voltar lá pra casa, fechou?""",Avaliador_B,Avaliador_E
18,dragão mano em bafo ali em cima será que eu consigo pegar estamos aqui mano estamos com bafo do dragão agora a gente coloca isso aqui isso aqui e a gente faz o pulo e que isso caraca que loucura bicho mano essa arma que o dragão dá vei o gg na aqui um pouco o pulo do dragão é bem um pulo ele dá uma arma muito maluca nossa calma no dragão esse que dá muito dano é difícil acertar ele aparentemente mas vamos esperar não vamos esperar tá pelo que eu vi eu consigo tirar isso aqui mano tá isso é bom isso é bom não precisa ficar usando eu quero tentar destruir os outros cristais olha só vou subir um pelar aqui olha só isso aqui mano que sensacional vei o pulo do dragão é o melhor de todos ele remessa uma tnt muito doida estou aqui muito alto já em qualquer lugar que eu atirar ela dá dano do dragão mano que negócio mais maluco,0.0932629331946373,0.3422667682170868,0.5644702911376953,POS,0.9441587924957277,0.0187866669148206,0.0833495333790779,0.0115296486765146,0.0766177773475647,0.0144160566851496,0.0495856069028377,0.4575469,Geleia,Minecraft,nova atualização dos pulos do minecraft [Q42kFTt0jyw],,T,T,T,"🎬 Canal: Geleia | 🎥 Vídeo: nova atualização dos pulos do minecraft [Q42kFTt0jyw]
⏱️ Segmento/Index: 18
──────────────────────────────────────────────────
Fala transcrita:
""dragão mano em bafo ali em cima será que eu consigo pegar estamos aqui mano estamos com bafo do dragão agora a gente coloca isso aqui isso aqui e a gente faz o pulo e que isso caraca que loucura bicho mano essa arma que o dragão dá vei o gg na aqui um pouco o pulo do dragão é bem um pulo ele dá uma arma muito maluca nossa calma no dragão esse que dá muito dano é difícil acertar ele aparentemente mas vamos esperar não vamos esperar tá pelo que eu vi eu consigo tirar isso aqui mano tá isso é bom isso é bom não precisa ficar usando eu quero tentar destruir os outros cristais olha só vou subir um pelar aqui olha só isso aqui mano que sensacional vei o pulo do dragão é o melhor de todos ele remessa uma tnt muito doida estou aqui muito alto já em qualquer lugar que eu atirar ela dá dano do dragão mano que negócio mais maluco""",Avaliador_B,Avaliador_E
2,"Morre Tchê Que palavra aquele Meu Deus, daí reinicia mami, vê ai se reinicia É, eles mandam 10 tapas Lulu Ai então não reinicia né gente Vai Lulu, como você é? Eu to com 18 Ai meu Deus do céu Meu Deus do céu mami Nossa o Miguelinho, você viu que tem um Miguelinho que ele solta alguma coisa assim? Pois é, o tapa dele é super sonico É, o que é isso mami? Tem que pegar esses docinhos, é melancia sei lá Cuidado que se ele te dar um tapa ai você volta para fora Ai meu Deus Mas mami você pode voltar Pode Então vou voltar Lulu Então volta Ai meu Deus Mas então você não morre Será? Acabou E agora? Eu também aconteceu isso Lulu, com 24 tapinhas você?",0.5228872299194336,0.3120259642601013,0.1650867909193039,NEG,0.7551634907722473,0.0098932795226573,0.0586325339972972,0.0066865389235317,0.0368882901966571,0.0212056264281272,0.0130886901170015,0.295883,Luluca Games,Roblox,BATALHA DE TAPAS NO ROBLOX Slap Battles [e7WnQUrJ4vc],0.5228877663612366,GZ,GZ,GZ,"🎬 Canal: Luluca Games | 🎥 Vídeo: BATALHA DE TAPAS NO ROBLOX Slap Battles [e7WnQUrJ4vc]
⏱️ Segmento/Index: 2
──────────────────────────────────────────────────
Fala transcrita:
""Morre Tchê Que palavra aquele Meu Deus, daí reinicia mami, vê ai se reinicia É, eles mandam 10 tapas Lulu Ai então não reinicia né gente Vai Lulu, como você é? Eu to com 18 Ai meu Deus do céu Meu Deus do céu mami Nossa o Miguelinho, você viu que tem um Miguelinho que ele solta alguma coisa assim? Pois é, o tapa dele é super sonico É, o que é isso mami? Tem que pegar esses docinhos, é melancia sei lá Cuidado que se ele te dar um tapa ai você volta para fora Ai meu Deus Mas mami você pode voltar Pode Então vou voltar Lulu Então volta Ai meu Deus Mas então você não morre Será? Acabou E agora? Eu também aconteceu isso Lulu, com 24 tapinhas você?""",Avaliador_B,Avaliador_E
57,"É a minha chance de colocar a cama e explodir ela. Olha o tanto de vida que ele perdeu! Mas olha a minha chance, ele desceu de novo. Venha aqui, cama! Nossa, quase que é o meu fim. Melhor eu vim aqui rápido e colocar mais uma cama. Você deve estar vindo. Não, de novo, de novo, Underpill! Nossa, essa foi por muito pouco. Que sorte que eu consegui pegar Underpill no meu inventário. Aí ele está descendo de novo. É a minha chance, venha aqui. Agora coloca a cama, não! A cama bugou, agora sim! Aí, boa! Consegui derrotar ele. E agora eu consegui um Morph! Deixa eu pegar e me transformar no Underdragão correndo. O Atus já deve estar vindo. E aí, é melhor eu esconder esse ovo aqui também. Senão o Atus vai descobrir tudo. Espera, mas aqui tem terra. Isso quer dizer que o Caduceus já passou por aqui, sim. Ele já chegou. Será que ele já matou o dragão? A barra do dragão não está aparecendo aqui em cima. Vamos ver. Ah, o dragão está ali. Menos mal, e ainda tem alguns cristais. Provavelmente o Cadres veio matar o dragão e morreu para ele. Aí, agora eu estou pronto para encontrar o Atus.",0.1033135056495666,0.680774986743927,0.2159114927053451,NEU,0.3066756725311279,0.0020810132846236,0.0251510702073574,0.0015492183156311,0.0140146920457482,0.0412912182509899,0.0087910629808902,0.36095104,Cadres,Minecraft,24 Horas Trolando o meu Amigo no Minecraft - O FILME [UJJnyYK5qvI],,GZ,GZ,GZ,"🎬 Canal: Cadres | 🎥 Vídeo: 24 Horas Trolando o meu Amigo no Minecraft - O FILME [UJJnyYK5qvI]
⏱️ Segmento/Index: 57
──────────────────────────────────────────────────
Fala transcrita:
""É a minha chance de colocar a cama e explodir ela. Olha o tanto de vida que ele perdeu! Mas olha a minha chance, ele desceu de novo. Venha aqui, cama! Nossa, quase que é o meu fim. Melhor eu vim aqui rápido e colocar mais uma cama. Você deve estar vindo. Não, de novo, de novo, Underpill! Nossa, essa foi por muito pouco. Que sorte que eu consegui pegar Underpill no meu inventário. Aí ele está descendo de novo. É a minha chance, venha aqui. Agora coloca a cama, não! A cama bugou, agora sim! Aí, boa! Consegui derrotar ele. E agora eu consegui um Morph! Deixa eu pegar e me transformar no Underdragão correndo. O Atus já deve estar vindo. E aí, é melhor eu esconder esse ovo aqui também. Senão o Atus vai descobrir tudo. Espera, mas aqui tem terra. Isso quer dizer que o Caduceus já passou por aqui, sim. Ele já chegou. Será que ele já matou o dragão? A barra do dragão não está aparecendo aqui em cima. Vamos ver. Ah, o dragão está ali. Menos mal, e ainda tem alguns cristais. Provavelmente o Cadres veio matar o dragão e morreu para ele. Aí, agora eu estou pronto para encontrar o Atus.""",Avaliador_B,Avaliador_E
22,"até baixei aqui um pouquinho o volume, velho aí, boa nossa, eu te matei, rimarão, foi sem querer a galera tá falando que o rimarão sumiu, velho uai, galera rimarão, mas você tá aqui com a gente, velho só um minuto peraí, mano INSCREVA-SE NO CANAL E aí E aí E aí E aí E aí E aí E aí E aí E aí E aí e aí E aí E aí Volta meu áudio, volta meu áudio aí, porque eu só quero saber de uma coisa. Quando o meu café vai ficar pronto, mano, só preciso saber... Ô, Rimarão, tá aí, velho? Rimaro? Alô, alô, Rimaro? Rimaro, você tá aí, velho? Eu tô vendo que o Rimaro não tá aqui sempre. Putz. O Rimarão... Acho que, mano... Galera, o Rimaro caiu da live, Fih. O Rimaro largou a gente, tá louco. Ô, Rimarão, volta aí, Fih! Volta pra cá! Ah! Ah! Pelo menos a gente conseguiu já, galera. A gente deu... Ô, mano, eu tô te ouvindo. Parece que tá vivo ainda, Fih. Ele tá mandando assim... Ufa, que cansaço! Meu Deus, aí. Ai, meu... Ai, socorro. Socorro, velho. Ah! Nossa. Alô? Aí, Rimarão, tá vivo? Cadê o Rimaro, mano? Galera, você tá doido, velho. O Rimaro largou a gente aqui.",0.2023251354694366,0.673369824886322,0.1243050545454025,NEU,0.8521982431411743,0.006138171069324,0.0397274605929851,0.0058396812528371,0.1004214137792587,0.0167487934231758,0.010371396318078,0.42349213,AuthenticGames,Minecraft,AUTHENTICGAMES VIROU o BEN 10 no MINECRAFT - Livestream [38hilB0RKrU],,T,T,T,"🎬 Canal: AuthenticGames | 🎥 Vídeo: AUTHENTICGAMES VIROU o BEN 10 no MINECRAFT - Livestream [38hilB0RKrU]
⏱️ Segmento/Index: 22
──────────────────────────────────────────────────
Fala transcrita:
""até baixei aqui um pouquinho o volume, velho aí, boa nossa, eu te matei, rimarão, foi sem querer a galera tá falando que o rimarão sumiu, velho uai, galera rimarão, mas você tá aqui com a gente, velho só um minuto peraí, mano INSCREVA-SE NO CANAL E aí E aí E aí E aí E aí E aí E aí E aí E aí E aí e aí E aí E aí Volta meu áudio, volta meu áudio aí, porque eu só quero saber de uma coisa. Quando o meu café vai ficar pronto, mano, só preciso saber... Ô, Rimarão, tá aí, velho? Rimaro? Alô, alô, Rimaro? Rimaro, você tá aí, velho? Eu tô vendo que o Rimaro não tá aqui sempre. Putz. O Rimarão... Acho que, mano... Galera, o Rimaro caiu da live, Fih. O Rimaro largou a gente, tá louco. Ô, Rimarão, volta aí, Fih! Volta pra cá! Ah! Ah! Pelo menos a gente conseguiu já, galera. A gente deu... Ô, mano, eu tô te ouvindo. Parece que tá vivo ainda, Fih. Ele tá mandando assim... Ufa, que cansaço! Meu Deus, aí. Ai, meu... Ai, socorro. Socorro, velho. Ah! Nossa. Alô? Aí, Rimarão, tá vivo? Cadê o Rimaro, mano? Galera, você tá doido, velho. O Rimaro largou a gente aqui.""",Avaliador_B,Avaliador_E
15,"Agora eu tenho dois gatos! Os aldeões estão dormindo. E acho melhor eu dormir também, porque se não vai ter um ataque zumbi aqui na vila. Seu maldito! Malditão! Para de atacar esse aldeo! Nossa! Toma isso! Tive que salvar ali o aldeão. Cadê os gatos? Cadê os gatos? Ai caraca. É melhor dormir. A minha cama ficou lá! Cadê os meus gatos? Cadê a faísca? Era pra aparecer junto comigo. Nossa! Desse jeito eu vou morrer durante a noite. Assim não vou conseguir. Não vou conseguir sobreviver. Tô preocupado com os meus gatos. Eles ficaram na vila. Mas era pros gatos ficarem comigo. Eu não deixei nenhum deles sentados. Gatinho só fica longe quando deixa sentado. Ai ele para de seguir. Ah! Olha eles aí! Apareceram! Agora eu vou dormir. Porque eu não quero que essa vila seja destruída. Sai da minha cama! Sai pra lá! Essa cama é minha! Agora sim! Durante o dia vai ser bem melhor.",0.9512532949447632,0.0278778932988643,0.0208688173443079,NEG,0.938743770122528,0.0132046611979603,0.8791120648384094,0.0053774523548781,0.128358706831932,0.0109132397919893,0.0100262938067317,0.54823303,Robin Hood Gamer,Minecraft,Minecraft mas a cada minuto você mudará de lugar... [G13Gryk4350],,T,T,T,"🎬 Canal: Robin Hood Gamer | 🎥 Vídeo: Minecraft mas a cada minuto você mudará de lugar... [G13Gryk4350]
⏱️ Segmento/Index: 15
──────────────────────────────────────────────────
Fala transcrita:
""Agora eu tenho dois gatos! Os aldeões estão dormindo. E acho melhor eu dormir também, porque se não vai ter um ataque zumbi aqui na vila. Seu maldito! Malditão! Para de atacar esse aldeo! Nossa! Toma isso! Tive que salvar ali o aldeão. Cadê os gatos? Cadê os gatos? Ai caraca. É melhor dormir. A minha cama ficou lá! Cadê os meus gatos? Cadê a faísca? Era pra aparecer junto comigo. Nossa! Desse jeito eu vou morrer durante a noite. Assim não vou conseguir. Não vou conseguir sobreviver. Tô preocupado com os meus gatos. Eles ficaram na vila. Mas era pros gatos ficarem comigo. Eu não deixei nenhum deles sentados. Gatinho só fica longe quando deixa sentado. Ai ele para de seguir. Ah! Olha eles aí! Apareceram! Agora eu vou dormir. Porque eu não quero que essa vila seja destruída. Sai da minha cama! Sai pra lá! Essa cama é minha! Agora sim! Durante o dia vai ser bem melhor.""",Avaliador_B,Avaliador_E
29,"Consegui, Atus! Achei! O quê? Achei os seus diamantes e a sua base secreta Eu vencei! Ah, aquela casa foi só pra me trollar É óbvio, né, Atus? Lá dentro não tinha nada Na verdade, o esconderijo tava aqui do lado Era só você vinha andando Olha o baú aqui, ó Tá cheio de terra dentro É o baú certo! Ah não, não acredito nisso! Ainda bem que o Atus é bobão e eu consegui vencer ele Bobão é você! Volta aqui! Volta aqui! Ai, fode!",0.1770592927932739,0.6026282906532288,0.2203124165534973,NEU,0.9816640615463256,0.0141187822446227,0.0810896828770637,0.0075865630060434,0.0758199170231819,0.0056772730313241,0.0560891069471836,0.5921536,Cadres,Minecraft,CASA SEGURA de R1 vs R1.000.00000 no minecraft [F3MP_yS_1SM],,T,T,T,"🎬 Canal: Cadres | 🎥 Vídeo: CASA SEGURA de R1 vs R1.000.00000 no minecraft [F3MP_yS_1SM]
⏱️ Segmento/Index: 29
──────────────────────────────────────────────────
Fala transcrita:
""Consegui, Atus! Achei! O quê? Achei os seus diamantes e a sua base secreta Eu vencei! Ah, aquela casa foi só pra me trollar É óbvio, né, Atus? Lá dentro não tinha nada Na verdade, o esconderijo tava aqui do lado Era só você vinha andando Olha o baú aqui, ó Tá cheio de terra dentro É o baú certo! Ah não, não acredito nisso! Ainda bem que o Atus é bobão e eu consegui vencer ele Bobão é você! Volta aqui! Volta aqui! Ai, fode!""",Avaliador_B,Avaliador_E
11,"Vamos treinar o cavalo. Aí ele fica andando em círculos, em círculos. Tá, vamos! Olha, o cavalinho vai ficando andando em círculos. Anda em círculos o cavalinho. Assim? É, aí ele fica andando em círculos. É porque o cavalinho, é porque quando o cavalinho não tá treinado, ele não consegue andar direito. Aí fica difícil, né? Olha, agora ele aumentou de nível. Aumentou. Também aumentou. É, aumentou, aumentou. Gente, mas agora ele tá com fome. Fome. Como é que tá com fome? Tadinho. Lá, diz ele que eu tenho. O que você tem, amantinha? Aqui. Cadê? Aqui. Que isso? É um peixe, amante? Um peixe?",0.7921345829963684,0.1796600073575973,0.0282054655253887,NEG,0.0136605994775891,0.0001692859368631,0.0111307902261614,0.0002336937759537,0.0038400038611143,0.0002091080677928,0.0015283011598512,0.17285149,Lokis,Roblox,CAVALO DO LOKIS  Roblox - Horse Valley [Iey1gNSA7cc],,NT,NT,NT,"🎬 Canal: Lokis | 🎥 Vídeo: CAVALO DO LOKIS  Roblox - Horse Valley [Iey1gNSA7cc]
⏱️ Segmento/Index: 11
──────────────────────────────────────────────────
Fala transcrita:
""Vamos treinar o cavalo. Aí ele fica andando em círculos, em círculos. Tá, vamos! Olha, o cavalinho vai ficando andando em círculos. Anda em círculos o cavalinho. Assim? É, aí ele fica andando em círculos. É porque o cavalinho, é porque quando o cavalinho não tá treinado, ele não consegue andar direito. Aí fica difícil, né? Olha, agora ele aumentou de nível. Aumentou. Também aumentou. É, aumentou, aumentou. Gente, mas agora ele tá com fome. Fome. Como é que tá com fome? Tadinho. Lá, diz ele que eu tenho. O que você tem, amantinha? Aqui. Cadê? Aqui. Que isso? É um peixe, amante? Um peixe?""",Avaliador_B,Avaliador_E
13,"Olha, meu Deus, derrubou a menina zumbi! Ai, sai, Sofia, sai! Eu sou uma zumbi! Eu vou virar zumbizinho também no laquinho. Joga, joga, joga, joga, joga o arzinho de zumbizinho. Vira o zumbizinho. Mica, a mandinha. Não, não! Olha a minha cabeça, a gente tá mexendo muito! Fica rolando, ha, ha, ha, ha, ha, ha! Ai, tá rolando muito o meu cabeçal, gente! Ai, tá rolando muito! Nossa mãe! Eu vou ficar tontinho. Vamos nessa máquina! Vai, Mica, sua vez nessa máquina, vai. Vai, pá, pá, pá, pá! Essa é a máquina aumenta a cabeça. Ficou o cabeço gigante! Essa é a cabeça, a cabeça de ficar com cabeção, né? Cabeção. Aí, gostei, gostei, foi legal, né? Legal, né? É! Vamos nessa aqui, agora essa aqui? Ih, legal! É o liquidificador, rapaz! É o liquidificador! Ai, tô preso!",0.2557813227176666,0.5922734141349792,0.1519452184438705,NEU,0.3364222645759582,0.0013838459271937,0.0291003752499818,0.002467252779752,0.0523613579571247,0.0061730425804853,0.0124564561992883,0.37751234,Lokis,Roblox,MÁQUINA MALUCA DE AMASSAR  Roblox - Squish [0h8dUvuk1i0],,GZ,GZ,GZ,"🎬 Canal: Lokis | 🎥 Vídeo: MÁQUINA MALUCA DE AMASSAR  Roblox - Squish [0h8dUvuk1i0]
⏱️ Segmento/Index: 13
──────────────────────────────────────────────────
Fala transcrita:
""Olha, meu Deus, derrubou a menina zumbi! Ai, sai, Sofia, sai! Eu sou uma zumbi! Eu vou virar zumbizinho também no laquinho. Joga, joga, joga, joga, joga o arzinho de zumbizinho. Vira o zumbizinho. Mica, a mandinha. Não, não! Olha a minha cabeça, a gente tá mexendo muito! Fica rolando, ha, ha, ha, ha, ha, ha! Ai, tá rolando muito o meu cabeçal, gente! Ai, tá rolando muito! Nossa mãe! Eu vou ficar tontinho. Vamos nessa máquina! Vai, Mica, sua vez nessa máquina, vai. Vai, pá, pá, pá, pá! Essa é a máquina aumenta a cabeça. Ficou o cabeço gigante! Essa é a cabeça, a cabeça de ficar com cabeção, né? Cabeção. Aí, gostei, gostei, foi legal, né? Legal, né? É! Vamos nessa aqui, agora essa aqui? Ih, legal! É o liquidificador, rapaz! É o liquidificador! Ai, tô preso!""",Avaliador_B,Avaliador_E
5,"Eu já deixei um joinha e me inscrevi no canal e eu sou lindo. Ou linda, né? Então, beleza, já tem essa informação mega passada aqui, Pacão. Descobri que os meus inscritos são lindos, aí. Eu já tinha certeza. É, putz. Eu acho que eu tava com delay a minha informação. Paco, onde que é o nosso vestiário? Aqui é o meu quarto. Onde? Aqui, ó. Eita, pai! Nossa, mano! Vai brincando. Olha aqui meus tenezinhos, se bem que eu sou descalço, né? Nossa, Pacão, você fica com o pé barrindo porque você quer, né, velho? Exatamente. Eu tô querendo ir no vestiário porque eu não sinto que essa nossa roupa é uma roupa muito de espião, né, velho? Fica meio, sei lá. A gente precisa de uma roupa, galera, que seja mais característica da série. Tipo, o meu óculos, ele deu esse pano, né, velho? Porque é um óculos de espião, não sei a gente, né, mano? Mas o tchan, tchan, tchan não foi, Pacão. O seu quarto deve ser em cima. Não, meu quarto é aqui, ó. Uhul! Pula na cama! Pula! Cara, meu quarto tá... Você vê que em todo lugar tem um telefone para eu atender e falar assim...",0.040640577673912,0.1894792020320892,0.7698802947998047,POS,0.2362208813428878,0.0032603647559881,0.0420004241168499,0.0056692063808441,0.0414608530700206,0.0024423946160823,0.017774386331439,0.36456755,AuthenticGames,Minecraft,AGENTE SECRETO AUTHENTICGAMES  - Minecraft Espiões Vs Espiões 01 [L_o0RVfVNjM],,GZ,GZ,GZ,"🎬 Canal: AuthenticGames | 🎥 Vídeo: AGENTE SECRETO AUTHENTICGAMES  - Minecraft Espiões Vs Espiões 01 [L_o0RVfVNjM]
⏱️ Segmento/Index: 5
──────────────────────────────────────────────────
Fala transcrita:
""Eu já deixei um joinha e me inscrevi no canal e eu sou lindo. Ou linda, né? Então, beleza, já tem essa informação mega passada aqui, Pacão. Descobri que os meus inscritos são lindos, aí. Eu já tinha certeza. É, putz. Eu acho que eu tava com delay a minha informação. Paco, onde que é o nosso vestiário? Aqui é o meu quarto. Onde? Aqui, ó. Eita, pai! Nossa, mano! Vai brincando. Olha aqui meus tenezinhos, se bem que eu sou descalço, né? Nossa, Pacão, você fica com o pé barrindo porque você quer, né, velho? Exatamente. Eu tô querendo ir no vestiário porque eu não sinto que essa nossa roupa é uma roupa muito de espião, né, velho? Fica meio, sei lá. A gente precisa de uma roupa, galera, que seja mais característica da série. Tipo, o meu óculos, ele deu esse pano, né, velho? Porque é um óculos de espião, não sei a gente, né, mano? Mas o tchan, tchan, tchan não foi, Pacão. O seu quarto deve ser em cima. Não, meu quarto é aqui, ó. Uhul! Pula na cama! Pula! Cara, meu quarto tá... Você vê que em todo lugar tem um telefone para eu atender e falar assim...""",Avaliador_B,Avaliador_E
8,"Calma, Neymar, eu tô até com a camisa do Brasil, filho. Ele tá avançando muito rápido, Marcelo. Olha onde ele chegou, Eduarda, no tapete vermelho. E eu acho que ele vai andar, porque ele é bobo, ele é bobo, ele é bobo. Ele vai com certeza. O cabelo dele, o cabelo dele tá vermelho. Menino, sai daí. Sai daí, Neymar, você tá doente, tem que jogar na seleção, menino. Eduarda, calma, cara. Tu acha que o Neymar vai sumir aqui, vai morrer? Não vai. O Neymar é o melhor jogador do Brasil. Então ele não tem como ficar... Eu também acho, Marcelo, que o Neymar é o melhor jogador do Brasil. Sabe por quê? Porque ele é o Camisa 10. Ele é o Camisa 10. Cadê o Neymar, Eduarda? Mas eu fiquei com pena do Neymar. Cheguei! Quem chegou aqui é o Richard Alisson. E agora vocês vão levar um gol e eu ainda vou pegar o meu troféu de volta. Agora ferrou, Eduarda. Olha quem tá aí, Richard Alisson. Meu Deus do céu, ele... O Richard... Minha filha, ele fez gol na Copa do Mundo. Ó o Pombo, vem, Pombo! Vem, Pombo! Eduarda, fala baixo, vamos ver se ele vai saber se isso aqui é ou não.",0.7707512378692627,0.2041960656642913,0.0250527132302522,NEG,0.4603275954723358,0.0001768513320712,0.0044052731245756,0.0007800473831593,0.3630391955375671,0.0003044344484806,0.0006659681675955,0.3827457,Marcelodrv,Minecraft,7 Hacks de construção SEGURA contra os JOGADORES DO BRASIL [IZVs7iDC5qM],,GZ,GZ,GZ,"🎬 Canal: Marcelodrv | 🎥 Vídeo: 7 Hacks de construção SEGURA contra os JOGADORES DO BRASIL [IZVs7iDC5qM]
⏱️ Segmento/Index: 8
──────────────────────────────────────────────────
Fala transcrita:
""Calma, Neymar, eu tô até com a camisa do Brasil, filho. Ele tá avançando muito rápido, Marcelo. Olha onde ele chegou, Eduarda, no tapete vermelho. E eu acho que ele vai andar, porque ele é bobo, ele é bobo, ele é bobo. Ele vai com certeza. O cabelo dele, o cabelo dele tá vermelho. Menino, sai daí. Sai daí, Neymar, você tá doente, tem que jogar na seleção, menino. Eduarda, calma, cara. Tu acha que o Neymar vai sumir aqui, vai morrer? Não vai. O Neymar é o melhor jogador do Brasil. Então ele não tem como ficar... Eu também acho, Marcelo, que o Neymar é o melhor jogador do Brasil. Sabe por quê? Porque ele é o Camisa 10. Ele é o Camisa 10. Cadê o Neymar, Eduarda? Mas eu fiquei com pena do Neymar. Cheguei! Quem chegou aqui é o Richard Alisson. E agora vocês vão levar um gol e eu ainda vou pegar o meu troféu de volta. Agora ferrou, Eduarda. Olha quem tá aí, Richard Alisson. Meu Deus do céu, ele... O Richard... Minha filha, ele fez gol na Copa do Mundo. Ó o Pombo, vem, Pombo! Vem, Pombo! Eduarda, fala baixo, vamos ver se ele vai saber se isso aqui é ou não.""",Avaliador_B,Avaliador_E
27,"Nível 60! A cópia do nível 1! É a mesma coisa do nível 1! Só que agora, em vez de lava ali, tem água! Vamos pular ali em cima e pronto! Só esperar eu morrer! E morri! Afogado! Nível 61! Só uma janela está aberta! Qual delas? Aquelas lá de cima! Ah, eu ganhei superpulo! E agora eu vou vir aqui! Ou talvez nessa! Ou nessa aqui! Eu tenho que conseguir! Talvez seja essa aqui! Vai! Uuuuuuuh! Achei a janela! Que isso! Eu sobrevivi! Nossa, então eu tenho que acertar o vácuo! Pulei muito alto e agora eu quero cair no vácuo! Vai! Acertei! Adeus mundo! Nível 62! A corrida da TNT! Vamos ativar todas as TNTs e chegar até o final! Antes delas explodirem! Boa! Nível 63! O botão não está no labirinto! Se ele não está no labirinto, onde ele está? Eu acho que eu sei! Eles estão no teto! Morri! Acertei o botão! Encontre o buraco da cegueira!",0.1059175059199333,0.8478492498397827,0.0462332256138324,NEU,0.220404252409935,0.0009086532518267,0.0086101647466421,0.0007046436076052,0.0046030306257307,0.0956373587250709,0.0014673441182821,0.36095104,Athos,Minecraft,75 Maneiras de Morrer no Minecraft... [xuA47pExwmc],,GZ,GZ,GZ,"🎬 Canal: Athos | 🎥 Vídeo: 75 Maneiras de Morrer no Minecraft... [xuA47pExwmc]
⏱️ Segmento/Index: 27
──────────────────────────────────────────────────
Fala transcrita:
""Nível 60! A cópia do nível 1! É a mesma coisa do nível 1! Só que agora, em vez de lava ali, tem água! Vamos pular ali em cima e pronto! Só esperar eu morrer! E morri! Afogado! Nível 61! Só uma janela está aberta! Qual delas? Aquelas lá de cima! Ah, eu ganhei superpulo! E agora eu vou vir aqui! Ou talvez nessa! Ou nessa aqui! Eu tenho que conseguir! Talvez seja essa aqui! Vai! Uuuuuuuh! Achei a janela! Que isso! Eu sobrevivi! Nossa, então eu tenho que acertar o vácuo! Pulei muito alto e agora eu quero cair no vácuo! Vai! Acertei! Adeus mundo! Nível 62! A corrida da TNT! Vamos ativar todas as TNTs e chegar até o final! Antes delas explodirem! Boa! Nível 63! O botão não está no labirinto! Se ele não está no labirinto, onde ele está? Eu acho que eu sei! Eles estão no teto! Morri! Acertei o botão! Encontre o buraco da cegueira!""",Avaliador_B,Avaliador_E
6,"Oi, Atus, Atus, eu não tá fazendo nada, não Volta lá pro seu Voltei, voltei, voltei Olha o tamanho do Venom dele Nossa, o Atus me viu espionando Mas agora ele vai ver só Ele ainda tem dois minutos pra procurar a Esquimetic E eu não vou deixar ele ficar procurando não Eu vou entrar aqui no espectador e vou trollar ele nesse tempo Nossa, olha a construção dele Não, mas agora ele vai ver só A primeira coisa que eu vou fazer vai ser cair TNT aqui embaixo Então vem aqui e coloca TNT em tudo Tá caindo Cainhos Para de cair Cainhos na minha construção Eu vou colar de novo Eu vou colar a Esquimetic de novo, vai Ah, mas não, ele tá colando a construção dele, olha isso Ele tá conseguindo regenerar ela Ah, mas se ele pensa que vai ser fácil assim Ele tá muito enganado, ele ainda tem um minuto E eu não vou deixar ele procurar mais nenhuma Então eu vou pegar e vim aqui agora e tirar a Esquimetic dele Barra Esquem, agora eu digito remove e digito Coringa E depois Atus E agora eu só preciso dar um enter E pronto, eu removi a construção dele E agora ele vai ver só Eu vou pegar e sumanar um raio aqui só pra pegar fogo Ai, e agora estão aparecendo raios, tá pegando fogo E eu vou ativar um comando pra pegar fogo muito mais rápido Rando o Stick Pistol mil Vai lá, pega fogo em tudo, pega fogo em tudo Eu vou até fazer cair mais raio pra pegar ainda mais fogo Ah, tá caindo raio na minha construção e tá tudo pegando fogo Mas eu não preciso me preocupar porque eu tenho Esquemetic do Coringa salvo Pode cair raio em tudo, eu não me importo Ah, quer saber? Por que não colocar lava de uma vez? Ai, olha ali na direita o Atus só tem mais 10 segundos Ele não tem mais tempo pra fazer nada, eu vou voltar pra casinha Tem lava, tá aparecendo lava Nada disso importa, sabe por quê? Eu vou vir aqui e vou carregar o Coringa de novo, pronto E agora eu vou colar ele aqui Ué, ué, é só um bloco? Não, cadê meu Coringa?",0.138858675956726,0.7606607675552368,0.1004804968833923,NEU,0.2920220196247101,0.0110353855416178,0.0523905865848064,0.0069492519833147,0.0488498136401176,0.0065208710730075,0.0052590458653867,0.3302291,Cadres,Minecraft,Trolei meu AMIGO com PIKACHU PRONTO na BATALHA DE CONSTRUÇÃO do MINECRAFT [XgtJEOSJDgs],,GZ,GZ,GZ,"🎬 Canal: Cadres | 🎥 Vídeo: Trolei meu AMIGO com PIKACHU PRONTO na BATALHA DE CONSTRUÇÃO do MINECRAFT [XgtJEOSJDgs]
⏱️ Segmento/Index: 6
──────────────────────────────────────────────────
Fala transcrita:
""Oi, Atus, Atus, eu não tá fazendo nada, não Volta lá pro seu Voltei, voltei, voltei Olha o tamanho do Venom dele Nossa, o Atus me viu espionando Mas agora ele vai ver só Ele ainda tem dois minutos pra procurar a Esquimetic E eu não vou deixar ele ficar procurando não Eu vou entrar aqui no espectador e vou trollar ele nesse tempo Nossa, olha a construção dele Não, mas agora ele vai ver só A primeira coisa que eu vou fazer vai ser cair TNT aqui embaixo Então vem aqui e coloca TNT em tudo Tá caindo Cainhos Para de cair Cainhos na minha construção Eu vou colar de novo Eu vou colar a Esquimetic de novo, vai Ah, mas não, ele tá colando a construção dele, olha isso Ele tá conseguindo regenerar ela Ah, mas se ele pensa que vai ser fácil assim Ele tá muito enganado, ele ainda tem um minuto E eu não vou deixar ele procurar mais nenhuma Então eu vou pegar e vim aqui agora e tirar a Esquimetic dele Barra Esquem, agora eu digito remove e digito Coringa E depois Atus E agora eu só preciso dar um enter E pronto, eu removi a construção dele E agora ele vai ver só Eu vou pegar e sumanar um raio aqui só pra pegar fogo Ai, e agora estão aparecendo raios, tá pegando fogo E eu vou ativar um comando pra pegar fogo muito mais rápido Rando o Stick Pistol mil Vai lá, pega fogo em tudo, pega fogo em tudo Eu vou até fazer cair mais raio pra pegar ainda mais fogo Ah, tá caindo raio na minha construção e tá tudo pegando fogo Mas eu não preciso me preocupar porque eu tenho Esquemetic do Coringa salvo Pode cair raio em tudo, eu não me importo Ah, quer saber? Por que não colocar lava de uma vez? Ai, olha ali na direita o Atus só tem mais 10 segundos Ele não tem mais tempo pra fazer nada, eu vou voltar pra casinha Tem lava, tá aparecendo lava Nada disso importa, sabe por quê? Eu vou vir aqui e vou carregar o Coringa de novo, pronto E agora eu vou colar ele aqui Ué, ué, é só um bloco? Não, cadê meu Coringa?""",Avaliador_B,Avaliador_E
1,"Sai daqui, você é pobre, você não tem dinheiro. Ai, ele me ofendeu, ele falou que eu não tenho dinheiro, falou que era pra eu sair daqui. Mas eu vou provar pro seu Zé que eu posso ficar rico também. Tem um lugar que os bebês ficam no mapa, é uma creche. Eu fui pra creche pra ver se as professorinhas de lá me dão banho, porque eu tô muito sujinho e tô fedorentinho. Ai, eu não aguento mais esse cheiro. É esse lugar aqui. Vamos tentar abrir esse alçapão e cair lá dentro. Ah, tem vários bebezatos. E o pior de tudo, eles estão vestindo um casaco de cadres. Mas que casaco horroroso é esse que vocês estão usando? Tira isso! Eles tem um martelão. Olha só, esse martelão que eu peguei. E eu posso usar pra atacar animais, ou até atacar eles que estão usando essa coisa horrorosa. Ai, eles estão me batendo. Ah, quer saber de uma coisa? Deixa esses bebês trancados aí. Eles que esperem os pais deles virem buscar eles. E eu vou agora usar o meu machadão pra conseguir comida, porque eu preciso comer pra crescer. Então eu encontrei várias vaquinhas. Só que elas estão no lugar errado.",0.9640562534332277,0.0263707153499126,0.0095731131732463,NEG,0.2794621586799621,0.0005437844665721,0.0165760144591331,0.0021283603273332,0.0715002492070198,0.0231949687004089,0.0038377775344997,0.36095104,Athos,Minecraft,24 Horas pra Ficar Milionário no Minecraft [3On8cuGxnE0],,GZ,GZ,GZ,"🎬 Canal: Athos | 🎥 Vídeo: 24 Horas pra Ficar Milionário no Minecraft [3On8cuGxnE0]
⏱️ Segmento/Index: 1
──────────────────────────────────────────────────
Fala transcrita:
""Sai daqui, você é pobre, você não tem dinheiro. Ai, ele me ofendeu, ele falou que eu não tenho dinheiro, falou que era pra eu sair daqui. Mas eu vou provar pro seu Zé que eu posso ficar rico também. Tem um lugar que os bebês ficam no mapa, é uma creche. Eu fui pra creche pra ver se as professorinhas de lá me dão banho, porque eu tô muito sujinho e tô fedorentinho. Ai, eu não aguento mais esse cheiro. É esse lugar aqui. Vamos tentar abrir esse alçapão e cair lá dentro. Ah, tem vários bebezatos. E o pior de tudo, eles estão vestindo um casaco de cadres. Mas que casaco horroroso é esse que vocês estão usando? Tira isso! Eles tem um martelão. Olha só, esse martelão que eu peguei. E eu posso usar pra atacar animais, ou até atacar eles que estão usando essa coisa horrorosa. Ai, eles estão me batendo. Ah, quer saber de uma coisa? Deixa esses bebês trancados aí. Eles que esperem os pais deles virem buscar eles. E eu vou agora usar o meu machadão pra conseguir comida, porque eu preciso comer pra crescer. Então eu encontrei várias vaquinhas. Só que elas estão no lugar errado.""",Avaliador_B,Avaliador_E
59,"Se você matar, vai multiplicando, velho! Caiu, caiu, caiu. Não, Iago, joga ele dentro do buraco. Não, não, joga ele dentro do buraco. Aqui, ele tá vindo atrás de mim, ó. Tem que deixar esses bichos tudo aí dentro. Vai, Pokão. Aí, ó, pronto. Mano, você tá doido, velho. Pokão, Iago, eu vou fazer um balde aqui agora pra gente, pra gente poder dar um fora daqui. Joga a lava aí! Vem, vem, puxa, porra ele, Pokão, porra ele, porra ele. Ai, seu arvore! Essa armadilha deu boi, essa armadilha, hein! Tá, Iago, é um Pokão. Vamos achar agora, a gente tem que achar uma vaca, velho. Vamos embora, vamos embora, vamos embora achar uma vaca. Tirar esse efeito de fome da gente, mano. 20 minutos depois... Aqui, achei, achei, achei! Spock, Iago, achei a vaca! Meu Deus, tem um creeper do lado, tem um creeper do lado. Vou pegar aqui agora. Nossa, explodiu. Matou a vaca, a única vaca que tinha aqui, ó. Peguei, peguei, peguei. Toma, Iago! Toma, Iago, toma esse daí, velho. Calma.",0.4500361979007721,0.4372428059577942,0.1127209737896919,NEG,0.8579903841018677,0.0069330977275967,0.1382048279047012,0.0023041954264044,0.1788155734539032,0.1366757601499557,0.0114534702152013,0.54325575,AuthenticGames,Minecraft,Minecraft MAS TUDO ACONTECE no JOGO [7bSvZQ815NU],,T,T,T,"🎬 Canal: AuthenticGames | 🎥 Vídeo: Minecraft MAS TUDO ACONTECE no JOGO [7bSvZQ815NU]
⏱️ Segmento/Index: 59
──────────────────────────────────────────────────
Fala transcrita:
""Se você matar, vai multiplicando, velho! Caiu, caiu, caiu. Não, Iago, joga ele dentro do buraco. Não, não, joga ele dentro do buraco. Aqui, ele tá vindo atrás de mim, ó. Tem que deixar esses bichos tudo aí dentro. Vai, Pokão. Aí, ó, pronto. Mano, você tá doido, velho. Pokão, Iago, eu vou fazer um balde aqui agora pra gente, pra gente poder dar um fora daqui. Joga a lava aí! Vem, vem, puxa, porra ele, Pokão, porra ele, porra ele. Ai, seu arvore! Essa armadilha deu boi, essa armadilha, hein! Tá, Iago, é um Pokão. Vamos achar agora, a gente tem que achar uma vaca, velho. Vamos embora, vamos embora, vamos embora achar uma vaca. Tirar esse efeito de fome da gente, mano. 20 minutos depois... Aqui, achei, achei, achei! Spock, Iago, achei a vaca! Meu Deus, tem um creeper do lado, tem um creeper do lado. Vou pegar aqui agora. Nossa, explodiu. Matou a vaca, a única vaca que tinha aqui, ó. Peguei, peguei, peguei. Toma, Iago! Toma, Iago, toma esse daí, velho. Calma.""",Avaliador_B,Avaliador_E
4,"Vamos, vamos O templo está aberto, pessoal, é o templo mais antigo da família No dia seguinte Ah, meu Deus, o que aconteceu comigo? Por que eu tô assim? Destruindo todos os móveis Ah, meu Deus, o que aconteceu? Por que eu tô feia assim? Ah, não, não, não, ninguém pode me ver assim, não, Mei, calma, não se desespera Ninguém, ninguém pode me ver assim, ninguém pode me ver assim Eu vou me esconder Mei? Não, mãe, não Abre a porta, Mei Não, não, não, não Tá bom, Mei, calma, eu já sei o que aconteceu Não, mãe Eu vou resolver a sua situação, filha Não, não, mãe, você não sabe, não Ai, meu Deus, como que eu vou falar pra ela que eu sou um panda vermelho gigante horroroso?",0.878978967666626,0.1071847230195999,0.0138363130390644,NEG,0.4919468462467193,0.0064582247287034,0.0586957037448883,0.0069938106462359,0.0366259813308715,0.0040956479497253,0.0092580448836088,0.2312681,Luluca Games,Roblox,Roblox - A HISTÓRIA DA MENINA QUE VIRA PANDA  PARTE 1 Turning Red Roleplay  Luluca Games [jCDR8ZnhFw4],0.8789789080619812,GZ,GZ,GZ,"🎬 Canal: Luluca Games | 🎥 Vídeo: Roblox - A HISTÓRIA DA MENINA QUE VIRA PANDA  PARTE 1 Turning Red Roleplay  Luluca Games [jCDR8ZnhFw4]
⏱️ Segmento/Index: 4
──────────────────────────────────────────────────
Fala transcrita:
""Vamos, vamos O templo está aberto, pessoal, é o templo mais antigo da família No dia seguinte Ah, meu Deus, o que aconteceu comigo? Por que eu tô assim? Destruindo todos os móveis Ah, meu Deus, o que aconteceu? Por que eu tô feia assim? Ah, não, não, não, ninguém pode me ver assim, não, Mei, calma, não se desespera Ninguém, ninguém pode me ver assim, ninguém pode me ver assim Eu vou me esconder Mei? Não, mãe, não Abre a porta, Mei Não, não, não, não Tá bom, Mei, calma, eu já sei o que aconteceu Não, mãe Eu vou resolver a sua situação, filha Não, não, mãe, você não sabe, não Ai, meu Deus, como que eu vou falar pra ela que eu sou um panda vermelho gigante horroroso?""",Avaliador_B,Avaliador_E
7,"E outro cara chegou e me matou. Que ódio. A Inha foi no murro, morreu também. Vários loot, vários nego bagaçado. Minha meta de ver a porcaria do lugar desse mapa eu não consegui. Hahahaha. Olha aí, eu caindo de novo. Eu caí aqui de novo porque eu percebi que a gente perdeu nossa batida só por causa daquela foice que tava pesando muito minhas costas. Chegando lá na frente tinha nego, eu falei, vou dar a volta porque eu não vou cair nessa maradilha de novo. E sim, eu consegui dar a volta. Plutão morreu, eu falei, agora que eu não consigo mais conhecer o mapa de novo. Aí, eu falei, eu vou fugir, que eu tenho certeza que o problema é esse lugar aqui que atrai inimigo. Aí, se estes dias ir embora, eu falei, eu vou dar um teco em alguém só pra perturbar. Dei um teco no cara e saí correndo. Hahahaha. E piquei e acabou sobrando pra Aninha que ficou com ele lá. Eu falei, vem Aninha, pela orla. Cara seguindo a Aninha, eu falei, eu vou morrer, mas eu vou morrer na praia do Caribe belíssima. Vamos parabenizar o Fifari. Olhem que água belíssima pra você passar as férias com o seu duo. Gente, da cor dos meus olhos. Dei uma nadadinha aqui antes de ir embora e eu dei um passeio de tirolesa.",0.9789231419563292,0.0139678111299872,0.0071090869605541,NEG,0.8160620927810669,0.0067282766103744,0.1256545782089233,0.0043318476527929,0.0694130212068557,0.0138088269159197,0.0053121247328817,0.50789946,Amy Scarlet,Roblox,Novo Mapa do Free Fire [-145pPjxFMo],,T,T,T,"🎬 Canal: Amy Scarlet | 🎥 Vídeo: Novo Mapa do Free Fire [-145pPjxFMo]
⏱️ Segmento/Index: 7
──────────────────────────────────────────────────
Fala transcrita:
""E outro cara chegou e me matou. Que ódio. A Inha foi no murro, morreu também. Vários loot, vários nego bagaçado. Minha meta de ver a porcaria do lugar desse mapa eu não consegui. Hahahaha. Olha aí, eu caindo de novo. Eu caí aqui de novo porque eu percebi que a gente perdeu nossa batida só por causa daquela foice que tava pesando muito minhas costas. Chegando lá na frente tinha nego, eu falei, vou dar a volta porque eu não vou cair nessa maradilha de novo. E sim, eu consegui dar a volta. Plutão morreu, eu falei, agora que eu não consigo mais conhecer o mapa de novo. Aí, eu falei, eu vou fugir, que eu tenho certeza que o problema é esse lugar aqui que atrai inimigo. Aí, se estes dias ir embora, eu falei, eu vou dar um teco em alguém só pra perturbar. Dei um teco no cara e saí correndo. Hahahaha. E piquei e acabou sobrando pra Aninha que ficou com ele lá. Eu falei, vem Aninha, pela orla. Cara seguindo a Aninha, eu falei, eu vou morrer, mas eu vou morrer na praia do Caribe belíssima. Vamos parabenizar o Fifari. Olhem que água belíssima pra você passar as férias com o seu duo. Gente, da cor dos meus olhos. Dei uma nadadinha aqui antes de ir embora e eu dei um passeio de tirolesa.""",Avaliador_B,Avaliador_E
1,"Aiii, o meu veneno Ai, eu sou a durante de gui Toma cuidado Aaaaaaaah Peraí, já não foi pego Ele me pegooooooou Não gostei o Gui-Gui Amantinha Oi Você colocou roupinha azul, amantinha Sim Amantinha, você tá parecendo o Gui-Gui, amantinha Tá bom Tá sim, com os aiúdos Todo mundo coloca uma coisa azul pro Gui-Gui não pegar, tá bom? Tá bom Azul Porque se não for azul, o Gui-Gui pega Aaaaaaah, o cabeção tá vindo Olha o cabeção empurrando as bolinhas Ele tá empurrando as bolinhas com o bocão Olha, amantinha, vamos pular no cabeção?",0.1438692659139633,0.6125512719154358,0.2435794323682785,NEU,0.3872075974941253,0.0069476072676479,0.0638162270188331,0.0080013098195195,0.0376005768775939,0.0034876076970249,0.0272670667618513,0.32182294,Lokis,Roblox,HUGGY WUGGY CORRE DA CABEÇA  Roblox - Wuggy Wuggy [HAwAqnmhfZQ],,GZ,GZ,GZ,"🎬 Canal: Lokis | 🎥 Vídeo: HUGGY WUGGY CORRE DA CABEÇA  Roblox - Wuggy Wuggy [HAwAqnmhfZQ]
⏱️ Segmento/Index: 1
──────────────────────────────────────────────────
Fala transcrita:
""Aiii, o meu veneno Ai, eu sou a durante de gui Toma cuidado Aaaaaaaah Peraí, já não foi pego Ele me pegooooooou Não gostei o Gui-Gui Amantinha Oi Você colocou roupinha azul, amantinha Sim Amantinha, você tá parecendo o Gui-Gui, amantinha Tá bom Tá sim, com os aiúdos Todo mundo coloca uma coisa azul pro Gui-Gui não pegar, tá bom? Tá bom Azul Porque se não for azul, o Gui-Gui pega Aaaaaaah, o cabeção tá vindo Olha o cabeção empurrando as bolinhas Ele tá empurrando as bolinhas com o bocão Olha, amantinha, vamos pular no cabeção?""",Avaliador_B,Avaliador_E
19,"Parece um lustre. Mas e aí? Está pronto para a construção? Sim, eu estou mais que o pronto normal. Então vem para cá. Porque eu já marquei onde você vai construir essas estátuas incríveis. Vai ser a área dos cavalos. E na frente dessa área dos cavalos, teremos duas estátuas. Dois cavalos gigantes que serão feitos pelo Rei Davi. E eu vou ficar aqui só assistindo junto com você aí que já deixou o like no vídeo. Fica aí de longe que vai ser melhor de ver. Beleza, Davi. Eu vou ficar aqui. Vou deixar sem meu braço ainda. Só vou assistir aqui. Tudo bem. Então vamos começar. Eu vou ficar aqui só filmando essa construção do Rei Davi. Vai ficar muito fera. Eu confio em você. O primeiro cavalo foi finalizado.",0.0170978605747222,0.1882075071334839,0.7946946024894714,POS,0.0059124785475432,0.0014796637697145,0.0174810830503702,0.0012676349142566,0.0065183080732822,0.0023220397997647,0.0011270553804934,0.11223003,Robin Hood Gamer,Minecraft,O SANTUÁRIO SAGRADO DOS CAVALOS MINECRAFT ERA DA REDSTONE 14 [HpUShcahNfw],,NT,NT,NT,"🎬 Canal: Robin Hood Gamer | 🎥 Vídeo: O SANTUÁRIO SAGRADO DOS CAVALOS MINECRAFT ERA DA REDSTONE 14 [HpUShcahNfw]
⏱️ Segmento/Index: 19
──────────────────────────────────────────────────
Fala transcrita:
""Parece um lustre. Mas e aí? Está pronto para a construção? Sim, eu estou mais que o pronto normal. Então vem para cá. Porque eu já marquei onde você vai construir essas estátuas incríveis. Vai ser a área dos cavalos. E na frente dessa área dos cavalos, teremos duas estátuas. Dois cavalos gigantes que serão feitos pelo Rei Davi. E eu vou ficar aqui só assistindo junto com você aí que já deixou o like no vídeo. Fica aí de longe que vai ser melhor de ver. Beleza, Davi. Eu vou ficar aqui. Vou deixar sem meu braço ainda. Só vou assistir aqui. Tudo bem. Então vamos começar. Eu vou ficar aqui só filmando essa construção do Rei Davi. Vai ficar muito fera. Eu confio em você. O primeiro cavalo foi finalizado.""",Avaliador_B,Avaliador_E
10,"Vamos lá Estou agora entrando no jogo de sobreviver Eu fiquei muito feia nesse jogo de sobreviver Era pra ter ficado melhor Cadê o sirene head? Gente ele tá ali Ele é gigante Eu achei que eu tava parecida com ele, que eu tava mais assustadora do que ele Ele não tem nada Esse bicho é muito louco Olha isso Aí está ele, a gente tem que tomar muito cuidado pra não ser pego Olha que mãos gigantescas que ele tem Ai que medo Não da pra saber onde ele tá olhando Ele tem duas cabeças Tudo bem Vou ficar aqui do ladinho dele Vocês acham que eu sou parecida? Ele não pega a gente, não é?",0.4372144937515259,0.3115277588367462,0.2512577474117279,NEG,0.2446086257696151,0.0079917134717106,0.0514229051768779,0.0058395704254508,0.0516478009521961,0.0043656616471707,0.0046831825748085,0.36867723,Papile,Roblox,VIVENDO COMO SIREN HEAD no ROBLOX Cabeça De Sirene [EdXXd9-P81Q],,GZ,GZ,GZ,"🎬 Canal: Papile | 🎥 Vídeo: VIVENDO COMO SIREN HEAD no ROBLOX Cabeça De Sirene [EdXXd9-P81Q]
⏱️ Segmento/Index: 10
──────────────────────────────────────────────────
Fala transcrita:
""Vamos lá Estou agora entrando no jogo de sobreviver Eu fiquei muito feia nesse jogo de sobreviver Era pra ter ficado melhor Cadê o sirene head? Gente ele tá ali Ele é gigante Eu achei que eu tava parecida com ele, que eu tava mais assustadora do que ele Ele não tem nada Esse bicho é muito louco Olha isso Aí está ele, a gente tem que tomar muito cuidado pra não ser pego Olha que mãos gigantescas que ele tem Ai que medo Não da pra saber onde ele tá olhando Ele tem duas cabeças Tudo bem Vou ficar aqui do ladinho dele Vocês acham que eu sou parecida? Ele não pega a gente, não é?""",Avaliador_B,Avaliador_E
7,"Não tem baby, vai precisar entrar quem? Eu! Ah, que bonitinha! Olha, aqui igual! O mato de laranja, o violino, o lucro... Pois, mami, agora vamos dar uma passeada, então, na cidade! Bora, Luca! Quero conhecer, quero comer pizza! Eu também! Quero comer pizza, pizza! Tadinha da Luna, gente! Vamos comer lá, corre bonitinho ali, ó! Ah, mas tem um carro na minha garagem mesmo! Quem será que deixou pra mim? Mami! Mami! Tem camping! Ah, eu quero, Luca! Bora! Uhul! Bora acampar! Ih, mami, não vai rolar, não tem barraquinha! Mami, eu tenho carro! Você tem um carro? Eu tenho, apareceu na minha garagem! Mas você comprou? Não! Não, mami, não é seu, é de outra pessoa! Mas o que é que está... Eita, mami! Eita! Luca, onde você entrou? Meu Deus! Que espaço chique, Lulu!",0.0376910716295242,0.3836851418018341,0.5786238312721252,POS,0.0361306741833686,0.0002703587524592,0.01210015732795,0.0006105733918957,0.0042434465140104,0.001082177972421,0.003200092818588,0.19939905,Luluca Games,Roblox,Roblox - ADOTEI UM BEBÊ MUITO ESTRANHO NO CLUB ROBLOX  Luluca Games [ND34d_Cjk4U],0.0376911163330078,NT,NT,NT,"🎬 Canal: Luluca Games | 🎥 Vídeo: Roblox - ADOTEI UM BEBÊ MUITO ESTRANHO NO CLUB ROBLOX  Luluca Games [ND34d_Cjk4U]
⏱️ Segmento/Index: 7
──────────────────────────────────────────────────
Fala transcrita:
""Não tem baby, vai precisar entrar quem? Eu! Ah, que bonitinha! Olha, aqui igual! O mato de laranja, o violino, o lucro... Pois, mami, agora vamos dar uma passeada, então, na cidade! Bora, Luca! Quero conhecer, quero comer pizza! Eu também! Quero comer pizza, pizza! Tadinha da Luna, gente! Vamos comer lá, corre bonitinho ali, ó! Ah, mas tem um carro na minha garagem mesmo! Quem será que deixou pra mim? Mami! Mami! Tem camping! Ah, eu quero, Luca! Bora! Uhul! Bora acampar! Ih, mami, não vai rolar, não tem barraquinha! Mami, eu tenho carro! Você tem um carro? Eu tenho, apareceu na minha garagem! Mas você comprou? Não! Não, mami, não é seu, é de outra pessoa! Mas o que é que está... Eita, mami! Eita! Luca, onde você entrou? Meu Deus! Que espaço chique, Lulu!""",Avaliador_B,Avaliador_E
9,"Eu acho que não, hein Nossa, eu vi a gente na televisão na câmera dele, mas eu acho que ele não viu mesmo Cuidado, vamos ficar atento, vamos ficar atento Agora eu tô aqui na minha câmera Eu tô vendo a câmera dele, aparentemente nada demais O meu medo é ele procurar uma pessoa e a pessoa vir se esconder onde eu tô Aí vai me denunciar sem querer Beto, eu já saí, eu tô indo pelas sombras como deve seguir um ninja e... DEU ESCONDEREJO INSANO, BETO! Eu vou aí e me fala qual é Caraca, mas eu não vou ficar escondido como um rato nesse lugar Quer saber? E aí, deixa esse Lucky Block pra mim Eu vou aproveitar agora AH NÃO! Beto, pode ficar tranquilo que eu usei uma granada de fumaça, ninguém vai te ver agora, vem pra cá Olha, onde você tá, onde você tá? Vamos pegar esse trampolim aqui, vamos pro topo, o tempo já tá acabando Ô Robin, olha o que a gente pode fazer O quê?",0.2151465415954589,0.6854347586631775,0.0994187146425247,NEU,0.2472065985202789,0.0044121909886598,0.0507856309413909,0.0044333860278129,0.0370131023228168,0.0086609683930873,0.0031448551453649,0.2854937,Robin Hood Gamer,Minecraft,DESAFIO ROLETA DO ESCONDE-ESCONDE NO ROBLOX Hide  Seek [TJ3GysGxQYI],,GZ,GZ,GZ,"🎬 Canal: Robin Hood Gamer | 🎥 Vídeo: DESAFIO ROLETA DO ESCONDE-ESCONDE NO ROBLOX Hide  Seek [TJ3GysGxQYI]
⏱️ Segmento/Index: 9
──────────────────────────────────────────────────
Fala transcrita:
""Eu acho que não, hein Nossa, eu vi a gente na televisão na câmera dele, mas eu acho que ele não viu mesmo Cuidado, vamos ficar atento, vamos ficar atento Agora eu tô aqui na minha câmera Eu tô vendo a câmera dele, aparentemente nada demais O meu medo é ele procurar uma pessoa e a pessoa vir se esconder onde eu tô Aí vai me denunciar sem querer Beto, eu já saí, eu tô indo pelas sombras como deve seguir um ninja e... DEU ESCONDEREJO INSANO, BETO! Eu vou aí e me fala qual é Caraca, mas eu não vou ficar escondido como um rato nesse lugar Quer saber? E aí, deixa esse Lucky Block pra mim Eu vou aproveitar agora AH NÃO! Beto, pode ficar tranquilo que eu usei uma granada de fumaça, ninguém vai te ver agora, vem pra cá Olha, onde você tá, onde você tá? Vamos pegar esse trampolim aqui, vamos pro topo, o tempo já tá acabando Ô Robin, olha o que a gente pode fazer O quê?""",Avaliador_B,Avaliador_E
6,"não, não, não, não, não, não, não, não, não, não, não, não, não De novo não Ah, veio logo duas bigornas pra me macetar Pelo menos agora, eu voltei com os meus itens E eu posso continuar testando a minha sorte Tem Bloco de Diamante ali, Bloco de Orroqui O zumbi tá tranquilo Ele nem quer me atacar Eu acho que ele só me ataca se eu atacar ele primeiro E eu só vou atacar ele quando eu tiver item suficiente pra matar ele Eita! Poço da sorte Poço da sorte, eu vou salvar aqui Esse arco, arco da sorte é bom, hein E vamos testar aqui a sorte no poço AI! Azar! Que azar! Coisa horrível! Com certeza abriu um buraco ali em volta do siren head de lucky blocks E o problema é que os lucky blocks não são destruídos Então eu não vou conseguir destruir esse siren head aqui usando dinamite Calma aí! Blocos de ferro? Isso é muito bom! Calma, dá pra pegar com picareta de ouro? NÃO DÁ! EU VUI UM NOB! Eu quebrei o bloco de ferro! A picareta de ouro ela é muito ruim né? Ela é tipo picareta de madeira, ela é péssima! Deixa eu jogar essa porcaria! Perdi um bloco de ferro por sua causa Mas a culpa foi toda minha né? Fui noob demais! Pelo menos o machado pode me ajudar um pouco a conseguir uma madeira aí Fazer uma picareta... Opa! Já tem uma madeira ali ó! Tem uma madeira dropada! Perfeito! Já tem até graveto aqui Nem vou me preocupar em fazer!",0.1972227245569229,0.713006317615509,0.0897709503769874,NEU,0.9467225074768066,0.0193654224276542,0.0751900672912597,0.0073356428183615,0.0560251250863075,0.0222935490310192,0.0468147993087768,0.45243698,Robin Hood Gamer,Minecraft,SOBREVIVA AO DESAFIO DO SIREN HEAD DE LUCKY BLOCK NO MINECRAFT [NiMg8e0bPSw],,T,T,T,"🎬 Canal: Robin Hood Gamer | 🎥 Vídeo: SOBREVIVA AO DESAFIO DO SIREN HEAD DE LUCKY BLOCK NO MINECRAFT [NiMg8e0bPSw]
⏱️ Segmento/Index: 6
──────────────────────────────────────────────────
Fala transcrita:
""não, não, não, não, não, não, não, não, não, não, não, não, não De novo não Ah, veio logo duas bigornas pra me macetar Pelo menos agora, eu voltei com os meus itens E eu posso continuar testando a minha sorte Tem Bloco de Diamante ali, Bloco de Orroqui O zumbi tá tranquilo Ele nem quer me atacar Eu acho que ele só me ataca se eu atacar ele primeiro E eu só vou atacar ele quando eu tiver item suficiente pra matar ele Eita! Poço da sorte Poço da sorte, eu vou salvar aqui Esse arco, arco da sorte é bom, hein E vamos testar aqui a sorte no poço AI! Azar! Que azar! Coisa horrível! Com certeza abriu um buraco ali em volta do siren head de lucky blocks E o problema é que os lucky blocks não são destruídos Então eu não vou conseguir destruir esse siren head aqui usando dinamite Calma aí! Blocos de ferro? Isso é muito bom! Calma, dá pra pegar com picareta de ouro? NÃO DÁ! EU VUI UM NOB! Eu quebrei o bloco de ferro! A picareta de ouro ela é muito ruim né? Ela é tipo picareta de madeira, ela é péssima! Deixa eu jogar essa porcaria! Perdi um bloco de ferro por sua causa Mas a culpa foi toda minha né? Fui noob demais! Pelo menos o machado pode me ajudar um pouco a conseguir uma madeira aí Fazer uma picareta... Opa! Já tem uma madeira ali ó! Tem uma madeira dropada! Perfeito! Já tem até graveto aqui Nem vou me preocupar em fazer!""",Avaliador_B,Avaliador_E
5,"Ah, foda-me É um corno mesmo, é um corno Me dê minha mochila, me dê minha mochila Ele roubou minha mochila 3 Ai, que ódio Já não basta, tenho que estar jogando com um squad ruim Eu ainda tenho que estar jogando com um squad que rouba o pouco de coisa que eu tenho Ai, eu vou dar uma respirada aqui porque eu tô passando mal O Biel tá lá do outro lado do mapa Luteando com medo de perder ponto, mano E o outro corno aqui andando com a minha mochila na escosta, velho A Grécia não sabe onde é que ela tá no mapa perdida Olha o squad que eu tenho Vocês também não vão mais se divertir Volta aqui, vou explodir o carro Não vai se divertir mais não, rapaz Não vai se divertir mais não Estragaram toda a minha felicidade Isso, vou explodir todo mundo aqui Vai, tá no outro carro ali pra ver se eu vou explodir também Ei, caí, pra ver se eu explodo tudo aqui mesmo Ah, que nada, rapaz Não atirem me mesmo, vai, Plutão, vai Um bicho desse que roubou minha mochila Nunca mais na minha vida vou esquecer essa cena Tô sem loot nenhum, tô no final do mapa da Pule Aqui que eu pensei que aqui era o Rio Pule Perdi minha vida toda e o Biel a safe tá vindo Eu tô no mar, tô...",0.9719834327697754,0.0154327107593417,0.0125839076936244,NEG,0.9823544025421144,0.0267247948795557,0.0896319448947906,0.0109261190518736,0.06890669465065,0.0124733196571469,0.1820168048143386,0.7570315,Amy Scarlet,Roblox,Como não pegar mestre no Free Fire [-Q4tItAzX_U],,T,T,T,"🎬 Canal: Amy Scarlet | 🎥 Vídeo: Como não pegar mestre no Free Fire [-Q4tItAzX_U]
⏱️ Segmento/Index: 5
──────────────────────────────────────────────────
Fala transcrita:
""Ah, foda-me É um corno mesmo, é um corno Me dê minha mochila, me dê minha mochila Ele roubou minha mochila 3 Ai, que ódio Já não basta, tenho que estar jogando com um squad ruim Eu ainda tenho que estar jogando com um squad que rouba o pouco de coisa que eu tenho Ai, eu vou dar uma respirada aqui porque eu tô passando mal O Biel tá lá do outro lado do mapa Luteando com medo de perder ponto, mano E o outro corno aqui andando com a minha mochila na escosta, velho A Grécia não sabe onde é que ela tá no mapa perdida Olha o squad que eu tenho Vocês também não vão mais se divertir Volta aqui, vou explodir o carro Não vai se divertir mais não, rapaz Não vai se divertir mais não Estragaram toda a minha felicidade Isso, vou explodir todo mundo aqui Vai, tá no outro carro ali pra ver se eu vou explodir também Ei, caí, pra ver se eu explodo tudo aqui mesmo Ah, que nada, rapaz Não atirem me mesmo, vai, Plutão, vai Um bicho desse que roubou minha mochila Nunca mais na minha vida vou esquecer essa cena Tô sem loot nenhum, tô no final do mapa da Pule Aqui que eu pensei que aqui era o Rio Pule Perdi minha vida toda e o Biel a safe tá vindo Eu tô no mar, tô...""",Avaliador_C,Avaliador_E
11,"Tem algum lugar sendo assaltado na cidade? Deixa eu ver... não tem nenhum lugar sendo assaltado, Robi! Conseguimos salvar a cidade! Limpamos ela! Não tem nenhum criminoso aqui! E esse poder tá muito bom, ainda mais com essa combinação aí que eu fiz, hein! Usando a arma alienígena junto com o arco explosivo do arqueiro! Eu perdi um rufo ali, naquela nave espacial! Viramos super vilões! O Davi já tá aqui de super vilão, eu também, com o poder do Homem de Ferro! Mas agora, vamos entrar na base secreta dos super vilões! Pra pegar o novo poder que foi adicionado, o novo poder de vilão na cidade! Sim! Então abre aí a porta, Robi, e vamos lá! Vamos pegar esse elevador aqui, vamos testar esse poder de super vilão pra ver se ele é tão bom quanto o poder do arqueiro! Vamos lá! Agora aqui vai vir o poder! E aí? Nossa! Tem esse poder verde que eu gosto muito, é o poder fantasma! Muito louco, parece um slime!",0.031638279557228,0.2357835322618484,0.7325782179832458,POS,0.3297259211540222,0.0003032300155609,0.0128070274367928,0.0004792179679498,0.2524287700653076,0.0007522986270487,0.0005503128049895,0.20705862,Robin Hood Gamer,Minecraft,NOVOS PODERES NA CIDADE DO ROBLOX SUPER HERÓIS VS SUPER VILÕES MAD CITY [xTzZTvgWQ2o],,GZ,GZ,GZ,"🎬 Canal: Robin Hood Gamer | 🎥 Vídeo: NOVOS PODERES NA CIDADE DO ROBLOX SUPER HERÓIS VS SUPER VILÕES MAD CITY [xTzZTvgWQ2o]
⏱️ Segmento/Index: 11
──────────────────────────────────────────────────
Fala transcrita:
""Tem algum lugar sendo assaltado na cidade? Deixa eu ver... não tem nenhum lugar sendo assaltado, Robi! Conseguimos salvar a cidade! Limpamos ela! Não tem nenhum criminoso aqui! E esse poder tá muito bom, ainda mais com essa combinação aí que eu fiz, hein! Usando a arma alienígena junto com o arco explosivo do arqueiro! Eu perdi um rufo ali, naquela nave espacial! Viramos super vilões! O Davi já tá aqui de super vilão, eu também, com o poder do Homem de Ferro! Mas agora, vamos entrar na base secreta dos super vilões! Pra pegar o novo poder que foi adicionado, o novo poder de vilão na cidade! Sim! Então abre aí a porta, Robi, e vamos lá! Vamos pegar esse elevador aqui, vamos testar esse poder de super vilão pra ver se ele é tão bom quanto o poder do arqueiro! Vamos lá! Agora aqui vai vir o poder! E aí? Nossa! Tem esse poder verde que eu gosto muito, é o poder fantasma! Muito louco, parece um slime!""",Avaliador_C,Avaliador_E
51,O que é isso? O que é isso? O que é isso? O que é isso? O que é isso? O que é isso?,0.3540206253528595,0.6012579798698425,0.0447214059531688,NEU,0.0085326163098216,0.0014059760142117,0.02654111944139,0.0011195921106263,0.0089462716132402,0.0008010822348296,0.0015058136777952,0.02308189,meu nome é david,Roblox,STUMBLE GUYS NA VIDA REAL O FILME - SUPER COMPILADO [KjRhJUTatR4],,NT,NT,NT,"🎬 Canal: meu nome é david | 🎥 Vídeo: STUMBLE GUYS NA VIDA REAL O FILME - SUPER COMPILADO [KjRhJUTatR4]
⏱️ Segmento/Index: 51
──────────────────────────────────────────────────
Fala transcrita:
""O que é isso? O que é isso? O que é isso? O que é isso? O que é isso? O que é isso?""",Avaliador_C,Avaliador_E
7,"Ah, fiquei preso. O Mindwing já era. E o Mindwing tá com a chave que liberta todo mundo. Aqui, Iagão. Não, não, mas ela volta. Eu acho que coloca... Ó, o que é isso aqui, mano? Falta um gerador só a funcionar, Iagão. Aí, ó, ó, eu coloquei o cartão aqui. Boa, boa. Vamos tentar agora. Deixa eu ver se dá pra pegar alguma dessas poções aqui. Não, não dá. Tem que ligar o gerador, ó. Vai, Iagão, é isso daqui que falta, hein. Agora tem que libertar o Cacá, né? Não, a gente tem que libertar o Cauê. E venham aqui comigo, ó. Dentro dessa sala tem um lugar de fazer poção e eu não sei como é que funciona. Eu coloquei um, tá vendo? Nossa, ele tá guardando caixão, tá? Só pra falar, vocês podem continuar que ele tá guardando caixão. Ô, louco, me dá uma porra. Temos três minutos, velho, pra dar um fora daqui porque já foi liberado a saída e também pra poder fazer a poção, mano. Então, vamos embora, vamos ajudar o cãozinho. Deixa o Cãozinho aí ou não? Ele tá guardando o que? Não, não, na verdade, Tete, não precisa me salvar, não. Ele tá guardando um caixão aqui, deixa ele vai que tá mal. Não, mas se a gente for junto, vem, Pocão, vem junto, velho. Poc, você vai na frente? Tem, tem aí. Pô, vou na frente, seu escudo. Nossa, ele guardou...",0.2327205687761306,0.740028977394104,0.0272504836320877,NEU,0.4239017963409424,0.003182342974469,0.1481245309114456,0.001124958274886,0.0400820188224315,0.0022215258795768,0.0055993585847318,0.20009702,AuthenticGames,Minecraft,Roblox Ratty Catty AUTHENTICGAMES VIROU UM RATINHO - Roblox Gato e Rato 01 [mZ_qhj363v4],,GZ,GZ,GZ,"🎬 Canal: AuthenticGames | 🎥 Vídeo: Roblox Ratty Catty AUTHENTICGAMES VIROU UM RATINHO - Roblox Gato e Rato 01 [mZ_qhj363v4]
⏱️ Segmento/Index: 7
──────────────────────────────────────────────────
Fala transcrita:
""Ah, fiquei preso. O Mindwing já era. E o Mindwing tá com a chave que liberta todo mundo. Aqui, Iagão. Não, não, mas ela volta. Eu acho que coloca... Ó, o que é isso aqui, mano? Falta um gerador só a funcionar, Iagão. Aí, ó, ó, eu coloquei o cartão aqui. Boa, boa. Vamos tentar agora. Deixa eu ver se dá pra pegar alguma dessas poções aqui. Não, não dá. Tem que ligar o gerador, ó. Vai, Iagão, é isso daqui que falta, hein. Agora tem que libertar o Cacá, né? Não, a gente tem que libertar o Cauê. E venham aqui comigo, ó. Dentro dessa sala tem um lugar de fazer poção e eu não sei como é que funciona. Eu coloquei um, tá vendo? Nossa, ele tá guardando caixão, tá? Só pra falar, vocês podem continuar que ele tá guardando caixão. Ô, louco, me dá uma porra. Temos três minutos, velho, pra dar um fora daqui porque já foi liberado a saída e também pra poder fazer a poção, mano. Então, vamos embora, vamos ajudar o cãozinho. Deixa o Cãozinho aí ou não? Ele tá guardando o que? Não, não, na verdade, Tete, não precisa me salvar, não. Ele tá guardando um caixão aqui, deixa ele vai que tá mal. Não, mas se a gente for junto, vem, Pocão, vem junto, velho. Poc, você vai na frente? Tem, tem aí. Pô, vou na frente, seu escudo. Nossa, ele guardou...""",Avaliador_C,Avaliador_E
9,"Tem muita traça, tem muita traça aqui. É verdade, isso é péssimo. Calma, vamos tentar fazer ele explodir. Cadê o Creeper? Explodiu, explodiu! Matou vários monstros. Ah, mas a traça tá atrapalhando demais. Tem esses zumbis que estão atrapalhando e tem guardiões aqui dentro. O problema são os guardiões. Deixa comigo os guardiões. Vamos lá. Toma, toma. Aí já foi mais um, mais esse. Pera aí, acabamos com todos? Eu acho que todos os monstros morreram. Eu tô aqui com efeito de veneno, mas já passou e agora é só olhar o cofre aqui. Sim, Lucky Block com 96% de sorte. Que isso, é muita coisa? É muita coisa, cara. É ótimo. O outro lá era péssimo, né? Você terminou de abrir até aqueles Lucky Blocks? Eu abri os três Lucky Blocks de azar. Eu vou colocar os três aqui, Beto, vou deixar você abrir dois. Cadê? Eu quero abrir. Eu quero abrir Lucky Block, que é da sorte agora.",0.975688099861145,0.0163403861224651,0.0079715400934219,NEG,0.6953431963920593,0.0038288258947432,0.1542842984199524,0.0011435252381488,0.1169095188379287,0.0171945393085479,0.0049935393035411,0.3722269,Robin Hood Gamer,Minecraft,ENCONTRAMOS CASAS DE MINÉRIOS GIGANTES NO CÉU DA VILA DO MINECRAFT [--X2s9oUcCM],,GZ,GZ,GZ,"🎬 Canal: Robin Hood Gamer | 🎥 Vídeo: ENCONTRAMOS CASAS DE MINÉRIOS GIGANTES NO CÉU DA VILA DO MINECRAFT [--X2s9oUcCM]
⏱️ Segmento/Index: 9
──────────────────────────────────────────────────
Fala transcrita:
""Tem muita traça, tem muita traça aqui. É verdade, isso é péssimo. Calma, vamos tentar fazer ele explodir. Cadê o Creeper? Explodiu, explodiu! Matou vários monstros. Ah, mas a traça tá atrapalhando demais. Tem esses zumbis que estão atrapalhando e tem guardiões aqui dentro. O problema são os guardiões. Deixa comigo os guardiões. Vamos lá. Toma, toma. Aí já foi mais um, mais esse. Pera aí, acabamos com todos? Eu acho que todos os monstros morreram. Eu tô aqui com efeito de veneno, mas já passou e agora é só olhar o cofre aqui. Sim, Lucky Block com 96% de sorte. Que isso, é muita coisa? É muita coisa, cara. É ótimo. O outro lá era péssimo, né? Você terminou de abrir até aqueles Lucky Blocks? Eu abri os três Lucky Blocks de azar. Eu vou colocar os três aqui, Beto, vou deixar você abrir dois. Cadê? Eu quero abrir. Eu quero abrir Lucky Block, que é da sorte agora.""",Avaliador_C,Avaliador_E
30,"É, primeiro round eu vou comprar logo um Atom. Isso que eu tô ligado, que ele vai comprar uma arma de um tiro e um gelo. Aí o que eu vou fazer? Vou fazer minha movimentação diferenciada aqui, nem uma cobra. Ele não vai nem saber quem foi que matou ele, tá ligado? E eu tenho que ganhar esse X1, pô, eu não posso perder não, pô. Se eu perder, como é que eu vou dar as quatro contas pra ele? Se eu nem ganhei aquele 4x4 apostado, ele jura que eu ganhei, mas eu nem ganhei? É, primeiro round, agora vai ser o seguinte, aquelas contas vão ser tudo minhas, não vou ganhar só uma não, vou ganhar logo é tudo. As contas são mais minhas do que dele, não precisa brincar nem em sábado, as contas atão é comigo aqui, pá. E vai ser o seguinte, vou comprar um M500 e um gelinho, gelinho pra fazer a movimentação e M500 vou só dar ação, tira na cara dele. E ele vai se arrepender logo, foi chamar logo quem? Se é por vir a lenda do X1, ai eu vou amassar a cara dele.",0.1968133151531219,0.7495793700218201,0.0536072812974453,NEU,0.2002897411584854,0.0005013954942114,0.0046697547659277,0.0007865855004638,0.005088445264846,0.1342351287603378,0.0021036353427916,0.3286776,meu nome é david,Roblox,X1 DOS CRIAS NA VIDA REAL   SUPER COMPILADOS [j-FPKmfw-c8],,GZ,GZ,GZ,"🎬 Canal: meu nome é david | 🎥 Vídeo: X1 DOS CRIAS NA VIDA REAL   SUPER COMPILADOS [j-FPKmfw-c8]
⏱️ Segmento/Index: 30
──────────────────────────────────────────────────
Fala transcrita:
""É, primeiro round eu vou comprar logo um Atom. Isso que eu tô ligado, que ele vai comprar uma arma de um tiro e um gelo. Aí o que eu vou fazer? Vou fazer minha movimentação diferenciada aqui, nem uma cobra. Ele não vai nem saber quem foi que matou ele, tá ligado? E eu tenho que ganhar esse X1, pô, eu não posso perder não, pô. Se eu perder, como é que eu vou dar as quatro contas pra ele? Se eu nem ganhei aquele 4x4 apostado, ele jura que eu ganhei, mas eu nem ganhei? É, primeiro round, agora vai ser o seguinte, aquelas contas vão ser tudo minhas, não vou ganhar só uma não, vou ganhar logo é tudo. As contas são mais minhas do que dele, não precisa brincar nem em sábado, as contas atão é comigo aqui, pá. E vai ser o seguinte, vou comprar um M500 e um gelinho, gelinho pra fazer a movimentação e M500 vou só dar ação, tira na cara dele. E ele vai se arrepender logo, foi chamar logo quem? Se é por vir a lenda do X1, ai eu vou amassar a cara dele.""",Avaliador_C,Avaliador_E
14,"Ah mano, eu não posso sair correndo assim Mas existem rumores Nós matamos muitas pessoas Nós quem? Para! Está me assustando Vem burar na mão de Deus Para, para, para, para, para Deixa eu terminar Eu só quero terminar o meu turno de hoje Ir para casa, tomar um banho Que o cheiro desse lixo aqui grudou na minha roupa Vou tomar um banho, meu chocolate quente E vou dormir Entra no caminhão rapidamente Tem mais ainda? Tava aqui já, saco do lixo? Abilitou meu acesso, vamos embora Acelera, caminhãozinho Quem que gritou, pessoal? Teve um grito de uma mulher? Eu não sei, eu sei que eu vou para frente Acabou a cidade? Fala que acabou Aqui é uma rodovia, para cá não vai? Eu vou para cá, olha Eu acho que agora eu estou saindo da... Ó, tchau, tchau Redville Aqui terminou a cidade, pessoal Acelera, vai mais rápido que você puder É muito gostoso dirigir esse caminhão, pessoal Ele é macio Tipo, eu não sei explicar É gostoso de controlar Fora que ele é silencioso também, né?",0.8829354643821716,0.0841621309518814,0.0329024642705917,NEG,0.2955789566040039,0.0007787183858454,0.0222663693130016,0.001003150595352,0.0895347371697425,0.0115582644939422,0.0144904116168618,0.37751234,Tex HS,Roblox,O LIXO DESSA CIDADE É ASSUSTADOR Cleaning Redville SextaDeTerror [lpzb8I_5YJk],,GZ,GZ,GZ,"🎬 Canal: Tex HS | 🎥 Vídeo: O LIXO DESSA CIDADE É ASSUSTADOR Cleaning Redville SextaDeTerror [lpzb8I_5YJk]
⏱️ Segmento/Index: 14
──────────────────────────────────────────────────
Fala transcrita:
""Ah mano, eu não posso sair correndo assim Mas existem rumores Nós matamos muitas pessoas Nós quem? Para! Está me assustando Vem burar na mão de Deus Para, para, para, para, para Deixa eu terminar Eu só quero terminar o meu turno de hoje Ir para casa, tomar um banho Que o cheiro desse lixo aqui grudou na minha roupa Vou tomar um banho, meu chocolate quente E vou dormir Entra no caminhão rapidamente Tem mais ainda? Tava aqui já, saco do lixo? Abilitou meu acesso, vamos embora Acelera, caminhãozinho Quem que gritou, pessoal? Teve um grito de uma mulher? Eu não sei, eu sei que eu vou para frente Acabou a cidade? Fala que acabou Aqui é uma rodovia, para cá não vai? Eu vou para cá, olha Eu acho que agora eu estou saindo da... Ó, tchau, tchau Redville Aqui terminou a cidade, pessoal Acelera, vai mais rápido que você puder É muito gostoso dirigir esse caminhão, pessoal Ele é macio Tipo, eu não sei explicar É gostoso de controlar Fora que ele é silencioso também, né?""",Avaliador_C,Avaliador_E
5,"Mas não sou eu, não, garoto. Não tem prova nada, eu, hein, garoto, tá chato. Galera, quase que o Eduarda me descobriu. Mas eu consegui aqui, ó, já fazer o meu Sonic. Já consegui atrapalhar ela também, vamos ver ali, ó. Olha lá, ela tá fazendo... Que coisa é essa, mano? Esse é um Sonic? Meu Deus, que coisa feia! Eu nunca vi um negócio tão feio como esse, eu tô até com medo. Vou pegar uma bolinha de neve aqui, galera, e vem aqui do canto, ó. Tá queimando bolinha de neve, será que ela percebeu? Que isso? Quem tacou o negócio aqui? Ai, ela olhou, ela olhou, ela olhou, ela olhou. Vamos fazer aqui, ó, o vídeo que tá construindo. Vou fazer barulho de bloco, galera, pra ela não desconfiar que eu não tô construindo nada. Do nada, maior solzão, começando a cair bolinha de neve. Tudo bem, né? Eduarda, falta dez segundos, Eduarda. Quê? Dez segundos, tio. Dez, que vem depois do nove e antes do onze. É, agora falta um set. Que, que, que, que, que, que, que, que, que, que, que, que, que, que, que? Eduarda, eu tô com medo de ver o teu. Deve estar um negócio feio parecendo você, garota. Por que que tu tá rindo? Eu tô rindo. Eu juro que você vai se impressionar. Eu tenho medo de me impressionar negativamente, Eduarda, de medo.",0.9677951335906982,0.0228980313986539,0.0093069318681955,NEG,0.2147045731544494,0.0037610195577144,0.0427617132663726,0.0028398360591381,0.0385608524084091,0.0023453671019524,0.006738715339452,0.37694603,Marcelodrv,Minecraft,Trollei minha AMIGA na BATALHA DE CONSTRUÇÃO - O FILME [dK_QtOJfaPM],,GZ,GZ,GZ,"🎬 Canal: Marcelodrv | 🎥 Vídeo: Trollei minha AMIGA na BATALHA DE CONSTRUÇÃO - O FILME [dK_QtOJfaPM]
⏱️ Segmento/Index: 5
──────────────────────────────────────────────────
Fala transcrita:
""Mas não sou eu, não, garoto. Não tem prova nada, eu, hein, garoto, tá chato. Galera, quase que o Eduarda me descobriu. Mas eu consegui aqui, ó, já fazer o meu Sonic. Já consegui atrapalhar ela também, vamos ver ali, ó. Olha lá, ela tá fazendo... Que coisa é essa, mano? Esse é um Sonic? Meu Deus, que coisa feia! Eu nunca vi um negócio tão feio como esse, eu tô até com medo. Vou pegar uma bolinha de neve aqui, galera, e vem aqui do canto, ó. Tá queimando bolinha de neve, será que ela percebeu? Que isso? Quem tacou o negócio aqui? Ai, ela olhou, ela olhou, ela olhou, ela olhou. Vamos fazer aqui, ó, o vídeo que tá construindo. Vou fazer barulho de bloco, galera, pra ela não desconfiar que eu não tô construindo nada. Do nada, maior solzão, começando a cair bolinha de neve. Tudo bem, né? Eduarda, falta dez segundos, Eduarda. Quê? Dez segundos, tio. Dez, que vem depois do nove e antes do onze. É, agora falta um set. Que, que, que, que, que, que, que, que, que, que, que, que, que, que, que? Eduarda, eu tô com medo de ver o teu. Deve estar um negócio feio parecendo você, garota. Por que que tu tá rindo? Eu tô rindo. Eu juro que você vai se impressionar. Eu tenho medo de me impressionar negativamente, Eduarda, de medo.""",Avaliador_C,Avaliador_E
4,"É! E a Amandinha, você sabe que tem cachorro que não gosta de ratinho, não, sabia? E eu acho que agora eu vou pegar a ratinha, Amandinha! Vem cá, Amandinha! Pega! Não! Nha! Nha! Pega, Amandinha! Nha! Nha! Nha! E olha, olha quem tá aqui! É um outro ratinho, um ratinho fofinho, né? E tem até um patinho. Olha a Ninizinha virou um patinho, gente! Olha que engraçado! E, gente, olha só esse daqui! Esse é aquele bichinho do fogo! Você viu? Ele solta fogo, esse bichinho, olha só! Tch, tch, tch, tch! Ele solta fogo, né? Ele solta fogo. Ué! O que é isso? Uá! É um porquinho fantasma! Quem é esse porquinho fantasma? Show-e! Oh, Kukê! Não gostei, não! Não gostei, Kukê! Você virou um porquinho fantasma, me deu susto, Kukê!",0.1029738783836364,0.7373585104942322,0.1596675515174865,NEU,0.4469603300094604,0.00268723256886,0.0517624095082283,0.0041526514105498,0.0637496933341026,0.0029696060810238,0.0038670538924634,0.36095104,Lokis,Roblox,LOKIS COLOCOU ROUPA DO PORQUINHO PIGGY  Roblox [rvpHTA2SwvQ],,GZ,GZ,GZ,"🎬 Canal: Lokis | 🎥 Vídeo: LOKIS COLOCOU ROUPA DO PORQUINHO PIGGY  Roblox [rvpHTA2SwvQ]
⏱️ Segmento/Index: 4
──────────────────────────────────────────────────
Fala transcrita:
""É! E a Amandinha, você sabe que tem cachorro que não gosta de ratinho, não, sabia? E eu acho que agora eu vou pegar a ratinha, Amandinha! Vem cá, Amandinha! Pega! Não! Nha! Nha! Pega, Amandinha! Nha! Nha! Nha! E olha, olha quem tá aqui! É um outro ratinho, um ratinho fofinho, né? E tem até um patinho. Olha a Ninizinha virou um patinho, gente! Olha que engraçado! E, gente, olha só esse daqui! Esse é aquele bichinho do fogo! Você viu? Ele solta fogo, esse bichinho, olha só! Tch, tch, tch, tch! Ele solta fogo, né? Ele solta fogo. Ué! O que é isso? Uá! É um porquinho fantasma! Quem é esse porquinho fantasma? Show-e! Oh, Kukê! Não gostei, não! Não gostei, Kukê! Você virou um porquinho fantasma, me deu susto, Kukê!""",Avaliador_C,Avaliador_E
3,"Eu vou fazer a mesma coisa com o navio de vocês! Vocês vão ver só! Iiiiiiihuuu! Vai, gente! Hoje tem rum pra todo mundo! Olha lá! O Eldinaru ficaram daquele lado do navio! Eu tô conseguindo me soltar das correntes! Eu tenho uma chance! É agora! É agora que eu vou fugir! Aí, escapei! Escapei só que os piratas me viram! Eles viram que eu escapei! Pega ele! Pega ele, Capitão! Eu preciso fugir desse caminho! Consegui pular na água! Você não vai fugir, Atus! É! Volta aqui! Capitão, eu consegui capturar ele! Vem! Traz ele de volta pro barco! Vem! Ah! O que vocês estão fazendo comigo? Tá muito quente! É! Vai ficar aí de castigo porque tentou fugir! É! Precisa aprender a não sair fugindo por aí, tá? Eu vou pular na água de novo só pra me esfriar! Ah é? Quer saber? Ah, não vai não! Sai por quê? Por quê? Então... Eldin... Ei, você tá pensando o que eu tô pensando? Eu vou chamar o Kraken! Um segundo, Capitão! Já volto! Que Kraken? O que vocês estão falando? Aham! Você vai ver nosso animalzinho de estimação! Vai! Anda na prancha! O-onde?",0.0888690650463104,0.8007851243019104,0.1103457659482956,NEU,0.4008951485157013,0.0017535749357193,0.0462901853024959,0.0009706883574835,0.0212161745876073,0.030954023823142,0.0037196457851678,0.2854835,Athos,Minecraft,Fui Engolido pelo Kraken no Minecraft [rZVCEH4Z4y8],,GZ,GZ,GZ,"🎬 Canal: Athos | 🎥 Vídeo: Fui Engolido pelo Kraken no Minecraft [rZVCEH4Z4y8]
⏱️ Segmento/Index: 3
──────────────────────────────────────────────────
Fala transcrita:
""Eu vou fazer a mesma coisa com o navio de vocês! Vocês vão ver só! Iiiiiiihuuu! Vai, gente! Hoje tem rum pra todo mundo! Olha lá! O Eldinaru ficaram daquele lado do navio! Eu tô conseguindo me soltar das correntes! Eu tenho uma chance! É agora! É agora que eu vou fugir! Aí, escapei! Escapei só que os piratas me viram! Eles viram que eu escapei! Pega ele! Pega ele, Capitão! Eu preciso fugir desse caminho! Consegui pular na água! Você não vai fugir, Atus! É! Volta aqui! Capitão, eu consegui capturar ele! Vem! Traz ele de volta pro barco! Vem! Ah! O que vocês estão fazendo comigo? Tá muito quente! É! Vai ficar aí de castigo porque tentou fugir! É! Precisa aprender a não sair fugindo por aí, tá? Eu vou pular na água de novo só pra me esfriar! Ah é? Quer saber? Ah, não vai não! Sai por quê? Por quê? Então... Eldin... Ei, você tá pensando o que eu tô pensando? Eu vou chamar o Kraken! Um segundo, Capitão! Já volto! Que Kraken? O que vocês estão falando? Aham! Você vai ver nosso animalzinho de estimação! Vai! Anda na prancha! O-onde?""",Avaliador_C,Avaliador_E
10,"Ele que deu ideia de amassar a sua cabeça, tá? Você devia agradecer! Cê tá louco, mas o David, ele é um rapaz tão bom, menino tão bom! Isso não vai ficar assim, não! Isso não vai ficar assim, não! Que isso? Eu vou fazer um ritual pra chamar o David de volta! Vai explodir, cara! Cê tá louco? O muvu gabedizal! Volta, David! O muvu gabedizal, o muvu gabedizal! Nossa, eu voltei! Aê! Eu sabia que o meu ritual ia dar certo! É sua última, última chance! Robin, por que você me baneou, Robin? Você é muito mau! Não faz mais isso, hein, Robin! E, David, chega de armadilhas! Agora temos que ir juntos! Mas aqui tem dinamites! TNTs azuis! Por que será? Conseguimos! Talvez porque tem a TNTs! Esse é o buraco mais perigoso de todos, hein! Nada de usar isqueiro por aqui! Cuidado, pessoal! Bloco invisível! Ôôôô, o que que é isso, hein? Eu vi esse ataque, eu sou rateiro! Foi o David, foi o David! Foi eu não, fui eu não! Que isso? Parei com isso! Tudo bloco falso! Cadê o Beto? Eu morri, meu! Eu morri! Eu não acredito, Beto! A gente tá preparando o caminho aqui, tranquilo pra você e você se mata!",0.4186950027942657,0.3072159588336944,0.274088978767395,NEG,0.9133058190345764,0.0119710369035601,0.052789457142353,0.0076114428229629,0.0587192997336387,0.0400972142815589,0.031344000250101,0.5559701,Robin Hood Gamer,Minecraft,NÃO ESCOLHA O BURACO ERRADO NO MINECRAFT TNT AZUL VS ESMERALDA [DeCo4HzucwQ],,T,T,T,"🎬 Canal: Robin Hood Gamer | 🎥 Vídeo: NÃO ESCOLHA O BURACO ERRADO NO MINECRAFT TNT AZUL VS ESMERALDA [DeCo4HzucwQ]
⏱️ Segmento/Index: 10
──────────────────────────────────────────────────
Fala transcrita:
""Ele que deu ideia de amassar a sua cabeça, tá? Você devia agradecer! Cê tá louco, mas o David, ele é um rapaz tão bom, menino tão bom! Isso não vai ficar assim, não! Isso não vai ficar assim, não! Que isso? Eu vou fazer um ritual pra chamar o David de volta! Vai explodir, cara! Cê tá louco? O muvu gabedizal! Volta, David! O muvu gabedizal, o muvu gabedizal! Nossa, eu voltei! Aê! Eu sabia que o meu ritual ia dar certo! É sua última, última chance! Robin, por que você me baneou, Robin? Você é muito mau! Não faz mais isso, hein, Robin! E, David, chega de armadilhas! Agora temos que ir juntos! Mas aqui tem dinamites! TNTs azuis! Por que será? Conseguimos! Talvez porque tem a TNTs! Esse é o buraco mais perigoso de todos, hein! Nada de usar isqueiro por aqui! Cuidado, pessoal! Bloco invisível! Ôôôô, o que que é isso, hein? Eu vi esse ataque, eu sou rateiro! Foi o David, foi o David! Foi eu não, fui eu não! Que isso? Parei com isso! Tudo bloco falso! Cadê o Beto? Eu morri, meu! Eu morri! Eu não acredito, Beto! A gente tá preparando o caminho aqui, tranquilo pra você e você se mata!""",Avaliador_C,Avaliador_E
21,"Óbvio que vai nascer mais um bruh. Calma, preciso de um, dois. Boa. Boa, mano! Será que o End agora também é feito com blocks? Que maravilhoso, véi! Nossa! Dá pra enxergar lá embaixo. Que maluquice, mano. Tá, véi. Deixa eu jogar lá. Vai! Nossa, agora. Uh! Foi! Nossa, mano! Agora... Calma, eu vou pra lá, véi. Hihihi! Nossa, véi! Vai embora. Acho que subir assim é mais rápido, véi. Aí, ó. Vai embora ali. Nossa, eu to vendo muito dano. Vai ali. Vou pra ali agora. Boa. Falta ali, véi. Será que tem que acertar assim, mano? Eu não sei, véi. Eu tô indo na forma mais tradicional aqui. Boa! GG, mano. Tô com os cristais todos destruídos aqui. A cama. Tem que fazer a cama, véi. Eu tenho uma cama aqui. Ai, meu Deus.",0.0557828396558761,0.2939177751541137,0.6502993702888489,POS,0.3902384638786316,0.0017481178510934,0.0460970140993595,0.0028243365231901,0.1195451840758323,0.0433816760778427,0.0088277738541364,0.3666224,Geleia,Minecraft,minecraft mas TODOS OS BIOMAS SÃO ALEATÓRIOS [rhyiiIQCWF8],,GZ,GZ,GZ,"🎬 Canal: Geleia | 🎥 Vídeo: minecraft mas TODOS OS BIOMAS SÃO ALEATÓRIOS [rhyiiIQCWF8]
⏱️ Segmento/Index: 21
──────────────────────────────────────────────────
Fala transcrita:
""Óbvio que vai nascer mais um bruh. Calma, preciso de um, dois. Boa. Boa, mano! Será que o End agora também é feito com blocks? Que maravilhoso, véi! Nossa! Dá pra enxergar lá embaixo. Que maluquice, mano. Tá, véi. Deixa eu jogar lá. Vai! Nossa, agora. Uh! Foi! Nossa, mano! Agora... Calma, eu vou pra lá, véi. Hihihi! Nossa, véi! Vai embora. Acho que subir assim é mais rápido, véi. Aí, ó. Vai embora ali. Nossa, eu to vendo muito dano. Vai ali. Vou pra ali agora. Boa. Falta ali, véi. Será que tem que acertar assim, mano? Eu não sei, véi. Eu tô indo na forma mais tradicional aqui. Boa! GG, mano. Tô com os cristais todos destruídos aqui. A cama. Tem que fazer a cama, véi. Eu tenho uma cama aqui. Ai, meu Deus.""",Avaliador_C,Avaliador_E
25,"Não era um ano? Não, eu não falei um ano não, tá maluco? Ah, tá, mas como é que eu posso ir aqui agora? Eu cheguei perto ali e voltei lá pro início! É, faz parte do labirinto, né? Você vai ter que descobrir sozinho! Ai, meu Deus do céu, calma aí! Será que tem alguma armadilha aqui? Eu jogo aqui... Opa! Descobriu um bloco falso! Ah, seu danadinho! Eu sou esperto! É até que você é inteligente! Tá, e agora a gente pula aqui! E beleza, eu consegui passar! E olha só, você vai ficar um ano sem me trollar, porque isso aqui valeu por um bilhão de trollagens! Uma hora! E você que assistiu o vídeo até o final, comenta susto! Que assim, a gente vai saber que você assistiu!",0.8203461766242981,0.1627954542636871,0.0168584585189819,NEG,0.2479026168584823,0.001365563715808,0.0334620401263237,0.0018597426824271,0.0670966729521751,0.0018574064597487,0.0021000027190893,0.37751234,Kass e KR,Minecraft,Trolei meu AMIGO com MOD de TERROR REALISTA no Minecraft [rnVzaTe5nOA],,GZ,GZ,GZ,"🎬 Canal: Kass e KR | 🎥 Vídeo: Trolei meu AMIGO com MOD de TERROR REALISTA no Minecraft [rnVzaTe5nOA]
⏱️ Segmento/Index: 25
──────────────────────────────────────────────────
Fala transcrita:
""Não era um ano? Não, eu não falei um ano não, tá maluco? Ah, tá, mas como é que eu posso ir aqui agora? Eu cheguei perto ali e voltei lá pro início! É, faz parte do labirinto, né? Você vai ter que descobrir sozinho! Ai, meu Deus do céu, calma aí! Será que tem alguma armadilha aqui? Eu jogo aqui... Opa! Descobriu um bloco falso! Ah, seu danadinho! Eu sou esperto! É até que você é inteligente! Tá, e agora a gente pula aqui! E beleza, eu consegui passar! E olha só, você vai ficar um ano sem me trollar, porque isso aqui valeu por um bilhão de trollagens! Uma hora! E você que assistiu o vídeo até o final, comenta susto! Que assim, a gente vai saber que você assistiu!""",Avaliador_C,Avaliador_E
0,"Logs, eu tô com medo pra me esconder dentro da geladeira! É, Sofia, se esconde, tá bom? Não! A lixofinha, porra! Ah, tem, tem, tem! Ah, não! Calma, menina! Tem esse gato aqui, ó! Pegou! Alguém testemunha um evento fantasma? Evento fantasma? Fantasma? Fantasma! Fantasma! Vamos a um fantasma, Logs! Gente, tem fantasma aqui, fantasma! Olha onde a gente tá! Ah, Logs, você trouxe a gente pro lugar fantasma! Desculpa, desculpa! Por que você fez isso? Claro, o fantasma vai vir atrás da gente! A gente tá atrapalhando o lugar dele! Eu pensei que a gente tá vindo pro lugar legal! Eu acho que a gente veio pro lugar que tem fantasma! Ah, não! Vim pra lua, culpa é sua! E tá tudo escuro!",0.1058041378855705,0.7238001823425293,0.1703956723213195,NEU,0.852302610874176,0.0054776528850197,0.2892190814018249,0.0019381413003429,0.0603539496660232,0.0035316967405378,0.0119103910401463,0.47119883,Lokis,Roblox,SUSTO DO FANTASMA NA CASA ASSOMBRADA  Roblox - Specter [9HwOobqPjqw],,T,T,T,"🎬 Canal: Lokis | 🎥 Vídeo: SUSTO DO FANTASMA NA CASA ASSOMBRADA  Roblox - Specter [9HwOobqPjqw]
⏱️ Segmento/Index: 0
──────────────────────────────────────────────────
Fala transcrita:
""Logs, eu tô com medo pra me esconder dentro da geladeira! É, Sofia, se esconde, tá bom? Não! A lixofinha, porra! Ah, tem, tem, tem! Ah, não! Calma, menina! Tem esse gato aqui, ó! Pegou! Alguém testemunha um evento fantasma? Evento fantasma? Fantasma? Fantasma! Fantasma! Vamos a um fantasma, Logs! Gente, tem fantasma aqui, fantasma! Olha onde a gente tá! Ah, Logs, você trouxe a gente pro lugar fantasma! Desculpa, desculpa! Por que você fez isso? Claro, o fantasma vai vir atrás da gente! A gente tá atrapalhando o lugar dele! Eu pensei que a gente tá vindo pro lugar legal! Eu acho que a gente veio pro lugar que tem fantasma! Ah, não! Vim pra lua, culpa é sua! E tá tudo escuro!""",Avaliador_C,Avaliador_E
10,"É, eu nem me importo com isso! Isso aí é só uma mínima parte de tudo que eu tenho! Eu não me importo! Ah, é mesmo? Então agora é só me dizer onde tá todo o resto! Eu não vou dizer nada, não vou dizer nada! Pode abrir esse cofre e fica com o dinheiro aí, acho bom me libertar! Não, não! Já peguei o dinheiro que tá aqui, não tem problema! Mas eu só vou te libertar quando eu saber onde tá todo o resto, Atos! Eu quero todo o seu dinheiro! Então você tem um grave problema, porque a coisa mais preciosa que eu tenho é o meu coração! Ah, o coração? Ah, que ideia maravilhosa! Não tem problema, eu vou roubar seu coração! Não, Naru, não faça uma coisa dessa, você tá maluco! Talvez um pouquinho, mas não tem problema não, a gente arranca! Eu vou chamar o Dr. Hanson Crotus, pera aí! Naru, você tá doido! Volta aqui, Naru! O Furious chegou até o banco, só que ele não tá entendendo porque as portas do banco estão abertas de noite, porque tá cheio de buracos ali na frente! Pera aí, por que o banco tá todo aberto a hora dessa?",0.1976680159568786,0.6731168627738953,0.1292150914669037,NEU,0.773591160774231,0.0069721397012472,0.0672710016369819,0.0038461009971797,0.074015125632286,0.0066305072978138,0.0057798107154667,0.34757367,Athos,Minecraft,Passei 99 dias RAPTADO no Minecraft [ect7BzJTxzs],,GZ,GZ,GZ,"🎬 Canal: Athos | 🎥 Vídeo: Passei 99 dias RAPTADO no Minecraft [ect7BzJTxzs]
⏱️ Segmento/Index: 10
──────────────────────────────────────────────────
Fala transcrita:
""É, eu nem me importo com isso! Isso aí é só uma mínima parte de tudo que eu tenho! Eu não me importo! Ah, é mesmo? Então agora é só me dizer onde tá todo o resto! Eu não vou dizer nada, não vou dizer nada! Pode abrir esse cofre e fica com o dinheiro aí, acho bom me libertar! Não, não! Já peguei o dinheiro que tá aqui, não tem problema! Mas eu só vou te libertar quando eu saber onde tá todo o resto, Atos! Eu quero todo o seu dinheiro! Então você tem um grave problema, porque a coisa mais preciosa que eu tenho é o meu coração! Ah, o coração? Ah, que ideia maravilhosa! Não tem problema, eu vou roubar seu coração! Não, Naru, não faça uma coisa dessa, você tá maluco! Talvez um pouquinho, mas não tem problema não, a gente arranca! Eu vou chamar o Dr. Hanson Crotus, pera aí! Naru, você tá doido! Volta aqui, Naru! O Furious chegou até o banco, só que ele não tá entendendo porque as portas do banco estão abertas de noite, porque tá cheio de buracos ali na frente! Pera aí, por que o banco tá todo aberto a hora dessa?""",Avaliador_C,Avaliador_E
1,"Estou pertinho dele! Pra onde ele foi? Eu vou atrás! Ele é o xerifão! Ele está perto de você! Ele me deu um susto porque ele está com a metinha. Eu acho que eu vou ficar escondidinho aqui. Vem, bananinha, vem! Não vamos ficar paradinho, não! Se não morde, vai pegar a gente! Vamos lá pra fora que eu tenho um esconderijo muito legal. Vem, bananinha, vem! Que bananinha, tá vindo! Cadê vocês? Quem é? Onad, por que você tá perguntando quem é? Cadê a gente? Porque eu quis saber! Onad, eu tô achando que você é morde, Onad! Eu tô achando! Não, não! Onad, se você for morde, eu vou contar pro bananinha! É você, sim, Onad! É a Onad! É o pintinho amarelinho! O pintinho amarelinho! Não, o bananinha, ele não é mordezinho, não é! O pintinho amarelinho casa a minha mão na minha mão! Não, não é, Onad, ele é bananinha! O pintinho amarelinho! Sabe quem tá muito caladinha? É a Nick! É a Nick! Eu não, eu não! Eu vi! Eu vi a Nick! Eu vou pegar a minha!",0.1314562857151031,0.6743420362472534,0.1942016631364822,NEU,0.4930567443370819,0.005576436407864,0.0566045455634593,0.0065576694905757,0.0384927988052368,0.006750326603651,0.0146312545984983,0.25462922,Lokis,Roblox,FAQUINHA DO PAPAI NOEL  Roblox - Murder Mystery 2 [n1Mc4yYnJ1o],,GZ,GZ,GZ,"🎬 Canal: Lokis | 🎥 Vídeo: FAQUINHA DO PAPAI NOEL  Roblox - Murder Mystery 2 [n1Mc4yYnJ1o]
⏱️ Segmento/Index: 1
──────────────────────────────────────────────────
Fala transcrita:
""Estou pertinho dele! Pra onde ele foi? Eu vou atrás! Ele é o xerifão! Ele está perto de você! Ele me deu um susto porque ele está com a metinha. Eu acho que eu vou ficar escondidinho aqui. Vem, bananinha, vem! Não vamos ficar paradinho, não! Se não morde, vai pegar a gente! Vamos lá pra fora que eu tenho um esconderijo muito legal. Vem, bananinha, vem! Que bananinha, tá vindo! Cadê vocês? Quem é? Onad, por que você tá perguntando quem é? Cadê a gente? Porque eu quis saber! Onad, eu tô achando que você é morde, Onad! Eu tô achando! Não, não! Onad, se você for morde, eu vou contar pro bananinha! É você, sim, Onad! É a Onad! É o pintinho amarelinho! O pintinho amarelinho! Não, o bananinha, ele não é mordezinho, não é! O pintinho amarelinho casa a minha mão na minha mão! Não, não é, Onad, ele é bananinha! O pintinho amarelinho! Sabe quem tá muito caladinha? É a Nick! É a Nick! Eu não, eu não! Eu vi! Eu vi a Nick! Eu vou pegar a minha!""",Avaliador_C,Avaliador_E
0,"E cá está mais um x1 que toda a comunidade do Free Fire estava esperando Amy Scarlett contra Lady Perigosa, ou mais conhecida como Abot Ela tava querendo ficar no meu time, mas como isso é impossível ela tem que ficar no time contrário Vai Lady aceita que tu vai perder, ninguém mandou você brigar comigo A partida tava começando e ela falou que ia me bagaçar na águia do deserto Então eu falei também vou puxar águia, se você vier me tombar tu vai tombar também Eu já tava fazendo a movimentação de ratazão é pra ela sentir a pressão da garota, a minha pressão E eu confesso a cada passo era um eita porque eu não sabia onde essa pilã tratava Real, não joga em contra a Lady, ela fica se escondendo e você fica nervosa Quando ela falou que tava me vendo eu fiquei toda cagada, meu Deus cadê essa mulher Finalmente eu avistei o saco de lixo correndo, eu nem sabia que lixo andava e ela tava correndo ali no meio do aberto Eu já rodei meu analógico pra ela sentir a pressão da garota Quando eu fui atacar ninguém esperava por isso, cadê essa mulher?",0.2093689292669296,0.5108369588851929,0.2797941267490387,NEU,0.7062991857528687,0.0042203604243695,0.1607697308063507,0.0033413025084882,0.0891846865415573,0.0029899717774242,0.0255785807967185,0.295883,Amy Scarlet,Roblox,Amy Scarlet vs Lady Perigosa [5O8kYhtTHt4],,GZ,GZ,GZ,"🎬 Canal: Amy Scarlet | 🎥 Vídeo: Amy Scarlet vs Lady Perigosa [5O8kYhtTHt4]
⏱️ Segmento/Index: 0
──────────────────────────────────────────────────
Fala transcrita:
""E cá está mais um x1 que toda a comunidade do Free Fire estava esperando Amy Scarlett contra Lady Perigosa, ou mais conhecida como Abot Ela tava querendo ficar no meu time, mas como isso é impossível ela tem que ficar no time contrário Vai Lady aceita que tu vai perder, ninguém mandou você brigar comigo A partida tava começando e ela falou que ia me bagaçar na águia do deserto Então eu falei também vou puxar águia, se você vier me tombar tu vai tombar também Eu já tava fazendo a movimentação de ratazão é pra ela sentir a pressão da garota, a minha pressão E eu confesso a cada passo era um eita porque eu não sabia onde essa pilã tratava Real, não joga em contra a Lady, ela fica se escondendo e você fica nervosa Quando ela falou que tava me vendo eu fiquei toda cagada, meu Deus cadê essa mulher Finalmente eu avistei o saco de lixo correndo, eu nem sabia que lixo andava e ela tava correndo ali no meio do aberto Eu já rodei meu analógico pra ela sentir a pressão da garota Quando eu fui atacar ninguém esperava por isso, cadê essa mulher?""",Avaliador_C,Avaliador_E
8,"Libera aí, libera essa fábrica Eu quero entrar Beleza, o cara tá parado ali Pelo jeito não vai deixar eu entrar mesmo Vamos ver se o Vegeta vai deixar eu entrar Vamos, vamos Eu estou aqui, Vegeta, eu estou aqui pra lutar Abre essa fábrica Vou ficar com o Shuriken Que é a Shuriken Eu cortei o Vegeta, matei ele Depois só finalizei na Katana Ah, não dá pra acertar ele com essa porta fechada Abre aí, medroso Não dá, não dá pra lutar com ele Opa, ele saiu Saiu Shuriken Vai, vai, vai, vai Vai, Shuriken Vai Não, ele saiu bem na hora Tem que desviar, tem que desviar A gente tá tentando fazer o ataque de Shuriken Vai Droga O Vegeta me matou Agora eu tô muito bravo Eu vou me transformar no Goku Eu não vou conseguir virar um Super Saiyan Mas eu vou desbloquear novas habilidades especiais É isso Tô me transformando, vamos lá Cadê o cabelo? Olha a minha cara, ela estica E volta E eu viro o Goku Muito louco esse Goku, tá bem realista, hein Gostei bastante E agora tá na hora de desbloquear Ah, não Isso aqui é a pior coisa que existe Olha isso Eu nunca entendi esse equipamento aqui É um pedaço de madeira Ligado no outro com uma corrente Pra mim não faz sentido não, cara Vou deixar isso aqui no meu inventário E não vou usar Não, de jeito nenhum Vamos ver o que é isso Caraca, mas que braço é esse?",0.5184972882270813,0.4237212538719177,0.0577814914286136,NEG,0.6551256775856018,0.0162505749613046,0.0556950755417346,0.0076165017671883,0.048833929002285,0.007684193085879,0.0155985616147518,0.25462922,Robin Hood Gamer,Minecraft,FÁBRICA DO GOKU NO ROBLOX Dragon Ball Super Tycoon [BwHmGFTXjSk],,GZ,GZ,GZ,"🎬 Canal: Robin Hood Gamer | 🎥 Vídeo: FÁBRICA DO GOKU NO ROBLOX Dragon Ball Super Tycoon [BwHmGFTXjSk]
⏱️ Segmento/Index: 8
──────────────────────────────────────────────────
Fala transcrita:
""Libera aí, libera essa fábrica Eu quero entrar Beleza, o cara tá parado ali Pelo jeito não vai deixar eu entrar mesmo Vamos ver se o Vegeta vai deixar eu entrar Vamos, vamos Eu estou aqui, Vegeta, eu estou aqui pra lutar Abre essa fábrica Vou ficar com o Shuriken Que é a Shuriken Eu cortei o Vegeta, matei ele Depois só finalizei na Katana Ah, não dá pra acertar ele com essa porta fechada Abre aí, medroso Não dá, não dá pra lutar com ele Opa, ele saiu Saiu Shuriken Vai, vai, vai, vai Vai, Shuriken Vai Não, ele saiu bem na hora Tem que desviar, tem que desviar A gente tá tentando fazer o ataque de Shuriken Vai Droga O Vegeta me matou Agora eu tô muito bravo Eu vou me transformar no Goku Eu não vou conseguir virar um Super Saiyan Mas eu vou desbloquear novas habilidades especiais É isso Tô me transformando, vamos lá Cadê o cabelo? Olha a minha cara, ela estica E volta E eu viro o Goku Muito louco esse Goku, tá bem realista, hein Gostei bastante E agora tá na hora de desbloquear Ah, não Isso aqui é a pior coisa que existe Olha isso Eu nunca entendi esse equipamento aqui É um pedaço de madeira Ligado no outro com uma corrente Pra mim não faz sentido não, cara Vou deixar isso aqui no meu inventário E não vou usar Não, de jeito nenhum Vamos ver o que é isso Caraca, mas que braço é esse?""",Avaliador_C,Avaliador_E
13,"Vamos ficar invisível! E vamos chegar lá perto da construção do Cadres. Deixa eu espionar ela! Olha só! Tá bonito! Nossa, eu poderia muito trollar ele agora! Eu poderia muito trollar ele, mas eu não vou fazer isso! E o pior é que por eu não saber construir uma fonte, isso daqui tá deixando a minha casa feia! Mas eu não posso parar, senão o Atus vai descobrir! Ah, quer saber? Eu vou fazer uns detalhezinhos aqui a mais, só pra ver se isso daqui fica menos pior. Agora eu vou vir aqui no meio e colocar essas escadas. E aqui em cima eu vou colocar mais um pouquinho. Ai não, aqui não, aqui não! Eu preciso colocar, na verdade, aqui embaixo. E agora, só pra finalizar, eu coloco uma laje aqui em cima e coloco mais um monte de laje aqui. E essa daqui vai ser a nossa fonte. Eu não vou trollar, eu vou voltar pra casinha e esperar ele. Ficou muito feio isso, mas quer saber? Eu vou voltar pra casinha. E o Atus tá me espionando agora de cima! Atus, você tem que parar de me espionar! Não, eu só tô testando minha luneta, eu limpei a lente dela. Ah, você tá me espionando, você acha que eu não sei, não? Ah, é que olha só que construção bonita!",0.242025688290596,0.4764040410518646,0.2815702557563782,NEU,0.2166111469268798,0.0070325261913239,0.0486087650060653,0.0043756323866546,0.0398604869842529,0.0102189797908067,0.0030441787093877,0.2854971,Cadres,Minecraft,MANSÃO de R1 vs MANSÃO de R1.000.00000 no Minecraft [ShDYg0jAb-A],,GZ,GZ,GZ,"🎬 Canal: Cadres | 🎥 Vídeo: MANSÃO de R1 vs MANSÃO de R1.000.00000 no Minecraft [ShDYg0jAb-A]
⏱️ Segmento/Index: 13
──────────────────────────────────────────────────
Fala transcrita:
""Vamos ficar invisível! E vamos chegar lá perto da construção do Cadres. Deixa eu espionar ela! Olha só! Tá bonito! Nossa, eu poderia muito trollar ele agora! Eu poderia muito trollar ele, mas eu não vou fazer isso! E o pior é que por eu não saber construir uma fonte, isso daqui tá deixando a minha casa feia! Mas eu não posso parar, senão o Atus vai descobrir! Ah, quer saber? Eu vou fazer uns detalhezinhos aqui a mais, só pra ver se isso daqui fica menos pior. Agora eu vou vir aqui no meio e colocar essas escadas. E aqui em cima eu vou colocar mais um pouquinho. Ai não, aqui não, aqui não! Eu preciso colocar, na verdade, aqui embaixo. E agora, só pra finalizar, eu coloco uma laje aqui em cima e coloco mais um monte de laje aqui. E essa daqui vai ser a nossa fonte. Eu não vou trollar, eu vou voltar pra casinha e esperar ele. Ficou muito feio isso, mas quer saber? Eu vou voltar pra casinha. E o Atus tá me espionando agora de cima! Atus, você tem que parar de me espionar! Não, eu só tô testando minha luneta, eu limpei a lente dela. Ah, você tá me espionando, você acha que eu não sei, não? Ah, é que olha só que construção bonita!""",Avaliador_C,Avaliador_E
8,"Eu vou te levar no pet shop que eu vou deixar lá você para do chão! Quê? O que você vai fazer comigo? Vai me deixar pra onde eu sou? É! Eu hein! Socorro! Eu tô presa do arfanato, é culpa do sorveteiro! Socorro! Ele me deixou aqui! Ele é maluco, alguém me salva! Eu vou te adotar! Quê? Eu não quero você como pai! Adotei! Eu vou adotar! Eu vou fugir! Vai você não consegue fugir! Eu vou fugir sim! Você não vai acreditar no que eu vou fazer! Você vai me no pet! Não, olha o que eu vou fazer! Eu vou pegar você no coque! Olha onde eu tô! Eu tô do outro lado! Ai eu tô presa no fim! Eu consigo pegar você ainda! Ai ele é louco, gente!",0.1967970728874206,0.7125416398048401,0.0906612798571586,NEU,0.9716501832008362,0.0092480517923831,0.0711425840854644,0.0035216426476836,0.1632128804922104,0.0582328587770462,0.0176806505769491,0.42985553,Papile,Roblox,SORVETEIRO ROD DO ICE SCREAM FOI ENCONTRADO NO ADOPT ME Roblox [U5Mih084fu0],,T,T,T,"🎬 Canal: Papile | 🎥 Vídeo: SORVETEIRO ROD DO ICE SCREAM FOI ENCONTRADO NO ADOPT ME Roblox [U5Mih084fu0]
⏱️ Segmento/Index: 8
──────────────────────────────────────────────────
Fala transcrita:
""Eu vou te levar no pet shop que eu vou deixar lá você para do chão! Quê? O que você vai fazer comigo? Vai me deixar pra onde eu sou? É! Eu hein! Socorro! Eu tô presa do arfanato, é culpa do sorveteiro! Socorro! Ele me deixou aqui! Ele é maluco, alguém me salva! Eu vou te adotar! Quê? Eu não quero você como pai! Adotei! Eu vou adotar! Eu vou fugir! Vai você não consegue fugir! Eu vou fugir sim! Você não vai acreditar no que eu vou fazer! Você vai me no pet! Não, olha o que eu vou fazer! Eu vou pegar você no coque! Olha onde eu tô! Eu tô do outro lado! Ai eu tô presa no fim! Eu consigo pegar você ainda! Ai ele é louco, gente!""",Avaliador_C,Avaliador_E
3,"Sai pra lá Eu vou te acertar, vou te acertar, ah tá, calma JP, se concentra, eu sei, eu sei que eu tô nervoso Mas é que você tá me irritando, você me empurrou de cima da montanha Que mal, foi sequeré JP, ai Ai, é bom mesmo, é bom mesmo que tenha sido sem querer, vem por aqui, por aqui, porque eu não lembro, cadê o baú? O baú tava pra cá né? O baú tava pra cá, a gente... Para com isso, nós não podemos fazer muito barulho Porque senão vai chamar a atenção dessas criaturas, dos zumbis Olha essa planta aqui, eu me assustei Ah, você se assustou com uma planta, é realmente uma planta bem feia Mas se concentra, se concentra na missão que é chegar até o baú Que tá logo ali ó, se tem um zumbizinho, será que ele vai me ver?",0.4109259247779846,0.4360372126102447,0.1530368030071258,NEU,0.5875768661499023,0.0103604877367615,0.0633582174777984,0.0053859339095652,0.0422957651317119,0.0146294385194778,0.0085652926936745,0.32236105,JP Plays,Minecraft,MINECRAFT mas COM ARMAS [h1qn5jPVobU],,GZ,GZ,GZ,"🎬 Canal: JP Plays | 🎥 Vídeo: MINECRAFT mas COM ARMAS [h1qn5jPVobU]
⏱️ Segmento/Index: 3
──────────────────────────────────────────────────
Fala transcrita:
""Sai pra lá Eu vou te acertar, vou te acertar, ah tá, calma JP, se concentra, eu sei, eu sei que eu tô nervoso Mas é que você tá me irritando, você me empurrou de cima da montanha Que mal, foi sequeré JP, ai Ai, é bom mesmo, é bom mesmo que tenha sido sem querer, vem por aqui, por aqui, porque eu não lembro, cadê o baú? O baú tava pra cá né? O baú tava pra cá, a gente... Para com isso, nós não podemos fazer muito barulho Porque senão vai chamar a atenção dessas criaturas, dos zumbis Olha essa planta aqui, eu me assustei Ah, você se assustou com uma planta, é realmente uma planta bem feia Mas se concentra, se concentra na missão que é chegar até o baú Que tá logo ali ó, se tem um zumbizinho, será que ele vai me ver?""",Avaliador_C,Avaliador_E
5,"Meu Deus, vai, vai. Vai verdinho, vai verdinho, eu confio. Vai, vai. Tu tem que se escorar atrás do negocinho pra eles não te derrubar, né. Por favor, já morreu um ali e já se fundiu com o outro ali. Morreu o outro e já se fundiu também. Só 3 sobrando. Ah, o verde já morreu, eu acho. Olha, esse aqui é inteligente, ó. Ó, ó, ó, ó, vai, vai, vai, vai. Corre, bichinho. Meu Deus. Boa, boa, passou os dois, vai. Agora vocês tem que decidir pra qual lado vocês vão. Vai um pra cá e outro pra lá pra decidir qual é o melhor. Aí depois o pretinho foi lá pelo lado, o verdinho também. O verdinho morreu, velho. Ah, o pretinho vai se matar agora, quer ver? Não, não, foi, foi. Não. Ah, velho, é muito difícil. Caramba, mano. Verdinho, vai verdinho, vai verdinho, vai verdinho, vai verdinho, vai verdinho. Vamos ver, vamos ver, eu confio em você, vai verdinho, vamos ver, eu confio em você, vamos ver, vamos ver, eu confio em você, se você morrer. Vai, por favor, eu confio em você. Não, corre, bichinho, corre.",0.2411283552646637,0.5157623291015625,0.2431093603372573,NEU,0.7225968241691589,0.0059679527767002,0.0494928807020187,0.0036128172650933,0.0961362272500991,0.1009694188833236,0.0144748939201235,0.2854937,Geleia,Minecraft,FALL GUYS no MINECRAFT INCRÍVEL [Gd81sB6c788],,GZ,GZ,GZ,"🎬 Canal: Geleia | 🎥 Vídeo: FALL GUYS no MINECRAFT INCRÍVEL [Gd81sB6c788]
⏱️ Segmento/Index: 5
──────────────────────────────────────────────────
Fala transcrita:
""Meu Deus, vai, vai. Vai verdinho, vai verdinho, eu confio. Vai, vai. Tu tem que se escorar atrás do negocinho pra eles não te derrubar, né. Por favor, já morreu um ali e já se fundiu com o outro ali. Morreu o outro e já se fundiu também. Só 3 sobrando. Ah, o verde já morreu, eu acho. Olha, esse aqui é inteligente, ó. Ó, ó, ó, ó, vai, vai, vai, vai. Corre, bichinho. Meu Deus. Boa, boa, passou os dois, vai. Agora vocês tem que decidir pra qual lado vocês vão. Vai um pra cá e outro pra lá pra decidir qual é o melhor. Aí depois o pretinho foi lá pelo lado, o verdinho também. O verdinho morreu, velho. Ah, o pretinho vai se matar agora, quer ver? Não, não, foi, foi. Não. Ah, velho, é muito difícil. Caramba, mano. Verdinho, vai verdinho, vai verdinho, vai verdinho, vai verdinho, vai verdinho. Vamos ver, vamos ver, eu confio em você, vai verdinho, vamos ver, eu confio em você, vamos ver, vamos ver, eu confio em você, se você morrer. Vai, por favor, eu confio em você. Não, corre, bichinho, corre.""",Avaliador_C,Avaliador_E
1,"Ai mano, falei pra tu que não ia dar certo essa cauda, caiu um cara de cara Não, foi mal, foi mal, acontece, a culpa foi minha, realmente foi um equivo que eu errei, tô muito equivocado aqui Tô triste, mas menos 50 Mano, nós vamos cair ali no aberto, confia que vai dar bom Tem certeza, ali tá com cara que vai cair muita gente Meu amigo, eu já passei alguma cauda errada pra tu, confia na cauda do ânimo Beleza, vamos pular lá então Vai!",0.4804385006427765,0.4626966118812561,0.0568648912012577,NEG,0.0458244644105434,0.0009946830105036,0.0139462379738688,0.0005559895071201,0.0109845390543341,0.005354537628591,0.0027373246848583,0.16158698,meu nome é david,Roblox,FREE FIRE NA VIDA REAL - EXPECTATIVA VS REALIDADE 3 [mP0M-3P1Ae4],,NT,NT,NT,"🎬 Canal: meu nome é david | 🎥 Vídeo: FREE FIRE NA VIDA REAL - EXPECTATIVA VS REALIDADE 3 [mP0M-3P1Ae4]
⏱️ Segmento/Index: 1
──────────────────────────────────────────────────
Fala transcrita:
""Ai mano, falei pra tu que não ia dar certo essa cauda, caiu um cara de cara Não, foi mal, foi mal, acontece, a culpa foi minha, realmente foi um equivo que eu errei, tô muito equivocado aqui Tô triste, mas menos 50 Mano, nós vamos cair ali no aberto, confia que vai dar bom Tem certeza, ali tá com cara que vai cair muita gente Meu amigo, eu já passei alguma cauda errada pra tu, confia na cauda do ânimo Beleza, vamos pular lá então Vai!""",Avaliador_C,Avaliador_E
0,de mata minha para Jela Fina Mortal Jela Fina Mortal Jela Fina Mortal,0.0478754229843616,0.6958615779876709,0.2562629580497741,NEU,0.345215767621994,0.005989734083414,0.0372418984770774,0.0057726660743355,0.0256162174046039,0.0257484037429094,0.0077968053519725,0.22445217,Amy Scarlet,Roblox,Minha mãe ama a filha que tem hahahah [r6mdhU7pMiU],,GZ,GZ,GZ,"🎬 Canal: Amy Scarlet | 🎥 Vídeo: Minha mãe ama a filha que tem hahahah [r6mdhU7pMiU]
⏱️ Segmento/Index: 0
──────────────────────────────────────────────────
Fala transcrita:
""de mata minha para Jela Fina Mortal Jela Fina Mortal Jela Fina Mortal""",Avaliador_C,Avaliador_E
2,"Ele vai ficar aqui e ele vai tá cheio de diamantes! Agora eu vou descer e vou falar com o Chand! Eu vou contar pra ele que eu terminei a minha casa em menos de 10 minutos! E agora eu não vou ser expulso do servidor! Eu vou mostrar a minha casa! Ah! Isso é assalto, isso é assalto! Ladrão, eu sabia que o server tá muito perigoso! Não, é... Vai, passa os diamantes! Eu vou te atacar! Ah! Passa os diamantes agora! Tá, não atira, não atira, não atira! Eu não tenho nenhum diamante! Tem sim, vai buscar agora! Tá bom, eu vou subir lá! Galera, eu tô sendo obrigado a entregar meus diamantes! Que raiva! Esse server tá muito perigoso! Depois eu vou chamar a polícia! Se você chamar a polícia, eu vou atirar! Não, não atira, senhor, não atira! Aqui estão os diamantes! Eu tenho só três diamantes! Isso aí! Não, vim mais um aí! Tá, é verdade, eu tenho quatro! Você não viu nada! Consegui, galera! Eu enganei! Eu enganei o ladrão! Eu dei só quatro diamantes pra ele! E eu tenho 48 diamantes! Oh, me dei bem! E eu acho que o ladrão já foi embora! Agora, finalmente, eu posso sair da casa!",0.2327940464019775,0.7066650986671448,0.0605408698320388,NEU,0.861922025680542,0.0096184145659208,0.0530222579836845,0.0038959269877523,0.0473226457834243,0.057092972099781,0.0175482686609029,0.568186,Athos,Minecraft,Polícia e Ladrão no Minecraft [40GzUlhfRaI],,T,T,T,"🎬 Canal: Athos | 🎥 Vídeo: Polícia e Ladrão no Minecraft [40GzUlhfRaI]
⏱️ Segmento/Index: 2
──────────────────────────────────────────────────
Fala transcrita:
""Ele vai ficar aqui e ele vai tá cheio de diamantes! Agora eu vou descer e vou falar com o Chand! Eu vou contar pra ele que eu terminei a minha casa em menos de 10 minutos! E agora eu não vou ser expulso do servidor! Eu vou mostrar a minha casa! Ah! Isso é assalto, isso é assalto! Ladrão, eu sabia que o server tá muito perigoso! Não, é... Vai, passa os diamantes! Eu vou te atacar! Ah! Passa os diamantes agora! Tá, não atira, não atira, não atira! Eu não tenho nenhum diamante! Tem sim, vai buscar agora! Tá bom, eu vou subir lá! Galera, eu tô sendo obrigado a entregar meus diamantes! Que raiva! Esse server tá muito perigoso! Depois eu vou chamar a polícia! Se você chamar a polícia, eu vou atirar! Não, não atira, senhor, não atira! Aqui estão os diamantes! Eu tenho só três diamantes! Isso aí! Não, vim mais um aí! Tá, é verdade, eu tenho quatro! Você não viu nada! Consegui, galera! Eu enganei! Eu enganei o ladrão! Eu dei só quatro diamantes pra ele! E eu tenho 48 diamantes! Oh, me dei bem! E eu acho que o ladrão já foi embora! Agora, finalmente, eu posso sair da casa!""",Avaliador_C,Avaliador_E
1,"Meu querido, o que é isso? Eu tô vendo, tá sujo o telhado aqui, mas tá tudo tranquilo. Ô, Rogerinho, não me mata do coração, não, meu filho. Se tu cai daí, já era, hein? Meu Deus do céu, eu cresci! Finalmente! Eduarda, você cresceu, garoto! Tenta entrar aqui na casa, vê se tu consegue. Ó, abri a porta para tu... Tá batendo com a cabeça, garota. Acabou que a tua cabeça vai ficar quadrada, né? Ah, é só quebrar esse bloco aqui, a gente consegue entrar, né, Marcelo? Com a mão, Eduarda? É verdade, é meio difícil. É, vamos fazer a picareta. Sabe, tem alguma coisa aí que eu tô com fome? Eu tenho aquele frango gigante que a gente pegou, né, Eduarda? Isso aqui vai matar a fome do planeta Terra. Olha o tamanho dele. É impossível tu comer isso aí sozinha, Eduarda. Se tu comer esse negócio sozinha... Tava gostoso. Eduarda, cadê o frango que eu te dei agora? Tá aqui na minha barriguinha. Meu Deus do céu, a barriga dela nem cresceu! Eu tô falando, gente, Eduarda é doida! Essa barriga dela aí, ó! Aguenta qualquer coisa aí. Agora que a gente já tem alguns itens, Eduarda, vamos tentar entrar nessa casa aqui, né, porque não tava dando muito, né? Tenta entrar aí agora. Boa, Eduarda! O que tem nesse baú?",0.215395838022232,0.5168323516845703,0.2677717506885528,NEU,0.2508953213691711,0.0016488361870869,0.0531464517116546,0.0008513781940564,0.031946238130331,0.0064780018292367,0.0071227303706109,0.25462922,Marcelodrv,Minecraft,a CADA MINUTO ficamos MAIORES no Minecraft [DEENP2OSk9U],,GZ,GZ,GZ,"🎬 Canal: Marcelodrv | 🎥 Vídeo: a CADA MINUTO ficamos MAIORES no Minecraft [DEENP2OSk9U]
⏱️ Segmento/Index: 1
──────────────────────────────────────────────────
Fala transcrita:
""Meu querido, o que é isso? Eu tô vendo, tá sujo o telhado aqui, mas tá tudo tranquilo. Ô, Rogerinho, não me mata do coração, não, meu filho. Se tu cai daí, já era, hein? Meu Deus do céu, eu cresci! Finalmente! Eduarda, você cresceu, garoto! Tenta entrar aqui na casa, vê se tu consegue. Ó, abri a porta para tu... Tá batendo com a cabeça, garota. Acabou que a tua cabeça vai ficar quadrada, né? Ah, é só quebrar esse bloco aqui, a gente consegue entrar, né, Marcelo? Com a mão, Eduarda? É verdade, é meio difícil. É, vamos fazer a picareta. Sabe, tem alguma coisa aí que eu tô com fome? Eu tenho aquele frango gigante que a gente pegou, né, Eduarda? Isso aqui vai matar a fome do planeta Terra. Olha o tamanho dele. É impossível tu comer isso aí sozinha, Eduarda. Se tu comer esse negócio sozinha... Tava gostoso. Eduarda, cadê o frango que eu te dei agora? Tá aqui na minha barriguinha. Meu Deus do céu, a barriga dela nem cresceu! Eu tô falando, gente, Eduarda é doida! Essa barriga dela aí, ó! Aguenta qualquer coisa aí. Agora que a gente já tem alguns itens, Eduarda, vamos tentar entrar nessa casa aqui, né, porque não tava dando muito, né? Tenta entrar aí agora. Boa, Eduarda! O que tem nesse baú?""",Avaliador_C,Avaliador_E
8,"E eu sou a Ana agora e eu estou pronta para fugir da Pig Na verdade eu não sei se eu estou pronta, né, porque eu fiquei um pouco assustada Vocês viram o sufoco que foi, tudo bem, vamos voltar aqui no jogo e lá vamos nós Ok gente, eu voltei aqui, além da gente ter escolhido aqui ser a Ana Talvez a gente possa ser escolhido para ser a skin da Pig, né Então eu acho que vou deixar o de anjo aqui equipado, porque vai que eu tenho a sorte Não, eu não tenho a sorte Ai a Pig já está ali, não vai dar, dessa vez já era Para de correr atrás de mim que eu acabei de chegar, sua porquinha A partida já existia galera, não foi dessa vez, eu sou a Ana agora e eu vou cantar Você quer brincada leve, a Pig vai me pegar, eu já cantei, ai estou com muito medo",0.1706533432006836,0.6905269026756287,0.1388197392225265,NEU,0.5629422068595886,0.0093284100294113,0.055319920182228,0.0089440140873193,0.0541245453059673,0.0036530261859297,0.006693925242871,0.23739935,Papile,Roblox,ANNA E ELSA DO FROZEN 2 TENTAM ESCAPAR DA PIGGY Roblox - Peppa [EoHiuv695G4],,GZ,GZ,GZ,"🎬 Canal: Papile | 🎥 Vídeo: ANNA E ELSA DO FROZEN 2 TENTAM ESCAPAR DA PIGGY Roblox - Peppa [EoHiuv695G4]
⏱️ Segmento/Index: 8
──────────────────────────────────────────────────
Fala transcrita:
""E eu sou a Ana agora e eu estou pronta para fugir da Pig Na verdade eu não sei se eu estou pronta, né, porque eu fiquei um pouco assustada Vocês viram o sufoco que foi, tudo bem, vamos voltar aqui no jogo e lá vamos nós Ok gente, eu voltei aqui, além da gente ter escolhido aqui ser a Ana Talvez a gente possa ser escolhido para ser a skin da Pig, né Então eu acho que vou deixar o de anjo aqui equipado, porque vai que eu tenho a sorte Não, eu não tenho a sorte Ai a Pig já está ali, não vai dar, dessa vez já era Para de correr atrás de mim que eu acabei de chegar, sua porquinha A partida já existia galera, não foi dessa vez, eu sou a Ana agora e eu vou cantar Você quer brincada leve, a Pig vai me pegar, eu já cantei, ai estou com muito medo""",Avaliador_C,Avaliador_E
13,olha que legal caraca mano sai zumbi sai que bizarra isso aqui gente galera achei aqui mano outra vila vei tem as chances de ter sei lá algum cogumelo no baú alguma coisa eu acho muito difícil mas pô super que eu tinha passado por um pantono né mano nossa nossa que vacilo geleia mais mano só que assim eu preciso de farinha de osso ainda pra crescer o cogumelo não não vai ter não vai ter sim é só que eu preciso de farinha de osso preciso de farinha de osso quebrar o cogumelo é vei eu tenho 5 farinhas de osso aqui no inventário mano ah sério mas esse ta muito longe né gui então mas se tu quiser trocar aí por um diamante e tal um diamante é não é carcaria na guarda né negócio tem que aumentar o preço mano o que que é isso vei oferta demanda né ó eu preciso de deixa eu ver mano é ferrou gente pessoal eu vou conseguir aqui mano é só fazer um baúzinho aqui agora vou ver aqui ó,0.6927554607391357,0.1744870990514755,0.1327574253082275,NEG,0.5259332060813904,0.0077239661477506,0.063904121518135,0.006328385323286,0.046670127660036,0.0067443824373185,0.0165634807199239,0.37694603,Geleia,Minecraft,VOCÊ CONSEGUE ENCONTRAR ESTE BLOCO ALEATÓRIO EM 5 MINUTOS NO MINECRAFT Acha o bloco [ezvPH30pNwg],,GZ,GZ,GZ,"🎬 Canal: Geleia | 🎥 Vídeo: VOCÊ CONSEGUE ENCONTRAR ESTE BLOCO ALEATÓRIO EM 5 MINUTOS NO MINECRAFT Acha o bloco [ezvPH30pNwg]
⏱️ Segmento/Index: 13
──────────────────────────────────────────────────
Fala transcrita:
""olha que legal caraca mano sai zumbi sai que bizarra isso aqui gente galera achei aqui mano outra vila vei tem as chances de ter sei lá algum cogumelo no baú alguma coisa eu acho muito difícil mas pô super que eu tinha passado por um pantono né mano nossa nossa que vacilo geleia mais mano só que assim eu preciso de farinha de osso ainda pra crescer o cogumelo não não vai ter não vai ter sim é só que eu preciso de farinha de osso preciso de farinha de osso quebrar o cogumelo é vei eu tenho 5 farinhas de osso aqui no inventário mano ah sério mas esse ta muito longe né gui então mas se tu quiser trocar aí por um diamante e tal um diamante é não é carcaria na guarda né negócio tem que aumentar o preço mano o que que é isso vei oferta demanda né ó eu preciso de deixa eu ver mano é ferrou gente pessoal eu vou conseguir aqui mano é só fazer um baúzinho aqui agora vou ver aqui ó""",Avaliador_C,Avaliador_E
12,"Caraca, achar um cavalo, velho. Cavalo, tá, cavalo é complicado. Já perdi, é isso. Normal. Meio, eu tô com fome. Eu vou me matar, gente. O que que eu vou fazer? Eu vou andar no chão. Eu vou me matar, gente. Eu vou me matar, gente. O que que eu vou fazer? Eu vou nascer com vida de novo. Eu vou poder encontrar... Achei cavalo. Achei cavalo, galera. Acho que é o ponto da vitória, Eduardo. É o ponto da vitória, Eduardo. Uhuuu. Vem, Eduardo. E aí, Eduardo. O que que achou? Não gostei, eu perdi. Que isso, garoto? Tu quer me bater por causa disso? Quero. Vem cá que eu quero te matar. Até parece, gente. Sem olhar eu corro o cavalo. Eu não quero. Eu quero te matar. Sem olhar eu corro pra ela, gente. Então é assim que a gente vai acabar o nosso vídeo. Então é isso, galera. O vídeo vai ficando por aqui. Felizmente eu ganhei, né? Que eu já sabia que ia acontecer isso. Eduardo chegou perto. Chegou a 7. Jogou bem. Ah, vai cagar. Não, você chegou perto. Que isso? Eu tô te elogiando, garoto.",0.2371358126401901,0.7073084712028503,0.0555556751787662,NEU,0.965269148349762,0.0132764102891087,0.0687488913536071,0.0043057082220911,0.0553001016378402,0.1529635936021804,0.0451631881296634,0.4274071,Marcelodrv,Minecraft,A CADA 1 MINUTO UM DESAFIO DIFERENTE ACONTECE NO MINECRAFT [nb6lSIih_6I],,T,T,T,"🎬 Canal: Marcelodrv | 🎥 Vídeo: A CADA 1 MINUTO UM DESAFIO DIFERENTE ACONTECE NO MINECRAFT [nb6lSIih_6I]
⏱️ Segmento/Index: 12
──────────────────────────────────────────────────
Fala transcrita:
""Caraca, achar um cavalo, velho. Cavalo, tá, cavalo é complicado. Já perdi, é isso. Normal. Meio, eu tô com fome. Eu vou me matar, gente. O que que eu vou fazer? Eu vou andar no chão. Eu vou me matar, gente. Eu vou me matar, gente. O que que eu vou fazer? Eu vou nascer com vida de novo. Eu vou poder encontrar... Achei cavalo. Achei cavalo, galera. Acho que é o ponto da vitória, Eduardo. É o ponto da vitória, Eduardo. Uhuuu. Vem, Eduardo. E aí, Eduardo. O que que achou? Não gostei, eu perdi. Que isso, garoto? Tu quer me bater por causa disso? Quero. Vem cá que eu quero te matar. Até parece, gente. Sem olhar eu corro o cavalo. Eu não quero. Eu quero te matar. Sem olhar eu corro pra ela, gente. Então é assim que a gente vai acabar o nosso vídeo. Então é isso, galera. O vídeo vai ficando por aqui. Felizmente eu ganhei, né? Que eu já sabia que ia acontecer isso. Eduardo chegou perto. Chegou a 7. Jogou bem. Ah, vai cagar. Não, você chegou perto. Que isso? Eu tô te elogiando, garoto.""",Avaliador_C,Avaliador_E
7,"Pô, dá essa daí mesmo, pô, mete essa daí que vai ficar todo perplexo, tá ligado? Ei, mas, ei, aquela pergunta não tá valendo não, viu, vou fazer outra aqui. Quanto é... agora, agora, agora, agora vai. Quanto é 2 mais 2? Oxe, 2 mais 2? 2 mais 2 é muito fácil, pô. 2 mais 2 é 4. Oxe, errou, olha. Oxe, mas, mas, mas tava certo, pô, porque que tu matou o cara, pô, tava, tava certo. Ih, tava, tava, mas... É, então, essa aula aí eu faltei, olha, a de matemática, logo a 2 mais 2. Tem nada não, vou sim embora. Um arvio, você tudo de dano. Boa noite, gatinha, você mora onde? Qual a cidade que você mora, gato? Você é linda e maravilhosa, bichalinha. Eu quero limpo você, se eu quero é casada, bichalinha.",0.3910940885543823,0.5647913217544556,0.04411456361413,NEU,0.7192528247833252,0.0063462331891059,0.0770098268985748,0.0042723910883069,0.0657054632902145,0.0072470661252737,0.032650988548994,0.2854971,meu nome é david,Roblox,FREE FIRE BATTLEGROUNDS NA VIDA REAL 14 [q3jlbXreTt4],,GZ,GZ,GZ,"🎬 Canal: meu nome é david | 🎥 Vídeo: FREE FIRE BATTLEGROUNDS NA VIDA REAL 14 [q3jlbXreTt4]
⏱️ Segmento/Index: 7
──────────────────────────────────────────────────
Fala transcrita:
""Pô, dá essa daí mesmo, pô, mete essa daí que vai ficar todo perplexo, tá ligado? Ei, mas, ei, aquela pergunta não tá valendo não, viu, vou fazer outra aqui. Quanto é... agora, agora, agora, agora vai. Quanto é 2 mais 2? Oxe, 2 mais 2? 2 mais 2 é muito fácil, pô. 2 mais 2 é 4. Oxe, errou, olha. Oxe, mas, mas, mas tava certo, pô, porque que tu matou o cara, pô, tava, tava certo. Ih, tava, tava, mas... É, então, essa aula aí eu faltei, olha, a de matemática, logo a 2 mais 2. Tem nada não, vou sim embora. Um arvio, você tudo de dano. Boa noite, gatinha, você mora onde? Qual a cidade que você mora, gato? Você é linda e maravilhosa, bichalinha. Eu quero limpo você, se eu quero é casada, bichalinha.""",Avaliador_C,Avaliador_E
1,"É verdade, Lu Mas, nossa, eu tenho muita saudade de entrar aqui e jogar Eu lembro que eu ficava pescando os peixinhos pra ganhar dinheiro Eu era péssima na péssima, vamos ver se isso continua Vamos ver, mami, vou pescar Se isso continua Olha só, mudou? Como é que faz agora, gente? Será que mudou alguma coisa? Ai, assim, mami Nossa, eu continuo péssima, gente, em pescar peixe Nossa, eu joguei lá longe o negócio Eu nunca fui muito boa em pescar os peixinhos, né? Agora parece que eu sou pior, mami É, não tô sabendo também não, Lu Vamos ver, gente É, mami, então ela tá bem incomplica... Nossa, joguei lá na porta Olha lá, mami Tem gente passando... Ai, eu consegui pegar um, mami Gente, eu não peguei nem bolha Nem a bolha do peixe, Lulu Nossa, gente, é muito difícil pegar esse peixe Eu lembro que eu conseguia pegar uns 20 peixes, né, mami? Peguei outro Nossa, até saí da pescaria Vamos conhecer minha casa então, mami? Bora, Lu, Lucas Vem cá, então Você já tem casa?",0.9249005913734436,0.0613756515085697,0.0137238148599863,NEG,0.2134584933519363,0.0065075983293354,0.0539968200027942,0.0049828253686428,0.0321233086287975,0.0018457639962434,0.0083006136119365,0.34757367,Luluca Games,Roblox,Roblox - VOLTAMOS PARA o PASSADO com JOGOS ANTIGOS do ROBLOX  Luluca Games [CCE8omkhdUo],0.9249008893966676,GZ,GZ,GZ,"🎬 Canal: Luluca Games | 🎥 Vídeo: Roblox - VOLTAMOS PARA o PASSADO com JOGOS ANTIGOS do ROBLOX  Luluca Games [CCE8omkhdUo]
⏱️ Segmento/Index: 1
──────────────────────────────────────────────────
Fala transcrita:
""É verdade, Lu Mas, nossa, eu tenho muita saudade de entrar aqui e jogar Eu lembro que eu ficava pescando os peixinhos pra ganhar dinheiro Eu era péssima na péssima, vamos ver se isso continua Vamos ver, mami, vou pescar Se isso continua Olha só, mudou? Como é que faz agora, gente? Será que mudou alguma coisa? Ai, assim, mami Nossa, eu continuo péssima, gente, em pescar peixe Nossa, eu joguei lá longe o negócio Eu nunca fui muito boa em pescar os peixinhos, né? Agora parece que eu sou pior, mami É, não tô sabendo também não, Lu Vamos ver, gente É, mami, então ela tá bem incomplica... Nossa, joguei lá na porta Olha lá, mami Tem gente passando... Ai, eu consegui pegar um, mami Gente, eu não peguei nem bolha Nem a bolha do peixe, Lulu Nossa, gente, é muito difícil pegar esse peixe Eu lembro que eu conseguia pegar uns 20 peixes, né, mami? Peguei outro Nossa, até saí da pescaria Vamos conhecer minha casa então, mami? Bora, Lu, Lucas Vem cá, então Você já tem casa?""",Avaliador_C,Avaliador_E
5,"Eita, eu confio, eu tô atentinho Caraca, a gente Eita, eu tô cuidando com o holofote aí na sua frente Agora, moleque, tu ruxa, ruxa nele Final de LBFS aqui Hydra contra aleatório Valendo Hydra, tem um gel infinito aí na tua frente, cuidado Eu tô sem gel Calma, eu confio tanto em ti, eu confio, tu consegue Hydra, bem lá, Hydra, bem lá Hydra, Hydra, tem três caras Hydra Hydra Caraca, jogou muito Caraca, jogou muito Confio, confio, confio Aí, Hydra Razou, mas era dois contra um Tá trouxa do caramba Quatro kills 336 de abate Caraca, não sei quem foi o melhor, eu, Guilherme E aí, Guilherme Perdeu, hein, menor? Caraca, como é que você matou quatro pessoas com o traje?",0.0646280422806739,0.7021709680557251,0.2332009375095367,NEU,0.2412796467542648,0.0034488758537918,0.0288616567850112,0.0012026706244796,0.030716361477971,0.0170216858386993,0.0038852072320878,0.26859093,Amy Scarlet,Roblox,APOSTEI 500 reais no FREE FIRE [bNxW53xXric],,GZ,GZ,GZ,"🎬 Canal: Amy Scarlet | 🎥 Vídeo: APOSTEI 500 reais no FREE FIRE [bNxW53xXric]
⏱️ Segmento/Index: 5
──────────────────────────────────────────────────
Fala transcrita:
""Eita, eu confio, eu tô atentinho Caraca, a gente Eita, eu tô cuidando com o holofote aí na sua frente Agora, moleque, tu ruxa, ruxa nele Final de LBFS aqui Hydra contra aleatório Valendo Hydra, tem um gel infinito aí na tua frente, cuidado Eu tô sem gel Calma, eu confio tanto em ti, eu confio, tu consegue Hydra, bem lá, Hydra, bem lá Hydra, Hydra, tem três caras Hydra Hydra Caraca, jogou muito Caraca, jogou muito Confio, confio, confio Aí, Hydra Razou, mas era dois contra um Tá trouxa do caramba Quatro kills 336 de abate Caraca, não sei quem foi o melhor, eu, Guilherme E aí, Guilherme Perdeu, hein, menor? Caraca, como é que você matou quatro pessoas com o traje?""",Avaliador_C,Avaliador_E
12,"Uau, você realmente é um perdedor. Cara, quem não tem um plush é você. Que tal se a gente consertar o cérebro desse menino? Meu Deus, ele bateu em mim. O cara bateu em mim, mano. Acabei de pegar o final que é sofrer Bully. Lição aprendida, não traga os seus brinquedos de criança para a escola. Ok, vamos de volta. Ô, meu querido Nerd, depois eu falo com você, beleza? Eu quero ver se eu consigo chegar na aula e tentar responder a chamada rapidinho. Opa, vocês viram o que eu fiz? Eu abri ali uma porta com o meu chapéu, ó. Leis da cidade, não incomodar as pessoas demais. Não pode roubar, também não pode criar explosões lá no fliperama depois de fazer os passos acima. Ou seja, é uma receitinha, né? Eu deixei de falar com o Nerd para depois, mas com a tia da cantina, com o tio da cantina, é lógico que eu vou falar, vai ser agora, né? Olá, oi. Tem lanche, o lanche está pronto ou não? Você gostaria de um pedido ou de alguma comida? É completamente de graça. Hamburguer, salada ou um taco. É, hoje eu estou querendo o taco, pode ser o taco.",0.9059826731681824,0.0787001848220825,0.0153170693665742,NEG,0.8834762573242188,0.0008878074586391,0.0272384975105524,0.0008349804556928,0.6652307510375977,0.0031669815070927,0.0023827892728149,0.64447093,Tex HS,Roblox,TÔ ATRASADO PRA ESCOLA Roblox Late to School  Parte 1 [X85ZjtH6PbE],,T,T,T,"🎬 Canal: Tex HS | 🎥 Vídeo: TÔ ATRASADO PRA ESCOLA Roblox Late to School  Parte 1 [X85ZjtH6PbE]
⏱️ Segmento/Index: 12
──────────────────────────────────────────────────
Fala transcrita:
""Uau, você realmente é um perdedor. Cara, quem não tem um plush é você. Que tal se a gente consertar o cérebro desse menino? Meu Deus, ele bateu em mim. O cara bateu em mim, mano. Acabei de pegar o final que é sofrer Bully. Lição aprendida, não traga os seus brinquedos de criança para a escola. Ok, vamos de volta. Ô, meu querido Nerd, depois eu falo com você, beleza? Eu quero ver se eu consigo chegar na aula e tentar responder a chamada rapidinho. Opa, vocês viram o que eu fiz? Eu abri ali uma porta com o meu chapéu, ó. Leis da cidade, não incomodar as pessoas demais. Não pode roubar, também não pode criar explosões lá no fliperama depois de fazer os passos acima. Ou seja, é uma receitinha, né? Eu deixei de falar com o Nerd para depois, mas com a tia da cantina, com o tio da cantina, é lógico que eu vou falar, vai ser agora, né? Olá, oi. Tem lanche, o lanche está pronto ou não? Você gostaria de um pedido ou de alguma comida? É completamente de graça. Hamburguer, salada ou um taco. É, hoje eu estou querendo o taco, pode ser o taco.""",Avaliador_C,Avaliador_E
11,"Também? Olha só. Pegaram a flor, peguei. Você pegou? Olha só, pessoal, conseguimos o último item que precisava. Bom, Ara, é um refrigerante. É um refrigerante da bruxa. É a bruxa cola. Eu acho que a gente já tinha feito ela em algum vídeo, não tinha? Eu já tinha essa poção feita, então acho que um dia eu já fiz, pessoal. Mas eu esqueci dela. Provavelmente, só que a gente não lembra dessas coisas. Ia ter sido tudo mais rápido. É, seria tudo bem mais fácil. Vamos então fazer aqui. Eu fiz uma poção de rato. Por que eu não consigo colocar aqui? O quê? A minha poção. Ah, o negócio com a bruxa deu. Você não consegue colocar? Não. Não, porque já está aí. Já está na mesa, querida. Olha, eu sou um rato. Ai, você é um rato, Ju. Que massa, Ju. Que legal. Que legal. Está vendo? Que massa. Dá reset, pai, para você tirar essa backpack, porque ela atrapalha um pouco se o Santi vai voando.",0.1263086795806884,0.847761869430542,0.0259294584393501,NEU,0.5906016230583191,0.0009675291948951,0.0347202531993389,0.0016096514882519,0.2635737359523773,0.0015089672524482,0.0018324387492612,0.2043827,Julia MineGirl,Roblox,Roblox - NOVAS POÇÕES MALUCAS  PARTE 4 Wacky Wizards [l0k_UnWb98s],,GZ,GZ,GZ,"🎬 Canal: Julia MineGirl | 🎥 Vídeo: Roblox - NOVAS POÇÕES MALUCAS  PARTE 4 Wacky Wizards [l0k_UnWb98s]
⏱️ Segmento/Index: 11
──────────────────────────────────────────────────
Fala transcrita:
""Também? Olha só. Pegaram a flor, peguei. Você pegou? Olha só, pessoal, conseguimos o último item que precisava. Bom, Ara, é um refrigerante. É um refrigerante da bruxa. É a bruxa cola. Eu acho que a gente já tinha feito ela em algum vídeo, não tinha? Eu já tinha essa poção feita, então acho que um dia eu já fiz, pessoal. Mas eu esqueci dela. Provavelmente, só que a gente não lembra dessas coisas. Ia ter sido tudo mais rápido. É, seria tudo bem mais fácil. Vamos então fazer aqui. Eu fiz uma poção de rato. Por que eu não consigo colocar aqui? O quê? A minha poção. Ah, o negócio com a bruxa deu. Você não consegue colocar? Não. Não, porque já está aí. Já está na mesa, querida. Olha, eu sou um rato. Ai, você é um rato, Ju. Que massa, Ju. Que legal. Que legal. Está vendo? Que massa. Dá reset, pai, para você tirar essa backpack, porque ela atrapalha um pouco se o Santi vai voando.""",Avaliador_C,Avaliador_E
13,"É, porque aqui, mami, se morrer Já era, né? Mas é tudo! Ai, gente, que essa folha também está palhando aqui, ó! Está bem na minha cara AAAAAAAA! Não, Luluca! O que aconteceu com o trigo? Ai, eu acho que eu caí, né, gente? Calma aí, deixa eu ver o que acontece aqui, se eu morrer Eu acho que eu vou nascer um pouquinho mais pra cima, né? Vamos ver! Esse aqui é tipo torre do terror, né, mami? Nossa, gente! E agora? Cheguei no fiote, mami! Então vai, o Luca, depois do fiote Calma aí! Tem que subir naquelas Aquelas Ervas, plantas É, galhos, galhos, galhos Ai, gente! Ai, gente! Vai, o Luca, eu vou aqui, eu e você! Taca-raca-daca, taca-raca-daca, taca-raca-daca Taca-raca-daca Ai, ai, ai, ai! Mas por que você caiu tudo?",0.2182877957820892,0.7443569302558899,0.0373553149402141,NEU,0.8691717982292175,0.0057073198258876,0.0502044260501861,0.0026161177083849,0.0395581610500812,0.059403333812952,0.0121091613546013,0.44393396,Luluca Games,Roblox,Roblox - ESCAPAMOS DO PAPAI NOEL DO MAL Escape Save Christmas Obby  Luluca Games [kBx6GOnxjKk],0.218288391828537,T,T,T,"🎬 Canal: Luluca Games | 🎥 Vídeo: Roblox - ESCAPAMOS DO PAPAI NOEL DO MAL Escape Save Christmas Obby  Luluca Games [kBx6GOnxjKk]
⏱️ Segmento/Index: 13
──────────────────────────────────────────────────
Fala transcrita:
""É, porque aqui, mami, se morrer Já era, né? Mas é tudo! Ai, gente, que essa folha também está palhando aqui, ó! Está bem na minha cara AAAAAAAA! Não, Luluca! O que aconteceu com o trigo? Ai, eu acho que eu caí, né, gente? Calma aí, deixa eu ver o que acontece aqui, se eu morrer Eu acho que eu vou nascer um pouquinho mais pra cima, né? Vamos ver! Esse aqui é tipo torre do terror, né, mami? Nossa, gente! E agora? Cheguei no fiote, mami! Então vai, o Luca, depois do fiote Calma aí! Tem que subir naquelas Aquelas Ervas, plantas É, galhos, galhos, galhos Ai, gente! Ai, gente! Vai, o Luca, eu vou aqui, eu e você! Taca-raca-daca, taca-raca-daca, taca-raca-daca Taca-raca-daca Ai, ai, ai, ai! Mas por que você caiu tudo?""",Avaliador_C,Avaliador_E
8,"Parece uma sala De jantar Estou escutando alguns barulhos Espera aí Eu não sei, acho que foi impressão Acho que eu estou escutando coisas, pessoal, nós estamos aqui Em uma sala de jantar JP, JP, tem fogo Isso significa que alguém esteve aqui Não por muito tempo, não faz muito tempo Mas tinha gente dentro dessa casa, pessoal Nós talvez não estejamos sozinhos Nesse lugar Assustador, então vamos tomar cuidado, fica esperto Você vê qualquer tipo de coisa Aqui tem mais uma porta Ai, vocês querem... Estou isso Está tocando um sino, um sino dentro da casa Espera, ai, que assustador Esse barulho é muito, muito, muito assustador Que horror Tá, deixa eu ver, aqui dentro do baú nós temos um relógio Um...",0.1639880836009979,0.6926801800727844,0.1433316618204116,NEU,0.0054215821437537,0.0021303186658769,0.0273037999868392,0.0026433835737407,0.0178263839334249,0.0011281461920589,0.0007852894486859,0.15158679,JP Plays,Minecraft,ENTRAMOS DENTRO DA CASA MAIS ASSUTADORA DA VIZINHANÇA NO MINECRAFT  Casa Monstro [nftT0R4d1Oc],,NT,NT,NT,"🎬 Canal: JP Plays | 🎥 Vídeo: ENTRAMOS DENTRO DA CASA MAIS ASSUTADORA DA VIZINHANÇA NO MINECRAFT  Casa Monstro [nftT0R4d1Oc]
⏱️ Segmento/Index: 8
──────────────────────────────────────────────────
Fala transcrita:
""Parece uma sala De jantar Estou escutando alguns barulhos Espera aí Eu não sei, acho que foi impressão Acho que eu estou escutando coisas, pessoal, nós estamos aqui Em uma sala de jantar JP, JP, tem fogo Isso significa que alguém esteve aqui Não por muito tempo, não faz muito tempo Mas tinha gente dentro dessa casa, pessoal Nós talvez não estejamos sozinhos Nesse lugar Assustador, então vamos tomar cuidado, fica esperto Você vê qualquer tipo de coisa Aqui tem mais uma porta Ai, vocês querem... Estou isso Está tocando um sino, um sino dentro da casa Espera, ai, que assustador Esse barulho é muito, muito, muito assustador Que horror Tá, deixa eu ver, aqui dentro do baú nós temos um relógio Um...""",Avaliador_C,Avaliador_E
11,"Eu aviso, senão vai dar ruim pra vocês, mas aqui pessoal ele fala assim ó, que totalmente não tem um templo secreto aqui embaixo né, pra entrar aqui eu consegui, agora aqui ó, eu preciso de 25 finais, quantos finais que eu já fiz? Eu fiz muito final já viu? Mas eu não sei quantos que eu tenho não. Vou retornar mais tarde quando eu tiver esses 25 aqui. Aqui na casa da minha amiguinha, a Giandi, atrás do sofá, quando eu entrei aqui no modo invertido tinha um refrigerante né, agora o que acontece se eu pegar ele também? Olha o formato que ele fica pessoal, mas aqui no modo normal, não é o modo invertido, vou tomar um golinho. Eu acho que isso aqui eu não fiz ainda né. Entrei pro mundo dos animes eu acho, só pode. Se eu ganhei a Bad significa que esse final não tinha recuperado ainda, boa. Eu acho que eu tenho mesmo que procurar outros finais lá no mundo invertido pessoal, porque pra conseguir chegar nos 25 vai demorar bastante viu?",0.2587064802646637,0.6819137930870056,0.0593797527253627,NEU,0.0034080140758305,0.0043172943405807,0.0354147031903266,0.0055465102195739,0.033541414886713,0.0021907747723162,0.0011889146408066,0.16158698,Tex HS,Roblox,TÔ MAIS INTELIGENTE que os TangoMangles do Roblox... [1kN7dblRzkM],,NT,NT,NT,"🎬 Canal: Tex HS | 🎥 Vídeo: TÔ MAIS INTELIGENTE que os TangoMangles do Roblox... [1kN7dblRzkM]
⏱️ Segmento/Index: 11
──────────────────────────────────────────────────
Fala transcrita:
""Eu aviso, senão vai dar ruim pra vocês, mas aqui pessoal ele fala assim ó, que totalmente não tem um templo secreto aqui embaixo né, pra entrar aqui eu consegui, agora aqui ó, eu preciso de 25 finais, quantos finais que eu já fiz? Eu fiz muito final já viu? Mas eu não sei quantos que eu tenho não. Vou retornar mais tarde quando eu tiver esses 25 aqui. Aqui na casa da minha amiguinha, a Giandi, atrás do sofá, quando eu entrei aqui no modo invertido tinha um refrigerante né, agora o que acontece se eu pegar ele também? Olha o formato que ele fica pessoal, mas aqui no modo normal, não é o modo invertido, vou tomar um golinho. Eu acho que isso aqui eu não fiz ainda né. Entrei pro mundo dos animes eu acho, só pode. Se eu ganhei a Bad significa que esse final não tinha recuperado ainda, boa. Eu acho que eu tenho mesmo que procurar outros finais lá no mundo invertido pessoal, porque pra conseguir chegar nos 25 vai demorar bastante viu?""",Avaliador_C,Avaliador_E
6,"Olha, caraca, Nuda! Eduarda burlando o sistema do Minecraft, gente. Tá pegando o chão, bicho! De você, Nuda. Não! Não deu. Deu errado. Ah, agora foi. Agora foi muito, inclusive. Cadê, Eduarda? Então, sumiu. Eu vou usar essa bota aqui, mas... Meu Deus do céu, eu vou usar essa aqui, galera. Pera, deu errado. Ah, eu tenho que botar a bota, né? Eu esqueci de ver. Primeiramente... Ó, ó, tranquilo. Não, não tão tranquilo. Não, cuidado, filho. Não, relaxa, galera. A última coisa que vai acontecer comigo é morrer. Ah, não. Bom que eu roubo a bota que eu já tô... Ô, Eduarda! Bota com a minha bota aqui, garota. Eduarda é maluca aqui, gente. Eu falo pra vocês que... Não tem ninguém me vendo. Eu não tenho ninguém me vendo. Não, só uma bota andando sozinha, né, Rimaro? Só uma bota pulando aqui na frente. Só... Nunca queime isso. Galera, tem outra coisa que eu vi também, que o Minecraft tá muito sapequinha. Ô, Rimaro, vem, Rimaro. Vendo de um jeito bom, Rimaro, pode vir daquele jeito.",0.8905780911445618,0.0891774222254753,0.0202444493770599,NEG,0.903416097164154,0.0108073307201266,0.08013267070055,0.0064488179050385,0.0519555583596229,0.00768220750615,0.0511055439710617,0.44393396,Marcelodrv,Minecraft,TESTANDO BOTAS PROIBIDAS NO MINECRAFT [QJWBzsjNamk],,T,T,T,"🎬 Canal: Marcelodrv | 🎥 Vídeo: TESTANDO BOTAS PROIBIDAS NO MINECRAFT [QJWBzsjNamk]
⏱️ Segmento/Index: 6
──────────────────────────────────────────────────
Fala transcrita:
""Olha, caraca, Nuda! Eduarda burlando o sistema do Minecraft, gente. Tá pegando o chão, bicho! De você, Nuda. Não! Não deu. Deu errado. Ah, agora foi. Agora foi muito, inclusive. Cadê, Eduarda? Então, sumiu. Eu vou usar essa bota aqui, mas... Meu Deus do céu, eu vou usar essa aqui, galera. Pera, deu errado. Ah, eu tenho que botar a bota, né? Eu esqueci de ver. Primeiramente... Ó, ó, tranquilo. Não, não tão tranquilo. Não, cuidado, filho. Não, relaxa, galera. A última coisa que vai acontecer comigo é morrer. Ah, não. Bom que eu roubo a bota que eu já tô... Ô, Eduarda! Bota com a minha bota aqui, garota. Eduarda é maluca aqui, gente. Eu falo pra vocês que... Não tem ninguém me vendo. Eu não tenho ninguém me vendo. Não, só uma bota andando sozinha, né, Rimaro? Só uma bota pulando aqui na frente. Só... Nunca queime isso. Galera, tem outra coisa que eu vi também, que o Minecraft tá muito sapequinha. Ô, Rimaro, vem, Rimaro. Vendo de um jeito bom, Rimaro, pode vir daquele jeito.""",Avaliador_C,Avaliador_E
9,"Tô vendo, se, se, se, se Tem que bater neles, galera Tem que bater neles, ó Toma, toma, toma, toma, toma Eu tô perdendo vida, eu vou comer uma maçã Tô comendo uma maçã É, come isso aqui, come isso aqui Não, eu vou morrer, eu vou morrer muito Uh, consegui ficar vivo Nossa, consegui ficar vivo Mas por pouco, cadê meus companheiros que estavam aqui me ajudando? Aqui, ó Era pra tá aqui me ajudando, mas nada Sala azul foi atacada, todo mundo sobreviveu Sala verde foi atacada É, agora vocês vem aqui, né? Agora vocês vem, né? Eu preciso de energia, galera Preciso de energia Tá, e as tábuas não foram suficientes para segurar eles Felizmente eles foram embora Tá, beleza, agora a gente tem que ir lá pra baixo E dar uma olhada nas, olha, tudo quebrado Janelas quebradas, ó Ó, um amigão aqui descobriu uma janela quebrada É o speedkiller lá, ele é um player, né? E também o basement foi...",0.5879719257354736,0.3465645015239715,0.065463587641716,NEG,0.6842039823532104,0.0037496220320463,0.0168311800807714,0.0016058175824582,0.021933251991868,0.3501171171665191,0.0039599826559424,0.3389984,Tex HS,Roblox,Roblox - INVADIRAM A MINHA CASA Break In [Y7afEJ6rxpA],,GZ,GZ,GZ,"🎬 Canal: Tex HS | 🎥 Vídeo: Roblox - INVADIRAM A MINHA CASA Break In [Y7afEJ6rxpA]
⏱️ Segmento/Index: 9
──────────────────────────────────────────────────
Fala transcrita:
""Tô vendo, se, se, se, se Tem que bater neles, galera Tem que bater neles, ó Toma, toma, toma, toma, toma Eu tô perdendo vida, eu vou comer uma maçã Tô comendo uma maçã É, come isso aqui, come isso aqui Não, eu vou morrer, eu vou morrer muito Uh, consegui ficar vivo Nossa, consegui ficar vivo Mas por pouco, cadê meus companheiros que estavam aqui me ajudando? Aqui, ó Era pra tá aqui me ajudando, mas nada Sala azul foi atacada, todo mundo sobreviveu Sala verde foi atacada É, agora vocês vem aqui, né? Agora vocês vem, né? Eu preciso de energia, galera Preciso de energia Tá, e as tábuas não foram suficientes para segurar eles Felizmente eles foram embora Tá, beleza, agora a gente tem que ir lá pra baixo E dar uma olhada nas, olha, tudo quebrado Janelas quebradas, ó Ó, um amigão aqui descobriu uma janela quebrada É o speedkiller lá, ele é um player, né? E também o basement foi...""",Avaliador_C,Avaliador_E
4,"Não tem nada. Vamos pra Clocks? Não pode mais lutar, é proibido. Não tem mais nada aqui pra mim? Amiga, dá uma olhadinha aí. Dá uma olhadinha superficial aí, pra ver se você achou mais alguma coisa. Tem cara aqui na factória! Tem cara aqui! Grécia, não faz nada. Grécia, não faz nada. Grécia, para. Aonde? Vamos esperar descer. Vem cá, vem cá. E eu acabei de ativar o menino aí. Grécia, Grécia, Grécia! Grécia, morremos. Eu não vou não. Gente! Morri! Olha, morri. Amiga, dá o Cove Flow. Grécia, corre agora. Corre, vamos embora. Mete o pé, mete o pé, corre. Ele joga gelo agachando. Grécia, corre.",0.2487304359674453,0.7055569887161255,0.0457125641405582,NEU,0.7590928673744202,0.0016925684176385,0.0092432824894785,0.0075221206061542,0.0240298155695199,0.3880215585231781,0.0030337336938828,0.37694603,Amy Scarlet,Roblox,SÓ PODIA LOOTEAR NA FACTORY TENTE NÃO RIR [SNpvIoblQKc],,GZ,GZ,GZ,"🎬 Canal: Amy Scarlet | 🎥 Vídeo: SÓ PODIA LOOTEAR NA FACTORY TENTE NÃO RIR [SNpvIoblQKc]
⏱️ Segmento/Index: 4
──────────────────────────────────────────────────
Fala transcrita:
""Não tem nada. Vamos pra Clocks? Não pode mais lutar, é proibido. Não tem mais nada aqui pra mim? Amiga, dá uma olhadinha aí. Dá uma olhadinha superficial aí, pra ver se você achou mais alguma coisa. Tem cara aqui na factória! Tem cara aqui! Grécia, não faz nada. Grécia, não faz nada. Grécia, para. Aonde? Vamos esperar descer. Vem cá, vem cá. E eu acabei de ativar o menino aí. Grécia, Grécia, Grécia! Grécia, morremos. Eu não vou não. Gente! Morri! Olha, morri. Amiga, dá o Cove Flow. Grécia, corre agora. Corre, vamos embora. Mete o pé, mete o pé, corre. Ele joga gelo agachando. Grécia, corre.""",Avaliador_C,Avaliador_E
2,"Tinta adesiva Tá, posso fazer uma bomba com isso Olha o tamanho dessa bomba Posso explodir uma parede, eu acho Eu vou dar o fora daqui agora mesmo, quero nem saber Já resolvi o problema com toda essa papelada E posso estar saindo do escritório E voltando lá pra cafeteria McFly deve estar aqui esperando, né McFly? É... McFly? McFly, cadê você? Ei! Cadê você? Eu pedi pra esperar aqui Parece que um prisioneiro está solta por aí Eu tenho que encontrá-lo Ninguém vai fugir dessa prisão Eu preciso encontrar um lugar pra colocar essa bomba Eu acho que é ali embaixo, tá? Corre, corre, corre, corre Ele deve estar aqui pelo campo de futebol escondido Será que ele está pensando em quebrar essas tábuas de madeira e dar o fora?",0.3067160248756408,0.5872758030891418,0.1060080975294113,NEU,0.6745485067367554,0.0050162589177489,0.0418905727565288,0.0017089515458792,0.0320506617426872,0.1913882046937942,0.0056412639096379,0.3389984,JP Plays,Minecraft,VIDA DE POLICIAL POR 1 DIA [runC0RB9748],,GZ,GZ,GZ,"🎬 Canal: JP Plays | 🎥 Vídeo: VIDA DE POLICIAL POR 1 DIA [runC0RB9748]
⏱️ Segmento/Index: 2
──────────────────────────────────────────────────
Fala transcrita:
""Tinta adesiva Tá, posso fazer uma bomba com isso Olha o tamanho dessa bomba Posso explodir uma parede, eu acho Eu vou dar o fora daqui agora mesmo, quero nem saber Já resolvi o problema com toda essa papelada E posso estar saindo do escritório E voltando lá pra cafeteria McFly deve estar aqui esperando, né McFly? É... McFly? McFly, cadê você? Ei! Cadê você? Eu pedi pra esperar aqui Parece que um prisioneiro está solta por aí Eu tenho que encontrá-lo Ninguém vai fugir dessa prisão Eu preciso encontrar um lugar pra colocar essa bomba Eu acho que é ali embaixo, tá? Corre, corre, corre, corre Ele deve estar aqui pelo campo de futebol escondido Será que ele está pensando em quebrar essas tábuas de madeira e dar o fora?""",Avaliador_D,Avaliador_E
26,"Não vou nada, fi. Você que tá destruindo, que eu sou o vilão. Sai daqui, sai daqui, fedoreta. Eduarda, tu nunca vai me vencer. Tu acha que... Espera, isso aqui eu tenho ideia. Meu Deus do céu, tá explodindo o meu mundo, galera. Venha, vem aqui. Cadê você? Vem cá, vem. Vou te tacar ovo. Taquei ovo. Taquei ovo. Vem aqui, vem. Não, não, não. Apaga, apaga. Não deu certo, galera. Não. Bota aqui, bota aqui. Não. Galera, eu vou precisar usar meu poder especial. Vocês já sabem qual é? Será que vocês já sabem? É esse aqui, ó. É esse aqui. Um, dois, três e... Nossa, eu tô muito rápido agora. Volta aqui, menino. Galera, a gente precisa tirar as TNT que a Eduarda colocou. Cadê? Vamos procurar, vamos procurar. Tem uma ali. Não, ela acendeu, ela acendeu. Não, não, cara. Eu preciso pensar em alguma coisa que a Eduarda não gosta de fazer, galera. Tomar banho. Ela não gosta de tomar banho. E se eu jogar a Eduarda dentro d'água? Será que vai dar certo? Cadê? Eu preciso provocar ela. Eduarda! Que que é esse? Tô explodindo tudo. Não. Ah, não, velho. Cadê você? Eu tô aqui.",0.7424938678741455,0.2117834538221359,0.0457226634025573,NEG,0.835638165473938,0.0093950973823666,0.0617534406483173,0.0055231382139027,0.0606152117252349,0.016841534525156,0.0288256052881479,0.50759226,Marcelodrv,Minecraft,A Cada XP eu EVOLUO - O FILME [5nR_uhvpHvY],,T,T,T,"🎬 Canal: Marcelodrv | 🎥 Vídeo: A Cada XP eu EVOLUO - O FILME [5nR_uhvpHvY]
⏱️ Segmento/Index: 26
──────────────────────────────────────────────────
Fala transcrita:
""Não vou nada, fi. Você que tá destruindo, que eu sou o vilão. Sai daqui, sai daqui, fedoreta. Eduarda, tu nunca vai me vencer. Tu acha que... Espera, isso aqui eu tenho ideia. Meu Deus do céu, tá explodindo o meu mundo, galera. Venha, vem aqui. Cadê você? Vem cá, vem. Vou te tacar ovo. Taquei ovo. Taquei ovo. Vem aqui, vem. Não, não, não. Apaga, apaga. Não deu certo, galera. Não. Bota aqui, bota aqui. Não. Galera, eu vou precisar usar meu poder especial. Vocês já sabem qual é? Será que vocês já sabem? É esse aqui, ó. É esse aqui. Um, dois, três e... Nossa, eu tô muito rápido agora. Volta aqui, menino. Galera, a gente precisa tirar as TNT que a Eduarda colocou. Cadê? Vamos procurar, vamos procurar. Tem uma ali. Não, ela acendeu, ela acendeu. Não, não, cara. Eu preciso pensar em alguma coisa que a Eduarda não gosta de fazer, galera. Tomar banho. Ela não gosta de tomar banho. E se eu jogar a Eduarda dentro d'água? Será que vai dar certo? Cadê? Eu preciso provocar ela. Eduarda! Que que é esse? Tô explodindo tudo. Não. Ah, não, velho. Cadê você? Eu tô aqui.""",Avaliador_D,Avaliador_E
15,eu vou morrer mata mata mata mata isso aqui ta ta foi ai ó pedaço de bolo piece of cake muito fácil molezinha ô moço você vai ter que trazer algo mais mais assim pra gente matar entendeu é ta muito fácil e agora essa aqui é a ira mas não ta trancada não da pra passar por baixo aqui pelo lado ah mamis vamos ter que atirar aqui quer atirar na madeira a madeira vai morrer agora falta essa daqui só foi ta trancada a gente não consegue passar do mesmo jeito ai sim tem que quebrar o ar também aqui ó ó pera que gostei do meu caminho ta e ai moço o que a gente vai fazer agora ó ele sente uma presença,0.7883601784706116,0.1274787038564682,0.084161102771759,NEG,0.951467216014862,0.0098276697099208,0.0373728014528751,0.0049505173228681,0.0440662093460559,0.1420459002256393,0.0194838400930166,0.75208336,Julia MineGirl,Roblox,Roblox - O HOTEL ESTÁ ASSOMBRADO Hotel Stories [jt9lCOD0CiQ],,T,T,T,"🎬 Canal: Julia MineGirl | 🎥 Vídeo: Roblox - O HOTEL ESTÁ ASSOMBRADO Hotel Stories [jt9lCOD0CiQ]
⏱️ Segmento/Index: 15
──────────────────────────────────────────────────
Fala transcrita:
""eu vou morrer mata mata mata mata isso aqui ta ta foi ai ó pedaço de bolo piece of cake muito fácil molezinha ô moço você vai ter que trazer algo mais mais assim pra gente matar entendeu é ta muito fácil e agora essa aqui é a ira mas não ta trancada não da pra passar por baixo aqui pelo lado ah mamis vamos ter que atirar aqui quer atirar na madeira a madeira vai morrer agora falta essa daqui só foi ta trancada a gente não consegue passar do mesmo jeito ai sim tem que quebrar o ar também aqui ó ó pera que gostei do meu caminho ta e ai moço o que a gente vai fazer agora ó ele sente uma presença""",Avaliador_D,Avaliador_E
11,"Se o Herobrine aparecer, você pode tentar atacá-lo, mas agora vou precisar do seu machado. Olha, pega aqui esse machado, tenho esse aqui também, tenho esse e esse aqui que está quase quebrado. Eu peguei lá dos baús. Tá, eu vou estar usando esses que estão quase quebrando para fazer um melhor. E agora, Beto, eu vou destruir a casa dos animatronics. Tem certeza? Robby, não, é uma boa ideia, começou a chover e só foi você se aproximar. Já estava chovendo, não se preocupa, mas eu acho melhor você ficar perto da porta ali. Eu tenho uma vantagem porque essa armadura que eu estou usando, ela me dá um pouco de velocidade até me dar um pulo mais alto. Então vai ser fácil correr caso o animatronic venha atrás de mim. Espera, Robby, tem um Creeper no poço, ele vai acabar com tudo, tem um Creeper aqui. Calma, vamos tentar acabar com ele agora, não se aproxima muito. Vai, deixa ele por a cara para fora, toma. Ele não pode explodir, senão vai destruir tudo. É, mas ele está no meio da água, acho que nem aconteceu nada, mas calma, deixa eu ver, tem mais Creeper ali, eu não quero ter problema com Creepers.",0.2152246087789535,0.7233953475952148,0.0613800920546054,NEU,0.2211603373289108,0.0035417831968516,0.0197803601622581,0.0016281163552775,0.0156537257134914,0.1128238886594772,0.0025430708192288,0.3234372,Robin Hood Gamer,Minecraft,CASA SEGURA CONTRA ANIMATRONICS DO FIVE NIGHTS - Minecraft Herobrine 26 [feyQVw_NIPw],,GZ,GZ,GZ,"🎬 Canal: Robin Hood Gamer | 🎥 Vídeo: CASA SEGURA CONTRA ANIMATRONICS DO FIVE NIGHTS - Minecraft Herobrine 26 [feyQVw_NIPw]
⏱️ Segmento/Index: 11
──────────────────────────────────────────────────
Fala transcrita:
""Se o Herobrine aparecer, você pode tentar atacá-lo, mas agora vou precisar do seu machado. Olha, pega aqui esse machado, tenho esse aqui também, tenho esse e esse aqui que está quase quebrado. Eu peguei lá dos baús. Tá, eu vou estar usando esses que estão quase quebrando para fazer um melhor. E agora, Beto, eu vou destruir a casa dos animatronics. Tem certeza? Robby, não, é uma boa ideia, começou a chover e só foi você se aproximar. Já estava chovendo, não se preocupa, mas eu acho melhor você ficar perto da porta ali. Eu tenho uma vantagem porque essa armadura que eu estou usando, ela me dá um pouco de velocidade até me dar um pulo mais alto. Então vai ser fácil correr caso o animatronic venha atrás de mim. Espera, Robby, tem um Creeper no poço, ele vai acabar com tudo, tem um Creeper aqui. Calma, vamos tentar acabar com ele agora, não se aproxima muito. Vai, deixa ele por a cara para fora, toma. Ele não pode explodir, senão vai destruir tudo. É, mas ele está no meio da água, acho que nem aconteceu nada, mas calma, deixa eu ver, tem mais Creeper ali, eu não quero ter problema com Creepers.""",Avaliador_D,Avaliador_E
1,"Só tem como correr, Davi, não temos outra opção, porque se a gente não fugir, o tornado chega até a gente e eu acho que não vai ser bom, pois ele vai levar todos os blocos que estão por aqui, e se a gente ficar no tornado com vários blocos rodando, esses blocos podem nos acertar e isso não vai ser nada legal. Sim, a gente pode morrer. E o que não é bom, né? Então é melhor a gente se preparar para começar a correr. Eu já fiz uma mesa de trabalho, não sei se você chegou a fazer uma. Eu já fiz uma, Robin, eu estou mineirando aqui, agora vou pegar pedra. Não acredito, agora estamos com duas mesas de trabalho, não tem problema. Já que você está pronto aí para pegar pedra, eu não vou fazer uma picareta de madeira, não. Pega algumas pedras pra mim, que aí eu já faço uma picareta de pedra, que é bem melhor. Ah, então vem aqui no coto, Robin, onde você está? Eu estou atrás de você, me joga as pedras aí pra eu fazer a picareta. Tá, faz pra mim também, calma aí, calma aí. Deixa eu te jogar todas aqui. Boa, agora sim, dá pra fazer duas picaretas e aí a gente vai conseguir pegar várias pedras. Tem uma maçã aqui. Maçã? Calma aí, eu quero comer. Pega essa maçã aí e toma aí a sua picareta de pedra. Já vai buscar muita pedra pra gente estar fazendo aí todos os itens iniciais de pedra. Pá, machado e espada. Iniciais e necessários. Necessários demais, hein? Vamos fazer isso logo antes que o tornado apareça.",0.2520754933357239,0.6593602299690247,0.0885642617940902,NEU,0.033531554043293,0.0022809728980064,0.0237621255218982,0.0012602413771674,0.0130439745262265,0.0122492453083395,0.0012061403831467,0.11181668,Robin Hood Gamer,Minecraft,Minecraft mas um TORNADO nos persegue... [hxRzGlIphA8],,NT,NT,NT,"🎬 Canal: Robin Hood Gamer | 🎥 Vídeo: Minecraft mas um TORNADO nos persegue... [hxRzGlIphA8]
⏱️ Segmento/Index: 1
──────────────────────────────────────────────────
Fala transcrita:
""Só tem como correr, Davi, não temos outra opção, porque se a gente não fugir, o tornado chega até a gente e eu acho que não vai ser bom, pois ele vai levar todos os blocos que estão por aqui, e se a gente ficar no tornado com vários blocos rodando, esses blocos podem nos acertar e isso não vai ser nada legal. Sim, a gente pode morrer. E o que não é bom, né? Então é melhor a gente se preparar para começar a correr. Eu já fiz uma mesa de trabalho, não sei se você chegou a fazer uma. Eu já fiz uma, Robin, eu estou mineirando aqui, agora vou pegar pedra. Não acredito, agora estamos com duas mesas de trabalho, não tem problema. Já que você está pronto aí para pegar pedra, eu não vou fazer uma picareta de madeira, não. Pega algumas pedras pra mim, que aí eu já faço uma picareta de pedra, que é bem melhor. Ah, então vem aqui no coto, Robin, onde você está? Eu estou atrás de você, me joga as pedras aí pra eu fazer a picareta. Tá, faz pra mim também, calma aí, calma aí. Deixa eu te jogar todas aqui. Boa, agora sim, dá pra fazer duas picaretas e aí a gente vai conseguir pegar várias pedras. Tem uma maçã aqui. Maçã? Calma aí, eu quero comer. Pega essa maçã aí e toma aí a sua picareta de pedra. Já vai buscar muita pedra pra gente estar fazendo aí todos os itens iniciais de pedra. Pá, machado e espada. Iniciais e necessários. Necessários demais, hein? Vamos fazer isso logo antes que o tornado apareça.""",Avaliador_D,Avaliador_E
7,"Vou jogar aqui, devolver. Aspeque, soumei gente de novo. Remando de novo? Ah, mano, que ruim. Ah, eu queria aquela picareta que ele... Cuidado, cuidado. Bom, eu queria aquele... Eliminio, eliminio. Juga... Meu Deus, olha isso aqui, o açúcar. Olha isso aqui, olha isso aqui, olha isso aqui. Meu Deus. Caraca. Mano, que maneiro, véi. Toque suave, toque suave. Hmm, legal. Da hora, véi. Tá, eu tô procurando minha espada. Nossa, o problema é que o item vai muito longe. Meu Deus, só vem aspecto formigiante na espada, véi, que saco. É que essa espada aqui, ela não tem afiação, ela tem julgamento, entendeu? Então, tipo assim, é pra morto vivo, mas a gente precisa de ferro ainda, véi. Só que eu quero pegar um saque. Olha aqui, olha aqui. Oi, cadê? Meu Deus. Olha aqui o Creeper, olha o Creeper, olha o Creeper. Vem cá, Creeper. Olá. Coitado. Tem três Endermen, velho. Mano, será que eu consigo pegar saque, véi? Não, não, não, açúcar. Eu peguei saque. Eu peguei saque. Olha aqui, olha aqui, olha aqui, olha aqui.",0.559557318687439,0.3694933950901031,0.0709493085741996,NEG,0.3342005610466003,0.0031224892009049,0.0668336749076843,0.0010882656788453,0.0547079220414161,0.015331414528191,0.0068681444972753,0.3367073,Geleia,Minecraft,as fogueiras mudaram no minecraft... [oVJ60UlHNYk],,GZ,GZ,GZ,"🎬 Canal: Geleia | 🎥 Vídeo: as fogueiras mudaram no minecraft... [oVJ60UlHNYk]
⏱️ Segmento/Index: 7
──────────────────────────────────────────────────
Fala transcrita:
""Vou jogar aqui, devolver. Aspeque, soumei gente de novo. Remando de novo? Ah, mano, que ruim. Ah, eu queria aquela picareta que ele... Cuidado, cuidado. Bom, eu queria aquele... Eliminio, eliminio. Juga... Meu Deus, olha isso aqui, o açúcar. Olha isso aqui, olha isso aqui, olha isso aqui. Meu Deus. Caraca. Mano, que maneiro, véi. Toque suave, toque suave. Hmm, legal. Da hora, véi. Tá, eu tô procurando minha espada. Nossa, o problema é que o item vai muito longe. Meu Deus, só vem aspecto formigiante na espada, véi, que saco. É que essa espada aqui, ela não tem afiação, ela tem julgamento, entendeu? Então, tipo assim, é pra morto vivo, mas a gente precisa de ferro ainda, véi. Só que eu quero pegar um saque. Olha aqui, olha aqui. Oi, cadê? Meu Deus. Olha aqui o Creeper, olha o Creeper, olha o Creeper. Vem cá, Creeper. Olá. Coitado. Tem três Endermen, velho. Mano, será que eu consigo pegar saque, véi? Não, não, não, açúcar. Eu peguei saque. Eu peguei saque. Olha aqui, olha aqui, olha aqui, olha aqui.""",Avaliador_D,Avaliador_E
8,"a gente tá fugindo dos zumbis tem monstros lá fora inclusive aqui dá pra ver, né? algo aconteceu ali, ó tá, agora me sigam, a gente tem trabalho em sala de aula pra fazer como assim, mano? você não sabe que tem zumbi lá fora, não? tá, vamos seguir o diretor, pessoal ó, aqui é a sala de aula, certo? não dá pra clicar aqui mas não tem nada ei, abra aquela porta abre a porta a professora acho que já foi, né? ela foi a primeira a ser atacada, né? pelos zumbis aí, ó, o diretor é o próximo agora diretor saiu correndo também fala alguma coisa, diretor confiamos em você tá, eu tô aqui na sala do diretor, ó você matou aquele zumbi quem que matou? foi o diretor que matou? não deu pra ver mas olha o seu braço ele tá infectado, galera não, é só um arranhão, nada comparado com a dor de...",0.3793995380401611,0.5782828330993652,0.0423175767064094,NEU,0.4457023739814758,0.000658577249851,0.0341551266610622,0.0023792032152414,0.199209526181221,0.0037881883326917,0.0071681891568005,0.37751234,Tex HS,Roblox,ROBLOX FIELD TRIP Z [i5odR1arac0],,GZ,GZ,GZ,"🎬 Canal: Tex HS | 🎥 Vídeo: ROBLOX FIELD TRIP Z [i5odR1arac0]
⏱️ Segmento/Index: 8
──────────────────────────────────────────────────
Fala transcrita:
""a gente tá fugindo dos zumbis tem monstros lá fora inclusive aqui dá pra ver, né? algo aconteceu ali, ó tá, agora me sigam, a gente tem trabalho em sala de aula pra fazer como assim, mano? você não sabe que tem zumbi lá fora, não? tá, vamos seguir o diretor, pessoal ó, aqui é a sala de aula, certo? não dá pra clicar aqui mas não tem nada ei, abra aquela porta abre a porta a professora acho que já foi, né? ela foi a primeira a ser atacada, né? pelos zumbis aí, ó, o diretor é o próximo agora diretor saiu correndo também fala alguma coisa, diretor confiamos em você tá, eu tô aqui na sala do diretor, ó você matou aquele zumbi quem que matou? foi o diretor que matou? não deu pra ver mas olha o seu braço ele tá infectado, galera não, é só um arranhão, nada comparado com a dor de...""",Avaliador_D,Avaliador_E
2,"Ah! Ha ha ha! Agora eu sou o rei dos macacos. Ei, Macaco, o que você está fazendo? Uhu, aham. O quê? Você estava descansando? Uhu, aham. Uhu, aham. Macaco, para de ser preguiçoso. Vai pegar uma banana pra mim agora. Se você não pegar, eu vou te dar um golpe de ninja. Uhu, aham. Ha ha ha! Agora todos os outros macacos vão ser meus empregados. Gente, olha! Agora eu vou jogar uma bola pro meu unicórnio pegar. 3, 2, 1 e... Joguei a bola! Pega o unicórnio! Pega, pega, pega a bola, pega! Olha, o unicórnio. Você viu que tem ali? Você viu? É um macaquinho, é um macaquinho. Mas eu acho que é um macaco albino, porque ele é todo branquinho, né, branquinho?",0.4696001410484314,0.4161606729030609,0.1142392605543136,NEG,0.8557430505752563,0.0021776440553367,0.0334481187164783,0.187089130282402,0.5436227321624756,0.0153571339324116,0.0041766199283301,0.5972042,Lokis,Roblox,O REI MACACO DO ADOPT ME  Roblox - Adopt Me [V2n44ESPXww],,T,T,T,"🎬 Canal: Lokis | 🎥 Vídeo: O REI MACACO DO ADOPT ME  Roblox - Adopt Me [V2n44ESPXww]
⏱️ Segmento/Index: 2
──────────────────────────────────────────────────
Fala transcrita:
""Ah! Ha ha ha! Agora eu sou o rei dos macacos. Ei, Macaco, o que você está fazendo? Uhu, aham. O quê? Você estava descansando? Uhu, aham. Uhu, aham. Macaco, para de ser preguiçoso. Vai pegar uma banana pra mim agora. Se você não pegar, eu vou te dar um golpe de ninja. Uhu, aham. Ha ha ha! Agora todos os outros macacos vão ser meus empregados. Gente, olha! Agora eu vou jogar uma bola pro meu unicórnio pegar. 3, 2, 1 e... Joguei a bola! Pega o unicórnio! Pega, pega, pega a bola, pega! Olha, o unicórnio. Você viu que tem ali? Você viu? É um macaquinho, é um macaquinho. Mas eu acho que é um macaco albino, porque ele é todo branquinho, né, branquinho?""",Avaliador_D,Avaliador_E
4,"Ai, nem é tão ruim assim, fala sério! Ai, eu não aguento mais beber isso! Deixa eu ver! É, a sua sede passou, eu já sei! Enquanto você não me pede nada, eu vou passear com você de carrinho! É, passeando com o meu bebê, vamos lá fora! Oh não! Não vai dar, você tá com a fralda cheia de cocô! Ai, olha que cheiro! O que eu faço? Aonde é que eu troco bebês? Eu acho que é aqui no trocador! Pera, pega uma fralda, ai eu nunca fiz isso antes, ai que nojento! E troca, pronto! Tá trocadinho, quase lá! Por que você fica com essa cara feia o tempo todo? Fica feliz, fala sério!",0.2779898345470428,0.612838864326477,0.1091712862253189,NEU,0.8332206606864929,0.002733951434493,0.132938951253891,0.002360797021538,0.2768586874008178,0.0037548462860286,0.0086817368865013,0.4269174,Papile,Roblox,O PIOR BEBÊ DA CRECHE NO ROBLOX   Twilight Daycare  PAPILE HISTÓRIA ENGRAÇADA [Z1gSWlLr9xA],,T,T,T,"🎬 Canal: Papile | 🎥 Vídeo: O PIOR BEBÊ DA CRECHE NO ROBLOX   Twilight Daycare  PAPILE HISTÓRIA ENGRAÇADA [Z1gSWlLr9xA]
⏱️ Segmento/Index: 4
──────────────────────────────────────────────────
Fala transcrita:
""Ai, nem é tão ruim assim, fala sério! Ai, eu não aguento mais beber isso! Deixa eu ver! É, a sua sede passou, eu já sei! Enquanto você não me pede nada, eu vou passear com você de carrinho! É, passeando com o meu bebê, vamos lá fora! Oh não! Não vai dar, você tá com a fralda cheia de cocô! Ai, olha que cheiro! O que eu faço? Aonde é que eu troco bebês? Eu acho que é aqui no trocador! Pera, pega uma fralda, ai eu nunca fiz isso antes, ai que nojento! E troca, pronto! Tá trocadinho, quase lá! Por que você fica com essa cara feia o tempo todo? Fica feliz, fala sério!""",Avaliador_D,Avaliador_E
12,"Volta aqui moleque, devolve meu milho Ah",0.9178773760795592,0.0671742260456085,0.0149484183639287,NEG,0.2260571867227554,0.0014256521826609,0.0272991005331277,0.0028192002791911,0.070039577782154,0.0040291468612849,0.0022081627976149,0.3281604,Cadres,Minecraft,Recriei Comidas da Vida Real no Minecraft [9D9Zp3MnNhs],,GZ,GZ,GZ,"🎬 Canal: Cadres | 🎥 Vídeo: Recriei Comidas da Vida Real no Minecraft [9D9Zp3MnNhs]
⏱️ Segmento/Index: 12
──────────────────────────────────────────────────
Fala transcrita:
""Volta aqui moleque, devolve meu milho Ah""",Avaliador_D,Avaliador_E
1,"Nossa, você está correndo atrás de mim, mami! Eu estou atrás de você, Luca! Eu acho melhor você deixar eu ir na frente, porque se morre, morro eu, né? Mas você é fantasma! Então, Luca, fantasma não morre! Na verdade, não morre! Mas eles não te veem? Eles não te veem! Oi, eu estou te vendo! Você está me vendo, Luca? Estou! Ai, morreu! Não, não morre! Luca, a armadilha já foi feita! Você é a primeira? Oi? Você está em primeiro? Eu acho que estou, mami! Eu acho que eu estou! Será, Luca? Será, mami? Será mesmo? Será? Não sei, Luca! Nossa, mami! Eu peguei um brilhinho, Luca! Ah! Ahn? Você ganhou! Aê! Já começou o mapa novo! Ganhando! Luca! Quem será que será o armador? Quem será que será? Sou eu! Sou eu! Mentira!",0.1023755744099617,0.635915994644165,0.2617084085941314,NEU,0.7732785940170288,0.0048425225540995,0.0381343849003315,0.0025023655034601,0.0439445674419403,0.0305135585367679,0.0072768456302583,0.2854903,Luluca Games,Roblox,Roblox - UM NOVO MAPA COLORIDO E DIVERTIDO Deathrun GameShow  Luluca Games [4YTSot83szw],0.1023756340146064,GZ,GZ,GZ,"🎬 Canal: Luluca Games | 🎥 Vídeo: Roblox - UM NOVO MAPA COLORIDO E DIVERTIDO Deathrun GameShow  Luluca Games [4YTSot83szw]
⏱️ Segmento/Index: 1
──────────────────────────────────────────────────
Fala transcrita:
""Nossa, você está correndo atrás de mim, mami! Eu estou atrás de você, Luca! Eu acho melhor você deixar eu ir na frente, porque se morre, morro eu, né? Mas você é fantasma! Então, Luca, fantasma não morre! Na verdade, não morre! Mas eles não te veem? Eles não te veem! Oi, eu estou te vendo! Você está me vendo, Luca? Estou! Ai, morreu! Não, não morre! Luca, a armadilha já foi feita! Você é a primeira? Oi? Você está em primeiro? Eu acho que estou, mami! Eu acho que eu estou! Será, Luca? Será, mami? Será mesmo? Será? Não sei, Luca! Nossa, mami! Eu peguei um brilhinho, Luca! Ah! Ahn? Você ganhou! Aê! Já começou o mapa novo! Ganhando! Luca! Quem será que será o armador? Quem será que será? Sou eu! Sou eu! Mentira!""",Avaliador_D,Avaliador_E
9,"Mano, você tá tretando com a vitória! Por que, Fih? Eu sei, eu sei! Desculpe! Vou desculpar, não! Vamos voltar para casa! Vamos embora! Gente, mano! Que lindo esse lugar! Eu nunca tinha visto uma selva tão bonita, né, Gagão? Bonita, né? Bonita, perigosa... Capitule eles! Não vamos deixar o saíra! Os caras não param de vir atrás de nós, velho! Esse cara não é o chefe dele! Olha os homens surgindo, velho! Eita, nois! Galera, como é a frase que ele fala? Pogar, pogar! Vai, vai, vai! Vamos embora! Nossa, cuidado, rimarão! O chefe está de volta! O chefe estava de volta, Pocão! Pula dois anos antes de você ir para te pegar! Não, não, não! Pega um pouquinho! Fica, Pocão, fica pra sobreviver, mano! Me abraça, me abraça!",0.014528764411807,0.0354380495846271,0.9500331878662108,POS,0.2337199747562408,0.0011984537122771,0.0487235374748706,0.0016834890702739,0.0542580336332321,0.0018467606278136,0.0109525863081216,0.30427247,AuthenticGames,Minecraft,FUGIMOS de UM VULCÃO em ERUPÇÃO na ILHA DA SELVA - Roblox Jungle Story EP.02 [nDDySmsD9X4],,GZ,GZ,GZ,"🎬 Canal: AuthenticGames | 🎥 Vídeo: FUGIMOS de UM VULCÃO em ERUPÇÃO na ILHA DA SELVA - Roblox Jungle Story EP.02 [nDDySmsD9X4]
⏱️ Segmento/Index: 9
──────────────────────────────────────────────────
Fala transcrita:
""Mano, você tá tretando com a vitória! Por que, Fih? Eu sei, eu sei! Desculpe! Vou desculpar, não! Vamos voltar para casa! Vamos embora! Gente, mano! Que lindo esse lugar! Eu nunca tinha visto uma selva tão bonita, né, Gagão? Bonita, né? Bonita, perigosa... Capitule eles! Não vamos deixar o saíra! Os caras não param de vir atrás de nós, velho! Esse cara não é o chefe dele! Olha os homens surgindo, velho! Eita, nois! Galera, como é a frase que ele fala? Pogar, pogar! Vai, vai, vai! Vamos embora! Nossa, cuidado, rimarão! O chefe está de volta! O chefe estava de volta, Pocão! Pula dois anos antes de você ir para te pegar! Não, não, não! Pega um pouquinho! Fica, Pocão, fica pra sobreviver, mano! Me abraça, me abraça!""",Avaliador_D,Avaliador_E
0,o cristal de ametista tem uma cor muito bonita e é muito brilhante eu gosto muito de ametista e foi inspirado nesse cristal que eu lancei o meu cabelo roxo e aí vocês acharam que ficou parecido com ametista?,0.002064072759822,0.0273210350424051,0.9706148505210876,POS,0.0031774414237588,0.0026105151046067,0.0265057329088449,0.0033980347216129,0.0210934169590473,0.001002742210403,0.0014812314184382,0.044141594,Robin Hood Gamer,Minecraft,FIZ UMA CASA COM ARMADILHA SECRETA MINECRAFT ERA DA REDSTONE 45 [JWgmm6zOxWE],,NT,NT,NT,"🎬 Canal: Robin Hood Gamer | 🎥 Vídeo: FIZ UMA CASA COM ARMADILHA SECRETA MINECRAFT ERA DA REDSTONE 45 [JWgmm6zOxWE]
⏱️ Segmento/Index: 0
──────────────────────────────────────────────────
Fala transcrita:
""o cristal de ametista tem uma cor muito bonita e é muito brilhante eu gosto muito de ametista e foi inspirado nesse cristal que eu lancei o meu cabelo roxo e aí vocês acharam que ficou parecido com ametista?""",Avaliador_D,Avaliador_E
3,"Então tá bom, você que perde. Eu também não quero saber. Não, não, eu tô brincando, calma, calma. Não, não, não, tá bom, eu mudei de ideia, como é que funciona isso aí? É, é, mas vai ser fácil, é um experimento que tá testado e comprovado que dá certo. Você já testou? Aham, mas pera aí, rapidinho. Deixa eu só falar um negócio aqui. Pera aí, vou no banheiro, só um minuto. Pessoal, eu acho que eu esqueci de falar o que que era, mas é que eu vou deixar o KR minúsculo, eu vou deixar ele pequenininho e ele vai achar que ele vai ficar musculoso. Vocês vão ver, vai ser muito engraçado. Tá, agora deixa eu voltar lá. KR! Hmm, fala menino, tá rolando muito. Eu fui ver se tava certo mesmo, se dava certo. Se você for pegar uma picaíra, você vai minerar. Ah é, vai onde? Vai fazer o que que essa picaíra tem? É porque eu preciso construir uma máquina. Pera aí, vai construir uma máquina onde? Eu vou construir lá no laboratório da mult. Ai meu Deus do céu, você vai construir no laboratório da mult.",0.1435927748680114,0.7923552989959717,0.0640519112348556,NEU,0.2465424239635467,0.0037366040050983,0.0483617819845676,0.0024460195563733,0.028497090563178,0.0063938261009752,0.0058732791803777,0.28425202,Kass e KR,Minecraft,DEIXEI O MEU AMIGO PEQUENO NO MINECRAFT Trollagem [xbLF0P0E1BU],,GZ,GZ,GZ,"🎬 Canal: Kass e KR | 🎥 Vídeo: DEIXEI O MEU AMIGO PEQUENO NO MINECRAFT Trollagem [xbLF0P0E1BU]
⏱️ Segmento/Index: 3
──────────────────────────────────────────────────
Fala transcrita:
""Então tá bom, você que perde. Eu também não quero saber. Não, não, eu tô brincando, calma, calma. Não, não, não, tá bom, eu mudei de ideia, como é que funciona isso aí? É, é, mas vai ser fácil, é um experimento que tá testado e comprovado que dá certo. Você já testou? Aham, mas pera aí, rapidinho. Deixa eu só falar um negócio aqui. Pera aí, vou no banheiro, só um minuto. Pessoal, eu acho que eu esqueci de falar o que que era, mas é que eu vou deixar o KR minúsculo, eu vou deixar ele pequenininho e ele vai achar que ele vai ficar musculoso. Vocês vão ver, vai ser muito engraçado. Tá, agora deixa eu voltar lá. KR! Hmm, fala menino, tá rolando muito. Eu fui ver se tava certo mesmo, se dava certo. Se você for pegar uma picaíra, você vai minerar. Ah é, vai onde? Vai fazer o que que essa picaíra tem? É porque eu preciso construir uma máquina. Pera aí, vai construir uma máquina onde? Eu vou construir lá no laboratório da mult. Ai meu Deus do céu, você vai construir no laboratório da mult.""",Avaliador_D,Avaliador_E
1,"O que é isso? O que é isso? O que é isso? O que é isso? O que é isso? O que é isso? O que é isso? O que é isso? O que é isso? O que é isso? O que é isso? Eu vou pegar o o 한요즈 Sai daqui, sai de perto Sai de pé de mim Sai, sai, sai, sai Ih, que horror Sai do barco, sai, sai, sai, sai, sai, sai Mano, que... QUE? SAI Sai daqui Caraca, consegui matar o Utsu Mano, o que aconteceu? Cadê o... Oh, saia de perto de mim Sai de perto de mim Mano, cadê o Utsu, velho? Utsu UTSU AUUU, sai daqui Toma, eu peguei Que isso mano?! SAI! Sai daqui! Mas não... Que que é? Sai daqui! Não... Não, não, não, não! Não, não, não, não! Como é que é que é?! Não, não, não, não! Sai daqui! Nessa hora eu resolvi trocar de voz pra uma mais fácil de entender. E olha o Atus ali, eu vou trollar ele aparecendo do lado, deixa eu tacar um Menderpill ali. Ah, zumbis são muitos mobs! Ah, aqui tem mais zumbis. Não! Ah, pega isso! Fica aí, apareceu um bicho rosa do mal!",0.8705031275749207,0.1135549694299697,0.0159419048577547,NEG,0.7606576085090637,0.0079460712149739,0.0752908214926719,0.0045129703357815,0.0690098777413368,0.0081922747194767,0.0138104883953928,0.23812068,Cadres,Minecraft,TROLLEI meus Amigos sendo a MOMMY LONG LEGS no Minecraft [5cegOc5b7yM],,GZ,GZ,GZ,"🎬 Canal: Cadres | 🎥 Vídeo: TROLLEI meus Amigos sendo a MOMMY LONG LEGS no Minecraft [5cegOc5b7yM]
⏱️ Segmento/Index: 1
──────────────────────────────────────────────────
Fala transcrita:
""O que é isso? O que é isso? O que é isso? O que é isso? O que é isso? O que é isso? O que é isso? O que é isso? O que é isso? O que é isso? O que é isso? Eu vou pegar o o 한요즈 Sai daqui, sai de perto Sai de pé de mim Sai, sai, sai, sai Ih, que horror Sai do barco, sai, sai, sai, sai, sai, sai Mano, que... QUE? SAI Sai daqui Caraca, consegui matar o Utsu Mano, o que aconteceu? Cadê o... Oh, saia de perto de mim Sai de perto de mim Mano, cadê o Utsu, velho? Utsu UTSU AUUU, sai daqui Toma, eu peguei Que isso mano?! SAI! Sai daqui! Mas não... Que que é? Sai daqui! Não... Não, não, não, não! Não, não, não, não! Como é que é que é?! Não, não, não, não! Sai daqui! Nessa hora eu resolvi trocar de voz pra uma mais fácil de entender. E olha o Atus ali, eu vou trollar ele aparecendo do lado, deixa eu tacar um Menderpill ali. Ah, zumbis são muitos mobs! Ah, aqui tem mais zumbis. Não! Ah, pega isso! Fica aí, apareceu um bicho rosa do mal!""",Avaliador_D,Avaliador_E
13,Então agora sim galera vamos continuar aqui o nosso próximo desafio E pessoal acabei de encontrar diamantes Olha só isso mano tem muito diamante caí caí na lava não acredito Mas eu consegui 3 diamantes já E pelo que me parece conseguindo diamante eu voltei ao normal a minha roupa não tá mais rasgada velho Agora eu só preciso tapar essa lava aqui e pegar o resto dos diamantes né Vem a cá diamantinho Muito cuidado nessa hora E 7 diamantes eu consegui Eu vou vender isso por muito muito caro velho Que beleza eu preciso voltar Agora que a gente tá aqui no banco eu acho que é hora de trocar as coisas Olha só isso 1 diamante vale 64 reais mano isso é muito bom Galera com toda sinceridade eu acho que eu já tô rico hein Não sei nem quanto dinheiro eu tenho aqui velho tô feliz demais Bora lá comprar as coisas melhores Eu sei que eu tô rico mas deixa eu passar aqui rapidão pra comprar uns hambúrgueres né velho Porque eu tô com fome ele é o único que vende comida aqui Agora sim tô cheio de hambúrguer,0.1745703965425491,0.3836090862751007,0.4418205320835113,POS,0.0039363889954984,0.0028959724586457,0.0272373724728822,0.0023234486579895,0.0204886123538017,0.0017577358521521,0.0013818704755976,0.112643376,Kass e KR,Minecraft,Melhorando meu AMIGO de POBRE até o mais RICO do Mundo [fqekFbdgwSA],,NT,NT,NT,"🎬 Canal: Kass e KR | 🎥 Vídeo: Melhorando meu AMIGO de POBRE até o mais RICO do Mundo [fqekFbdgwSA]
⏱️ Segmento/Index: 13
──────────────────────────────────────────────────
Fala transcrita:
""Então agora sim galera vamos continuar aqui o nosso próximo desafio E pessoal acabei de encontrar diamantes Olha só isso mano tem muito diamante caí caí na lava não acredito Mas eu consegui 3 diamantes já E pelo que me parece conseguindo diamante eu voltei ao normal a minha roupa não tá mais rasgada velho Agora eu só preciso tapar essa lava aqui e pegar o resto dos diamantes né Vem a cá diamantinho Muito cuidado nessa hora E 7 diamantes eu consegui Eu vou vender isso por muito muito caro velho Que beleza eu preciso voltar Agora que a gente tá aqui no banco eu acho que é hora de trocar as coisas Olha só isso 1 diamante vale 64 reais mano isso é muito bom Galera com toda sinceridade eu acho que eu já tô rico hein Não sei nem quanto dinheiro eu tenho aqui velho tô feliz demais Bora lá comprar as coisas melhores Eu sei que eu tô rico mas deixa eu passar aqui rapidão pra comprar uns hambúrgueres né velho Porque eu tô com fome ele é o único que vende comida aqui Agora sim tô cheio de hambúrguer""",Avaliador_D,Avaliador_E
6,"Foi planejada de um jeito que acaba com tudo Porque ela é aquela que tem o poder Ela vai explodir e vai te enlouquecer Ela explode, então corre porque ela explode De um jeito bem louco ela explode Eu tô falando da TNT, meu Minecraft Ela explode, então corre porque ela explode De um jeito bem louco ela explode Eu tô falando da TNT, meu Minecraft Ela explode aí Acordei bem cedo com dor de dente mas queria um doce Deci pra cozinha mas não tinha nada que eu conseguia comer Estou com dor nos meus dentes Minha mãe não está contente Não sei o que posso fazer Porque tudo que eu quero, eu quero, eu quero comer",0.1335733383893966,0.4507056772708893,0.4157209694385528,NEU,0.6516026258468628,0.0070717157796025,0.0427003800868988,0.0038269585929811,0.0272548776119947,0.0400652550160884,0.012892322614789,0.23739935,Papile,Roblox,VÍDEO ESPECIAL TODAS AS MÚSICAS DA PAPILE Minecraft e Roblox [wtoZ8K7gVH4],,GZ,GZ,GZ,"🎬 Canal: Papile | 🎥 Vídeo: VÍDEO ESPECIAL TODAS AS MÚSICAS DA PAPILE Minecraft e Roblox [wtoZ8K7gVH4]
⏱️ Segmento/Index: 6
──────────────────────────────────────────────────
Fala transcrita:
""Foi planejada de um jeito que acaba com tudo Porque ela é aquela que tem o poder Ela vai explodir e vai te enlouquecer Ela explode, então corre porque ela explode De um jeito bem louco ela explode Eu tô falando da TNT, meu Minecraft Ela explode, então corre porque ela explode De um jeito bem louco ela explode Eu tô falando da TNT, meu Minecraft Ela explode aí Acordei bem cedo com dor de dente mas queria um doce Deci pra cozinha mas não tinha nada que eu conseguia comer Estou com dor nos meus dentes Minha mãe não está contente Não sei o que posso fazer Porque tudo que eu quero, eu quero, eu quero comer""",Avaliador_D,Avaliador_E
1,"Eu tenho uma câmera ali do outro lado, deixa eu ver como é que tá ficando o bolo do JP Nada mal, mas é impossível superar o meu O meu bolo tá quase pronto Falta só colocar algumas cerejas espalhadas aqui por cima, mais ou menos desse jeito aqui Eu acho que ficou legal E pra essa cobertura de chocolate ficar ainda mais realista Eu tô colocando alguns carpets em cima McFly, já terminei de construir! Eu acabei de terminar também, dá uma olhada e vê o que você achou, tá? Tá, deixa eu ver aqui o bolo que você construiu... McFly! Nossa, tá impressionante isso daqui! Eu achei que o meu tava enorme, mas o seu tá muito maior Tem várias e várias camadas de chocolate e eu tô até com fome, só de olhar esse bolo aqui Nossa, que incrível! É, eu dei o meu melhor, mas acho que o resultado final até ficou bom Mas tá ok, né? O bolo tá ok Isso aqui deve ter dado muito trabalho Eu coloquei algumas cerejas também, só que o seu tem muito, mas muito mais cerejas Eu acho que sei lá, mil vezes mais Agora eu quero ver como é que ficou o seu bolinho Pode vir, McFly, esse aqui é o bolo que eu construí, né?",0.0594095364212989,0.5067774653434753,0.4338130056858063,NEU,0.0018069742945954,0.0043567297980189,0.0314644128084182,0.0048231463879346,0.0285041872411966,0.0022021878976374,0.0010185586288571,0.15048122,JP Plays,Minecraft,Trolei meu AMIGO na BATALHA DE CONSTRUÇÃO no MINECRAFT [qv0HRYN5jSg],,NT,NT,NT,"🎬 Canal: JP Plays | 🎥 Vídeo: Trolei meu AMIGO na BATALHA DE CONSTRUÇÃO no MINECRAFT [qv0HRYN5jSg]
⏱️ Segmento/Index: 1
──────────────────────────────────────────────────
Fala transcrita:
""Eu tenho uma câmera ali do outro lado, deixa eu ver como é que tá ficando o bolo do JP Nada mal, mas é impossível superar o meu O meu bolo tá quase pronto Falta só colocar algumas cerejas espalhadas aqui por cima, mais ou menos desse jeito aqui Eu acho que ficou legal E pra essa cobertura de chocolate ficar ainda mais realista Eu tô colocando alguns carpets em cima McFly, já terminei de construir! Eu acabei de terminar também, dá uma olhada e vê o que você achou, tá? Tá, deixa eu ver aqui o bolo que você construiu... McFly! Nossa, tá impressionante isso daqui! Eu achei que o meu tava enorme, mas o seu tá muito maior Tem várias e várias camadas de chocolate e eu tô até com fome, só de olhar esse bolo aqui Nossa, que incrível! É, eu dei o meu melhor, mas acho que o resultado final até ficou bom Mas tá ok, né? O bolo tá ok Isso aqui deve ter dado muito trabalho Eu coloquei algumas cerejas também, só que o seu tem muito, mas muito mais cerejas Eu acho que sei lá, mil vezes mais Agora eu quero ver como é que ficou o seu bolinho Pode vir, McFly, esse aqui é o bolo que eu construí, né?""",Avaliador_D,Avaliador_E
0,"Nesse vídeo, eu e meu amigo Tônegon passamos 100 minutos das nossas vidas, sobrevivendo como náufragos da lava em um vulcão no Minecraft. Foi uma aventura muito realista, o nosso objetivo era completar várias tarefas que tinham nesse mod pack, e sério, foi muito divertido. Eu espero muito que vocês gostem dessa jornada. Vocês simplesmente amaram o vídeo que eu fiz de náufrago com o Tônegon de uma hora, esse vídeo tem muito mais duração, tem uma hora e quarenta porque são 100 minutos, né? A gente conseguiu fazer muita coisa, então mano, se você gostar desse vídeo não se esquece de se inscrever no canal do Tônegon, se inscrever aqui embaixo também, e agora fiquem com 100 minutos em um vulcão no Minecraft. Música de suspense Jalean, eu tô pegando fogo, pega-me a mão! Meu Deus, Tônegon, vem cá, vem cá! Cuidado, cuidado, cuidado. Bom, Tônegon, você lembra da última vez que você apareceu aqui em um mapa... Aí! Não deu tempo, Jalean. Tô aqui, tô aqui.",0.0047127855941653,0.0208507068455219,0.9744364619255066,POS,0.0033542979508638,0.0017547204624861,0.0166065357625484,0.0022341518197208,0.0138263497501611,0.0010717480909079,0.0004261830763425,0.11140333,Geleia,Minecraft,Eu Sobrevivi em um OCEANO de Lava no Minecraft - O FILME [8v43hoc2kEU],,NT,NT,NT,"🎬 Canal: Geleia | 🎥 Vídeo: Eu Sobrevivi em um OCEANO de Lava no Minecraft - O FILME [8v43hoc2kEU]
⏱️ Segmento/Index: 0
──────────────────────────────────────────────────
Fala transcrita:
""Nesse vídeo, eu e meu amigo Tônegon passamos 100 minutos das nossas vidas, sobrevivendo como náufragos da lava em um vulcão no Minecraft. Foi uma aventura muito realista, o nosso objetivo era completar várias tarefas que tinham nesse mod pack, e sério, foi muito divertido. Eu espero muito que vocês gostem dessa jornada. Vocês simplesmente amaram o vídeo que eu fiz de náufrago com o Tônegon de uma hora, esse vídeo tem muito mais duração, tem uma hora e quarenta porque são 100 minutos, né? A gente conseguiu fazer muita coisa, então mano, se você gostar desse vídeo não se esquece de se inscrever no canal do Tônegon, se inscrever aqui embaixo também, e agora fiquem com 100 minutos em um vulcão no Minecraft. Música de suspense Jalean, eu tô pegando fogo, pega-me a mão! Meu Deus, Tônegon, vem cá, vem cá! Cuidado, cuidado, cuidado. Bom, Tônegon, você lembra da última vez que você apareceu aqui em um mapa... Aí! Não deu tempo, Jalean. Tô aqui, tô aqui.""",Avaliador_D,Avaliador_E
3,"Eu estou aqui para conversar Eu não gosto de armas Não apontem armas pra mim não Eee, o que é isso? O que é isso? Não, eu não queria fazer isso, mas vocês me obrigaram Não atirem em mim! Eu consegui fugir daqueles policiais E agora eu estou muito curioso Tem um trem passando aqui, será que eu consigo Destruir o trem com a minha velocidade? Vocês viram o quanto eu sou forte O meu impacto destrói veículos Eu fiz um carro explodir Toma essa trem! Nossa! É muito difícil, eu não consigo tirar O trem do trilho, super velocidade Tive uma ideia, tive uma ideia Eu vou correr, eu vou bater de frente com o trem É agora! Velocidade máxima! Não! Eu não consigo parar o trem! Vai, você consegue Goku!",0.1837765872478485,0.7084624171257019,0.1077609732747078,NEU,0.273721694946289,0.0059985383413732,0.054668553173542,0.0036747343838214,0.0317462123930454,0.020374434068799,0.0063397837802767,0.37751234,Robin Hood Gamer,Minecraft,ME TRANSFORMEI NO GOKU E GANHEI PODERES NA CIDADE DO GTA 5 [ki45ObAUazo],,GZ,GZ,GZ,"🎬 Canal: Robin Hood Gamer | 🎥 Vídeo: ME TRANSFORMEI NO GOKU E GANHEI PODERES NA CIDADE DO GTA 5 [ki45ObAUazo]
⏱️ Segmento/Index: 3
──────────────────────────────────────────────────
Fala transcrita:
""Eu estou aqui para conversar Eu não gosto de armas Não apontem armas pra mim não Eee, o que é isso? O que é isso? Não, eu não queria fazer isso, mas vocês me obrigaram Não atirem em mim! Eu consegui fugir daqueles policiais E agora eu estou muito curioso Tem um trem passando aqui, será que eu consigo Destruir o trem com a minha velocidade? Vocês viram o quanto eu sou forte O meu impacto destrói veículos Eu fiz um carro explodir Toma essa trem! Nossa! É muito difícil, eu não consigo tirar O trem do trilho, super velocidade Tive uma ideia, tive uma ideia Eu vou correr, eu vou bater de frente com o trem É agora! Velocidade máxima! Não! Eu não consigo parar o trem! Vai, você consegue Goku!""",Avaliador_D,Avaliador_E
23,Gente Gente isso aqui é parkour básico se eu morrer Eu vou ficar o que chateada Ai eu não quero morrer Parkour básico Eu to apressionada Ah não você deixou a balança Já tava balançando Ah já tava Ai meu Deus eu não vou conseguir Meu Deus que lugar alto Não acaba nunca Gente que loucura Calma Ai eu achei que ia cair ai eu vou Foi Ju Eu não acredito que eu fiz esse parkour Continua Ju Ah não da pra ir Vamos ver a água Ah já parou só porque a gente passou É só pra botar a pressão de espera Na gente A gente tem que sair daqui Vamos vamos vamos A mãe falou que ela viu uma saída O que você vai querer que a gente faça agora Nossa ta tudo pegando fogo Meu Deus Que a gente faz Ta a gente tem que sair daqui antes que o fogo se espalhe Eu acho que é pra cá porque ta bloqueado Então também acho que é Vocês mortais Não podem escapar Pode aparecer outra cara A gente já viu já Ninguém quer ver mais você Cuidado com essas traps pessoal Ai ai ai Ta quentinho Ta quentinho Tem um saquinho de pipoca ai Ju Não não tem mãe Será que vai dar pra pegar a motoca de volta Pega a motoca Ai que legal Não deu A gente sempre ta de cara com uma parede Beleza eu quero sair daqui Me deixa por favor Ah ta Fechou ali de novo,0.7976333498954773,0.0786641612648963,0.1237024292349815,NEG,0.5917998552322388,0.0111603569239377,0.0537232831120491,0.0062171961180865,0.040274403989315,0.0105045437812805,0.0184287764132022,0.23090743,Julia MineGirl,Roblox,Roblox - FUGINDO DE MOTO NA FLORESTA Park Trip Story [YMww_0CM3to],,GZ,GZ,GZ,"🎬 Canal: Julia MineGirl | 🎥 Vídeo: Roblox - FUGINDO DE MOTO NA FLORESTA Park Trip Story [YMww_0CM3to]
⏱️ Segmento/Index: 23
──────────────────────────────────────────────────
Fala transcrita:
""Gente Gente isso aqui é parkour básico se eu morrer Eu vou ficar o que chateada Ai eu não quero morrer Parkour básico Eu to apressionada Ah não você deixou a balança Já tava balançando Ah já tava Ai meu Deus eu não vou conseguir Meu Deus que lugar alto Não acaba nunca Gente que loucura Calma Ai eu achei que ia cair ai eu vou Foi Ju Eu não acredito que eu fiz esse parkour Continua Ju Ah não da pra ir Vamos ver a água Ah já parou só porque a gente passou É só pra botar a pressão de espera Na gente A gente tem que sair daqui Vamos vamos vamos A mãe falou que ela viu uma saída O que você vai querer que a gente faça agora Nossa ta tudo pegando fogo Meu Deus Que a gente faz Ta a gente tem que sair daqui antes que o fogo se espalhe Eu acho que é pra cá porque ta bloqueado Então também acho que é Vocês mortais Não podem escapar Pode aparecer outra cara A gente já viu já Ninguém quer ver mais você Cuidado com essas traps pessoal Ai ai ai Ta quentinho Ta quentinho Tem um saquinho de pipoca ai Ju Não não tem mãe Será que vai dar pra pegar a motoca de volta Pega a motoca Ai que legal Não deu A gente sempre ta de cara com uma parede Beleza eu quero sair daqui Me deixa por favor Ah ta Fechou ali de novo""",Avaliador_D,Avaliador_E
7,"Tem, tem que ficar aí dentro Tem, o cavalo é inferneiro Não, não pode me deixar sozinho com cavalo não, porque eu tenho medo de cavalo Vem gente, vem Vem, vamos lá Vamos deixar ele Vem Gente, eu tô sozinho com o cavalo Gente, o cavalo chama pipoca Eu tô com medo dele, gente A gente não ajuda Você ficar com medo vai ter que tomar injeção Injeção, injeção Injeção Duas, duas injeção Ah, não quero tomar injeção não, sai, sai Sai Pode aqui Cadê você? Ah, a gente Ah, achou Achei, Loki Não, mas eu não quero ficar junto com aquele cavalo Eu quero ficar aqui Tá bom, fica em repouso Em repouso Tá bom, eu vou ficar em repouso, porque minha barriguinha tá doendo Tá doendo a barriguinha E eu vou ficar em repouso agora Em repouso Em repouso Ihhhhhhhhh Ihhhhhhhhh Eu tô ouvindo o chorinho Ihhhhhhhhh Vocês tem ouvido o chorinho?",0.4717474281787872,0.4268741011619568,0.1013784855604171,NEG,0.4055044054985046,0.0060493596829473,0.0487643182277679,0.0054492512717843,0.0357869304716587,0.0061403815634548,0.0104292575269937,0.2330714,Lokis,Roblox,HOSPITAL COM MÉDICOS CRIANÇAS  Roblox - Brookhaven [_XMLObRuQ-c],,GZ,GZ,GZ,"🎬 Canal: Lokis | 🎥 Vídeo: HOSPITAL COM MÉDICOS CRIANÇAS  Roblox - Brookhaven [_XMLObRuQ-c]
⏱️ Segmento/Index: 7
──────────────────────────────────────────────────
Fala transcrita:
""Tem, tem que ficar aí dentro Tem, o cavalo é inferneiro Não, não pode me deixar sozinho com cavalo não, porque eu tenho medo de cavalo Vem gente, vem Vem, vamos lá Vamos deixar ele Vem Gente, eu tô sozinho com o cavalo Gente, o cavalo chama pipoca Eu tô com medo dele, gente A gente não ajuda Você ficar com medo vai ter que tomar injeção Injeção, injeção Injeção Duas, duas injeção Ah, não quero tomar injeção não, sai, sai Sai Pode aqui Cadê você? Ah, a gente Ah, achou Achei, Loki Não, mas eu não quero ficar junto com aquele cavalo Eu quero ficar aqui Tá bom, fica em repouso Em repouso Tá bom, eu vou ficar em repouso, porque minha barriguinha tá doendo Tá doendo a barriguinha E eu vou ficar em repouso agora Em repouso Em repouso Ihhhhhhhhh Ihhhhhhhhh Eu tô ouvindo o chorinho Ihhhhhhhhh Vocês tem ouvido o chorinho?""",Avaliador_D,Avaliador_E
4,"Você não cobra rembolso não né Não, eu sei tá de boa porque como ela é de ferro acho que você já viu que meu look né Não precisa de ferro Ah é, você tá burguesão velho Pois é mano Então velho, mas então valeu aí por tá me dando essas coisas agora mano Eu vou ter que minerar durante 8 horas em linha reta mano Nossa velho, então vai lá que se não mano você vai perder muito tempo Então deixa eu ir lá pra não comer seu tempo mano Vou lá valeu Valeu aí Cobra Aí galera agora sim a gente já tá com bastante coisa Olha isso daqui, vai dar pra gente colocar muitos itens aqui dentro E também com essas ferramentas aqui que ele deu pra gente Na verdade ele não deu né, ele emprestou pra gente A gente vai conseguir quebrar bastante coisa Só que como são 8 horas eu acho que isso daqui vai ser tipo Pouco porque a gente vai tá quebrando muita coisa e a picareta vai acabar quebrando Então eu vou pegar minhas picaretas que eu tenho aqui de diamante sobrando Vou pegar essa pá também E eu vou pegar e fazer mais um pouquinho de picareta pra gente tá levando Vou até colocar aqui em um desses chukers",0.1802267581224441,0.5783751606941223,0.2413980960845947,NEU,0.4048006534576416,0.0047436505556106,0.062659777700901,0.0048611806705594,0.0646282657980918,0.0087817730382084,0.0146974241361022,0.31132057,Cadres,Minecraft,MINEREI em LINHA RETA POR 8 HORAS no MINECRAFT 1.18 - FlopCraft [XoMPhhC_p5I],,GZ,GZ,GZ,"🎬 Canal: Cadres | 🎥 Vídeo: MINEREI em LINHA RETA POR 8 HORAS no MINECRAFT 1.18 - FlopCraft [XoMPhhC_p5I]
⏱️ Segmento/Index: 4
──────────────────────────────────────────────────
Fala transcrita:
""Você não cobra rembolso não né Não, eu sei tá de boa porque como ela é de ferro acho que você já viu que meu look né Não precisa de ferro Ah é, você tá burguesão velho Pois é mano Então velho, mas então valeu aí por tá me dando essas coisas agora mano Eu vou ter que minerar durante 8 horas em linha reta mano Nossa velho, então vai lá que se não mano você vai perder muito tempo Então deixa eu ir lá pra não comer seu tempo mano Vou lá valeu Valeu aí Cobra Aí galera agora sim a gente já tá com bastante coisa Olha isso daqui, vai dar pra gente colocar muitos itens aqui dentro E também com essas ferramentas aqui que ele deu pra gente Na verdade ele não deu né, ele emprestou pra gente A gente vai conseguir quebrar bastante coisa Só que como são 8 horas eu acho que isso daqui vai ser tipo Pouco porque a gente vai tá quebrando muita coisa e a picareta vai acabar quebrando Então eu vou pegar minhas picaretas que eu tenho aqui de diamante sobrando Vou pegar essa pá também E eu vou pegar e fazer mais um pouquinho de picareta pra gente tá levando Vou até colocar aqui em um desses chukers""",Avaliador_D,Avaliador_E
5,"Aí eu passei meu próprio destino sozinha e vim por trás de todo mundo. Aí eu vi os caras camperando e eu falei, é minha chance. Só que tem algum entidade da sua aqui que bugou minha arma e começou a atirar sem parar. Aí eu falei, olha essa personagem que ela não se pertence. Os caras me localizaram, começaram a me atirar, eu fiquei revoltada e botei meu gel. Aí eu aproveitei para passar um kitzinho até que minha gata deu um solto desse. Pelo visto ela estava gostando de todo o babarro, toda a guerra que estava acontecendo. Aí a safe começou a jogar contra mim, então eu tive que sair correndo. Até que um cara se bateu comigo. Aí eu botei meu gelzinho e falei, vou bagaçar. Bagacei. Aí eu percebi que foi a lapaliga que foi do primeiro round que tinha me matado. Aí eu vi um espaço suspeito, aí eu falei, com toda a minha habilidade vou jogar uma bomba certinho para matar o cara. Algum entidade de novo tinha me atrapalhado, porque eu joguei a bomba no meu amigo. Aí ele subiu e bagaçou o penúltimo cara. Aí sobrou o último cara, que por sinal ficou mirando em mim com tanta gente na equipe. E nós, claro, ganhamos. Sexto round, ou a gente ganhava, ou a gente empatava. Então eu comprei um bocadinho de gelzinho e falei, é hoje que eu boto a cobra pra fumar.",0.345484048128128,0.4956796169281006,0.1588362753391266,NEU,0.4904079139232635,0.0012904505711048,0.0094755347818136,0.0016304835444316,0.0186340659856796,0.2601837813854217,0.002370084868744,0.28548008,Amy Scarlet,Roblox,Amy Scarlet a história de amor e ódio [jvMYPeALF7g],,GZ,GZ,GZ,"🎬 Canal: Amy Scarlet | 🎥 Vídeo: Amy Scarlet a história de amor e ódio [jvMYPeALF7g]
⏱️ Segmento/Index: 5
──────────────────────────────────────────────────
Fala transcrita:
""Aí eu passei meu próprio destino sozinha e vim por trás de todo mundo. Aí eu vi os caras camperando e eu falei, é minha chance. Só que tem algum entidade da sua aqui que bugou minha arma e começou a atirar sem parar. Aí eu falei, olha essa personagem que ela não se pertence. Os caras me localizaram, começaram a me atirar, eu fiquei revoltada e botei meu gel. Aí eu aproveitei para passar um kitzinho até que minha gata deu um solto desse. Pelo visto ela estava gostando de todo o babarro, toda a guerra que estava acontecendo. Aí a safe começou a jogar contra mim, então eu tive que sair correndo. Até que um cara se bateu comigo. Aí eu botei meu gelzinho e falei, vou bagaçar. Bagacei. Aí eu percebi que foi a lapaliga que foi do primeiro round que tinha me matado. Aí eu vi um espaço suspeito, aí eu falei, com toda a minha habilidade vou jogar uma bomba certinho para matar o cara. Algum entidade de novo tinha me atrapalhado, porque eu joguei a bomba no meu amigo. Aí ele subiu e bagaçou o penúltimo cara. Aí sobrou o último cara, que por sinal ficou mirando em mim com tanta gente na equipe. E nós, claro, ganhamos. Sexto round, ou a gente ganhava, ou a gente empatava. Então eu comprei um bocadinho de gelzinho e falei, é hoje que eu boto a cobra pra fumar.""",Avaliador_D,Avaliador_E
8,"E agora ó, quando eu tirar isso daqui já tá setado Agora a gente vai pegar e voltar aqui antes dessa TNT ter explodido ó Eu vou pegar, ativar ela, ó, fica de longe aí porque ela vai explodir mesmo ó Uhum Explodiu, beleza, agora ó, vem aqui e vamos entrar nesse portal porque esse portal vai levar a gente antes dessa TNT ter explodido Quero ver hein, véi, tô ansioso pra ver Vem aqui que você vai ver, velho, vai funcionar E agora a gente voltou pro passado antes da TNT ter explodido Olha só, velho, não falei que funcionava? Tô vendo, é um passado meio louco esse aqui, tô escutando um barulho de lava, um negócio louco Tem nada de lava aqui não, essa máquina ela volta pro passado e ela também vai pro futuro de novo Se você quiser, você entra aqui dentro desse portal que você volta pro futuro Ah, então você tá interligando os universos, né? É isso mesmo, eu tô interligando os universos, tô indo pro passado, indo pro futuro, voltando pro presente, tá um negócio doido Uhum Mas ó, aqui agora a gente já tá no pa... não, pera, eu tô no futuro? O que que a gente tá, eu não sei mais, velho Agora a gente tá no futuro que... agora é passado, na verdade, né? É presente, não é?",0.10894425958395,0.5665569305419922,0.3244988024234772,NEU,0.1388086974620819,0.0102691017091274,0.0529992617666721,0.0057647596113383,0.0435656383633613,0.0069489167071878,0.0028205893468111,0.18649188,Cadres,Minecraft,Esse portal me LEVA para o PASSADO SEM MOD no Minecraft 1.18 - 3 BlockTeam [zCBYe37_3tI],,NT,NT,NT,"🎬 Canal: Cadres | 🎥 Vídeo: Esse portal me LEVA para o PASSADO SEM MOD no Minecraft 1.18 - 3 BlockTeam [zCBYe37_3tI]
⏱️ Segmento/Index: 8
──────────────────────────────────────────────────
Fala transcrita:
""E agora ó, quando eu tirar isso daqui já tá setado Agora a gente vai pegar e voltar aqui antes dessa TNT ter explodido ó Eu vou pegar, ativar ela, ó, fica de longe aí porque ela vai explodir mesmo ó Uhum Explodiu, beleza, agora ó, vem aqui e vamos entrar nesse portal porque esse portal vai levar a gente antes dessa TNT ter explodido Quero ver hein, véi, tô ansioso pra ver Vem aqui que você vai ver, velho, vai funcionar E agora a gente voltou pro passado antes da TNT ter explodido Olha só, velho, não falei que funcionava? Tô vendo, é um passado meio louco esse aqui, tô escutando um barulho de lava, um negócio louco Tem nada de lava aqui não, essa máquina ela volta pro passado e ela também vai pro futuro de novo Se você quiser, você entra aqui dentro desse portal que você volta pro futuro Ah, então você tá interligando os universos, né? É isso mesmo, eu tô interligando os universos, tô indo pro passado, indo pro futuro, voltando pro presente, tá um negócio doido Uhum Mas ó, aqui agora a gente já tá no pa... não, pera, eu tô no futuro? O que que a gente tá, eu não sei mais, velho Agora a gente tá no futuro que... agora é passado, na verdade, né? É presente, não é?""",Avaliador_D,Avaliador_E
18,"Não, não, eu vou cair, eu vou cair O que é esse? Meu Deus do céu, esse xerife é muito louco pulou de cima do negócio ali Ó, vocês estão fazendo o que, que maluquice é essa? Pega, pega com arma Pega, pega com arma, vocês estão malucos?",0.988857626914978,0.0080354306846857,0.003106887685135,NEG,0.910926103591919,0.0006242686067707,0.0319443307816982,0.0007143339025788,0.684686541557312,0.0048803156241774,0.0025069580879062,0.47886392,JP Plays,Minecraft,UM HOMEM MISTERIOSO CHEGOU NO VELHO OESTE DO MINECRAFT  9 [eIdmrqRacLk],,T,T,T,"🎬 Canal: JP Plays | 🎥 Vídeo: UM HOMEM MISTERIOSO CHEGOU NO VELHO OESTE DO MINECRAFT  9 [eIdmrqRacLk]
⏱️ Segmento/Index: 18
──────────────────────────────────────────────────
Fala transcrita:
""Não, não, eu vou cair, eu vou cair O que é esse? Meu Deus do céu, esse xerife é muito louco pulou de cima do negócio ali Ó, vocês estão fazendo o que, que maluquice é essa? Pega, pega com arma Pega, pega com arma, vocês estão malucos?""",Avaliador_D,Avaliador_E
2,"Sai da minha frente! Ai, ai, ai! Um abraço, Atlus. Que abraço o quê? Eu não quero dar abraço em ti! Ai, bicho maldito! Um abraço, Atlus. Cadê? Cadê meus sabetes? Cadê? Cadê? Ai, aqui! Tchau, tchau! Vamos embora! Tchau, tchau! Ai, galera, acho que escapei. Vocês viram aquilo? Aquele bicho rosa! Que zito! Ali tem um Creeper me perseguindo, mas eu vou entrar nesse castelo de obsidian pra me proteger. Aqui tem um bicho rosa! Que que é isso? Que que é isso? Sai, preadora! Ruim! Lobo! Pega ele! Ah, esse lobo não... É meu! Ai! Ah, matei! Matei! Era o Cadres! Vocês viram isso? Era o Cadres disfarçado! Cadres, você não tem vergonha de fazer isso comigo? Tomou um sustinho, Atlus? Eu quase morri do coração, susto é pouco. Ah, mano, ainda bem que deu certo. Eu tô tentando assustar o povo aqui desse servidor e eu vou assustar mais gente, então não conta que é eu não, tá? Assusta a Muffin e o Gui, eles me cortaram ao meio.",0.936257541179657,0.0499432981014251,0.013799206353724,NEG,0.9789021611213684,0.0204112324863672,0.097180925309658,0.0084440056234598,0.0664062798023223,0.0204414967447519,0.0614431500434875,0.44933176,Cadres,Minecraft,TROLLEI meus Amigos sendo a MOMMY LONG LEGS no Minecraft [5cegOc5b7yM],,T,T,T,"🎬 Canal: Cadres | 🎥 Vídeo: TROLLEI meus Amigos sendo a MOMMY LONG LEGS no Minecraft [5cegOc5b7yM]
⏱️ Segmento/Index: 2
──────────────────────────────────────────────────
Fala transcrita:
""Sai da minha frente! Ai, ai, ai! Um abraço, Atlus. Que abraço o quê? Eu não quero dar abraço em ti! Ai, bicho maldito! Um abraço, Atlus. Cadê? Cadê meus sabetes? Cadê? Cadê? Ai, aqui! Tchau, tchau! Vamos embora! Tchau, tchau! Ai, galera, acho que escapei. Vocês viram aquilo? Aquele bicho rosa! Que zito! Ali tem um Creeper me perseguindo, mas eu vou entrar nesse castelo de obsidian pra me proteger. Aqui tem um bicho rosa! Que que é isso? Que que é isso? Sai, preadora! Ruim! Lobo! Pega ele! Ah, esse lobo não... É meu! Ai! Ah, matei! Matei! Era o Cadres! Vocês viram isso? Era o Cadres disfarçado! Cadres, você não tem vergonha de fazer isso comigo? Tomou um sustinho, Atlus? Eu quase morri do coração, susto é pouco. Ah, mano, ainda bem que deu certo. Eu tô tentando assustar o povo aqui desse servidor e eu vou assustar mais gente, então não conta que é eu não, tá? Assusta a Muffin e o Gui, eles me cortaram ao meio.""",Avaliador_D,Avaliador_E
7,"A gente precisa só esquentar um ferro mano, porque que eu coloquei um monte de ferro pra esquentar velho eu sou burro né, sou bem burrinha na verdade mano, só um ferro que a gente precisa já tenho esvaziado minha inventária aqui de novo, vou jogar esses ferros fora carvão, vou esquentar carvão agora, ó já tenho ouro infinito vou esquentar um carvão aqui pra gente ter carvão infinito isso aqui é fácil de pegar, isso aqui é fácil de pegar isso aqui não é fácil, isso aqui eu não vou precisar eu acho na verdade, nossa, genial véi sabe o que eu vou fazer?",0.8485748767852783,0.1145026087760925,0.0369225405156612,NEG,0.472699910402298,0.0064229005947709,0.0581468716263771,0.0065415115095674,0.0685849636793136,0.0068752323277294,0.0039859162643551,0.25084448,Geleia,Minecraft,ZERANDO MINECRAFT NO CRIATIVO SEM PEGAR ITENS [go4t7xPhdE4],,GZ,GZ,GZ,"🎬 Canal: Geleia | 🎥 Vídeo: ZERANDO MINECRAFT NO CRIATIVO SEM PEGAR ITENS [go4t7xPhdE4]
⏱️ Segmento/Index: 7
──────────────────────────────────────────────────
Fala transcrita:
""A gente precisa só esquentar um ferro mano, porque que eu coloquei um monte de ferro pra esquentar velho eu sou burro né, sou bem burrinha na verdade mano, só um ferro que a gente precisa já tenho esvaziado minha inventária aqui de novo, vou jogar esses ferros fora carvão, vou esquentar carvão agora, ó já tenho ouro infinito vou esquentar um carvão aqui pra gente ter carvão infinito isso aqui é fácil de pegar, isso aqui é fácil de pegar isso aqui não é fácil, isso aqui eu não vou precisar eu acho na verdade, nossa, genial véi sabe o que eu vou fazer?""",Avaliador_D,Avaliador_E
22,"E pronto! Matei ele! O meu arco é muito forte! Sim! Ah, agora tem uns endermens aqui atacando, sai! Olha só o dragão! É o fim dele! Vencemos! Isso porque, Furious, os crafting são os extremos! É, agora eu posso derrotar qualquer mob com um hit! E mais, tenta me acertar! Acertei, ó! Tem uma flecha bem na sua cabeça! Não dá dano! Não dá dano, porque a armadura é muito forte! É isso aí! Vencemos o dragão! Deixa o like e se inscreva! E mais um nutrinho do doeser.",0.2909153401851654,0.6138031482696533,0.0952815264463424,NEU,0.8669453263282776,0.0037442732136696,0.0478788986802101,0.0031880643218755,0.0546514578163623,0.6325691938400269,0.0096530523151159,0.4269174,Athos,Minecraft,Os CRAFTINGS são GIGANTES no Minecraft [9zEjhWhy9bU],,T,T,T,"🎬 Canal: Athos | 🎥 Vídeo: Os CRAFTINGS são GIGANTES no Minecraft [9zEjhWhy9bU]
⏱️ Segmento/Index: 22
──────────────────────────────────────────────────
Fala transcrita:
""E pronto! Matei ele! O meu arco é muito forte! Sim! Ah, agora tem uns endermens aqui atacando, sai! Olha só o dragão! É o fim dele! Vencemos! Isso porque, Furious, os crafting são os extremos! É, agora eu posso derrotar qualquer mob com um hit! E mais, tenta me acertar! Acertei, ó! Tem uma flecha bem na sua cabeça! Não dá dano! Não dá dano, porque a armadura é muito forte! É isso aí! Vencemos o dragão! Deixa o like e se inscreva! E mais um nutrinho do doeser.""",Avaliador_D,Avaliador_E
0,"Hoje estamos em um mundo onde as coisas são feitas de papel aqui no Minecraft. Nós podemos criar dobraduras de veículos pra explorar esse mapa incrível, onde tem várias coisas legais e divertidas pra gente fazer muitas missões interessantes que eu tenho certeza que vocês vão gostar. Inclusive, eu e o McFly viramos personagens de papel também. E McFly, você é o papel mais cabeçudo que eu vi em toda a minha vida. Ai, você é o papel mais amassado que eu conheço! Por que você tá me chamando de papel amassado? Eu não gostei desse xingamento não! Parou com isso! Olha, eu já tô até envergonhado. Aquele lobinho de papel ali atrás, ele tá olhando com uma cara de bravo e nervoso pra gente. Você já viu um lobinho de papel? Eu nunca vi, esse é o primeiro. Eu achei bem engraçado. Sim, ele é super fininho e tem vários outros animais também. Tinha um porquinho por aqui. Ô porquinho! Ô porquinho! Olha ali, ali! Gente, ele tá abraçando a madeira.",0.0132109867408871,0.0751339420676231,0.911655068397522,POS,0.2471355199813842,0.0006914307596161,0.0379018150269985,0.0015057406853884,0.0800068229436874,0.0004601885157171,0.001538174925372,0.23235008,JP Plays,Minecraft,ENTRAMOS EM UM MUNDO DE PAPEL NO MINECRAFT [WfQnmofKgTY],,GZ,GZ,GZ,"🎬 Canal: JP Plays | 🎥 Vídeo: ENTRAMOS EM UM MUNDO DE PAPEL NO MINECRAFT [WfQnmofKgTY]
⏱️ Segmento/Index: 0
──────────────────────────────────────────────────
Fala transcrita:
""Hoje estamos em um mundo onde as coisas são feitas de papel aqui no Minecraft. Nós podemos criar dobraduras de veículos pra explorar esse mapa incrível, onde tem várias coisas legais e divertidas pra gente fazer muitas missões interessantes que eu tenho certeza que vocês vão gostar. Inclusive, eu e o McFly viramos personagens de papel também. E McFly, você é o papel mais cabeçudo que eu vi em toda a minha vida. Ai, você é o papel mais amassado que eu conheço! Por que você tá me chamando de papel amassado? Eu não gostei desse xingamento não! Parou com isso! Olha, eu já tô até envergonhado. Aquele lobinho de papel ali atrás, ele tá olhando com uma cara de bravo e nervoso pra gente. Você já viu um lobinho de papel? Eu nunca vi, esse é o primeiro. Eu achei bem engraçado. Sim, ele é super fininho e tem vários outros animais também. Tinha um porquinho por aqui. Ô porquinho! Ô porquinho! Olha ali, ali! Gente, ele tá abraçando a madeira.""",Avaliador_D,Avaliador_E
8,"Galera, ela tá no céu Simplesmente no céu Ah Marcelo, mas se ela usar um balde de água É só ela botar que ela vai conseguir escapar Não tem como usar água aqui galera A água some Resumindo, ela tá presa e se ela tentar pular Você já sabe o que vai acontecer É, ela vai morrer Marcelo! Oi Eduarda, o que que aconteceu garota? Eu não sei, você tá aí Eu não tô te escutando, tá falando muito baixo menina Chega um pouquinho mais perto por favor Marcelo, você tá surdo? Ai você é muito chato Pelo amor de Deus Não, um pouquinho mais pro lado Eduarda, tá muito no meu ouvido Pro lado aonde? Eduarda? O que que aconteceu aí Eduarda? Então quer dizer que é você! É, talvez seja eu Eduarda E agora como é que eu vou sair daqui seu doido? Também não sei né Eduarda Essa missão é pra você né? Aí eu não sei como é que faz Vou botar água aqui pra descer Marcelo, por que você não tá botando água aqui? Não sei porque não tá botando água Marcelo, a água não tá ficando Marcelo Ué, o que que eu posso fazer garota? Marcelo, eu tenho cinco baldes Todos eles vacinhos Caramba, que coincidência né?",0.7886515259742737,0.1532514542341232,0.0580969750881195,NEG,0.4288913011550903,0.004502594936639,0.0449025630950927,0.003120680572465,0.0356744304299354,0.0081250043585896,0.0106031242758035,0.3389984,Marcelodrv,Minecraft,TROLLAGEM de NOOB Vs PRO no Minecraft [LPtu396aapo],,GZ,GZ,GZ,"🎬 Canal: Marcelodrv | 🎥 Vídeo: TROLLAGEM de NOOB Vs PRO no Minecraft [LPtu396aapo]
⏱️ Segmento/Index: 8
──────────────────────────────────────────────────
Fala transcrita:
""Galera, ela tá no céu Simplesmente no céu Ah Marcelo, mas se ela usar um balde de água É só ela botar que ela vai conseguir escapar Não tem como usar água aqui galera A água some Resumindo, ela tá presa e se ela tentar pular Você já sabe o que vai acontecer É, ela vai morrer Marcelo! Oi Eduarda, o que que aconteceu garota? Eu não sei, você tá aí Eu não tô te escutando, tá falando muito baixo menina Chega um pouquinho mais perto por favor Marcelo, você tá surdo? Ai você é muito chato Pelo amor de Deus Não, um pouquinho mais pro lado Eduarda, tá muito no meu ouvido Pro lado aonde? Eduarda? O que que aconteceu aí Eduarda? Então quer dizer que é você! É, talvez seja eu Eduarda E agora como é que eu vou sair daqui seu doido? Também não sei né Eduarda Essa missão é pra você né? Aí eu não sei como é que faz Vou botar água aqui pra descer Marcelo, por que você não tá botando água aqui? Não sei porque não tá botando água Marcelo, a água não tá ficando Marcelo Ué, o que que eu posso fazer garota? Marcelo, eu tenho cinco baldes Todos eles vacinhos Caramba, que coincidência né?""",Avaliador_D,Avaliador_E
19,"É então Caramba, ele é mais forte né? Ele é mais forte mano, por ele aguentar essa espada aqui sinistra Ele está com uma espadona e ele está resistindo Olha lá Mas ele também não dá dano nenhum na gente também né? Também, ele está forte agora né K.R. É, um espectro né? Toma essa Ai! Ele é forte Opa, eeeeeee Que que é isso? Cai aí, é o pirulito do portal Ai, dropou 14, dá pra fazer um portal certinho 1, 2, 3, 4 Pirulito do portal Ué, não é um pirulito do portal? Não é um pirulito K.R. Aqui e ai Tcharam Agora a gente pode ir pra casa Mas eu queria pegar uns brinquedos antes K.R.",0.0804357007145881,0.866026759147644,0.0535374954342842,NEU,0.3964935541152954,0.0054899747483432,0.0678786039352417,0.0031852638348937,0.0243574436753988,0.0052927890792489,0.010100026614964,0.39915034,Kass e KR,Minecraft,Ficamos PRESOS como  BRINQUEDOS no Minecraft [0P37OscZEDo],,GZ,GZ,GZ,"🎬 Canal: Kass e KR | 🎥 Vídeo: Ficamos PRESOS como  BRINQUEDOS no Minecraft [0P37OscZEDo]
⏱️ Segmento/Index: 19
──────────────────────────────────────────────────
Fala transcrita:
""É então Caramba, ele é mais forte né? Ele é mais forte mano, por ele aguentar essa espada aqui sinistra Ele está com uma espadona e ele está resistindo Olha lá Mas ele também não dá dano nenhum na gente também né? Também, ele está forte agora né K.R. É, um espectro né? Toma essa Ai! Ele é forte Opa, eeeeeee Que que é isso? Cai aí, é o pirulito do portal Ai, dropou 14, dá pra fazer um portal certinho 1, 2, 3, 4 Pirulito do portal Ué, não é um pirulito do portal? Não é um pirulito K.R. Aqui e ai Tcharam Agora a gente pode ir pra casa Mas eu queria pegar uns brinquedos antes K.R.""",Avaliador_D,Avaliador_E
17,"Deve ter quebrado Beto, mas eu quebrei aí, deve ter pra você os diamantes Cara, meu Deus, eu quebrei a minha de fortuna 3 pensando que era fortuna 2 Esse é o lugar da sorte mesmo A gente vai ter que quebrar tudo isso aqui, Davi, vai dar um trabalho pra gente pegar todos os diamantes possíveis A gente quebra tudo e transforma todos esses túneis em um túnel só Isso mesmo, vai demorar demais, mas eu tenho certeza que vai ser legal Ah, com certeza, é claro, mas depois que eu fazer é uma picareta de diamante Beto já tá contratado aí pra ajudar a gente nessa grande mineração aí, nessa grande exploração Tenho certeza que o Beto vai se divertir muito quebrando tudo É difícil, mas valeu a pena Mais de 64 diamantes, muita redstone e lápis lazuli pra encantar ainda mais nossos itens Armadura, picareta, espadas, muita esmeralda, muito ouro, muito obrigado, hein, muito obrigado Ó, mas olha só, se não fosse eu isso não estaria aqui, hein É, o Beto deu uma grande ajuda, eu acho que ele pegou a maioria dos diamantes Ô, Davi, para, Davi, para de lotar o bau, ô, Davi, quanta picareta de ferressa Que isso E o Beto precisando, Beto, você tava precisando, lembra? Lembra que você tava pedindo pra mim? Ah não, cara, não acredito É, você tava precisando? Eu tava a maior tempo lá pedindo E ele pegou os diamantes, Davi, Beto, tá os diamantes Calma, agora vamos fazer algumas picaretas Não, não, não, não, não Vamos usar camas, vamos, vamos Mão na cabeça, mão na cabeça Polícia da área da Ressoni, parado, ladrão",0.0859657973051071,0.2992166578769684,0.6148175001144409,POS,0.3670513927936554,0.0053615383803844,0.0453380458056926,0.0033272947184741,0.0469248183071613,0.0093337222933769,0.0108961183577775,0.25462922,Robin Hood Gamer,Minecraft,A MELHOR PICARETA PARA PEGAR DIAMANTES MINECRAFT ERA DA REDSTONE 31 [ghjHYV8dxIQ],,GZ,GZ,GZ,"🎬 Canal: Robin Hood Gamer | 🎥 Vídeo: A MELHOR PICARETA PARA PEGAR DIAMANTES MINECRAFT ERA DA REDSTONE 31 [ghjHYV8dxIQ]
⏱️ Segmento/Index: 17
──────────────────────────────────────────────────
Fala transcrita:
""Deve ter quebrado Beto, mas eu quebrei aí, deve ter pra você os diamantes Cara, meu Deus, eu quebrei a minha de fortuna 3 pensando que era fortuna 2 Esse é o lugar da sorte mesmo A gente vai ter que quebrar tudo isso aqui, Davi, vai dar um trabalho pra gente pegar todos os diamantes possíveis A gente quebra tudo e transforma todos esses túneis em um túnel só Isso mesmo, vai demorar demais, mas eu tenho certeza que vai ser legal Ah, com certeza, é claro, mas depois que eu fazer é uma picareta de diamante Beto já tá contratado aí pra ajudar a gente nessa grande mineração aí, nessa grande exploração Tenho certeza que o Beto vai se divertir muito quebrando tudo É difícil, mas valeu a pena Mais de 64 diamantes, muita redstone e lápis lazuli pra encantar ainda mais nossos itens Armadura, picareta, espadas, muita esmeralda, muito ouro, muito obrigado, hein, muito obrigado Ó, mas olha só, se não fosse eu isso não estaria aqui, hein É, o Beto deu uma grande ajuda, eu acho que ele pegou a maioria dos diamantes Ô, Davi, para, Davi, para de lotar o bau, ô, Davi, quanta picareta de ferressa Que isso E o Beto precisando, Beto, você tava precisando, lembra? Lembra que você tava pedindo pra mim? Ah não, cara, não acredito É, você tava precisando? Eu tava a maior tempo lá pedindo E ele pegou os diamantes, Davi, Beto, tá os diamantes Calma, agora vamos fazer algumas picaretas Não, não, não, não, não Vamos usar camas, vamos, vamos Mão na cabeça, mão na cabeça Polícia da área da Ressoni, parado, ladrão""",Avaliador_D,Avaliador_E
5,"Ai, tá todo mundo bem? Não acredito, era o cara de novo! Eu acho que esse cara é o assassino o tempo inteiro! Eu acho que ele tá! Eu acho que ele tá disfarçado! E eu acabei de falar pra ele assim Ai, acho que quebrou uma janela! É, todo mundo pode voltar pra cama! Eu vou checar isso amanhã de manhã! Nossa, mas eu achei que a gente já tava dormindo! Que já tinha ficado de manhã! E não que a gente tinha acordado no meio da noite! Agora a gente acordou! Vamos lá galera, comer um café da manhã! Nossa, a gente só come nessa casa! Não faz nada de interessante! Vamos lá então! Comer um café da manhã! É pizza de novo? Não, nós temos uma torta! Mas eu não consigo pegar a torta! E olha, a janela tá realmente quebrada! Quem será que fez isso? Será que foi o vento? Ou será que foi o assassino? Olha, todo mundo falando que é o assassino! Eu tenho certeza que é! Eu já tô aqui preparada! Eu tô com esse negócio lá o tempo inteiro! Porque na hora que o assassino chegar, eu já vou atacar ele! Por que esse cara aqui tá me atacando?",0.6582536101341248,0.3120904266834259,0.029655996710062,NEG,0.4897743463516235,0.0016625988064333,0.0159794203937053,0.0010575907072052,0.0243418179452419,0.1239174082875251,0.002684325678274,0.36095104,Papile,Roblox,HISTÓRIA DO MURDER no ROBLOX Murder Story [AUs5QWc7AHM],,GZ,GZ,GZ,"🎬 Canal: Papile | 🎥 Vídeo: HISTÓRIA DO MURDER no ROBLOX Murder Story [AUs5QWc7AHM]
⏱️ Segmento/Index: 5
──────────────────────────────────────────────────
Fala transcrita:
""Ai, tá todo mundo bem? Não acredito, era o cara de novo! Eu acho que esse cara é o assassino o tempo inteiro! Eu acho que ele tá! Eu acho que ele tá disfarçado! E eu acabei de falar pra ele assim Ai, acho que quebrou uma janela! É, todo mundo pode voltar pra cama! Eu vou checar isso amanhã de manhã! Nossa, mas eu achei que a gente já tava dormindo! Que já tinha ficado de manhã! E não que a gente tinha acordado no meio da noite! Agora a gente acordou! Vamos lá galera, comer um café da manhã! Nossa, a gente só come nessa casa! Não faz nada de interessante! Vamos lá então! Comer um café da manhã! É pizza de novo? Não, nós temos uma torta! Mas eu não consigo pegar a torta! E olha, a janela tá realmente quebrada! Quem será que fez isso? Será que foi o vento? Ou será que foi o assassino? Olha, todo mundo falando que é o assassino! Eu tenho certeza que é! Eu já tô aqui preparada! Eu tô com esse negócio lá o tempo inteiro! Porque na hora que o assassino chegar, eu já vou atacar ele! Por que esse cara aqui tá me atacando?""",Avaliador_D,Avaliador_E
0,"Ó, beleza. Entrem, entrem, entrem. Toma! Bem! Já é, cara! Vamos, tapa! Olá, galera! Mais um vídeo aqui do canal. Authentic Games, dessa vez aqui, trazendo pra vocês um episódio superirado da nossa série de Cooks Love the Pets, junto com o Iagô. Cala a porra! Só come ovo. Iagô, se prepara, porque estamos diante de um caranguejo pirata, velho. É o Sirica Assurdo, mano. Fala, ó. Caranguejo pirata fantasma. Meu Deus, transforma! Não, detalhe. Você sabe que você tá num pizzão, né? Você viu? Aquela peperoni, aquele peperoni. Nossa, Iagô, pera aí. Transforma, beleza. Você viu que eu pulei, né? Então, galera, estamos aqui com a nossa habilidade. Ah, pera aí que eu tenho que assustar ele. Ah, onde? Pera aí... Nossa, Iagô! Ah, você viu que tem um canhão ali, né? Você viu que tem um canhão ali, pra direita, atrás. Ué, pra onde? Não vi, amigão. Presta atenção, aí atrás vai aparecer um canhão aí, vamos ver. Então, a primeira aqui, a gente já só pode vir.",0.0179202519357204,0.2619853019714355,0.7200944423675537,POS,0.809479832649231,0.005748379509896,0.0755583271384239,0.0056934170424938,0.0553871132433414,0.0025504524819552,0.0434747263789176,0.63782936,AuthenticGames,Minecraft,CARANGUEIJO VENENOSO me ATACOU - Kukoos Lost Pets EP.15 [9xbn6iqtcNo],,T,T,T,"🎬 Canal: AuthenticGames | 🎥 Vídeo: CARANGUEIJO VENENOSO me ATACOU - Kukoos Lost Pets EP.15 [9xbn6iqtcNo]
⏱️ Segmento/Index: 0
──────────────────────────────────────────────────
Fala transcrita:
""Ó, beleza. Entrem, entrem, entrem. Toma! Bem! Já é, cara! Vamos, tapa! Olá, galera! Mais um vídeo aqui do canal. Authentic Games, dessa vez aqui, trazendo pra vocês um episódio superirado da nossa série de Cooks Love the Pets, junto com o Iagô. Cala a porra! Só come ovo. Iagô, se prepara, porque estamos diante de um caranguejo pirata, velho. É o Sirica Assurdo, mano. Fala, ó. Caranguejo pirata fantasma. Meu Deus, transforma! Não, detalhe. Você sabe que você tá num pizzão, né? Você viu? Aquela peperoni, aquele peperoni. Nossa, Iagô, pera aí. Transforma, beleza. Você viu que eu pulei, né? Então, galera, estamos aqui com a nossa habilidade. Ah, pera aí que eu tenho que assustar ele. Ah, onde? Pera aí... Nossa, Iagô! Ah, você viu que tem um canhão ali, né? Você viu que tem um canhão ali, pra direita, atrás. Ué, pra onde? Não vi, amigão. Presta atenção, aí atrás vai aparecer um canhão aí, vamos ver. Então, a primeira aqui, a gente já só pode vir.""",Avaliador_D,Avaliador_E
6,"eu quase morri, ativei o CR7 pra correr mais rápido, saí correndo, tentando despistar ele e Tom ele atrás de mim, eu não podia fazer um passo em falso porque se eu caísse no morro, eu também morreria meu Brasil brasileiro, eu nunca em toda a minha vida corri tanto como eu corri nesse dia eu corri o mapa todo do FreeFryer e ele estava vindo atrás de mim eu estava desesperada, eu não sabia o que fazer, eu não queria morrer foram exatos 10 minutos correndo desse cabra foi aqui que eu consegui despistar ele e passar um kit médico aqui depois de um tempo, olha quem tava correndo atrás de mim meu Deus do céu, eu falei agora eu vou cair no pau vamos ver quem vai ter mais medo de quem aqui eu falei vem agora, vem agora, cai aqui, vem cá pra você ver, vem cá, ele começou a trocar a soco do nada eu dei um capa nele, ele ficou assustado aí eu comecei a meter a espada dele aí, agora ele que saiu correndo eu falei agora eu que vou atrás de você",0.3446125984191894,0.318801611661911,0.3365857601165771,NEG,0.7646395564079285,0.0056693679653108,0.1079595014452934,0.0033906889148056,0.0571673139929771,0.1587269604206085,0.0144488988444209,0.32712606,Amy Scarlet,Roblox,SÓ PODIA ARMA BRANCA e OLHA NO QUE DEU [5Ipk-KnF1Ms],,GZ,GZ,GZ,"🎬 Canal: Amy Scarlet | 🎥 Vídeo: SÓ PODIA ARMA BRANCA e OLHA NO QUE DEU [5Ipk-KnF1Ms]
⏱️ Segmento/Index: 6
──────────────────────────────────────────────────
Fala transcrita:
""eu quase morri, ativei o CR7 pra correr mais rápido, saí correndo, tentando despistar ele e Tom ele atrás de mim, eu não podia fazer um passo em falso porque se eu caísse no morro, eu também morreria meu Brasil brasileiro, eu nunca em toda a minha vida corri tanto como eu corri nesse dia eu corri o mapa todo do FreeFryer e ele estava vindo atrás de mim eu estava desesperada, eu não sabia o que fazer, eu não queria morrer foram exatos 10 minutos correndo desse cabra foi aqui que eu consegui despistar ele e passar um kit médico aqui depois de um tempo, olha quem tava correndo atrás de mim meu Deus do céu, eu falei agora eu vou cair no pau vamos ver quem vai ter mais medo de quem aqui eu falei vem agora, vem agora, cai aqui, vem cá pra você ver, vem cá, ele começou a trocar a soco do nada eu dei um capa nele, ele ficou assustado aí eu comecei a meter a espada dele aí, agora ele que saiu correndo eu falei agora eu que vou atrás de você""",Avaliador_D,Avaliador_E
22,"Hoje eu estou acabando de construir aqui a minha casinha, galera! E eu vou fazer uma coisa bem legal! Como vocês podem ver aqui no telhado da minha casa, olha só! Tem um espaço bem maneiro aqui da parte de cima! Então vai ser aqui que eu vou esconder a minha taça! Vamos colocar aqui o nosso baúzinho, e aqui dentro eu vou colocar a taça! E a senha pode ser 789! A senha é bem difícil! E agora a gente coloca aqui a Taça da Copa do Mundo! Perfeito! Agora só precisa terminar de fechar essa área aqui! E vou deixar esse pedacinho aqui aberto, que assim a gente consegue subir com a mochila Jato! E a única coisa que eu preciso agora é uma porta de ferro, né? Uma porta bem resistente! Então vamos fabricar uma portinha aqui pra gente! Bom, mas uma portinha de ferro não é tão segura, que se você colocar um botão aqui ela abre! Eu acho que eu preciso de uma porta mais segura do que essa, galera! Porque se não eu só consegui entrar na minha casa tranquilo! Já sei, eu tive uma ideia! Só preciso de mais um pouquinho de ferro! Eu vou aproveitar essa caverna que está aqui embaixo, e vou pegar um pouquinho de ferro ali pra gente fazer uma coisa mais legal na nossa porta! Aqui tem um monte de ferro aqui, beleza! Eu preciso de mais... acho que uns 8, 9 ferros acho que é o suficiente! Show de bola! Estou com 13 ferros e é mais do que necessário isso daqui! Carvões a gente já tem também!",0.0199028309434652,0.4416252672672272,0.5384719371795654,POS,0.020724032074213,0.0014660283923149,0.0315831340849399,0.0007979931542649,0.0086824595928192,0.0022595580667257,0.002333405893296,0.17198499,Kass e KR,Minecraft,BASE do BRASIL vs. COPA do MUNDO no Minecraft [tBN3Q4vGrbQ],,NT,NT,NT,"🎬 Canal: Kass e KR | 🎥 Vídeo: BASE do BRASIL vs. COPA do MUNDO no Minecraft [tBN3Q4vGrbQ]
⏱️ Segmento/Index: 22
──────────────────────────────────────────────────
Fala transcrita:
""Hoje eu estou acabando de construir aqui a minha casinha, galera! E eu vou fazer uma coisa bem legal! Como vocês podem ver aqui no telhado da minha casa, olha só! Tem um espaço bem maneiro aqui da parte de cima! Então vai ser aqui que eu vou esconder a minha taça! Vamos colocar aqui o nosso baúzinho, e aqui dentro eu vou colocar a taça! E a senha pode ser 789! A senha é bem difícil! E agora a gente coloca aqui a Taça da Copa do Mundo! Perfeito! Agora só precisa terminar de fechar essa área aqui! E vou deixar esse pedacinho aqui aberto, que assim a gente consegue subir com a mochila Jato! E a única coisa que eu preciso agora é uma porta de ferro, né? Uma porta bem resistente! Então vamos fabricar uma portinha aqui pra gente! Bom, mas uma portinha de ferro não é tão segura, que se você colocar um botão aqui ela abre! Eu acho que eu preciso de uma porta mais segura do que essa, galera! Porque se não eu só consegui entrar na minha casa tranquilo! Já sei, eu tive uma ideia! Só preciso de mais um pouquinho de ferro! Eu vou aproveitar essa caverna que está aqui embaixo, e vou pegar um pouquinho de ferro ali pra gente fazer uma coisa mais legal na nossa porta! Aqui tem um monte de ferro aqui, beleza! Eu preciso de mais... acho que uns 8, 9 ferros acho que é o suficiente! Show de bola! Estou com 13 ferros e é mais do que necessário isso daqui! Carvões a gente já tem também!""",Avaliador_D,Avaliador_E
9,"E aí, doido, que faz essa daqui, macho? Não sei não, macho, o que é esse canhão aqui, essa bandeira ali, porque tá todo mundo se atirando? Eu quero o bonzão que sabia de tudo, sabe que ganhou uma toroa? Não, não vou contar bagulho, se fosse outra fase, as outras, tudinha, tudinha, eu conhecia, macho, mas essa daqui eu nunca joguei não, macho, sério mesmo, não sei nem o que fazer essa. Que futebol é essa daqui, macho, eu sei que é futebol, é o amarelo, o azul. Macha, essa fase aqui é o seguinte, tá ligado? É tipo roubar a bandeira, tá vendo essa bandeira azul? Tu tem que ficar em cima do ciclo da pessoa, aí vai subir a bandeira, aí tu faz um ponto, e esses canhão é pra tu atirar no teus inimigos e fazer ponto também, pô. Ih, é doido, mas esses canhão são bons mesmo? Toma essa bomba do Botezinho, eu não disse que vocês não troca, receba. Mas o cara de azul atirou, azul, tu tá de azul, tu é do time dele, cara, tu me traiu. Só não, trai não, eu juro, pô. Não, você é de perto de mim, você me traiu sim, você falou que não era pra me confiar em ninguém, e agora tá aí de interação com minha cara, cara, tá em outro time, velho.",0.5485724210739136,0.4136111140251159,0.0378164164721965,NEG,0.4663545191287994,0.0017060514073818,0.0364403426647186,0.0033210637047886,0.1258247792720794,0.0079663125798106,0.0041889618150889,0.30514878,meu nome é david,Roblox,STUMBLE GUYS NA VIDA REAL 4  - LAVA LAND [HJJS4vChP8g],,GZ,GZ,GZ,"🎬 Canal: meu nome é david | 🎥 Vídeo: STUMBLE GUYS NA VIDA REAL 4  - LAVA LAND [HJJS4vChP8g]
⏱️ Segmento/Index: 9
──────────────────────────────────────────────────
Fala transcrita:
""E aí, doido, que faz essa daqui, macho? Não sei não, macho, o que é esse canhão aqui, essa bandeira ali, porque tá todo mundo se atirando? Eu quero o bonzão que sabia de tudo, sabe que ganhou uma toroa? Não, não vou contar bagulho, se fosse outra fase, as outras, tudinha, tudinha, eu conhecia, macho, mas essa daqui eu nunca joguei não, macho, sério mesmo, não sei nem o que fazer essa. Que futebol é essa daqui, macho, eu sei que é futebol, é o amarelo, o azul. Macha, essa fase aqui é o seguinte, tá ligado? É tipo roubar a bandeira, tá vendo essa bandeira azul? Tu tem que ficar em cima do ciclo da pessoa, aí vai subir a bandeira, aí tu faz um ponto, e esses canhão é pra tu atirar no teus inimigos e fazer ponto também, pô. Ih, é doido, mas esses canhão são bons mesmo? Toma essa bomba do Botezinho, eu não disse que vocês não troca, receba. Mas o cara de azul atirou, azul, tu tá de azul, tu é do time dele, cara, tu me traiu. Só não, trai não, eu juro, pô. Não, você é de perto de mim, você me traiu sim, você falou que não era pra me confiar em ninguém, e agora tá aí de interação com minha cara, cara, tá em outro time, velho.""",Avaliador_D,Avaliador_E
3,"Deixa eu ver aqui na moto Não tá explodindo minha moto toda Pessoal invejosa, essa mulher invejosa Ô seu cabelo de vassoura Você tá explodindo minha moto Por que invejosa?",0.9606382250785828,0.0326081179082393,0.0067536304704844,NEG,0.296924889087677,0.0007404533680528,0.0146566154435276,0.0055445088073611,0.069087915122509,0.0019995882175862,0.0321042910218238,0.32182294,Amy Scarlet,Roblox,Esquadrão dos bots [b4E_LrfKu0s],,GZ,GZ,GZ,"🎬 Canal: Amy Scarlet | 🎥 Vídeo: Esquadrão dos bots [b4E_LrfKu0s]
⏱️ Segmento/Index: 3
──────────────────────────────────────────────────
Fala transcrita:
""Deixa eu ver aqui na moto Não tá explodindo minha moto toda Pessoal invejosa, essa mulher invejosa Ô seu cabelo de vassoura Você tá explodindo minha moto Por que invejosa?""",Avaliador_D,Avaliador_E
15,"Olha ele ali na pontinha. Vai, seu cabeçudo. Sai. Vai, cabeçudo, vai embora. Eu nunca quero que ele vá embora, Rominho. Você não vem na minha ilha, não. Droga, eu caí. Você não vem na minha ilha. Cadê o nube cabeçudo? Eu acho que já era, acabou pra ele. Acabou nada, porque eu vou acabar com o seu agora. Pera aí, nube cabeçudo, ele não tá aqui, Davi, eu acho que eu ganhei. Rominho, o seu caiu. Mas o seu caiu primeiro, o seu caiu primeiro. O seu caiu primeiro? O que que o meu caiu primeiro? É claro, eu derrubei ele na vara de pesca, tá registrado, parou, Davi. Ah, mas eu derrubei o seu. Vamos ver se um deles vai aparecer de novo. Se nenhum aparecer, eu sou campeão, porque eu derrubei o seu primeiro, Davi. Simplesmente isso. Você viu, seu mentiroso? Parou, parou. Ah, derrubou o meu primeiro, Rominho. Derrubando a pescarinha, tá registrado, quer replay. Eu derrubei o seu na dinamite. Mas, Davi, o seu já tinha ido. Eu tinha te enganado, eu tava lá na sua ilha. Davi, eu acabei de escutar a explosão, você não me engana não, sem vergonha.",0.4899020195007324,0.4478649199008941,0.0622330196201801,NEG,0.926240086555481,0.0056548602879047,0.1317903995513916,0.0030298621859401,0.1663755029439926,0.0104871559888124,0.0066989785991609,0.40614098,Robin Hood Gamer,Minecraft,ILHA DE DIAMANTE VS ILHA DE ESMERALDA NO MINECRAFT QUEM GANHOU [QhC2QR6IyWg],,T,T,T,"🎬 Canal: Robin Hood Gamer | 🎥 Vídeo: ILHA DE DIAMANTE VS ILHA DE ESMERALDA NO MINECRAFT QUEM GANHOU [QhC2QR6IyWg]
⏱️ Segmento/Index: 15
──────────────────────────────────────────────────
Fala transcrita:
""Olha ele ali na pontinha. Vai, seu cabeçudo. Sai. Vai, cabeçudo, vai embora. Eu nunca quero que ele vá embora, Rominho. Você não vem na minha ilha, não. Droga, eu caí. Você não vem na minha ilha. Cadê o nube cabeçudo? Eu acho que já era, acabou pra ele. Acabou nada, porque eu vou acabar com o seu agora. Pera aí, nube cabeçudo, ele não tá aqui, Davi, eu acho que eu ganhei. Rominho, o seu caiu. Mas o seu caiu primeiro, o seu caiu primeiro. O seu caiu primeiro? O que que o meu caiu primeiro? É claro, eu derrubei ele na vara de pesca, tá registrado, parou, Davi. Ah, mas eu derrubei o seu. Vamos ver se um deles vai aparecer de novo. Se nenhum aparecer, eu sou campeão, porque eu derrubei o seu primeiro, Davi. Simplesmente isso. Você viu, seu mentiroso? Parou, parou. Ah, derrubou o meu primeiro, Rominho. Derrubando a pescarinha, tá registrado, quer replay. Eu derrubei o seu na dinamite. Mas, Davi, o seu já tinha ido. Eu tinha te enganado, eu tava lá na sua ilha. Davi, eu acabei de escutar a explosão, você não me engana não, sem vergonha.""",Avaliador_D,Avaliador_E
2,"Tá Mano, olha o ouro, eu posso ficar com ouro? Eu peguei os diamantes aqui Tem um pouquinho de esmeralda também, eu vou pegar Será que cadê ele? Cuidado, Muffin, cuidado, cuidado Se ele ver a gente Eu vou puxar a porta Ó, tem essa lava aqui, ó Que tal se a gente jogar dentro dela? Vamos, vamos Ah, vamos Tem que ser rápido, Muffin Joga tudo, joga tudo Vai, vai, vai, vai Pronto? Joguei tudo, joguei tudo Vai, vai, vamos embora, corre, Muffin, corre Ah, espera aí, Eld, vamos deixar uma plaquinha Pra avisar que a gente pegou os itens dele? Tá Ah, tá Pronto, Eld, coloquei aqui a plaquinha Tá, vamos embora, vai que ele vê que é a gente Eu tô sendo atacado por um Steve que corre, mas vai, vou matar ele Ele dá muito dano, ele dá muito dano, ai, matei E agora eu vou voltar pra minha casa Eu acho que eu tenho que tirar essa lava aqui que ela tá meio perigosa E tem esse minério aqui na frente que é um minério de cobre Vamos levar lá em cima no meu baú dos minérios Ué, uma placa? Joguei todos os seus itens na lava? Não, não, não fizeram isso Meus itens, cadê meus itens? Meus itens, que tal nesse baú? Sumiram todos Ah, quem será que fez isso?",0.070664957165718,0.860521674156189,0.0688133239746093,NEU,0.6885104775428772,0.0108629595488309,0.0532895289361476,0.0040430109947919,0.0423592589795589,0.0452016815543174,0.0105607090517878,0.28425202,Athos,Minecraft,CHOREI ATÉ FAZER UM TSUNAMI NO MINECRAFT [poi2DfhlnxM],,GZ,GZ,GZ,"🎬 Canal: Athos | 🎥 Vídeo: CHOREI ATÉ FAZER UM TSUNAMI NO MINECRAFT [poi2DfhlnxM]
⏱️ Segmento/Index: 2
──────────────────────────────────────────────────
Fala transcrita:
""Tá Mano, olha o ouro, eu posso ficar com ouro? Eu peguei os diamantes aqui Tem um pouquinho de esmeralda também, eu vou pegar Será que cadê ele? Cuidado, Muffin, cuidado, cuidado Se ele ver a gente Eu vou puxar a porta Ó, tem essa lava aqui, ó Que tal se a gente jogar dentro dela? Vamos, vamos Ah, vamos Tem que ser rápido, Muffin Joga tudo, joga tudo Vai, vai, vai, vai Pronto? Joguei tudo, joguei tudo Vai, vai, vamos embora, corre, Muffin, corre Ah, espera aí, Eld, vamos deixar uma plaquinha Pra avisar que a gente pegou os itens dele? Tá Ah, tá Pronto, Eld, coloquei aqui a plaquinha Tá, vamos embora, vai que ele vê que é a gente Eu tô sendo atacado por um Steve que corre, mas vai, vou matar ele Ele dá muito dano, ele dá muito dano, ai, matei E agora eu vou voltar pra minha casa Eu acho que eu tenho que tirar essa lava aqui que ela tá meio perigosa E tem esse minério aqui na frente que é um minério de cobre Vamos levar lá em cima no meu baú dos minérios Ué, uma placa? Joguei todos os seus itens na lava? Não, não, não fizeram isso Meus itens, cadê meus itens? Meus itens, que tal nesse baú? Sumiram todos Ah, quem será que fez isso?""",Avaliador_E,Avaliador_F
8,"Tiã, que eu tava falando a hélia, não veio pra da norte. Caraca, como foi que tu conseguiu dessas coisas, hein? Oxe, eu tava num drop aí, meu filho, peguei foi tudo, matei 3 cara. Oxe, pega aí o que tu quiser, pô. E eu vou ficar perto dela, porque ela joga muito. Oxe, miserável, mano, ele passou por cima da mina e a mina não explodiu não. Ele não tá prestes não essa bicha. Vou lá de perto. Toando em și, bichalinha.",0.6474567651748657,0.3142186403274536,0.0383245237171649,NEG,0.9774038791656494,0.0131540866568684,0.4648056626319885,0.0113090295344591,0.3308970630168915,0.0409577712416648,0.2199862748384475,0.6027529,meu nome é david,Roblox,FREE FIRE BATTLEGROUNDS NA VIDA REAL 14 [q3jlbXreTt4],,T,T,T,"🎬 Canal: meu nome é david | 🎥 Vídeo: FREE FIRE BATTLEGROUNDS NA VIDA REAL 14 [q3jlbXreTt4]
⏱️ Segmento/Index: 8
──────────────────────────────────────────────────
Fala transcrita:
""Tiã, que eu tava falando a hélia, não veio pra da norte. Caraca, como foi que tu conseguiu dessas coisas, hein? Oxe, eu tava num drop aí, meu filho, peguei foi tudo, matei 3 cara. Oxe, pega aí o que tu quiser, pô. E eu vou ficar perto dela, porque ela joga muito. Oxe, miserável, mano, ele passou por cima da mina e a mina não explodiu não. Ele não tá prestes não essa bicha. Vou lá de perto. Toando em și, bichalinha.""",Avaliador_E,Avaliador_F
6,"Eu tomei dano, eu tomei dano Eu tô pagando por todos os pecados que eu já fiz na vida Ele vai fazer 2 capas, né? Vai farpar também, tá aprendendo a respeitar a figura pública aqui, a magistrade Muito ruim, muito ruim Aqui ele tá todo minhado, aqui ele tá todo minhado Pode deixar que eu mato, você quer que eu mato? Eu vou matar, onde é que ele tá? Onde é que ele tá, Patiã, matar? Vem matar ele, mata ele Vou matar ele no murro, vou matar ele no murro Ele tá aí nessa casa Onde? Onde ele tá? Eita, Luiz, Luiz Luiz, Luiz, Luiz, eu tomei dano, Luiz, mas o que é isso, Luiz?",0.7977648973464966,0.1676724106073379,0.0345626883208751,NEG,0.9647396206855774,0.0125160682946443,0.0343939289450645,0.0063310638070106,0.0471915639936924,0.3032771646976471,0.023321634158492,0.5559701,Amy Scarlet,Roblox,TOMAR DANO  TOMAR LIMÃO  DESAFIO FREE FIRE [fFTFeci_dZg],,T,T,T,"🎬 Canal: Amy Scarlet | 🎥 Vídeo: TOMAR DANO  TOMAR LIMÃO  DESAFIO FREE FIRE [fFTFeci_dZg]
⏱️ Segmento/Index: 6
──────────────────────────────────────────────────
Fala transcrita:
""Eu tomei dano, eu tomei dano Eu tô pagando por todos os pecados que eu já fiz na vida Ele vai fazer 2 capas, né? Vai farpar também, tá aprendendo a respeitar a figura pública aqui, a magistrade Muito ruim, muito ruim Aqui ele tá todo minhado, aqui ele tá todo minhado Pode deixar que eu mato, você quer que eu mato? Eu vou matar, onde é que ele tá? Onde é que ele tá, Patiã, matar? Vem matar ele, mata ele Vou matar ele no murro, vou matar ele no murro Ele tá aí nessa casa Onde? Onde ele tá? Eita, Luiz, Luiz Luiz, Luiz, Luiz, eu tomei dano, Luiz, mas o que é isso, Luiz?""",Avaliador_E,Avaliador_F
28,Ah pera aí deixa eu fazer de volta ó. Grudo aqui cara grudo aqui. Cara eu tô ficando prático já nessa nossa bagaça aqui ó. Ali não dá né? Se eu vier aqui ó. Quando essa boia descer eu vou descer junto? Vamos descobrir agora. Grudooo outro lado cara para fechar. Isso. Fechou. Ó eu tô descendo. Ah mas eu fiquei preso. Vocês estão vendo? Era isso que era para acontecer? Não entendi foi nada agora. Abre de volta. Mano você vai morrer cara. Meu peixinho tá preso galera. O que eu fiz?,0.6749552488327026,0.2761741578578949,0.0488706119358539,NEG,0.9028542041778564,0.012235146947205,0.0547053702175617,0.0070426324382424,0.0470312237739563,0.0990461558103561,0.0230820421129465,0.4269174,Tex HS,Roblox,FINAL a GANGUE PEIXE vai deixar saudades I am Fish  Parte 5 [eA3bewHYFF0],,T,T,T,"🎬 Canal: Tex HS | 🎥 Vídeo: FINAL a GANGUE PEIXE vai deixar saudades I am Fish  Parte 5 [eA3bewHYFF0]
⏱️ Segmento/Index: 28
──────────────────────────────────────────────────
Fala transcrita:
""Ah pera aí deixa eu fazer de volta ó. Grudo aqui cara grudo aqui. Cara eu tô ficando prático já nessa nossa bagaça aqui ó. Ali não dá né? Se eu vier aqui ó. Quando essa boia descer eu vou descer junto? Vamos descobrir agora. Grudooo outro lado cara para fechar. Isso. Fechou. Ó eu tô descendo. Ah mas eu fiquei preso. Vocês estão vendo? Era isso que era para acontecer? Não entendi foi nada agora. Abre de volta. Mano você vai morrer cara. Meu peixinho tá preso galera. O que eu fiz?""",Avaliador_E,Avaliador_F
0,"Hoje eu vou trollar os meus amigos fingindo ser o Hug. E pra fazer isso eu vistei essa skin e coloquei essa voz. Será que eles se assustaram? E olha, já tô vendo a primeira vítima ali. O Elde, ele tá moscando na noite e eu vou pegar e dar um susto nele. Se eu conseguir eu até mato ele. Aqui ó, tem um papel que esconderam aqui, eu acho que é pra alguém. Elde! Que que é isso, velho? O Hug! Sai daqui! Elde! Que que? Eu vou pegar você, Elde! Eu vou pegar você, Elde! Eu vou pegar você, Elde! OUIIIIIIIIIII Mano, oque é isso cara? Volta aqui, volta aqui! EEEE, coi, coi, coi, coi! Volta aqui, Elde! Elde! Ai não, fechinho! EUDEEEEE Não, ele saiu do servidor! E a próxima vítima vai ser aqueles dois ali. Eles estão conversando e eles estão meio que distraídos. E pra trollar eles eu vou fazer de um jeito diferente.",0.2409683316946029,0.6929338574409485,0.0660977959632873,NEU,0.8690577149391174,0.0044925729744136,0.0302133727818727,0.003092142753303,0.0975763127207756,0.4217346012592315,0.0061652129516005,0.4850187,Cadres,Minecraft,FINGI SER O HUGGY E ASSUSTEI MEUS AMIGOS no Minecraft [qVlwO00NCoc],,T,T,T,"🎬 Canal: Cadres | 🎥 Vídeo: FINGI SER O HUGGY E ASSUSTEI MEUS AMIGOS no Minecraft [qVlwO00NCoc]
⏱️ Segmento/Index: 0
──────────────────────────────────────────────────
Fala transcrita:
""Hoje eu vou trollar os meus amigos fingindo ser o Hug. E pra fazer isso eu vistei essa skin e coloquei essa voz. Será que eles se assustaram? E olha, já tô vendo a primeira vítima ali. O Elde, ele tá moscando na noite e eu vou pegar e dar um susto nele. Se eu conseguir eu até mato ele. Aqui ó, tem um papel que esconderam aqui, eu acho que é pra alguém. Elde! Que que é isso, velho? O Hug! Sai daqui! Elde! Que que? Eu vou pegar você, Elde! Eu vou pegar você, Elde! Eu vou pegar você, Elde! OUIIIIIIIIIII Mano, oque é isso cara? Volta aqui, volta aqui! EEEE, coi, coi, coi, coi! Volta aqui, Elde! Elde! Ai não, fechinho! EUDEEEEE Não, ele saiu do servidor! E a próxima vítima vai ser aqueles dois ali. Eles estão conversando e eles estão meio que distraídos. E pra trollar eles eu vou fazer de um jeito diferente.""",Avaliador_E,Avaliador_F
6,"Opa, opa, opa Calma, vamos descer, vamos descer Oi, McFly Oi, McFly, aciona aqui, aciona aqui Não, não aciona não, você tá doido Nossa, a gente vai cair nesse balão Opa, opa Olha, eu quero explicar Desculpa por destruir aqui o seu balãozinho Mas é que eu vi que você tava já pondo fogo nele Eu falei, deixa eu ajudar o McFly e colocar lava aqui no negócio Você não fez isso Foi uma trollagem só que eu acho que passei um pouco dos limites Eu vou te ajudar Calma aí, McFly, só um segundo Tá de sacanagem comigo, né? Eu vou tirar essa lá Ai, tá quente, tá quente, tá muito quente Tá muito quente, você tem água aí Ah Não, me põe daqui, não Ah, não Ai, ai, ai, ai, ai Ai, brincadeira, meu Nossa, gente Ok, fui pro Beleléu Deixa eu ver onde eu renasci Eu nem sei McFly, eu não sei onde que eu tô Cadê o balão? Eu renasci num lugar muito aleatório Me dá TP aí pra cima, McFly Eu sei que você é o dono aqui do mapa Você pode dar TP pra mim, né? É brincadeira, você tá pelo fazer isso É porque eu quero conversar com você Tá, mas puxa eu pra ir, não você pra cá Eita, beleza, tô aqui, tô aqui Você me puxou pra cá, beleza? Você é o dono do servidor Por que você fez isso? Mano, é o seguinte, cara, eu queria te trollar Acho que eu te passei muito do limite Eu destruí o seu balão Olha, eu vou te ajudar a consertar Mas eu admito que foi uma trollagem engraçada Porque você não sabia que eu tava aqui no mundo E eu acabei pôndo fogo É que assim, você ia acabar pôndo fogo e explodir no balão mesmo, né? Então adiantei o processo, só isso, entendeu?",0.2485656887292862,0.686924159526825,0.0645101517438888,NEU,0.7093130946159363,0.0164486542344093,0.0523628033697605,0.0076172943226993,0.051535852253437,0.0091827372089028,0.0142800817266106,0.30136615,JP Plays,Minecraft,INVADI O MUNDO DO MEU AMIGO E FIZ UMA ARMADILHA PRA ELE NO MINECRAFT [LAOqEhfh9_0],,GZ,GZ,GZ,"🎬 Canal: JP Plays | 🎥 Vídeo: INVADI O MUNDO DO MEU AMIGO E FIZ UMA ARMADILHA PRA ELE NO MINECRAFT [LAOqEhfh9_0]
⏱️ Segmento/Index: 6
──────────────────────────────────────────────────
Fala transcrita:
""Opa, opa, opa Calma, vamos descer, vamos descer Oi, McFly Oi, McFly, aciona aqui, aciona aqui Não, não aciona não, você tá doido Nossa, a gente vai cair nesse balão Opa, opa Olha, eu quero explicar Desculpa por destruir aqui o seu balãozinho Mas é que eu vi que você tava já pondo fogo nele Eu falei, deixa eu ajudar o McFly e colocar lava aqui no negócio Você não fez isso Foi uma trollagem só que eu acho que passei um pouco dos limites Eu vou te ajudar Calma aí, McFly, só um segundo Tá de sacanagem comigo, né? Eu vou tirar essa lá Ai, tá quente, tá quente, tá muito quente Tá muito quente, você tem água aí Ah Não, me põe daqui, não Ah, não Ai, ai, ai, ai, ai Ai, brincadeira, meu Nossa, gente Ok, fui pro Beleléu Deixa eu ver onde eu renasci Eu nem sei McFly, eu não sei onde que eu tô Cadê o balão? Eu renasci num lugar muito aleatório Me dá TP aí pra cima, McFly Eu sei que você é o dono aqui do mapa Você pode dar TP pra mim, né? É brincadeira, você tá pelo fazer isso É porque eu quero conversar com você Tá, mas puxa eu pra ir, não você pra cá Eita, beleza, tô aqui, tô aqui Você me puxou pra cá, beleza? Você é o dono do servidor Por que você fez isso? Mano, é o seguinte, cara, eu queria te trollar Acho que eu te passei muito do limite Eu destruí o seu balão Olha, eu vou te ajudar a consertar Mas eu admito que foi uma trollagem engraçada Porque você não sabia que eu tava aqui no mundo E eu acabei pôndo fogo É que assim, você ia acabar pôndo fogo e explodir no balão mesmo, né? Então adiantei o processo, só isso, entendeu?""",Avaliador_E,Avaliador_F
1,"Ai ai ai ai, é o meu, é o meu! Cabeçuda, feia e esformeada, só vive com fome! Comenta aí quem acha eu feia, que eu acho que não vai ter nenhum comentário assim seu bobo! Galera, Eduarda não vai escutando tá? Todo mundo comenta que ela é feia aí embaixo tá? Ah não, vai não, vai não, vai não! Tu tava escutando? É claro! Ai, nem sabia, nem sabia! Beleza Eduarda, vamos ver que tem nesse baú aqui, pelo que eu vi tem um pincel fi! Ah saiu na notícia que se a gente desenhar o negócio vai acontecer mesmo fi! Sério? É, eu vi falar né, a gente precisa testar né Eduarda, pra saber, não tem como a gente saber sem testar! Já fiz aqui o meu, o meu... Minha tela né, vou desenhar desse lado aqui, por causa do sol né, porque eu tenho uma técnica né, eu vou desenhar Eduarda, vou desenhar... Vou desenhar o rugi rugi! Menino, não desenha isso não, isso dá zá! Quem te falou isso? Deus!",0.7037307024002075,0.2469858527183532,0.0492834337055683,NEG,0.9158328771591188,0.0022080589551478,0.0649099051952362,0.0016731292707845,0.2821346819400787,0.0024328515864908,0.0085468599572777,0.5779532,Marcelodrv,Minecraft,Minecraft MAS tudo que eu DESENHAR os MONSTROS vão me dar [8vd2gpnHnUI],,T,T,T,"🎬 Canal: Marcelodrv | 🎥 Vídeo: Minecraft MAS tudo que eu DESENHAR os MONSTROS vão me dar [8vd2gpnHnUI]
⏱️ Segmento/Index: 1
──────────────────────────────────────────────────
Fala transcrita:
""Ai ai ai ai, é o meu, é o meu! Cabeçuda, feia e esformeada, só vive com fome! Comenta aí quem acha eu feia, que eu acho que não vai ter nenhum comentário assim seu bobo! Galera, Eduarda não vai escutando tá? Todo mundo comenta que ela é feia aí embaixo tá? Ah não, vai não, vai não, vai não! Tu tava escutando? É claro! Ai, nem sabia, nem sabia! Beleza Eduarda, vamos ver que tem nesse baú aqui, pelo que eu vi tem um pincel fi! Ah saiu na notícia que se a gente desenhar o negócio vai acontecer mesmo fi! Sério? É, eu vi falar né, a gente precisa testar né Eduarda, pra saber, não tem como a gente saber sem testar! Já fiz aqui o meu, o meu... Minha tela né, vou desenhar desse lado aqui, por causa do sol né, porque eu tenho uma técnica né, eu vou desenhar Eduarda, vou desenhar... Vou desenhar o rugi rugi! Menino, não desenha isso não, isso dá zá! Quem te falou isso? Deus!""",Avaliador_E,Avaliador_F
0,"Família, hoje nós vamos jogar Minecraft Congelado. Basicamente é uma mistura de Murder mais esconde-esconde. Nós começamos no mapa e uma pessoa é escolhida como Pegador. Só que dessa vez, ao ela encostar em outro jogador, ela congela esse jogador. Daí, as outras pessoas que estão espalhadas pelo mapa precisam chegar num jogador que está congelado e descongelar ele. Cara, eu falei tanto jogador e congelado que eu acho que até congelei meu cérebro. Mas, fiquem agora com o Minecraft Congelado. Música Uuuuh! Estamos aqui mais um Freeze Tag, que é a mistura de Murder mais esconde-esconde. Mas qual jogo aí também? Pode ser o Murder Congelado, né? Murder Congelado. É o Murder de gelo, velho. Meu Deus. Só que agora eu tenho o quê? Galera, são três Pegadores, mano. Eu vou ficar longe de todo mundo, mano. Ah, mano. Quem é? Quem é? É o K-Game. Ah, eu não sei, mano. É por isso que você não sabe. Isso é Murder, mano.",0.100766122341156,0.687864363193512,0.211369514465332,NEU,0.605867326259613,0.0058648684062063,0.0390234664082527,0.0069511216133832,0.0698192343115806,0.0109604354947805,0.0099536161869764,0.23379272,AuthenticGames,Minecraft,CONGELEI O MEU AMIGO NO NOVO ESCONDE-ESCONDE DO MINECRAFT  - Minecraft Congelado [ixuzIk4QUpI],,GZ,GZ,GZ,"🎬 Canal: AuthenticGames | 🎥 Vídeo: CONGELEI O MEU AMIGO NO NOVO ESCONDE-ESCONDE DO MINECRAFT  - Minecraft Congelado [ixuzIk4QUpI]
⏱️ Segmento/Index: 0
──────────────────────────────────────────────────
Fala transcrita:
""Família, hoje nós vamos jogar Minecraft Congelado. Basicamente é uma mistura de Murder mais esconde-esconde. Nós começamos no mapa e uma pessoa é escolhida como Pegador. Só que dessa vez, ao ela encostar em outro jogador, ela congela esse jogador. Daí, as outras pessoas que estão espalhadas pelo mapa precisam chegar num jogador que está congelado e descongelar ele. Cara, eu falei tanto jogador e congelado que eu acho que até congelei meu cérebro. Mas, fiquem agora com o Minecraft Congelado. Música Uuuuh! Estamos aqui mais um Freeze Tag, que é a mistura de Murder mais esconde-esconde. Mas qual jogo aí também? Pode ser o Murder Congelado, né? Murder Congelado. É o Murder de gelo, velho. Meu Deus. Só que agora eu tenho o quê? Galera, são três Pegadores, mano. Eu vou ficar longe de todo mundo, mano. Ah, mano. Quem é? Quem é? É o K-Game. Ah, eu não sei, mano. É por isso que você não sabe. Isso é Murder, mano.""",Avaliador_E,Avaliador_F
3,"Ah, então quer dizer que ele colocou gelo infinito, né? Aí tá só, eu manchei duas escravas, aí! Oxe, vai ser só bala, mano! Dia que eu gosto de escrava, mas pegado de longe acima, vai ser só agachou, levantou, subiu o capa, tá ligado? Mas lembrando bem qual é a regra do x1 dos crime! Ah, tô ligado, pô! Acho que o negócio é matar e matar, tá ligado? Eu lembro de um vez, eu joguei com um primo meu, ele tava com duas MP40, acho que pode depender de duas escravas, então acho que quando eu pegar o cabelo de lança vai ser só bala, tá ligado? Não, mas lembrando bem, se eu for num drop e pegar um lança, vai ser mais rápido, né? Que vai ser só um abacatão nele, tá ligado? Acho que fica mais de boa, né?",0.3382434844970703,0.6400644779205322,0.0216921120882034,NEU,0.4936550855636596,0.0008745610248297,0.0147149544209241,0.001434649922885,0.0206922944635152,0.2717876434326172,0.0020544894505292,0.37955463,meu nome é david,Roblox,X1 DOS CRIAS NA VIDA REAL   SUPER COMPILADOS [j-FPKmfw-c8],,GZ,GZ,GZ,"🎬 Canal: meu nome é david | 🎥 Vídeo: X1 DOS CRIAS NA VIDA REAL   SUPER COMPILADOS [j-FPKmfw-c8]
⏱️ Segmento/Index: 3
──────────────────────────────────────────────────
Fala transcrita:
""Ah, então quer dizer que ele colocou gelo infinito, né? Aí tá só, eu manchei duas escravas, aí! Oxe, vai ser só bala, mano! Dia que eu gosto de escrava, mas pegado de longe acima, vai ser só agachou, levantou, subiu o capa, tá ligado? Mas lembrando bem qual é a regra do x1 dos crime! Ah, tô ligado, pô! Acho que o negócio é matar e matar, tá ligado? Eu lembro de um vez, eu joguei com um primo meu, ele tava com duas MP40, acho que pode depender de duas escravas, então acho que quando eu pegar o cabelo de lança vai ser só bala, tá ligado? Não, mas lembrando bem, se eu for num drop e pegar um lança, vai ser mais rápido, né? Que vai ser só um abacatão nele, tá ligado? Acho que fica mais de boa, né?""",Avaliador_E,Avaliador_F
11,"Ai, ele abriu muito espaço agora! Não, não, não, não! Vou morrer, vou morrer! Caraca, ainda bem que eu consegui sair! Agora você tá preso nesse buraco! E eu vou explodir ele inteiro! Ué, cadê o Utsu? Será que ele morreu? Não, no chat não tá aparecendo nada! Eu acho que ele fugiu de mim! Ah, eu não queria usar isso, mas eu vou ter que usar! Pra fazer a trollagem final e acabar com o Utsu! Então deixa eu vir aqui e ativar o comando! Boa! Eu virei o buraco negro! E agora quando eu usar o meu poder, eu vou engolir esse mundo inteiro! Aí quer saber, o primeiro poder que eu vou usar vai ser o mais fraco dele! São 3, 2, 1, Buzer! O que é isso? Eu destruí toda essa parte com o poder mais fraco! Imagina com mais sorte! Eu vou destruir o resto do mundo inteiro! Eu só preciso encontrar o Utsu! Aonde será que ele tá? Utsu, cadê você? Ai, caramba! Será que o meteoro sumiu? Peraí, o que tá acontecendo? Que barulho é esse? Que que é isso? Eu não tô entendendo nada! Quer saber? Eu não vou ficar procurando ele não! Eu vou pegar e dar um TP nele pra mim!",0.928222358226776,0.0512275584042072,0.0205501094460487,NEG,0.958660364151001,0.0170739255845546,0.075999267399311,0.0055036181584,0.0493078306317329,0.0718670412898063,0.0522377490997314,0.6289369,Cadres,Minecraft,24 Horas Virando DESASTRES NATURAIS no Minecraft [aoS7KciXL4Q],,T,T,T,"🎬 Canal: Cadres | 🎥 Vídeo: 24 Horas Virando DESASTRES NATURAIS no Minecraft [aoS7KciXL4Q]
⏱️ Segmento/Index: 11
──────────────────────────────────────────────────
Fala transcrita:
""Ai, ele abriu muito espaço agora! Não, não, não, não! Vou morrer, vou morrer! Caraca, ainda bem que eu consegui sair! Agora você tá preso nesse buraco! E eu vou explodir ele inteiro! Ué, cadê o Utsu? Será que ele morreu? Não, no chat não tá aparecendo nada! Eu acho que ele fugiu de mim! Ah, eu não queria usar isso, mas eu vou ter que usar! Pra fazer a trollagem final e acabar com o Utsu! Então deixa eu vir aqui e ativar o comando! Boa! Eu virei o buraco negro! E agora quando eu usar o meu poder, eu vou engolir esse mundo inteiro! Aí quer saber, o primeiro poder que eu vou usar vai ser o mais fraco dele! São 3, 2, 1, Buzer! O que é isso? Eu destruí toda essa parte com o poder mais fraco! Imagina com mais sorte! Eu vou destruir o resto do mundo inteiro! Eu só preciso encontrar o Utsu! Aonde será que ele tá? Utsu, cadê você? Ai, caramba! Será que o meteoro sumiu? Peraí, o que tá acontecendo? Que barulho é esse? Que que é isso? Eu não tô entendendo nada! Quer saber? Eu não vou ficar procurando ele não! Eu vou pegar e dar um TP nele pra mim!""",Avaliador_E,Avaliador_F
14,"Tem, tem, tem... Tem, tem, tem... Tem, tem, tem... Tem, tem, tem... Tem, tem, tem... Tem, tem, tem...",0.0650004893541336,0.7908495664596558,0.1441499441862106,NEU,0.0009091438842006,3.716213905136101e-05,0.0005134511739015,7.45299257687293e-05,0.0005675433785654,5.677153603755869e-05,6.543623749166727e-05,0.0070369947,Kass e KR,Minecraft,INVADIMOS a FESTA de ANO NOVO dos RICOS no Minecraft [K2pCDWy-p9U],,NT,NT,NT,"🎬 Canal: Kass e KR | 🎥 Vídeo: INVADIMOS a FESTA de ANO NOVO dos RICOS no Minecraft [K2pCDWy-p9U]
⏱️ Segmento/Index: 14
──────────────────────────────────────────────────
Fala transcrita:
""Tem, tem, tem... Tem, tem, tem... Tem, tem, tem... Tem, tem, tem... Tem, tem, tem... Tem, tem, tem...""",Avaliador_E,Avaliador_F
12,"Ah, potrejo, potrejo, pode ir, pode ir. Ah, se eu pegasse um... Não, lança granada, não, se eu pegasse um... Não, um Rambam, se eu pegasse um A-W, bichinha, cês... Av, Maria, que é isso, pô? O drop só triscou em mim, cara, já tinha parado e eu morri. Que é isso, meu freefax? E aí, Zé Paulvin, tem o que no drop? Zé Paulvin? Zé Paulvin? Não, cara! O que vai que aconteceu? Reage! Sai daí, sai daí! Reage, reage! Cara, em todos esses anos, tu nunca me abandonou, pô, vai me deixar sozinho agora, pô, reage! Eu ainda tô aqui, pô!",0.2630526721477508,0.6877626180648804,0.0491847395896911,NEU,0.656586229801178,0.0059590288437902,0.0729849115014076,0.0057703759521245,0.0514235123991966,0.0051755299791693,0.1328401565551757,0.3389984,meu nome é david,Roblox,FREE FIRE BATTLEGROUNDS NA VIDA REAL 10 [YkxB7tZIQV8],,GZ,GZ,GZ,"🎬 Canal: meu nome é david | 🎥 Vídeo: FREE FIRE BATTLEGROUNDS NA VIDA REAL 10 [YkxB7tZIQV8]
⏱️ Segmento/Index: 12
──────────────────────────────────────────────────
Fala transcrita:
""Ah, potrejo, potrejo, pode ir, pode ir. Ah, se eu pegasse um... Não, lança granada, não, se eu pegasse um... Não, um Rambam, se eu pegasse um A-W, bichinha, cês... Av, Maria, que é isso, pô? O drop só triscou em mim, cara, já tinha parado e eu morri. Que é isso, meu freefax? E aí, Zé Paulvin, tem o que no drop? Zé Paulvin? Zé Paulvin? Não, cara! O que vai que aconteceu? Reage! Sai daí, sai daí! Reage, reage! Cara, em todos esses anos, tu nunca me abandonou, pô, vai me deixar sozinho agora, pô, reage! Eu ainda tô aqui, pô!""",Avaliador_E,Avaliador_F
4,"Eduardo, eu vou tacar no teu peito, não! A Jazz Ghost! Não, toma cuidado, não! Eu vou tacar no teu peito! Eu vou tacar no teu peito! Eu vou tacar no teu peito! A Jazz Ghost! Não, toma cuidado! O que é, Eduardo? É que ele tá mais bonito! Bonita! Não, peraí! É que ele tá mais bonito que... Ué, ele tá preto? Ah, mas esse Jazz tá meio escuro! O que aconteceu, velho? Vou testar! Teste, Eduardo, porque isso aí, eu tenho medo do que vai acontecer! Vai lá, Duda! Boa sorte! Meu Deus! Não! Que isso, gente? Ela vai explodir o baú! Que isso, gente? Nossa Senhora! Meu... Explodiu até o baú, gente! É que eu não sei voar com isso aqui, não! Não, é... É, percebemos, né, Eduardo? Calma que eu acho que agora vai dar certo! Não, é o mínimo, né? Que tem que... Morri! Gente, então eu acho que eu morri! É, gente, vimos que a do Jazz Ghost é meio perigosa, né? Vai ser usada aqui! Eu vou até tirar ela, porque senão não pode ser que aconteça alguma catástrofe! Inclusive, eu vou testar agora do Vinicius13, galera!",0.1077529117465019,0.6570541858673096,0.2351929098367691,NEU,0.9269726276397704,0.0111624095588922,0.0502154678106308,0.0078399386256933,0.0442236848175525,0.1532524973154068,0.0825520157814025,0.47323486,Marcelodrv,Minecraft,minecraft mas YOUTUBERS são ELYTRAS customizadas [uv27O2_iDT0],,T,T,T,"🎬 Canal: Marcelodrv | 🎥 Vídeo: minecraft mas YOUTUBERS são ELYTRAS customizadas [uv27O2_iDT0]
⏱️ Segmento/Index: 4
──────────────────────────────────────────────────
Fala transcrita:
""Eduardo, eu vou tacar no teu peito, não! A Jazz Ghost! Não, toma cuidado, não! Eu vou tacar no teu peito! Eu vou tacar no teu peito! Eu vou tacar no teu peito! A Jazz Ghost! Não, toma cuidado! O que é, Eduardo? É que ele tá mais bonito! Bonita! Não, peraí! É que ele tá mais bonito que... Ué, ele tá preto? Ah, mas esse Jazz tá meio escuro! O que aconteceu, velho? Vou testar! Teste, Eduardo, porque isso aí, eu tenho medo do que vai acontecer! Vai lá, Duda! Boa sorte! Meu Deus! Não! Que isso, gente? Ela vai explodir o baú! Que isso, gente? Nossa Senhora! Meu... Explodiu até o baú, gente! É que eu não sei voar com isso aqui, não! Não, é... É, percebemos, né, Eduardo? Calma que eu acho que agora vai dar certo! Não, é o mínimo, né? Que tem que... Morri! Gente, então eu acho que eu morri! É, gente, vimos que a do Jazz Ghost é meio perigosa, né? Vai ser usada aqui! Eu vou até tirar ela, porque senão não pode ser que aconteça alguma catástrofe! Inclusive, eu vou testar agora do Vinicius13, galera!""",Avaliador_E,Avaliador_F
1,"Vocês entendem, vocês entendem, então antes da gente sair andando com os nossos equipamentos Porque tem várias armas diferentes e também alguns acessórios que eu já vou estar mostrando Clica agora no botão de gostei, deixa muito joinha aí embaixo, se inscrevam no canal E ativem o sininho de notificações pra receber todos os vídeos novos, fechou? Então, opa, opa, calma, calma, McFly, abaixa isso, usa a pistolinha, você é melhor nem usar arma Vai na mão, você vai só no soquinho, tá bom? Queto bater é potente, hein? É, é potente, mas é... é... é... parou, parou, parou, parou, parou, parou, parou Porque a gente tem uma missão, nós temos primeiro de tudo, chegar até aquele baú no meio daqueles zumbis ali embaixo Eles estão protegendo aquele baú, então com certeza deve ter algo valioso lá dentro E pra chegar até lá teremos que usar as nossas armas, vai ser uma espécie de aquecimento Ô, pera aí, a gente tem que fazer um plano, tem que pensar um pouco Tá, o plano é chegar e atirar, tá bom? Não, não é só chegar e atirar, a gente pode já sair atirando de longe usando a nossa sniper Olha só, coloca o zumbi na mira e atira, viu?",0.1235262304544448,0.7715935111045837,0.1048802360892295,NEU,0.4910206198692322,0.0024039610289037,0.0207880027592182,0.0011758941691368,0.0170637834817171,0.4014527201652527,0.0029338104650378,0.3972142,JP Plays,Minecraft,MINECRAFT mas COM ARMAS [h1qn5jPVobU],,GZ,GZ,GZ,"🎬 Canal: JP Plays | 🎥 Vídeo: MINECRAFT mas COM ARMAS [h1qn5jPVobU]
⏱️ Segmento/Index: 1
──────────────────────────────────────────────────
Fala transcrita:
""Vocês entendem, vocês entendem, então antes da gente sair andando com os nossos equipamentos Porque tem várias armas diferentes e também alguns acessórios que eu já vou estar mostrando Clica agora no botão de gostei, deixa muito joinha aí embaixo, se inscrevam no canal E ativem o sininho de notificações pra receber todos os vídeos novos, fechou? Então, opa, opa, calma, calma, McFly, abaixa isso, usa a pistolinha, você é melhor nem usar arma Vai na mão, você vai só no soquinho, tá bom? Queto bater é potente, hein? É, é potente, mas é... é... é... parou, parou, parou, parou, parou, parou, parou Porque a gente tem uma missão, nós temos primeiro de tudo, chegar até aquele baú no meio daqueles zumbis ali embaixo Eles estão protegendo aquele baú, então com certeza deve ter algo valioso lá dentro E pra chegar até lá teremos que usar as nossas armas, vai ser uma espécie de aquecimento Ô, pera aí, a gente tem que fazer um plano, tem que pensar um pouco Tá, o plano é chegar e atirar, tá bom? Não, não é só chegar e atirar, a gente pode já sair atirando de longe usando a nossa sniper Olha só, coloca o zumbi na mira e atira, viu?""",Avaliador_E,Avaliador_F
13,"Ou a gente luta com vampiros que tem aqui, ou a gente vai atrás dele. Mas, família, eu vou deixar para fazer isso no próximo episódio. Se vocês tiverem gostado desse vídeo de Minecraft Lobisomimus Vampiros, já sabem, deixem muitos joinhas aí embaixo. Fiquem com Deus. Jesus te ama muito. Um grande abraço e tchau! Falou! Falou!",0.0263175088912248,0.561924159526825,0.4117583334445953,NEU,0.0125954179093241,0.0006393169169314,0.0106885433197021,0.0015131321270018,0.0056542702950537,0.0007364667835645,0.0015957442810758,0.12520397,AuthenticGames,Minecraft,VAMPIROS SUPER FORTES NO MINECRAFT - Vampiro Vs Lobisomem 29 [23d_R4q54rc],,NT,NT,NT,"🎬 Canal: AuthenticGames | 🎥 Vídeo: VAMPIROS SUPER FORTES NO MINECRAFT - Vampiro Vs Lobisomem 29 [23d_R4q54rc]
⏱️ Segmento/Index: 13
──────────────────────────────────────────────────
Fala transcrita:
""Ou a gente luta com vampiros que tem aqui, ou a gente vai atrás dele. Mas, família, eu vou deixar para fazer isso no próximo episódio. Se vocês tiverem gostado desse vídeo de Minecraft Lobisomimus Vampiros, já sabem, deixem muitos joinhas aí embaixo. Fiquem com Deus. Jesus te ama muito. Um grande abraço e tchau! Falou! Falou!""",Avaliador_E,Avaliador_F
10,"Empurra a menininha! Empurra a menininha! Empurra todo mundo! Ai! Ai! Eu peguei o barate! Eu peguei o barate! Eu peguei a coroa! Eu estou bravo agora! Vou voltar porque eu estou bravo! Não, Mordinha! Eu vou ganhar a coroa! Eu quero ganhar porque eu corro mais! Eu corro mais rápido porque eu cheguei primeiro! Porque a coroa é minha! Não é sua não! Não, a coroa é minha! Eu vou chegar primeiro! Vou chegar primeiro! E vou empurrar a mantinha! Não! Peguei a coroa! Agora eu peguei a coroa! Eu peguei agora! Eu peguei agora! Ai! Eu seguro?",0.1002115979790687,0.7695567607879639,0.1302316337823867,NEU,0.2841308712959289,0.0012824537698179,0.0187212284654378,0.0014745402149856,0.0115675562992692,0.0327920094132423,0.009201836772263,0.36867723,Lokis,Roblox,SUBINDO ESCADA QUE VAI NAS NUVENS  Roblox - Ragdoll King [qBKH09o-0lg],,GZ,GZ,GZ,"🎬 Canal: Lokis | 🎥 Vídeo: SUBINDO ESCADA QUE VAI NAS NUVENS  Roblox - Ragdoll King [qBKH09o-0lg]
⏱️ Segmento/Index: 10
──────────────────────────────────────────────────
Fala transcrita:
""Empurra a menininha! Empurra a menininha! Empurra todo mundo! Ai! Ai! Eu peguei o barate! Eu peguei o barate! Eu peguei a coroa! Eu estou bravo agora! Vou voltar porque eu estou bravo! Não, Mordinha! Eu vou ganhar a coroa! Eu quero ganhar porque eu corro mais! Eu corro mais rápido porque eu cheguei primeiro! Porque a coroa é minha! Não é sua não! Não, a coroa é minha! Eu vou chegar primeiro! Vou chegar primeiro! E vou empurrar a mantinha! Não! Peguei a coroa! Agora eu peguei a coroa! Eu peguei agora! Eu peguei agora! Ai! Eu seguro?""",Avaliador_E,Avaliador_F
11,"De espada não vai dar certo, não, e agora, pô, como que eu vou... Ah, eu já sei, pô, vou colocar em pratica, o Zé Pônia me ensinou, ele falou que é só imaginar as coisas, vou montar aqui nessa craft teva, um copo, e vou prestar também de fita pra amarrar a dinamite e também fogo, né, porque a dinamite tem fogo na dinamite, deixa eu ver, oxi, foi um arma, eu quero arma, eu quero dinamite, pera aí, uma preda, um fita, fita, fita, fita pra amarrar a corda, pra amarrar a dinamite e também um parril, isso, um parril pra botar na dinamite e aqui a dinamite, ó, por favor, segura aqui seu zumbi, essa dinamite pra mim tem que segurar, segura aí, pô, arma lisa, é, aah, meu Deus do céu. Meu Deus do céu. Consegui escapar, mano, matei o zumbi e tudo, é isso, mas ele matou o Zé Pônia, pô, como é que pode, o Zé Pônia tava me ajudando e tudo, aah, meu Deus do céu.",0.0980397835373878,0.8652681708335876,0.0366920158267021,NEU,0.2511497437953949,0.0022733104415237,0.0197124611586332,0.0014327651588246,0.0087035726755857,0.0822037234902381,0.0035067328717559,0.24603334,meu nome é david,Roblox,MINECRAFT NA VIDA REAL [ObvELdAZn-I],,GZ,GZ,GZ,"🎬 Canal: meu nome é david | 🎥 Vídeo: MINECRAFT NA VIDA REAL [ObvELdAZn-I]
⏱️ Segmento/Index: 11
──────────────────────────────────────────────────
Fala transcrita:
""De espada não vai dar certo, não, e agora, pô, como que eu vou... Ah, eu já sei, pô, vou colocar em pratica, o Zé Pônia me ensinou, ele falou que é só imaginar as coisas, vou montar aqui nessa craft teva, um copo, e vou prestar também de fita pra amarrar a dinamite e também fogo, né, porque a dinamite tem fogo na dinamite, deixa eu ver, oxi, foi um arma, eu quero arma, eu quero dinamite, pera aí, uma preda, um fita, fita, fita, fita pra amarrar a corda, pra amarrar a dinamite e também um parril, isso, um parril pra botar na dinamite e aqui a dinamite, ó, por favor, segura aqui seu zumbi, essa dinamite pra mim tem que segurar, segura aí, pô, arma lisa, é, aah, meu Deus do céu. Meu Deus do céu. Consegui escapar, mano, matei o zumbi e tudo, é isso, mas ele matou o Zé Pônia, pô, como é que pode, o Zé Pônia tava me ajudando e tudo, aah, meu Deus do céu.""",Avaliador_E,Avaliador_F
1,"O Hugwug tem 4 blocos e meio de altura. Então acho que uma pedra com uma laje vai funcionar. Ele não vai conseguir pular. Eu só vou colocar uma plaquinha aqui. Dentro das portas de ferro, escondi meus diamantes. Será que o Hugwug vai acreditar? Ah, se ele acreditar, ele é muito burro. Ih, ih, peraí, ele tá vindo. O Hugwug tá chegando e eu tô só observando ele. E ele parou pra olhar a placa e viu as portas. Será que ele vai ir? Ah, não. Ah, não, ele vai entrar ali mesmo. Ele ficou preso! Funcionou, galera! Eu não acredito que ele caiu nisso. E aparentemente o Hugwug esqueceu de trazer picareta. Vamos colocar blocos aqui ao redor. Aí, boa, perfeito. Hugwug preso. Mas esse aqui é só o primeiro de 12 monstros que querem roubar meus diamantes. O azul está vindo. Ele é um pouco mais inteligente que o Hugwug. Mas eu acabei de perceber uma coisa onde eu guardo meus diamantes. Eles estão em um baú embrulhado pra presente. Eu acho que é por isso que os mobs querem roubar meus diamantes.",0.5826203227043152,0.3823834359645843,0.034996286034584,NEG,0.2898415327072143,0.0008111846982501,0.0149476695805788,0.0012190331472083,0.1514307260513305,0.0023140250705182,0.0006219642818905,0.35186127,Athos,Minecraft,12 Jeitos de Proteger Diamantes dos Monstros no Minecraft [9R-bt2WsBt8],,GZ,GZ,GZ,"🎬 Canal: Athos | 🎥 Vídeo: 12 Jeitos de Proteger Diamantes dos Monstros no Minecraft [9R-bt2WsBt8]
⏱️ Segmento/Index: 1
──────────────────────────────────────────────────
Fala transcrita:
""O Hugwug tem 4 blocos e meio de altura. Então acho que uma pedra com uma laje vai funcionar. Ele não vai conseguir pular. Eu só vou colocar uma plaquinha aqui. Dentro das portas de ferro, escondi meus diamantes. Será que o Hugwug vai acreditar? Ah, se ele acreditar, ele é muito burro. Ih, ih, peraí, ele tá vindo. O Hugwug tá chegando e eu tô só observando ele. E ele parou pra olhar a placa e viu as portas. Será que ele vai ir? Ah, não. Ah, não, ele vai entrar ali mesmo. Ele ficou preso! Funcionou, galera! Eu não acredito que ele caiu nisso. E aparentemente o Hugwug esqueceu de trazer picareta. Vamos colocar blocos aqui ao redor. Aí, boa, perfeito. Hugwug preso. Mas esse aqui é só o primeiro de 12 monstros que querem roubar meus diamantes. O azul está vindo. Ele é um pouco mais inteligente que o Hugwug. Mas eu acabei de perceber uma coisa onde eu guardo meus diamantes. Eles estão em um baú embrulhado pra presente. Eu acho que é por isso que os mobs querem roubar meus diamantes.""",Avaliador_E,Avaliador_F
26,se eu perdi a chave eu vou ficar muito chata não não pera vou ficar muito chateada vou ficar muito chateada ai gente essa foi boa essa foi muito boa eu falei muita chave galera que daí ficou chata na minha cabeça entendeu ai ai ai suguro tem umas setas verde tem umas setas verde tem um raio ahhh obrigada vai ter um raio amarelo pra você em tua direção entendeu mamis vamos achar a chave ta tudo tranquilo ta tudo ótimo ta tudo bem entendeu daí aqui cadê a porta achei achei abre abre de sésamo ai eu vi que tinha bicho aqui aaaaaaa sucoo sucoo bicho,0.598840594291687,0.1561833769083023,0.2449760735034942,NEG,0.6397100687026978,0.0099052162840962,0.0619149133563041,0.0077921217307448,0.0411906242370605,0.0038759817834943,0.0290905479341745,0.37795907,Julia MineGirl,Roblox,Roblox - O ROUBO MAIS DIFÍCIL Castle Heist Adventure [njRpQ7CvBqE],,GZ,GZ,GZ,"🎬 Canal: Julia MineGirl | 🎥 Vídeo: Roblox - O ROUBO MAIS DIFÍCIL Castle Heist Adventure [njRpQ7CvBqE]
⏱️ Segmento/Index: 26
──────────────────────────────────────────────────
Fala transcrita:
""se eu perdi a chave eu vou ficar muito chata não não pera vou ficar muito chateada vou ficar muito chateada ai gente essa foi boa essa foi muito boa eu falei muita chave galera que daí ficou chata na minha cabeça entendeu ai ai ai suguro tem umas setas verde tem umas setas verde tem um raio ahhh obrigada vai ter um raio amarelo pra você em tua direção entendeu mamis vamos achar a chave ta tudo tranquilo ta tudo ótimo ta tudo bem entendeu daí aqui cadê a porta achei achei abre abre de sésamo ai eu vi que tinha bicho aqui aaaaaaa sucoo sucoo bicho""",Avaliador_E,Avaliador_F
75,"Ó, eu tenho que focar lá os encantador, família. Eles são os mais fortes. Vou morrer, vou morrer, vou morrer. Caraca, caraca. Caraca, saí no pinote. Meu senhor Jesus, velho. Corre. Corre que eu tô morrendo. Nossa, tomei poção de vida. Nossa, agora foi pedrada ali, hein, galera. Quase morri. Sai, sai, sai. Acho que o Kawei tá fazendo live também, né, Pokão? Peraí, ó, eu já sei o que eu vou fazer. Galera, essa pena eu não tô usando tanto. Eu vou trocar. Eu vou trocar. Peraí. Calma aí, galera, ó, eu vou fazer o seguinte. Eu vou colocar isso aqui no lugar da pena. Qual que é esse aqui? Esse aqui é aquele tiro explosivo, tá ligado? É esse aí, ó. Acabaram de ver ele em ação. Chama o lobo. Vem pro fight, vem pro fight. Nossa, olha os bichos gigantes aqui. Mano, os bichos dão muito dano. Corre, corre.",0.1131601855158805,0.4063376486301422,0.4805022478103637,POS,0.6951210498809814,0.0044185165315866,0.0747724622488021,0.00262345909141,0.0526014864444732,0.0323966369032859,0.0125812338665127,0.36095104,AuthenticGames,Minecraft,NOVOS ITENS NO MINECRAFT DUNGEONS  Novo Minecraft [im8Gi_xYEgE],,GZ,GZ,GZ,"🎬 Canal: AuthenticGames | 🎥 Vídeo: NOVOS ITENS NO MINECRAFT DUNGEONS  Novo Minecraft [im8Gi_xYEgE]
⏱️ Segmento/Index: 75
──────────────────────────────────────────────────
Fala transcrita:
""Ó, eu tenho que focar lá os encantador, família. Eles são os mais fortes. Vou morrer, vou morrer, vou morrer. Caraca, caraca. Caraca, saí no pinote. Meu senhor Jesus, velho. Corre. Corre que eu tô morrendo. Nossa, tomei poção de vida. Nossa, agora foi pedrada ali, hein, galera. Quase morri. Sai, sai, sai. Acho que o Kawei tá fazendo live também, né, Pokão? Peraí, ó, eu já sei o que eu vou fazer. Galera, essa pena eu não tô usando tanto. Eu vou trocar. Eu vou trocar. Peraí. Calma aí, galera, ó, eu vou fazer o seguinte. Eu vou colocar isso aqui no lugar da pena. Qual que é esse aqui? Esse aqui é aquele tiro explosivo, tá ligado? É esse aí, ó. Acabaram de ver ele em ação. Chama o lobo. Vem pro fight, vem pro fight. Nossa, olha os bichos gigantes aqui. Mano, os bichos dão muito dano. Corre, corre.""",Avaliador_E,Avaliador_F
8,"Começa logo! Estou esperando! Estou esperando junto com vocês! Aqui é final! Tá mudando de cor a tela! Mas por que não vai logo? Fica mudando a boca dele! Mas o jogo não entra! Eu vou contar até 10! Se não entrar eu vou trocar! 1 2 3 4 5 6 7 8 9 10 Ah, não entrou! Bacaria de jogo! Deixa eu tentar esse! Diz que está em construção esse... Vamos ver! Vamos ver se entra pelo menos! Posso estar brigando com o jogo, mas talvez seja a minha internet!",0.2749440670013428,0.6573635339736938,0.0676923766732215,NEU,0.2822163999080658,0.0039558014832437,0.0488108024001121,0.0029638698324561,0.0293948892503976,0.004781256429851,0.0072332052513957,0.22311419,Papile,Roblox,VIVENDO COMO SORVETEIRO ROD DO ICE SCREAM no ROBLOX [NFQt4xDH_1g],,GZ,GZ,GZ,"🎬 Canal: Papile | 🎥 Vídeo: VIVENDO COMO SORVETEIRO ROD DO ICE SCREAM no ROBLOX [NFQt4xDH_1g]
⏱️ Segmento/Index: 8
──────────────────────────────────────────────────
Fala transcrita:
""Começa logo! Estou esperando! Estou esperando junto com vocês! Aqui é final! Tá mudando de cor a tela! Mas por que não vai logo? Fica mudando a boca dele! Mas o jogo não entra! Eu vou contar até 10! Se não entrar eu vou trocar! 1 2 3 4 5 6 7 8 9 10 Ah, não entrou! Bacaria de jogo! Deixa eu tentar esse! Diz que está em construção esse... Vamos ver! Vamos ver se entra pelo menos! Posso estar brigando com o jogo, mas talvez seja a minha internet!""",Avaliador_E,Avaliador_F
10,"Eu tenho a gangorra. Vou colocar ela aqui nessa. Boa. Davi, vamos brincar. Cadê você? Calma aí, calma aí. Está aqui, está aqui. Olha só, eu tenho aqui uma... Ele está aqui. Coloca aí na árvore. Nossa, que legal. Calma aí. Eu vou botar aqui alguns balanços aqui. É uma festa. É uma festa. Tem muitos... Ah, que é isso? Que que é isso? Tem um zumbi aqui. Corre para casa. Corre, filho, para casa. Corre, corre, corre. Fecha a porta, fecha a porta. O fulé é muito forte. O que foi? O que foi isso? O que está acontecendo aqui, meu? Olhem pela janela. É um zumbi mutante. A gente tem que acabar com ele. Ele não pode estragar o nosso dia. Sobe, Beto. Vamos colocar a nossa armadura. Vem, Davi. Eu estou indo, Robin. Fica calmo. Meu, que coisa estranha. Do nada um zumbi. A gente estava preparando a nossa casa para o dia das crianças. Construindo um parque, colocando vários brinquedos aqui na frente. E de repente um zumbi mutante enorme apareceu para nos atacar e destruir tudo. Mas isso não vai ficar assim.",0.1101050227880477,0.8025602698326111,0.0873347222805023,NEU,0.3168044984340668,0.0008769434061832,0.0266843736171722,0.0007172637851908,0.0543122105300426,0.0726327523589134,0.0020877299830317,0.2330714,Robin Hood Gamer,Minecraft,AO VIVO FAMÍLIA ARQUEIRA NO DIA DAS CRIANÇAS NO MINECRAFT [KH7OGnqwN8U],,GZ,GZ,GZ,"🎬 Canal: Robin Hood Gamer | 🎥 Vídeo: AO VIVO FAMÍLIA ARQUEIRA NO DIA DAS CRIANÇAS NO MINECRAFT [KH7OGnqwN8U]
⏱️ Segmento/Index: 10
──────────────────────────────────────────────────
Fala transcrita:
""Eu tenho a gangorra. Vou colocar ela aqui nessa. Boa. Davi, vamos brincar. Cadê você? Calma aí, calma aí. Está aqui, está aqui. Olha só, eu tenho aqui uma... Ele está aqui. Coloca aí na árvore. Nossa, que legal. Calma aí. Eu vou botar aqui alguns balanços aqui. É uma festa. É uma festa. Tem muitos... Ah, que é isso? Que que é isso? Tem um zumbi aqui. Corre para casa. Corre, filho, para casa. Corre, corre, corre. Fecha a porta, fecha a porta. O fulé é muito forte. O que foi? O que foi isso? O que está acontecendo aqui, meu? Olhem pela janela. É um zumbi mutante. A gente tem que acabar com ele. Ele não pode estragar o nosso dia. Sobe, Beto. Vamos colocar a nossa armadura. Vem, Davi. Eu estou indo, Robin. Fica calmo. Meu, que coisa estranha. Do nada um zumbi. A gente estava preparando a nossa casa para o dia das crianças. Construindo um parque, colocando vários brinquedos aqui na frente. E de repente um zumbi mutante enorme apareceu para nos atacar e destruir tudo. Mas isso não vai ficar assim.""",Avaliador_E,Avaliador_F
12,"Eu acho que ele fez alguma coisa pra eu não conseguir atirar nele Ai, eu vou falar com ele, não importa Ô, jogador! Ai, quem é você? Não, eu sou um esqueleto que segura a espada Se você não falar comigo, eu vou te dar espadada E o que você quer? Eu quero ver se a minha flecha, eu consigo acertar ela em ti Ah, consegui! É só isso que você veio fazer aqui? Claro, eu vim pegar contigo! Não, calma, calma, calma Calma, não vamos se atacar Tem até uma coisa melhor Eu tô procurando o raio X Eu quero analisar meus ossos porque, acredite ou não, eu não era um esqueleto Eu morri, meus amigos me mataram Deixa eu até tirar essa armadura pra você ver melhor Aqui, até vou tirar o capacete Ai, ai, não, tô queimando, tô queimando, não Não, não, não, deixa pra água O capacete eu não posso tirar porque é dia Então, eu tô procurando o raio X pra eu descobrir qual é o meu problema E como eu faço pra voltar a ter um corpo? Raio X, eu acho que eu tenho alguma coisa no baú aqui É, eu preciso ir pro hospital, sabe? Hospital? Eu tenho exatamente isso Isso, deixa eu ver Localização do hospital pra você Ah, perfeito Eu não consigo pegar ela!",0.2402144968509674,0.7023776173591614,0.0574079155921936,NEU,0.8321837782859802,0.0143771115690469,0.0548439584672451,0.0047278911806643,0.0432246588170528,0.0699920728802681,0.0227525345981121,0.47886392,Athos,Minecraft,ATHOS VIROU ESQUELETO NO MINECRAFT [b87av7af748],,T,T,T,"🎬 Canal: Athos | 🎥 Vídeo: ATHOS VIROU ESQUELETO NO MINECRAFT [b87av7af748]
⏱️ Segmento/Index: 12
──────────────────────────────────────────────────
Fala transcrita:
""Eu acho que ele fez alguma coisa pra eu não conseguir atirar nele Ai, eu vou falar com ele, não importa Ô, jogador! Ai, quem é você? Não, eu sou um esqueleto que segura a espada Se você não falar comigo, eu vou te dar espadada E o que você quer? Eu quero ver se a minha flecha, eu consigo acertar ela em ti Ah, consegui! É só isso que você veio fazer aqui? Claro, eu vim pegar contigo! Não, calma, calma, calma Calma, não vamos se atacar Tem até uma coisa melhor Eu tô procurando o raio X Eu quero analisar meus ossos porque, acredite ou não, eu não era um esqueleto Eu morri, meus amigos me mataram Deixa eu até tirar essa armadura pra você ver melhor Aqui, até vou tirar o capacete Ai, ai, não, tô queimando, tô queimando, não Não, não, não, deixa pra água O capacete eu não posso tirar porque é dia Então, eu tô procurando o raio X pra eu descobrir qual é o meu problema E como eu faço pra voltar a ter um corpo? Raio X, eu acho que eu tenho alguma coisa no baú aqui É, eu preciso ir pro hospital, sabe? Hospital? Eu tenho exatamente isso Isso, deixa eu ver Localização do hospital pra você Ah, perfeito Eu não consigo pegar ela!""",Avaliador_E,Avaliador_F
11,"Vida louca! Mami, esse jogo tá meio fácil, viu? Tô me sentindo hoje! Eu caí no sorvete e não morri! O que? Lula, joga lá pra ver, luluca! Pode se jogar? Você já passou no checkpoint? Não tem... Calma, calma! Primeiro deixa eu passar no checkpoint aí! Tô passando, checkpoint! Ok, peguei! Se voltar eu vou matar no sorvete! Vem, vem! Pera aí! Sorvete tete você! Oh! Eu consegui ficar um tempo! Eu pulei três vezes dentro do sorvete azul! E aí, o que você fez? Aí eu passei pra cá! Peraí! Oh! Viu isso? Viu? Falei que dá! Não pode segurar o pé de zicula! É, não pode! Mas vamos acabar, agora a gente tem que... Achei legal, hein? Achei legal! Let's go! Sabe o que ele falou? Oh! Oh! My! God!",0.132267341017723,0.677675187587738,0.1900575011968612,NEU,0.506239652633667,0.0019044608343392,0.0792212635278701,0.0008517461828887,0.0498917438089847,0.018578240647912,0.0046516358852386,0.37458646,Luluca Games,Roblox,Roblox - ESCAPAMOS DA SORVETERIA MALUCA Escape The Ice Cream Obby  Luluca Games [2XXK8RDBgn0],0.1322672367095947,GZ,GZ,GZ,"🎬 Canal: Luluca Games | 🎥 Vídeo: Roblox - ESCAPAMOS DA SORVETERIA MALUCA Escape The Ice Cream Obby  Luluca Games [2XXK8RDBgn0]
⏱️ Segmento/Index: 11
──────────────────────────────────────────────────
Fala transcrita:
""Vida louca! Mami, esse jogo tá meio fácil, viu? Tô me sentindo hoje! Eu caí no sorvete e não morri! O que? Lula, joga lá pra ver, luluca! Pode se jogar? Você já passou no checkpoint? Não tem... Calma, calma! Primeiro deixa eu passar no checkpoint aí! Tô passando, checkpoint! Ok, peguei! Se voltar eu vou matar no sorvete! Vem, vem! Pera aí! Sorvete tete você! Oh! Eu consegui ficar um tempo! Eu pulei três vezes dentro do sorvete azul! E aí, o que você fez? Aí eu passei pra cá! Peraí! Oh! Viu isso? Viu? Falei que dá! Não pode segurar o pé de zicula! É, não pode! Mas vamos acabar, agora a gente tem que... Achei legal, hein? Achei legal! Let's go! Sabe o que ele falou? Oh! Oh! My! God!""",Avaliador_E,Avaliador_F
13,"Caramba. Chato. Mas não tava muito longe daqui não, K.R. Tava não, não tava não. Nossa, deixa eu fazer um pouquinho de back, que eu tô cheio de lixo aqui. Eu também tô. Tem alguma outra estrutura terra... Terreno aí? Hum, não. Só tem o templo e essa daí. Agora são duas do nether. É duas aqui, duas no nether e o stronghold, né? Beleza, galera. A gente vai fazer um portalzinho aqui. E a gente já volta. Beleza, galera! Conseguimos aqui fazer o portal. Agora a gente vai pro portal e fazer a estrutura lá. Vamos lá. A gente precisa de um monte de coisa, um negócio assim chato. A gente precisa disso aqui. Deixa eu ver aqui o que a gente precisa. Ih rapaz, nem esse não. E precisa, e precisa fazer estrutura? Olha ela aqui. Nascemos do lado da estrutura, velho. Como assim? Vamos lá, velho. Então, que sorte. Ai, a gente não precisa, velho. Olha isso, mano. Meu Deus. Como assim, cara? Que sorte, acho que a gente precisa desse bloco aqui também, ó. Pedra negra. Preciso de cinco pedra negra. Preciso dessa... É um netherrack mais vermelho. Não é um netherrack desse aqui comum. Não? Não é esse netherrack aqui. É uma pedra vermelha mais forte, sabe? Eu não lembro, eu não sei como é que é o nome dessa pedra ali.",0.9583699107170104,0.033469308167696,0.0081607066094875,NEG,0.3342882096767425,0.0059599722735583,0.0537673942744731,0.0043592494912445,0.0464525148272514,0.0051695401780307,0.0073917224071919,0.39441586,Kass e KR,Minecraft,Posso CRIAR ESTRUTURAS no Minecraft [aV9uPovI15w],,GZ,GZ,GZ,"🎬 Canal: Kass e KR | 🎥 Vídeo: Posso CRIAR ESTRUTURAS no Minecraft [aV9uPovI15w]
⏱️ Segmento/Index: 13
──────────────────────────────────────────────────
Fala transcrita:
""Caramba. Chato. Mas não tava muito longe daqui não, K.R. Tava não, não tava não. Nossa, deixa eu fazer um pouquinho de back, que eu tô cheio de lixo aqui. Eu também tô. Tem alguma outra estrutura terra... Terreno aí? Hum, não. Só tem o templo e essa daí. Agora são duas do nether. É duas aqui, duas no nether e o stronghold, né? Beleza, galera. A gente vai fazer um portalzinho aqui. E a gente já volta. Beleza, galera! Conseguimos aqui fazer o portal. Agora a gente vai pro portal e fazer a estrutura lá. Vamos lá. A gente precisa de um monte de coisa, um negócio assim chato. A gente precisa disso aqui. Deixa eu ver aqui o que a gente precisa. Ih rapaz, nem esse não. E precisa, e precisa fazer estrutura? Olha ela aqui. Nascemos do lado da estrutura, velho. Como assim? Vamos lá, velho. Então, que sorte. Ai, a gente não precisa, velho. Olha isso, mano. Meu Deus. Como assim, cara? Que sorte, acho que a gente precisa desse bloco aqui também, ó. Pedra negra. Preciso de cinco pedra negra. Preciso dessa... É um netherrack mais vermelho. Não é um netherrack desse aqui comum. Não? Não é esse netherrack aqui. É uma pedra vermelha mais forte, sabe? Eu não lembro, eu não sei como é que é o nome dessa pedra ali.""",Avaliador_E,Avaliador_F
3,"Aí eu vim pra trás dessa caixa aqui Pra esperar a movimentação do squad inimigo E eu pensei que eu ia ficar sozinha aqui Mas quando eu me dei conta O meu squad estava todo comigo aqui na base Sena linda de união no free fry E eu acabei de decretar que essa moleque Essa moleque A partir de hoje é a minha melhor amiga Vai BFF, me ajuda a atirar aí por favor Me ajuda a atirar, como é que é a atira de USP?",0.0204332061111927,0.1005704030394554,0.8789963722229004,POS,0.7246162295341492,0.0050623249262571,0.0419535562396049,0.0025850243400782,0.0331600122153759,0.058080181479454,0.0101079195737838,0.27412915,Amy Scarlet,Roblox,EU FINGI SER UM BOT [KL-ePj0xPrY],,GZ,GZ,GZ,"🎬 Canal: Amy Scarlet | 🎥 Vídeo: EU FINGI SER UM BOT [KL-ePj0xPrY]
⏱️ Segmento/Index: 3
──────────────────────────────────────────────────
Fala transcrita:
""Aí eu vim pra trás dessa caixa aqui Pra esperar a movimentação do squad inimigo E eu pensei que eu ia ficar sozinha aqui Mas quando eu me dei conta O meu squad estava todo comigo aqui na base Sena linda de união no free fry E eu acabei de decretar que essa moleque Essa moleque A partir de hoje é a minha melhor amiga Vai BFF, me ajuda a atirar aí por favor Me ajuda a atirar, como é que é a atira de USP?""",Avaliador_E,Avaliador_F
1,"Já que vamos enfrentar Endermans Mutantes antes do desafio do Enderman de Lucky Blocks, é melhor a gente se preparar. E aqui na parte de cima da nossa casa tem alguns itens especiais. Tem uma espada de ferro com afiação 2 e um arco super encantado que tem flechas infinitas. Faísca, tudo bem com você? Eu espero que esteja tudo bem, pois hoje eu vou correr um grande perigo aqui junto com o Davi. Vamos enfrentar Endermans Mutantes e depois iremos enfrentar o desafio Enderman de Lucky Blocks. Olha só, a faísca tá aqui, cala aí. O Rominho não tá vendo nada, eu vou roubar a faísca dele. Que história é essa de roubar a faísca, Davi? Melhor deixar ela aqui no quarto, porque se não ela vai correr perigo nesse desafio. Então vai pra lá que eu vou me preparar aqui agora. Minha espada tá aqui, minha armadura de Capitão Vaca, meu arco. Vai ser muito fera enfrentar Endermans Mutantes. Davi, tem um problema aqui! Você mexeu na minha porta e agora eu não tô conseguindo sair da minha... da minha casa. O que aconteceu aí? Ah, quebrei a porta e agora tudo foi resolvido.",0.030061712488532,0.8387220501899719,0.131216213107109,NEU,0.0157803315669298,0.0013625887222588,0.0155272232368588,0.0012068034848198,0.0142280487343668,0.0038718471769243,0.0008196923299692,0.13561769,Robin Hood Gamer,Minecraft,SOBREVIVA AO DESAFIO DO ENDERMAN DE LUCKY BLOCK PRETO NO MINECRAFT [HPdnEAFYWlY],,NT,NT,NT,"🎬 Canal: Robin Hood Gamer | 🎥 Vídeo: SOBREVIVA AO DESAFIO DO ENDERMAN DE LUCKY BLOCK PRETO NO MINECRAFT [HPdnEAFYWlY]
⏱️ Segmento/Index: 1
──────────────────────────────────────────────────
Fala transcrita:
""Já que vamos enfrentar Endermans Mutantes antes do desafio do Enderman de Lucky Blocks, é melhor a gente se preparar. E aqui na parte de cima da nossa casa tem alguns itens especiais. Tem uma espada de ferro com afiação 2 e um arco super encantado que tem flechas infinitas. Faísca, tudo bem com você? Eu espero que esteja tudo bem, pois hoje eu vou correr um grande perigo aqui junto com o Davi. Vamos enfrentar Endermans Mutantes e depois iremos enfrentar o desafio Enderman de Lucky Blocks. Olha só, a faísca tá aqui, cala aí. O Rominho não tá vendo nada, eu vou roubar a faísca dele. Que história é essa de roubar a faísca, Davi? Melhor deixar ela aqui no quarto, porque se não ela vai correr perigo nesse desafio. Então vai pra lá que eu vou me preparar aqui agora. Minha espada tá aqui, minha armadura de Capitão Vaca, meu arco. Vai ser muito fera enfrentar Endermans Mutantes. Davi, tem um problema aqui! Você mexeu na minha porta e agora eu não tô conseguindo sair da minha... da minha casa. O que aconteceu aí? Ah, quebrei a porta e agora tudo foi resolvido.""",Avaliador_E,Avaliador_F
5,"Tamo rico! Tamo rico, Eduarda! Tamo rico! Meu Deus, eu tô enxergando nada, meu filho, calma aí Mano, eu lanço um raio, olha isso, eu transformo... Olha como esse village é ostentação, olha a casa dele, Eduarda Caraca aí! Mano, agora eu queria ser um village, de verdade, olha a casa do maluco, mano Eu consigo acertar alguém assim? Não Consigo! Eu acertei a ovelha, ela virou... Uma esmeralda Que loucura Meu Deus Deixa eu te perguntar uma coisa, cadê os outros itens? Não, tá aqui, ó! Relaxa, filho, ó, ele foi o único... Olha, furo Rapaz, ele foi o único que sobreviveu, tá tudo certo Eduarda, vou fazer o de lava agora Faz o de lava, faz o de lava Porque eu tô com medo, eu tenho que fazer o de lava, vamos fazer o de lava Ó, vou até me afastar um pouco Meu Deus, tá Meu Deus do céu Vamos... Vamos vir pra cá? É, vamos se afastar, né? Porque é bem perigoso Vamos... Vamos... Aiaiaiai! Meu Deus, corre! Que isso? É o de lava, Eduarda, o que que tá acontecendo? Eu vou morrer! Aaaaaaah!",0.1551152169704437,0.5906468033790588,0.254237949848175,NEU,0.4855551421642303,0.0067801857367157,0.0553749166429042,0.0032380879856646,0.0356029160320758,0.0115289157256484,0.0086287865415215,0.24603334,Marcelodrv,Minecraft,MINECRAFT mas podemos fazer MÃOS CUSTOMIZADAS [NrQLEh7EWqU],,GZ,GZ,GZ,"🎬 Canal: Marcelodrv | 🎥 Vídeo: MINECRAFT mas podemos fazer MÃOS CUSTOMIZADAS [NrQLEh7EWqU]
⏱️ Segmento/Index: 5
──────────────────────────────────────────────────
Fala transcrita:
""Tamo rico! Tamo rico, Eduarda! Tamo rico! Meu Deus, eu tô enxergando nada, meu filho, calma aí Mano, eu lanço um raio, olha isso, eu transformo... Olha como esse village é ostentação, olha a casa dele, Eduarda Caraca aí! Mano, agora eu queria ser um village, de verdade, olha a casa do maluco, mano Eu consigo acertar alguém assim? Não Consigo! Eu acertei a ovelha, ela virou... Uma esmeralda Que loucura Meu Deus Deixa eu te perguntar uma coisa, cadê os outros itens? Não, tá aqui, ó! Relaxa, filho, ó, ele foi o único... Olha, furo Rapaz, ele foi o único que sobreviveu, tá tudo certo Eduarda, vou fazer o de lava agora Faz o de lava, faz o de lava Porque eu tô com medo, eu tenho que fazer o de lava, vamos fazer o de lava Ó, vou até me afastar um pouco Meu Deus, tá Meu Deus do céu Vamos... Vamos vir pra cá? É, vamos se afastar, né? Porque é bem perigoso Vamos... Vamos... Aiaiaiai! Meu Deus, corre! Que isso? É o de lava, Eduarda, o que que tá acontecendo? Eu vou morrer! Aaaaaaah!""",Avaliador_E,Avaliador_F
8,"Vem cá, vem cá, vem cá, vem cá, vem cá Vem cá que eu acho que eu tenho uma solução Eles não sabem que eu tenho um ovo de TNT Ai, não, ele veio, não Meu Deus do céu Eduardo, cadê você? Não tô nem te vendo Então é isso, galera, o vídeo vai ficando por aqui Espero que você que tá assistindo tenha gostado Aproveita e deixa o like aqui embaixo Também se inscreva no canal e ativa o sininho Pra não perder nenhum vídeo aqui desse canal maravilhoso O Eduardo também postou um vídeo, galera Tá aqui na descrição e também nos comentários Vai lá ver o canal dela Tem que deixar o like lá, hein Compartilhar também Segue também o Eduardo lá no Instagram Que tá aparecendo aqui na tela e também tá na descrição, galera Falta pouquinho pra gente chegar a 1 milhão de inscritos aqui no canal Então já vai compartilhando esse vídeo com 3 amigos seus Então é isso, galera, valeu Falou e tchau Eduardo, vamos fazer um Tira-O-Alvo aqui? Será que a gente consegue acertar essa abelha no ar? Será?",0.068302646279335,0.4626089036464691,0.4690883755683899,POS,0.0488617680966854,0.0035069196019321,0.041093360632658,0.0034863105975091,0.0246790144592523,0.0018604190554469,0.0023489447776228,0.19939905,Marcelodrv,Minecraft,MINECRAFT mas AS GALINHAS BOTAM OVOS CUSTOMIZADOS [9I7YQo0rK7o],,NT,NT,NT,"🎬 Canal: Marcelodrv | 🎥 Vídeo: MINECRAFT mas AS GALINHAS BOTAM OVOS CUSTOMIZADOS [9I7YQo0rK7o]
⏱️ Segmento/Index: 8
──────────────────────────────────────────────────
Fala transcrita:
""Vem cá, vem cá, vem cá, vem cá, vem cá Vem cá que eu acho que eu tenho uma solução Eles não sabem que eu tenho um ovo de TNT Ai, não, ele veio, não Meu Deus do céu Eduardo, cadê você? Não tô nem te vendo Então é isso, galera, o vídeo vai ficando por aqui Espero que você que tá assistindo tenha gostado Aproveita e deixa o like aqui embaixo Também se inscreva no canal e ativa o sininho Pra não perder nenhum vídeo aqui desse canal maravilhoso O Eduardo também postou um vídeo, galera Tá aqui na descrição e também nos comentários Vai lá ver o canal dela Tem que deixar o like lá, hein Compartilhar também Segue também o Eduardo lá no Instagram Que tá aparecendo aqui na tela e também tá na descrição, galera Falta pouquinho pra gente chegar a 1 milhão de inscritos aqui no canal Então já vai compartilhando esse vídeo com 3 amigos seus Então é isso, galera, valeu Falou e tchau Eduardo, vamos fazer um Tira-O-Alvo aqui? Será que a gente consegue acertar essa abelha no ar? Será?""",Avaliador_E,Avaliador_F
10,"Peraí, viu? Famas? Oxe, tu é doido, é? Meu Deus, não me livre, meu Deus, não me livre. Eu jogar de famas? Pra que que eu vou jogar de famas se eu tenho uma arma melhor do que a famas? Quem nunca jogou de clar, né? Ih, rapaz, já achei um gelin? Ah, meu Deus, já é meu dia de sorte. E ele acha que ele é quem? Eu sou o Mobile e faço gelin agachado. Já vou testar ali que é pra entender aí. Visca, mano, e quando ele vê esse gelin agachado ele vai se treinando todo dia, meu bom.",0.6283430457115173,0.3188488781452179,0.052808117121458,NEG,0.676051139831543,0.002900046762079,0.0491933114826679,0.0071966452524065,0.1054460406303405,0.0033422745764255,0.01259948592633,0.32074678,meu nome é david,Roblox,X1 DOS CRIAS NA VIDA REAL   SUPER COMPILADOS [j-FPKmfw-c8],,GZ,GZ,GZ,"🎬 Canal: meu nome é david | 🎥 Vídeo: X1 DOS CRIAS NA VIDA REAL   SUPER COMPILADOS [j-FPKmfw-c8]
⏱️ Segmento/Index: 10
──────────────────────────────────────────────────
Fala transcrita:
""Peraí, viu? Famas? Oxe, tu é doido, é? Meu Deus, não me livre, meu Deus, não me livre. Eu jogar de famas? Pra que que eu vou jogar de famas se eu tenho uma arma melhor do que a famas? Quem nunca jogou de clar, né? Ih, rapaz, já achei um gelin? Ah, meu Deus, já é meu dia de sorte. E ele acha que ele é quem? Eu sou o Mobile e faço gelin agachado. Já vou testar ali que é pra entender aí. Visca, mano, e quando ele vê esse gelin agachado ele vai se treinando todo dia, meu bom.""",Avaliador_E,Avaliador_F
3,"Eu sei! E Sofía, não esquece do outro braço não, tá bom, Sofía? Tá bom? Uhum. E Sofía, é pra pintar de verde, tá bom? Tá bom? Tá bom? Eu sei! A Mandinha, depois você não esquece de pintar de verde também não, tá, Mandinha? Tá bom! E a Mandinha, pra você é fácil lembrar, porque você é verde, né, Mandinha? Sim! Aí a Mandinha, como você é verde, não tem como esquecer porque essa você olha pra cor da sua roupinha, né? Isso! Aí, Mandinha, se você esquecer qual a cor dele é só pintar pro seu sapo, ele sabe o sapo, né? Sim, ele sabe. É que... Trapassa! Trapassa! Ô, Nath, você falou que ia ser sem cabeça e o seu tem cabeça, Nath, eu tô vendo a cabeça, Nath. Agora eu não quero mais com cabeça, eu quero ele bocudo. Bocudo, você vai fazer ele com bocão, Nath? Sim, com bocão enorme. Ô, Nath, eu só não coloco uma tromba nele porque ele não é elefante igual você, tá bom, Nath? Ah, eu queria! Não, Nath, porque o verde do Rainbow Friends, ele não tem tromba, tá bom? Tá bom? Não tem, não. Tá bom?",0.0993022546172142,0.7976358532905579,0.1030619069933891,NEU,0.4065095782279968,0.0035837232135236,0.0520996302366256,0.0032610388007014,0.0550406649708747,0.0141860824078321,0.0130595695227384,0.20265625,Lokis,Roblox,VERDE DESENHO NA PAREDE DO RAINBOW FRIENDS  Roblox - Spray Paint [Z0f5cwYKWZY],,GZ,GZ,GZ,"🎬 Canal: Lokis | 🎥 Vídeo: VERDE DESENHO NA PAREDE DO RAINBOW FRIENDS  Roblox - Spray Paint [Z0f5cwYKWZY]
⏱️ Segmento/Index: 3
──────────────────────────────────────────────────
Fala transcrita:
""Eu sei! E Sofía, não esquece do outro braço não, tá bom, Sofía? Tá bom? Uhum. E Sofía, é pra pintar de verde, tá bom? Tá bom? Tá bom? Eu sei! A Mandinha, depois você não esquece de pintar de verde também não, tá, Mandinha? Tá bom! E a Mandinha, pra você é fácil lembrar, porque você é verde, né, Mandinha? Sim! Aí a Mandinha, como você é verde, não tem como esquecer porque essa você olha pra cor da sua roupinha, né? Isso! Aí, Mandinha, se você esquecer qual a cor dele é só pintar pro seu sapo, ele sabe o sapo, né? Sim, ele sabe. É que... Trapassa! Trapassa! Ô, Nath, você falou que ia ser sem cabeça e o seu tem cabeça, Nath, eu tô vendo a cabeça, Nath. Agora eu não quero mais com cabeça, eu quero ele bocudo. Bocudo, você vai fazer ele com bocão, Nath? Sim, com bocão enorme. Ô, Nath, eu só não coloco uma tromba nele porque ele não é elefante igual você, tá bom, Nath? Ah, eu queria! Não, Nath, porque o verde do Rainbow Friends, ele não tem tromba, tá bom? Tá bom? Não tem, não. Tá bom?""",Avaliador_E,Avaliador_F
16,"Ah, Cadris, pera aí, rapidinho! Deixa eu só terminar de ajeitar aqui, aqui... Ah, não, não, NARU, para com isso! Que isso, NARU, eu vim aqui ver essa construção, você tacou lava nela! Eu não taquei lava nada, essa lava apareceu do nada! Assim como aquele negócio ali esquisito que tem uma assombração dentro! Uma assombração? Como assim uma assombração? É, entra aqui pra você ver, ó! Um bicho esquisito que tem ali dentro, ó lá, ó! Ah, esse daqui, nossa, esse daqui é muito fofo! Essa daqui é sua construção? Que? Fofo? É, olha só a carinha dele! Cadris, olha pra cá desse bicho! Bicho é feio demais, não é fofo, não! Ele é muito fofo a boquinha dele, nossa! Eu acho que as daqui você vai viver, você! Esse bicho aqui tá incrível, esse outro aqui tá horrível, né? Mas o outro lá tá incrível! Não, Cadris, o panda é o fofinho, Cadris! Não, o panda tá horrível, o panda me dá medo! Mas, ó, NARU, vem aqui! O panda te dá medo? Pra você ver, a minha construção, ela também ficou muito fofa, igual a sua! Cadris, que bicho é esse, Cadris?",0.9394814968109132,0.0519848987460136,0.0085335224866867,NEG,0.4118740260601043,0.0046291118487715,0.0500093102455139,0.0031724204309284,0.0515256933867931,0.0047581479884684,0.0095715783536434,0.29039988,Cadres,Minecraft,Usei MÃO DA WANDINHA PRONTA na BATALHA DE CONSTRUÇÃO do MINECRAFT [Bnj6Yj1UXrg],,GZ,GZ,GZ,"🎬 Canal: Cadres | 🎥 Vídeo: Usei MÃO DA WANDINHA PRONTA na BATALHA DE CONSTRUÇÃO do MINECRAFT [Bnj6Yj1UXrg]
⏱️ Segmento/Index: 16
──────────────────────────────────────────────────
Fala transcrita:
""Ah, Cadris, pera aí, rapidinho! Deixa eu só terminar de ajeitar aqui, aqui... Ah, não, não, NARU, para com isso! Que isso, NARU, eu vim aqui ver essa construção, você tacou lava nela! Eu não taquei lava nada, essa lava apareceu do nada! Assim como aquele negócio ali esquisito que tem uma assombração dentro! Uma assombração? Como assim uma assombração? É, entra aqui pra você ver, ó! Um bicho esquisito que tem ali dentro, ó lá, ó! Ah, esse daqui, nossa, esse daqui é muito fofo! Essa daqui é sua construção? Que? Fofo? É, olha só a carinha dele! Cadris, olha pra cá desse bicho! Bicho é feio demais, não é fofo, não! Ele é muito fofo a boquinha dele, nossa! Eu acho que as daqui você vai viver, você! Esse bicho aqui tá incrível, esse outro aqui tá horrível, né? Mas o outro lá tá incrível! Não, Cadris, o panda é o fofinho, Cadris! Não, o panda tá horrível, o panda me dá medo! Mas, ó, NARU, vem aqui! O panda te dá medo? Pra você ver, a minha construção, ela também ficou muito fofa, igual a sua! Cadris, que bicho é esse, Cadris?""",Avaliador_E,Avaliador_F
6,"Volta e dá um nesse pouquinho, tá atrás de tu aí, só de mal. Não, não deu, não deu. Que foi um golpe reversa. Reversa, reversa! Aí, ó, pega agora da frente. No ar, ó. Ah, não deu, não deu. Que trago, ó. Olha, x1, x1, eu e o samurai, vem. Toma! O samurai, vê? Ele não treinou com o mestre super dinamitration. Tá o dinamitron que treinou com o dinamitration. Ah... Vai, eita, aí ó, o famoso bloc-bloc. Tu quer que eu faça o quê com esse show-tigum verde, velho? Ele não é dinamitron, velho. Tu mata ele aí, mano. Tu pega ele, tá caindo no laser, aí vai ser épico, tá ligado? Tu pega ele no coração, volta ele para o lateral, mas tu tem que parar ele... Meu Deus! E menina, tu quer passar uma nervosa na força, é? Meu Deus, cadê ele? Foi de F já? Já, tô... Por que ele caiu? Porque ele não é dinamitron. Eu fui o primeiro que caiu, ó, de um ali, ó. Vai, vai, vai, eu quero ver... Elimina o povo, cara, elimina o povo, quero ver a agressividade. Tu é um cara muito pacífico, velho. Aqui, ó, ó, ó. Eu vou fingir que não vi.",0.5661858320236206,0.399209976196289,0.0346042364835739,NEG,0.405001699924469,0.0022932693827897,0.0307202786207199,0.0026625038590282,0.0644508376717567,0.018315739929676,0.0102194864302873,0.33338684,meu nome é david,Roblox,O DYNAMITRON TEM PODERES ESPECIAIS  DESAFIO DAS SKINS SPECIAIS NO STUMBLE GUYS [j_YgvR6mngA],,GZ,GZ,GZ,"🎬 Canal: meu nome é david | 🎥 Vídeo: O DYNAMITRON TEM PODERES ESPECIAIS  DESAFIO DAS SKINS SPECIAIS NO STUMBLE GUYS [j_YgvR6mngA]
⏱️ Segmento/Index: 6
──────────────────────────────────────────────────
Fala transcrita:
""Volta e dá um nesse pouquinho, tá atrás de tu aí, só de mal. Não, não deu, não deu. Que foi um golpe reversa. Reversa, reversa! Aí, ó, pega agora da frente. No ar, ó. Ah, não deu, não deu. Que trago, ó. Olha, x1, x1, eu e o samurai, vem. Toma! O samurai, vê? Ele não treinou com o mestre super dinamitration. Tá o dinamitron que treinou com o dinamitration. Ah... Vai, eita, aí ó, o famoso bloc-bloc. Tu quer que eu faça o quê com esse show-tigum verde, velho? Ele não é dinamitron, velho. Tu mata ele aí, mano. Tu pega ele, tá caindo no laser, aí vai ser épico, tá ligado? Tu pega ele no coração, volta ele para o lateral, mas tu tem que parar ele... Meu Deus! E menina, tu quer passar uma nervosa na força, é? Meu Deus, cadê ele? Foi de F já? Já, tô... Por que ele caiu? Porque ele não é dinamitron. Eu fui o primeiro que caiu, ó, de um ali, ó. Vai, vai, vai, eu quero ver... Elimina o povo, cara, elimina o povo, quero ver a agressividade. Tu é um cara muito pacífico, velho. Aqui, ó, ó, ó. Eu vou fingir que não vi.""",Avaliador_E,Avaliador_F
7,"Ela vai ficar lá em cima mesmo, segurando o ponto Aí eu fiquei esperando mais ainda ela aqui para ver se ela ia descer E nada de Lucrecia Ela não pulou, não fez nada, nada de Lucrecia Eu falei, vou me embora, vou me picar A safe está fechando Mas agora eu vou contar um mistério que vai deixar vocês muito assustados Eu vou voltar para uma parte do vídeo que ninguém percebeu nada E eu que só vim perceber quando vim editar o vídeo Então se liga, olha o que aconteceu quando eu pulei Olha o corpo de Lucrecia aqui no chão e eu não tinha percebido Eu só percebi agora depois que eu fui editar o vídeo, gente Eu to muito assustada Aí eu lembrei que no início do vídeo Eu tinha dado um murro de 72 na Lucrecia, gente Eu matei a Lucrecia E ela pulou comigo, ou seja, eu fui a pessoa que induziu ela ao suicídio Gente, eu to muito assustada Mas é aquilo, vida que segue, ela que lute Agora eu quero fazer o meu boiá para ganhar minha missão E cá estou eu como de costume andando no aberto Que é a coisa que eu mais amo fazer na minha vida Achar que eu sonjava ali, correndo aberto no mato E tava tudo bem até eu inventar de ir na zona amarela pra ver quem tava perto de mim Só curiosidade mesmo porque eu nem ia matar ninguém Eu cheguei lá e não é que tinha um pontinho vermelho Eu falei, olha, tem um marginal aqui, vou correr logo E foi aí que começou tudo a dar errado O pontinho vermelho tava se aproximando de mim, cara Eu falei, oh meu Deus, eu só vim ver, eu só vim fofocar Eu não quero, não, não, o pontinho vermelho se aproximando Fui aí que eu fui ao meu primeiro 150 Nessa hora você não sabe que é gelo agachado Você não sabe que é gelo deitado Você só sabe se segurar pra você não morrer Eu não tinha mais gelo, não tinha mais dignidade Eu não tinha mais nada Pra mim humilhação é isso, você tá se escondendo atrás de um árvore pra você não morrer E isso pra mim que é humilhação, né? Nem você morrer, você tá se escondendo atrás de um árvore Todo mundo sempre me disse na vida Se tiver em choque, liga pro Batman Não tinha telefoninho, não tinha nada, eu tava em choque Não tinha quem me socorresse Nessa hora não tinha um duo, não tinha um squad E toma 150, o menino tava errando num tiro, gente É nessas horas que eu me pergunto Por que é que eu jogo free fire? Vai passar raiva, vai ser humilhada?",0.1756296753883361,0.609947919845581,0.2144223600625991,NEU,0.5323365926742554,0.0144186178222298,0.051055546849966,0.0060987467877566,0.0446574725210666,0.0177435372024774,0.0137892924249172,0.20335422,Amy Scarlet,Roblox,Não use o portal do Free Fire [BwSrIqzeJVE],,GZ,GZ,GZ,"🎬 Canal: Amy Scarlet | 🎥 Vídeo: Não use o portal do Free Fire [BwSrIqzeJVE]
⏱️ Segmento/Index: 7
──────────────────────────────────────────────────
Fala transcrita:
""Ela vai ficar lá em cima mesmo, segurando o ponto Aí eu fiquei esperando mais ainda ela aqui para ver se ela ia descer E nada de Lucrecia Ela não pulou, não fez nada, nada de Lucrecia Eu falei, vou me embora, vou me picar A safe está fechando Mas agora eu vou contar um mistério que vai deixar vocês muito assustados Eu vou voltar para uma parte do vídeo que ninguém percebeu nada E eu que só vim perceber quando vim editar o vídeo Então se liga, olha o que aconteceu quando eu pulei Olha o corpo de Lucrecia aqui no chão e eu não tinha percebido Eu só percebi agora depois que eu fui editar o vídeo, gente Eu to muito assustada Aí eu lembrei que no início do vídeo Eu tinha dado um murro de 72 na Lucrecia, gente Eu matei a Lucrecia E ela pulou comigo, ou seja, eu fui a pessoa que induziu ela ao suicídio Gente, eu to muito assustada Mas é aquilo, vida que segue, ela que lute Agora eu quero fazer o meu boiá para ganhar minha missão E cá estou eu como de costume andando no aberto Que é a coisa que eu mais amo fazer na minha vida Achar que eu sonjava ali, correndo aberto no mato E tava tudo bem até eu inventar de ir na zona amarela pra ver quem tava perto de mim Só curiosidade mesmo porque eu nem ia matar ninguém Eu cheguei lá e não é que tinha um pontinho vermelho Eu falei, olha, tem um marginal aqui, vou correr logo E foi aí que começou tudo a dar errado O pontinho vermelho tava se aproximando de mim, cara Eu falei, oh meu Deus, eu só vim ver, eu só vim fofocar Eu não quero, não, não, o pontinho vermelho se aproximando Fui aí que eu fui ao meu primeiro 150 Nessa hora você não sabe que é gelo agachado Você não sabe que é gelo deitado Você só sabe se segurar pra você não morrer Eu não tinha mais gelo, não tinha mais dignidade Eu não tinha mais nada Pra mim humilhação é isso, você tá se escondendo atrás de um árvore pra você não morrer E isso pra mim que é humilhação, né? Nem você morrer, você tá se escondendo atrás de um árvore Todo mundo sempre me disse na vida Se tiver em choque, liga pro Batman Não tinha telefoninho, não tinha nada, eu tava em choque Não tinha quem me socorresse Nessa hora não tinha um duo, não tinha um squad E toma 150, o menino tava errando num tiro, gente É nessas horas que eu me pergunto Por que é que eu jogo free fire? Vai passar raiva, vai ser humilhada?""",Avaliador_E,Avaliador_F
29,"Olha o diamante, olha pra trás Tá, agora deu certo, jovem Escondem Pronto Estou escondido, deu certo Eu já Sai Eu já sai Eu já sai, já mergulhei aqui Pô, aqui Cronometrem então Agora conte dez minutos Então Estou contando dez minutos Saudades Deixa eu ver se eu estou bem camuflado aqui Calma um pouquinho pra direita Aqui eu consigo ver o Spock Se ele aparecer Estou vendo ele já E aí, hipocão? O que você está fazendo aí Perto da Redstone, velho? Tá no alto, velho Vou começar a denunciar essas coisas aí Estou no esconderijo Tá bom galera, eu vou parar de ficar falando E denunciando as coisas Ah, aproveitando pra lembrar Maninhos e maninhas que moram em Florianópolis Dia 4 de junho Eu estou aí em Florianópolis Com o Authentic Games O show vai ser no centro de convenções Centro-sul, então espero ver todos vocês lá Galera, vai aqui na descrição do vídeo Chama seu papai, mamãe, tia, mamãe Todo mundo Pra comprar seu ingresso e te levar lá No show do Authentic, que vai ser muito bacana Minha primeira vez em Florianópolis Ok?",0.0486856698989868,0.8212891817092896,0.130025178194046,NEU,0.0144971599802374,0.0036945552565157,0.0330705568194389,0.0028437112923711,0.0365841016173362,0.001724564936012,0.003378291381523,0.004775103,AuthenticGames,Minecraft,ESCONDE-ESCONDE de MINÉRIOS no MINECRAFT - FILME [vF2wvoc8Q84],,NT,NT,NT,"🎬 Canal: AuthenticGames | 🎥 Vídeo: ESCONDE-ESCONDE de MINÉRIOS no MINECRAFT - FILME [vF2wvoc8Q84]
⏱️ Segmento/Index: 29
──────────────────────────────────────────────────
Fala transcrita:
""Olha o diamante, olha pra trás Tá, agora deu certo, jovem Escondem Pronto Estou escondido, deu certo Eu já Sai Eu já sai Eu já sai, já mergulhei aqui Pô, aqui Cronometrem então Agora conte dez minutos Então Estou contando dez minutos Saudades Deixa eu ver se eu estou bem camuflado aqui Calma um pouquinho pra direita Aqui eu consigo ver o Spock Se ele aparecer Estou vendo ele já E aí, hipocão? O que você está fazendo aí Perto da Redstone, velho? Tá no alto, velho Vou começar a denunciar essas coisas aí Estou no esconderijo Tá bom galera, eu vou parar de ficar falando E denunciando as coisas Ah, aproveitando pra lembrar Maninhos e maninhas que moram em Florianópolis Dia 4 de junho Eu estou aí em Florianópolis Com o Authentic Games O show vai ser no centro de convenções Centro-sul, então espero ver todos vocês lá Galera, vai aqui na descrição do vídeo Chama seu papai, mamãe, tia, mamãe Todo mundo Pra comprar seu ingresso e te levar lá No show do Authentic, que vai ser muito bacana Minha primeira vez em Florianópolis Ok?""",Avaliador_E,Avaliador_F
17,"Sofía caiu Sofía caiu, sofía caiu Caiu Essa Sofía atrapalhada E agora como que ela vai voltar Não sei, tá bom O loquinho vai pulando Todos os quadradinhos Gente, vamos ficar juntinho pra gente ajudar os amiguinhos, né Espera, eu tô ensalada Vamos esperar todo mundo chegar Espera um pouquinho Ai, sabe, sabe, sabe Sabe, sabe, sabe, sabe Todo mundo sabe, sabe, sabe Sabe, sabe, sabe, sabe Sabe todo mundo Sabe no cabeção Ai, é assim que pode ajudar os amiguinhos Vai no buraquinho Na bolinha, na bolinha Vai, vai, pula Ai, ai Ae Me pulou, me pulou Não gostei Pula, o loquinho, pula, pula",0.3298276960849762,0.5799519419670105,0.0902203544974327,NEU,0.0601091496646404,0.0024893993977457,0.0315209329128265,0.0026945995632559,0.0337696224451065,0.0026322896592319,0.0035096416249871,0.11057663,Lokis,Roblox,QUEM PULA MAIS ALTO  Roblox - Jump Out The Hole [-b4exlEjRJw],,NT,NT,NT,"🎬 Canal: Lokis | 🎥 Vídeo: QUEM PULA MAIS ALTO  Roblox - Jump Out The Hole [-b4exlEjRJw]
⏱️ Segmento/Index: 17
──────────────────────────────────────────────────
Fala transcrita:
""Sofía caiu Sofía caiu, sofía caiu Caiu Essa Sofía atrapalhada E agora como que ela vai voltar Não sei, tá bom O loquinho vai pulando Todos os quadradinhos Gente, vamos ficar juntinho pra gente ajudar os amiguinhos, né Espera, eu tô ensalada Vamos esperar todo mundo chegar Espera um pouquinho Ai, sabe, sabe, sabe Sabe, sabe, sabe, sabe Todo mundo sabe, sabe, sabe Sabe, sabe, sabe, sabe Sabe todo mundo Sabe no cabeção Ai, é assim que pode ajudar os amiguinhos Vai no buraquinho Na bolinha, na bolinha Vai, vai, pula Ai, ai Ae Me pulou, me pulou Não gostei Pula, o loquinho, pula, pula""",Avaliador_E,Avaliador_F
21,"Espero que você não tenha ficado entediado, não, fiquei mais assim como posso dizer, assustado do que entediado né. O que? Anotações? Tarefas? Criaturas estranhas dos campos e da floresta? Eu certamente enviei pra você apenas uma carta e deixei apenas uma anotação na porta da frente antes de você chegar. Você provavelmente teve um pesadelo de algum tipo e eu não culpo você. Realmente é um pouco assustador aqui às vezes. Especialmente quando você está sozinho. Bem você não precisa mais se preocupar com isso. Que tal se eu fizer um pouco de café da manhã pra gente e dar um tour pra você pela propriedade? Pode ser tio, pode ser. Espero que você esteja pronto para a diversão de verão. Eu estou pronto tio. Ending 2. Eu fiz o, galera eu fiz o final 2. Então quer dizer que tem o final 1 que eu não fiz. Será que o final 1 seria aquele quando eu abri, quando eu, aliás quando eu tranquei as portas na ordem errada? Porque nessa segunda play que eu fiz eu tranquei na ordem certa né? Aí eu fiz o final 2.",0.2938913702964782,0.5689932107925415,0.137115404009819,NEU,0.004094807896763,0.0001762873434927,0.0047438777983188,0.0001704641617834,0.0033534006215631,0.0001893617591122,0.0001576665526954,0.17631748,Tex HS,Roblox,fui passar a SEXTA DO TERROR na fazenda assombrada do meu tio [eqlttFPO1l4],,NT,NT,NT,"🎬 Canal: Tex HS | 🎥 Vídeo: fui passar a SEXTA DO TERROR na fazenda assombrada do meu tio [eqlttFPO1l4]
⏱️ Segmento/Index: 21
──────────────────────────────────────────────────
Fala transcrita:
""Espero que você não tenha ficado entediado, não, fiquei mais assim como posso dizer, assustado do que entediado né. O que? Anotações? Tarefas? Criaturas estranhas dos campos e da floresta? Eu certamente enviei pra você apenas uma carta e deixei apenas uma anotação na porta da frente antes de você chegar. Você provavelmente teve um pesadelo de algum tipo e eu não culpo você. Realmente é um pouco assustador aqui às vezes. Especialmente quando você está sozinho. Bem você não precisa mais se preocupar com isso. Que tal se eu fizer um pouco de café da manhã pra gente e dar um tour pra você pela propriedade? Pode ser tio, pode ser. Espero que você esteja pronto para a diversão de verão. Eu estou pronto tio. Ending 2. Eu fiz o, galera eu fiz o final 2. Então quer dizer que tem o final 1 que eu não fiz. Será que o final 1 seria aquele quando eu abri, quando eu, aliás quando eu tranquei as portas na ordem errada? Porque nessa segunda play que eu fiz eu tranquei na ordem certa né? Aí eu fiz o final 2.""",Avaliador_E,Avaliador_F
2,"Não, não Tem que trabalhar Quem trabalha no restaurante só almoça quando todos os clientes comerem primeiro Nossa, sério, eu tô com fome agora Três, dois, um e começou Tá, eu tô esperando aqui pra servir, hein Tá, eu tenho que falar aqui com as pessoas o que ele quer, vamos ver Não tem nenhum pedido pra mim ainda Eu não tenho nada pra servir ainda Batatinha frita Só quero ver o Texin preparar essas comidas, gente Eu tô fritando a batatinha, calma, calma A gente não pode falir o restaurante, hein Tá saindo mais Não pode falir o restaurante, não vai não vou pagar as contas Não, gente, ó, e aqui, pessoal, meu menú Temos batatinha frita, temos hambúrguer Nossa, ajuda devagar, hein, olha o tamanho da fila Devagar? Ah, entregou a batata? Já entrei, já, ô, garçomete, vamos aí Já tô indo, já tô indo, vou servir, vou servir Prontinho Já servi, já Tá, beleza Nossa Tem um monte de hambúrguer aqui, vai queimar, vai Tem que sim, ô Vamos Não há de queimar hambúrguer, não, hein Olha o tanto de hambúrguer Texinho, meu Deus, o Texinho tem muita coisa pra preparar, gente Você é a vergonha da profissão Você é a vergonha da profissão Meu Deus, gente E daí, batatinha? Texinho, você tem tempo Eu sou a garçomete, eu não quero nem saber, eu não gosto de ajudar ninguém Vamos lá, os hamburguerzinhos aqui, ó Nossa, quatro hambúrguer, quem que pediu tudo isso? Então Não é uma pessoa que pediu tudo Vai, fake é pra família, né? É, mas eu sou só um aqui, o cozinheiro, né?",0.4129397273063659,0.4744358658790588,0.1126244217157363,NEU,0.2223383784294128,0.0054000164382159,0.0502140186727047,0.0058377189561724,0.0377252623438835,0.0024228640832006,0.0065491264685988,0.22311419,Julia MineGirl,Roblox,Roblox - FAÇA SEU PEDIDO DE LANCHE AQUI Burger Bay [OSoyv1KoXR4],,GZ,GZ,GZ,"🎬 Canal: Julia MineGirl | 🎥 Vídeo: Roblox - FAÇA SEU PEDIDO DE LANCHE AQUI Burger Bay [OSoyv1KoXR4]
⏱️ Segmento/Index: 2
──────────────────────────────────────────────────
Fala transcrita:
""Não, não Tem que trabalhar Quem trabalha no restaurante só almoça quando todos os clientes comerem primeiro Nossa, sério, eu tô com fome agora Três, dois, um e começou Tá, eu tô esperando aqui pra servir, hein Tá, eu tenho que falar aqui com as pessoas o que ele quer, vamos ver Não tem nenhum pedido pra mim ainda Eu não tenho nada pra servir ainda Batatinha frita Só quero ver o Texin preparar essas comidas, gente Eu tô fritando a batatinha, calma, calma A gente não pode falir o restaurante, hein Tá saindo mais Não pode falir o restaurante, não vai não vou pagar as contas Não, gente, ó, e aqui, pessoal, meu menú Temos batatinha frita, temos hambúrguer Nossa, ajuda devagar, hein, olha o tamanho da fila Devagar? Ah, entregou a batata? Já entrei, já, ô, garçomete, vamos aí Já tô indo, já tô indo, vou servir, vou servir Prontinho Já servi, já Tá, beleza Nossa Tem um monte de hambúrguer aqui, vai queimar, vai Tem que sim, ô Vamos Não há de queimar hambúrguer, não, hein Olha o tanto de hambúrguer Texinho, meu Deus, o Texinho tem muita coisa pra preparar, gente Você é a vergonha da profissão Você é a vergonha da profissão Meu Deus, gente E daí, batatinha? Texinho, você tem tempo Eu sou a garçomete, eu não quero nem saber, eu não gosto de ajudar ninguém Vamos lá, os hamburguerzinhos aqui, ó Nossa, quatro hambúrguer, quem que pediu tudo isso? Então Não é uma pessoa que pediu tudo Vai, fake é pra família, né? É, mas eu sou só um aqui, o cozinheiro, né?""",Avaliador_E,Avaliador_F
4,"você não consegue reviver tá vivo aproveita a sua vida vou trazer aqui pra barreira aí, derrubou aqui calma, cadê? aqui reviveram já, não larguei a pessoa pra trás eu tava revivendo mas o Vinicius Jr. tava vindo atrás de mim agora eu tô vivão como que vocês estão morrendo povo? vocês não param de morrer meu Deus do céu eu não tô vencendo não é preciso citar todo mundo não aí ó melhor eu sair daqui um pouquinho porque o bot não...",0.8699676990509033,0.0809374675154686,0.0490948967635631,NEG,0.7998053431510925,0.0104710822924971,0.0610262304544448,0.0078390780836343,0.0589925795793533,0.0108859632164239,0.0102151567116379,0.3827457,Tex HS,Roblox,FIGURINHAS DA COPA DO MUNDO no EVADE Roblox Evade [c0jP6Ksdt5k],,GZ,GZ,GZ,"🎬 Canal: Tex HS | 🎥 Vídeo: FIGURINHAS DA COPA DO MUNDO no EVADE Roblox Evade [c0jP6Ksdt5k]
⏱️ Segmento/Index: 4
──────────────────────────────────────────────────
Fala transcrita:
""você não consegue reviver tá vivo aproveita a sua vida vou trazer aqui pra barreira aí, derrubou aqui calma, cadê? aqui reviveram já, não larguei a pessoa pra trás eu tava revivendo mas o Vinicius Jr. tava vindo atrás de mim agora eu tô vivão como que vocês estão morrendo povo? vocês não param de morrer meu Deus do céu eu não tô vencendo não é preciso citar todo mundo não aí ó melhor eu sair daqui um pouquinho porque o bot não...""",Avaliador_E,Avaliador_F
15,"Deixa para lá, se ele desaparecer, tudo bem, mas se ele não desaparecer, a gente pode fazer algo bem maneiro com ele no futuro. Traz um machado que eu ainda tô precisando de machado. Tudo bem, vou trazer o machado, falar que aqui tem ferro, falar que aqui tem ferro, aqui não tem ferro. Vai falar que tem pedra, tem pedra, mas não tanto de pedra que eu preciso. Se você puder, Davi, já traga dois machados de pedra. Eu vou ter que fazer aqui muita laje para fazer o telhado do estábulo. Os cavalos não podem tomar chuva. Eu gosto muito de cavalo, mano, seria muito top ter um cavalo na vida real, mas como é muito difícil, eu vou ter um cavalo aqui nesse mundo quadrado. Muitos cavalos, na verdade. Esse cavalo aqui das pintinhas, ele agora é o novo cavalo mais bonito. Rami, consegui achar muita pedra, então eu vou poder aí tirar o machado de pedra. Traga os machados urgente, Davi, porque eu já comecei o telhado, esse telhado aqui vai ser top. E os cavalos agora ficarão protegidos da chuva, com toda certeza.",0.1819735914468765,0.7315486073493958,0.0864778459072113,NEU,0.0071443007327616,0.000908434332814,0.0096917897462844,0.0004721423320006,0.0056702438741922,0.0042732004076242,0.0006808456382714,0.11336674,Robin Hood Gamer,Minecraft,CONSEGUIMOS MUITOS CAVALOS E ELES GANHARAM UMA CASA MINECRAFT ERA DA REDSTONE 11 [C2RTibwtohM],,NT,NT,NT,"🎬 Canal: Robin Hood Gamer | 🎥 Vídeo: CONSEGUIMOS MUITOS CAVALOS E ELES GANHARAM UMA CASA MINECRAFT ERA DA REDSTONE 11 [C2RTibwtohM]
⏱️ Segmento/Index: 15
──────────────────────────────────────────────────
Fala transcrita:
""Deixa para lá, se ele desaparecer, tudo bem, mas se ele não desaparecer, a gente pode fazer algo bem maneiro com ele no futuro. Traz um machado que eu ainda tô precisando de machado. Tudo bem, vou trazer o machado, falar que aqui tem ferro, falar que aqui tem ferro, aqui não tem ferro. Vai falar que tem pedra, tem pedra, mas não tanto de pedra que eu preciso. Se você puder, Davi, já traga dois machados de pedra. Eu vou ter que fazer aqui muita laje para fazer o telhado do estábulo. Os cavalos não podem tomar chuva. Eu gosto muito de cavalo, mano, seria muito top ter um cavalo na vida real, mas como é muito difícil, eu vou ter um cavalo aqui nesse mundo quadrado. Muitos cavalos, na verdade. Esse cavalo aqui das pintinhas, ele agora é o novo cavalo mais bonito. Rami, consegui achar muita pedra, então eu vou poder aí tirar o machado de pedra. Traga os machados urgente, Davi, porque eu já comecei o telhado, esse telhado aqui vai ser top. E os cavalos agora ficarão protegidos da chuva, com toda certeza.""",Avaliador_E,Avaliador_F
