index,tiras,negatividade,neutralidade,positividade,sentimento_dominante,toxicity,severe_toxicity,obscene,identity_attack,insult,threat,sexual_explicit,p_toxicity,Creator Name,Game Environment,Video Name,toxicidade,class_detoxify,class_perspective,classificacao_ia,texto_exibicao,Anotador_1,Anotador_2
2,"Olha, coisa boa eu não sei, mas eu sei que dá pra gente, ó, desfetar aqui e colocar É péssimo, Eduardo, porque aqui a gente vai querer uma porta amadura É, então, a gente pode enfeitar a nossa ilha, vai ficar bonito Eu vou pegar areia azul porque eu não tô fazendo nada, então eu vou pegar areia azul, Eduardo Ah, pra que você vai pegar areia azul? Areia azul não serve pra nada? Ela cai se você botar aqui, ó Boa pergunta, eu não sei por que eu tô pegando areia azul Eduardo, alô, Eduardo 8 picareta de ouro Ai, meu Deus, já mudou 8 picareta de ouro Gente, Eduardo nem viu que mudou o negócio aqui Vamos ver o que tem aqui no baú, opa Ah, que legal Ó, Eduardo, ó, faz o seguinte Eu ouvi falar que o barco voa aqui nesse modo O barco voa Sério? Sério? Pode testar aí Voa mesmo? Vou... tô falando pra tu, cara, pode ir Ó, vai lá, vai naquela ilha Ah, não Você me aguarda Você me aguarda Eu pe... NÃO! Eu tô com muito item, cara Morri Ai, gente, não perde os itens Menos mal, né? Ó! Deixa... Ah! Nederita!",0.4478034973144531,0.4049969911575317,0.1471995413303375,NEG,0.4132876992225647,0.0081260651350021,0.0619429089128971,0.0045637283474206,0.048868715763092,0.0081066293641924,0.0123142395168542,0.3127066,Marcelodrv,Minecraft,MINECRAFT SKYBLOCK mas a cada minuto A ILHA TROCA DE BLOCOS [DM8ESCV-CKM],,GZ,GZ,GZ,"🎬 Canal: Marcelodrv | 🎥 Vídeo: MINECRAFT SKYBLOCK mas a cada minuto A ILHA TROCA DE BLOCOS [DM8ESCV-CKM]
⏱️ Segmento/Index: 2
──────────────────────────────────────────────────
Fala transcrita:
""Olha, coisa boa eu não sei, mas eu sei que dá pra gente, ó, desfetar aqui e colocar É péssimo, Eduardo, porque aqui a gente vai querer uma porta amadura É, então, a gente pode enfeitar a nossa ilha, vai ficar bonito Eu vou pegar areia azul porque eu não tô fazendo nada, então eu vou pegar areia azul, Eduardo Ah, pra que você vai pegar areia azul? Areia azul não serve pra nada? Ela cai se você botar aqui, ó Boa pergunta, eu não sei por que eu tô pegando areia azul Eduardo, alô, Eduardo 8 picareta de ouro Ai, meu Deus, já mudou 8 picareta de ouro Gente, Eduardo nem viu que mudou o negócio aqui Vamos ver o que tem aqui no baú, opa Ah, que legal Ó, Eduardo, ó, faz o seguinte Eu ouvi falar que o barco voa aqui nesse modo O barco voa Sério? Sério? Pode testar aí Voa mesmo? Vou... tô falando pra tu, cara, pode ir Ó, vai lá, vai naquela ilha Ah, não Você me aguarda Você me aguarda Eu pe... NÃO! Eu tô com muito item, cara Morri Ai, gente, não perde os itens Menos mal, né? Ó! Deixa... Ah! Nederita!""",Avaliador_A,Avaliador_F
29,"Eu tava aqui feliz e contente E do nada apareceu um portal do End, bem aqui Nossa, que estranho, do nada Do nada, não sei quem foi que fez isso Eu acho que o nome da pessoa que fez isso começa com C Nossa, deve ser alguma pessoa que não tá aqui então Porque o meu nome não começa com C Então, aí eu fui obrigado a ter o meu labirinto no End E ele tá aqui, tá aqui o meu labirinto Você fez no End o teu labirinto, cadê ele? Me deram, transportaram pra cá Dá um TP aqui em mim Ah não, você pegou e fez o seu labirinto aqui Era impossível, deu a chatos Bem feito, foi trapaceia e perdeu, bobão Ah não Ah não",0.4572091400623321,0.4337714910507202,0.109019361436367,NEG,0.4329057037830353,0.0095053752884268,0.0509361624717712,0.0083661051467061,0.0477998442947864,0.0032180547714233,0.0046430514194071,0.23415339,Cadres,Minecraft,LABIRINTO de R1 vs LABIRINTO de R1.000.00000 no minecraft [XuqTHVV0_vA],,GZ,GZ,GZ,"🎬 Canal: Cadres | 🎥 Vídeo: LABIRINTO de R1 vs LABIRINTO de R1.000.00000 no minecraft [XuqTHVV0_vA]
⏱️ Segmento/Index: 29
──────────────────────────────────────────────────
Fala transcrita:
""Eu tava aqui feliz e contente E do nada apareceu um portal do End, bem aqui Nossa, que estranho, do nada Do nada, não sei quem foi que fez isso Eu acho que o nome da pessoa que fez isso começa com C Nossa, deve ser alguma pessoa que não tá aqui então Porque o meu nome não começa com C Então, aí eu fui obrigado a ter o meu labirinto no End E ele tá aqui, tá aqui o meu labirinto Você fez no End o teu labirinto, cadê ele? Me deram, transportaram pra cá Dá um TP aqui em mim Ah não, você pegou e fez o seu labirinto aqui Era impossível, deu a chatos Bem feito, foi trapaceia e perdeu, bobão Ah não Ah não""",Avaliador_A,Avaliador_F
87,"Tem esse vídeo aqui de esconde-esconde, de condesface! Se tiverem gostado, já saibam! Like no vídeo! Muito obrigado! A todo mundo que assistiu até agora! Tamo junto família! Fiquem com Deus! E se você assistiu até agora, comente Eu Sou Um Maninho do TT! Demorou? Ou se você for uma maninha, comente Eu Sou Uma Maninha do TT! Tamo junto família! Um grande abraço e tchau!",0.0291604418307542,0.45747971534729,0.5133598446846008,POS,0.0454283282160759,0.0004795419517904,0.0182551573961973,0.001392824226059,0.0189135149121284,0.000358018791303,0.0014594612875953,0.053295042,AuthenticGames,Minecraft,ESCONDE-ESCONDE com BLOCOS VERDES no MINECRAFT - FILME [SluB8RgifAc],,NT,NT,NT,"🎬 Canal: AuthenticGames | 🎥 Vídeo: ESCONDE-ESCONDE com BLOCOS VERDES no MINECRAFT - FILME [SluB8RgifAc]
⏱️ Segmento/Index: 87
──────────────────────────────────────────────────
Fala transcrita:
""Tem esse vídeo aqui de esconde-esconde, de condesface! Se tiverem gostado, já saibam! Like no vídeo! Muito obrigado! A todo mundo que assistiu até agora! Tamo junto família! Fiquem com Deus! E se você assistiu até agora, comente Eu Sou Um Maninho do TT! Demorou? Ou se você for uma maninha, comente Eu Sou Uma Maninha do TT! Tamo junto família! Um grande abraço e tchau!""",Avaliador_A,Avaliador_F
9,"Eu vou seguir a Bia aqui porque eu acho que ela sabe o que faz. Porque eu sou meio noob, vocês sabem. Eu sou a pessoa que não joga Pig direito. Que não sabe aonde ficam as coisas no mapa. E aqui tá fechadinho. A gente tinha que achar a chave verde. Será que a chave verde tá ali, ó? Neste lugar? Vamos ver. Se tá por aqui. Não, nunca tá. NUNCA TÁ POR AQUI! Ela tá aqui, ó. A senhora bot. Não, eu fui boba, gente. Eu fui boba. Eu tenho que me esconder melhor. Eu tenho que me esconder melhor. Eu não sei o que fazer agora. Eu estou presa. EU SOU PRESA! Não, não tô. Não é tarde demais para mim! Ai, eu fugi. Ai, dá bem, aí dá bem, aí dá bem. Passaram por aqui já. Eu tenho que ficar bem escondida. Isso sim. Porque ela é muito esperta. Vocês viram? Quase que foi o meu fim na minha própria partida. Que eu estou comandando. Isso é muito errado.",0.4872530400753021,0.4717472493648529,0.0409997254610061,NEG,0.2564860880374908,0.0010525585385039,0.0314454436302185,0.0027828828897327,0.0847591683268547,0.0008438362856395,0.0017356127500534,0.37751234,Papile,Roblox,ATUALIZAÇÃO NA PIGGY USE COMANDOS DE HACKER E CONTROLE O JOGO Roblox [LPhuj5dn8AM],,GZ,GZ,GZ,"🎬 Canal: Papile | 🎥 Vídeo: ATUALIZAÇÃO NA PIGGY USE COMANDOS DE HACKER E CONTROLE O JOGO Roblox [LPhuj5dn8AM]
⏱️ Segmento/Index: 9
──────────────────────────────────────────────────
Fala transcrita:
""Eu vou seguir a Bia aqui porque eu acho que ela sabe o que faz. Porque eu sou meio noob, vocês sabem. Eu sou a pessoa que não joga Pig direito. Que não sabe aonde ficam as coisas no mapa. E aqui tá fechadinho. A gente tinha que achar a chave verde. Será que a chave verde tá ali, ó? Neste lugar? Vamos ver. Se tá por aqui. Não, nunca tá. NUNCA TÁ POR AQUI! Ela tá aqui, ó. A senhora bot. Não, eu fui boba, gente. Eu fui boba. Eu tenho que me esconder melhor. Eu tenho que me esconder melhor. Eu não sei o que fazer agora. Eu estou presa. EU SOU PRESA! Não, não tô. Não é tarde demais para mim! Ai, eu fugi. Ai, dá bem, aí dá bem, aí dá bem. Passaram por aqui já. Eu tenho que ficar bem escondida. Isso sim. Porque ela é muito esperta. Vocês viram? Quase que foi o meu fim na minha própria partida. Que eu estou comandando. Isso é muito errado.""",Avaliador_A,Avaliador_F
8,"Eu sou o loquinho e tô subindo vermelhinho! Ui! Uh! A badia... A badia, para de encostar a mão no vermelho, para! Eu também quero vermelho! Oh, gente, vocês estão indo na minha cor e estão pegando duas coisas ao mesmo tempo! A badia, agora você vai querer o vermelho, vermelho, vermelho? Sim! Tá bom! Agora então, vou indo verde. Agora eu vou subir no verdinho e eu quero ver o que que tem lá em cima! Lá em cima eu quero ver o que que tem lá! Vamos lá! Eu quero ver! Sabe, sabe, sabe, sabe, sabe, sabe! Tá no alto! Para de ficar no meu! Vou pro outro lado, vou nesse amarelinho aqui! Ui! Ai! O que? Oh, gente, eu não tô gostando do que vocês estão fazendo, sabe o que que eu vou fazer? Ok! Eu vou fazer uma... Eu vou fazer uma nanobra e eu vou ir para trás para vocês não conseguirem me pegar!",0.1368842869997024,0.7988884449005127,0.0642272979021072,NEU,0.2198468893766403,0.0020366846583783,0.0334223993122577,0.0029696146957576,0.029357511550188,0.0201175566762685,0.0053196810185909,0.33587718,Lokis,Roblox,GIGANTE CABEÇA ROXA PEGOU O LOKIS  Roblox - Escape The Cruise Ship Obby [2lM5vgNhqE8],,GZ,GZ,GZ,"🎬 Canal: Lokis | 🎥 Vídeo: GIGANTE CABEÇA ROXA PEGOU O LOKIS  Roblox - Escape The Cruise Ship Obby [2lM5vgNhqE8]
⏱️ Segmento/Index: 8
──────────────────────────────────────────────────
Fala transcrita:
""Eu sou o loquinho e tô subindo vermelhinho! Ui! Uh! A badia... A badia, para de encostar a mão no vermelho, para! Eu também quero vermelho! Oh, gente, vocês estão indo na minha cor e estão pegando duas coisas ao mesmo tempo! A badia, agora você vai querer o vermelho, vermelho, vermelho? Sim! Tá bom! Agora então, vou indo verde. Agora eu vou subir no verdinho e eu quero ver o que que tem lá em cima! Lá em cima eu quero ver o que que tem lá! Vamos lá! Eu quero ver! Sabe, sabe, sabe, sabe, sabe, sabe! Tá no alto! Para de ficar no meu! Vou pro outro lado, vou nesse amarelinho aqui! Ui! Ai! O que? Oh, gente, eu não tô gostando do que vocês estão fazendo, sabe o que que eu vou fazer? Ok! Eu vou fazer uma... Eu vou fazer uma nanobra e eu vou ir para trás para vocês não conseguirem me pegar!""",Avaliador_A,Avaliador_F
19,"Então sobe aqui, porque a espada é muito boa! Só que ela tem que acertar, a espada é meio ruim de mira! Riquitos, ela não acerta o zumbi bebê! Ah, agora ela acertou! Essa espada é muito boa, eu adorei ela! Aí ela matou todos eles! Eu não fiz nada! Vem espada, vem, eu vou mostrar você pro Riquitos! Olha essa espadinha, Riquitos, ela é muito boa! Ai, que gracinha ela! Cadê a picareta? Ah, eu já trouxe ela aqui! Ah, aqui? É, pera aí, antes que ela vai embora já, vamos prender ela aqui já! Deixa ela presa, a espada não pode deixar presa que ela vai nos defender! Você pegou obsidian lá embaixo? Eu peguei, eu tenho 14 obsidian! Então vamos agora pro Nether! É, isso mesmo, ir pro Nether é pra pegar fogo de artifício! E também no Nether a gente pode pegar netherite! É verdade! Imagina fazer uma barra de netherite! Vamos lá! Entra aí, Riquitos! Oh, oh, Riquitos! Eu esqueci de um detalhe importante! Ah, fala! Eu não tava usando as maçãs douradas! Ah, tá de sacanagem, por isso que é uma moeda fácil! Por isso que é uma moeda fácil! Eu deixei elas no inventário e não usei! Ih, pera aí, baldes de água? Não, mas como que a água chegou no Nether?",0.0235720556229352,0.0562325716018676,0.9201952815055848,POS,0.2596714198589325,0.0015289321308955,0.022285358980298,0.0010163302067667,0.0176134463399648,0.0566633976995945,0.0024499960709363,0.3666224,Athos,Minecraft,Dei VIDA para um BALDE no Minecraft [S7FQEpXWOXY],,GZ,GZ,GZ,"🎬 Canal: Athos | 🎥 Vídeo: Dei VIDA para um BALDE no Minecraft [S7FQEpXWOXY]
⏱️ Segmento/Index: 19
──────────────────────────────────────────────────
Fala transcrita:
""Então sobe aqui, porque a espada é muito boa! Só que ela tem que acertar, a espada é meio ruim de mira! Riquitos, ela não acerta o zumbi bebê! Ah, agora ela acertou! Essa espada é muito boa, eu adorei ela! Aí ela matou todos eles! Eu não fiz nada! Vem espada, vem, eu vou mostrar você pro Riquitos! Olha essa espadinha, Riquitos, ela é muito boa! Ai, que gracinha ela! Cadê a picareta? Ah, eu já trouxe ela aqui! Ah, aqui? É, pera aí, antes que ela vai embora já, vamos prender ela aqui já! Deixa ela presa, a espada não pode deixar presa que ela vai nos defender! Você pegou obsidian lá embaixo? Eu peguei, eu tenho 14 obsidian! Então vamos agora pro Nether! É, isso mesmo, ir pro Nether é pra pegar fogo de artifício! E também no Nether a gente pode pegar netherite! É verdade! Imagina fazer uma barra de netherite! Vamos lá! Entra aí, Riquitos! Oh, oh, Riquitos! Eu esqueci de um detalhe importante! Ah, fala! Eu não tava usando as maçãs douradas! Ah, tá de sacanagem, por isso que é uma moeda fácil! Por isso que é uma moeda fácil! Eu deixei elas no inventário e não usei! Ih, pera aí, baldes de água? Não, mas como que a água chegou no Nether?""",Avaliador_A,Avaliador_F
24,"R o que tem um Arden aqui mano acho que é onde eu to mano eu to conseguindo ver você pera tem UOLO tem uma foice do Arden aqui velho vou pegar essas duas foices e vou te dar uma e ai você me ajuda a derrotar ele ta bom perfeito então mano me ajuda aqui como é que eu vou te ajudar velho eu sei la mano eu não consigo abrir isso aqui acho que isso deve dar pra ir por fora ah não acredito mano então vou ter que derrotar ele sozinho bom talvez você consegue debrar ele né pera ai pessoal ta na minha mão salvar o K.R e eu não confio em mim pra salvar K.R ou seja eu não vou ter mais amiga ele vai morrer ahahahahahahahahahahahahahaha ahahahahahahahahahahahahahahahahahahahahahahahahahahahahahahahahahahahahahahahahahahahaha meu Deus to brincando velho eu vou tentar derrotar o esse doido aqui mano eu vou começar jogando bolinha nele toma essa bolinha aqui mano olha você consegue empurrar ele mano beleza e ele fica ali arduo e agora eu vou atacar com o cofus toma e mais essa e mais e agora mano ele nem consegue perto de mim. Esse não é o Warden verdadeiro, velho. Ele não consegue me atacar igual a ele ataca de verdade. A gente tá dentro do Warden verdadeiro, né, KS? KS, se tu conseguir...",0.2019528746604919,0.4648244678974151,0.3332226872444153,NEU,0.6702824234962463,0.0123016964644193,0.0473484434187412,0.0048731118440628,0.0611174032092094,0.0551964044570922,0.0146673480048775,0.37751234,Kass e KR,Minecraft,O que acontece se você ENTRAR nos NOVOS MOBS do minecraft [aaYZZbOkrr0],,GZ,GZ,GZ,"🎬 Canal: Kass e KR | 🎥 Vídeo: O que acontece se você ENTRAR nos NOVOS MOBS do minecraft [aaYZZbOkrr0]
⏱️ Segmento/Index: 24
──────────────────────────────────────────────────
Fala transcrita:
""R o que tem um Arden aqui mano acho que é onde eu to mano eu to conseguindo ver você pera tem UOLO tem uma foice do Arden aqui velho vou pegar essas duas foices e vou te dar uma e ai você me ajuda a derrotar ele ta bom perfeito então mano me ajuda aqui como é que eu vou te ajudar velho eu sei la mano eu não consigo abrir isso aqui acho que isso deve dar pra ir por fora ah não acredito mano então vou ter que derrotar ele sozinho bom talvez você consegue debrar ele né pera ai pessoal ta na minha mão salvar o K.R e eu não confio em mim pra salvar K.R ou seja eu não vou ter mais amiga ele vai morrer ahahahahahahahahahahahahahaha ahahahahahahahahahahahahahahahahahahahahahahahahahahahahahahahahahahahahahahahahahahahaha meu Deus to brincando velho eu vou tentar derrotar o esse doido aqui mano eu vou começar jogando bolinha nele toma essa bolinha aqui mano olha você consegue empurrar ele mano beleza e ele fica ali arduo e agora eu vou atacar com o cofus toma e mais essa e mais e agora mano ele nem consegue perto de mim. Esse não é o Warden verdadeiro, velho. Ele não consegue me atacar igual a ele ataca de verdade. A gente tá dentro do Warden verdadeiro, né, KS? KS, se tu conseguir...""",Avaliador_A,Avaliador_F
9,"Quem é aquele? Não sei, quem é aquela? Então Eu tenho que ligar pra polícia Ligar pra polícia, tem que matar esse bicho Não, ligar pra polícia, mãe Como assim matar? Porque se a gente não ligar pra polícia Como é que eles vão saber? Ai, dá pra correr, Ju Nossa, gente, aqui Andando devagar, daí fica tudo com mais Medo Aqui é pronto Eu espero que o bicho apareça na nossa frente E o impacto vai ser rápido A TV? Você não viu que apareceu aqui na TV? Apareceu um monstro na TV Ah, eu tô pegando as minhas lâmpadas Gente, a Ju tá perdendo, será que a gente tem que subir a escada? Ah, não tá bloqueado A gente tem que achar o telefone, mãe Ah, tá, o telefone Cadê o telefone? Abra essa porta, não Essa porta ainda não abre Ali o telefone, boa, boa, boa Quer ver que ele vai cortar a linha telefone? Ligar pra polícia Ai, meu Deus Alô, polícia?",0.5249048471450806,0.4041458964347839,0.0709493160247802,NEG,0.6695946455001831,0.002216475084424,0.0196542683988809,0.0006226481636986,0.0289798937737941,0.2563847005367279,0.0048747975379228,0.32557452,Julia MineGirl,Roblox,Roblox - A PIOR CASA PARA MORAR Welcome [BXaoXgjMWpU],,GZ,GZ,GZ,"🎬 Canal: Julia MineGirl | 🎥 Vídeo: Roblox - A PIOR CASA PARA MORAR Welcome [BXaoXgjMWpU]
⏱️ Segmento/Index: 9
──────────────────────────────────────────────────
Fala transcrita:
""Quem é aquele? Não sei, quem é aquela? Então Eu tenho que ligar pra polícia Ligar pra polícia, tem que matar esse bicho Não, ligar pra polícia, mãe Como assim matar? Porque se a gente não ligar pra polícia Como é que eles vão saber? Ai, dá pra correr, Ju Nossa, gente, aqui Andando devagar, daí fica tudo com mais Medo Aqui é pronto Eu espero que o bicho apareça na nossa frente E o impacto vai ser rápido A TV? Você não viu que apareceu aqui na TV? Apareceu um monstro na TV Ah, eu tô pegando as minhas lâmpadas Gente, a Ju tá perdendo, será que a gente tem que subir a escada? Ah, não tá bloqueado A gente tem que achar o telefone, mãe Ah, tá, o telefone Cadê o telefone? Abra essa porta, não Essa porta ainda não abre Ali o telefone, boa, boa, boa Quer ver que ele vai cortar a linha telefone? Ligar pra polícia Ai, meu Deus Alô, polícia?""",Avaliador_A,Avaliador_F
6,"Ai meu Deus do céu, o cara, o que eu pego ele no colo, galera? Eu não vou pegar ele no colo de jeito nenhum! Calma aí! Essa porra é muito legal, galera! Eu vou pegar ele no colo, eu vou pegar ele no colo, eu vou pegar ele no colo, eu vou pegar ele no colo, galera, eu não vou pegar ele no colo de jeito nenhum, calma aí! Essa profissão de motorista de aplicativo é muito difícil! Já aproveitando, eu queria que você comentasse aí o que você quer ser quando você crescer! Qual é a profissão dos seus sonhos? Comenta aí! Vamos ver qual profissão que vai ter mais voto aí nos comentários! Calma aí, eu vou tentar descer por aqui, ó! Aê, aê, vou conseguir, é, consegui! Pode entrar aí no carro! Oi, tudo bom? Ué, é esse aqui que eu tô usando? Esse é o carro? É, não é um barco, né? Tá na terra, é o carro! Eu vou fazer o seguinte, eu vou esperar lá em cima, tá bom? Não, você tá descer caralho, você fez o que você quer aqui, mas você vai me esperar lá em... Eu não acredito, galera! Esse cara tá me fazendo de besta! Eu tô andando aqui, galera, e encontrei essa casinha no meio da água! Será que é aquela casinha que a gente precisa entregar essas comidas? E uma coisa que eu tô vendo, eu não vou poder usar essa motinha pra entregar não, eu vou ter que nadar! Ai meu Deus do céu, isso aqui não tava na parte do trabalho não, hein! Vou cobrar um extra!",0.0923683419823646,0.342221051454544,0.5654106736183167,POS,0.9338719248771667,0.0131808165460824,0.1788949519395828,0.003205340122804,0.0607976727187633,0.0384581498801708,0.1228129789233207,0.50789946,Kass e KR,Minecraft,Meu AMIGO NAMOROU uma VILLAGER por 24 horas no Minecraft [k778n_iTM-U],,T,T,T,"🎬 Canal: Kass e KR | 🎥 Vídeo: Meu AMIGO NAMOROU uma VILLAGER por 24 horas no Minecraft [k778n_iTM-U]
⏱️ Segmento/Index: 6
──────────────────────────────────────────────────
Fala transcrita:
""Ai meu Deus do céu, o cara, o que eu pego ele no colo, galera? Eu não vou pegar ele no colo de jeito nenhum! Calma aí! Essa porra é muito legal, galera! Eu vou pegar ele no colo, eu vou pegar ele no colo, eu vou pegar ele no colo, eu vou pegar ele no colo, galera, eu não vou pegar ele no colo de jeito nenhum, calma aí! Essa profissão de motorista de aplicativo é muito difícil! Já aproveitando, eu queria que você comentasse aí o que você quer ser quando você crescer! Qual é a profissão dos seus sonhos? Comenta aí! Vamos ver qual profissão que vai ter mais voto aí nos comentários! Calma aí, eu vou tentar descer por aqui, ó! Aê, aê, vou conseguir, é, consegui! Pode entrar aí no carro! Oi, tudo bom? Ué, é esse aqui que eu tô usando? Esse é o carro? É, não é um barco, né? Tá na terra, é o carro! Eu vou fazer o seguinte, eu vou esperar lá em cima, tá bom? Não, você tá descer caralho, você fez o que você quer aqui, mas você vai me esperar lá em... Eu não acredito, galera! Esse cara tá me fazendo de besta! Eu tô andando aqui, galera, e encontrei essa casinha no meio da água! Será que é aquela casinha que a gente precisa entregar essas comidas? E uma coisa que eu tô vendo, eu não vou poder usar essa motinha pra entregar não, eu vou ter que nadar! Ai meu Deus do céu, isso aqui não tava na parte do trabalho não, hein! Vou cobrar um extra!""",Avaliador_A,Avaliador_F
17,"Meu Deus. Tá, eu vou, vamos lá. Cuidado com a farm, cuidado com a farm. Ah meu Deus, a gente agora tá com aquele troço. Tá vindo um monte de pílida. Maldição? Uhum. Meu Deus do céu. Eduardo, vem cá, vem cá. Galera, ali é a farm, né? Padrão a farm. Eu vim aqui pegar ferro que tava faltando, tá vendo? Eduardo, eu acho que a gente achou um banco de uarra, tá vendo? Eu acho que aquele ali tem uns blocos novos. Não é aquele negócio raro? Ai, sai. Eu acho que é isso aqui, Eduardo, que é o coração do negócio. Eu não lembro direito o nome. Eu posso estar falando besteira. É, olha, Eduardo. Que isso aí, nunca... Que faz aquele negócio do bagulho do negócio do negócio. Ahn? Eu acho que é isso aí mesmo, Eduardo. Olha, eu acho que é isso aí mesmo. Eu acho que é isso aí mesmo. Eu acho que é isso aí mesmo. Eu acho que é isso aí mesmo, Eduardo. Olha. Deixa eu iluminar. Calcita. É calcita o nome? Calcita esse bloco branco. Ametista, mano. Isso aqui é ametista, exatamente, galera.",0.6410868763923645,0.2997046411037445,0.0592084340751171,NEG,0.5022578835487366,0.0033195000141859,0.2804375290870666,0.0064592133276164,0.0892436429858207,0.000909223977942,0.0028553553856909,0.27236435,Marcelodrv,Minecraft,FARM de GALINHA ASSADA 100 AUTOMÁTICA - NOSSO MUNDO 05 [VTrb6_IwIw0],,GZ,GZ,GZ,"🎬 Canal: Marcelodrv | 🎥 Vídeo: FARM de GALINHA ASSADA 100 AUTOMÁTICA - NOSSO MUNDO 05 [VTrb6_IwIw0]
⏱️ Segmento/Index: 17
──────────────────────────────────────────────────
Fala transcrita:
""Meu Deus. Tá, eu vou, vamos lá. Cuidado com a farm, cuidado com a farm. Ah meu Deus, a gente agora tá com aquele troço. Tá vindo um monte de pílida. Maldição? Uhum. Meu Deus do céu. Eduardo, vem cá, vem cá. Galera, ali é a farm, né? Padrão a farm. Eu vim aqui pegar ferro que tava faltando, tá vendo? Eduardo, eu acho que a gente achou um banco de uarra, tá vendo? Eu acho que aquele ali tem uns blocos novos. Não é aquele negócio raro? Ai, sai. Eu acho que é isso aqui, Eduardo, que é o coração do negócio. Eu não lembro direito o nome. Eu posso estar falando besteira. É, olha, Eduardo. Que isso aí, nunca... Que faz aquele negócio do bagulho do negócio do negócio. Ahn? Eu acho que é isso aí mesmo, Eduardo. Olha, eu acho que é isso aí mesmo. Eu acho que é isso aí mesmo. Eu acho que é isso aí mesmo. Eu acho que é isso aí mesmo, Eduardo. Olha. Deixa eu iluminar. Calcita. É calcita o nome? Calcita esse bloco branco. Ametista, mano. Isso aqui é ametista, exatamente, galera.""",Avaliador_A,Avaliador_F
7,"Ô, louco, Stapé, é, quebra, vai quebrar só ele enquanto eu estou chegando aqui no baú Pera, o McFly está indo pro baú Calma aí, calma aí Não, ah não, Stapé Valeu pra avisar, hein, valeu pra avisar Aí não vale, né Nossa Ai, ai, ai, beleza, ó, aqui tem mais alguns blocos Tá, meu inventário está uma bagunça, porém, eu tenho aqui um baú E vou fazer o seguinte, pessoal, colocar esse baú aqui do lado O que? O que? Pera, esse baú aqui, ele, ele explodiu tudo Ah, haha Era um baú troll, era um baú que me trollou aqui no desafio Mas tudo bem, pessoal, vamos continuar sob... muita flash Ah, McFly, agora você vai ver Ah não, meu arco, eu derrubei meu arco O que aconteceu? Eu não sei, o meu arco caiu, pessoal, eu estou muito atrapalhado Nossa, olha o McFly, eu preciso encontrar outro arco, pessoal Não, uma espada... nossa, eu estou indo muito mal nesse desafio Eu falei que eu já... nossa, já até... Mas olha, eu consegui aqui uma calça sem textura É uma calça bugada, pessoal, vocês estão vendo, ela não tem textura, de jeito nenhum e... meu... Falando em arco, eu nem te conto o que eu encontrei aqui É, a coisa é... não, não acredito, está difícil demais, está difícil demais Olha, aqui tem outra espada, o que você encontrou aí, McFly? Olha, está isso aqui, serve?",0.1507485061883926,0.6926537752151489,0.156597763299942,NEU,0.4174936413764953,0.0079672811552882,0.0505546778440475,0.0065868720412254,0.0599716491997242,0.0062558981589972,0.0047144251875579,0.39842087,JP Plays,Minecraft,LIVE - SOBREVIVA NA ILHA DE LUCKY BLOCKS HACKER NO MINECRAFT [t6qdkFD2oi0],,GZ,GZ,GZ,"🎬 Canal: JP Plays | 🎥 Vídeo: LIVE - SOBREVIVA NA ILHA DE LUCKY BLOCKS HACKER NO MINECRAFT [t6qdkFD2oi0]
⏱️ Segmento/Index: 7
──────────────────────────────────────────────────
Fala transcrita:
""Ô, louco, Stapé, é, quebra, vai quebrar só ele enquanto eu estou chegando aqui no baú Pera, o McFly está indo pro baú Calma aí, calma aí Não, ah não, Stapé Valeu pra avisar, hein, valeu pra avisar Aí não vale, né Nossa Ai, ai, ai, beleza, ó, aqui tem mais alguns blocos Tá, meu inventário está uma bagunça, porém, eu tenho aqui um baú E vou fazer o seguinte, pessoal, colocar esse baú aqui do lado O que? O que? Pera, esse baú aqui, ele, ele explodiu tudo Ah, haha Era um baú troll, era um baú que me trollou aqui no desafio Mas tudo bem, pessoal, vamos continuar sob... muita flash Ah, McFly, agora você vai ver Ah não, meu arco, eu derrubei meu arco O que aconteceu? Eu não sei, o meu arco caiu, pessoal, eu estou muito atrapalhado Nossa, olha o McFly, eu preciso encontrar outro arco, pessoal Não, uma espada... nossa, eu estou indo muito mal nesse desafio Eu falei que eu já... nossa, já até... Mas olha, eu consegui aqui uma calça sem textura É uma calça bugada, pessoal, vocês estão vendo, ela não tem textura, de jeito nenhum e... meu... Falando em arco, eu nem te conto o que eu encontrei aqui É, a coisa é... não, não acredito, está difícil demais, está difícil demais Olha, aqui tem outra espada, o que você encontrou aí, McFly? Olha, está isso aqui, serve?""",Avaliador_A,Avaliador_F
8,"É, é o código de números, né Tá, eu acho que vai precisar Ah, você pegou Que bonitinho Você explodiu Coisa feia Fica aí Não é pra atirar nada, não Ele só fica aprontando e dando risada Ó Ele quer brincar Fica aí Tá cheio Meu Deus, não faz isso com ele não Gente, ele vai teleportar de qualquer jeito Então... Fecha, fecha pra ele não pegar mais Ah não É sério que ele pegou?",0.6318801045417786,0.1511934697628021,0.2169264107942581,NEG,0.3787896633148193,0.0034290319308638,0.059273637831211,0.0030783244874328,0.0370702855288982,0.0059992666356265,0.009379107505083,0.25727063,Julia MineGirl,Roblox,O BEBÊ DE AMARELO NO ELEVADOR The Baby in Yellow [IGzdAi1CRq0],,GZ,GZ,GZ,"🎬 Canal: Julia MineGirl | 🎥 Vídeo: O BEBÊ DE AMARELO NO ELEVADOR The Baby in Yellow [IGzdAi1CRq0]
⏱️ Segmento/Index: 8
──────────────────────────────────────────────────
Fala transcrita:
""É, é o código de números, né Tá, eu acho que vai precisar Ah, você pegou Que bonitinho Você explodiu Coisa feia Fica aí Não é pra atirar nada, não Ele só fica aprontando e dando risada Ó Ele quer brincar Fica aí Tá cheio Meu Deus, não faz isso com ele não Gente, ele vai teleportar de qualquer jeito Então... Fecha, fecha pra ele não pegar mais Ah não É sério que ele pegou?""",Avaliador_A,Avaliador_F
1,"Então temos aqui a professora, o doidona Olha, ela se colocou o spray Só a professora de química A professora de química E a gente tem aqui o guardinha Não, guardinha não, é policial É policial Mesma coisa pessoal Ô dona Júlia, deixa eu te explicar Hoje é seu primeiro dia aqui na escola, nós vamos fazer um guia, um tour pra você, beleza? Nós vamos ser o seu guia aqui, tá bom? Por que a professora tem uma dinamite? Vai explodir vocês! Porra! Loucura! Tá bom então, tá bom Eu não sei se eu quero ficar nessa escola não Essa escola tem muita diversão Vai ter... Ô dona estudante A professora de química, ela faz os testes, entendeu? Você tá com bastante mesmo, por que dona Júlia? Ela quer entrar pro time de química Meu Deus, o que é isso? Você vai se comportar Suco! Ai eu tô machucada Não, não solta! Eu vou jogar você aqui na ponte Suco! Não, eu quero tomar banho hoje Eu tomei sem tomar banho, me solta! Como assim? Me solta! Pô, morreu?",0.0631267204880714,0.707892119884491,0.2289811670780182,NEU,0.9067487120628356,0.0080541018396615,0.0871130973100662,0.0060257348231971,0.0745977684855461,0.0125586027279496,0.020052907988429,0.53579444,Julia MineGirl,Roblox,NÃO FAÇA ISSO NA ESCOLA Bad Guys at School [C8_E9el4b-g],,T,T,T,"🎬 Canal: Julia MineGirl | 🎥 Vídeo: NÃO FAÇA ISSO NA ESCOLA Bad Guys at School [C8_E9el4b-g]
⏱️ Segmento/Index: 1
──────────────────────────────────────────────────
Fala transcrita:
""Então temos aqui a professora, o doidona Olha, ela se colocou o spray Só a professora de química A professora de química E a gente tem aqui o guardinha Não, guardinha não, é policial É policial Mesma coisa pessoal Ô dona Júlia, deixa eu te explicar Hoje é seu primeiro dia aqui na escola, nós vamos fazer um guia, um tour pra você, beleza? Nós vamos ser o seu guia aqui, tá bom? Por que a professora tem uma dinamite? Vai explodir vocês! Porra! Loucura! Tá bom então, tá bom Eu não sei se eu quero ficar nessa escola não Essa escola tem muita diversão Vai ter... Ô dona estudante A professora de química, ela faz os testes, entendeu? Você tá com bastante mesmo, por que dona Júlia? Ela quer entrar pro time de química Meu Deus, o que é isso? Você vai se comportar Suco! Ai eu tô machucada Não, não solta! Eu vou jogar você aqui na ponte Suco! Não, eu quero tomar banho hoje Eu tomei sem tomar banho, me solta! Como assim? Me solta! Pô, morreu?""",Avaliador_A,Avaliador_F
10,"Eu vou falar que eu roubei, só pra ficar aqui e conferir ser a mais bonita do mundo Ah, então você confessou que roubou Talvez foi bem errado querer comer salgadinho sem pagar, né? Aham, sei, sei Então você roubou, então você vai ser presa Você tá presa em nome da lei por roubar salgadinhos Ah, então tá bom, eu vou entrar na prisão E agora você vai ter que entrar aí e você tá presa E eu tenho que trocar de roupa? É, não pode ser esse, porque você vai ter que colocar uma roupa de bandido aqui De presidiário, calma aí, tem que ter uma roupa Ah, eu tô ali, gente, laranja, vem ver, vem ver Isso aí, é isso mesmo, nossa, ainda bem que você tá oberecendo Então é isso, muito obrigado, tchau, você tá presa Ah, tchau não, fica aí Pera aí, eu vou confirmar com o Rio daqui quantos anos você vai ficar presa Ah, quantos anos eu vou ficar presa?",0.4160051941871643,0.4560421109199524,0.1279527097940445,NEU,0.302634984254837,0.0012557558948174,0.032337661832571,0.0009635638562031,0.0554829165339469,0.0264489110559225,0.0042649749666452,0.33836752,Papile,Roblox,PAPILE QUER NAMORAR O POLICIAL  no BROOKHAVEN - ROBLOX HISTORINHA ENGRAÇADA [xMBpTSJMOJE],,GZ,GZ,GZ,"🎬 Canal: Papile | 🎥 Vídeo: PAPILE QUER NAMORAR O POLICIAL  no BROOKHAVEN - ROBLOX HISTORINHA ENGRAÇADA [xMBpTSJMOJE]
⏱️ Segmento/Index: 10
──────────────────────────────────────────────────
Fala transcrita:
""Eu vou falar que eu roubei, só pra ficar aqui e conferir ser a mais bonita do mundo Ah, então você confessou que roubou Talvez foi bem errado querer comer salgadinho sem pagar, né? Aham, sei, sei Então você roubou, então você vai ser presa Você tá presa em nome da lei por roubar salgadinhos Ah, então tá bom, eu vou entrar na prisão E agora você vai ter que entrar aí e você tá presa E eu tenho que trocar de roupa? É, não pode ser esse, porque você vai ter que colocar uma roupa de bandido aqui De presidiário, calma aí, tem que ter uma roupa Ah, eu tô ali, gente, laranja, vem ver, vem ver Isso aí, é isso mesmo, nossa, ainda bem que você tá oberecendo Então é isso, muito obrigado, tchau, você tá presa Ah, tchau não, fica aí Pera aí, eu vou confirmar com o Rio daqui quantos anos você vai ficar presa Ah, quantos anos eu vou ficar presa?""",Avaliador_A,Avaliador_F
6,"Vou bater ali na minha tuba Só que no momento que eu sair da água, eu vou começar a queimar Ai, ai, ai! Acho que eu posso ir por baixo dessa árvore Aqui! Aí eu não queimo! Aí ele vem por aqui! Ai, ai, ai! O sol me pegou! Tarde demais! Agora eu tenho que ir rapidão até lá na minha tuba pegar meus itens! Corre, corre, corre! Aqui! Isso! Quebra ela! E volta pra água! Volta pra água! Beleza! Eu acho que eu vou mudar de plano Eu vou cavar pra baixo E ver se eu encontro ferro pra fazer capacetes antes de ir pra vila Eu preciso de mais de um capacete Aí, cheguei! Cheguei no ferro e encontrei alguns minérios Isso aqui vai ser perfeito! Vamos só colocar uma fornalha, colocar o ferro pra assar e o carvão Agora que o ferro já tá pronto, vamos voltar lá pra cima Eu tenho uma bancada de trabalho no inventário A gente coloca ela e faz vários capacetes de ferro Na verdade, eu acho que eu só consigo fazer dois Será que eu consigo mais um? Ah, consigo!",0.1878364980220794,0.7540552020072937,0.0581082701683044,NEU,0.4182375967502594,0.0063125910237431,0.0377677828073501,0.0020822216756641,0.0190325826406478,0.0675048977136612,0.0060995710082352,0.37340668,Athos,Minecraft,ATHOS VIROU ESQUELETO NO MINECRAFT [b87av7af748],,GZ,GZ,GZ,"🎬 Canal: Athos | 🎥 Vídeo: ATHOS VIROU ESQUELETO NO MINECRAFT [b87av7af748]
⏱️ Segmento/Index: 6
──────────────────────────────────────────────────
Fala transcrita:
""Vou bater ali na minha tuba Só que no momento que eu sair da água, eu vou começar a queimar Ai, ai, ai! Acho que eu posso ir por baixo dessa árvore Aqui! Aí eu não queimo! Aí ele vem por aqui! Ai, ai, ai! O sol me pegou! Tarde demais! Agora eu tenho que ir rapidão até lá na minha tuba pegar meus itens! Corre, corre, corre! Aqui! Isso! Quebra ela! E volta pra água! Volta pra água! Beleza! Eu acho que eu vou mudar de plano Eu vou cavar pra baixo E ver se eu encontro ferro pra fazer capacetes antes de ir pra vila Eu preciso de mais de um capacete Aí, cheguei! Cheguei no ferro e encontrei alguns minérios Isso aqui vai ser perfeito! Vamos só colocar uma fornalha, colocar o ferro pra assar e o carvão Agora que o ferro já tá pronto, vamos voltar lá pra cima Eu tenho uma bancada de trabalho no inventário A gente coloca ela e faz vários capacetes de ferro Na verdade, eu acho que eu só consigo fazer dois Será que eu consigo mais um? Ah, consigo!""",Avaliador_A,Avaliador_F
0,"Olá pessoal, tudo bem? Hoje estamos aqui para ver mais de vocês de Minecraft E hoje nós estamos aqui, de manhã Olá pessoal, tudo bem? E hoje pessoal, nós estamos aqui nos blocos de estimação Isso mesmo E pessoal, os blocos são tão bonitinhos São as coisas mais fof- É os blocos mais fofinhos e bonitos que vocês vão ver no Minecraft Sim, olha só gente É muito fofinho, não tem como não amar Temos aqui o diamante e o baúzinho Ai gente, eu quero um baúzinho daquilo ali Ai eu também quero gente Que amor Que lindo Olha esse aqui pulando, tá tentando chamar atenção, Ju Aqui ó, oiiii, temos o meuzinho pessoal Que gracinha E tem um bloquinho de terra aqui ó Ai, tá camufladinho Então, olha que bonitinho Olha o olhinho bem fechadinho gente Tá dormindo Vamos deixar ele dormir então Aqui a gente tem o que, acho que cogumelos?",0.0028308071196079,0.0111104510724544,0.98605877161026,POS,0.0115815876051783,0.0062616099603474,0.0442649610340595,0.0069544198922812,0.0394420139491558,0.0019634407944977,0.0018803451675921,0.15435068,Julia MineGirl,Roblox,OS BLOCOS MAIS FOFOS DO MINECRAFT [3YJvh_2ORMg],,NT,NT,NT,"🎬 Canal: Julia MineGirl | 🎥 Vídeo: OS BLOCOS MAIS FOFOS DO MINECRAFT [3YJvh_2ORMg]
⏱️ Segmento/Index: 0
──────────────────────────────────────────────────
Fala transcrita:
""Olá pessoal, tudo bem? Hoje estamos aqui para ver mais de vocês de Minecraft E hoje nós estamos aqui, de manhã Olá pessoal, tudo bem? E hoje pessoal, nós estamos aqui nos blocos de estimação Isso mesmo E pessoal, os blocos são tão bonitinhos São as coisas mais fof- É os blocos mais fofinhos e bonitos que vocês vão ver no Minecraft Sim, olha só gente É muito fofinho, não tem como não amar Temos aqui o diamante e o baúzinho Ai gente, eu quero um baúzinho daquilo ali Ai eu também quero gente Que amor Que lindo Olha esse aqui pulando, tá tentando chamar atenção, Ju Aqui ó, oiiii, temos o meuzinho pessoal Que gracinha E tem um bloquinho de terra aqui ó Ai, tá camufladinho Então, olha que bonitinho Olha o olhinho bem fechadinho gente Tá dormindo Vamos deixar ele dormir então Aqui a gente tem o que, acho que cogumelos?""",Avaliador_A,Avaliador_F
6,"Isso foi um barulho de explosão. Ah, não, eu preciso levar o time do Brasil pro outro vestiário. Eles não podem ver isso. Ô, anãos, vocês sujaram todo o estádio. Mas o que é isso aqui, boy? Eu não sei, os anãos fizeram cocô, eles sujaram tudo. E eu estou esperando o time do Brasil. Que barulho, que fez nada, rapaz, isso aqui foi você. Os anãos são tudo limpinhos, se você olhar atrás de você, tem até um cocô aqui, ó. O quê? Um cocô? Onde? É aqui, ó, bem no seu bumbum aqui, ó, tem um cocô aqui, ó. Isso foi você, rapaz. Tá, te limpar isso daí tudo, senão eu vou te dar no cepa à polícia. Não, mas não fui eu. Que raiva, eu vou ter que limpar o cocô. Ih, ih, ih, ih, ih. Olha o papai, ó, ele está limpando o cocô do seu anão. Ha, ha, ha! Tá fedendo, desde demais. Daru, o que você está fazendo aí? Volta aqui, eu estou te procurando esse tempo todo. Não, não vou. Ah, mano, o que que você está fazendo aí, hein? O que que você está fazendo aí? O bairro está sujo ainda, vá ter que me limpar esse trem, vai. Tá bom, desculpa, desculpa, treinador. Só porque eu quero assistir o próximo jogo da Copa.",0.8998715281486511,0.078458271920681,0.0216702707111835,NEG,0.8394290208816528,0.005995709914714,0.0799620002508163,0.0082517899572849,0.0870503187179565,0.0107715371996164,0.0737669393420219,0.5024724,Athos,Minecraft,QUEM VENCEU A COPA DO MUNDO DOS MOBS NO MINECRAFT [d01666UsKfU],,T,T,T,"🎬 Canal: Athos | 🎥 Vídeo: QUEM VENCEU A COPA DO MUNDO DOS MOBS NO MINECRAFT [d01666UsKfU]
⏱️ Segmento/Index: 6
──────────────────────────────────────────────────
Fala transcrita:
""Isso foi um barulho de explosão. Ah, não, eu preciso levar o time do Brasil pro outro vestiário. Eles não podem ver isso. Ô, anãos, vocês sujaram todo o estádio. Mas o que é isso aqui, boy? Eu não sei, os anãos fizeram cocô, eles sujaram tudo. E eu estou esperando o time do Brasil. Que barulho, que fez nada, rapaz, isso aqui foi você. Os anãos são tudo limpinhos, se você olhar atrás de você, tem até um cocô aqui, ó. O quê? Um cocô? Onde? É aqui, ó, bem no seu bumbum aqui, ó, tem um cocô aqui, ó. Isso foi você, rapaz. Tá, te limpar isso daí tudo, senão eu vou te dar no cepa à polícia. Não, mas não fui eu. Que raiva, eu vou ter que limpar o cocô. Ih, ih, ih, ih, ih. Olha o papai, ó, ele está limpando o cocô do seu anão. Ha, ha, ha! Tá fedendo, desde demais. Daru, o que você está fazendo aí? Volta aqui, eu estou te procurando esse tempo todo. Não, não vou. Ah, mano, o que que você está fazendo aí, hein? O que que você está fazendo aí? O bairro está sujo ainda, vá ter que me limpar esse trem, vai. Tá bom, desculpa, desculpa, treinador. Só porque eu quero assistir o próximo jogo da Copa.""",Avaliador_A,Avaliador_F
1,nederita vai ser incrível e eu quero mostrar todo esse processo aí pra vocês vão ter várias coisas legais a gente vai criar e testar claro esses itens todos então assistam esse vídeo até o final se inscrevam aqui no canal ativem o sininho de notificações e claro não esquece de deixar o like aí embaixo clica no botão de gostei fechou então sem enrolação vamos começar aqui o nosso processo de criação eu tô bem organizado né vocês estão vendo aqui no primeiro baú eu coloquei esses itens mais tradicionais que todo mundo conhece dá pra ser feito aí com o minério de nederita nesse segundo aqui eu coloquei os itens que eu quero transformar em itens de nederita por último nesse baú aqui eu coloquei também alguns bônus digamos assim que já já vocês vão entender tá bom pra toda essa criação aqui que a gente vai fazer pra todos esses itens nós utilizaremos essa bancada de melhoria né pessoal onde é possível tá melhorando o nosso equipamento aí eu esqueci o nome desse bloco cara eu realmente,0.0260693188756704,0.1548694223165512,0.819061279296875,POS,0.0014378840569406,0.0061264093965291,0.0433517470955848,0.0079226614907383,0.0433155409991741,0.0026700622402131,0.0010996038326993,0.112953395,JP Plays,Minecraft,COMO FAZER OS NOVOS ITENS DE NETHERITE NO MINECRAFT  conheça todos eles [F-6woqvcGOU],,NT,NT,NT,"🎬 Canal: JP Plays | 🎥 Vídeo: COMO FAZER OS NOVOS ITENS DE NETHERITE NO MINECRAFT  conheça todos eles [F-6woqvcGOU]
⏱️ Segmento/Index: 1
──────────────────────────────────────────────────
Fala transcrita:
""nederita vai ser incrível e eu quero mostrar todo esse processo aí pra vocês vão ter várias coisas legais a gente vai criar e testar claro esses itens todos então assistam esse vídeo até o final se inscrevam aqui no canal ativem o sininho de notificações e claro não esquece de deixar o like aí embaixo clica no botão de gostei fechou então sem enrolação vamos começar aqui o nosso processo de criação eu tô bem organizado né vocês estão vendo aqui no primeiro baú eu coloquei esses itens mais tradicionais que todo mundo conhece dá pra ser feito aí com o minério de nederita nesse segundo aqui eu coloquei os itens que eu quero transformar em itens de nederita por último nesse baú aqui eu coloquei também alguns bônus digamos assim que já já vocês vão entender tá bom pra toda essa criação aqui que a gente vai fazer pra todos esses itens nós utilizaremos essa bancada de melhoria né pessoal onde é possível tá melhorando o nosso equipamento aí eu esqueci o nome desse bloco cara eu realmente""",Avaliador_A,Avaliador_F
8,"Meio assustadora, parada, olhando assustada Eu hein, e aí a gente não consegue entrar? Dá para andar com esse carro aqui? Dá! E aqui nós temos uma roda gigante Ali nós temos a Pigzinha Penny E aqui nós temos o cinema É um dos únicos lugares que dá para entrar Porém, também precisa de chave E a gente viu que o sistema de chave dessas coisas está meio falso, né? Não está funcionando, mas olha só o que tem ali dentro galera Um filme de terror do Sr.",0.2651901245117187,0.6989056468009949,0.0359042137861251,NEU,0.0794050544500351,0.0015663204248994,0.0388100259006023,0.0023171161301434,0.0184386391192674,0.0007029657717794,0.003490851027891,0.119997114,Papile,Roblox,NOVO MAPA SECRETO DA PIGGY NO ADOPT ME ROBLOX [egpm4tXDcNw],,NT,NT,NT,"🎬 Canal: Papile | 🎥 Vídeo: NOVO MAPA SECRETO DA PIGGY NO ADOPT ME ROBLOX [egpm4tXDcNw]
⏱️ Segmento/Index: 8
──────────────────────────────────────────────────
Fala transcrita:
""Meio assustadora, parada, olhando assustada Eu hein, e aí a gente não consegue entrar? Dá para andar com esse carro aqui? Dá! E aqui nós temos uma roda gigante Ali nós temos a Pigzinha Penny E aqui nós temos o cinema É um dos únicos lugares que dá para entrar Porém, também precisa de chave E a gente viu que o sistema de chave dessas coisas está meio falso, né? Não está funcionando, mas olha só o que tem ali dentro galera Um filme de terror do Sr.""",Avaliador_A,Avaliador_F
5,"Talvez Fiquem atentos para a próxima Episódia A pessoa que tá parada aqui 30 segundos Ai, acho que eu consegui Tempo Tic tac, tic tac, tic tac Ai, passou reto Gente, eles não enxergam a minha sala? Eles passam reto, como assim? Gente, eu só vou me esconder nesse lugar Melhor lugar ever Ai, a pessoa pisou em cima de mim e vazou Ai, meu Deus Mãe, o que você é? Eu vou falar Eu era uma... AAH, ME ACHUOU Eu era uma bancada Conseguimos Eu acredito no final, eu não consegui Olha só quem eu sou, bora lá Bora lá Deixa eu ver que eu tenho aqui muita família Aqui perto de mim Você tem?",0.0436212085187435,0.2496494352817535,0.7067293524742126,POS,0.2679231464862823,0.0076768300496041,0.0563256852328777,0.0056188590824604,0.0373643450438976,0.0036635033320635,0.0072986036539077,0.27412915,Julia MineGirl,Roblox,MELHORES ESCONDERIJOS Minecraft Esconde-Esconde [yDoiJ_57poU],,GZ,GZ,GZ,"🎬 Canal: Julia MineGirl | 🎥 Vídeo: MELHORES ESCONDERIJOS Minecraft Esconde-Esconde [yDoiJ_57poU]
⏱️ Segmento/Index: 5
──────────────────────────────────────────────────
Fala transcrita:
""Talvez Fiquem atentos para a próxima Episódia A pessoa que tá parada aqui 30 segundos Ai, acho que eu consegui Tempo Tic tac, tic tac, tic tac Ai, passou reto Gente, eles não enxergam a minha sala? Eles passam reto, como assim? Gente, eu só vou me esconder nesse lugar Melhor lugar ever Ai, a pessoa pisou em cima de mim e vazou Ai, meu Deus Mãe, o que você é? Eu vou falar Eu era uma... AAH, ME ACHUOU Eu era uma bancada Conseguimos Eu acredito no final, eu não consegui Olha só quem eu sou, bora lá Bora lá Deixa eu ver que eu tenho aqui muita família Aqui perto de mim Você tem?""",Avaliador_A,Avaliador_F
38,"O ovo está prestes a chocar. Consigo sentir seus pequenos respiros e batimentos cardíacos. Só tenho que me esforçar um pouco mais. Eu deixo-me tentar mais um pouco. Eu acho que o ovo... Ah não, não, não. Agora não. Pra onde será que ele foi? Se ele se machucar, então meus pobres filhos, meus dois pobres filhos... Você tem dois filhos? Ele saiu correndo quando eu estava ocupado, não sei para onde. Ah não! E se ele saiu? Mas suas asas! E este ovo? Eu preciso chocar esse ovo. Ambos são meus filhos. O que devemos... Por favor, você pode me ajudar a encontrar meu filho? Ele não pode estar longe. Eu sei, eu sou uma péssima mãe. Tá, eu acho que essa mãe aqui vai me dar uma recompensa se eu achar o filho dela então, né? Vou conversar com essas criaturas aqui. Corujinha, ele provavelmente já se foi. Tem asa, certo? Certo. Então eu acho que a gente continua... Opa, o gato viu alguma coisa. O que foi? Você acha que ele está aqui?",0.4147507846355438,0.5034965872764587,0.0817525833845138,NEU,0.090416818857193,0.0004609574971254,0.0674940943717956,0.0004446907842066,0.0232781823724508,0.0008466297877021,0.0044736349955201,0.16765249,Tex HS,Roblox,QUASE 2 HORAS NUM MUSEU ASSUSTADOR Cat Museum [sKEZCO69zFc],,NT,NT,NT,"🎬 Canal: Tex HS | 🎥 Vídeo: QUASE 2 HORAS NUM MUSEU ASSUSTADOR Cat Museum [sKEZCO69zFc]
⏱️ Segmento/Index: 38
──────────────────────────────────────────────────
Fala transcrita:
""O ovo está prestes a chocar. Consigo sentir seus pequenos respiros e batimentos cardíacos. Só tenho que me esforçar um pouco mais. Eu deixo-me tentar mais um pouco. Eu acho que o ovo... Ah não, não, não. Agora não. Pra onde será que ele foi? Se ele se machucar, então meus pobres filhos, meus dois pobres filhos... Você tem dois filhos? Ele saiu correndo quando eu estava ocupado, não sei para onde. Ah não! E se ele saiu? Mas suas asas! E este ovo? Eu preciso chocar esse ovo. Ambos são meus filhos. O que devemos... Por favor, você pode me ajudar a encontrar meu filho? Ele não pode estar longe. Eu sei, eu sou uma péssima mãe. Tá, eu acho que essa mãe aqui vai me dar uma recompensa se eu achar o filho dela então, né? Vou conversar com essas criaturas aqui. Corujinha, ele provavelmente já se foi. Tem asa, certo? Certo. Então eu acho que a gente continua... Opa, o gato viu alguma coisa. O que foi? Você acha que ele está aqui?""",Avaliador_A,Avaliador_F
11,"Ai, eu tô nas casas? Ai, a Ju se mandou, gente, me largou com o bicho aqui. Onde que eu tô? A gente só tem cinco minutos, a gente não vai conseguir. Galera, onde é que coloca esse código? Tá, a gente precisa achar uma sala pra colocar esse código. Uma sala? Ai, meu Deus, o bicho tá lá ali. A sala ali. Ai, eu tô com muito medo. Ai, eu achei uma sala nova. Mãe? Mãe? Calma, tá tudo piscando. Ai, calma. Galera. Calma. O que é o bicho? Tá aí, Ju? O que é isso? Meu Deus! Onde você tá? Eu vi uma luz vermelha. Ju, você quer me matar do coração? Eu quero saber onde você tá. Gente! Ai, eu tô com medo. Ju, eu quero você, Ju. Eu tô com medo, por favor. Onde que você tá? Eu não sei. Mas eu também não sei. Ju! Mãe! Gente! E agora? A Ju se mandou, gente. Eu não me mandei. Me largou pro bicho papão. Eu soma e salvei, diferente.",0.8625928163528442,0.1132659688591957,0.0241412222385406,NEG,0.3435042202472687,0.0023770378902554,0.0374667420983314,0.002464557532221,0.0398926548659801,0.0060144527815282,0.0102534014731645,0.25462922,Julia MineGirl,Roblox,Roblox - TERROR NO LABORATÓRIO Project Terror [jlZqrl2v2XA],,GZ,GZ,GZ,"🎬 Canal: Julia MineGirl | 🎥 Vídeo: Roblox - TERROR NO LABORATÓRIO Project Terror [jlZqrl2v2XA]
⏱️ Segmento/Index: 11
──────────────────────────────────────────────────
Fala transcrita:
""Ai, eu tô nas casas? Ai, a Ju se mandou, gente, me largou com o bicho aqui. Onde que eu tô? A gente só tem cinco minutos, a gente não vai conseguir. Galera, onde é que coloca esse código? Tá, a gente precisa achar uma sala pra colocar esse código. Uma sala? Ai, meu Deus, o bicho tá lá ali. A sala ali. Ai, eu tô com muito medo. Ai, eu achei uma sala nova. Mãe? Mãe? Calma, tá tudo piscando. Ai, calma. Galera. Calma. O que é o bicho? Tá aí, Ju? O que é isso? Meu Deus! Onde você tá? Eu vi uma luz vermelha. Ju, você quer me matar do coração? Eu quero saber onde você tá. Gente! Ai, eu tô com medo. Ju, eu quero você, Ju. Eu tô com medo, por favor. Onde que você tá? Eu não sei. Mas eu também não sei. Ju! Mãe! Gente! E agora? A Ju se mandou, gente. Eu não me mandei. Me largou pro bicho papão. Eu soma e salvei, diferente.""",Avaliador_A,Avaliador_F
1,"Esse título de vídeo ficou foda viu véi Combinou comigo né, mestre de alegórios esse aqui Então é isso rapaziada, a brincadeira do mestre mandou vai funcionar na seguinte forma Cada rodada, cada partida um de nós dois, um de nós três na verdade vai ser o mestre E o mestre durante a partida pode lançar desafios Tipo o mestre mandou agora vocês fazerem isso e os outros tem que fazer aquilo Se não fizer Vai sofrer Benitez e vai de um calabouço da morte Fico meio do próprio moleque Isso não é normal não, ele não faz isso pra gente Então o primeiro vai ser o Hobbs, depois vai ser o Boca e depois vai ser eu, beleza? Caiu a internet de moto Eu não, tô aqui Então sem mais elongas vamos para o vídeo Vem, puxa a vinheta Então é isso, o Hobbs ele é o mestre e eu e o Boca estamos de roupa de boot Então é isso, vamos para o... Ó o mestre mandou vocês passar direto sem parar, vai Abre a varinha, vai Boca, vai Boca Vai, vai, vai, vai, vai Eu tentei, eu tentei Tem que ser sempre com emoção, vai, vai, vai Com emoção né, vai, vai sem parar Ó o mestre indo, ó o mestre indo Tô tentando mestre, vai Boca, vai Boca O mestre tá mandando Tô indo, tô indo, tô indo Ah, e ele achou mais um Olha ele conseguiu, ó Opa, olha aí, olha aí, tu viu aí Ele não vai ficar lá boço, deixa eu ver o Boca Ele vai tentar o pulo e ele conseguiu Ah, é isso aí, você viu?",0.0485695153474807,0.1398143917322158,0.8116161227226257,POS,0.9047298431396484,0.0133743565529584,0.0707673653960228,0.0056985425762832,0.0495109893381595,0.003003928810358,0.0599000006914138,0.51980776,meu nome é david,Roblox,O MESTRE MANDOU NO STUMBLE GUYS COM BOCA DE 09  DESAFIOS IMPOSSIVEIS [j8U9nS7GERY],,T,T,T,"🎬 Canal: meu nome é david | 🎥 Vídeo: O MESTRE MANDOU NO STUMBLE GUYS COM BOCA DE 09  DESAFIOS IMPOSSIVEIS [j8U9nS7GERY]
⏱️ Segmento/Index: 1
──────────────────────────────────────────────────
Fala transcrita:
""Esse título de vídeo ficou foda viu véi Combinou comigo né, mestre de alegórios esse aqui Então é isso rapaziada, a brincadeira do mestre mandou vai funcionar na seguinte forma Cada rodada, cada partida um de nós dois, um de nós três na verdade vai ser o mestre E o mestre durante a partida pode lançar desafios Tipo o mestre mandou agora vocês fazerem isso e os outros tem que fazer aquilo Se não fizer Vai sofrer Benitez e vai de um calabouço da morte Fico meio do próprio moleque Isso não é normal não, ele não faz isso pra gente Então o primeiro vai ser o Hobbs, depois vai ser o Boca e depois vai ser eu, beleza? Caiu a internet de moto Eu não, tô aqui Então sem mais elongas vamos para o vídeo Vem, puxa a vinheta Então é isso, o Hobbs ele é o mestre e eu e o Boca estamos de roupa de boot Então é isso, vamos para o... Ó o mestre mandou vocês passar direto sem parar, vai Abre a varinha, vai Boca, vai Boca Vai, vai, vai, vai, vai Eu tentei, eu tentei Tem que ser sempre com emoção, vai, vai, vai Com emoção né, vai, vai sem parar Ó o mestre indo, ó o mestre indo Tô tentando mestre, vai Boca, vai Boca O mestre tá mandando Tô indo, tô indo, tô indo Ah, e ele achou mais um Olha ele conseguiu, ó Opa, olha aí, olha aí, tu viu aí Ele não vai ficar lá boço, deixa eu ver o Boca Ele vai tentar o pulo e ele conseguiu Ah, é isso aí, você viu?""",Avaliador_A,Avaliador_F
38,"Desceu. Carregou. Espanhou o poder. Subiu. Enchamou. Botou pra essa posição. E assim vai ficar o emoji força predadora. E aí, saia de tropa. Agora eu vou ensinar vocês a fazer o emoji da múmia. Foi o emoji que veio naquele espaço lá do... do Egito. Do Egito. Onde tem areia, pedra e rio nido. Água. Mas também ali não tem água. E aí, tropa. O emoji, ó. Basicamente você vai primeiro dar um pulinho pra cá, ó. Aí essa mão aqui, ó. A mão esquerda. Ela fica por trás. E a mão direita fica aqui, ó. Abaixada, ó. Aí você vai fazer isso, ó. Aqui, ó. Desce. Desce. Desce o supapa aqui, ó. E nesse supapa aqui você vai mexer a cabeça junto, ó. Como se fosse um pombo, ó. Um. Prrrr. Prrrr. Prrrr. Depois que você mexer a cabeça, aí o que você vai fazer? Você vai mexer a perna, ó.",0.058645874261856,0.8552246689796448,0.0861295014619827,NEU,0.4345792829990387,0.0009489241056144,0.0273387413471937,0.0004848402750212,0.0555219165980815,0.0718154311180114,0.0089534446597099,0.28857216,meu nome é david,Roblox,ENSINANDO OS EMOTES DO FREE FIRE - SUPER COMPILADOS [990AK2F9O_M],,GZ,GZ,GZ,"🎬 Canal: meu nome é david | 🎥 Vídeo: ENSINANDO OS EMOTES DO FREE FIRE - SUPER COMPILADOS [990AK2F9O_M]
⏱️ Segmento/Index: 38
──────────────────────────────────────────────────
Fala transcrita:
""Desceu. Carregou. Espanhou o poder. Subiu. Enchamou. Botou pra essa posição. E assim vai ficar o emoji força predadora. E aí, saia de tropa. Agora eu vou ensinar vocês a fazer o emoji da múmia. Foi o emoji que veio naquele espaço lá do... do Egito. Do Egito. Onde tem areia, pedra e rio nido. Água. Mas também ali não tem água. E aí, tropa. O emoji, ó. Basicamente você vai primeiro dar um pulinho pra cá, ó. Aí essa mão aqui, ó. A mão esquerda. Ela fica por trás. E a mão direita fica aqui, ó. Abaixada, ó. Aí você vai fazer isso, ó. Aqui, ó. Desce. Desce. Desce o supapa aqui, ó. E nesse supapa aqui você vai mexer a cabeça junto, ó. Como se fosse um pombo, ó. Um. Prrrr. Prrrr. Prrrr. Depois que você mexer a cabeça, aí o que você vai fazer? Você vai mexer a perna, ó.""",Avaliador_A,Avaliador_F
3,"Eu não tá... Pera aí, por que não tá funcionando? Ah, eu tava clicando na tecla errada, galera. Foi bom ou não? Não sei se o jogo gostou ou não. A primeira música não valeu, pera aí. Ó, bro, aham, yo, bro, ye, aham, yo, yo, aham, bro. Esse rap ficou da hora, hein, galera. Vai vender milhões. Vai ter milhões de plays no Spotify. Se eles aceitarem o meu rap lá, né? Enfim. Aí eu não sei, depois que eu faço esse CD... Ah, aqui, ó, tem uma cestinha, ó. Pegar CDs. Eu gravei duas músicas. Com isso eu tenho dois CDs. O meu violãozinho tá ali, ó. E agora, pessoal, eu vou falar com a Julia. Tem um monte de Julia. O game pega os amigos e coloca aqui, ó. Julinha, quer comprar meu CD ou não? Meu Deus! Saia da minha frente, seu tolo. E me agrediu. E você quer comprar meu CD? Meu Deus do céu, deve ter ficado muito ruim mesmo. Julinha, ninguém quer meu CD aí, pessoal. Ó, Cris, você é minha última esperança. Opa, nice track, my boy. Ela falou assim, música boa, meu querido.",0.5998411178588867,0.3622187376022339,0.0379401110112667,NEG,0.7193869352340698,0.0067335818894207,0.0441085137426853,0.006460762117058,0.060888048261404,0.0039999913424253,0.0065627447329461,0.3250515,Tex HS,Roblox,MINHA MÃE NÃO ACREDITA EM MIM Roblox Prove Mom Wrong By Being a Famous Rapper [4FdSbUSZ3Gs],,GZ,GZ,GZ,"🎬 Canal: Tex HS | 🎥 Vídeo: MINHA MÃE NÃO ACREDITA EM MIM Roblox Prove Mom Wrong By Being a Famous Rapper [4FdSbUSZ3Gs]
⏱️ Segmento/Index: 3
──────────────────────────────────────────────────
Fala transcrita:
""Eu não tá... Pera aí, por que não tá funcionando? Ah, eu tava clicando na tecla errada, galera. Foi bom ou não? Não sei se o jogo gostou ou não. A primeira música não valeu, pera aí. Ó, bro, aham, yo, bro, ye, aham, yo, yo, aham, bro. Esse rap ficou da hora, hein, galera. Vai vender milhões. Vai ter milhões de plays no Spotify. Se eles aceitarem o meu rap lá, né? Enfim. Aí eu não sei, depois que eu faço esse CD... Ah, aqui, ó, tem uma cestinha, ó. Pegar CDs. Eu gravei duas músicas. Com isso eu tenho dois CDs. O meu violãozinho tá ali, ó. E agora, pessoal, eu vou falar com a Julia. Tem um monte de Julia. O game pega os amigos e coloca aqui, ó. Julinha, quer comprar meu CD ou não? Meu Deus! Saia da minha frente, seu tolo. E me agrediu. E você quer comprar meu CD? Meu Deus do céu, deve ter ficado muito ruim mesmo. Julinha, ninguém quer meu CD aí, pessoal. Ó, Cris, você é minha última esperança. Opa, nice track, my boy. Ela falou assim, música boa, meu querido.""",Avaliador_A,Avaliador_F
4,"Se bem que ta assim, vai lá pegar teu remédio, ta bem maluca To indo, to indo Beleza Eduarda, vamos lá minerar né, porque a gente ta perdendo tempo, a gente tem que pegar diamante garota É verdade Marcelo, eu gosto de minerar Também gosto, eu tenho medo nenhum Na verdade isso me lembra um negócio muito engraçado, antigamente quando eu ia minerar eu tinha muito medo do Herobrine Mas hoje em dia eu não tenho medo não, ele é de mentira Ah, você não tem mais medo do Herobrine Eduarda? Não Então vai na frente que resolveu o negócio ali Ah, oi, oi, a Galinha ta me chamando, oi Galinha, oi Galinha, fala, o que que você ta me chamando ai? Chamei ninguém não filho, ta doido? Ta chamando sim garoto, fica quieto que você ta me chamando Ta me chamando sim, já volto ta E o Marcelo ta ficando maluquinho gente, eu vou minerar e eu vou conseguir diamante primeiro que ele Eu to ficando maluquinho? Eu pensei que eu já era Só tem uma coisa que Eduarda não sabe, eu virei o Herobrine galera Não, não, na vida real não, no jogo ta galera, aqui ó, Herobrine Pelo amor de Deus Marcelo, eu to com saudade sua filho, cadê você?",0.1939524859189987,0.5075449347496033,0.2985025644302368,NEU,0.5088648200035095,0.0082602817565202,0.0511214770376682,0.0069378037005662,0.0474388413131237,0.0034539073240011,0.0108733186498284,0.3048984,Marcelodrv,Minecraft,7 Jeitos de ASSUSTAR SEU AMIGO no Minecraft [mIudC224ho0],,GZ,GZ,GZ,"🎬 Canal: Marcelodrv | 🎥 Vídeo: 7 Jeitos de ASSUSTAR SEU AMIGO no Minecraft [mIudC224ho0]
⏱️ Segmento/Index: 4
──────────────────────────────────────────────────
Fala transcrita:
""Se bem que ta assim, vai lá pegar teu remédio, ta bem maluca To indo, to indo Beleza Eduarda, vamos lá minerar né, porque a gente ta perdendo tempo, a gente tem que pegar diamante garota É verdade Marcelo, eu gosto de minerar Também gosto, eu tenho medo nenhum Na verdade isso me lembra um negócio muito engraçado, antigamente quando eu ia minerar eu tinha muito medo do Herobrine Mas hoje em dia eu não tenho medo não, ele é de mentira Ah, você não tem mais medo do Herobrine Eduarda? Não Então vai na frente que resolveu o negócio ali Ah, oi, oi, a Galinha ta me chamando, oi Galinha, oi Galinha, fala, o que que você ta me chamando ai? Chamei ninguém não filho, ta doido? Ta chamando sim garoto, fica quieto que você ta me chamando Ta me chamando sim, já volto ta E o Marcelo ta ficando maluquinho gente, eu vou minerar e eu vou conseguir diamante primeiro que ele Eu to ficando maluquinho? Eu pensei que eu já era Só tem uma coisa que Eduarda não sabe, eu virei o Herobrine galera Não, não, na vida real não, no jogo ta galera, aqui ó, Herobrine Pelo amor de Deus Marcelo, eu to com saudade sua filho, cadê você?""",Avaliador_A,Avaliador_F
9,"Ninguém! Ninguém, ninguém. Isso aqui é meu. O que é meu é meu. Até porque faz sentido, né? O que é meu ser meu. É, no caso, tá Marcelo e DRV aqui, né? É, tá escrito meu nome, então é meu, galera. Marcelo e Duda, vocês de novo. Ué, eu aqui de novo é porque eu moro aqui, né, Levi? Pra onde que eu estaria, meu filho? Claro que eu tô aqui. Doidão. Ele é doido, Eduarda. Hoje eu vou conseguir vencer vocês e pegar a placa de ouro. Ela vai ser minha. Levi, é impossível você chegar até aqui. A gente fez sete construções seguras. Pra ninguém e nenhum YouTuber passar, né, Eduarda? Ah, ele é muito bobinho. Ele acha que ele vai conseguir fazer alguma coisa. Inclusive, não tem nada aqui. É só dar pra frente. Pra passar, olha lá. Olha lá, Eduarda. É isso? Essa placa tá machucando. Ele vai morrendo. É! Eduarda, mais um YouTuber que não conseguiu passar. A gente tá com tudo, hein, Marcelo? Deixa eu dar um beijinho aqui nela. Dei um beijinho aqui na minha placa. O que foi, Eduarda? Marcelo tá ficando cada vez mais maluco.",0.1083344519138336,0.7266468405723572,0.1650187075138092,NEU,0.3826172947883606,0.0035269542131572,0.0396754033863544,0.0039093680679798,0.0682030171155929,0.0049976133741438,0.0017454952467232,0.25915736,Marcelodrv,Minecraft,7 Hacks de construção SEGURA contra os YOUTUBERS [BuD4a2sY1iQ],,GZ,GZ,GZ,"🎬 Canal: Marcelodrv | 🎥 Vídeo: 7 Hacks de construção SEGURA contra os YOUTUBERS [BuD4a2sY1iQ]
⏱️ Segmento/Index: 9
──────────────────────────────────────────────────
Fala transcrita:
""Ninguém! Ninguém, ninguém. Isso aqui é meu. O que é meu é meu. Até porque faz sentido, né? O que é meu ser meu. É, no caso, tá Marcelo e DRV aqui, né? É, tá escrito meu nome, então é meu, galera. Marcelo e Duda, vocês de novo. Ué, eu aqui de novo é porque eu moro aqui, né, Levi? Pra onde que eu estaria, meu filho? Claro que eu tô aqui. Doidão. Ele é doido, Eduarda. Hoje eu vou conseguir vencer vocês e pegar a placa de ouro. Ela vai ser minha. Levi, é impossível você chegar até aqui. A gente fez sete construções seguras. Pra ninguém e nenhum YouTuber passar, né, Eduarda? Ah, ele é muito bobinho. Ele acha que ele vai conseguir fazer alguma coisa. Inclusive, não tem nada aqui. É só dar pra frente. Pra passar, olha lá. Olha lá, Eduarda. É isso? Essa placa tá machucando. Ele vai morrendo. É! Eduarda, mais um YouTuber que não conseguiu passar. A gente tá com tudo, hein, Marcelo? Deixa eu dar um beijinho aqui nela. Dei um beijinho aqui na minha placa. O que foi, Eduarda? Marcelo tá ficando cada vez mais maluco.""",Avaliador_A,Avaliador_F
41,"Nem todo mundo tem um desse né, seu desumilde, eu jogo um pocket cara, agora pronto, e eu tenho culpa é? Oxe, eu vou ele abraçar, peraí, peraí, eu tô relogando aqui, vai dar certo, o celular veio, aí, aí, voltou, voltou, já foi acabar o lobby, meu. Sua batalha, seu estilo. Oxe cara, avião, lobby, oxe, eu me liguei agora, não era pra ter lobby nem avião não, tu colocou 4v4 não, foi. Ih rapaz, criei errado, ui, criei foi mapa aberto, que vacilo, nunca imaginei que criaria no mapa aberto, era pra ter sido 4v4 não era? Ai, ai, viu bicho, tu não sabe nem criar, por isso que emulador é pior do mundo, cadê que se lute mais no celular, tu prometeu o vacilo deles? Agora pronto, eu te não nem ligo, puro lugar em qualquer lugar pra não lutear que vai dar certo mesmo jeito esse x1 pula. É agora tu, mas tu aprendeu, não foi a regra do x1, não foi vacilando?",0.6267922520637512,0.3220595121383667,0.0511482656002044,NEG,0.4360108971595764,0.0037693262565881,0.0462715066969394,0.0029731350950896,0.0551485493779182,0.0079624885693192,0.0078271562233567,0.36043653,meu nome é david,Roblox,X1 DOS CRIAS NA VIDA REAL   SUPER COMPILADOS [j-FPKmfw-c8],,GZ,GZ,GZ,"🎬 Canal: meu nome é david | 🎥 Vídeo: X1 DOS CRIAS NA VIDA REAL   SUPER COMPILADOS [j-FPKmfw-c8]
⏱️ Segmento/Index: 41
──────────────────────────────────────────────────
Fala transcrita:
""Nem todo mundo tem um desse né, seu desumilde, eu jogo um pocket cara, agora pronto, e eu tenho culpa é? Oxe, eu vou ele abraçar, peraí, peraí, eu tô relogando aqui, vai dar certo, o celular veio, aí, aí, voltou, voltou, já foi acabar o lobby, meu. Sua batalha, seu estilo. Oxe cara, avião, lobby, oxe, eu me liguei agora, não era pra ter lobby nem avião não, tu colocou 4v4 não, foi. Ih rapaz, criei errado, ui, criei foi mapa aberto, que vacilo, nunca imaginei que criaria no mapa aberto, era pra ter sido 4v4 não era? Ai, ai, viu bicho, tu não sabe nem criar, por isso que emulador é pior do mundo, cadê que se lute mais no celular, tu prometeu o vacilo deles? Agora pronto, eu te não nem ligo, puro lugar em qualquer lugar pra não lutear que vai dar certo mesmo jeito esse x1 pula. É agora tu, mas tu aprendeu, não foi a regra do x1, não foi vacilando?""",Avaliador_A,Avaliador_F
1,"Eu acho que vai ser muito engraçado, então fiquem de olho nessa transformação A primeira coisa que eu vou fazer é tirar o meu cabelo e vou usar aqui essa cabeça de pig Vamos começando, vai ficar muito legal Então olha só que está já a minha cabeça de pig Agora eu vou colocar o corpo super fortão Opa!",0.0029867505654692,0.023258963599801,0.9737542867660522,POS,0.4253468811511993,0.0081239677965641,0.0556580238044261,0.0067663467489182,0.0476513430476188,0.0050737117417156,0.0137694906443357,0.28547668,Papile,Roblox,VIREI UMA PIGGY SUPER FORTE PARA JOGAR PIGGY NO ROBLOX MUITO ENGRAÇADO [nBWxKQ-uO1U],,GZ,GZ,GZ,"🎬 Canal: Papile | 🎥 Vídeo: VIREI UMA PIGGY SUPER FORTE PARA JOGAR PIGGY NO ROBLOX MUITO ENGRAÇADO [nBWxKQ-uO1U]
⏱️ Segmento/Index: 1
──────────────────────────────────────────────────
Fala transcrita:
""Eu acho que vai ser muito engraçado, então fiquem de olho nessa transformação A primeira coisa que eu vou fazer é tirar o meu cabelo e vou usar aqui essa cabeça de pig Vamos começando, vai ficar muito legal Então olha só que está já a minha cabeça de pig Agora eu vou colocar o corpo super fortão Opa!""",Avaliador_A,Avaliador_F
2,"Parece que são 17 É Tomara, pessoal, vamos ver Isso aqui é fácil Nossa, você é o Mario? Não, não, não Que isso girando Ah, morri Você morreu? Eu consegui Saiu corpinho pra tudo quanto é lado aqui Calma, calma Vai dar ruim de novo Consegui Nossa, consegui, consegui Agora a gente vai pro 4 Bora, bora, bora Tô morrendo rápido até, hein? Sim, a gente tá indo bem, só morri uma vez até agora Eu não morri nenhuma, espero continuar desse jeito Peraí, tô chegando Ok, vamos ver ali, pessoal Vamos pular Ah, ali também tá girando, hein, mãe? Ali também tá girando Ai, não, gente Ah, já morri Nossa, olha o jeito que a gente cai Mamê, eu bati bem na quininha Sério, Ju?",0.2424517124891281,0.6732102036476135,0.0843380764126777,NEU,0.6140400767326355,0.0098635563626885,0.0610463470220565,0.0048555182293057,0.0449769459664821,0.0131265074014663,0.0108914878219366,0.26104406,Julia MineGirl,Roblox,Roblox - QUEDA-LIVRE NO ARCO-ÍRIS The Dropper [0Q_3M8RocsA],,GZ,GZ,GZ,"🎬 Canal: Julia MineGirl | 🎥 Vídeo: Roblox - QUEDA-LIVRE NO ARCO-ÍRIS The Dropper [0Q_3M8RocsA]
⏱️ Segmento/Index: 2
──────────────────────────────────────────────────
Fala transcrita:
""Parece que são 17 É Tomara, pessoal, vamos ver Isso aqui é fácil Nossa, você é o Mario? Não, não, não Que isso girando Ah, morri Você morreu? Eu consegui Saiu corpinho pra tudo quanto é lado aqui Calma, calma Vai dar ruim de novo Consegui Nossa, consegui, consegui Agora a gente vai pro 4 Bora, bora, bora Tô morrendo rápido até, hein? Sim, a gente tá indo bem, só morri uma vez até agora Eu não morri nenhuma, espero continuar desse jeito Peraí, tô chegando Ok, vamos ver ali, pessoal Vamos pular Ah, ali também tá girando, hein, mãe? Ali também tá girando Ai, não, gente Ah, já morri Nossa, olha o jeito que a gente cai Mamê, eu bati bem na quininha Sério, Ju?""",Avaliador_A,Avaliador_F
2,"Eu pertubei só um pouquinho, tá? Só um pouquinho. Provavelmente ela se perdeu no mapa ou eu me perdi, porque a gente não tava se encontrando. Em isso tava todo mundo rindo na cao, mas aí nos achamos e começou a treta. Ai! Ela me deu dano e ruchou em mim, mas eu consegui dar um 150, botar um gel e matar ela. Ô cagada! Eu sou muito audaciosa. O x1 tava pau a pau, olha a Grécia aqui. 150, rucha! A Scarlett apelona! Sinto que serei cancelada. Lá fui eu deitar pra dar o famoso poke da Scarlett. Nesse momento todo mundo da cao começou a gritar falando que eu queria matar ela deitada. Ahahahah! Só que infelizmente ela não veio pela rota pra matar ela. Mas eu encontrei a Ruivinha correndo aqui. 150. Ruchei nela e matei. Grécia, pelo amor de Deus, reage. Eu fui oficialmente proibida de usar minha WM. Estava tudo perdido, olha o meu life. Então eu fiz a minha muralha pra conseguir me esquivar dela.",0.6614730954170227,0.2892111539840698,0.0493157543241977,NEG,0.8779940605163574,0.007306142244488,0.1951261311769485,0.0061178733594715,0.0721785053610801,0.1731737107038498,0.0128182806074619,0.52811706,Amy Scarlet,Roblox,AmyScarlet x Grécia [NakTAV7r8gU],,T,T,T,"🎬 Canal: Amy Scarlet | 🎥 Vídeo: AmyScarlet x Grécia [NakTAV7r8gU]
⏱️ Segmento/Index: 2
──────────────────────────────────────────────────
Fala transcrita:
""Eu pertubei só um pouquinho, tá? Só um pouquinho. Provavelmente ela se perdeu no mapa ou eu me perdi, porque a gente não tava se encontrando. Em isso tava todo mundo rindo na cao, mas aí nos achamos e começou a treta. Ai! Ela me deu dano e ruchou em mim, mas eu consegui dar um 150, botar um gel e matar ela. Ô cagada! Eu sou muito audaciosa. O x1 tava pau a pau, olha a Grécia aqui. 150, rucha! A Scarlett apelona! Sinto que serei cancelada. Lá fui eu deitar pra dar o famoso poke da Scarlett. Nesse momento todo mundo da cao começou a gritar falando que eu queria matar ela deitada. Ahahahah! Só que infelizmente ela não veio pela rota pra matar ela. Mas eu encontrei a Ruivinha correndo aqui. 150. Ruchei nela e matei. Grécia, pelo amor de Deus, reage. Eu fui oficialmente proibida de usar minha WM. Estava tudo perdido, olha o meu life. Então eu fiz a minha muralha pra conseguir me esquivar dela.""",Avaliador_A,Avaliador_F
0,"Tá, por que que tu fez essa toa, gay? Era uma surpresa, mas já viu, D4rk? Vou te derrubar? Tá, olha só, a gente vai ter que... A gente tá na barreira aqui de 100% E a gente vai ter que... Eu vou ter que te encontrar, tu vai virar um bicho Vai colocar um monte de bicho aqui na barreira E vai se disfarçar no meio dos bichos Eu vou ter que te encontrar, entendeu? Tá bom? Tá, fechou? Então, tá certinho aí, já, sabe como é que é? O aspas ali pra escolher o bicho Ou o inventário e tal Eu vou me esconder aqui então Tu dominado E aí tu faz os teus negócios aí Tá, tu tá dentro da casinha? Eu tô dentro da casinha aqui, tô escondido Ninguém tá, não tô vendo nada Só vou pegar minha espada e minha picareta pra sair daqui Tá, fechou então Eu vou ficar olhando pra baixo aqui pra não ver nada Deixa eu escolher o bicho aqui, ó Eu escolhi um bicho bem louco Não vai escolher um bicho gigantesco, né? Que...",0.2805675566196441,0.6794686317443848,0.0399638749659061,NEU,0.947181761264801,0.0140811447054147,0.0670221075415611,0.0212517157196998,0.0734547451138496,0.0064201620407402,0.182225614786148,0.5721988,Geleia,Minecraft,meu pai é um MOB IMPOSTOR no minecraft e tenho que encontrar [0gMohT5DtMw],,T,T,T,"🎬 Canal: Geleia | 🎥 Vídeo: meu pai é um MOB IMPOSTOR no minecraft e tenho que encontrar [0gMohT5DtMw]
⏱️ Segmento/Index: 0
──────────────────────────────────────────────────
Fala transcrita:
""Tá, por que que tu fez essa toa, gay? Era uma surpresa, mas já viu, D4rk? Vou te derrubar? Tá, olha só, a gente vai ter que... A gente tá na barreira aqui de 100% E a gente vai ter que... Eu vou ter que te encontrar, tu vai virar um bicho Vai colocar um monte de bicho aqui na barreira E vai se disfarçar no meio dos bichos Eu vou ter que te encontrar, entendeu? Tá bom? Tá, fechou? Então, tá certinho aí, já, sabe como é que é? O aspas ali pra escolher o bicho Ou o inventário e tal Eu vou me esconder aqui então Tu dominado E aí tu faz os teus negócios aí Tá, tu tá dentro da casinha? Eu tô dentro da casinha aqui, tô escondido Ninguém tá, não tô vendo nada Só vou pegar minha espada e minha picareta pra sair daqui Tá, fechou então Eu vou ficar olhando pra baixo aqui pra não ver nada Deixa eu escolher o bicho aqui, ó Eu escolhi um bicho bem louco Não vai escolher um bicho gigantesco, né? Que...""",Avaliador_A,Avaliador_F
8,"Ô, gente, eu acho que não sei o que vai ser, não. Avião! Só que eu não sei... Ah, avião! Avião? Avião? Avião, avião, avião que voa! Vai, vai, vai! Que voa, que voa! Gente... É o avião! É o aeroporto! É o aeroporto, gente! O aeroporto, olha isso! Que legal! Eu sempre quis ter o aeroporto só para mim! Eu sempre quis ter o aeroporto só para mim! O aeroporto! Não, é nosso! Não, é meu, Nica, é meu! Não, é nosso, é de todo mundo! É meu, Nica, é meu aeroporto! Não! Ai, folha! Eu estou comprando tudo, gente! Tudo, tudo, tudo! Ai, está chegando, está chegando! Está bonito, né? Tem até uma escada volante para cima! Ooooooooi! Wheeee! Ooooooooi! Wheeee! Ooooooooi! Gazei, gazei!",0.0812374427914619,0.6628556251525879,0.255906879901886,NEU,0.0109777292236685,0.0001715653197607,0.0067133479751646,0.0003028425853699,0.0020410935394465,0.0007539585931226,0.0007520344224758,0.1991664,Lokis,Roblox,HOTEL DO LOKIS NO MEIO DA ILHA  Roblox - Tropical Resort Tycoon [8D1BrxrDaQ0],,NT,NT,NT,"🎬 Canal: Lokis | 🎥 Vídeo: HOTEL DO LOKIS NO MEIO DA ILHA  Roblox - Tropical Resort Tycoon [8D1BrxrDaQ0]
⏱️ Segmento/Index: 8
──────────────────────────────────────────────────
Fala transcrita:
""Ô, gente, eu acho que não sei o que vai ser, não. Avião! Só que eu não sei... Ah, avião! Avião? Avião? Avião, avião, avião que voa! Vai, vai, vai! Que voa, que voa! Gente... É o avião! É o aeroporto! É o aeroporto, gente! O aeroporto, olha isso! Que legal! Eu sempre quis ter o aeroporto só para mim! Eu sempre quis ter o aeroporto só para mim! O aeroporto! Não, é nosso! Não, é meu, Nica, é meu! Não, é nosso, é de todo mundo! É meu, Nica, é meu aeroporto! Não! Ai, folha! Eu estou comprando tudo, gente! Tudo, tudo, tudo! Ai, está chegando, está chegando! Está bonito, né? Tem até uma escada volante para cima! Ooooooooi! Wheeee! Ooooooooi! Wheeee! Ooooooooi! Gazei, gazei!""",Avaliador_A,Avaliador_F
9,"Porque não tá dropando, mano. Eu achei que seria tipo sempre sem chance de dropar, sabe. Já tô vendo que não é exatamente o que eu tava pensando aí que é o negócio, mano. Tem Enderman aqui em cima, ó. Calma, eu tô com cinco pérolas. Eu preciso ali pra completar? Tem três, eu preciso de nove. Beleza, então vamos lá, mano. Cadê o Enderman? Ele veio pra cá? Ele veio pra cá, mano. Caraca. Não veio pérola, mano. Agonia! Tá, tem mais diamantes aqui. Eu vou pegar esses diamantes aqui. Peraí, vamos lá. Deixa eu ver se tem mais diamantes aqui perto. Não, não tem nada. Opa, tem mais Stronghold aqui. Ah, é a mesma, é a mesma. Beleza, então vamos subir aqui, ó, gente. Que eu tenho que... Nossa, ficou noite, mano. Nossa, eu ainda falei... Não, não vai atrapalhar isso aqui, tadia. Malditinhas, aranhas do veneno. Pronto, pronto. Sai, sai você. Sai, sai você. Sai, sai, sai. Sai, sai, sai, sai. Eu vou aqui pegar meus diamantinios. Eu vou pro Nether pegar os blazes, mano. Provavelmente vai ter uma fortaleza lá cheia de blaze e tal.",0.2033829092979431,0.7112948298454285,0.0853222757577896,NEU,0.4998347163200378,0.0032590073533356,0.2151955813169479,0.0015530207892879,0.0511009879410266,0.0102860676124691,0.0060551422648131,0.31963667,Geleia,Minecraft,zerando minecraft SEM SAIR DO CHUNK DE SPAWN [_fDN8xeSvB0],,GZ,GZ,GZ,"🎬 Canal: Geleia | 🎥 Vídeo: zerando minecraft SEM SAIR DO CHUNK DE SPAWN [_fDN8xeSvB0]
⏱️ Segmento/Index: 9
──────────────────────────────────────────────────
Fala transcrita:
""Porque não tá dropando, mano. Eu achei que seria tipo sempre sem chance de dropar, sabe. Já tô vendo que não é exatamente o que eu tava pensando aí que é o negócio, mano. Tem Enderman aqui em cima, ó. Calma, eu tô com cinco pérolas. Eu preciso ali pra completar? Tem três, eu preciso de nove. Beleza, então vamos lá, mano. Cadê o Enderman? Ele veio pra cá? Ele veio pra cá, mano. Caraca. Não veio pérola, mano. Agonia! Tá, tem mais diamantes aqui. Eu vou pegar esses diamantes aqui. Peraí, vamos lá. Deixa eu ver se tem mais diamantes aqui perto. Não, não tem nada. Opa, tem mais Stronghold aqui. Ah, é a mesma, é a mesma. Beleza, então vamos subir aqui, ó, gente. Que eu tenho que... Nossa, ficou noite, mano. Nossa, eu ainda falei... Não, não vai atrapalhar isso aqui, tadia. Malditinhas, aranhas do veneno. Pronto, pronto. Sai, sai você. Sai, sai você. Sai, sai, sai. Sai, sai, sai, sai. Eu vou aqui pegar meus diamantinios. Eu vou pro Nether pegar os blazes, mano. Provavelmente vai ter uma fortaleza lá cheia de blaze e tal.""",Avaliador_A,Avaliador_F
4,"Tá, ok, já que não tem outra escolha Detalhe, ela falou o senhor Super Batata E não o senhor Batata Lembra que eu já mostrei o senhor Super Batata aqui no canal Que é aquele do circo Parece que é o irmão gêmeo malvado o senhor Batata Talvez o senhor Batata não seja o malvado E sim o senhor Super Batata Tem uma diferença aí Oh não, não Tem dois atrás de mim agora e eu estou sozinha Eu vou virar bacon, disse o Jordy Tudo bem Ei Jordy Eu tenho jogos grátis, apareça Ele tem que estar aqui Vem aqui, R, me ajude a pegá-lo Ah, pera, o que é isso? Que isso no alarm? Oh não, quem vai ser pego vai ser ele agora Corre, corre Ai, ai, eu acho que foi o próprio Rob que é o Pig Robô Que acionou o alarm Como ele consegue ser tão idiota? Deixa eu desativar isso aqui, disse a Ellie Tudo bem Ela vai desativar então Que? Calma Que que é isso?",0.1870740503072738,0.7135950922966003,0.0993308424949646,NEU,0.2971687912940979,0.0081839533522725,0.041656270623207,0.0061718197539448,0.0388556346297264,0.0026858474593609,0.0047367219813168,0.27047762,Papile,Roblox,HISTÓRIA DE PIGGY - BUNNY ESTÁ DE VOLTA ROBLOX [YntXI6FnJaM],,GZ,GZ,GZ,"🎬 Canal: Papile | 🎥 Vídeo: HISTÓRIA DE PIGGY - BUNNY ESTÁ DE VOLTA ROBLOX [YntXI6FnJaM]
⏱️ Segmento/Index: 4
──────────────────────────────────────────────────
Fala transcrita:
""Tá, ok, já que não tem outra escolha Detalhe, ela falou o senhor Super Batata E não o senhor Batata Lembra que eu já mostrei o senhor Super Batata aqui no canal Que é aquele do circo Parece que é o irmão gêmeo malvado o senhor Batata Talvez o senhor Batata não seja o malvado E sim o senhor Super Batata Tem uma diferença aí Oh não, não Tem dois atrás de mim agora e eu estou sozinha Eu vou virar bacon, disse o Jordy Tudo bem Ei Jordy Eu tenho jogos grátis, apareça Ele tem que estar aqui Vem aqui, R, me ajude a pegá-lo Ah, pera, o que é isso? Que isso no alarm? Oh não, quem vai ser pego vai ser ele agora Corre, corre Ai, ai, eu acho que foi o próprio Rob que é o Pig Robô Que acionou o alarm Como ele consegue ser tão idiota? Deixa eu desativar isso aqui, disse a Ellie Tudo bem Ela vai desativar então Que? Calma Que que é isso?""",Avaliador_A,Avaliador_F
2,"Não, agora é uma limonada aqui É uma limonada, mas tudo bem galera Não precisamos E também agora você pode ter um pet aqui quando você entra dentro do jogo Você ganha um petzinho bem fofinho Isso aí aqui ó, pessoal, vou mostrar pra vocês Enquanto eu tô aqui cozinhando uma pizza Ó, vou por o meu aqui, é um cachorrinho azul Ó, o meu pessoal, é um cachorrinho Olha aí, ficou em cima das minhas costas Ó, a mãe tá cuidando de um cachorro Que bonitinho Será que é porque você é um cachorrinho dele e fica perto? Pode ser Tá, eu vou tirar ele Aí, pronto, tirei também E também tem um evento, que daqui a pouco eu vou ativar esse evento, hein? Um evento muito legal Ai, gente, olha que legal Tá, mamas, agora que eu já preparei bastante pizza, né? Tudo mais Vamos lá então aqui pra entregar, né? A mãe fica aí vindo aqui o tempo todo Ai, gerente Será que eu vou ser um rato e consigo entrar aqui dentro? Ah, eu acho que sim Depois você pode se transformar num rato, Ju Eu quero virar um rato, gente O que será que tem lá dentro?",0.039955023676157,0.2313949912786483,0.7286499738693237,POS,0.2712170779705047,0.0064022378064692,0.0533648617565631,0.0039085270836949,0.0406017042696476,0.0023455079644918,0.0107557326555252,0.25462922,Julia MineGirl,Roblox,O QUE ACONTECEU COM O PIZZA PLACE Work at a Pizza Place [UuW2WParzQQ],,GZ,GZ,GZ,"🎬 Canal: Julia MineGirl | 🎥 Vídeo: O QUE ACONTECEU COM O PIZZA PLACE Work at a Pizza Place [UuW2WParzQQ]
⏱️ Segmento/Index: 2
──────────────────────────────────────────────────
Fala transcrita:
""Não, agora é uma limonada aqui É uma limonada, mas tudo bem galera Não precisamos E também agora você pode ter um pet aqui quando você entra dentro do jogo Você ganha um petzinho bem fofinho Isso aí aqui ó, pessoal, vou mostrar pra vocês Enquanto eu tô aqui cozinhando uma pizza Ó, vou por o meu aqui, é um cachorrinho azul Ó, o meu pessoal, é um cachorrinho Olha aí, ficou em cima das minhas costas Ó, a mãe tá cuidando de um cachorro Que bonitinho Será que é porque você é um cachorrinho dele e fica perto? Pode ser Tá, eu vou tirar ele Aí, pronto, tirei também E também tem um evento, que daqui a pouco eu vou ativar esse evento, hein? Um evento muito legal Ai, gente, olha que legal Tá, mamas, agora que eu já preparei bastante pizza, né? Tudo mais Vamos lá então aqui pra entregar, né? A mãe fica aí vindo aqui o tempo todo Ai, gerente Será que eu vou ser um rato e consigo entrar aqui dentro? Ah, eu acho que sim Depois você pode se transformar num rato, Ju Eu quero virar um rato, gente O que será que tem lá dentro?""",Avaliador_A,Avaliador_F
3,"Ai, esse jogo é tão bom. Mas eu tô tão sozinha nele, eu preciso de uma dupla. Ei, bichinho. Bichinho. Ei, bichinho. Eu não tô me chamando, eu quero te saber. Da última vez que eu confiei numa mina nesse jogo, ela me traiu logo no começo da partida. Me empurrou, saiu bolando, perdi por causa dela. Nunca mais eu confio numa mina nesse jogo, nunca mais. Ei, bichinho. Bichinho, olha aí. Ei, Zé Povim, a mina tá falando com tu. Pô, olha aí pra menina. Eu não tô vendo ela, não quero saber não. Ei, bichinho. Tu tem dupla? Tu tem dupla? Tenho. Tenho muita vontade de ter uma dupla nesse jogo, muita vontade. Ei, Margei, Zé Povim, a gente não ia ser uma dupla, eu não ia te ajudar, pô. Como foi isso? Desconecida, desconhecida, eu tô tentando conversar com minha nova dupla aqui, por favor. Não sei nem quem é tu. Pois vamos ser uma dupla? Se ajudar, independente de qualquer situação. Pode querer, vamos ser uma dupla então, bata.",0.5108661651611328,0.3932307362556457,0.095903143286705,NEG,0.3574061691761017,0.0018611621344462,0.0701262354850769,0.0032024271786212,0.0796684548258781,0.0054011740721762,0.0375185944139957,0.32128486,meu nome é david,Roblox,STUMBLE GUYS NA VIDA REAL 2 [jWBou9BdEqQ],,GZ,GZ,GZ,"🎬 Canal: meu nome é david | 🎥 Vídeo: STUMBLE GUYS NA VIDA REAL 2 [jWBou9BdEqQ]
⏱️ Segmento/Index: 3
──────────────────────────────────────────────────
Fala transcrita:
""Ai, esse jogo é tão bom. Mas eu tô tão sozinha nele, eu preciso de uma dupla. Ei, bichinho. Bichinho. Ei, bichinho. Eu não tô me chamando, eu quero te saber. Da última vez que eu confiei numa mina nesse jogo, ela me traiu logo no começo da partida. Me empurrou, saiu bolando, perdi por causa dela. Nunca mais eu confio numa mina nesse jogo, nunca mais. Ei, bichinho. Bichinho, olha aí. Ei, Zé Povim, a mina tá falando com tu. Pô, olha aí pra menina. Eu não tô vendo ela, não quero saber não. Ei, bichinho. Tu tem dupla? Tu tem dupla? Tenho. Tenho muita vontade de ter uma dupla nesse jogo, muita vontade. Ei, Margei, Zé Povim, a gente não ia ser uma dupla, eu não ia te ajudar, pô. Como foi isso? Desconecida, desconhecida, eu tô tentando conversar com minha nova dupla aqui, por favor. Não sei nem quem é tu. Pois vamos ser uma dupla? Se ajudar, independente de qualquer situação. Pode querer, vamos ser uma dupla então, bata.""",Avaliador_A,Avaliador_F
9,"Eu! Eu sou eu! Traidor foi selecionado. Eu vou ser o traidor, eu vou ser você, eu vou ser você, por favor. E o jogo começou. Deixa eu ser, deixa eu ser. Eu quero ser o que eu quero ser. Ah, meu cabelinho, que bonito! É, eu não te vejo. É verdade, Lucas. Estamos quase lá. Preciso só de um pouquinho. Não se preocupe, coelho. Nós estamos juntos com você. Não é isso que falou, mas tá bom. Hahahaha! Tá doidinha. Ah? Você tem que encontrar uma maneira de fugir do quê? De esse trem funcionar. A gente vai fazer o trem funcionar, pessoal! E assim a gente consegue fugir? É, Luluca! Boa, chachaves, cartões e tudo mais. Eu achei aqui uma chave yellow. Sabe pra onde usa? Não, Luluca. Mas posso procurar. Aqui embaixo. Estão só os sapões aqui embaixo. Mâmis, eu queria ser o traidor, mas se eu for traidor... Ah, ela, ela é laranja, Lúcia, eu achei. Entendi. A minha cor...",0.0799333229660987,0.5499470233917236,0.3701196312904358,NEU,0.3454290628433227,0.0016161220846697,0.0278591811656951,0.0026943602133542,0.0932672396302223,0.0059297648258507,0.0039784740656614,0.3047732,Luluca Games,Roblox,Roblox - PIGGY A TRAIDORA BUGADA Piggy Roblox  Luluca Games [_pZ2c8hrKq0],0.0799333155155181,GZ,GZ,GZ,"🎬 Canal: Luluca Games | 🎥 Vídeo: Roblox - PIGGY A TRAIDORA BUGADA Piggy Roblox  Luluca Games [_pZ2c8hrKq0]
⏱️ Segmento/Index: 9
──────────────────────────────────────────────────
Fala transcrita:
""Eu! Eu sou eu! Traidor foi selecionado. Eu vou ser o traidor, eu vou ser você, eu vou ser você, por favor. E o jogo começou. Deixa eu ser, deixa eu ser. Eu quero ser o que eu quero ser. Ah, meu cabelinho, que bonito! É, eu não te vejo. É verdade, Lucas. Estamos quase lá. Preciso só de um pouquinho. Não se preocupe, coelho. Nós estamos juntos com você. Não é isso que falou, mas tá bom. Hahahaha! Tá doidinha. Ah? Você tem que encontrar uma maneira de fugir do quê? De esse trem funcionar. A gente vai fazer o trem funcionar, pessoal! E assim a gente consegue fugir? É, Luluca! Boa, chachaves, cartões e tudo mais. Eu achei aqui uma chave yellow. Sabe pra onde usa? Não, Luluca. Mas posso procurar. Aqui embaixo. Estão só os sapões aqui embaixo. Mâmis, eu queria ser o traidor, mas se eu for traidor... Ah, ela, ela é laranja, Lúcia, eu achei. Entendi. A minha cor...""",Avaliador_A,Avaliador_F
6,"você ta me xingando né vem cá naru ah você vai ver eu vou lhe bater não não não me bate traz os 3 diamantes traz os 3 diamantes que eu te piso ta bom naru eu vou ir atrás e eu ja volto ta desci aqui na caverna e tomara que eu encontre algum diamante rápido eu quero muito ficar do tamanho 0,1 olha parece que o primeiro eu ja encontrei aqui na frente deixa eu vim aqui quebrar ele e ai eu não consegui pegar e agora ele caiu ali embaixo ele ta muito longe de mim eu vou ter que quebrar esses blocos pra eu conseguir ir descendo e pegar esse diamante ah mas só tinha um aqui agora eu vou ter que ir atrás de outro ah mas eu não sei onde que tem mais diamante nessa caverna ai é que caverna ruim só tem esses minérios e eu não preciso é tipo ferro ouro lápis azul eu não quero isso eu quero diamante ah porque que meu amigo não foi pisar em mim era só lhe dar um pulinho ele vai cobrar até pra isso pera ai acho que eu encontrei um diamante e na verdade ele tem 3 mas agora eu só preciso encontrar o meu amigo e dar esses diamantes pra ele ai eu consigo passar pro próximo nível que é o 0,01 eu vou ficar muito pequeno naru consegui ah oi cadris to aqui seus diamantes pode pegar pega aqui ó olha 5 até mais é agora pisa aqui logo ai meu deus ta bom vai não sei pra que que você quer isso não mas ta bom vai",0.3188317120075226,0.3998855948448181,0.2812826633453369,NEU,0.8074951767921448,0.0146234044805169,0.0628264024853706,0.0077457088045775,0.0495471470057964,0.0352212041616439,0.0213674325495958,0.55739564,Cadres,Minecraft,Eu Fiquei PEQUENO no Minecraft [GVEecXhwhe4],,T,T,T,"🎬 Canal: Cadres | 🎥 Vídeo: Eu Fiquei PEQUENO no Minecraft [GVEecXhwhe4]
⏱️ Segmento/Index: 6
──────────────────────────────────────────────────
Fala transcrita:
""você ta me xingando né vem cá naru ah você vai ver eu vou lhe bater não não não me bate traz os 3 diamantes traz os 3 diamantes que eu te piso ta bom naru eu vou ir atrás e eu ja volto ta desci aqui na caverna e tomara que eu encontre algum diamante rápido eu quero muito ficar do tamanho 0,1 olha parece que o primeiro eu ja encontrei aqui na frente deixa eu vim aqui quebrar ele e ai eu não consegui pegar e agora ele caiu ali embaixo ele ta muito longe de mim eu vou ter que quebrar esses blocos pra eu conseguir ir descendo e pegar esse diamante ah mas só tinha um aqui agora eu vou ter que ir atrás de outro ah mas eu não sei onde que tem mais diamante nessa caverna ai é que caverna ruim só tem esses minérios e eu não preciso é tipo ferro ouro lápis azul eu não quero isso eu quero diamante ah porque que meu amigo não foi pisar em mim era só lhe dar um pulinho ele vai cobrar até pra isso pera ai acho que eu encontrei um diamante e na verdade ele tem 3 mas agora eu só preciso encontrar o meu amigo e dar esses diamantes pra ele ai eu consigo passar pro próximo nível que é o 0,01 eu vou ficar muito pequeno naru consegui ah oi cadris to aqui seus diamantes pode pegar pega aqui ó olha 5 até mais é agora pisa aqui logo ai meu deus ta bom vai não sei pra que que você quer isso não mas ta bom vai""",Avaliador_A,Avaliador_F
15,"Herobrine! Eu vou encontrar você! Eu acho que o Herobrine tá solta por causa daquele totem! Esse é outro mito do Minecraft? Ou o Herobrine? Será que ele realmente existe? Mas eu não acredito em Herobrine! Isso deve ser só um mito! Apareceu, ele ensina pra eu descobrir o segredo do Herobrine! Eu vou chamar o Herdig que tá aqui dentro! O Herdig! Ah! O Herobrine tá na porta da minha casa! Não, eu vou fugir dessa casa! Ele tá vindo atrás de mim! Corre, corre, corre! Vai, foge desse Herobrine! Aqui a gente fez o totem dele e... Sumiu! Sumiu do nada! Ah não, eu preciso de outra casa! Essa tá mal de suada! O Herdig deve tá ali dentro! Ele que fica ali com o Herobrine! Eu vou embora! Eu construí uma casa na beira do rio e fiquei dentro dela toda noite pra me proteger! O Herobrine não me encontrou aqui dentro! Eu acho que eu tô seguro, só que agora ficou de dia! Vamos sair! Ah, não! O Herobrine tá aqui! Galera, ele tá tacando fogo na minha casa! Aqui, ó, eu vou dele! Eu vou sair e vou tentar bater nele! Herobrine, para de tacar fogo na minha casa! Para de tacar fogo! Ele tá tacando fogo em mim também!",0.1124269142746925,0.8454065918922424,0.0421664230525493,NEU,0.7377411127090454,0.0078869834542274,0.0570463053882122,0.0035703445319086,0.0354314036667346,0.0518635176122188,0.0120349870994687,0.3281604,Athos,Minecraft,Testei Mitos de Terror do Minecraft medo [tjY4nefeR9M],,GZ,GZ,GZ,"🎬 Canal: Athos | 🎥 Vídeo: Testei Mitos de Terror do Minecraft medo [tjY4nefeR9M]
⏱️ Segmento/Index: 15
──────────────────────────────────────────────────
Fala transcrita:
""Herobrine! Eu vou encontrar você! Eu acho que o Herobrine tá solta por causa daquele totem! Esse é outro mito do Minecraft? Ou o Herobrine? Será que ele realmente existe? Mas eu não acredito em Herobrine! Isso deve ser só um mito! Apareceu, ele ensina pra eu descobrir o segredo do Herobrine! Eu vou chamar o Herdig que tá aqui dentro! O Herdig! Ah! O Herobrine tá na porta da minha casa! Não, eu vou fugir dessa casa! Ele tá vindo atrás de mim! Corre, corre, corre! Vai, foge desse Herobrine! Aqui a gente fez o totem dele e... Sumiu! Sumiu do nada! Ah não, eu preciso de outra casa! Essa tá mal de suada! O Herdig deve tá ali dentro! Ele que fica ali com o Herobrine! Eu vou embora! Eu construí uma casa na beira do rio e fiquei dentro dela toda noite pra me proteger! O Herobrine não me encontrou aqui dentro! Eu acho que eu tô seguro, só que agora ficou de dia! Vamos sair! Ah, não! O Herobrine tá aqui! Galera, ele tá tacando fogo na minha casa! Aqui, ó, eu vou dele! Eu vou sair e vou tentar bater nele! Herobrine, para de tacar fogo na minha casa! Para de tacar fogo! Ele tá tacando fogo em mim também!""",Avaliador_A,Avaliador_F
8,"Tem aqui esse detalhe aqui, ó Que é o alto relevo da arma Que foi feita em papelão Pra dar aquela ondulação e tal A mira, tropa A mira foi feita com um pedacinho de cano Também encerrado, ó Vocês podem ver um pedacinho de cano pintado Aqui a base da mira é EVA Temos aqui o cartucho, né Que foi feito de papelão Isopor e EVA também Todo detalhe de papelão isopor e EVA, ó Removido e tal Temos também a coronha, né Que a coronha foi toda revestida em cima de um cano Temos aqui a pontinha do cano Esse cano vem até aqui E foi toda revestida aqui em EVA Por cima desse cano, né Pra poder dar essa facilidade na hora da remoção aqui, ó Temos aqui um cano também aqui dentro, ó Que é onde encaixa, né E é isso, tropa Essa daqui é a nossa Como é o nome dessa arma, né?",0.0803005099296569,0.8644562363624573,0.0552432499825954,NEU,0.0012541338801383,0.0044322689063847,0.0319103002548217,0.004963690880686,0.0261156149208545,0.0023085470311343,0.0009142255294136,0.08953904,meu nome é david,Roblox,CAPACETE DO THURZIN E MOCHILAS RARAS - NOVOS ITENS DO FF NA VIDA REAL [ozKN1isI9ME],,NT,NT,NT,"🎬 Canal: meu nome é david | 🎥 Vídeo: CAPACETE DO THURZIN E MOCHILAS RARAS - NOVOS ITENS DO FF NA VIDA REAL [ozKN1isI9ME]
⏱️ Segmento/Index: 8
──────────────────────────────────────────────────
Fala transcrita:
""Tem aqui esse detalhe aqui, ó Que é o alto relevo da arma Que foi feita em papelão Pra dar aquela ondulação e tal A mira, tropa A mira foi feita com um pedacinho de cano Também encerrado, ó Vocês podem ver um pedacinho de cano pintado Aqui a base da mira é EVA Temos aqui o cartucho, né Que foi feito de papelão Isopor e EVA também Todo detalhe de papelão isopor e EVA, ó Removido e tal Temos também a coronha, né Que a coronha foi toda revestida em cima de um cano Temos aqui a pontinha do cano Esse cano vem até aqui E foi toda revestida aqui em EVA Por cima desse cano, né Pra poder dar essa facilidade na hora da remoção aqui, ó Temos aqui um cano também aqui dentro, ó Que é onde encaixa, né E é isso, tropa Essa daqui é a nossa Como é o nome dessa arma, né?""",Avaliador_B,Avaliador_F
2,"Porque eu tenho que começar de onde a gente parou Vocês se lembram que a gente viu aqui o senhor Batata e a gente viu essa Pig maluca, bosa, que aranha, muito assustadora E aí foi a última coisa que eu mostrei pra vocês A partir daqui começou a atualizar o mapa com novos personagens Aqui nós temos a Pig Ovo de Páscoa, Coelhinho da Clássica Olha só que ela é muito fofa, não dá nem pra eu ter medo dela Ela mata você com uma setinha de ovo de plástico Pera, agora que eu percebi, tem um ovo flutuante bem na cabeça dela, vocês perceberam isso?",0.1014809757471084,0.5992903709411621,0.2992285788059234,NEU,0.5817002654075623,0.0083133485168218,0.0567670837044715,0.007215118035674,0.0579342693090438,0.005122217349708,0.0097299134358763,0.2786282,Papile,Roblox,SUPER NOVOS PERSONAGENS DE PIGGY UNICORNIO RAINHA E GEORGE - ROBLOX [-EIL1PefY9w],,GZ,GZ,GZ,"🎬 Canal: Papile | 🎥 Vídeo: SUPER NOVOS PERSONAGENS DE PIGGY UNICORNIO RAINHA E GEORGE - ROBLOX [-EIL1PefY9w]
⏱️ Segmento/Index: 2
──────────────────────────────────────────────────
Fala transcrita:
""Porque eu tenho que começar de onde a gente parou Vocês se lembram que a gente viu aqui o senhor Batata e a gente viu essa Pig maluca, bosa, que aranha, muito assustadora E aí foi a última coisa que eu mostrei pra vocês A partir daqui começou a atualizar o mapa com novos personagens Aqui nós temos a Pig Ovo de Páscoa, Coelhinho da Clássica Olha só que ela é muito fofa, não dá nem pra eu ter medo dela Ela mata você com uma setinha de ovo de plástico Pera, agora que eu percebi, tem um ovo flutuante bem na cabeça dela, vocês perceberam isso?""",Avaliador_B,Avaliador_F
10,"Mas um mob spawn não gera tanto assim, cara! Isso tá até estranho, pra falar a verdade! Calma! Esqueleto tá caindo de um buraco aqui! Um buraco bem estranho! Que isso? Eita pra lá! Nossa, zumbi! Na verdade esqueleto veio correndo, não sei se você viu isso! Sim, eu vi! O que é? Calma! Aranha! Aqui deve ter gerador de monstro! Davi, eu vou te ajudar! Sai daê, Robin! Pode deixar! Não, não! Agora eu vou ter que correr! ZOMBIZINHO! SAI DAÊ, ROBIN! Calma, calma! Tá tudo sob controle! A gente tem que chegar até ali! Deve ter alguma coisa secreta! Robin, você tem que tomar cuidado, cara! Você tá muito afobado! Não tô não, não tô não! Eu vou chegar! Quebrando tudo! Enderman! NÃO! MUITO MONSTRO! Não dá! Não dá, não dá, não dá, não dá, não dá! Não tem jeito, não tem jeito! Calma! Tô escondido, não tenho comida! Acho que eu vou voltar lá pra pegar alguns peixes!",0.7857427000999451,0.1882925629615783,0.0259647350758314,NEG,0.740519106388092,0.006400806363672,0.0441859811544418,0.0037274379283189,0.0537847690284252,0.022177692502737,0.0094959428533911,0.33255672,Robin Hood Gamer,Minecraft,ESTAMOS PRESOS NA BARREIRA DO MINECRAFT MUITO DIFÍCIL [2QtZTsyTiuo],,GZ,GZ,GZ,"🎬 Canal: Robin Hood Gamer | 🎥 Vídeo: ESTAMOS PRESOS NA BARREIRA DO MINECRAFT MUITO DIFÍCIL [2QtZTsyTiuo]
⏱️ Segmento/Index: 10
──────────────────────────────────────────────────
Fala transcrita:
""Mas um mob spawn não gera tanto assim, cara! Isso tá até estranho, pra falar a verdade! Calma! Esqueleto tá caindo de um buraco aqui! Um buraco bem estranho! Que isso? Eita pra lá! Nossa, zumbi! Na verdade esqueleto veio correndo, não sei se você viu isso! Sim, eu vi! O que é? Calma! Aranha! Aqui deve ter gerador de monstro! Davi, eu vou te ajudar! Sai daê, Robin! Pode deixar! Não, não! Agora eu vou ter que correr! ZOMBIZINHO! SAI DAÊ, ROBIN! Calma, calma! Tá tudo sob controle! A gente tem que chegar até ali! Deve ter alguma coisa secreta! Robin, você tem que tomar cuidado, cara! Você tá muito afobado! Não tô não, não tô não! Eu vou chegar! Quebrando tudo! Enderman! NÃO! MUITO MONSTRO! Não dá! Não dá, não dá, não dá, não dá, não dá! Não tem jeito, não tem jeito! Calma! Tô escondido, não tenho comida! Acho que eu vou voltar lá pra pegar alguns peixes!""",Avaliador_B,Avaliador_F
3,vai dar essa treta quem vai ganhar essa briga por favor produção da um zoom ali na treta que esta acontecendo que eu não estou participando não faço também questão nenhuma de participar não tem mais o que fazer assim que eu deu zoom outro carinha ganhou bagaçou o outro cara todo e cá estou eu farpando o cara aqui de cima que provavelmente ele nem me viu e ele nem é louco de me ver vem cá vem sobe aqui sobe aqui vem cá pra ver se você é esse pro player todo sobe aqui sobe aqui eu lanço uma bandeirão pra você e você não vem aqui em cima me matar eu duvido já que ele não veio me matar eu falei eu vou atrás dele porque se ele não vem eu vou porque hoje eu to afim de briga de treta desci por aqui pra não perder vida mas não foi bem isso que aconteceu né a situação ficou um pouco fora do controle arrebentar a cara dele toda lá pera ai deixa eu agachar aqui pra ele não ouvir que eu to chegando porque eu to sem vida to sem arma e agora eu vou dar um jeito de fugir daqui quem me viu quem me vê quem me conhece sabe que eu gosto de dar treta eu posso estar sem nada vou no soco vou no clá mas eu vou arrebentar a cara dele ai Skargy porque você ta com tanta raiva dele,0.2687626183032989,0.5772448778152466,0.1539925336837768,NEU,0.980958878993988,0.0231602769345045,0.0908686593174934,0.0089057004079222,0.0773184895515441,0.0306799486279487,0.0818083062767982,0.52272606,Amy Scarlet,Roblox,Não consigo pegar MESTRE no Free Fire [1ZL1HFdBvD8],,T,T,T,"🎬 Canal: Amy Scarlet | 🎥 Vídeo: Não consigo pegar MESTRE no Free Fire [1ZL1HFdBvD8]
⏱️ Segmento/Index: 3
──────────────────────────────────────────────────
Fala transcrita:
""vai dar essa treta quem vai ganhar essa briga por favor produção da um zoom ali na treta que esta acontecendo que eu não estou participando não faço também questão nenhuma de participar não tem mais o que fazer assim que eu deu zoom outro carinha ganhou bagaçou o outro cara todo e cá estou eu farpando o cara aqui de cima que provavelmente ele nem me viu e ele nem é louco de me ver vem cá vem sobe aqui sobe aqui vem cá pra ver se você é esse pro player todo sobe aqui sobe aqui eu lanço uma bandeirão pra você e você não vem aqui em cima me matar eu duvido já que ele não veio me matar eu falei eu vou atrás dele porque se ele não vem eu vou porque hoje eu to afim de briga de treta desci por aqui pra não perder vida mas não foi bem isso que aconteceu né a situação ficou um pouco fora do controle arrebentar a cara dele toda lá pera ai deixa eu agachar aqui pra ele não ouvir que eu to chegando porque eu to sem vida to sem arma e agora eu vou dar um jeito de fugir daqui quem me viu quem me vê quem me conhece sabe que eu gosto de dar treta eu posso estar sem nada vou no soco vou no clá mas eu vou arrebentar a cara dele ai Skargy porque você ta com tanta raiva dele""",Avaliador_B,Avaliador_F
24,"Eu não faço ideia, eu aposto que vai ser terra E badrock, é, foi quase Atus Na verdade é terra e diamante E toque sua terra Ah não, o que que eu vou fazer com terra Eu não sei Atus, eu sei que eu Vou fazer uma mega prisão com diamante Quero ver se vai ser maior que a minha Vai ver Atus, eu tenho 10 minutos, você só tem 2 Nossa, ainda bem que eu tirei diamante Agora eu vou conseguir fazer uma prisão gigantesca Até porque eu tenho 10 minutos E o Atus só tem 2 E a minha prisão já vai começar aqui no inicio Porque aqui nesses cantos vai ter diamante Mas eu não vou fazer um corredorzinho tão pequeno assim não Eu vou pegar e vim aqui muito longe E vou colocar diamante em tudo Desse jeito E esse daqui vai ser o corredor que ele vai ter que passar Pra ficar livre dessa prisão Mas não vai ser só ele correr né Até porque aqui no começo já vai ter um bloco Impedindo ele, e o único jeito dele passar Esse bloco vai ser se ele olhar aquele baú Que eu vou deixar nesse canto Porque dentro dele vai ter um alçapão E daí quando o Atus colocar o alçapão e passar por aqui Ele vai chegar no próximo nível E daí vai ter um trilho que vai levar ele pro final É ou não né Porque esse trilho vai na verdade levar ele pra cá E isso vai simplesmente jogar ele Nesse mega buraco Vou até colocar uns espelhotemas aqui pra dar mais dano Agora só deixa eu vim aqui ativar tudo E eu vou até colocar uma porta aqui pra ele pensar Que essa porta não leva lugar nenhum Mas na verdade leva pro final Nossa eu já tava quase esquecendo do carrinho",0.0841591879725456,0.7897171974182129,0.1261236518621444,NEU,0.2000749260187149,0.009243513457477,0.0489623397588729,0.0053432406857609,0.036635685712099,0.0113048339262604,0.0048856325447559,0.23523538,Cadres,Minecraft,Prisão Segura de NOOB Vs PRO no Minecraft [d-t7vowmM58],,GZ,GZ,GZ,"🎬 Canal: Cadres | 🎥 Vídeo: Prisão Segura de NOOB Vs PRO no Minecraft [d-t7vowmM58]
⏱️ Segmento/Index: 24
──────────────────────────────────────────────────
Fala transcrita:
""Eu não faço ideia, eu aposto que vai ser terra E badrock, é, foi quase Atus Na verdade é terra e diamante E toque sua terra Ah não, o que que eu vou fazer com terra Eu não sei Atus, eu sei que eu Vou fazer uma mega prisão com diamante Quero ver se vai ser maior que a minha Vai ver Atus, eu tenho 10 minutos, você só tem 2 Nossa, ainda bem que eu tirei diamante Agora eu vou conseguir fazer uma prisão gigantesca Até porque eu tenho 10 minutos E o Atus só tem 2 E a minha prisão já vai começar aqui no inicio Porque aqui nesses cantos vai ter diamante Mas eu não vou fazer um corredorzinho tão pequeno assim não Eu vou pegar e vim aqui muito longe E vou colocar diamante em tudo Desse jeito E esse daqui vai ser o corredor que ele vai ter que passar Pra ficar livre dessa prisão Mas não vai ser só ele correr né Até porque aqui no começo já vai ter um bloco Impedindo ele, e o único jeito dele passar Esse bloco vai ser se ele olhar aquele baú Que eu vou deixar nesse canto Porque dentro dele vai ter um alçapão E daí quando o Atus colocar o alçapão e passar por aqui Ele vai chegar no próximo nível E daí vai ter um trilho que vai levar ele pro final É ou não né Porque esse trilho vai na verdade levar ele pra cá E isso vai simplesmente jogar ele Nesse mega buraco Vou até colocar uns espelhotemas aqui pra dar mais dano Agora só deixa eu vim aqui ativar tudo E eu vou até colocar uma porta aqui pra ele pensar Que essa porta não leva lugar nenhum Mas na verdade leva pro final Nossa eu já tava quase esquecendo do carrinho""",Avaliador_B,Avaliador_F
11,"1, 2, 3 e... Olha! É o hipopótamo! É o popô! Não é hipopótamo! É o hipopótamo! É o hipopótamo! É o hipopótamo! É o hipopótamo! É o hipopótamo! Não é popótamo, não é hipopótamo! Não é hipopótamo, é o popó! Não é o popótamo! É o popó! Olha a comida! O popótamo come comida! Por isso que ele tem um barrigão, né? Ele come um montão e fica com um barrigão. O popótamo! Popotamo! Agora eu sei porque o popótamo tem barrigão! Porque ele comeu os outros popotinhos, né? Os popotinhos!",0.1242233216762542,0.7908750176429749,0.084901638329029,NEU,0.2951899170875549,0.0005536059616133,0.0080004772171378,0.0038463606033474,0.1096490547060966,0.003406390082091,0.0048018689267337,0.2540519,Lokis,Roblox,LOKIS ENGOLIDO PELO GATO  Roblox - Eaten By Cats [-vClCL1CQUM],,GZ,GZ,GZ,"🎬 Canal: Lokis | 🎥 Vídeo: LOKIS ENGOLIDO PELO GATO  Roblox - Eaten By Cats [-vClCL1CQUM]
⏱️ Segmento/Index: 11
──────────────────────────────────────────────────
Fala transcrita:
""1, 2, 3 e... Olha! É o hipopótamo! É o popô! Não é hipopótamo! É o hipopótamo! É o hipopótamo! É o hipopótamo! É o hipopótamo! É o hipopótamo! Não é popótamo, não é hipopótamo! Não é hipopótamo, é o popó! Não é o popótamo! É o popó! Olha a comida! O popótamo come comida! Por isso que ele tem um barrigão, né? Ele come um montão e fica com um barrigão. O popótamo! Popotamo! Agora eu sei porque o popótamo tem barrigão! Porque ele comeu os outros popotinhos, né? Os popotinhos!""",Avaliador_B,Avaliador_F
10,"Exato Gente, ela é estranha, ela anda com a faca na mão Gente, essa aqui é meio bugada Mas mamãe, você não pode ficar andando com a faca na mão Por que você correu com a faca na mão? A xerife já vai lá e para Tá bom, tirei a faca na mão Mas agora ela já ouviu, não adianta Né? Ah, concentrada aqui, ela entra de novo Ah, peguei a xerife Mentira Peguei, Lula, peguei Ah, mas eu vou acabar com a tua brincadeira agora Ah, peguei a Lula Não, não, não Tchucke, tchucke Não, não Peguei a armíteia, peguei a armíteia Peguei a armíteia, peguei a armíteia Você está pegando tudo, não Gente, desculpa, mas eu preciso pegar esses doces agora Depois que eu terminar de pegar esses docinhos Pronto, agora estou indo lá pegar você Gente, como que eu tiro isso?",0.7550610303878784,0.2221013605594635,0.0228376016020774,NEG,0.4969786405563354,0.0053094290196895,0.0605721287429332,0.0064430790953338,0.0586648695170879,0.0086267599835991,0.0077400160953402,0.32557452,Luluca Games,Roblox,Roblox - UMA BRUXA MUITO ATRAPALHADA NO MURDER Murder Mystery 2  Luluca Games [kuhvlShcXxE],0.7550616264343262,GZ,GZ,GZ,"🎬 Canal: Luluca Games | 🎥 Vídeo: Roblox - UMA BRUXA MUITO ATRAPALHADA NO MURDER Murder Mystery 2  Luluca Games [kuhvlShcXxE]
⏱️ Segmento/Index: 10
──────────────────────────────────────────────────
Fala transcrita:
""Exato Gente, ela é estranha, ela anda com a faca na mão Gente, essa aqui é meio bugada Mas mamãe, você não pode ficar andando com a faca na mão Por que você correu com a faca na mão? A xerife já vai lá e para Tá bom, tirei a faca na mão Mas agora ela já ouviu, não adianta Né? Ah, concentrada aqui, ela entra de novo Ah, peguei a xerife Mentira Peguei, Lula, peguei Ah, mas eu vou acabar com a tua brincadeira agora Ah, peguei a Lula Não, não, não Tchucke, tchucke Não, não Peguei a armíteia, peguei a armíteia Peguei a armíteia, peguei a armíteia Você está pegando tudo, não Gente, desculpa, mas eu preciso pegar esses doces agora Depois que eu terminar de pegar esses docinhos Pronto, agora estou indo lá pegar você Gente, como que eu tiro isso?""",Avaliador_B,Avaliador_F
14,"Tadinho, Tomegues... Não conseguiu, cafezinho. Ele foi embora, mami! Ele foi! Ele setuei. Já peguei ninguém ainda, não? Nossa, mas você está uma péssima, Ted, hein, mami? Eu estou péssima, ele está fazendo lero lero, Luca! Quem está fazendo lero lero? Biglissinho! Ai, meu Deus do céu! Ai, gente, mas essa chave é turquesa! Tudo amarelo pisco e verde? Você pegou, Miguelis? Tô tentando, tô tentando, tô tentando, tô tentando! Ele está pulando! Tadinho do Miguelis... Eu me escondi atrás da parede! Não foi eu! A minha mãe está tão orgulhosa que ela me escondei atrás da parede, gente! Ué! Ô, mamis, onde é a mesma sala que tem o tubo? Tuvo? Aquele tubinho! Perto da saída, Luca! Uou! Meu Deus do céu, gente! Peguei o Miguelis! A minha mãe engana todos os Miguelis!",0.9833418130874634,0.010524820536375,0.0061334026977419,NEG,0.4975192248821258,0.0021226620301604,0.0956100597977638,0.0065894937142729,0.0549882836639881,0.0021484217140823,0.012073908932507,0.3666224,Luluca Games,Roblox,Roblox - MINHA MÃE VIROU UM URSO ASSUSTADOR Teddy  Luluca Games [Et3LmL6lB-o],0.9833418130874634,GZ,GZ,GZ,"🎬 Canal: Luluca Games | 🎥 Vídeo: Roblox - MINHA MÃE VIROU UM URSO ASSUSTADOR Teddy  Luluca Games [Et3LmL6lB-o]
⏱️ Segmento/Index: 14
──────────────────────────────────────────────────
Fala transcrita:
""Tadinho, Tomegues... Não conseguiu, cafezinho. Ele foi embora, mami! Ele foi! Ele setuei. Já peguei ninguém ainda, não? Nossa, mas você está uma péssima, Ted, hein, mami? Eu estou péssima, ele está fazendo lero lero, Luca! Quem está fazendo lero lero? Biglissinho! Ai, meu Deus do céu! Ai, gente, mas essa chave é turquesa! Tudo amarelo pisco e verde? Você pegou, Miguelis? Tô tentando, tô tentando, tô tentando, tô tentando! Ele está pulando! Tadinho do Miguelis... Eu me escondi atrás da parede! Não foi eu! A minha mãe está tão orgulhosa que ela me escondei atrás da parede, gente! Ué! Ô, mamis, onde é a mesma sala que tem o tubo? Tuvo? Aquele tubinho! Perto da saída, Luca! Uou! Meu Deus do céu, gente! Peguei o Miguelis! A minha mãe engana todos os Miguelis!""",Avaliador_B,Avaliador_F
0,"socorro o tal quem rua está me ligando mas eu só vou atender se vocês deixarem o like ai é claro que vocês querem que eu atenda eu vou atender o que será que ele tem pra falar ok ruan como é que você descobriu meu número eu vou ficar quietinho aqui na ligação de vídeo e você me fala o que você quer tá bom? o seguinte papilha, descobriu seu número você vai ter que fazer o que eu mandar então fica de olho no seu whatsapp porque eu vou mandar mensagem liga isso e vamos logo que? vai me chamar no whatsapp? ai que medo tá bom vamos lá vamos lá galera chegou mensagem ele disse oi eu vou responder oi é você mesmo? ele já visualizou tá digitando tá digitando sim e eu tenho quatro missões pra você quatro? eu vou ter que fazer tudo que o tal quem rua mandar? quais?",0.1324731260538101,0.6267606019973755,0.2407662272453308,NEU,0.2234431952238083,0.0101440958678722,0.0544128455221653,0.0066763423383235,0.0443658046424388,0.010376731865108,0.0042357207275927,0.3625127,Papile,Roblox,O TALKING JUAN ME LIGOU [gGo5QlFkDNU],,GZ,GZ,GZ,"🎬 Canal: Papile | 🎥 Vídeo: O TALKING JUAN ME LIGOU [gGo5QlFkDNU]
⏱️ Segmento/Index: 0
──────────────────────────────────────────────────
Fala transcrita:
""socorro o tal quem rua está me ligando mas eu só vou atender se vocês deixarem o like ai é claro que vocês querem que eu atenda eu vou atender o que será que ele tem pra falar ok ruan como é que você descobriu meu número eu vou ficar quietinho aqui na ligação de vídeo e você me fala o que você quer tá bom? o seguinte papilha, descobriu seu número você vai ter que fazer o que eu mandar então fica de olho no seu whatsapp porque eu vou mandar mensagem liga isso e vamos logo que? vai me chamar no whatsapp? ai que medo tá bom vamos lá vamos lá galera chegou mensagem ele disse oi eu vou responder oi é você mesmo? ele já visualizou tá digitando tá digitando sim e eu tenho quatro missões pra você quatro? eu vou ter que fazer tudo que o tal quem rua mandar? quais?""",Avaliador_B,Avaliador_F
20,"Eu sou a Vandinha! Que raiva, eu sabia,деu você o tempo todo. E eu agora vou me vingar da Nissan. Deixa o like e se inscrevam, fui!",0.5266836285591125,0.4021990895271301,0.0711173117160797,NEG,0.1302004903554916,0.0009699557558633,0.0295172147452831,0.0012561996700242,0.0184328351169824,0.0034275688230991,0.002620848827064,0.085582085,Athos,Minecraft,7 Jeitos de Assustar a WANDINHA no Minecraft [7Qe0tlojErA],,NT,NT,NT,"🎬 Canal: Athos | 🎥 Vídeo: 7 Jeitos de Assustar a WANDINHA no Minecraft [7Qe0tlojErA]
⏱️ Segmento/Index: 20
──────────────────────────────────────────────────
Fala transcrita:
""Eu sou a Vandinha! Que raiva, eu sabia,деu você o tempo todo. E eu agora vou me vingar da Nissan. Deixa o like e se inscrevam, fui!""",Avaliador_B,Avaliador_F
27,"Fazer o quê? Tira isso aqui tudo. Vou tirar, deixa eu tirar. Pronto, Marcelo, agora a gente vai botar TNT. Que isso, garota? Não, não, não, não, não, não. Não faz isso não, cara, tá doido? Tá até quebrando a casa do Sonic, gente. Meu Deus. E aí, ele gosta de quê? De ouro. É, deu pra perceber, né? Tem um anel de ouro. E como eu enchei isso aqui tudo de placa de pressão de ouro? Não, não, não, não, não, não, não, não, não, não, não. Eu acho que deu errado. Acho que a trollagem foi pra gente. Pronto, Eduardo, agora vai dar certo isso aqui, hein? Não é possível. Tomei um SUS, foi sem querer, Sonic. Não foi por querer, não, relaxa. Ó, Eduardo, eu tenho que vir entrar aqui dentro pra botar a câmera, botei, deixa eu sair. Meu Deus do céu, ok? Vou botar outro aqui, Eduardo, agora vamos esconder, que daqui a pouco ele tá aí, fi. Corre, corre, corre, corre. Olha aqui, minha casa. Ué, que tapete é esse aqui? O meu tapete era azul. Mas eu não vou reclamar também, né? Porque eu adoro ouro. Mas será que ele é confortável?",0.7341528534889221,0.244455486536026,0.0213917028158903,NEG,0.3098512887954712,0.0016454033320769,0.0403655096888542,0.0015353112248703,0.0368931703269481,0.0012553188716992,0.0098577560856938,0.3308965,Marcelodrv,Minecraft,24 TRAPS pra TROLLAR os MONSTROS [ddEACDZFbTg],,GZ,GZ,GZ,"🎬 Canal: Marcelodrv | 🎥 Vídeo: 24 TRAPS pra TROLLAR os MONSTROS [ddEACDZFbTg]
⏱️ Segmento/Index: 27
──────────────────────────────────────────────────
Fala transcrita:
""Fazer o quê? Tira isso aqui tudo. Vou tirar, deixa eu tirar. Pronto, Marcelo, agora a gente vai botar TNT. Que isso, garota? Não, não, não, não, não, não. Não faz isso não, cara, tá doido? Tá até quebrando a casa do Sonic, gente. Meu Deus. E aí, ele gosta de quê? De ouro. É, deu pra perceber, né? Tem um anel de ouro. E como eu enchei isso aqui tudo de placa de pressão de ouro? Não, não, não, não, não, não, não, não, não, não, não. Eu acho que deu errado. Acho que a trollagem foi pra gente. Pronto, Eduardo, agora vai dar certo isso aqui, hein? Não é possível. Tomei um SUS, foi sem querer, Sonic. Não foi por querer, não, relaxa. Ó, Eduardo, eu tenho que vir entrar aqui dentro pra botar a câmera, botei, deixa eu sair. Meu Deus do céu, ok? Vou botar outro aqui, Eduardo, agora vamos esconder, que daqui a pouco ele tá aí, fi. Corre, corre, corre, corre. Olha aqui, minha casa. Ué, que tapete é esse aqui? O meu tapete era azul. Mas eu não vou reclamar também, né? Porque eu adoro ouro. Mas será que ele é confortável?""",Avaliador_B,Avaliador_F
20,"Dropou dois pra mim aqui. O tiquetinho de ferro é um mar bonito, ele tem esse, é o ponto de enderogação vermelhão, é da hora. Aham. Tá, Tôningon. Ô, ok, ok, ok. Vambora, vambora, eu quero testar, cadê, cadê? Aqui. Uh, quantas? 7 bookshelves. Boa. Botinha de feather foley 5 também. Nossa, mesmo pena 5, cara. Aí, foi. Vamos esperar o Tôningon aqui, véi. Deixa eu ver a espadinha. Aí, boa. Nossa, eu vou colocar todos os tickets aqui na minha hotbar, aí eu vou abrir todo o meu tempo aqui assim. Beleza, véi. Eu tenho que, eu tenho que clicar umas 8 vezes pra funcionar. Tem que clicar sempre no mesmo spot, mano. Quer no meio? Ah, sim. O quê? Ah, veio, veio, veio, enderpeu, enderpeu. Quantas? Duas. Dá pra juntar com as tuas blaze rods lá. Nossa, véi. É o pessoalzinho portal do fim. Isso é muito louco. Sofa suspeita, blaze rod, show de... Boa. Quê? Quantos?",0.0628831386566162,0.5670192837715149,0.3700975775718689,NEU,0.0780589804053306,0.0010133957257494,0.0185123011469841,0.001661994960159,0.029866611585021,0.0016112131997942,0.0043414998799562,0.112953395,Geleia,Minecraft,minecraft mas quem tiver MAIS SORTE GANHA... [tU70ZKwaOGE],,NT,NT,NT,"🎬 Canal: Geleia | 🎥 Vídeo: minecraft mas quem tiver MAIS SORTE GANHA... [tU70ZKwaOGE]
⏱️ Segmento/Index: 20
──────────────────────────────────────────────────
Fala transcrita:
""Dropou dois pra mim aqui. O tiquetinho de ferro é um mar bonito, ele tem esse, é o ponto de enderogação vermelhão, é da hora. Aham. Tá, Tôningon. Ô, ok, ok, ok. Vambora, vambora, eu quero testar, cadê, cadê? Aqui. Uh, quantas? 7 bookshelves. Boa. Botinha de feather foley 5 também. Nossa, mesmo pena 5, cara. Aí, foi. Vamos esperar o Tôningon aqui, véi. Deixa eu ver a espadinha. Aí, boa. Nossa, eu vou colocar todos os tickets aqui na minha hotbar, aí eu vou abrir todo o meu tempo aqui assim. Beleza, véi. Eu tenho que, eu tenho que clicar umas 8 vezes pra funcionar. Tem que clicar sempre no mesmo spot, mano. Quer no meio? Ah, sim. O quê? Ah, veio, veio, veio, enderpeu, enderpeu. Quantas? Duas. Dá pra juntar com as tuas blaze rods lá. Nossa, véi. É o pessoalzinho portal do fim. Isso é muito louco. Sofa suspeita, blaze rod, show de... Boa. Quê? Quantos?""",Avaliador_B,Avaliador_F
2,"Amiga, você acha que já morreu muita gente? Dá pra gente ir agora? Melhor ficar aqui mais um pouquinho. Corre da safe, rapariga da aldeia, que a gente esqueceu dela. Pronto, tomo o safe. Tudo certo por aqui agora. Toda movimentação tem que ser com cautela. Olha um gelinho aqui, vou pegar. Olha outro gelinho aqui, vou pegar de novo. Bora, rapariga, me devolve meu gelo, rapariga. Me devolve, me devolve. Só tô devolvendo porque você precisa mais do que eu. Pra que morrer pro inimigo no campeonato se a gente pode morrer pra safe? Porque a gente sempre esquece. Oh, meu Deus. Tamo safe, tô fazendo a ronda aqui pra ver se tem alguém com minha Doubo Vector. Minha espadachim. Tudo limpo, mas vamos embora, porque vai vir a safe e eu já acabar morrendo pra safe, se embora. Grécia do céu tem um cara ali, vamos ficar escondida pra ele não ver a gente. Tá bom, amiga? Não sei por que eu confio, primeira oportunidade a Grécia tirou. Só pilantra achando que ia matar com o Doubo Vector de longe. Não tem mais o que fazer, não, agora é só correr e orar. Agora o inimigo viu nossa localização, já tá morrendo de terra aqui, fiquei desesperada, ele ligou o menino Ney. Agora tu vem pro meu gelo, né, tua rapariga?",0.2372100949287414,0.6868541240692139,0.0759357959032058,NEU,0.2470058798789978,0.0006816357490606,0.0088046481832861,0.0009463134338147,0.0349025949835777,0.0468859188258647,0.0017331698909401,0.28312725,Amy Scarlet,Roblox,Amy Scarlet e Grécia no Campeonato [Z-TswtJYrao],,GZ,GZ,GZ,"🎬 Canal: Amy Scarlet | 🎥 Vídeo: Amy Scarlet e Grécia no Campeonato [Z-TswtJYrao]
⏱️ Segmento/Index: 2
──────────────────────────────────────────────────
Fala transcrita:
""Amiga, você acha que já morreu muita gente? Dá pra gente ir agora? Melhor ficar aqui mais um pouquinho. Corre da safe, rapariga da aldeia, que a gente esqueceu dela. Pronto, tomo o safe. Tudo certo por aqui agora. Toda movimentação tem que ser com cautela. Olha um gelinho aqui, vou pegar. Olha outro gelinho aqui, vou pegar de novo. Bora, rapariga, me devolve meu gelo, rapariga. Me devolve, me devolve. Só tô devolvendo porque você precisa mais do que eu. Pra que morrer pro inimigo no campeonato se a gente pode morrer pra safe? Porque a gente sempre esquece. Oh, meu Deus. Tamo safe, tô fazendo a ronda aqui pra ver se tem alguém com minha Doubo Vector. Minha espadachim. Tudo limpo, mas vamos embora, porque vai vir a safe e eu já acabar morrendo pra safe, se embora. Grécia do céu tem um cara ali, vamos ficar escondida pra ele não ver a gente. Tá bom, amiga? Não sei por que eu confio, primeira oportunidade a Grécia tirou. Só pilantra achando que ia matar com o Doubo Vector de longe. Não tem mais o que fazer, não, agora é só correr e orar. Agora o inimigo viu nossa localização, já tá morrendo de terra aqui, fiquei desesperada, ele ligou o menino Ney. Agora tu vem pro meu gelo, né, tua rapariga?""",Avaliador_B,Avaliador_F
7,"Ai não adianta explicar não adianta explicar desculpa senhor por isso mas a gente só vai se trocar aqui ó tem bastante opção vamos pegar uma que lembre bastante de capanga beleza? Tem que parecer um capanga do espectre. Então o senhor me desça as piores roupas porque as piores roupas estão nos capangas Tem razão, as piores roupas são dos capangas, vamos procurar aqui. Agora sim nós estamos parecendo capangas do espectre olha só essas roupas de criminosos em nossa cidade. Eu estou feio demais, estou feio demais, tô louco pra tirar essa roupa vamos logo xerife você ficou mais buíza porque essa bandana tampou o rosto inteiro que é bonito. Você é o McFly. Tá desmorda ai gente eu não deixava, eu não deixava. Olha esse McFly eu só não vou te prender agora porque você deu uma ideia muito boa, diferente do seu JP que nunca tem ideia boa né? Eu não tenho ideia boa, olha o meu estilo fala se eu não estou estiloso olha isso eu tô parecendo um criminoso vocês podem fazer uma foto minha igual essa aqui do espectre de procurado com essa roupa vai botar medo em todo mundo na cidade.",0.953253209590912,0.0246038381010293,0.0221430268138647,NEG,0.3442517518997192,0.0058187460526824,0.0434543304145336,0.0056845322251319,0.0722586661577224,0.0071025318466126,0.0025073657743632,0.26293078,JP Plays,Minecraft,ESCONDIDOS DENTRO DA BASE DO SPECTRE NO VELHO OESTE DO MINECRAFT  13 [aO-4_k-su68],,GZ,GZ,GZ,"🎬 Canal: JP Plays | 🎥 Vídeo: ESCONDIDOS DENTRO DA BASE DO SPECTRE NO VELHO OESTE DO MINECRAFT  13 [aO-4_k-su68]
⏱️ Segmento/Index: 7
──────────────────────────────────────────────────
Fala transcrita:
""Ai não adianta explicar não adianta explicar desculpa senhor por isso mas a gente só vai se trocar aqui ó tem bastante opção vamos pegar uma que lembre bastante de capanga beleza? Tem que parecer um capanga do espectre. Então o senhor me desça as piores roupas porque as piores roupas estão nos capangas Tem razão, as piores roupas são dos capangas, vamos procurar aqui. Agora sim nós estamos parecendo capangas do espectre olha só essas roupas de criminosos em nossa cidade. Eu estou feio demais, estou feio demais, tô louco pra tirar essa roupa vamos logo xerife você ficou mais buíza porque essa bandana tampou o rosto inteiro que é bonito. Você é o McFly. Tá desmorda ai gente eu não deixava, eu não deixava. Olha esse McFly eu só não vou te prender agora porque você deu uma ideia muito boa, diferente do seu JP que nunca tem ideia boa né? Eu não tenho ideia boa, olha o meu estilo fala se eu não estou estiloso olha isso eu tô parecendo um criminoso vocês podem fazer uma foto minha igual essa aqui do espectre de procurado com essa roupa vai botar medo em todo mundo na cidade.""",Avaliador_B,Avaliador_F
7,"Eu vou ferreiro abandonado, que eu não sou bobo. Vou pegar os fenos aqui. E o Ferreiro Lato pegou as coisas. Oh, peitoral e mais ferro. Boa, meu. Aí sim, mano. Mano, peitoralzão e mais ferro. E aqui, ó, já tô com uns 8 ferros, mano. Nossa, já é tudo isso? Eu vou deixar a comida aqui, pelo menos. Aqui, ó, beleza, já tem aqui feno. Tem feno pra caramba, que agora quer. Ah, que ótimo, mano. Vamos fazer um coraçãozinho, então. Aqui, ó, estamos aqui o feno pra você. Precisa de 4 fenos e 4 tribos. 4 tribos. Ah, e o vidro ficou pra trás, meu. Ah, tu não fez. É uma atrocidade dessa, meu. Acredito nisso, cara. Eu não acredito. Vai lá, vai lá de novo. Ó, a dupla hoje tá atrapalhada. Eu vou te contar, né, moço? Parece que a gente esqueceu como funciona a aventura. A gente esqueceu como funciona a vida, velho. Meu Deus, mas tá, eu já achei areia aqui já. Tem um monte de areia aqui embaixo. Não, eu já peguei areia, eu vou colocar aqui pra esquentar o ferreiro. Meu Deus do céu, que atrapalhado, gente. Eu acho que eu trouxe...",0.4798379242420196,0.4519303739070892,0.0682316645979881,NEG,0.2880173325538635,0.0017353575676679,0.0551963523030281,0.0018227753462269,0.0725902542471885,0.0023839920759201,0.0051921014674007,0.33255672,Kass e KR,Minecraft,Nossos CORAÇÕES viraram BLOCOS CUSTOMIZADOS no Minecraft [IoM0sBCyTIE],,GZ,GZ,GZ,"🎬 Canal: Kass e KR | 🎥 Vídeo: Nossos CORAÇÕES viraram BLOCOS CUSTOMIZADOS no Minecraft [IoM0sBCyTIE]
⏱️ Segmento/Index: 7
──────────────────────────────────────────────────
Fala transcrita:
""Eu vou ferreiro abandonado, que eu não sou bobo. Vou pegar os fenos aqui. E o Ferreiro Lato pegou as coisas. Oh, peitoral e mais ferro. Boa, meu. Aí sim, mano. Mano, peitoralzão e mais ferro. E aqui, ó, já tô com uns 8 ferros, mano. Nossa, já é tudo isso? Eu vou deixar a comida aqui, pelo menos. Aqui, ó, beleza, já tem aqui feno. Tem feno pra caramba, que agora quer. Ah, que ótimo, mano. Vamos fazer um coraçãozinho, então. Aqui, ó, estamos aqui o feno pra você. Precisa de 4 fenos e 4 tribos. 4 tribos. Ah, e o vidro ficou pra trás, meu. Ah, tu não fez. É uma atrocidade dessa, meu. Acredito nisso, cara. Eu não acredito. Vai lá, vai lá de novo. Ó, a dupla hoje tá atrapalhada. Eu vou te contar, né, moço? Parece que a gente esqueceu como funciona a aventura. A gente esqueceu como funciona a vida, velho. Meu Deus, mas tá, eu já achei areia aqui já. Tem um monte de areia aqui embaixo. Não, eu já peguei areia, eu vou colocar aqui pra esquentar o ferreiro. Meu Deus do céu, que atrapalhado, gente. Eu acho que eu trouxe...""",Avaliador_B,Avaliador_F
12,"Dois negocinhos aqui e os barquinhos. Faz o barquinho e... Foi! Beleza, pura. Ai, carai. Deixa eu ver. Vai morrer. Nossa, muito ferro. Muita pepita de ferro. Vou morrer! Vai correr. Cadê você? Ai, eu tô pegando os baús aqui enquanto você... Morri. Aaaaah! Não morreu. Vem, vem, vem, vem. Como é que tu morreu? Ele tá ali, ó. Fazer uma espada pra mim. Pronto. Que ira de chato. Enjoada, né? Eu tô batendo nele com um... Com um machado. Vou fazer uma espadinha pra mim, porque... Agora, Caen, a gente tem que ir pro Nether pra fazer um negócio lá. Hummm... Ah, eu fiz um mapa, mano. Meu Deus. Por que que eu fiz um mapa, cara? O que que eu fiz um mapa, cara? Tem craft tape? Tem, tem craft tape aqui. Tá, gente. Aonde tava a... A lava? Ah, eita, ali em cima. A gente precisa de... Basalto, netherrack, gold... Aqueles de bloquinho... Ah, precisa de um monte de coisa. Vambora pra lá. Mais fácil. Tá, vamos... A gente precisa primeiro achar o nether, né, mano? É. Achar o nether. Primeiro achar a lava. Sai daqui, querido chato. Toma essa espada, arra de madeira na fuça.",0.3474712669849396,0.3942776918411255,0.2582511007785797,NEU,0.8104972243309021,0.0065417066216468,0.03552757948637,0.0020829618442803,0.0473554171621799,0.1907383650541305,0.0094716688618063,0.43230394,Kass e KR,Minecraft,Posso CRIAR ESTRUTURAS no Minecraft [aV9uPovI15w],,T,T,T,"🎬 Canal: Kass e KR | 🎥 Vídeo: Posso CRIAR ESTRUTURAS no Minecraft [aV9uPovI15w]
⏱️ Segmento/Index: 12
──────────────────────────────────────────────────
Fala transcrita:
""Dois negocinhos aqui e os barquinhos. Faz o barquinho e... Foi! Beleza, pura. Ai, carai. Deixa eu ver. Vai morrer. Nossa, muito ferro. Muita pepita de ferro. Vou morrer! Vai correr. Cadê você? Ai, eu tô pegando os baús aqui enquanto você... Morri. Aaaaah! Não morreu. Vem, vem, vem, vem. Como é que tu morreu? Ele tá ali, ó. Fazer uma espada pra mim. Pronto. Que ira de chato. Enjoada, né? Eu tô batendo nele com um... Com um machado. Vou fazer uma espadinha pra mim, porque... Agora, Caen, a gente tem que ir pro Nether pra fazer um negócio lá. Hummm... Ah, eu fiz um mapa, mano. Meu Deus. Por que que eu fiz um mapa, cara? O que que eu fiz um mapa, cara? Tem craft tape? Tem, tem craft tape aqui. Tá, gente. Aonde tava a... A lava? Ah, eita, ali em cima. A gente precisa de... Basalto, netherrack, gold... Aqueles de bloquinho... Ah, precisa de um monte de coisa. Vambora pra lá. Mais fácil. Tá, vamos... A gente precisa primeiro achar o nether, né, mano? É. Achar o nether. Primeiro achar a lava. Sai daqui, querido chato. Toma essa espada, arra de madeira na fuça.""",Avaliador_B,Avaliador_F
0,"Fer, você tá preparado porque hoje nós vamos a uma festa que eu vou te contar, hein, meu? Uhul! Vamos à festa! Festa, festa, festa! Tchucu, tchucu, tchucu! Festa, festa! Festa, festa! Uhul, uhul! Festa, fe... Me empolguei demais, né? É, um pouquinho, um pouquinho, mas tá bom. Festa é sempre muito bom, ok? Eu entendo sua animação. E é isso aí, vambora pra festa agora? Vambora pra festa, meu! Não, não... Esperante, é que é a festa. A festa é ali na frente, ali ó, naquele salão ali bonitão, ó. Eita meu, aquele salão dourado não, dourado? Um salão dourado, é exatamente esse salão. Caraca! Cadê o Nuco A.I.? E você trouxe os convites? Os convites? Não vai dizer que você esqueceu os convites. É, então, é os convites, né? É, os convites! Aqueles bilhetinhos que você entra, você pode entrar com eles, né?",0.0287808440625667,0.2397596836090088,0.7314594388008118,POS,0.0892917662858963,0.0008155198884196,0.0357717797160148,0.0009460903820581,0.0110306870192289,0.000967938103713,0.0070377993397414,0.1373533,Kass e KR,Minecraft,INVADIMOS a FESTA dos PRINCIPES no Minecraft [3nBhANhaFV8],,NT,NT,NT,"🎬 Canal: Kass e KR | 🎥 Vídeo: INVADIMOS a FESTA dos PRINCIPES no Minecraft [3nBhANhaFV8]
⏱️ Segmento/Index: 0
──────────────────────────────────────────────────
Fala transcrita:
""Fer, você tá preparado porque hoje nós vamos a uma festa que eu vou te contar, hein, meu? Uhul! Vamos à festa! Festa, festa, festa! Tchucu, tchucu, tchucu! Festa, festa! Festa, festa! Uhul, uhul! Festa, fe... Me empolguei demais, né? É, um pouquinho, um pouquinho, mas tá bom. Festa é sempre muito bom, ok? Eu entendo sua animação. E é isso aí, vambora pra festa agora? Vambora pra festa, meu! Não, não... Esperante, é que é a festa. A festa é ali na frente, ali ó, naquele salão ali bonitão, ó. Eita meu, aquele salão dourado não, dourado? Um salão dourado, é exatamente esse salão. Caraca! Cadê o Nuco A.I.? E você trouxe os convites? Os convites? Não vai dizer que você esqueceu os convites. É, então, é os convites, né? É, os convites! Aqueles bilhetinhos que você entra, você pode entrar com eles, né?""",Avaliador_B,Avaliador_F
11,"Eu vou comprar o doce godly, que chama, né? Ah, esse é muito caro. Esse eu não tenho dinheiro. Fertilizante. E eu vou comprar esse aqui, os sprinklers. Que daí ele vai fazer automaticamente a parte de regar, né? Olha lá, já está regando tudo, ó. Agora a gente vai plantar o doce. Como é que faz? Como é que planta? Ah, é só clicar no chão, ó. Plantei dois doces, é isso? Só esperar crescer agora, eu acho. Eu vou fazer uma plantação completa. Eu quero ver no que vai dar isso. Olha que interessante, pessoal, como que a plantação de doce funciona. Esses doces aqui são os dourados. Eles já cresceram 100%. Presta atenção no dinheirinho ali, ó. Eu estou fazendo a colheita. Meu, vai subir muito dinheiro. Olha lá, 4 milhões. Agora com esse aqui já vai para quê? Uns 8? 7, 8? Mais um? Vou passar de 10 milhões. Só dessa brincadeira aqui. Eu vou replantar tudo, cara. Pessoal, aquele doce colorido, aqueles doces que estão piscando em branco ali, ó. Esse aqui dá muito dinheiro, mas dá muito mesmo. Dá uma olhadinha no meu dinheiro ali. 32 milhões? Vai subir para quanto? 45. Melhor jeito de farmar dinheiro é com isso aqui, ó. Eu quero saber o que aquele amiguinho está fazendo lá em cima.",0.1912615448236465,0.7670438885688782,0.0416945442557334,NEU,0.0115539068356156,0.0001167343070846,0.0028371638618409,0.0002161409793188,0.0064637442119419,0.0002260290493723,0.0004255783860571,0.15324512,Tex HS,Roblox,SOU O FLOPPA POR 1 DIA Roblox Raised By a Floppa [84l4sUIcrS4],,NT,NT,NT,"🎬 Canal: Tex HS | 🎥 Vídeo: SOU O FLOPPA POR 1 DIA Roblox Raised By a Floppa [84l4sUIcrS4]
⏱️ Segmento/Index: 11
──────────────────────────────────────────────────
Fala transcrita:
""Eu vou comprar o doce godly, que chama, né? Ah, esse é muito caro. Esse eu não tenho dinheiro. Fertilizante. E eu vou comprar esse aqui, os sprinklers. Que daí ele vai fazer automaticamente a parte de regar, né? Olha lá, já está regando tudo, ó. Agora a gente vai plantar o doce. Como é que faz? Como é que planta? Ah, é só clicar no chão, ó. Plantei dois doces, é isso? Só esperar crescer agora, eu acho. Eu vou fazer uma plantação completa. Eu quero ver no que vai dar isso. Olha que interessante, pessoal, como que a plantação de doce funciona. Esses doces aqui são os dourados. Eles já cresceram 100%. Presta atenção no dinheirinho ali, ó. Eu estou fazendo a colheita. Meu, vai subir muito dinheiro. Olha lá, 4 milhões. Agora com esse aqui já vai para quê? Uns 8? 7, 8? Mais um? Vou passar de 10 milhões. Só dessa brincadeira aqui. Eu vou replantar tudo, cara. Pessoal, aquele doce colorido, aqueles doces que estão piscando em branco ali, ó. Esse aqui dá muito dinheiro, mas dá muito mesmo. Dá uma olhadinha no meu dinheiro ali. 32 milhões? Vai subir para quanto? 45. Melhor jeito de farmar dinheiro é com isso aqui, ó. Eu quero saber o que aquele amiguinho está fazendo lá em cima.""",Avaliador_B,Avaliador_F
10,"Achei ali, ó, tá aqui o Creeper. Calma. Ai, ai, ai, ai. Calma aí, filha. Calma aí, eu vou parar o tempo. Eu paro o tempo. Eu paro, deixa ele se abrir. Sobe, sobe, meu filho, que eu vou parar o tempo. Ele não tá conseguindo nadar, também ele não tem nem mão, né? Parei o tempo. Parou, parou. Ele esplodiu. Ele esplodiu. Ele esplodiu. Ah, não, não. Deixa eu mato ele. Coisa boa, tá vendo, galera? Graças a mim. Agora, Eduardo, testa esse tal poder do Creeper aí pra ver o que que acontece, Eduardo. É... Eu acho que é um poder meio perigoso. Garota, quase que eu morri de infarto do susto que eu tomei. Vai, Eduardo, testa de novo esse negócio. Você vai ficar um pouco longe do que? Isso, pode... Não, então, eu... É, me deu uma dor de barriga, acho que eu vou soltar só um peidinho, tá bom? Peidinho? É. Rapaz...",0.1483466625213623,0.635461151599884,0.2161922305822372,NEU,0.5030086636543274,0.0013106513069942,0.0146321672946214,0.0007780430023558,0.0298072323203086,0.2922845780849457,0.0072031044401228,0.3722269,Marcelodrv,Minecraft,COMO GANHAR os PODERES dos MOBS DO MINECRAFT [aT6dun2i92g],,GZ,GZ,GZ,"🎬 Canal: Marcelodrv | 🎥 Vídeo: COMO GANHAR os PODERES dos MOBS DO MINECRAFT [aT6dun2i92g]
⏱️ Segmento/Index: 10
──────────────────────────────────────────────────
Fala transcrita:
""Achei ali, ó, tá aqui o Creeper. Calma. Ai, ai, ai, ai. Calma aí, filha. Calma aí, eu vou parar o tempo. Eu paro o tempo. Eu paro, deixa ele se abrir. Sobe, sobe, meu filho, que eu vou parar o tempo. Ele não tá conseguindo nadar, também ele não tem nem mão, né? Parei o tempo. Parou, parou. Ele esplodiu. Ele esplodiu. Ele esplodiu. Ah, não, não. Deixa eu mato ele. Coisa boa, tá vendo, galera? Graças a mim. Agora, Eduardo, testa esse tal poder do Creeper aí pra ver o que que acontece, Eduardo. É... Eu acho que é um poder meio perigoso. Garota, quase que eu morri de infarto do susto que eu tomei. Vai, Eduardo, testa de novo esse negócio. Você vai ficar um pouco longe do que? Isso, pode... Não, então, eu... É, me deu uma dor de barriga, acho que eu vou soltar só um peidinho, tá bom? Peidinho? É. Rapaz...""",Avaliador_B,Avaliador_F
19,os nossos presentes acho que isso não foi uma boa ideia foi sim lulu que nossos presentes estão aqui mas eu tenho um saco de presente nas minhas costas mas você não tá pra levar nem metade da galera que pediu olha nossos presentes estão todos aqui e eu to achando que agora que nós vamos usar o bate crianças vocês não eram permitidos de estar aqui vocês não leram a placa escrito não entre a gente tem impressão minha ele cresceu você pegou todos os nossos presentes eu não acredito que você é o verdadeiro papai noel ta bom eu não sou o papai noel é claro mami ele é o great meu Deus lulu olha a cara dele de mal meu Deus olha a cara dele eu sabia que a gente não deveria ter deixado mami meu Deus lulu sabe o que ele fala agora que a gente só vai recuperar o presente e passar por cima dele então vamos passar por cima dele mami ai vem cá ele ta jogando bola de fogo calma calma calma tomei meu chocolate quente agora minha vida ta boa eu vou lá pegar ele tá a vida dele já ta na metade vai a gente consegue vai lucas vai lulu ele atum de novo de novo mami eu consigo sozinha então vai lulu que eu confio em você filha vai mami agora é a hora vai mami eu vou bater nele,0.530744731426239,0.3189265131950378,0.1503288000822067,NEG,0.6281515955924988,0.0068233599886298,0.0599638037383556,0.0023970627225935,0.0378241054713726,0.0420652255415916,0.0176323764026165,0.30993456,Luluca Games,Roblox,Roblox - O GRINCH QUER ACABAR COM O NOSSO NATAL The Grinch Story  Luluca Games [OuGW1h40Zdc],0.5307450890541077,GZ,GZ,GZ,"🎬 Canal: Luluca Games | 🎥 Vídeo: Roblox - O GRINCH QUER ACABAR COM O NOSSO NATAL The Grinch Story  Luluca Games [OuGW1h40Zdc]
⏱️ Segmento/Index: 19
──────────────────────────────────────────────────
Fala transcrita:
""os nossos presentes acho que isso não foi uma boa ideia foi sim lulu que nossos presentes estão aqui mas eu tenho um saco de presente nas minhas costas mas você não tá pra levar nem metade da galera que pediu olha nossos presentes estão todos aqui e eu to achando que agora que nós vamos usar o bate crianças vocês não eram permitidos de estar aqui vocês não leram a placa escrito não entre a gente tem impressão minha ele cresceu você pegou todos os nossos presentes eu não acredito que você é o verdadeiro papai noel ta bom eu não sou o papai noel é claro mami ele é o great meu Deus lulu olha a cara dele de mal meu Deus olha a cara dele eu sabia que a gente não deveria ter deixado mami meu Deus lulu sabe o que ele fala agora que a gente só vai recuperar o presente e passar por cima dele então vamos passar por cima dele mami ai vem cá ele ta jogando bola de fogo calma calma calma tomei meu chocolate quente agora minha vida ta boa eu vou lá pegar ele tá a vida dele já ta na metade vai a gente consegue vai lucas vai lulu ele atum de novo de novo mami eu consigo sozinha então vai lulu que eu confio em você filha vai mami agora é a hora vai mami eu vou bater nele""",Avaliador_B,Avaliador_F
18,"porque ele ficou sozinho, ele não conseguiria levar todas as barras no mesmo inventário ele precisaria de mais gente e a gente conseguia enfrentar os sapoings ele acabou com todo o ouro, isso aqui não é nada, ele deve estar com muito ele é verdade, eu dou pouco mais ouro não, não, não acredito uma parte da riqueza da cidade agora está nas mãos do espectro eu não acredito, eu não acredito, esse cara é muito malvado e fugiu mais uma vez e olha o estrago que ele fez aqui no banco nós vamos ter que pedir ajuda para o pessoal da cidade de estar reformando essa entrada seu JP, eu falei que tinha uma coisa estranha na cidade, por que você não acreditou em mim? desculpa xerife, você estava certo, realmente tinha algo estranho a gente só não sabia bem o que era, né? e com certeza não era culpa daquele porquinho que você quis prender ai ai ai, verdade, mas ele estava muito suspeito, aquele porquinho olha pessoal, olha o que ele fez olha, a gente tem então um jeito de tentar descobrir quais são os planos do espectro, sério a gente precisa descobrir para onde ele levou todas essas barras de ouro e o pior, o que ele vai fazer com todo esse ouro, né?",0.9399454593658448,0.0325467661023139,0.0275078173726797,NEG,0.3116671741008758,0.0004860060871578,0.0394350066781044,0.0009510728996247,0.1825505793094635,0.000567895360291,0.0005462368717417,0.36043653,JP Plays,Minecraft,SPECTRE ROUBOU O BANCO DA CIDADE NO VELHO OESTE DO MINECRAFT  12 [8CExY1DQliE],,GZ,GZ,GZ,"🎬 Canal: JP Plays | 🎥 Vídeo: SPECTRE ROUBOU O BANCO DA CIDADE NO VELHO OESTE DO MINECRAFT  12 [8CExY1DQliE]
⏱️ Segmento/Index: 18
──────────────────────────────────────────────────
Fala transcrita:
""porque ele ficou sozinho, ele não conseguiria levar todas as barras no mesmo inventário ele precisaria de mais gente e a gente conseguia enfrentar os sapoings ele acabou com todo o ouro, isso aqui não é nada, ele deve estar com muito ele é verdade, eu dou pouco mais ouro não, não, não acredito uma parte da riqueza da cidade agora está nas mãos do espectro eu não acredito, eu não acredito, esse cara é muito malvado e fugiu mais uma vez e olha o estrago que ele fez aqui no banco nós vamos ter que pedir ajuda para o pessoal da cidade de estar reformando essa entrada seu JP, eu falei que tinha uma coisa estranha na cidade, por que você não acreditou em mim? desculpa xerife, você estava certo, realmente tinha algo estranho a gente só não sabia bem o que era, né? e com certeza não era culpa daquele porquinho que você quis prender ai ai ai, verdade, mas ele estava muito suspeito, aquele porquinho olha pessoal, olha o que ele fez olha, a gente tem então um jeito de tentar descobrir quais são os planos do espectro, sério a gente precisa descobrir para onde ele levou todas essas barras de ouro e o pior, o que ele vai fazer com todo esse ouro, né?""",Avaliador_B,Avaliador_F
9,"Hum, droga, ele tá aqui, ele tá aqui, tem um poço, conseguir explorar e pegar algumas coisas, uma munição Será que tem como ter uma arma e acabar com esse porco? Hum, pode ser que sim, pode ser que não, mas ele tá atrás de mim, o plano não tá funcionando, o plano tá dando ruim Hum, pera, pera, pra cá não, pra cá não Ai, ali em cima tem peças de engrenagem, encontrei, encontrei o que queria, pera, pera, pera Seguinte, pessoal, as peças da engrenagem tão ali ó, eu vou deixar essa munição em cima da mesa, a gente pega essas peças de engrenagem, leva lá pra fora e coloca na máquina lá Será que isso vai funcionar? Será que não vai? Vamos fechar a porta, deixa o George lá. Beleza, aqui não tem porta, né? O que é ruim é terrível. A gente vai vir aqui e colocar as peças, vamos ver se vai. Boa! Coloquei as peças. Deu certo, deu certo. Agora provavelmente abriu alguma passagem secreta em algum lugar da casa, né? Não sei, dá pra entrar aqui? Não dá pra entrar aqui. Eu acho que não. Tô vivo! McFly, muito obrigado, você já fez com que eu descobrisse bastante coisa nova que eu não sabia.",0.7154546976089478,0.2644955515861511,0.0200498215854167,NEG,0.8917825818061829,0.0062661990523338,0.2803115248680115,0.0028123692609369,0.0580784901976585,0.005556312855333,0.009254808537662,0.47886392,JP Plays,Minecraft,A PORCA MALVADA NO ROBLOX  Creepypasta Peppa Pig [cNDxodQUfbc],,T,T,T,"🎬 Canal: JP Plays | 🎥 Vídeo: A PORCA MALVADA NO ROBLOX  Creepypasta Peppa Pig [cNDxodQUfbc]
⏱️ Segmento/Index: 9
──────────────────────────────────────────────────
Fala transcrita:
""Hum, droga, ele tá aqui, ele tá aqui, tem um poço, conseguir explorar e pegar algumas coisas, uma munição Será que tem como ter uma arma e acabar com esse porco? Hum, pode ser que sim, pode ser que não, mas ele tá atrás de mim, o plano não tá funcionando, o plano tá dando ruim Hum, pera, pera, pra cá não, pra cá não Ai, ali em cima tem peças de engrenagem, encontrei, encontrei o que queria, pera, pera, pera Seguinte, pessoal, as peças da engrenagem tão ali ó, eu vou deixar essa munição em cima da mesa, a gente pega essas peças de engrenagem, leva lá pra fora e coloca na máquina lá Será que isso vai funcionar? Será que não vai? Vamos fechar a porta, deixa o George lá. Beleza, aqui não tem porta, né? O que é ruim é terrível. A gente vai vir aqui e colocar as peças, vamos ver se vai. Boa! Coloquei as peças. Deu certo, deu certo. Agora provavelmente abriu alguma passagem secreta em algum lugar da casa, né? Não sei, dá pra entrar aqui? Não dá pra entrar aqui. Eu acho que não. Tô vivo! McFly, muito obrigado, você já fez com que eu descobrisse bastante coisa nova que eu não sabia.""",Avaliador_B,Avaliador_F
0,"Pronto pra copiar e colar todos os blocos do Minecraft, K.R.? Eu tô pronto pra gente conseguir aquele bloco de diamante mais lindo e sair copiando por aí pelo mundo. Caraca, então galera, hoje vai ser o seguinte, hoje nós podemos craftar uma varinha que vai copiar e colar todos os blocos do Minecraft, o mais seu for, se você, K.R. Eu colocava de dia, porque a gente já começou de noite, né? Eu não vou colocar de dia não, porque o que eu vou colocar de dia vai ser o comando. É, o comando coloca de dia e o pessoal vai deixando like, o comando do like, barra like. Comando, barra like ali, deixa eu ver pra frente que o pessoal vê, barra like aí. Deixa o like, galera. Só faz besteira, né mano? Tá, e pra gente craftar essa varinha que copia todos os blocos, K.R., é bem simples. A gente só vai precisar de uma madeirinha ali, aí a gente pega a madeira, faz uma bancada de trabalho ou se você preferir uma crafting table, né, que é inglês, e aí a gente faz uns dois sticks e pega a lã da alvelha e coloca dois sticks e a lã da alvelha.",0.0481088273227214,0.5424108505249023,0.4094803631305694,NEU,0.3037452697753906,0.0052140005864202,0.0619924217462539,0.0036602986510843,0.0264552105218172,0.0022837177384644,0.0052408222109079,0.2854937,Kass e KR,Minecraft,Podemos COPIAR e COLAR qualquer Bloco no Minecraft [yVs7dhL7hT8],,GZ,GZ,GZ,"🎬 Canal: Kass e KR | 🎥 Vídeo: Podemos COPIAR e COLAR qualquer Bloco no Minecraft [yVs7dhL7hT8]
⏱️ Segmento/Index: 0
──────────────────────────────────────────────────
Fala transcrita:
""Pronto pra copiar e colar todos os blocos do Minecraft, K.R.? Eu tô pronto pra gente conseguir aquele bloco de diamante mais lindo e sair copiando por aí pelo mundo. Caraca, então galera, hoje vai ser o seguinte, hoje nós podemos craftar uma varinha que vai copiar e colar todos os blocos do Minecraft, o mais seu for, se você, K.R. Eu colocava de dia, porque a gente já começou de noite, né? Eu não vou colocar de dia não, porque o que eu vou colocar de dia vai ser o comando. É, o comando coloca de dia e o pessoal vai deixando like, o comando do like, barra like. Comando, barra like ali, deixa eu ver pra frente que o pessoal vê, barra like aí. Deixa o like, galera. Só faz besteira, né mano? Tá, e pra gente craftar essa varinha que copia todos os blocos, K.R., é bem simples. A gente só vai precisar de uma madeirinha ali, aí a gente pega a madeira, faz uma bancada de trabalho ou se você preferir uma crafting table, né, que é inglês, e aí a gente faz uns dois sticks e pega a lã da alvelha e coloca dois sticks e a lã da alvelha.""",Avaliador_B,Avaliador_F
13,"É, mas eu descobri algo agora que vai fazer eu te vencer. O que você descobriu, Cadres? Um mob novo da nova atualização. Um mob da atualização, será que ele descobriu que eu tô usando o mod? O que você tá mutado aí, Atlus? Cadres, valendo, valendo, porque eu já sei o mob que eu vou usar. Eu não sei ainda que mob eu vou usar, vamos observar o que o Cadres vai fazer. O que será que ele descobriu? Ah, agora o Atlus vai ver, ele vai ver só. Eu tava vendo que aqui pros cantos tem um monte de mod, olha isso. E o mais sorte de todos que eu encontrei foi esse daqui. Agora eu vou estar colocando ele no chão, olha só como ele é forte. O Cadres colocou um monstro de gelo. Se ele colocou um monstro de gelo, eu tenho que colocar criaturas de fogo pra combater o gelo. Eu acho que ele descobriu que eu tô usando o mod, mas não tem problema, porque ele não sabe ainda que eu tenho essa parede aqui de vidro e eu consigo observar tudo que ele faz. O Cadres vai reclamar um pouco, mas não importa. Eu vou transformar tudo em magma e nós vamos fazer esse monstro gelado dele pegar fogo.",0.0813104808330535,0.8805601000785828,0.0381294526159763,NEU,0.2611740529537201,0.0102294664829969,0.0501863732933998,0.0075702560134232,0.0487800389528274,0.016566788777709,0.0036311272997409,0.25462922,Athos,Minecraft,TROLEI MEU AMIGO EM UMA BATALHA DE MOBS NO MINECRAFT [dTCDBlqH8a8],,GZ,GZ,GZ,"🎬 Canal: Athos | 🎥 Vídeo: TROLEI MEU AMIGO EM UMA BATALHA DE MOBS NO MINECRAFT [dTCDBlqH8a8]
⏱️ Segmento/Index: 13
──────────────────────────────────────────────────
Fala transcrita:
""É, mas eu descobri algo agora que vai fazer eu te vencer. O que você descobriu, Cadres? Um mob novo da nova atualização. Um mob da atualização, será que ele descobriu que eu tô usando o mod? O que você tá mutado aí, Atlus? Cadres, valendo, valendo, porque eu já sei o mob que eu vou usar. Eu não sei ainda que mob eu vou usar, vamos observar o que o Cadres vai fazer. O que será que ele descobriu? Ah, agora o Atlus vai ver, ele vai ver só. Eu tava vendo que aqui pros cantos tem um monte de mod, olha isso. E o mais sorte de todos que eu encontrei foi esse daqui. Agora eu vou estar colocando ele no chão, olha só como ele é forte. O Cadres colocou um monstro de gelo. Se ele colocou um monstro de gelo, eu tenho que colocar criaturas de fogo pra combater o gelo. Eu acho que ele descobriu que eu tô usando o mod, mas não tem problema, porque ele não sabe ainda que eu tenho essa parede aqui de vidro e eu consigo observar tudo que ele faz. O Cadres vai reclamar um pouco, mas não importa. Eu vou transformar tudo em magma e nós vamos fazer esse monstro gelado dele pegar fogo.""",Avaliador_B,Avaliador_F
22,"mas talvez não estejam na cama toda ta, eu to aqui ó, to invisível ta invisível? ta, ta, ta, ta, ta ta me vendo? aham, to vendo será que eles me veem? tu tu tu tu não viram tu tu tu tu tu tu tu tu tu quebrei, quebro?",0.1830249428749084,0.7928829193115234,0.0240921750664711,NEU,0.6219662427902222,0.005904221907258,0.0445005409419536,0.0049525424838066,0.0571679063141346,0.0104789799079298,0.0116075491532683,0.20219094,Julia MineGirl,Roblox,Minecraft - BED WARS MAIS EMOCIONANTE [GqgSxP7uLBc],,GZ,GZ,GZ,"🎬 Canal: Julia MineGirl | 🎥 Vídeo: Minecraft - BED WARS MAIS EMOCIONANTE [GqgSxP7uLBc]
⏱️ Segmento/Index: 22
──────────────────────────────────────────────────
Fala transcrita:
""mas talvez não estejam na cama toda ta, eu to aqui ó, to invisível ta invisível? ta, ta, ta, ta, ta ta me vendo? aham, to vendo será que eles me veem? tu tu tu tu não viram tu tu tu tu tu tu tu tu tu quebrei, quebro?""",Avaliador_B,Avaliador_F
5,"Tá. Meu Deus do céu, porco. Pega fogo. Faz isso comigo não, velho. Ah, eu tenho aspecto sumerjante. Ah, moleque, é isso, véi. Agora. Deixa eu deixar a mesa aqui, ó. É só... Multiplica, é? Então, véi, basicamente... Eu tô com um pé aqui, eu tô com muito, muito, muito... A fogueira, se for ferramenta, ela vai encantar, se for item, ela vai multiplicar, entende? Caraca. Ah, peraí que eu vou derrubar. Exato, véi. Nossa. E é o seguinte, eu vou fazer mais umas fornalhinhas aqui. Você tem pedregulho? Meu Deus. Tem muito pedregulho, muito. Calma, eu vou colocar aqui uma pedra em cada fornalha aqui, véi. É só porque... Caraca, que... Oi, que picareta é essa? Que isso, me dá, me dá, me dá. Eu quero, eu quero, eu quero. Toma essa aqui, ó. Nossa, mano, você pegou uma picareta de eficiência mil. Velho do céu. Eu vou fazer outro machado. Agora eu vou fazer outro machado e tentar pegar em um quesamento muito bom. Nossa, véi. Mano, é que eu tô fazendo uma grindstone, a gente não precisa fazer outro, entendeu? A gente só... A gente só... Só fica tirando e botando aqui...",0.1490501016378402,0.3844346404075622,0.4665152132511139,POS,0.8776034116744995,0.0066682673059403,0.0746193826198577,0.0036711764987558,0.1439774185419082,0.011702723801136,0.0158762652426958,0.4269174,Geleia,Minecraft,as fogueiras mudaram no minecraft... [oVJ60UlHNYk],,T,T,T,"🎬 Canal: Geleia | 🎥 Vídeo: as fogueiras mudaram no minecraft... [oVJ60UlHNYk]
⏱️ Segmento/Index: 5
──────────────────────────────────────────────────
Fala transcrita:
""Tá. Meu Deus do céu, porco. Pega fogo. Faz isso comigo não, velho. Ah, eu tenho aspecto sumerjante. Ah, moleque, é isso, véi. Agora. Deixa eu deixar a mesa aqui, ó. É só... Multiplica, é? Então, véi, basicamente... Eu tô com um pé aqui, eu tô com muito, muito, muito... A fogueira, se for ferramenta, ela vai encantar, se for item, ela vai multiplicar, entende? Caraca. Ah, peraí que eu vou derrubar. Exato, véi. Nossa. E é o seguinte, eu vou fazer mais umas fornalhinhas aqui. Você tem pedregulho? Meu Deus. Tem muito pedregulho, muito. Calma, eu vou colocar aqui uma pedra em cada fornalha aqui, véi. É só porque... Caraca, que... Oi, que picareta é essa? Que isso, me dá, me dá, me dá. Eu quero, eu quero, eu quero. Toma essa aqui, ó. Nossa, mano, você pegou uma picareta de eficiência mil. Velho do céu. Eu vou fazer outro machado. Agora eu vou fazer outro machado e tentar pegar em um quesamento muito bom. Nossa, véi. Mano, é que eu tô fazendo uma grindstone, a gente não precisa fazer outro, entendeu? A gente só... A gente só... Só fica tirando e botando aqui...""",Avaliador_B,Avaliador_F
0,"Nossa, olha o tanto de cobre! Ai, mãe, tem uma aranha vinda! Aaaaaaah! Tu tem aranha, Ju? Ai, essa aqui! Mata ela! Aaaaaaah! Mata ela, você pode me matar! Não, não, não! Aaaaaaah! Ela vai me matar! Mata ela! Ah, não, não! Uh, olá, pessoal, tudo bem? Hoje em dia é que vira mais de URSA e G-Minecraft, e essa vez somos aqui de Manam! Olá, pessoal! Tudo bem? E hoje, pessoal, voltamos aqui no Diário Mine Girl! Isso mesmo! Pessoal, vocês gostaram do primeiro episódio? Sim! Nossa, gente, vocês foram incríveis! Isso aí, galera, vocês bateram a nossa meta de 60 mil likes e muito mais, né, Mami? Sim, foram quase 100 mil likes a última vez que a gente olhou! Sim, gente! Nossa! Então, galera, já vai deixando esse seu like eletion, beleza? Sim, bora continuar a nossa meta de 60 mil likes pro próximo episódio! Isso aí, galera, que a gente quer saber se vocês estão gostando, né? Exatamente!",0.5345604419708252,0.415852427482605,0.0495871789753437,NEG,0.9551344513893129,0.0072501092217862,0.0325765460729599,0.0066048470325767,0.0498480275273323,0.7351586818695068,0.0105832237750291,0.53579444,Julia MineGirl,Roblox,Diário Minegirl - HOJE O DIA FOI TENSO NO MINECRAFT  E2 [vCK6tQFv5zc],,T,T,T,"🎬 Canal: Julia MineGirl | 🎥 Vídeo: Diário Minegirl - HOJE O DIA FOI TENSO NO MINECRAFT  E2 [vCK6tQFv5zc]
⏱️ Segmento/Index: 0
──────────────────────────────────────────────────
Fala transcrita:
""Nossa, olha o tanto de cobre! Ai, mãe, tem uma aranha vinda! Aaaaaaah! Tu tem aranha, Ju? Ai, essa aqui! Mata ela! Aaaaaaah! Mata ela, você pode me matar! Não, não, não! Aaaaaaah! Ela vai me matar! Mata ela! Ah, não, não! Uh, olá, pessoal, tudo bem? Hoje em dia é que vira mais de URSA e G-Minecraft, e essa vez somos aqui de Manam! Olá, pessoal! Tudo bem? E hoje, pessoal, voltamos aqui no Diário Mine Girl! Isso mesmo! Pessoal, vocês gostaram do primeiro episódio? Sim! Nossa, gente, vocês foram incríveis! Isso aí, galera, vocês bateram a nossa meta de 60 mil likes e muito mais, né, Mami? Sim, foram quase 100 mil likes a última vez que a gente olhou! Sim, gente! Nossa! Então, galera, já vai deixando esse seu like eletion, beleza? Sim, bora continuar a nossa meta de 60 mil likes pro próximo episódio! Isso aí, galera, que a gente quer saber se vocês estão gostando, né? Exatamente!""",Avaliador_B,Avaliador_F
10,"Muita coisa. E os materiais pra fazer essa farm são estes daqui, ó. Você vai precisar de algumas águas, né? Cenouras pra plantar ali ou batata. Alguns blocos de construção e terra, mano. Esses aqui são os materiais, assim, gerais. E os que são o número exato são estes aqui, mano. 8 camas, 11 lajes, 2 barris, 7 placas de carvalho, 2 composteiras e 11 sapões de abeto. E os villagers, obviamente, você vai trazer aqui ou com barquinho, ou com carrinho, ou com cavalinho, ou com motinho, sei lá. O que você tiver aí no seu mapa. Então, Victor, explica pra nós aí mais uma vez como essa farmzinha aqui funciona, velho. Bom, gente, farm de villager é uma farm pré-histórica do Minecraft, mano. Isso aqui existe desde que o Minecraft é Minecraft. Mas é o seguinte, gente. Por que uma farm de villager? Uma farm de villager é importante pra você conseguir aí os seus livros encantados, pra você conseguir fazer uma farm de velha, uma farm de tenoura e batata e, enfim. E não só isso, ela é muito eficiente, rapaziada. Então, tenha um controle no seu mapa, mano. Tenha um jeito de você, meio que, bloquear ela. Um jeito fácil de você bloquear ela é removendo as câmaras. Todos vocês sabem, mas pra essa farm funcionar, o villager precisa dormir.",0.0545466877520084,0.9156988263130188,0.0297544561326503,NEU,0.0074020470492541,0.0050876289606094,0.0350581854581832,0.0034973924048244,0.0253633353859186,0.0030408028978854,0.0021057242993265,0.1269396,Geleia,Minecraft,3 FARMS SIMPLES para o MINECRAFT BEDROCK EDITION MCPE PE Windows 10 Xbox PS4 Switch [hknF7XpV6mg],,NT,NT,NT,"🎬 Canal: Geleia | 🎥 Vídeo: 3 FARMS SIMPLES para o MINECRAFT BEDROCK EDITION MCPE PE Windows 10 Xbox PS4 Switch [hknF7XpV6mg]
⏱️ Segmento/Index: 10
──────────────────────────────────────────────────
Fala transcrita:
""Muita coisa. E os materiais pra fazer essa farm são estes daqui, ó. Você vai precisar de algumas águas, né? Cenouras pra plantar ali ou batata. Alguns blocos de construção e terra, mano. Esses aqui são os materiais, assim, gerais. E os que são o número exato são estes aqui, mano. 8 camas, 11 lajes, 2 barris, 7 placas de carvalho, 2 composteiras e 11 sapões de abeto. E os villagers, obviamente, você vai trazer aqui ou com barquinho, ou com carrinho, ou com cavalinho, ou com motinho, sei lá. O que você tiver aí no seu mapa. Então, Victor, explica pra nós aí mais uma vez como essa farmzinha aqui funciona, velho. Bom, gente, farm de villager é uma farm pré-histórica do Minecraft, mano. Isso aqui existe desde que o Minecraft é Minecraft. Mas é o seguinte, gente. Por que uma farm de villager? Uma farm de villager é importante pra você conseguir aí os seus livros encantados, pra você conseguir fazer uma farm de velha, uma farm de tenoura e batata e, enfim. E não só isso, ela é muito eficiente, rapaziada. Então, tenha um controle no seu mapa, mano. Tenha um jeito de você, meio que, bloquear ela. Um jeito fácil de você bloquear ela é removendo as câmaras. Todos vocês sabem, mas pra essa farm funcionar, o villager precisa dormir.""",Avaliador_B,Avaliador_F
3,"Espera, que coisa horrível, cara! Que horror! Sai daqui! Foi pra cima, foi pra cima! Consegui, consegui, matei. Cara, será que não era... Não, não, não, a gente não deveria prender ele de jeito nenhum, não. Deixa quieto. Já aprendemos coisas horríveis e essa joia, ela está no limite, Beto. Capturamos 25 monstros. Lembra que tem limite, não dá pra sair capturando todos os monstros do mundo. Agora vamos seguir em linha reta, já estou com as barras na mão. A base militar realmente é um bom lugar, Robin. Vai ser a melhor prisão que vamos conseguir. São diversos monstros, então tem que ser grande. Sim, Beto, acho que daqui a pouco vai dar pra gente ver e estamos nos aproximando dessa base. Consigo ver algumas árvores, mas nem sinal até agora. Robin, olha isso aqui, tem um túmulo nessa parte, um túmulo encantado aqui. Peraí, eu vou quebrar, estou com uma picareta aqui, vamos ver se a gente consegue algum item especial.",0.9901064038276672,0.006213548593223,0.0036800736561417,NEG,0.3209512233734131,0.00219376408495,0.0301430150866508,0.0019210678292438,0.0358152650296688,0.0175296496599912,0.0040142107754945,0.39231625,Robin Hood Gamer,Minecraft,LUTAMOS COM O MONSTRO E CONSEGUIMOS A MELHOR ESPADA - Minecraft Herobrine 53 [pz4SOb7Qybs],,GZ,GZ,GZ,"🎬 Canal: Robin Hood Gamer | 🎥 Vídeo: LUTAMOS COM O MONSTRO E CONSEGUIMOS A MELHOR ESPADA - Minecraft Herobrine 53 [pz4SOb7Qybs]
⏱️ Segmento/Index: 3
──────────────────────────────────────────────────
Fala transcrita:
""Espera, que coisa horrível, cara! Que horror! Sai daqui! Foi pra cima, foi pra cima! Consegui, consegui, matei. Cara, será que não era... Não, não, não, a gente não deveria prender ele de jeito nenhum, não. Deixa quieto. Já aprendemos coisas horríveis e essa joia, ela está no limite, Beto. Capturamos 25 monstros. Lembra que tem limite, não dá pra sair capturando todos os monstros do mundo. Agora vamos seguir em linha reta, já estou com as barras na mão. A base militar realmente é um bom lugar, Robin. Vai ser a melhor prisão que vamos conseguir. São diversos monstros, então tem que ser grande. Sim, Beto, acho que daqui a pouco vai dar pra gente ver e estamos nos aproximando dessa base. Consigo ver algumas árvores, mas nem sinal até agora. Robin, olha isso aqui, tem um túmulo nessa parte, um túmulo encantado aqui. Peraí, eu vou quebrar, estou com uma picareta aqui, vamos ver se a gente consegue algum item especial.""",Avaliador_B,Avaliador_F
20,"Ai, ele não deixa passar. Tá, quer que eu vá? Consegui, consegui, vem cá. Venham. Ele vai atrás de você, ele vai atrás de você. É pra ver as torretas funcionando. Nossa, já era K.R. ele tá quase sendo derrotado. Eu também, eu tô com 4 corações aqui só. Ai meu Deus do céu, ele é forte. Ele é forte mano, vai, cuidado. Socorro, ele tá atrás de mim. Olha isso velho. Tu conta soco mano. Meu Deus. Coi muito, coi muito. Ajuda a gente torreta. Ajuda a gente. Olha. Ae. Boa mano, conseguimos. Caramba, que top velho. E olha só, esse aqui tá ativado até agora K.R. É porque tem um itemzinho caído ali ó. Ai a gente poderia ter feito isso né. É, deixar um item jogado ali. Joga um item aqui, outro item aqui, outro item aqui. E ele fica ativado mano, que maneiro. E outro aqui. Ah, ele fica ativado. E fica tudo ativado velho, até a própria coisa. O ventinho, o negocinho. Caraca que da hora, a gente podia ter feito isso, deu uma malha. Bom, mas é isso galera.",0.1275893896818161,0.5524850487709045,0.3199255466461181,NEU,0.2086452692747116,0.0023426108527928,0.1011496633291244,0.0016148070571944,0.0283783357590436,0.0030462851282209,0.0059925653040409,0.26859093,Kass e KR,Minecraft,Construa uma CASA contra o HUGGY WUGGY sem SAIR do CÍRCULO VERMELHO [7YICEmbf8N4],,GZ,GZ,GZ,"🎬 Canal: Kass e KR | 🎥 Vídeo: Construa uma CASA contra o HUGGY WUGGY sem SAIR do CÍRCULO VERMELHO [7YICEmbf8N4]
⏱️ Segmento/Index: 20
──────────────────────────────────────────────────
Fala transcrita:
""Ai, ele não deixa passar. Tá, quer que eu vá? Consegui, consegui, vem cá. Venham. Ele vai atrás de você, ele vai atrás de você. É pra ver as torretas funcionando. Nossa, já era K.R. ele tá quase sendo derrotado. Eu também, eu tô com 4 corações aqui só. Ai meu Deus do céu, ele é forte. Ele é forte mano, vai, cuidado. Socorro, ele tá atrás de mim. Olha isso velho. Tu conta soco mano. Meu Deus. Coi muito, coi muito. Ajuda a gente torreta. Ajuda a gente. Olha. Ae. Boa mano, conseguimos. Caramba, que top velho. E olha só, esse aqui tá ativado até agora K.R. É porque tem um itemzinho caído ali ó. Ai a gente poderia ter feito isso né. É, deixar um item jogado ali. Joga um item aqui, outro item aqui, outro item aqui. E ele fica ativado mano, que maneiro. E outro aqui. Ah, ele fica ativado. E fica tudo ativado velho, até a própria coisa. O ventinho, o negocinho. Caraca que da hora, a gente podia ter feito isso, deu uma malha. Bom, mas é isso galera.""",Avaliador_B,Avaliador_F
2,"Nossa, só foi por pouco, Higgy! Foi por pouco, velho, e Cadris, eu só encontrei naquele baú ali esse flint aqui, olha, que eu não sei pra que serve, não! Esse flint tava nesse baú aqui... Peraí, Higgy, tem um portal aqui atrás? Eu acho que a gente precisa ativar ele e entrar! Ah, é, onde que a gente veio parar? Ah, pera, a gente veio no começo de novo! Eu acho que é pra gente agora passar esse aqui, Cadris, é da sua cor, ó! É o monstro verde! É o monstro verde, mas eu acho que ele não é legal igual eu, não! Ele deve ser muito mau, o primeiro que é o mais fraquinho já foi complicado! Nossa, foi muito difícil! Ah, vamos entrar dentro desse agora e depois eu dou-se o babão! Esse aqui é bonito, pelo menos, ô Cadris, é bem bonito esse mapa aqui! É, eu também achei, a cor dele é linda! Mas agora vamos ver... Peraí, é um parkour de novo e tem um barquinho aqui! Será que é só entrar e ir nadando? Eu acho que é só isso! Ah, peraí, eu tô ficando tonto! Eu tô ficando tonto! A gente tem que sair daqui, é uma água tóxica! Não, não, não! Tá tudo girando pra mim, Higgy! Eu tô com na onde, Cadris, eu vou vomitar! Ah, mas você viu, Higgy, a gente começou a tomar dano também!",0.3604720830917358,0.5852891802787781,0.0542387478053569,NEU,0.4903727769851684,0.0046127676032483,0.0435054935514926,0.0032843409571796,0.0721248090267181,0.0077061629854142,0.0035609789192676,0.25727063,Cadres,Minecraft,NÃO ESCOLHA A PORTA ERRADA NO MINECRAFT RAINBOW FRIENDS [rXb826z4so0],,GZ,GZ,GZ,"🎬 Canal: Cadres | 🎥 Vídeo: NÃO ESCOLHA A PORTA ERRADA NO MINECRAFT RAINBOW FRIENDS [rXb826z4so0]
⏱️ Segmento/Index: 2
──────────────────────────────────────────────────
Fala transcrita:
""Nossa, só foi por pouco, Higgy! Foi por pouco, velho, e Cadris, eu só encontrei naquele baú ali esse flint aqui, olha, que eu não sei pra que serve, não! Esse flint tava nesse baú aqui... Peraí, Higgy, tem um portal aqui atrás? Eu acho que a gente precisa ativar ele e entrar! Ah, é, onde que a gente veio parar? Ah, pera, a gente veio no começo de novo! Eu acho que é pra gente agora passar esse aqui, Cadris, é da sua cor, ó! É o monstro verde! É o monstro verde, mas eu acho que ele não é legal igual eu, não! Ele deve ser muito mau, o primeiro que é o mais fraquinho já foi complicado! Nossa, foi muito difícil! Ah, vamos entrar dentro desse agora e depois eu dou-se o babão! Esse aqui é bonito, pelo menos, ô Cadris, é bem bonito esse mapa aqui! É, eu também achei, a cor dele é linda! Mas agora vamos ver... Peraí, é um parkour de novo e tem um barquinho aqui! Será que é só entrar e ir nadando? Eu acho que é só isso! Ah, peraí, eu tô ficando tonto! Eu tô ficando tonto! A gente tem que sair daqui, é uma água tóxica! Não, não, não! Tá tudo girando pra mim, Higgy! Eu tô com na onde, Cadris, eu vou vomitar! Ah, mas você viu, Higgy, a gente começou a tomar dano também!""",Avaliador_B,Avaliador_F
0,"Tio, você é a Fera da Marreta! Quem é? Eu sou a Fera da Marreta! Olá, meninas e meninos! Tudo bem com vocês? Hoje eu estou aqui junto com o meu tio! O Eva! E hoje nós vamos jogar Fera da Marreta! Uhul! Luca! Você sabe quem eu sou? Quem você? Eu sou a Fera da Marreta! Fera da Marreta! E vou pegá-la! Você vai me pegar? Vou! Não me pegue! Estou indo atrás e eu já sei que tem um computer hackeado ali! Não, não tem nada não tio! Tem sim! Essa tela é muito avermelhada! Ela é escura né tio? É difícil de achar! Ai meu Deus! Gente, meu tio pegou uma amiglia! Eu estou ficando expert! Expert ele!",0.0248153060674667,0.8312094211578369,0.1439752280712127,NEU,0.6127355098724365,0.0046613756567239,0.0438950322568416,0.0038948357105255,0.0377080664038658,0.0032171797938644,0.0139315770938992,0.30854854,Luluca Games,Roblox,Roblox - JOGUEI FERA DA MARRETA COM MEU TIO Flee the Facility  Luluca Games [-lKlRhviCag],0.0248153004795312,GZ,GZ,GZ,"🎬 Canal: Luluca Games | 🎥 Vídeo: Roblox - JOGUEI FERA DA MARRETA COM MEU TIO Flee the Facility  Luluca Games [-lKlRhviCag]
⏱️ Segmento/Index: 0
──────────────────────────────────────────────────
Fala transcrita:
""Tio, você é a Fera da Marreta! Quem é? Eu sou a Fera da Marreta! Olá, meninas e meninos! Tudo bem com vocês? Hoje eu estou aqui junto com o meu tio! O Eva! E hoje nós vamos jogar Fera da Marreta! Uhul! Luca! Você sabe quem eu sou? Quem você? Eu sou a Fera da Marreta! Fera da Marreta! E vou pegá-la! Você vai me pegar? Vou! Não me pegue! Estou indo atrás e eu já sei que tem um computer hackeado ali! Não, não tem nada não tio! Tem sim! Essa tela é muito avermelhada! Ela é escura né tio? É difícil de achar! Ai meu Deus! Gente, meu tio pegou uma amiglia! Eu estou ficando expert! Expert ele!""",Avaliador_B,Avaliador_F
11,"10 diamantes pra você. Opa. Isso aí, agora deixa eu pegar meu corpo de volta. Vem cá, corpinho. Isso, agora cola. Uou, deu certo. Colou meu corpo. Deu certo. Tô vinteira de novo. Vocês estão suspensos. E olha só, o dever de casa de vocês é esse aí. Vai lá estudar. Agora tchau. De ver de casa? Eu não vou fazer dever de casa. Pega o dever de casa, Furus. Faz o dever de casa. Eu não vou fazer dever de nada não, vou deixar isso aí. Então vamos embora daqui. Eu achei que o nosso problema com o corpo estava resolvido. Mas o Furus piorou tudo. Nossa, eu tô muito feliz com esse meu corpo de volta. Furus, o que você vê? Opa, eu tô teleportando aí por aí. Mas com seis braços? Você tá maluco? Seis braços? Antes estava faltando partes do corpo e agora você colocou mais braços. Mas não sei, não desceu não. Acho que bugou a Matrix. Não, você acabou de vir do Nether e alguma coisa lá. Vamos corrigir isso aí. Você tá gostando de ter seis braços? Eu tô bem legal, tô parecendo uma aranha. Sobe, e tem, e é, sobe, tem, e é. Não, você tá maluco, Furus. Vamos pro Nether.",0.1926245242357254,0.7100825309753418,0.0972930118441581,NEU,0.5241643190383911,0.0036638444289565,0.0498700179159641,0.0036151562817394,0.0798195376992225,0.0051471162587404,0.0059243259020149,0.2524482,Athos,Minecraft,A Cada Nível Ganha PARTES DO CORPO no MINECRAFT [hKPaNzyGG-Q],,GZ,GZ,GZ,"🎬 Canal: Athos | 🎥 Vídeo: A Cada Nível Ganha PARTES DO CORPO no MINECRAFT [hKPaNzyGG-Q]
⏱️ Segmento/Index: 11
──────────────────────────────────────────────────
Fala transcrita:
""10 diamantes pra você. Opa. Isso aí, agora deixa eu pegar meu corpo de volta. Vem cá, corpinho. Isso, agora cola. Uou, deu certo. Colou meu corpo. Deu certo. Tô vinteira de novo. Vocês estão suspensos. E olha só, o dever de casa de vocês é esse aí. Vai lá estudar. Agora tchau. De ver de casa? Eu não vou fazer dever de casa. Pega o dever de casa, Furus. Faz o dever de casa. Eu não vou fazer dever de nada não, vou deixar isso aí. Então vamos embora daqui. Eu achei que o nosso problema com o corpo estava resolvido. Mas o Furus piorou tudo. Nossa, eu tô muito feliz com esse meu corpo de volta. Furus, o que você vê? Opa, eu tô teleportando aí por aí. Mas com seis braços? Você tá maluco? Seis braços? Antes estava faltando partes do corpo e agora você colocou mais braços. Mas não sei, não desceu não. Acho que bugou a Matrix. Não, você acabou de vir do Nether e alguma coisa lá. Vamos corrigir isso aí. Você tá gostando de ter seis braços? Eu tô bem legal, tô parecendo uma aranha. Sobe, e tem, e é, sobe, tem, e é. Não, você tá maluco, Furus. Vamos pro Nether.""",Avaliador_B,Avaliador_F
4,"Ê Aí, ó, vim a mesma, canto aqui pra tu não chorar Pra tu não chorar, chorão Vai, vai Vai, vem ver se tu não vacila mesmo não Vai, vai, vai, vai Pô Vai, tira Meu Deus, não Olha aí, mano Acho as bolinhas atrapalhando Eu acho que essa burla aqui é desnecessária É nada, isso E acertar o pulo Tranquilo, tranquilo Tranquilo, ó, tranquilo Mas também tu ficou empancado um pedacinho ali no martelão, viu? Mas tá chegando mais de que, mano? 40 40 segundo 31 Dá certo, pessoal Vamos lá, caros e amigos Espectadores da Globo Vai ter festinha, vamos lá Vai ter festinha? Relaxa, bom Aí vem a fase do giro, olha aí pra mim, ó Vai, eu vou meter um louco aqui, né? Pra salvarar o processo Oxe, eu quero salvarar o processo, me entende? Vai o conômetro, menina Vamos liberando o quadrado aí, hein, tropinha?",0.564540445804596,0.3611187934875488,0.0743408054113388,NEG,0.3072076737880707,0.0019056394230574,0.0388895645737648,0.0024425848387181,0.0716019794344902,0.0033529542852193,0.0132523328065872,0.3245134,meu nome é david,Roblox,A CADA DERROTA EU LEVO UMA TORTADA NA CARA  desafio do tempo no STUMBLE GUYS [FWVoh7biGHc],,GZ,GZ,GZ,"🎬 Canal: meu nome é david | 🎥 Vídeo: A CADA DERROTA EU LEVO UMA TORTADA NA CARA  desafio do tempo no STUMBLE GUYS [FWVoh7biGHc]
⏱️ Segmento/Index: 4
──────────────────────────────────────────────────
Fala transcrita:
""Ê Aí, ó, vim a mesma, canto aqui pra tu não chorar Pra tu não chorar, chorão Vai, vai Vai, vem ver se tu não vacila mesmo não Vai, vai, vai, vai Pô Vai, tira Meu Deus, não Olha aí, mano Acho as bolinhas atrapalhando Eu acho que essa burla aqui é desnecessária É nada, isso E acertar o pulo Tranquilo, tranquilo Tranquilo, ó, tranquilo Mas também tu ficou empancado um pedacinho ali no martelão, viu? Mas tá chegando mais de que, mano? 40 40 segundo 31 Dá certo, pessoal Vamos lá, caros e amigos Espectadores da Globo Vai ter festinha, vamos lá Vai ter festinha? Relaxa, bom Aí vem a fase do giro, olha aí pra mim, ó Vai, eu vou meter um louco aqui, né? Pra salvarar o processo Oxe, eu quero salvarar o processo, me entende? Vai o conômetro, menina Vamos liberando o quadrado aí, hein, tropinha?""",Avaliador_B,Avaliador_F
9,eu destrui ele então não tem como você escapar ah você destruiu o carro beleza tem uma gasolina boa já vi garotinho garotinho outra gasolina só preciso saber onde ta o carro achei uma peça ok matei eu to matando ele gente boa onde é o carro você achou o carro ju ele ta no mapa ah ele ta no mapa que engraçadinha ela né ai eu sei pessoal sou muito engraçada só que não ta cade vocês vocês vem ca vai me ajuda joga uma casca pra ju escorregar não não vem ca meu deus do céu ai nem eu legal que o banana ele chama bastante a canção banana,0.0718111842870712,0.300079196691513,0.6281095743179321,POS,0.8251676559448242,0.0071985782124102,0.0390370041131973,0.0060738883912563,0.0242202505469322,0.0556715317070484,0.0143648060038685,0.56269526,Julia MineGirl,Roblox,Roblox - JASON MINEGIRL NA FAZENDA Lumberjack [GcE0yr-GN5c],,T,T,T,"🎬 Canal: Julia MineGirl | 🎥 Vídeo: Roblox - JASON MINEGIRL NA FAZENDA Lumberjack [GcE0yr-GN5c]
⏱️ Segmento/Index: 9
──────────────────────────────────────────────────
Fala transcrita:
""eu destrui ele então não tem como você escapar ah você destruiu o carro beleza tem uma gasolina boa já vi garotinho garotinho outra gasolina só preciso saber onde ta o carro achei uma peça ok matei eu to matando ele gente boa onde é o carro você achou o carro ju ele ta no mapa ah ele ta no mapa que engraçadinha ela né ai eu sei pessoal sou muito engraçada só que não ta cade vocês vocês vem ca vai me ajuda joga uma casca pra ju escorregar não não vem ca meu deus do céu ai nem eu legal que o banana ele chama bastante a canção banana""",Avaliador_B,Avaliador_F
18,"Eu tô torcendo pro que tá me atacando Quer dizer, pro que tá atacando o que tá me atacando Ah, vocês entenderam Vem cá, Steve, vou tá espadada nesse pro outro vencer Toma a espadada Ai, matei E agora tem um me atacando Vamos trazer ele pra perto de casa pra Sentrys atacarem ele E olha só, todas as Sentrys estão dando tiros nele Esse Steve vai morrer pra Sentrys Ele não vai nem conseguir me atacar direito Vai, Steve, vai, Sentrys, ataque ele Pior é que ele tem muita vida Eu vou ficar aqui atrás das Sentrys e mataram E assim, essas Sentrys podem me defender Agora nossa casa já tá muito protegida e é praticamente impossível te atacar ela Eu vou lá pra dentro que eu vou viver feliz e contente pra sempre É só a gente chegar aqui e nadar na lava Atravessar o nosso labirinto Ai, eu tô pegando fogo E saindo dele, a gente chega na nossa casa Eu posso ficar aqui dentro pra sempre Mas eu esqueci de um pequeno detalhe Eu preciso construir uma prisão pra aprisionar os Steve's malvados Só que essa prisão eu vou fazer um pouco diferente Eu não vou fazer na terra Porque eu sei que eles vão escapar e vão voltar a atacar minha casa Por isso eu criei uma base de lançamento de foguetes na frente da minha casa Vamos colocar um foguete de pra lua aqui em cima Olha o tamanho dele E agora, senhoras e senhores, vamos pro espaço 3, 2, 1 e lança O foguete não tem combustível, peraí Eu consegui vários baldes de combustível e eles nós vamos colocar aqui dentro do foguete Chegou a hora de entrar no foguete É agora, o foguete vai ter que colar Tá subindo, tá subindo, tô na ponta do foguete Que isso, galera, eu tô travado aqui Olha lá o foguete subindo E nós estamos saindo da terra Olha só, eu tô descendo Eu tô descendo na lua",0.3434566557407379,0.5130103826522827,0.1435329318046569,NEU,0.7559168934822083,0.0071344715543091,0.0330135338008403,0.002208603080362,0.0358565375208854,0.1787058413028717,0.0085539864376187,0.39231625,Athos,Minecraft,CASA SEGURA vs GIGANTE ESQUISITO no MINECRAFT [ws2iGnX0uGw],,GZ,GZ,GZ,"🎬 Canal: Athos | 🎥 Vídeo: CASA SEGURA vs GIGANTE ESQUISITO no MINECRAFT [ws2iGnX0uGw]
⏱️ Segmento/Index: 18
──────────────────────────────────────────────────
Fala transcrita:
""Eu tô torcendo pro que tá me atacando Quer dizer, pro que tá atacando o que tá me atacando Ah, vocês entenderam Vem cá, Steve, vou tá espadada nesse pro outro vencer Toma a espadada Ai, matei E agora tem um me atacando Vamos trazer ele pra perto de casa pra Sentrys atacarem ele E olha só, todas as Sentrys estão dando tiros nele Esse Steve vai morrer pra Sentrys Ele não vai nem conseguir me atacar direito Vai, Steve, vai, Sentrys, ataque ele Pior é que ele tem muita vida Eu vou ficar aqui atrás das Sentrys e mataram E assim, essas Sentrys podem me defender Agora nossa casa já tá muito protegida e é praticamente impossível te atacar ela Eu vou lá pra dentro que eu vou viver feliz e contente pra sempre É só a gente chegar aqui e nadar na lava Atravessar o nosso labirinto Ai, eu tô pegando fogo E saindo dele, a gente chega na nossa casa Eu posso ficar aqui dentro pra sempre Mas eu esqueci de um pequeno detalhe Eu preciso construir uma prisão pra aprisionar os Steve's malvados Só que essa prisão eu vou fazer um pouco diferente Eu não vou fazer na terra Porque eu sei que eles vão escapar e vão voltar a atacar minha casa Por isso eu criei uma base de lançamento de foguetes na frente da minha casa Vamos colocar um foguete de pra lua aqui em cima Olha o tamanho dele E agora, senhoras e senhores, vamos pro espaço 3, 2, 1 e lança O foguete não tem combustível, peraí Eu consegui vários baldes de combustível e eles nós vamos colocar aqui dentro do foguete Chegou a hora de entrar no foguete É agora, o foguete vai ter que colar Tá subindo, tá subindo, tô na ponta do foguete Que isso, galera, eu tô travado aqui Olha lá o foguete subindo E nós estamos saindo da terra Olha só, eu tô descendo Eu tô descendo na lua""",Avaliador_B,Avaliador_F
14,"Ai, acerta, acerta, acerta Acerta Corta Corta tudo, corta tudo Ele me derrubou, ele me derrubou Meu Deus, ele me matou mas eu fiquei Com zero de vida e ele com quase zero Espera, eu vou equipar agora Eu vou equipar agora, vou equipar essa Bóbora de Halloween, não é possível Eu acho que pra derrotar aquele chefão específico Essa bóbora, esse poder É muito melhor, eu vou testar agora O poder da bóbora tá equipado Agora eu quero ver, agora eu quero ver Nossa, eu entendi Eu deixo essas bóboras pelo caminho E aí o palhaço ao encostar nessas Bóboras que eu deixo pelo caminho ele toma um dano Absurdo, é assim que eu venço ele com facilidade Ele vem, encosta na Bóbora e toma dano Acertei Morri, não, não, como assim Eu mato de primeira aí, morro duas vezes Seguidas, vou voltar lá e vou acabar com ele Agora vai ser a apelação máxima",0.0877851247787475,0.7299343347549438,0.1822805553674698,NEU,0.7031488418579102,0.0114031648263335,0.0434778444468975,0.0031935134902596,0.0608051754534244,0.080952376127243,0.0094899795949459,0.3317266,Robin Hood Gamer,Minecraft,ME TRANSFORMEI EM PALHAÇO E LUTEI COM O MEGA NOOB DE HALLOWEEN NO ROBLOX Mega Noob Simulator [KuNQxc2p62A],,GZ,GZ,GZ,"🎬 Canal: Robin Hood Gamer | 🎥 Vídeo: ME TRANSFORMEI EM PALHAÇO E LUTEI COM O MEGA NOOB DE HALLOWEEN NO ROBLOX Mega Noob Simulator [KuNQxc2p62A]
⏱️ Segmento/Index: 14
──────────────────────────────────────────────────
Fala transcrita:
""Ai, acerta, acerta, acerta Acerta Corta Corta tudo, corta tudo Ele me derrubou, ele me derrubou Meu Deus, ele me matou mas eu fiquei Com zero de vida e ele com quase zero Espera, eu vou equipar agora Eu vou equipar agora, vou equipar essa Bóbora de Halloween, não é possível Eu acho que pra derrotar aquele chefão específico Essa bóbora, esse poder É muito melhor, eu vou testar agora O poder da bóbora tá equipado Agora eu quero ver, agora eu quero ver Nossa, eu entendi Eu deixo essas bóboras pelo caminho E aí o palhaço ao encostar nessas Bóboras que eu deixo pelo caminho ele toma um dano Absurdo, é assim que eu venço ele com facilidade Ele vem, encosta na Bóbora e toma dano Acertei Morri, não, não, como assim Eu mato de primeira aí, morro duas vezes Seguidas, vou voltar lá e vou acabar com ele Agora vai ser a apelação máxima""",Avaliador_B,Avaliador_F
2,"Se eu sou, eu não sei, luluca! Quanta porta tem nesse... Fique foi solta! Ai, não! Tá bom, então não são essas miguelinhas, porque elas estavam aqui... Ah! Já, luluca! O que aconteceu, gente? Eu sei, eu ouvi um barulho! Desfaca! O traidor foi parado! Como? Como assim? Como, luluca? Ah! O que aconteceu? Ahn? Buguei! O quê? Eu também buguei, luluca! Você entendeu alguma coisa? Play! E lá vamos nós de novo, luluca! Para o hospital! Hospital! E a gente vai votar no traidor? Vamos ver, né, luluca? Vamos ver se agora nós teremos um traidor que aceita ser traidor, né? Porque eu acho que ele desistiu. Será que ele foi? Será que ele foi? A unha bonita! Você gostou da minha unha, mami? Olha aqui, pandinhas! Vocês querem aprender como eu fiz essa unha aqui? Então passa lá no meu vídeo, que vai estar aqui em cima dos cards. Mami, não tem! Ah, luluca! Será que está desistindo? Não, no bot? Bot? Bot?",0.8141939640045166,0.1758063286542892,0.0099996058270335,NEG,0.3175835609436035,0.0007207514718174,0.0355553328990936,0.0067713190801441,0.1381111890077591,0.0040981755591928,0.0046711023896932,0.3389984,Luluca Games,Roblox,Roblox - PIGGY A TRAIDORA BUGADA Piggy Roblox  Luluca Games [_pZ2c8hrKq0],0.8141945600509644,GZ,GZ,GZ,"🎬 Canal: Luluca Games | 🎥 Vídeo: Roblox - PIGGY A TRAIDORA BUGADA Piggy Roblox  Luluca Games [_pZ2c8hrKq0]
⏱️ Segmento/Index: 2
──────────────────────────────────────────────────
Fala transcrita:
""Se eu sou, eu não sei, luluca! Quanta porta tem nesse... Fique foi solta! Ai, não! Tá bom, então não são essas miguelinhas, porque elas estavam aqui... Ah! Já, luluca! O que aconteceu, gente? Eu sei, eu ouvi um barulho! Desfaca! O traidor foi parado! Como? Como assim? Como, luluca? Ah! O que aconteceu? Ahn? Buguei! O quê? Eu também buguei, luluca! Você entendeu alguma coisa? Play! E lá vamos nós de novo, luluca! Para o hospital! Hospital! E a gente vai votar no traidor? Vamos ver, né, luluca? Vamos ver se agora nós teremos um traidor que aceita ser traidor, né? Porque eu acho que ele desistiu. Será que ele foi? Será que ele foi? A unha bonita! Você gostou da minha unha, mami? Olha aqui, pandinhas! Vocês querem aprender como eu fiz essa unha aqui? Então passa lá no meu vídeo, que vai estar aqui em cima dos cards. Mami, não tem! Ah, luluca! Será que está desistindo? Não, no bot? Bot? Bot?""",Avaliador_B,Avaliador_F
0,"Oi, filho, oi! Oi, pai! Oi, filho, oi, eu sou o pai! Oi! Oi! Dá polinho, filho, vai! Aqui! Filho, olha o gato malvado, filho! Olha o que é isso! Gato malvado, pare de dar susto do meu filho, gato! Pára de dar susto do meu filho, gato! Pára de dar susto do meu filho, gato! Pára de dar susto do meu filho, gato! Ô, filhinho, vem cá, filhinho, vem cá. Oi! É porque você é pequenininho, você ainda não tem o babão, né? Aqui, ó. É, não tenho. O grandão tem o babão, o pequenininho não tem a babinha, né? Né, pequenininho? É, não tenho. E não fiquem com medo do gato, não! Do gato! Babão! Nesse vídeo, nós vamos achar os novos bichos que estão faltando! Tem um montão de bicho que a gente não achou! Olha o tantão de bicho que tem!",0.507988452911377,0.3253538906574249,0.1666576415300369,NEG,0.290867805480957,0.0020081591792404,0.0402960330247879,0.00318243377842,0.0693587213754654,0.0042548980563879,0.0100117372348904,0.3625127,Lokis,Roblox,VERDE PEQUENO ENGRAÇADO  Roblox - Find the Rainbow Friends Morphs [TJkIovYj2Cs],,GZ,GZ,GZ,"🎬 Canal: Lokis | 🎥 Vídeo: VERDE PEQUENO ENGRAÇADO  Roblox - Find the Rainbow Friends Morphs [TJkIovYj2Cs]
⏱️ Segmento/Index: 0
──────────────────────────────────────────────────
Fala transcrita:
""Oi, filho, oi! Oi, pai! Oi, filho, oi, eu sou o pai! Oi! Oi! Dá polinho, filho, vai! Aqui! Filho, olha o gato malvado, filho! Olha o que é isso! Gato malvado, pare de dar susto do meu filho, gato! Pára de dar susto do meu filho, gato! Pára de dar susto do meu filho, gato! Pára de dar susto do meu filho, gato! Ô, filhinho, vem cá, filhinho, vem cá. Oi! É porque você é pequenininho, você ainda não tem o babão, né? Aqui, ó. É, não tenho. O grandão tem o babão, o pequenininho não tem a babinha, né? Né, pequenininho? É, não tenho. E não fiquem com medo do gato, não! Do gato! Babão! Nesse vídeo, nós vamos achar os novos bichos que estão faltando! Tem um montão de bicho que a gente não achou! Olha o tantão de bicho que tem!""",Avaliador_B,Avaliador_F
3,"Eu sei quem está com o madame, eu tenho certeza. Mano, que cagado, velho, a pessoa começava a encontrar o madame muito cagado. Se eu tivesse contado, eu já tinha matado você, mano. Gabriel! Ó, ó, ó. Sai, hein? Sai, hein? Meu amigo! Opa, olha só! Caraca, velho! Ai, Deus! Ajuda nós ae, Jesus! Ô, garotinho! Ajudou, ae, Jesus ajudou agora. Ae, complicou agora. Uh! Ajudou nada, meu Deus do céu, que é isso, velho? Olha o tanto de bicho que tem aqui! Ó, tamo como? Tamo como? A gente tinha que se levar pro Nether, né? Não, não, não, não, se você for pro Nether, cara, eu vou te acusar tanto de ar que você não tem noção.",0.9513466954231262,0.0341086126863956,0.0145446760579943,NEG,0.8380084037780762,0.0074281408451497,0.2413639724254608,0.0112120928242802,0.3094362020492553,0.0144485868513584,0.0208162572234869,0.47173777,Geleia,Minecraft,zerando minecraft mas ele me PERSEGUE SPEEDRUNNER VS CAÇADOR [IffrpIilghM],,T,T,T,"🎬 Canal: Geleia | 🎥 Vídeo: zerando minecraft mas ele me PERSEGUE SPEEDRUNNER VS CAÇADOR [IffrpIilghM]
⏱️ Segmento/Index: 3
──────────────────────────────────────────────────
Fala transcrita:
""Eu sei quem está com o madame, eu tenho certeza. Mano, que cagado, velho, a pessoa começava a encontrar o madame muito cagado. Se eu tivesse contado, eu já tinha matado você, mano. Gabriel! Ó, ó, ó. Sai, hein? Sai, hein? Meu amigo! Opa, olha só! Caraca, velho! Ai, Deus! Ajuda nós ae, Jesus! Ô, garotinho! Ajudou, ae, Jesus ajudou agora. Ae, complicou agora. Uh! Ajudou nada, meu Deus do céu, que é isso, velho? Olha o tanto de bicho que tem aqui! Ó, tamo como? Tamo como? A gente tinha que se levar pro Nether, né? Não, não, não, não, se você for pro Nether, cara, eu vou te acusar tanto de ar que você não tem noção.""",Avaliador_B,Avaliador_F
11,"Agora vocês estão com problema no banheiro E eu vou matar Não, não mata minha vaca Mata ela, Furious, mata ela Eu tenho de presente pra vocês, eles são malvados Nossa, ela caiu da casa Mano, olha o que ele fez com o meu lobo Ele jogou meu lobinho lá dentro daquela casa de boneca estranha Ah não, eu tenho que resgatar o meu lobo Mas como eu vou fazer isso? Oh, isso aqui tá uma porcaria Como assim, uma porcaria? Oh, eu não gostei dessa cama aqui não, tira essa cama daqui Não, a cama do Aranha demorou muito tempo Ele gosta de cama ao ar fresco, tem que ser assim, ó Como assim, não, não tem nada a ver isso E ele dorme aqui, ó Não, não, isso aí ele cai Não, não vai cair não, ele é assim, entendeu? Não, não, não vou deixar assim Se você não deixar ele vai reclamar, você vai ver Não, não vai reclamar Não é possível que ele gosta de uma cama flutuante Fica aqui pra você ver, fica aqui pra você ver, ó Aqui, olha só Olha lá, olha só que legal Não!",0.978249967098236,0.0131479389965534,0.0086021237075328,NEG,0.9504984617233276,0.0156127717345952,0.0845916420221328,0.0057486300356686,0.0728896260261535,0.0572673790156841,0.0242694951593875,0.4574824,Athos,Minecraft,TRANQUEI MEUS AMIGOS EM UMA CASA DE BONECAS NO MINECRAFT [a0byNXW8BJQ],,T,T,T,"🎬 Canal: Athos | 🎥 Vídeo: TRANQUEI MEUS AMIGOS EM UMA CASA DE BONECAS NO MINECRAFT [a0byNXW8BJQ]
⏱️ Segmento/Index: 11
──────────────────────────────────────────────────
Fala transcrita:
""Agora vocês estão com problema no banheiro E eu vou matar Não, não mata minha vaca Mata ela, Furious, mata ela Eu tenho de presente pra vocês, eles são malvados Nossa, ela caiu da casa Mano, olha o que ele fez com o meu lobo Ele jogou meu lobinho lá dentro daquela casa de boneca estranha Ah não, eu tenho que resgatar o meu lobo Mas como eu vou fazer isso? Oh, isso aqui tá uma porcaria Como assim, uma porcaria? Oh, eu não gostei dessa cama aqui não, tira essa cama daqui Não, a cama do Aranha demorou muito tempo Ele gosta de cama ao ar fresco, tem que ser assim, ó Como assim, não, não tem nada a ver isso E ele dorme aqui, ó Não, não, isso aí ele cai Não, não vai cair não, ele é assim, entendeu? Não, não, não vou deixar assim Se você não deixar ele vai reclamar, você vai ver Não, não vai reclamar Não é possível que ele gosta de uma cama flutuante Fica aqui pra você ver, fica aqui pra você ver, ó Aqui, olha só Olha lá, olha só que legal Não!""",Avaliador_C,Avaliador_F
13,"Meu, é muito divertido esse modo de jogo aqui, chama arsenal, vou deixar o link do mapa na descrição pra que vocês possam se divertir, até que tudo volte ao normal, vocês possam voltar pra escola e tudo mais, tá bom gente? Então é isso, me marquem no Instagram, quero saber que vocês andam aprontando na vida real pra passar o tempo, pra se divertir em casa, me marquem lá, fechou? E é isso, deixa o joinha, se inscreve, acompanha o canal, como eu disse, duas aventuras por dia a partir de hoje cara, então dois vídeos todos os dias da família JP E vocês não podem perder, porque tá uma mais incrível que é o Fiquem com Deus e tchau!",0.0083434395492076,0.0989760085940361,0.8926805853843689,POS,0.0225937981158494,0.0014116290258243,0.0257544443011283,0.0012348890304565,0.0118015641346573,0.0009995677974075,0.0028880564495921,0.112850055,JP Plays,Minecraft,Não pode sair de casa.. então vamos jogar Roblox [FiLIUbHOImQ],,NT,NT,NT,"🎬 Canal: JP Plays | 🎥 Vídeo: Não pode sair de casa.. então vamos jogar Roblox [FiLIUbHOImQ]
⏱️ Segmento/Index: 13
──────────────────────────────────────────────────
Fala transcrita:
""Meu, é muito divertido esse modo de jogo aqui, chama arsenal, vou deixar o link do mapa na descrição pra que vocês possam se divertir, até que tudo volte ao normal, vocês possam voltar pra escola e tudo mais, tá bom gente? Então é isso, me marquem no Instagram, quero saber que vocês andam aprontando na vida real pra passar o tempo, pra se divertir em casa, me marquem lá, fechou? E é isso, deixa o joinha, se inscreve, acompanha o canal, como eu disse, duas aventuras por dia a partir de hoje cara, então dois vídeos todos os dias da família JP E vocês não podem perder, porque tá uma mais incrível que é o Fiquem com Deus e tchau!""",Avaliador_C,Avaliador_F
10,"Eu vou levar o boizão. Pera aí, ó, aqui eu vou ali, mano. Uuuuuuuuuuuuuuuuuhuuuuuuu! Olha, olha, olha, mano, a mulher tá andando no cantinho de Pokão. Você tá fazendo... É ninja, é ninja. Eu tô indo com o boizão, mano, vem comigo. O cara desceu o lago lá, vai matar o boi, Pok. Vai matar o boi, velho. O que é que é que é que é isso aí, Pokão? Não fala assim do meu boizão, velho. Pokão e Agão, fiquem trucando, me dê aí rapidão, velho. Vai lá, fiquem à vontade, tá, mano? Vamos lá. Aí, já tô aqui em cima do muro, tô bolado. Sobe, sobe com o boi, sobe. Puxa o boi, puxa o boi. Pra puxar o boi, deixa eu tentar. Será? Então, ó, você tá aí, joga o negócio, joga o negócio. Com... Em cima do... O que é que o boi vem junto? Não dá, não dá. Ah, não, nossa, já pensou, mano? Você traz o boi e tudo, mano? Ó, agora eu vou tentar subir, ó.",0.4497166574001312,0.4452089667320251,0.1050744280219078,NEG,0.278322160243988,0.0011792469304054,0.0117964493110775,0.0010650834301486,0.0287737436592578,0.0446309112012386,0.0125196343287825,0.37955463,AuthenticGames,Minecraft,VIDA DE NINJAS NO MINECRAFT [hJcuZpjZA38],,GZ,GZ,GZ,"🎬 Canal: AuthenticGames | 🎥 Vídeo: VIDA DE NINJAS NO MINECRAFT [hJcuZpjZA38]
⏱️ Segmento/Index: 10
──────────────────────────────────────────────────
Fala transcrita:
""Eu vou levar o boizão. Pera aí, ó, aqui eu vou ali, mano. Uuuuuuuuuuuuuuuuuhuuuuuuu! Olha, olha, olha, mano, a mulher tá andando no cantinho de Pokão. Você tá fazendo... É ninja, é ninja. Eu tô indo com o boizão, mano, vem comigo. O cara desceu o lago lá, vai matar o boi, Pok. Vai matar o boi, velho. O que é que é que é que é isso aí, Pokão? Não fala assim do meu boizão, velho. Pokão e Agão, fiquem trucando, me dê aí rapidão, velho. Vai lá, fiquem à vontade, tá, mano? Vamos lá. Aí, já tô aqui em cima do muro, tô bolado. Sobe, sobe com o boi, sobe. Puxa o boi, puxa o boi. Pra puxar o boi, deixa eu tentar. Será? Então, ó, você tá aí, joga o negócio, joga o negócio. Com... Em cima do... O que é que o boi vem junto? Não dá, não dá. Ah, não, nossa, já pensou, mano? Você traz o boi e tudo, mano? Ó, agora eu vou tentar subir, ó.""",Avaliador_C,Avaliador_F
13,"Eu tô com o gancho! É só usar o gancho! Agora vamos chegar no castelo! Calma, amor! Zupi, aqui é castelo feio! Zupi, aqui é castelo feio! É o seu, né? Só se for! Agora a gente pula! Zupi! O que eu estou tentando fazer é dizer que eu te amo! O que eu estou tentando fazer é dizer que eu te amo!",0.044712696224451,0.7469587326049805,0.2083285748958587,NEU,0.1745142191648483,0.0010651625925675,0.0250892341136932,0.0013514747843146,0.0290664713829755,0.0022540725767612,0.0018000886775553,0.102626406,Lokis,Roblox,CAI CAI NA BOCA DA COBRA GIGANTE  Roblox - Rocket Ragdoll [dx9FnBteB-M],,NT,NT,NT,"🎬 Canal: Lokis | 🎥 Vídeo: CAI CAI NA BOCA DA COBRA GIGANTE  Roblox - Rocket Ragdoll [dx9FnBteB-M]
⏱️ Segmento/Index: 13
──────────────────────────────────────────────────
Fala transcrita:
""Eu tô com o gancho! É só usar o gancho! Agora vamos chegar no castelo! Calma, amor! Zupi, aqui é castelo feio! Zupi, aqui é castelo feio! É o seu, né? Só se for! Agora a gente pula! Zupi! O que eu estou tentando fazer é dizer que eu te amo! O que eu estou tentando fazer é dizer que eu te amo!""",Avaliador_C,Avaliador_F
6,"Sim Mas tudo bem, gente É, é o jogo, né, gente? Tá, você? Tá carregando um ovo aqui? Não Tá carregando duas bombas, mas tudo bem Meu Deus do céu, eu prenderia essa pessoa fácil, gente Ah, eu também, né? Brincadeira, viu? Vocês aí vão ficar com ver... Vocês estão batendo papo aí? Não vai pegar o ovo, não? Nossa, quanta pessoa com bomba? Muita bomba Granada, mas o ovo não pode Então, mas o ovo não pode, exatamente Ovo não pode Acho que acabou as pessoas Ai, é, conseguiu Olha, dia 5 Nossa, mano Ah, beleza, ó, o nível baixou Não pode celular Olha, aumentou pra zero Aumentou não, diminuiu, né? É, isso aí Olha quanta pato dentro da pessoa, como assim, gente? É, isso, deu um celular Que celular? Celular não pode Opa, celular Nossa, eu nem enxerguei esse Tem tanto pato, gente, que eu não tô enxergando Parece que tem um celular Opa Boa Aquela moça ali de verde, passou?",0.5893247723579407,0.3541248440742492,0.0565503351390361,NEG,0.2361182272434234,0.0011343683581799,0.0448562689125537,0.0010134276235476,0.024318715557456,0.0176842790096998,0.0026642188895493,0.39987978,Julia MineGirl,Roblox,VIREI SEGURANÇA COM ÓCULOS DE RAIO-X Concourse X-Ray [K5X0REDDxmM],,GZ,GZ,GZ,"🎬 Canal: Julia MineGirl | 🎥 Vídeo: VIREI SEGURANÇA COM ÓCULOS DE RAIO-X Concourse X-Ray [K5X0REDDxmM]
⏱️ Segmento/Index: 6
──────────────────────────────────────────────────
Fala transcrita:
""Sim Mas tudo bem, gente É, é o jogo, né, gente? Tá, você? Tá carregando um ovo aqui? Não Tá carregando duas bombas, mas tudo bem Meu Deus do céu, eu prenderia essa pessoa fácil, gente Ah, eu também, né? Brincadeira, viu? Vocês aí vão ficar com ver... Vocês estão batendo papo aí? Não vai pegar o ovo, não? Nossa, quanta pessoa com bomba? Muita bomba Granada, mas o ovo não pode Então, mas o ovo não pode, exatamente Ovo não pode Acho que acabou as pessoas Ai, é, conseguiu Olha, dia 5 Nossa, mano Ah, beleza, ó, o nível baixou Não pode celular Olha, aumentou pra zero Aumentou não, diminuiu, né? É, isso aí Olha quanta pato dentro da pessoa, como assim, gente? É, isso, deu um celular Que celular? Celular não pode Opa, celular Nossa, eu nem enxerguei esse Tem tanto pato, gente, que eu não tô enxergando Parece que tem um celular Opa Boa Aquela moça ali de verde, passou?""",Avaliador_C,Avaliador_F
13,"Olha Eduardo, ele saiu pra fora Não, não esconde Marcelo, não fica à vista não Oh, ele foi lá pra trás da casa Fio, momento perfeito pra gente invadir essa casa Calma, tem que vir na espreita Olha, não tô fazendo nada Ai, ai, o carteiro Olha Ai, ele vai, ele vai, você nem é Eduardo Sai daí garota Pronto, agora o momento perfeito pra gente entrar Vem, vem, vem Calma, calma, meu Deus do céu Deixa aberta, tava aberta, deixa aberta Desculpa, eu tenho uma ideia Qual ideia? Câmeras de segurança Botar uma aqui, botar outra aqui Boa Eduardo Ó, a gente tem que caçar as esmeraldas dele Que esse é o nosso objetivo Pega, pega, pega, pega Pega tudo, saia correndo, saia correndo Calma, calma, cadê ele? Calma, ele tá passando lá pro outro lado Esconte, esconte Eduardo, eu acho que a gente vai ter que fazer uma passagem secreta pra sair dessa casa Ai meu Deus do céu Marcelo, por que você inventou a de Antônio Andrade? Só tem um problema, Eduardo O quê?",0.1511678397655487,0.5932444930076599,0.2555876672267914,NEU,0.0355676151812076,0.0010540039511397,0.0228788312524557,0.0011583411833271,0.016429703682661,0.0011099242838099,0.0041340189054608,0.09915545,Marcelodrv,Minecraft,24 Passagens Secretas PARA TROLAR SUA AMIGA [acHiZml43As],,NT,NT,NT,"🎬 Canal: Marcelodrv | 🎥 Vídeo: 24 Passagens Secretas PARA TROLAR SUA AMIGA [acHiZml43As]
⏱️ Segmento/Index: 13
──────────────────────────────────────────────────
Fala transcrita:
""Olha Eduardo, ele saiu pra fora Não, não esconde Marcelo, não fica à vista não Oh, ele foi lá pra trás da casa Fio, momento perfeito pra gente invadir essa casa Calma, tem que vir na espreita Olha, não tô fazendo nada Ai, ai, o carteiro Olha Ai, ele vai, ele vai, você nem é Eduardo Sai daí garota Pronto, agora o momento perfeito pra gente entrar Vem, vem, vem Calma, calma, meu Deus do céu Deixa aberta, tava aberta, deixa aberta Desculpa, eu tenho uma ideia Qual ideia? Câmeras de segurança Botar uma aqui, botar outra aqui Boa Eduardo Ó, a gente tem que caçar as esmeraldas dele Que esse é o nosso objetivo Pega, pega, pega, pega Pega tudo, saia correndo, saia correndo Calma, calma, cadê ele? Calma, ele tá passando lá pro outro lado Esconte, esconte Eduardo, eu acho que a gente vai ter que fazer uma passagem secreta pra sair dessa casa Ai meu Deus do céu Marcelo, por que você inventou a de Antônio Andrade? Só tem um problema, Eduardo O quê?""",Avaliador_C,Avaliador_F
4,"Agora vou arremessar. Eita, cadê? Aí voltou. Nossa, tá aqui. Nossa, que tadinho dodeu. Não, eu acho que eu perdi. Eu perdi a minha. Você perdeu a sua, McFly. Ih, tadinho do McFly. É, tem que tomar cuidado que ela pode ir e não voltar mais. Então tem que ficar muito ligado nisso, né. Eu vou subir nessa montanha. Quer dizer, não tem como eu subir porque não tem um caminho. Mas eu posso criar esse caminho. Olha só que legal, pessoal. Muito top. Só que agora eu joguei com pouca força, né, pouca intensidade. Vamos tentar arremessar com mais força. Ó, que foi longe, né. Tem que estar mais perto. Espera aí, deixa eu chegar mais perto. Caraca, o que aconteceu? Nossa, de diamante ela é tão rápida que ela vai e volta muito rápido. Então a gente tem que tomar cuidado com isso, porque ela pode estar quebrando com facilidade, né. Tipo, ela pode estar sumindo com facilidade. Mas olha só, pessoal, muito top de diamante. Olha isso, foi longe agora. Tem hora que ela vai longe, tem hora que vai perto. De diamante. Deixa eu fazer um teste, deixa eu fazer um teste. Cadê você? Eu tô chegando? Você consegue me acertar? Eu vou tentar. Eu vou tentar te acertar, hein. Na verdade, eu acho que ela quebra o chão e faz você cair. Nossa, olha isso. Ela fez um super círculo.",0.7156003713607788,0.2236508578062057,0.0607488006353378,NEG,0.2728918194770813,0.0031737296376377,0.0686201378703117,0.0012694103643298,0.0222905799746513,0.0062512191943824,0.0086668413132429,0.20102765,JP Plays,Minecraft,JUNTEI TODAS AS PICARETAS E FIZ UM ITEM SECRETO NO MINECRAFT [lNj-wA5ueM0],,GZ,GZ,GZ,"🎬 Canal: JP Plays | 🎥 Vídeo: JUNTEI TODAS AS PICARETAS E FIZ UM ITEM SECRETO NO MINECRAFT [lNj-wA5ueM0]
⏱️ Segmento/Index: 4
──────────────────────────────────────────────────
Fala transcrita:
""Agora vou arremessar. Eita, cadê? Aí voltou. Nossa, tá aqui. Nossa, que tadinho dodeu. Não, eu acho que eu perdi. Eu perdi a minha. Você perdeu a sua, McFly. Ih, tadinho do McFly. É, tem que tomar cuidado que ela pode ir e não voltar mais. Então tem que ficar muito ligado nisso, né. Eu vou subir nessa montanha. Quer dizer, não tem como eu subir porque não tem um caminho. Mas eu posso criar esse caminho. Olha só que legal, pessoal. Muito top. Só que agora eu joguei com pouca força, né, pouca intensidade. Vamos tentar arremessar com mais força. Ó, que foi longe, né. Tem que estar mais perto. Espera aí, deixa eu chegar mais perto. Caraca, o que aconteceu? Nossa, de diamante ela é tão rápida que ela vai e volta muito rápido. Então a gente tem que tomar cuidado com isso, porque ela pode estar quebrando com facilidade, né. Tipo, ela pode estar sumindo com facilidade. Mas olha só, pessoal, muito top de diamante. Olha isso, foi longe agora. Tem hora que ela vai longe, tem hora que vai perto. De diamante. Deixa eu fazer um teste, deixa eu fazer um teste. Cadê você? Eu tô chegando? Você consegue me acertar? Eu vou tentar. Eu vou tentar te acertar, hein. Na verdade, eu acho que ela quebra o chão e faz você cair. Nossa, olha isso. Ela fez um super círculo.""",Avaliador_C,Avaliador_F
8,"Tá gripada também ali, né. A sobrancelha é feita pela Sheila. Traz um remédio pra ela, mano. Ela vai fazer a poção brava. Infelizmente, ela foi um pouco mal. Isso aqui, isso aqui é a cabeleireira Leila. É a beleca, ó. Ela tem a verruga, ela tem a verruga. Exatamente, ela foi na cabeleireira Leila, mas a verruga é uma parte dela, não quis tirar a verruga dela, né. Aí ela tá um pouco grusa, porque a coisa que ela fez sujou, entendeu? Mas assim, ela tá lançando um feitiço aqui pra se limpar, tá vendo? Isso aqui é feitiço, Malena, esses vidros aqui? Isso, isso é o feitiço. Não é vidro, não é feitiço. Aí ó, aqui a vassoura dela, que ela tá aqui marrendo o coração de um homem que ela quebrou, tá vendo? Que isso, mano. Que que é essa cesta, esse coração aqui, mano? O cabelo foi feito pela cabeleireira Leila, na verdade pelo Cauê. E aqui, essa bruxa aqui, quem vai explicar é a Authentic. É, a tiga bruxa da Authentic. Bom, mano, há muitos tempos atrás, quando eu era um jovem construtor, né, velho. E eu fiz uma obra de arte que ficou eternizada na internet.",0.2096366882324218,0.7158763408660889,0.0744870007038116,NEU,0.326457530260086,0.0006237006164155,0.0458020269870758,0.0010397265432402,0.2250723540782928,0.001383782713674,0.0036713331937789,0.3389984,AuthenticGames,Minecraft,AUTHENTICGAMES vs JAZZGHOST NA BATALHA DE CONSTRUÇÃO [YAfUdfBFs50],,GZ,GZ,GZ,"🎬 Canal: AuthenticGames | 🎥 Vídeo: AUTHENTICGAMES vs JAZZGHOST NA BATALHA DE CONSTRUÇÃO [YAfUdfBFs50]
⏱️ Segmento/Index: 8
──────────────────────────────────────────────────
Fala transcrita:
""Tá gripada também ali, né. A sobrancelha é feita pela Sheila. Traz um remédio pra ela, mano. Ela vai fazer a poção brava. Infelizmente, ela foi um pouco mal. Isso aqui, isso aqui é a cabeleireira Leila. É a beleca, ó. Ela tem a verruga, ela tem a verruga. Exatamente, ela foi na cabeleireira Leila, mas a verruga é uma parte dela, não quis tirar a verruga dela, né. Aí ela tá um pouco grusa, porque a coisa que ela fez sujou, entendeu? Mas assim, ela tá lançando um feitiço aqui pra se limpar, tá vendo? Isso aqui é feitiço, Malena, esses vidros aqui? Isso, isso é o feitiço. Não é vidro, não é feitiço. Aí ó, aqui a vassoura dela, que ela tá aqui marrendo o coração de um homem que ela quebrou, tá vendo? Que isso, mano. Que que é essa cesta, esse coração aqui, mano? O cabelo foi feito pela cabeleireira Leila, na verdade pelo Cauê. E aqui, essa bruxa aqui, quem vai explicar é a Authentic. É, a tiga bruxa da Authentic. Bom, mano, há muitos tempos atrás, quando eu era um jovem construtor, né, velho. E eu fiz uma obra de arte que ficou eternizada na internet.""",Avaliador_C,Avaliador_F
6,"Sabe quem foi? Quem? Quem ganhou o presente da sabotagem? E eu não cheguei! Ninguém vai chegar! Ninguém! Ah! Ninguém! Tem que chegar juntinho! Tem que chegar junto! Não! E não é pra fazer sabotagem comigo, tá bom? Não é pra fazer! Vamos lá gente! Por que a gente não vai fazer sabotagem você? Pronto! Fiz bobagem, bobagem, botagem! Botagem? Eu fiz sabotagem! Não, sabotagem! Você fez bobagem, bobagem! Não, sabotagem! Botagem! Fez bobagem! Botagem! Sabotagem! Isso é bobagem! Botagem! Botagem! Botagem! Botagem! Botagem! Botagem! Botagem de popo na casca do ovo! Não! Vamos apostar a corrida! Vamos apostar a corrida, tá bom? 3 de 2! Meninas vs meninas!",0.2855086922645569,0.6505305171012878,0.0639607384800911,NEU,0.4365608692169189,0.0002421257086098,0.0135717978700995,0.0007934254826977,0.2144283801317215,0.0006426989566534,0.004260572604835,0.34757367,Lokis,Roblox,DE CABEÇA PARA BAIXO  Roblox - Ride Down A Rainbow Slide [0bo1Ldu7TJ0],,GZ,GZ,GZ,"🎬 Canal: Lokis | 🎥 Vídeo: DE CABEÇA PARA BAIXO  Roblox - Ride Down A Rainbow Slide [0bo1Ldu7TJ0]
⏱️ Segmento/Index: 6
──────────────────────────────────────────────────
Fala transcrita:
""Sabe quem foi? Quem? Quem ganhou o presente da sabotagem? E eu não cheguei! Ninguém vai chegar! Ninguém! Ah! Ninguém! Tem que chegar juntinho! Tem que chegar junto! Não! E não é pra fazer sabotagem comigo, tá bom? Não é pra fazer! Vamos lá gente! Por que a gente não vai fazer sabotagem você? Pronto! Fiz bobagem, bobagem, botagem! Botagem? Eu fiz sabotagem! Não, sabotagem! Você fez bobagem, bobagem! Não, sabotagem! Botagem! Fez bobagem! Botagem! Sabotagem! Isso é bobagem! Botagem! Botagem! Botagem! Botagem! Botagem! Botagem! Botagem de popo na casca do ovo! Não! Vamos apostar a corrida! Vamos apostar a corrida, tá bom? 3 de 2! Meninas vs meninas!""",Avaliador_C,Avaliador_F
7,"Eu tenho, ó, eu tenho um machado aqui Isso aqui é bom Nossa, a gente pode cavar e escapar daqui É, coloca isso aqui também debaixo da cama dela Vai, vai Faz assim Pega o machado e vai cavando E eu vou colocar TNT na cama da professora Eu fui até o quarto da cuidadora E agora eu preciso expor uma TNT embaixo da cama dela Vamos cavar aqui Eu deixei o machado com o GBL pra ele cavar o nosso túnel de fuga A gente vai sair na noite E agora vamos colocar TNT aqui embaixo E pronto, a madeira Quando a professora for dormir, eu vou explodir essa TNT Ah, tchê, tchê, seu Furious Agora vamos, vamos, vamos Que você tem que ir pra lá pra dormir Vamos, vamos, seu Furious Seu atu está fazendo o quê fora da cama? Eu fui ver o meu neto, veio me visitar Mentira, seu neto veio me visitar É verdade Vai logo, vai logo Ai, eu tô indo pro quarto, ai, minhas costas Oi, gente Oi, meus amigos Seu Furious, eu preciso tomar banho, vora Não, não, Furious, você não precisa tomar banho Você vai fazer xixi na cama mesmo Que gritaiar é essa? Vai, entra o GBL, entra A cuidadora levou o Furious até o banheiro Pô, seu Furious, fica aí que eu vou te dar banho agora, tá? Não, tá gelando essa água Ela lavou o Furious e deixou ele limpinho GBL, você conseguiu cavar o túnel?",0.0663969814777374,0.765271782875061,0.1683311611413955,NEU,0.5166873931884766,0.0087126120924949,0.0550130195915699,0.0065380968153476,0.0440906956791877,0.0045342156663537,0.0307893641293048,0.27525392,Athos,Minecraft,RECRIEI O BINGO NO MINECRAFT [IxXzVcqbWm4],,GZ,GZ,GZ,"🎬 Canal: Athos | 🎥 Vídeo: RECRIEI O BINGO NO MINECRAFT [IxXzVcqbWm4]
⏱️ Segmento/Index: 7
──────────────────────────────────────────────────
Fala transcrita:
""Eu tenho, ó, eu tenho um machado aqui Isso aqui é bom Nossa, a gente pode cavar e escapar daqui É, coloca isso aqui também debaixo da cama dela Vai, vai Faz assim Pega o machado e vai cavando E eu vou colocar TNT na cama da professora Eu fui até o quarto da cuidadora E agora eu preciso expor uma TNT embaixo da cama dela Vamos cavar aqui Eu deixei o machado com o GBL pra ele cavar o nosso túnel de fuga A gente vai sair na noite E agora vamos colocar TNT aqui embaixo E pronto, a madeira Quando a professora for dormir, eu vou explodir essa TNT Ah, tchê, tchê, seu Furious Agora vamos, vamos, vamos Que você tem que ir pra lá pra dormir Vamos, vamos, seu Furious Seu atu está fazendo o quê fora da cama? Eu fui ver o meu neto, veio me visitar Mentira, seu neto veio me visitar É verdade Vai logo, vai logo Ai, eu tô indo pro quarto, ai, minhas costas Oi, gente Oi, meus amigos Seu Furious, eu preciso tomar banho, vora Não, não, Furious, você não precisa tomar banho Você vai fazer xixi na cama mesmo Que gritaiar é essa? Vai, entra o GBL, entra A cuidadora levou o Furious até o banheiro Pô, seu Furious, fica aí que eu vou te dar banho agora, tá? Não, tá gelando essa água Ela lavou o Furious e deixou ele limpinho GBL, você conseguiu cavar o túnel?""",Avaliador_C,Avaliador_F
47,"Eu acho que eu tô no estoque do Cadres É aqui que ele traz a namorada dele Ah, agora eu tô sozinho aqui Peraí, eu não tô sozinho, eu ainda tenho o meu lobinho que tá aqui no porão Olha só, vamos levar todo o ouro dele e vamos levar também os diamantes Ahahah Esses diamantes o Cadres roubou tudo de mim Eu só tô pegando de volta o que ele roubou de mim E o lobinho, o lobinho vai vir junto Vem lobinho, é hora de voltar pra casa Vamos voltar e eu vou deixar essa passagem aberta só pro Cadres descobrir Que eu não sou noob que nem ele pensa Ah, então deixa eu vir aqui porque eu quero fazer carinho no meu lobinho Que buraco é esse? Cadê meu lobo? Ah não, alguém invadiu aqui, deve ser o Atus, certeza Mas como que ele descobriu o meu porão? Eu vou descer essa escada e ela deve levar pra algum lugar Tá, eu tô chegando aqui embaixo e pra onde que ela leva? Que que é isso? Tem uma mansão embaixo da terra Mas de quem que é essa casa aqui?",0.0843712091445922,0.598686933517456,0.3169418573379516,NEU,0.0411345958709716,0.0028517490718513,0.0315182246267795,0.0034626007545739,0.0242135357111692,0.0014520405093207,0.0045807994902133,0.15269235,Athos,Minecraft,100 DIAS TROLANDO MEU AMIGO NO MINECRAFT - O Filme [xRTZ1IvgmAY],,NT,NT,NT,"🎬 Canal: Athos | 🎥 Vídeo: 100 DIAS TROLANDO MEU AMIGO NO MINECRAFT - O Filme [xRTZ1IvgmAY]
⏱️ Segmento/Index: 47
──────────────────────────────────────────────────
Fala transcrita:
""Eu acho que eu tô no estoque do Cadres É aqui que ele traz a namorada dele Ah, agora eu tô sozinho aqui Peraí, eu não tô sozinho, eu ainda tenho o meu lobinho que tá aqui no porão Olha só, vamos levar todo o ouro dele e vamos levar também os diamantes Ahahah Esses diamantes o Cadres roubou tudo de mim Eu só tô pegando de volta o que ele roubou de mim E o lobinho, o lobinho vai vir junto Vem lobinho, é hora de voltar pra casa Vamos voltar e eu vou deixar essa passagem aberta só pro Cadres descobrir Que eu não sou noob que nem ele pensa Ah, então deixa eu vir aqui porque eu quero fazer carinho no meu lobinho Que buraco é esse? Cadê meu lobo? Ah não, alguém invadiu aqui, deve ser o Atus, certeza Mas como que ele descobriu o meu porão? Eu vou descer essa escada e ela deve levar pra algum lugar Tá, eu tô chegando aqui embaixo e pra onde que ela leva? Que que é isso? Tem uma mansão embaixo da terra Mas de quem que é essa casa aqui?""",Avaliador_C,Avaliador_F
9,"Pera aí, mano Pera aí, mano",0.1405455023050308,0.5873351693153381,0.2721193730831146,NEU,0.0927921384572982,0.0014189003268256,0.0143976137042045,0.0009744949056766,0.0118636358529329,0.0471492148935794,0.0049369521439075,0.15213956,Geleia,Minecraft,TENTE ESCAPAR DO TSUNAMI GIGANTE NO MINECRAFT  Impossível [ksJ4o-AQvPg],,NT,NT,NT,"🎬 Canal: Geleia | 🎥 Vídeo: TENTE ESCAPAR DO TSUNAMI GIGANTE NO MINECRAFT  Impossível [ksJ4o-AQvPg]
⏱️ Segmento/Index: 9
──────────────────────────────────────────────────
Fala transcrita:
""Pera aí, mano Pera aí, mano""",Avaliador_C,Avaliador_F
4,"Pise para liberar a grade e iniciar o desafio final Último desafio, derrote os zumbis Nossa, eles apareceram agora ali na frente e são muitos Mas peraí, tem uns itens aqui e eu posso pegar eles Com isso eu vou ficar mais forte E agora pode vir, zumbi Como, não, só são muitos, são muitos, será que eu vou conseguir? Não, para, para de me atacar, para de me atacar, olha o tanto Eu tive uma ideia pra derrotar todos eles No meio dessa sala tem uma janela E todos os zumbis que estão passando embaixo dela estão pegando fogo Eu preciso dar um jeito de levar todos eles aqui Vem aqui, vem aqui, vem embaixo da janela, olha isso que está funcionando Todos eles estão pegando fogo Ainda bem que eles não são espertos e vão direto para o sol Alguns já não estão sobrevivendo, olha aqui, carne podre no chão Ai, eu vou conseguir derrotar todos vocês, toma, toma Só falta mais esses três agora E agora eu vou acabar com vocês, toma Será que abriu uma porta em algum lugar? Tem uma passagem aqui e ela me leva para fora, boa E agora eu vou colocar a figurinha da Momilong Legs no álbum da copa Ai, o que é isso? O que está acontecendo?",0.1457862257957458,0.6686554551124573,0.1855583190917968,NEU,0.165422111749649,0.005960043054074,0.0328074768185615,0.0031583930831402,0.0321940258145332,0.0411674007773399,0.0038173617795109,0.14082454,Cadres,Minecraft,Consegui Figurinhas dos MONSTROS no Minecraft [KCOVydJSs6M],,NT,NT,NT,"🎬 Canal: Cadres | 🎥 Vídeo: Consegui Figurinhas dos MONSTROS no Minecraft [KCOVydJSs6M]
⏱️ Segmento/Index: 4
──────────────────────────────────────────────────
Fala transcrita:
""Pise para liberar a grade e iniciar o desafio final Último desafio, derrote os zumbis Nossa, eles apareceram agora ali na frente e são muitos Mas peraí, tem uns itens aqui e eu posso pegar eles Com isso eu vou ficar mais forte E agora pode vir, zumbi Como, não, só são muitos, são muitos, será que eu vou conseguir? Não, para, para de me atacar, para de me atacar, olha o tanto Eu tive uma ideia pra derrotar todos eles No meio dessa sala tem uma janela E todos os zumbis que estão passando embaixo dela estão pegando fogo Eu preciso dar um jeito de levar todos eles aqui Vem aqui, vem aqui, vem embaixo da janela, olha isso que está funcionando Todos eles estão pegando fogo Ainda bem que eles não são espertos e vão direto para o sol Alguns já não estão sobrevivendo, olha aqui, carne podre no chão Ai, eu vou conseguir derrotar todos vocês, toma, toma Só falta mais esses três agora E agora eu vou acabar com vocês, toma Será que abriu uma porta em algum lugar? Tem uma passagem aqui e ela me leva para fora, boa E agora eu vou colocar a figurinha da Momilong Legs no álbum da copa Ai, o que é isso? O que está acontecendo?""",Avaliador_C,Avaliador_F
40,"Sai daqui! Toma! Pronto! Ih, caiu duas moedinhas ainda aqui de boas pra gente Deixa eu ver se por aqui tem algo... Não, não cai! Ah, vamos falar com esse cara Eu abrirei essa cabana se você me trazer todas as conchas mágicas dessa região Ainda tem mais? Isso aqui é mais? Nossa galera, por isso que eu tava pegando umas conchinha no meio do jogo Ele quer concha mágica Deixa eu ver o que é isso aqui Opa! Que a gente veio parar Onde é isso? Cara, eu vou jogando jogo, eu vou descobrindo Coisa nova Mano, o que é isso aqui, ó? Tem acho que como subir ali em cima Ai, que susto! Ah, tá atirando em mim, velho! Que é isso? Tem um arco e flecha Vamos tentar vir aqui em cima dele Dá pra eu ativar isso de alguma forma? Não... Oh, tem... Ah, pera aí! Protege Boa! Abre, abre, abre! Cara, tem um portão mágico aqui!",0.0521878711879253,0.8179376125335693,0.129874512553215,NEU,0.2204326391220092,0.0031075633596628,0.0345827303826808,0.0020238563884049,0.0355700887739658,0.0079546915367245,0.0072692711837589,0.35186127,AuthenticGames,Minecraft,A HISTÓRIA do AUTHENTIC PALITINHO de BORRACHA - FILME [Mh7Yb0Er-Z0],,GZ,GZ,GZ,"🎬 Canal: AuthenticGames | 🎥 Vídeo: A HISTÓRIA do AUTHENTIC PALITINHO de BORRACHA - FILME [Mh7Yb0Er-Z0]
⏱️ Segmento/Index: 40
──────────────────────────────────────────────────
Fala transcrita:
""Sai daqui! Toma! Pronto! Ih, caiu duas moedinhas ainda aqui de boas pra gente Deixa eu ver se por aqui tem algo... Não, não cai! Ah, vamos falar com esse cara Eu abrirei essa cabana se você me trazer todas as conchas mágicas dessa região Ainda tem mais? Isso aqui é mais? Nossa galera, por isso que eu tava pegando umas conchinha no meio do jogo Ele quer concha mágica Deixa eu ver o que é isso aqui Opa! Que a gente veio parar Onde é isso? Cara, eu vou jogando jogo, eu vou descobrindo Coisa nova Mano, o que é isso aqui, ó? Tem acho que como subir ali em cima Ai, que susto! Ah, tá atirando em mim, velho! Que é isso? Tem um arco e flecha Vamos tentar vir aqui em cima dele Dá pra eu ativar isso de alguma forma? Não... Oh, tem... Ah, pera aí! Protege Boa! Abre, abre, abre! Cara, tem um portão mágico aqui!""",Avaliador_C,Avaliador_F
5,"Não basta cair três vezes, você tem que cair quatro, né Gretchen? Aí eu falei, vai pedaço de cavalo, levanta de novo, sai correndo, a Lady foi e caiu. Eu falei, meu Deus, as muletas estão tudo caindo e eu não estou vendo inimigo nenhum. Ela falou, está lá em cima, eu falei, peraí que eu vou matar, eu consegui dar uns capas nele pra assustar ele. Eu falei, Gracia do céu, ajuda aqui, Gracia. Ela saiu correndo. Ela falou, então eu vou correr também? Mentira, eu fui lá dar um zigzag no cara. Eu falei, calma Lady, estou chegando. Só que quando cheguei não tinha mais nada da Lady, só tinha o pó dela. Quando eu vi que eu poderia matar o cara, ele me matou e eu pensei, vou fugir. E foi isso que eu fiz, saí correndo mesmo, com arma na mão mesmo. E eu saí correndo pra me esconder, a Gracia aqui lute sem arma, sem nada. Quando eu pensei que mais nada poderia me abalar do nada, sujo, um bocado de cara, eu falei, Gracia, me ajuda. Quando eu fui ver ela, já estava longe, longe, longe, longe. Aí eu pergunto, por que é que eu voltei pra salvar essa rapariga? Primeira oportunidade de fuga que a Gracia teve, ela fugiu e não pensou duas vezes.",0.3429832458496094,0.5415695309638977,0.1154471933841705,NEU,0.4729816019535064,0.0011816426413133,0.0317828021943569,0.0008315645973198,0.1392803788185119,0.0236186198890209,0.0042186798527836,0.3389984,Amy Scarlet,Roblox,MELHOR SQUAD DO FREE FIRE [g46ZO-8UwLM],,GZ,GZ,GZ,"🎬 Canal: Amy Scarlet | 🎥 Vídeo: MELHOR SQUAD DO FREE FIRE [g46ZO-8UwLM]
⏱️ Segmento/Index: 5
──────────────────────────────────────────────────
Fala transcrita:
""Não basta cair três vezes, você tem que cair quatro, né Gretchen? Aí eu falei, vai pedaço de cavalo, levanta de novo, sai correndo, a Lady foi e caiu. Eu falei, meu Deus, as muletas estão tudo caindo e eu não estou vendo inimigo nenhum. Ela falou, está lá em cima, eu falei, peraí que eu vou matar, eu consegui dar uns capas nele pra assustar ele. Eu falei, Gracia do céu, ajuda aqui, Gracia. Ela saiu correndo. Ela falou, então eu vou correr também? Mentira, eu fui lá dar um zigzag no cara. Eu falei, calma Lady, estou chegando. Só que quando cheguei não tinha mais nada da Lady, só tinha o pó dela. Quando eu vi que eu poderia matar o cara, ele me matou e eu pensei, vou fugir. E foi isso que eu fiz, saí correndo mesmo, com arma na mão mesmo. E eu saí correndo pra me esconder, a Gracia aqui lute sem arma, sem nada. Quando eu pensei que mais nada poderia me abalar do nada, sujo, um bocado de cara, eu falei, Gracia, me ajuda. Quando eu fui ver ela, já estava longe, longe, longe, longe. Aí eu pergunto, por que é que eu voltei pra salvar essa rapariga? Primeira oportunidade de fuga que a Gracia teve, ela fugiu e não pensou duas vezes.""",Avaliador_C,Avaliador_F
0,"Nesse vídeo, meu objetivo é entrar no Nether e conseguir o olho do fim, enquanto quatro caçadores tentam me parar. Só que tem uma diferença. Sempre que eu agacho, eu fico invisível. Pode parecer que fica muito fácil pra mim, mas na verdade não. Porque invisível não pode usar armadura. Então, se você gostou da ideia e gostar do vídeo, se inscreve aqui no canal que eu tô rumo a um milhão de inscritos. E se depois você não gostar de algo, é só se inscrever, é grátis. Também passa nos canais dos caçadores que estão aí na descrição, e agora aproveita o vídeo. Vocês estão prontos? Ah, sempre mesmo. Então beleza, mano. Vou começar a contagem. Ih, tá valendo, mano. Ah, o cara já vai pra minha frente, velho. Que que é isso? Que que é isso? Ah, velho, eu nem vi, mano. Vambora aí. Fica, Jaleca. Eu tava tão perto de você, mano. Cara, isso aqui vai ser muito louco, gente. Isso aqui vai ser muito louco. Vamos lá, vamos lá, vamos lá. Ai, ai, caralho. O cara foi muito perto. Não, mano, eu fui muito burro, porque eu olhei pro outro lado, mano.",0.1106315031647682,0.8105005621910095,0.0788679718971252,NEU,0.5801049470901489,0.0023902647662907,0.0507995747029781,0.0028212398756295,0.0675948932766914,0.0032376509625464,0.011912502348423,0.20242359,Geleia,Minecraft,4 CAÇADORES VS 1 SPEEDRUNNER mas se AGACHAR FICA INVISÍVEL MINECRAFT [Cj6axVgdXrA],,GZ,GZ,GZ,"🎬 Canal: Geleia | 🎥 Vídeo: 4 CAÇADORES VS 1 SPEEDRUNNER mas se AGACHAR FICA INVISÍVEL MINECRAFT [Cj6axVgdXrA]
⏱️ Segmento/Index: 0
──────────────────────────────────────────────────
Fala transcrita:
""Nesse vídeo, meu objetivo é entrar no Nether e conseguir o olho do fim, enquanto quatro caçadores tentam me parar. Só que tem uma diferença. Sempre que eu agacho, eu fico invisível. Pode parecer que fica muito fácil pra mim, mas na verdade não. Porque invisível não pode usar armadura. Então, se você gostou da ideia e gostar do vídeo, se inscreve aqui no canal que eu tô rumo a um milhão de inscritos. E se depois você não gostar de algo, é só se inscrever, é grátis. Também passa nos canais dos caçadores que estão aí na descrição, e agora aproveita o vídeo. Vocês estão prontos? Ah, sempre mesmo. Então beleza, mano. Vou começar a contagem. Ih, tá valendo, mano. Ah, o cara já vai pra minha frente, velho. Que que é isso? Que que é isso? Ah, velho, eu nem vi, mano. Vambora aí. Fica, Jaleca. Eu tava tão perto de você, mano. Cara, isso aqui vai ser muito louco, gente. Isso aqui vai ser muito louco. Vamos lá, vamos lá, vamos lá. Ai, ai, caralho. O cara foi muito perto. Não, mano, eu fui muito burro, porque eu olhei pro outro lado, mano.""",Avaliador_C,Avaliador_F
2,"Bora, Frost, mata dois, já era pra ter matado dois, Frost, te disse que ia carregar Não, não cai nem couro aqui, Frost, nós tivéssemos caindo em couro aqui na zona, nós tivéssemos, tá ligado? Que o país bagaça Eu acho que você vai dar pra fristar cada vez mais fácil, já vinte e cinco Ei, véi, eu fiquei muito apalado, véi, que o D.Ranja namorou com o Yuri O que ele namorou com o Yuri era ela, véi Não era, véi? Ei, véi, não me lembre, não, véi Ei, bom, aqui é a Sarada, já mandou uma culpa pra ela, bom, pra Sarada Não, não, é, Sarada Sarada é segunda opção, por que nem eu Ih, é? Então, tu já pode ir pra ela, né, Arad? Já te deu fora e tu já pode ir pra Sarada Não, não, o que adianta é minha mãe se pedisse, nunca desiste é do seu sonho Eu não tô triste não, véi, qualquer momento ela se para do Yuri Tu quiser não desist, ó, eu sei, não acho não, não Vem aqui, galera, vem aqui, vem aqui, vem aqui Vou botando a minha rima, tá ligado agora O Bocca de 09 caiu na p*** nessa hora, wow Cadê o Bocca?",0.0866432934999466,0.8744191527366638,0.0389375649392604,NEU,0.758682906627655,0.0096277939155697,0.0708620995283126,0.0052710180170834,0.0415358282625675,0.0112927099689841,0.0234414394944906,0.2786282,meu nome é david,Roblox,NOVA HABILIDADE DO FF BOCA DE 09 FICOU INVISÍVEL NA PARTIDA [zPqkqyh3Eyo],,GZ,GZ,GZ,"🎬 Canal: meu nome é david | 🎥 Vídeo: NOVA HABILIDADE DO FF BOCA DE 09 FICOU INVISÍVEL NA PARTIDA [zPqkqyh3Eyo]
⏱️ Segmento/Index: 2
──────────────────────────────────────────────────
Fala transcrita:
""Bora, Frost, mata dois, já era pra ter matado dois, Frost, te disse que ia carregar Não, não cai nem couro aqui, Frost, nós tivéssemos caindo em couro aqui na zona, nós tivéssemos, tá ligado? Que o país bagaça Eu acho que você vai dar pra fristar cada vez mais fácil, já vinte e cinco Ei, véi, eu fiquei muito apalado, véi, que o D.Ranja namorou com o Yuri O que ele namorou com o Yuri era ela, véi Não era, véi? Ei, véi, não me lembre, não, véi Ei, bom, aqui é a Sarada, já mandou uma culpa pra ela, bom, pra Sarada Não, não, é, Sarada Sarada é segunda opção, por que nem eu Ih, é? Então, tu já pode ir pra ela, né, Arad? Já te deu fora e tu já pode ir pra Sarada Não, não, o que adianta é minha mãe se pedisse, nunca desiste é do seu sonho Eu não tô triste não, véi, qualquer momento ela se para do Yuri Tu quiser não desist, ó, eu sei, não acho não, não Vem aqui, galera, vem aqui, vem aqui, vem aqui Vou botando a minha rima, tá ligado agora O Bocca de 09 caiu na p*** nessa hora, wow Cadê o Bocca?""",Avaliador_C,Avaliador_F
51,médico mano ó o toquinho tá vindo eu vou morrer nossa caraca eu segurei a braba pesada aqui em cara eu vou com ele caraca os caras tão segurando bem em velho não segurando bem olha o toquinho relaxa porque eu tô indo te reviver não tô faltando um pouco faltou um pouco eu vou trocar de personagem aqui ó o milho aqui eu vou que se bravo aqui tô vivo tô vivo vai atira matei um beleza olha tem um milho ali na frente calma aí eu vou eu vou ganhando espaço pra gente caraca tem um cacto aqui em lugar vei aqui tá aqui tá aqui tá aqui ó esse bichinho chato pra caramba que é isso aí ó mano nosso mano nossa se ela virar árvore ferrou mata nós vou morrer matei pera pacão nossa mas destruiu o cacto tem que pegar a captura que o meio a gente já é nosso já é nosso tem que,0.1787793934345245,0.4019599854946136,0.4192605912685394,POS,0.9576042890548706,0.0147158186882734,0.073376715183258,0.0058286571875214,0.0795684829354286,0.0495126470923423,0.0435617938637733,0.45243698,AuthenticGames,Minecraft,AS MELHORES PLANTAS DO JOGO  - Plants Vs Zombies Battle for Neighborville [cLh0TEJH64s],,T,T,T,"🎬 Canal: AuthenticGames | 🎥 Vídeo: AS MELHORES PLANTAS DO JOGO  - Plants Vs Zombies Battle for Neighborville [cLh0TEJH64s]
⏱️ Segmento/Index: 51
──────────────────────────────────────────────────
Fala transcrita:
""médico mano ó o toquinho tá vindo eu vou morrer nossa caraca eu segurei a braba pesada aqui em cara eu vou com ele caraca os caras tão segurando bem em velho não segurando bem olha o toquinho relaxa porque eu tô indo te reviver não tô faltando um pouco faltou um pouco eu vou trocar de personagem aqui ó o milho aqui eu vou que se bravo aqui tô vivo tô vivo vai atira matei um beleza olha tem um milho ali na frente calma aí eu vou eu vou ganhando espaço pra gente caraca tem um cacto aqui em lugar vei aqui tá aqui tá aqui tá aqui ó esse bichinho chato pra caramba que é isso aí ó mano nosso mano nossa se ela virar árvore ferrou mata nós vou morrer matei pera pacão nossa mas destruiu o cacto tem que pegar a captura que o meio a gente já é nosso já é nosso tem que""",Avaliador_C,Avaliador_F
2,"Eu acho que quanto mais pulo, mais pulo mano, eu acho Tá Ó, vamos lá Cara, vai ser um negócio bem difícil aqui Mas, acho que dá hein mano Que dá, ó, já comprou um pouco de bloco aqui já mano Faz uns dias que eu não jogo Bad Wars, eu nem lembro direito como é que faz as paradinhas aqui Mas vamos tentar ganhar mano, vamos tentar ganhar Ai meu Deus Nossa senhora, eu já tô pulando muito alto mano Os caras já perguntando se eu trollo no chat Hahahaha Meu amigo Tá mano, ó, o açúcar é do time Ciano ali tá gente, ele tá com outro nick ali Mas, deu uns probleminha aqui Ó, eu vou pegar aqui uma chupadinha de ferro já E açúcar, a gente é inimigo hein Oi, tá bom, ai eu tô com medo aí Ai, tem cara aqui, tem cara aqui, tem cara aqui Não, não, não, não, não, meu Deus, meu Deus, meu Deus Hahahaha Hahahaha A gente tá lutando no espaço velho Que que é isso mano Hahahaha Batalha épica Mano, é muito louco, é muito difícil Veei, que Nossa, não vai ter nem como Não vai ter nem como terminar aqui, vei Que loucura, tá, vambora mano, ó, eu vou comprar Hahahaha, mano Que loucura, vei, vem cá, vem cá Ó, ó, ó, ó, ó, ó Ai meu Deus, tomei dano, tomei dano, tomei dano Meu Deus, tô tomando dano vei Não, não, não Não, não, não, não, não, não Eles destruíram minha cama, não Não, não Eu não acredito, velho Ai meu amigo, eu perdi Ah mano Eita Nossa, vei, que loucura mano Ah, ele ganhou aqui Eu tô lutando com os equipes de trocar, eles estão chatos hoje Galera, vamos ter que ir pra próxima partida mano Beleza mano Evita pular, eu troquei o plugue aqui",0.1578337848186493,0.6447474956512451,0.1974187046289444,NEU,0.5322997570037842,0.0117487516254186,0.0540964528918266,0.0064976513385772,0.0404584556818008,0.0035564913414418,0.0268426872789859,0.2667042,Geleia,Minecraft,1 PULO  MAIS SUPER PULO NO MINECRAFT [GySwdlXitVQ],,GZ,GZ,GZ,"🎬 Canal: Geleia | 🎥 Vídeo: 1 PULO  MAIS SUPER PULO NO MINECRAFT [GySwdlXitVQ]
⏱️ Segmento/Index: 2
──────────────────────────────────────────────────
Fala transcrita:
""Eu acho que quanto mais pulo, mais pulo mano, eu acho Tá Ó, vamos lá Cara, vai ser um negócio bem difícil aqui Mas, acho que dá hein mano Que dá, ó, já comprou um pouco de bloco aqui já mano Faz uns dias que eu não jogo Bad Wars, eu nem lembro direito como é que faz as paradinhas aqui Mas vamos tentar ganhar mano, vamos tentar ganhar Ai meu Deus Nossa senhora, eu já tô pulando muito alto mano Os caras já perguntando se eu trollo no chat Hahahaha Meu amigo Tá mano, ó, o açúcar é do time Ciano ali tá gente, ele tá com outro nick ali Mas, deu uns probleminha aqui Ó, eu vou pegar aqui uma chupadinha de ferro já E açúcar, a gente é inimigo hein Oi, tá bom, ai eu tô com medo aí Ai, tem cara aqui, tem cara aqui, tem cara aqui Não, não, não, não, não, meu Deus, meu Deus, meu Deus Hahahaha Hahahaha A gente tá lutando no espaço velho Que que é isso mano Hahahaha Batalha épica Mano, é muito louco, é muito difícil Veei, que Nossa, não vai ter nem como Não vai ter nem como terminar aqui, vei Que loucura, tá, vambora mano, ó, eu vou comprar Hahahaha, mano Que loucura, vei, vem cá, vem cá Ó, ó, ó, ó, ó, ó Ai meu Deus, tomei dano, tomei dano, tomei dano Meu Deus, tô tomando dano vei Não, não, não Não, não, não, não, não, não Eles destruíram minha cama, não Não, não Eu não acredito, velho Ai meu amigo, eu perdi Ah mano Eita Nossa, vei, que loucura mano Ah, ele ganhou aqui Eu tô lutando com os equipes de trocar, eles estão chatos hoje Galera, vamos ter que ir pra próxima partida mano Beleza mano Evita pular, eu troquei o plugue aqui""",Avaliador_C,Avaliador_F
2,"Quebra! Quebra! Quebra! Quebra! Quebra! Quebra! Doutora Carminha! O que está acontecendo, autoridade? Elas estão destruindo minha casa! Quebra! Quebra! Doutora Carminha, elas quebraram sua casinha, né? Quebra! Quebra! Elas estão quebrando minha casinha! Quebra! Quebra! Elas estão quebrando minha casinha! Quebra! Quebra! Pára! Pain! Quebra! Quebra! Quebra! Quebra! Quebra! Quebra! Vocês desobedecerão! E deixam morrer, Elas! Quebra! Foi o bichinho do quebra! Agora vou levar pra punição! Vem! Quebra! Quebra! Não, não vai ter punição! Não vai ter punição porque vez quebra quebra.",0.6881837844848633,0.2893989980220794,0.0224171504378318,NEG,0.9498603343963624,0.0085959183052182,0.0511886775493621,0.0047184946015477,0.0539156198501586,0.3267059028148651,0.0116711864247918,0.53579444,Lokis,Roblox,AS QUEBRADORAS DE PAREDES  Roblox - Destruction Physics [KssmQCdfdAk],,T,T,T,"🎬 Canal: Lokis | 🎥 Vídeo: AS QUEBRADORAS DE PAREDES  Roblox - Destruction Physics [KssmQCdfdAk]
⏱️ Segmento/Index: 2
──────────────────────────────────────────────────
Fala transcrita:
""Quebra! Quebra! Quebra! Quebra! Quebra! Quebra! Doutora Carminha! O que está acontecendo, autoridade? Elas estão destruindo minha casa! Quebra! Quebra! Doutora Carminha, elas quebraram sua casinha, né? Quebra! Quebra! Elas estão quebrando minha casinha! Quebra! Quebra! Elas estão quebrando minha casinha! Quebra! Quebra! Pára! Pain! Quebra! Quebra! Quebra! Quebra! Quebra! Quebra! Vocês desobedecerão! E deixam morrer, Elas! Quebra! Foi o bichinho do quebra! Agora vou levar pra punição! Vem! Quebra! Quebra! Não, não vai ter punição! Não vai ter punição porque vez quebra quebra.""",Avaliador_C,Avaliador_F
2,"Hahaha, e essa aqui, ela tá assustadora Bom, eu já vi aqui muitas inspirações de Momi, mas eu acho que eu posso criar a minha própria junto com vocês Então bora lá comprar os itens Confesso para vocês que eu já tentei virar Momilong Legs antes e não ficou uma transformação tão legal Então eu vou começar aqui vindo nos personagens e nos comprados e vou transformar o meu personagem em um esqueleto Já que a Momilong Legs é longa, é grande, vamos deixar um corpo grande para ela Mas eu também quero mudar a cabeça Agora então vamos mudar a cabeça para deixar pronto para receber as roupas Eu acho que eu vou deixar essa cabeça de mulher mesmo que eu estava Pronto, não ficou tão legal com esse cabelo do esqueleto, mas é o que nós temos por enquanto antes de fazer qualquer mudança E eu também quero mudar o tronco Eu só não sei qual que eu coloco, qual vai ser melhor? Será que eu deixo o de esqueleto por enquanto? Ou eu coloco aqui outro tronco, sei lá Bom, por enquanto eu vou deixar o de esqueleto, se for preciso eu venho e troco Bora para a loja do avatar Primeiro eu vou escrever aqui Momilong para ver o que aparece E vamos ver...",0.0187570303678512,0.1506922543048858,0.8305507302284241,POS,0.0111545911058783,0.0038874463643878,0.0303279384970664,0.0032529952004551,0.0321932695806026,0.001393559272401,0.0067466888576745,0.1587729,Papile,Roblox,VIVENDO COMO A MOMMY LONG LEGS no ROBLOX Poppy Playtime CAPITULO 2 [tedPP-srOAI],0.018756965175271,NT,NT,NT,"🎬 Canal: Papile | 🎥 Vídeo: VIVENDO COMO A MOMMY LONG LEGS no ROBLOX Poppy Playtime CAPITULO 2 [tedPP-srOAI]
⏱️ Segmento/Index: 2
──────────────────────────────────────────────────
Fala transcrita:
""Hahaha, e essa aqui, ela tá assustadora Bom, eu já vi aqui muitas inspirações de Momi, mas eu acho que eu posso criar a minha própria junto com vocês Então bora lá comprar os itens Confesso para vocês que eu já tentei virar Momilong Legs antes e não ficou uma transformação tão legal Então eu vou começar aqui vindo nos personagens e nos comprados e vou transformar o meu personagem em um esqueleto Já que a Momilong Legs é longa, é grande, vamos deixar um corpo grande para ela Mas eu também quero mudar a cabeça Agora então vamos mudar a cabeça para deixar pronto para receber as roupas Eu acho que eu vou deixar essa cabeça de mulher mesmo que eu estava Pronto, não ficou tão legal com esse cabelo do esqueleto, mas é o que nós temos por enquanto antes de fazer qualquer mudança E eu também quero mudar o tronco Eu só não sei qual que eu coloco, qual vai ser melhor? Será que eu deixo o de esqueleto por enquanto? Ou eu coloco aqui outro tronco, sei lá Bom, por enquanto eu vou deixar o de esqueleto, se for preciso eu venho e troco Bora para a loja do avatar Primeiro eu vou escrever aqui Momilong para ver o que aparece E vamos ver...""",Avaliador_C,Avaliador_F
8,"Coloquem aí nos comentários se vocês gostam de Usar moletom, tênis, Salto, vestido Qual é o seu estilo? Gente, mas o salto Salto?",0.1029604896903038,0.8713446855545044,0.0256948303431272,NEU,0.0015324359992519,0.0003223888634238,0.0054589151404798,0.0004637694219127,0.002110478002578,0.0002393573377048,0.0004563381080515,0.049584184,Julia MineGirl,Roblox,DESFILE DE LOOKS NO MINECRAFT Fashion Show [Qvucu1L8A7A],,NT,NT,NT,"🎬 Canal: Julia MineGirl | 🎥 Vídeo: DESFILE DE LOOKS NO MINECRAFT Fashion Show [Qvucu1L8A7A]
⏱️ Segmento/Index: 8
──────────────────────────────────────────────────
Fala transcrita:
""Coloquem aí nos comentários se vocês gostam de Usar moletom, tênis, Salto, vestido Qual é o seu estilo? Gente, mas o salto Salto?""",Avaliador_C,Avaliador_F
9,"Ah, entendi E o que quer dizer? Quer dizer que é um baú com explosivos de novo, né? Com certeza que é uma trollagem sua Não, não, não, já peguei, eu parei de fazer a trollagem, eu parei É, entendi Então eu vou abrir pra ver o que é que tem dentro Calma aí, deixa eu só pular aqui em cima dele pra não ter nenhum problema, né? Agora, tá vazio esse baú McFly Deixa eu sair daqui, não tem nada demais não, até mais, tchau Eu vou ainda nessa, mas sim, eu vou ainda nessa E não explodiu, é, dá uma olhada aí, vê aí Não, não, já detenho como não, cara não Essa foi muito boa, consegui despistar o McFly e ele caiu de própria trollagem Deixa eu ficar pequeno, o que? Ele tá me... Corre, corre, corre, corre, jtp Eu te vi, você na minha casa Rápido, vamos lá, tem que ir pro esconderijo Pro esconderijo Não, não, não, não, não, essa foi por pouco, pessoal, eu tô chegando Tô chegando perto do esconderijo, será que eu vou conseguir?",0.4959281086921692,0.4659924507141113,0.038079485297203,NEG,0.3883781731128692,0.0072126523591578,0.048640914261341,0.0049734315834939,0.0570925734937191,0.0048848493024706,0.0074101304635405,0.36095104,JP Plays,Minecraft,fiz uma BASE SECRETA dentro da casa do meu amigo [1bNRu1m-1Go],,GZ,GZ,GZ,"🎬 Canal: JP Plays | 🎥 Vídeo: fiz uma BASE SECRETA dentro da casa do meu amigo [1bNRu1m-1Go]
⏱️ Segmento/Index: 9
──────────────────────────────────────────────────
Fala transcrita:
""Ah, entendi E o que quer dizer? Quer dizer que é um baú com explosivos de novo, né? Com certeza que é uma trollagem sua Não, não, não, já peguei, eu parei de fazer a trollagem, eu parei É, entendi Então eu vou abrir pra ver o que é que tem dentro Calma aí, deixa eu só pular aqui em cima dele pra não ter nenhum problema, né? Agora, tá vazio esse baú McFly Deixa eu sair daqui, não tem nada demais não, até mais, tchau Eu vou ainda nessa, mas sim, eu vou ainda nessa E não explodiu, é, dá uma olhada aí, vê aí Não, não, já detenho como não, cara não Essa foi muito boa, consegui despistar o McFly e ele caiu de própria trollagem Deixa eu ficar pequeno, o que? Ele tá me... Corre, corre, corre, corre, jtp Eu te vi, você na minha casa Rápido, vamos lá, tem que ir pro esconderijo Pro esconderijo Não, não, não, não, não, essa foi por pouco, pessoal, eu tô chegando Tô chegando perto do esconderijo, será que eu vou conseguir?""",Avaliador_C,Avaliador_F
1,"Tá, ele tá naquela casa ali. Antes de eu estar explodindo a casa dele, eu vou explodir essa outra. Tá, deixa eu vir nessa casa aqui. Será que tem alguma coisa? É, tem coisa no baú, mas não é coisa muito importante. Então acho que dá pra gente explodir essa casa aqui. Tá, mas essa casa ainda tá bem inteira. Deixa eu explodir mais um pouquinho. É, é, agora sim. Ai, que isso! Um Creeper! Mas essa daqui ainda não é a casa dele, a casa dele é essa outra. E eu acho que ele já me viu, ele tá atrás de mim, eu vou fugir dele. Porque eu quero explodir essa casa, e se ele ficar correndo atrás de mim, eu não vou conseguir. Sai, sai de perto de mim, explode também! Sai de perto de mim! Não, que isso! Ele não morre! Tá, eu acho que é a minha chance de explodir a casa dele. Entra aqui dentro, explode, explode, eu vou explodir tudo. Não, minha casa, não, não, Creeper! Não! Ah, mano, eu vou te pegar, vem cá! Nossa, chegou até no mar! É, na verdade isso aqui não é o mar, é só uma poça de água. Sai, sai daqui, sai daqui! Não, sai, eu não consigo, eu não consigo bater, eu não consigo bater, eu não consigo bater!",0.2133094519376754,0.6955259442329407,0.091164618730545,NEU,0.8483244776725769,0.0042351372539997,0.0242176931351423,0.0022178993094712,0.0332397855818271,0.426175057888031,0.0083583863452076,0.43965456,Cadres,Minecraft,Trolei o meu amigo virando MOB no Minecraft [GTZsckVbcKo],,T,T,T,"🎬 Canal: Cadres | 🎥 Vídeo: Trolei o meu amigo virando MOB no Minecraft [GTZsckVbcKo]
⏱️ Segmento/Index: 1
──────────────────────────────────────────────────
Fala transcrita:
""Tá, ele tá naquela casa ali. Antes de eu estar explodindo a casa dele, eu vou explodir essa outra. Tá, deixa eu vir nessa casa aqui. Será que tem alguma coisa? É, tem coisa no baú, mas não é coisa muito importante. Então acho que dá pra gente explodir essa casa aqui. Tá, mas essa casa ainda tá bem inteira. Deixa eu explodir mais um pouquinho. É, é, agora sim. Ai, que isso! Um Creeper! Mas essa daqui ainda não é a casa dele, a casa dele é essa outra. E eu acho que ele já me viu, ele tá atrás de mim, eu vou fugir dele. Porque eu quero explodir essa casa, e se ele ficar correndo atrás de mim, eu não vou conseguir. Sai, sai de perto de mim, explode também! Sai de perto de mim! Não, que isso! Ele não morre! Tá, eu acho que é a minha chance de explodir a casa dele. Entra aqui dentro, explode, explode, eu vou explodir tudo. Não, minha casa, não, não, Creeper! Não! Ah, mano, eu vou te pegar, vem cá! Nossa, chegou até no mar! É, na verdade isso aqui não é o mar, é só uma poça de água. Sai, sai daqui, sai daqui! Não, sai, eu não consigo, eu não consigo bater, eu não consigo bater, eu não consigo bater!""",Avaliador_C,Avaliador_F
17,"Gente! Alguém acha o gerador, por favor! Acha o gerador, por favor! Ai! Não, não, não! Olha, Luca! Eu estou com 26, mami! Pegou um! Ele pegou um! Nossa, ele está pegando um montão! Ele pegou um! Três! Três já! Luca! Os geradores abriram uma nova área! Mas eu estou com 6% de vida, mami! Ele vai me pegar! Fique escondida! Mas ele está vendo... Ai! Que pegada! Não, filha! Foge, mami! Só foge daí que ele está indo! Aí, mami! Você está vendo ele ali do outro lado do mundo! Vai, foge! Tô vendo! Foge das beltas, mami! Vai, você vai sair do futeu das beltas! Vai que eu estou para te ajudar, mami! Vai! Foge das beltas! Tô correndo! Tá, vou ver se eu acho alguma coisa... Não, mami! Vem cá! Pegue aqui, ó! Vai pro fim da parede enferrujada!",0.742005467414856,0.2211288958787918,0.0368655584752559,NEG,0.2637510001659393,0.0007561597158201,0.0469147861003875,0.0007227777969092,0.0418106988072395,0.0137102380394935,0.0035288571380078,0.30527395,Luluca Games,Roblox,Roblox - O ÚLTIMO SOBREVIVENTE VENCE Stop it Slender  Luluca Games [2OZS9YjXW2E],0.7420046329498291,GZ,GZ,GZ,"🎬 Canal: Luluca Games | 🎥 Vídeo: Roblox - O ÚLTIMO SOBREVIVENTE VENCE Stop it Slender  Luluca Games [2OZS9YjXW2E]
⏱️ Segmento/Index: 17
──────────────────────────────────────────────────
Fala transcrita:
""Gente! Alguém acha o gerador, por favor! Acha o gerador, por favor! Ai! Não, não, não! Olha, Luca! Eu estou com 26, mami! Pegou um! Ele pegou um! Nossa, ele está pegando um montão! Ele pegou um! Três! Três já! Luca! Os geradores abriram uma nova área! Mas eu estou com 6% de vida, mami! Ele vai me pegar! Fique escondida! Mas ele está vendo... Ai! Que pegada! Não, filha! Foge, mami! Só foge daí que ele está indo! Aí, mami! Você está vendo ele ali do outro lado do mundo! Vai, foge! Tô vendo! Foge das beltas, mami! Vai, você vai sair do futeu das beltas! Vai que eu estou para te ajudar, mami! Vai! Foge das beltas! Tô correndo! Tá, vou ver se eu acho alguma coisa... Não, mami! Vem cá! Pegue aqui, ó! Vai pro fim da parede enferrujada!""",Avaliador_C,Avaliador_F
12,"Entrou ali! Olha aí, Lopes! E aí, meu bom? Não, não, não! Ah, qual é? Não! Não, cara! Sai, pilho! Não! Ai, ele me derrubou! Eu tô vivo! Quem tá ganhando ainda? Não! Não! Quem foi? Não, velho! Que isso? Eu não tenho a impressão que ele me focou! Que delante! O Lopes ficou num bloquinho só, velho! Cara, eu não acredito nisso! Só tem quem? Quem é que tá lá embaixo? O Lopes agarra de novo! Oh, Deus! Se mata aí, mano! A terceira lei vai ser destruída! Ih, ele vai morrer! Vixe! Ninguém ganhou! Que? Que loucura, bicho!",0.656152069568634,0.2893940806388855,0.0544537790119648,NEG,0.9333934783935548,0.0074909012764692,0.0640967339277267,0.0070968111976981,0.1178015768527984,0.131186231970787,0.0188039001077413,0.4014846,Geleia,Minecraft,o último YOUTUBER a ficar VIVO neste MAPA GANHA 1 real no minecraft [7wJkX4uuAu4],,T,T,T,"🎬 Canal: Geleia | 🎥 Vídeo: o último YOUTUBER a ficar VIVO neste MAPA GANHA 1 real no minecraft [7wJkX4uuAu4]
⏱️ Segmento/Index: 12
──────────────────────────────────────────────────
Fala transcrita:
""Entrou ali! Olha aí, Lopes! E aí, meu bom? Não, não, não! Ah, qual é? Não! Não, cara! Sai, pilho! Não! Ai, ele me derrubou! Eu tô vivo! Quem tá ganhando ainda? Não! Não! Quem foi? Não, velho! Que isso? Eu não tenho a impressão que ele me focou! Que delante! O Lopes ficou num bloquinho só, velho! Cara, eu não acredito nisso! Só tem quem? Quem é que tá lá embaixo? O Lopes agarra de novo! Oh, Deus! Se mata aí, mano! A terceira lei vai ser destruída! Ih, ele vai morrer! Vixe! Ninguém ganhou! Que? Que loucura, bicho!""",Avaliador_C,Avaliador_F
85,"Tá, nice. Nossa, ali tem um monte de Scrape. Vocês tem mais coisa de Ampere e Scorpion ali? Ampere e Scorpion. Ampere e Scorpion. Ampere... Não, não tem. Agora falta o Kraken. Vamos lá, mano. Kraken, Vortex Isle. A Vortex Isle a gente tem que ir pra dimensão de vidro. Olha, eu tenho um Molenoid aqui comigo, hein, mano. Bora. Agora eu tô com a Royal Guardian, velho. Não, agora é um tapa só. É um tapinha, não. Vamos conhecer o bichinho antes de nós matar ele. Vamos dar uma oportunidade pra ele... Galera, vamos dar uma oportunidade pro Molenoid, né? Pelo menos falar algo na vida dele antes dele morrer, porque ele vai morrer muito rápido. Eu vou espalhar três, porque eu tenho três aqui comigo. Fechou. Fica o Molenoid. Molenoid é bonitinho, ele coloca terra. Cara, eu vou precisar...",0.0781295001506805,0.8804831504821777,0.0413872711360454,NEU,0.3589768409729004,0.0064273565076291,0.0426224917173385,0.0042866081930696,0.035057071596384,0.025282047688961,0.0186632573604583,0.3389984,AuthenticGames,Minecraft,MONSTROS MAIS FORTES DO MINECRAFT  - Minecraft Orespawn 04 [oQcS426A6MU],,GZ,GZ,GZ,"🎬 Canal: AuthenticGames | 🎥 Vídeo: MONSTROS MAIS FORTES DO MINECRAFT  - Minecraft Orespawn 04 [oQcS426A6MU]
⏱️ Segmento/Index: 85
──────────────────────────────────────────────────
Fala transcrita:
""Tá, nice. Nossa, ali tem um monte de Scrape. Vocês tem mais coisa de Ampere e Scorpion ali? Ampere e Scorpion. Ampere e Scorpion. Ampere... Não, não tem. Agora falta o Kraken. Vamos lá, mano. Kraken, Vortex Isle. A Vortex Isle a gente tem que ir pra dimensão de vidro. Olha, eu tenho um Molenoid aqui comigo, hein, mano. Bora. Agora eu tô com a Royal Guardian, velho. Não, agora é um tapa só. É um tapinha, não. Vamos conhecer o bichinho antes de nós matar ele. Vamos dar uma oportunidade pra ele... Galera, vamos dar uma oportunidade pro Molenoid, né? Pelo menos falar algo na vida dele antes dele morrer, porque ele vai morrer muito rápido. Eu vou espalhar três, porque eu tenho três aqui comigo. Fechou. Fica o Molenoid. Molenoid é bonitinho, ele coloca terra. Cara, eu vou precisar...""",Avaliador_C,Avaliador_F
2,"Estágio 5 Aí, linha reta Linha reta, então só pode ser protegeada Vixi, lá, você é um cachorro ali Do nada Do nada Toma Do nada, um cachorro Um cachorro morto ali, ó Morra, vou pegar o hellop agora Vixi, já me foi no meio das pedras, não faz isso Tira as pedras pra repassar, mano Vá Vou jogar as pedras nos cachorros, toma Tô jogando pedras, tem cachorro O que é isso, cara? Olha só, olha só, animais Ah, proteja a véia, ó, muito, vou dar a véia, ó É Ah A mina...",0.2759761214256286,0.6385260224342346,0.0854978561401367,NEU,0.5166725516319275,0.0061264298856258,0.0387386009097099,0.0028157520573586,0.0428778156638145,0.0291040670126676,0.013381814584136,0.200795,meu nome é david,Roblox,NOVO JOGO MOBILE - SALVAMOS UMAS VELHINHA EM APUROS DEU RUIM [kDbEm9o4-aY],,GZ,GZ,GZ,"🎬 Canal: meu nome é david | 🎥 Vídeo: NOVO JOGO MOBILE - SALVAMOS UMAS VELHINHA EM APUROS DEU RUIM [kDbEm9o4-aY]
⏱️ Segmento/Index: 2
──────────────────────────────────────────────────
Fala transcrita:
""Estágio 5 Aí, linha reta Linha reta, então só pode ser protegeada Vixi, lá, você é um cachorro ali Do nada Do nada Toma Do nada, um cachorro Um cachorro morto ali, ó Morra, vou pegar o hellop agora Vixi, já me foi no meio das pedras, não faz isso Tira as pedras pra repassar, mano Vá Vou jogar as pedras nos cachorros, toma Tô jogando pedras, tem cachorro O que é isso, cara? Olha só, olha só, animais Ah, proteja a véia, ó, muito, vou dar a véia, ó É Ah A mina...""",Avaliador_C,Avaliador_F
7,"É você que manda no pedaço, é isso aí, parabéns Parabéns, parabéns, é isso aí, melhor ficar bem pênis McFly, fica parado que eu acho que tem um bicho, tem um bicho no seu... calma aí Calma, fica parado, fica parado, senão não vou conseguir, fica parado, fica parado Calma, vou tirar esse bicho aí de você, tem um bicho nas suas costas Ah não, não era nada não, desculpa, desculpa, foi sem querer, foi sem querer, não tem nada, não tem nada É, é melhor ir embora, vai embora mesmo Eu estou indo embora, tchauzinho, tchauzinho, galera Ai, não precisa atirar em mim não, não precisa atirar em mim Vai, vaza, vaza Olha, você está muito bravo, sabe o que a gente devia fazer? Você quer jogar um pouco de futebol? Futebol? É, eu gostaria, vamos lá Tá, então vamos jogar futebol, olha, o campo está bem iluminado, mesmo estando de noite Tá, valeu, ainda não vou fazer o gol Olha, driblei, driblei o policial E agora? Eu vou chutar Ai, o que é isso? Você está atirando em mim? Para com isso, você não sabe perder não, só porque eu ia fazer o gol?",0.4352394342422485,0.4685637652873993,0.0961967781186103,NEU,0.9409566521644592,0.0108342841267585,0.0824525952339172,0.0031072339043021,0.0654642507433891,0.0145864579826593,0.4258234202861786,0.6491204,JP Plays,Minecraft,SE VOCÊ ESCAPAR DA PRISÃO GANHA 1000 ROBUX NO ROBLOX [Xa8YdQLEGJ8],,T,T,T,"🎬 Canal: JP Plays | 🎥 Vídeo: SE VOCÊ ESCAPAR DA PRISÃO GANHA 1000 ROBUX NO ROBLOX [Xa8YdQLEGJ8]
⏱️ Segmento/Index: 7
──────────────────────────────────────────────────
Fala transcrita:
""É você que manda no pedaço, é isso aí, parabéns Parabéns, parabéns, é isso aí, melhor ficar bem pênis McFly, fica parado que eu acho que tem um bicho, tem um bicho no seu... calma aí Calma, fica parado, fica parado, senão não vou conseguir, fica parado, fica parado Calma, vou tirar esse bicho aí de você, tem um bicho nas suas costas Ah não, não era nada não, desculpa, desculpa, foi sem querer, foi sem querer, não tem nada, não tem nada É, é melhor ir embora, vai embora mesmo Eu estou indo embora, tchauzinho, tchauzinho, galera Ai, não precisa atirar em mim não, não precisa atirar em mim Vai, vaza, vaza Olha, você está muito bravo, sabe o que a gente devia fazer? Você quer jogar um pouco de futebol? Futebol? É, eu gostaria, vamos lá Tá, então vamos jogar futebol, olha, o campo está bem iluminado, mesmo estando de noite Tá, valeu, ainda não vou fazer o gol Olha, driblei, driblei o policial E agora? Eu vou chutar Ai, o que é isso? Você está atirando em mim? Para com isso, você não sabe perder não, só porque eu ia fazer o gol?""",Avaliador_C,Avaliador_F
26,"Que maluquíssimo poucos Acerta algumas flechas aqui, ó Vou acertar algumas flechas Flechas não tá adiantando nada Uma achada é pior, né A espada pelo menos consegue causar mais dano De certo modo Então, vamos lá Olha isso, falta pouco Falta pouco aqui desse lado E a outra janela, Lucas Na outra janela, eu acho que tem também Eu tô achando que tem também O importante é que a base tá resistindo muito bem Nem um bloco quebrado A porta tá inteira Tudo bem, é uma porta de ferro, né Uma porta de ferro com certeza ia resistir Agora desse lado não tem muito não, hein Falta pouco, McFly Eu acho que eu vou até sair aqui, ó Acho que eu vou até sair aqui, hein Eu acho que eu só não posso cair na lava Cair na lava Justo que eu não queria que acontecesse Justo que eu não queria que acontecesse Tô aqui, tô bem, tô bem Nossa, só espero que esse efeito de fogo passe logo Porque tá difícil As chamas tão atrapalhando bastante Mas talvez eu consiga acertar Ó, tem as portas que a gente pode fechar e abrir, ó Pra proteger as janelas Que susto, McFly Que susto, McFly Beleza, ó Eu vou sair lá fora de novo Ó, tem um aqui, tem um aqui, tem um aqui",0.4188183844089508,0.4407812654972076,0.1404003500938415,NEU,0.0681439638137817,0.007710663601756,0.0488494448363781,0.005967522971332,0.0472041219472885,0.0070284884423017,0.0026630065403878,0.17111848,JP Plays,Minecraft,CONSTRUA BASE SEGURA CONTRA ZUMBIS SEM SAIR DO CÍRCULO VERMELHO  NO MINECRAFT [W-h41wF7hyE],,NT,NT,NT,"🎬 Canal: JP Plays | 🎥 Vídeo: CONSTRUA BASE SEGURA CONTRA ZUMBIS SEM SAIR DO CÍRCULO VERMELHO  NO MINECRAFT [W-h41wF7hyE]
⏱️ Segmento/Index: 26
──────────────────────────────────────────────────
Fala transcrita:
""Que maluquíssimo poucos Acerta algumas flechas aqui, ó Vou acertar algumas flechas Flechas não tá adiantando nada Uma achada é pior, né A espada pelo menos consegue causar mais dano De certo modo Então, vamos lá Olha isso, falta pouco Falta pouco aqui desse lado E a outra janela, Lucas Na outra janela, eu acho que tem também Eu tô achando que tem também O importante é que a base tá resistindo muito bem Nem um bloco quebrado A porta tá inteira Tudo bem, é uma porta de ferro, né Uma porta de ferro com certeza ia resistir Agora desse lado não tem muito não, hein Falta pouco, McFly Eu acho que eu vou até sair aqui, ó Acho que eu vou até sair aqui, hein Eu acho que eu só não posso cair na lava Cair na lava Justo que eu não queria que acontecesse Justo que eu não queria que acontecesse Tô aqui, tô bem, tô bem Nossa, só espero que esse efeito de fogo passe logo Porque tá difícil As chamas tão atrapalhando bastante Mas talvez eu consiga acertar Ó, tem as portas que a gente pode fechar e abrir, ó Pra proteger as janelas Que susto, McFly Que susto, McFly Beleza, ó Eu vou sair lá fora de novo Ó, tem um aqui, tem um aqui, tem um aqui""",Avaliador_C,Avaliador_F
3,"eu cheguei você chegou ai mammy ta, ta pera ai to aqui louca ai não sei porque eu contratei essas crianças nossa nossa são oi mammy oi gente bora lá bora bora bora bora bora bora bora bora bora bora eu falei que iria falar ladies and gentlemen ai se preparem para o mais engraçado o mais maluco o mais estupido quer dizer o mais bobinho palhaços do roblox pet e a sua gangue o uuuu saiu mammy entra aqui mammy entra aqui a ta eu achei que esse aqui era você mammy entra aqui a ta a ta o uu mammy entra aqui mammy entra aqui a ta Ouuu saiu! Papapara papapara papapara Mami entra aqui! Eu entrei! Ah tá, eu achei que esse aqui era você, Mami! Papapara papapara papapara É pra empurrar um palhaço, outro Que que é pra fazer? Ih Mami, agora os nossos palhaços vão brigar Até morrer Não gente, a gente não faz isso não Não gente, é brincadeira Palhaços, se preparem para a luta! Nossa!",0.1451496481895446,0.5079289078712463,0.3469215035438537,NEU,0.8714442849159241,0.0024795883800834,0.0333759151399135,0.00300895399414,0.3441255986690521,0.0047939773648977,0.003999943844974,0.584095,Luluca Games,Roblox,Roblox - VIREI UMA PALHACINHA DESAJEITADA Patchy Origin  Luluca Games [irNEZXoagD4],0.1451497375965118,T,T,T,"🎬 Canal: Luluca Games | 🎥 Vídeo: Roblox - VIREI UMA PALHACINHA DESAJEITADA Patchy Origin  Luluca Games [irNEZXoagD4]
⏱️ Segmento/Index: 3
──────────────────────────────────────────────────
Fala transcrita:
""eu cheguei você chegou ai mammy ta, ta pera ai to aqui louca ai não sei porque eu contratei essas crianças nossa nossa são oi mammy oi gente bora lá bora bora bora bora bora bora bora bora bora bora eu falei que iria falar ladies and gentlemen ai se preparem para o mais engraçado o mais maluco o mais estupido quer dizer o mais bobinho palhaços do roblox pet e a sua gangue o uuuu saiu mammy entra aqui mammy entra aqui a ta eu achei que esse aqui era você mammy entra aqui a ta a ta o uu mammy entra aqui mammy entra aqui a ta Ouuu saiu! Papapara papapara papapara Mami entra aqui! Eu entrei! Ah tá, eu achei que esse aqui era você, Mami! Papapara papapara papapara É pra empurrar um palhaço, outro Que que é pra fazer? Ih Mami, agora os nossos palhaços vão brigar Até morrer Não gente, a gente não faz isso não Não gente, é brincadeira Palhaços, se preparem para a luta! Nossa!""",Avaliador_C,Avaliador_F
17,"Sai daqui Seus zumbis malvados Não andem não, não andem não Nossa, estão tentando quebrar o laser parece Isso, eles estão se derrubando Seus zumbis atrapalhados Zumbis atrapalhados Zumbis atrapalhados Nossa, são muitos quebraram o laser Não, não, não, não, não está funcionando ainda São muitos, eu nunca vi tanto zumbi É melhor me proteger com um escudo Porque eu não quero ser devorado por eles Calma, sai daqui, sai daqui, toma essa Toma essa, toma essa Isso, pode vir, pode vir Vocês não vão conseguir sobreviver a essas armadilhas Toma essa Vem aqui, vem aqui seu zumbi malvado Sai para lá, sai para lá, me deixa em paz Me deixa em paz Isso, tchauzinho, tchauzinho Esse exército já era PJ Esse exército de zumbis já era Ha ha ha Tenho que vencer alguma outra escapagem Eu vou ter que usar as minhas próprias mãos Mais uma vitória das armadilhas Que foram construídas Porém, o PJ Puggya Pillar disse que Ele mesmo vai atacar da próxima vez E por ele ser mais forte que Os monstros que vieram atacar Eu preciso reforçar ainda",0.9454906582832336,0.0351095721125602,0.0193997267633676,NEG,0.8548322916030884,0.0102102300152182,0.0629332661628723,0.009689524769783,0.0973368063569068,0.0219207257032394,0.0182001870125532,0.40614098,JP Plays,Minecraft,50 HACKS de CONSTRUÇÃO SEGURA - O FILME [Iq8VpF78l2E],,T,T,T,"🎬 Canal: JP Plays | 🎥 Vídeo: 50 HACKS de CONSTRUÇÃO SEGURA - O FILME [Iq8VpF78l2E]
⏱️ Segmento/Index: 17
──────────────────────────────────────────────────
Fala transcrita:
""Sai daqui Seus zumbis malvados Não andem não, não andem não Nossa, estão tentando quebrar o laser parece Isso, eles estão se derrubando Seus zumbis atrapalhados Zumbis atrapalhados Zumbis atrapalhados Nossa, são muitos quebraram o laser Não, não, não, não, não está funcionando ainda São muitos, eu nunca vi tanto zumbi É melhor me proteger com um escudo Porque eu não quero ser devorado por eles Calma, sai daqui, sai daqui, toma essa Toma essa, toma essa Isso, pode vir, pode vir Vocês não vão conseguir sobreviver a essas armadilhas Toma essa Vem aqui, vem aqui seu zumbi malvado Sai para lá, sai para lá, me deixa em paz Me deixa em paz Isso, tchauzinho, tchauzinho Esse exército já era PJ Esse exército de zumbis já era Ha ha ha Tenho que vencer alguma outra escapagem Eu vou ter que usar as minhas próprias mãos Mais uma vitória das armadilhas Que foram construídas Porém, o PJ Puggya Pillar disse que Ele mesmo vai atacar da próxima vez E por ele ser mais forte que Os monstros que vieram atacar Eu preciso reforçar ainda""",Avaliador_C,Avaliador_F
3,"Aí você foi amassado! Ninguém mandou você pisar em mim aquela hora! Mas agora eu já vou conseguir passar pro tamanho 20! É só eu clicar nessa alavanca... E pronto! Olha o meu tamanho! Eu tô maior que a casa da vila! Nossa, será que no nível 50? Eu vou conseguir chegar no sol! Ah, mas antes da gente chegar lá, a gente precisa chegar no tamanho 30! E pra chegar no tamanho 30, a gente precisa derrotar o gigante! Que gigante? Ah, você pisou em cima dos Villagers! Quem que tá falando isso? Ah, tem um Iron Golem gigante aqui! Olha, agora eu vou me vingar de você! Você vai ver só! Ai, parece que o Iron Golem tá atrás de mim! E não, eu fiquei preso! Corre, corre, corre! Ah, vem aqui, Iron Golem! Toma! Eu errei todas, não! Ele me bateu! Cada dano dele me tira metade da vida! Ele é muito forte! Ai, será que eu vou conseguir derrotar ele? E passar pro próximo tamanho? Ah, eu vou tentar bater nele daqui de cima! Toma! Ai, parece que agora ele tá bravo! Ele tá correndo atrás de mim! Corre, corre, corre! Ai, vem aqui, Iron Golem!",0.2839672863483429,0.6430923938751221,0.0729402974247932,NEU,0.7176272869110107,0.0060821212828159,0.0444258339703083,0.0029650155920535,0.0375413484871387,0.0784039422869682,0.0118606463074684,0.2854971,Cadres,Minecraft,Eu Virei um GIGANTE no Minecraft [VjVAwale_jk],,GZ,GZ,GZ,"🎬 Canal: Cadres | 🎥 Vídeo: Eu Virei um GIGANTE no Minecraft [VjVAwale_jk]
⏱️ Segmento/Index: 3
──────────────────────────────────────────────────
Fala transcrita:
""Aí você foi amassado! Ninguém mandou você pisar em mim aquela hora! Mas agora eu já vou conseguir passar pro tamanho 20! É só eu clicar nessa alavanca... E pronto! Olha o meu tamanho! Eu tô maior que a casa da vila! Nossa, será que no nível 50? Eu vou conseguir chegar no sol! Ah, mas antes da gente chegar lá, a gente precisa chegar no tamanho 30! E pra chegar no tamanho 30, a gente precisa derrotar o gigante! Que gigante? Ah, você pisou em cima dos Villagers! Quem que tá falando isso? Ah, tem um Iron Golem gigante aqui! Olha, agora eu vou me vingar de você! Você vai ver só! Ai, parece que o Iron Golem tá atrás de mim! E não, eu fiquei preso! Corre, corre, corre! Ah, vem aqui, Iron Golem! Toma! Eu errei todas, não! Ele me bateu! Cada dano dele me tira metade da vida! Ele é muito forte! Ai, será que eu vou conseguir derrotar ele? E passar pro próximo tamanho? Ah, eu vou tentar bater nele daqui de cima! Toma! Ai, parece que agora ele tá bravo! Ele tá correndo atrás de mim! Corre, corre, corre! Ai, vem aqui, Iron Golem!""",Avaliador_C,Avaliador_F
2,"Fica longe da gente, não fica aqui perto não! Deixa eu explicar! A gente tá com uma doença e a gente não sabe o que vai ser daqui pra frente! Quê? Vocês estão com uma doença e nem me contaram? Foi de, sabe, de última hora! A gente nem sabia disso direito, mas agora tá piorando cada vez mais! Ai, eu não acredito, mas vocês podem morrer? A gente vai se curar, né? A gente vai ficar bem, mas... Mas foi eu com a doença grave? Não, não, não é não! Não, vai ficar tudo bem, mas não precisa se preocupar, não! Mas isso é horrível, não passa nada! Ai, pera, pera! Eu vou levar vocês pro hospital, vem! Pro hospital? Não, não, eu tenho medo de hospital! Vocês têm que ir pro hospital, vou pegar uma ambulância emprestada! Não, olha, você sabe que o meu seu pai não gosta dessas coisas, é melhor você ficar lá! Por favor, eu tenho medo de hospital! A gente pode ficar em casa até se curar, tá? Só se você não ficar perto da gente!",0.8656077980995178,0.1167646795511245,0.0176274459809064,NEG,0.2715718150138855,0.0037702391855418,0.0231396965682506,0.0006613006116822,0.0480049103498458,0.0356645919382572,0.0027327516581863,0.3048984,Papile,Roblox,A ORFÃ  ADOTADA POR PAIS RICOS NO BROOKHAVEN  - ROBLOX HISTORINHA EMOCIONANTE [jSdogSyLFHM],,GZ,GZ,GZ,"🎬 Canal: Papile | 🎥 Vídeo: A ORFÃ  ADOTADA POR PAIS RICOS NO BROOKHAVEN  - ROBLOX HISTORINHA EMOCIONANTE [jSdogSyLFHM]
⏱️ Segmento/Index: 2
──────────────────────────────────────────────────
Fala transcrita:
""Fica longe da gente, não fica aqui perto não! Deixa eu explicar! A gente tá com uma doença e a gente não sabe o que vai ser daqui pra frente! Quê? Vocês estão com uma doença e nem me contaram? Foi de, sabe, de última hora! A gente nem sabia disso direito, mas agora tá piorando cada vez mais! Ai, eu não acredito, mas vocês podem morrer? A gente vai se curar, né? A gente vai ficar bem, mas... Mas foi eu com a doença grave? Não, não, não é não! Não, vai ficar tudo bem, mas não precisa se preocupar, não! Mas isso é horrível, não passa nada! Ai, pera, pera! Eu vou levar vocês pro hospital, vem! Pro hospital? Não, não, eu tenho medo de hospital! Vocês têm que ir pro hospital, vou pegar uma ambulância emprestada! Não, olha, você sabe que o meu seu pai não gosta dessas coisas, é melhor você ficar lá! Por favor, eu tenho medo de hospital! A gente pode ficar em casa até se curar, tá? Só se você não ficar perto da gente!""",Avaliador_C,Avaliador_F
5,"Vai, vai, vai, vai! Meu Deus! Calma, calma, calma! Espera! E daí tá! Nossa, levou um monte de gente ali! Vai, vai, vai, vai! Boa, bate em mim mesmo, porque eu não quero essa lá na frente! Meu Deus! Socorro! Meu Deus, alguém bate em mim! Meu Deus! Bola de novo! Meu Deus, não! Eu fui lá... Meu Deus! Eu voltei no começo do mapa! Ah, não, essa fase não, gente! Trulha do céu! O que? O negócio que me jogou lá no começo! Sério? Só corre, tem que subir ali! Agarra, agarra! Sobe! Eu tô levando soco na cara, socorro! Ah, não! Essa fase de novo não! Vai, vai, meu queridão! Gente, essa parte aqui eu não gosto! Passei, passei, passei! Pronto, passei! Boa! Tô me recuperando, eu acho que vai dar! Espera! Ah, esse negócio de girar aqui, gente! Oh, meu Deus! Vai que a gente consegue! Esse ventiladorzão aqui... Gente, soco é muito difícil! É, é bem difícil! Eu não vou pelo meio, o meio não dá! Não tem que ser difícil! É, é bem difícil! Eu não vou pelo meio, o meio não dá! Não tem como!",0.8125847578048706,0.1290859431028366,0.0583292953670024,NEG,0.2695448994636535,0.0019751170184463,0.1019761189818382,0.0005549986381083,0.0106555614620447,0.0253747887909412,0.00978066585958,0.36095104,Julia MineGirl,Roblox,GINCANA ENGRAÇADA EM FAMÍLIA Fall Guys [W4iDE0l4Ycs],,GZ,GZ,GZ,"🎬 Canal: Julia MineGirl | 🎥 Vídeo: GINCANA ENGRAÇADA EM FAMÍLIA Fall Guys [W4iDE0l4Ycs]
⏱️ Segmento/Index: 5
──────────────────────────────────────────────────
Fala transcrita:
""Vai, vai, vai, vai! Meu Deus! Calma, calma, calma! Espera! E daí tá! Nossa, levou um monte de gente ali! Vai, vai, vai, vai! Boa, bate em mim mesmo, porque eu não quero essa lá na frente! Meu Deus! Socorro! Meu Deus, alguém bate em mim! Meu Deus! Bola de novo! Meu Deus, não! Eu fui lá... Meu Deus! Eu voltei no começo do mapa! Ah, não, essa fase não, gente! Trulha do céu! O que? O negócio que me jogou lá no começo! Sério? Só corre, tem que subir ali! Agarra, agarra! Sobe! Eu tô levando soco na cara, socorro! Ah, não! Essa fase de novo não! Vai, vai, meu queridão! Gente, essa parte aqui eu não gosto! Passei, passei, passei! Pronto, passei! Boa! Tô me recuperando, eu acho que vai dar! Espera! Ah, esse negócio de girar aqui, gente! Oh, meu Deus! Vai que a gente consegue! Esse ventiladorzão aqui... Gente, soco é muito difícil! É, é bem difícil! Eu não vou pelo meio, o meio não dá! Não tem que ser difícil! É, é bem difícil! Eu não vou pelo meio, o meio não dá! Não tem como!""",Avaliador_C,Avaliador_F
1,"O bebê ficou maluco! Entra pelas ventilações! Rápido! Vamos deixar o médico e o enfermeiro aí? Mami, deixa, deixa! Meu Deus, o meu bebê ficou louco! O que aconteceu? É pra entrar pelas ventilações, onde é a ventilação? Cadê a ventilação? Ventilação, ventilação, mami! Onde tá a ventilação? Tá cheia, cheia! Onde, onde, onde? Ai, meu Deus do céu, gente, é uma escada invisível! Mami, que loucura! Como será que ele ficou assim, maluco? Não sei, Luca! Mami, só vamos sair daqui então! Que é isso? São beircinhos, mami! Só que se é aquele ser atrevedor de saio? É porque ele alagou tudo, mami! Nossa, meu primo ficou maluco, mami! Mas é seu primo ou será que ele é um bebê aleatório? Será que ele é um bebê aleatório? Ai, eu não sei, será que é meu primo? Luca, sua mente é alguma coisa estranha com a varilha da sua tia? Ah, é, tava meio grandona demais, né?",0.8565577268600464,0.115027830004692,0.0284144897013902,NEG,0.3549909293651581,0.0011736741289496,0.0651242062449455,0.0007370944367721,0.0790123492479324,0.0029080745298415,0.0031798344571143,0.25462922,Luluca Games,Roblox,Roblox - ESCAPE DO BEBÊ DO MAL Escape The Evil Baby Obby  Luluca Games [m0qnDrDNoBQ],0.8565577268600464,GZ,GZ,GZ,"🎬 Canal: Luluca Games | 🎥 Vídeo: Roblox - ESCAPE DO BEBÊ DO MAL Escape The Evil Baby Obby  Luluca Games [m0qnDrDNoBQ]
⏱️ Segmento/Index: 1
──────────────────────────────────────────────────
Fala transcrita:
""O bebê ficou maluco! Entra pelas ventilações! Rápido! Vamos deixar o médico e o enfermeiro aí? Mami, deixa, deixa! Meu Deus, o meu bebê ficou louco! O que aconteceu? É pra entrar pelas ventilações, onde é a ventilação? Cadê a ventilação? Ventilação, ventilação, mami! Onde tá a ventilação? Tá cheia, cheia! Onde, onde, onde? Ai, meu Deus do céu, gente, é uma escada invisível! Mami, que loucura! Como será que ele ficou assim, maluco? Não sei, Luca! Mami, só vamos sair daqui então! Que é isso? São beircinhos, mami! Só que se é aquele ser atrevedor de saio? É porque ele alagou tudo, mami! Nossa, meu primo ficou maluco, mami! Mas é seu primo ou será que ele é um bebê aleatório? Será que ele é um bebê aleatório? Ai, eu não sei, será que é meu primo? Luca, sua mente é alguma coisa estranha com a varilha da sua tia? Ah, é, tava meio grandona demais, né?""",Avaliador_C,Avaliador_F
7,"Eu vou tentar descer as escadas. Eles estão ali na sala. Eu vou falar pra eles que eu não tô conseguindo dormir. Será que eles vão fazer alguma coisa de ruim comigo? Ei, pai, mãe! A gente já sabe que você não tá conseguindo dormir. É verdade. Como que vocês sabem disso? A nossa audição é muito boa, daí a gente consegue escutar. Vocês escutaram tudo que eu falei? Tudo! Sim, tudinho. Ai, é que eu realmente tô assustada. Eu acho que eu prefiro voltar para o orfanato. Ah, não! Ah, não, agora você já é nossa filha. Ai, eu não quero, quero ir embora. Me leva embora! Não, você tem que ficar aqui agora que você veio uma vez, não volta mais. Mas, mas, ai, eu não sei o que fazer, porque vocês são vampiros.",0.2229183465242386,0.5691282749176025,0.2079533636569976,NEU,0.5727337598800659,0.0008690634858794,0.0240572690963745,0.0039299568161368,0.1442814767360687,0.0165643822401762,0.0061239474453032,0.25462922,Papile,Roblox,FUI ADOTADA POR UMA FAMÍLIA DE VAMPIROS  NO BROOKHAVEN  ROBLOX HISTÓRIA - PAPILE [3EX1e_M5QnA],,GZ,GZ,GZ,"🎬 Canal: Papile | 🎥 Vídeo: FUI ADOTADA POR UMA FAMÍLIA DE VAMPIROS  NO BROOKHAVEN  ROBLOX HISTÓRIA - PAPILE [3EX1e_M5QnA]
⏱️ Segmento/Index: 7
──────────────────────────────────────────────────
Fala transcrita:
""Eu vou tentar descer as escadas. Eles estão ali na sala. Eu vou falar pra eles que eu não tô conseguindo dormir. Será que eles vão fazer alguma coisa de ruim comigo? Ei, pai, mãe! A gente já sabe que você não tá conseguindo dormir. É verdade. Como que vocês sabem disso? A nossa audição é muito boa, daí a gente consegue escutar. Vocês escutaram tudo que eu falei? Tudo! Sim, tudinho. Ai, é que eu realmente tô assustada. Eu acho que eu prefiro voltar para o orfanato. Ah, não! Ah, não, agora você já é nossa filha. Ai, eu não quero, quero ir embora. Me leva embora! Não, você tem que ficar aqui agora que você veio uma vez, não volta mais. Mas, mas, ai, eu não sei o que fazer, porque vocês são vampiros.""",Avaliador_C,Avaliador_F
3,"Esse lado não dá pra passar com o carro, a gente vai ter que seguir a pé, hein Vai, cuidado atrás, atrás, atrás, deixa eu ver o que tem, ai, nossa, estão vindo muito zumbi Sai, chispa, chispa zumbi palhaço Ai, já não acredito nisso Ok, parece que a gente vai ter que acertar aquela corda, tá vendo, pra gente abrir o portão Tem um negócio ali em cima, eu vou acertar, ai, pera, eu vou acertar ela, pode deixar comigo, Fláio Pode deixar comigo, se eu deixar acabar com esse zumbi, agora vai acertar ali, ó Acertei, na mosca, destruiu o zumbi e abriu a porta Boa, agora deixa eu dar uma funçada aqui no lixo, tô com fome Vamos pegar comida aqui nessa cidade, pessoal, a gente achar comida é no lixo mesmo A gente encontra aqui uns bifes, né, e tal, e eu já tô começando a ficar com fome mesmo Preciso de mais comida e tem palhaço vindo Vamos ver qual que vai ser a nossa missão aqui no circo, pessoal Eu acho que a gente vai ter que enfrentar o elefante zumbi, jota Você tá de sacanagem, vamos dar uma olhada aqui na história, vocês estão vendo que tem aqui uns círculos de fogo, né, e tal Ali dentro da gaiola temos... o que é aquilo? Parece algum bicho, é uma maçã Tem um macaquinho, tem um macaquinho dentro da gaiola, ali embaixo nós temos...",0.6469252109527588,0.3157985210418701,0.0372762195765972,NEG,0.3178865611553192,0.0042615379206836,0.0405922643840312,0.0028155006002634,0.0566462725400924,0.0089822234585881,0.0051354924216866,0.32919475,JP Plays,Minecraft,ATROPELEI OS ZUMBIS COM UM CARRO NO MINECRAFT [DlSbcG-ZsAk],,GZ,GZ,GZ,"🎬 Canal: JP Plays | 🎥 Vídeo: ATROPELEI OS ZUMBIS COM UM CARRO NO MINECRAFT [DlSbcG-ZsAk]
⏱️ Segmento/Index: 3
──────────────────────────────────────────────────
Fala transcrita:
""Esse lado não dá pra passar com o carro, a gente vai ter que seguir a pé, hein Vai, cuidado atrás, atrás, atrás, deixa eu ver o que tem, ai, nossa, estão vindo muito zumbi Sai, chispa, chispa zumbi palhaço Ai, já não acredito nisso Ok, parece que a gente vai ter que acertar aquela corda, tá vendo, pra gente abrir o portão Tem um negócio ali em cima, eu vou acertar, ai, pera, eu vou acertar ela, pode deixar comigo, Fláio Pode deixar comigo, se eu deixar acabar com esse zumbi, agora vai acertar ali, ó Acertei, na mosca, destruiu o zumbi e abriu a porta Boa, agora deixa eu dar uma funçada aqui no lixo, tô com fome Vamos pegar comida aqui nessa cidade, pessoal, a gente achar comida é no lixo mesmo A gente encontra aqui uns bifes, né, e tal, e eu já tô começando a ficar com fome mesmo Preciso de mais comida e tem palhaço vindo Vamos ver qual que vai ser a nossa missão aqui no circo, pessoal Eu acho que a gente vai ter que enfrentar o elefante zumbi, jota Você tá de sacanagem, vamos dar uma olhada aqui na história, vocês estão vendo que tem aqui uns círculos de fogo, né, e tal Ali dentro da gaiola temos... o que é aquilo? Parece algum bicho, é uma maçã Tem um macaquinho, tem um macaquinho dentro da gaiola, ali embaixo nós temos...""",Avaliador_C,Avaliador_F
11,"Quebre. Pronto. É, não tinha nada. Tem ouro só. Ah, ouro tem que pegar, né, porque é bom. Vamos matar mais uns bichos aí, porque a gente tá precisando de comida pra caramba. Uhum. Eu tô matando peixe. Oi. Veio um templo do nada. Gigante. Deixa eu fazer aqui. Olha, eu preciso... Ah, você tem madeira ali, Gomes. Eu preciso de madeira. Não tenho. Aí, consegui girar outro portal. É, a gente tem um obsídio, né? É, tem um obsídio. Relaxa, eu vou pegar aqui um pouco de madeira e vou usar umas ferramentas de diamante pra mim, mano. Eu quero mais barcos de gendicir pra gente ficar full diamante. Eu tô matando os bichos na picareta. E dois escudos. Você já tem escudo? Não, escudo não. Porque escudo vai ajudar bastante, mano. Imagina. Vem pra cá, vem pra cá. Que isso, cavalo. Calma, não sei onde você tá. Tá, eu tô do lado de um templo da jungle e de um templo do deserto. Olha aqui. Super normal, Jaleia. Super normal, mano. E gru. E gru. É, é porque às vezes o Wiggle, ele spawna um negócio lá embaixo, viu? Já spawnou algum? Não, nunca vi.",0.0866617336869239,0.869539737701416,0.0437985211610794,NEU,0.6880348920822144,0.0044537633657455,0.0958552956581115,0.0022369832731783,0.044670857489109,0.3085017800331116,0.0031116858590394,0.39842087,Geleia,Minecraft,MOBS DROPAM ESTRUTURAS OP NO MINECRAFT [MCOp5GI13yE],,GZ,GZ,GZ,"🎬 Canal: Geleia | 🎥 Vídeo: MOBS DROPAM ESTRUTURAS OP NO MINECRAFT [MCOp5GI13yE]
⏱️ Segmento/Index: 11
──────────────────────────────────────────────────
Fala transcrita:
""Quebre. Pronto. É, não tinha nada. Tem ouro só. Ah, ouro tem que pegar, né, porque é bom. Vamos matar mais uns bichos aí, porque a gente tá precisando de comida pra caramba. Uhum. Eu tô matando peixe. Oi. Veio um templo do nada. Gigante. Deixa eu fazer aqui. Olha, eu preciso... Ah, você tem madeira ali, Gomes. Eu preciso de madeira. Não tenho. Aí, consegui girar outro portal. É, a gente tem um obsídio, né? É, tem um obsídio. Relaxa, eu vou pegar aqui um pouco de madeira e vou usar umas ferramentas de diamante pra mim, mano. Eu quero mais barcos de gendicir pra gente ficar full diamante. Eu tô matando os bichos na picareta. E dois escudos. Você já tem escudo? Não, escudo não. Porque escudo vai ajudar bastante, mano. Imagina. Vem pra cá, vem pra cá. Que isso, cavalo. Calma, não sei onde você tá. Tá, eu tô do lado de um templo da jungle e de um templo do deserto. Olha aqui. Super normal, Jaleia. Super normal, mano. E gru. E gru. É, é porque às vezes o Wiggle, ele spawna um negócio lá embaixo, viu? Já spawnou algum? Não, nunca vi.""",Avaliador_C,Avaliador_F
9,AY SCARCHAPELHONA,0.0215498134493827,0.0781901404261589,0.9002600908279419,POS,0.1170194298028945,0.0009711814345791,0.0277075432240962,0.0025368011556565,0.0398015491664409,0.0022439993917942,0.0028600837104022,0.04216247,Amy Scarlet,Roblox,Não consigo pegar MESTRE no Free Fire [1ZL1HFdBvD8],,NT,NT,NT,"🎬 Canal: Amy Scarlet | 🎥 Vídeo: Não consigo pegar MESTRE no Free Fire [1ZL1HFdBvD8]
⏱️ Segmento/Index: 9
──────────────────────────────────────────────────
Fala transcrita:
""AY SCARCHAPELHONA""",Avaliador_C,Avaliador_F
19,"Amada de ser covarde! Eu vou e pronto, quem tá com medo é você, hein? Eu acho que é verdade, Sherife, quem é o medroso é você, que abandonou a gente na mina abandonada, é, você não quis ir com a gente, lembra desse dia? É verdade, é verdade, mas aquela mina é muito assombrada, vocês falaram que viram fantasma e muita coisa lá... Não, na verdade foi uma outra mentirinha que a gente teve que contar pra que você não descobrisse a máquina do tempo do Spectre, que aí você ia ligar todos os pontos e descobrir que a gente também viajou no tempo, mas... mas agora você vai saber a verdade. Não tem fantasma, não tem coisa nenhuma... Não, não, tem mentira o tempo todo, só por isso eu vou dar um tapinha ali, você e todo mundo McFly, pode... Mas é justo, olha a razão, a gente merece um bilhiscão no puxão de orelha, ela tá certa. Mc... McFly... Vai, cuidado, calma, ele tá indo pra direção da mina, a gente já tá che... entrou no banheiro. McFly entrou no banheiro. Nossa, olha, é muito duro.",0.797253429889679,0.1764647811651229,0.0262818019837141,NEG,0.8379266858100891,0.00186303909868,0.0533971972763538,0.0012687183916568,0.4637215137481689,0.0549398139119148,0.0024932387750595,0.4269174,JP Plays,Minecraft,SEGREDO REVELADO SOBRE VIAJANTES DO TEMPO NO VELHO OESTE DO MINECRAFT  17 [3iIjGmPWoJ0],,T,T,T,"🎬 Canal: JP Plays | 🎥 Vídeo: SEGREDO REVELADO SOBRE VIAJANTES DO TEMPO NO VELHO OESTE DO MINECRAFT  17 [3iIjGmPWoJ0]
⏱️ Segmento/Index: 19
──────────────────────────────────────────────────
Fala transcrita:
""Amada de ser covarde! Eu vou e pronto, quem tá com medo é você, hein? Eu acho que é verdade, Sherife, quem é o medroso é você, que abandonou a gente na mina abandonada, é, você não quis ir com a gente, lembra desse dia? É verdade, é verdade, mas aquela mina é muito assombrada, vocês falaram que viram fantasma e muita coisa lá... Não, na verdade foi uma outra mentirinha que a gente teve que contar pra que você não descobrisse a máquina do tempo do Spectre, que aí você ia ligar todos os pontos e descobrir que a gente também viajou no tempo, mas... mas agora você vai saber a verdade. Não tem fantasma, não tem coisa nenhuma... Não, não, tem mentira o tempo todo, só por isso eu vou dar um tapinha ali, você e todo mundo McFly, pode... Mas é justo, olha a razão, a gente merece um bilhiscão no puxão de orelha, ela tá certa. Mc... McFly... Vai, cuidado, calma, ele tá indo pra direção da mina, a gente já tá che... entrou no banheiro. McFly entrou no banheiro. Nossa, olha, é muito duro.""",Avaliador_D,Avaliador_F
14,"Baldi! E tem como virar também um super-herói. Eu gostei, foi legal, não foi? Foi! Supe!",0.0273390281945467,0.1566761136054992,0.815984845161438,POS,0.0037256765644997,0.0001317900314461,0.0044482890516519,0.000192088613403,0.0023300026077777,0.0001958811626536,0.0003905117046087,0.0154562555,Lokis,Roblox,ESTRADINHA DO GIGANTE AMARELO  Roblox [Q8Drd68l0sA],,NT,NT,NT,"🎬 Canal: Lokis | 🎥 Vídeo: ESTRADINHA DO GIGANTE AMARELO  Roblox [Q8Drd68l0sA]
⏱️ Segmento/Index: 14
──────────────────────────────────────────────────
Fala transcrita:
""Baldi! E tem como virar também um super-herói. Eu gostei, foi legal, não foi? Foi! Supe!""",Avaliador_D,Avaliador_F
38,"Eu preciso de comida, eu tô com fome Comida? Eu tenho comida aqui E diamantes? Eu quero diamantes Não é, você vai comer diamante? Comida eu até dou, mas diamantes eu não vou dar não, capaz Comida, obrigado, mas eu quero diamantes também, senhor Não, diamantes eu fiquei mineirando um tempão aí pra conseguir diamantes, eu não vou dar não Olha aqui, eu já comi tudo, então vamos fazer assim, eu faço um serviço pra você E você me paga esmeraldas Esmeraldas, esmeraldas eu tenho, mas é pra eu colocar aqui dentro? É, qualquer coisa que você quiser eu faço pra você E você me paga em esmeraldas É, dança aí, deixa eu ver o negócio Nossa, que tanto de esmeralda Ah, eu vou pegar isso daqui tudo pra mim Já dançou bastante, vai pra lá, vai longe daqui Sai da minha casa, sai da minha casa Ai, peguei tudo, deixa eu vir aqui dentro de casa Ah, aquele morador de rua tava muito suspeito, ele tava com a voz muito parecida com a do atos Eu acho que era o atos tentando me enganar Vocês viram isso?",0.1738662123680114,0.7338474988937378,0.0922863036394119,NEU,0.0552091710269451,0.0044653522782027,0.0415796339511871,0.0037216343916952,0.0342507883906364,0.0025498229078948,0.0032453557942062,0.19893374,Athos,Minecraft,100 DIAS TROLANDO MEU AMIGO NO MINECRAFT - O Filme [xRTZ1IvgmAY],,NT,NT,NT,"🎬 Canal: Athos | 🎥 Vídeo: 100 DIAS TROLANDO MEU AMIGO NO MINECRAFT - O Filme [xRTZ1IvgmAY]
⏱️ Segmento/Index: 38
──────────────────────────────────────────────────
Fala transcrita:
""Eu preciso de comida, eu tô com fome Comida? Eu tenho comida aqui E diamantes? Eu quero diamantes Não é, você vai comer diamante? Comida eu até dou, mas diamantes eu não vou dar não, capaz Comida, obrigado, mas eu quero diamantes também, senhor Não, diamantes eu fiquei mineirando um tempão aí pra conseguir diamantes, eu não vou dar não Olha aqui, eu já comi tudo, então vamos fazer assim, eu faço um serviço pra você E você me paga esmeraldas Esmeraldas, esmeraldas eu tenho, mas é pra eu colocar aqui dentro? É, qualquer coisa que você quiser eu faço pra você E você me paga em esmeraldas É, dança aí, deixa eu ver o negócio Nossa, que tanto de esmeralda Ah, eu vou pegar isso daqui tudo pra mim Já dançou bastante, vai pra lá, vai longe daqui Sai da minha casa, sai da minha casa Ai, peguei tudo, deixa eu vir aqui dentro de casa Ah, aquele morador de rua tava muito suspeito, ele tava com a voz muito parecida com a do atos Eu acho que era o atos tentando me enganar Vocês viram isso?""",Avaliador_D,Avaliador_F
18,"Tá, agora ele tá fresinho! Pronto! Agora a gente tem a nossa carne de zumbi de estimação! Perfeito! Só que essa casa não para de ser atacada pelos mobs! O que a gente pode fazer? Vamos transformar a espada em mob também? E ela vai proteger a gente, eu tenho certeza! Vamos lá! Uou, quero ver! Olha! A espada só tem o olho! Ela tem um olho só, mas ela parece ser bem forte, né? Será que ela enxerga direito? Vamos testar! Eu vou levar essa espada pra atacar os Creepers? Mas, ó, Riquitos, uma coisa! A picareta! A picareta ainda tá perdida lá embaixo! Tá, faz o seguinte, então eu vou lá buscar a picareta! Tá, enquanto isso eu vou testar essa espada, mas se recuperar ela a gente esqueceu da picareta! Perto da nossa casa tava cheio de zumbis, eles estavam ouvindo nos atacar! Espadinha, mostra seus poderes! Ataca esses zumbis pra mim! Uou! Olha só isso! Ela é muito forte! Ela tá destruindo todos esses zumbis! Riquitos, vem cá ver, Riquitos! Você achou a picareta, Riquitos? Já, já encontrei aqui! Ela tava escuridinha!",0.0574279688298702,0.4013838768005371,0.5411881804466248,POS,0.3227898776531219,0.0013503374066203,0.0336952991783618,0.0008025021525099,0.025532491505146,0.0787679031491279,0.0032882329542189,0.32971194,Athos,Minecraft,Dei VIDA para um BALDE no Minecraft [S7FQEpXWOXY],,GZ,GZ,GZ,"🎬 Canal: Athos | 🎥 Vídeo: Dei VIDA para um BALDE no Minecraft [S7FQEpXWOXY]
⏱️ Segmento/Index: 18
──────────────────────────────────────────────────
Fala transcrita:
""Tá, agora ele tá fresinho! Pronto! Agora a gente tem a nossa carne de zumbi de estimação! Perfeito! Só que essa casa não para de ser atacada pelos mobs! O que a gente pode fazer? Vamos transformar a espada em mob também? E ela vai proteger a gente, eu tenho certeza! Vamos lá! Uou, quero ver! Olha! A espada só tem o olho! Ela tem um olho só, mas ela parece ser bem forte, né? Será que ela enxerga direito? Vamos testar! Eu vou levar essa espada pra atacar os Creepers? Mas, ó, Riquitos, uma coisa! A picareta! A picareta ainda tá perdida lá embaixo! Tá, faz o seguinte, então eu vou lá buscar a picareta! Tá, enquanto isso eu vou testar essa espada, mas se recuperar ela a gente esqueceu da picareta! Perto da nossa casa tava cheio de zumbis, eles estavam ouvindo nos atacar! Espadinha, mostra seus poderes! Ataca esses zumbis pra mim! Uou! Olha só isso! Ela é muito forte! Ela tá destruindo todos esses zumbis! Riquitos, vem cá ver, Riquitos! Você achou a picareta, Riquitos? Já, já encontrei aqui! Ela tava escuridinha!""",Avaliador_D,Avaliador_F
10,Não sei é que dá pra que dá pra fazer também não gosto muito legal a gente tá fazendo isso aqui ó é que é um pão explosivo né é um pão explosivo né é um pão explosivo né é um pão explosivo né é um pão explosivo né é um pão explosivo né é um pão explosivo né é um pão explosivo né Mas é que eu acho que aqui embaixo será que a comida aqui embaixo como é que eu posso explicar sabe? Não como assim Mcfly? Não é que eu acho que aqui embaixo JP a comida tá ficando mais... como é que eu posso explicar? Quer ver ó? Espera um pouquinho AAAAAAAA EITA Nossa tá dá pra cavar um túnel devorando essas comidas né na hora de mineirar pessoal você tá com dificuldade de cavar um túnel tá com preguiça vai comendo comida explosiva Mas enfim deixa o like se vocês gostaram explode o botão de gostei se inscrevam no canal ative o sininho de notificações e me siga no instagram que tá aparecendo embaixo que é o webcam Fiquem com Deus e até o próximo vídeo tchaaaaau,0.4540728330612182,0.4899051189422607,0.0560221187770366,NEU,0.1806861162185669,0.003335898509249,0.0431595481932163,0.0044116736389696,0.0248882547020912,0.0026109793689101,0.003427016781643,0.19504376,JP Plays,Minecraft,COMO FAZER COMIDA QUE EXPLODE NO MINECRAFT [flavs0cHq1g],,NT,NT,NT,"🎬 Canal: JP Plays | 🎥 Vídeo: COMO FAZER COMIDA QUE EXPLODE NO MINECRAFT [flavs0cHq1g]
⏱️ Segmento/Index: 10
──────────────────────────────────────────────────
Fala transcrita:
""Não sei é que dá pra que dá pra fazer também não gosto muito legal a gente tá fazendo isso aqui ó é que é um pão explosivo né é um pão explosivo né é um pão explosivo né é um pão explosivo né é um pão explosivo né é um pão explosivo né é um pão explosivo né é um pão explosivo né Mas é que eu acho que aqui embaixo será que a comida aqui embaixo como é que eu posso explicar sabe? Não como assim Mcfly? Não é que eu acho que aqui embaixo JP a comida tá ficando mais... como é que eu posso explicar? Quer ver ó? Espera um pouquinho AAAAAAAA EITA Nossa tá dá pra cavar um túnel devorando essas comidas né na hora de mineirar pessoal você tá com dificuldade de cavar um túnel tá com preguiça vai comendo comida explosiva Mas enfim deixa o like se vocês gostaram explode o botão de gostei se inscrevam no canal ative o sininho de notificações e me siga no instagram que tá aparecendo embaixo que é o webcam Fiquem com Deus e até o próximo vídeo tchaaaaau""",Avaliador_D,Avaliador_F
21,"O que tá vindo? Os zumbis! Quando assim zumbis? Ficou... Ficou delante do nada! Eles estão vindo! Quando eu olhei pra fora de novo, tava cheio de zumbis ali na minha casa! Nossa, cheio de zumbis! Eles estão vindo mesmo! Eles estão vindo... Ai, olha quem que é! Ai, olha o zumbi! Tá me espadada! Espadada! Naru, pega uma espada aqui pra você também! Pega a espada! Ai, ai, ai, ai, tá cheio! Tá cheio de zumbis pequenos! Mata o zumbi! Não, vocês não vão invadir a nossa casa! Eu vou defender essa casa! Ai, tem muitos zumbis! Naru, corre lá pra cima! Eu tô secado aqui embaixo, papai, me ajuda! Naru, você morreu pro zumbis! Ai, eu vou vingar! Vocês mataram ele! Ataque nos zumbis! Tem muitos zumbis subindo aqui! Eu não posso mais tomar dano! Porque eu tô quase morrendo! Sai, zumbis, sai! Tem alguns zumbis subindo aqui no seu lugar! Mas... Naru! Naru! Papai, eu tô aqui fora! Os zumbis estão me cercando de novo! Eu vou aí te salvar, Naru! Eu tô descendo!",0.5940734148025513,0.3569412529468536,0.0489852428436279,NEG,0.8537328839302063,0.0038320978637784,0.0215730406343936,0.0038816859014332,0.0226137563586235,0.2411056011915207,0.0066832932643592,0.4014846,Athos,Minecraft,Ciclo de VIDA do ATHOS de JOGOS no MINECRAFT [dM6doF6F6LE],,T,T,T,"🎬 Canal: Athos | 🎥 Vídeo: Ciclo de VIDA do ATHOS de JOGOS no MINECRAFT [dM6doF6F6LE]
⏱️ Segmento/Index: 21
──────────────────────────────────────────────────
Fala transcrita:
""O que tá vindo? Os zumbis! Quando assim zumbis? Ficou... Ficou delante do nada! Eles estão vindo! Quando eu olhei pra fora de novo, tava cheio de zumbis ali na minha casa! Nossa, cheio de zumbis! Eles estão vindo mesmo! Eles estão vindo... Ai, olha quem que é! Ai, olha o zumbi! Tá me espadada! Espadada! Naru, pega uma espada aqui pra você também! Pega a espada! Ai, ai, ai, ai, tá cheio! Tá cheio de zumbis pequenos! Mata o zumbi! Não, vocês não vão invadir a nossa casa! Eu vou defender essa casa! Ai, tem muitos zumbis! Naru, corre lá pra cima! Eu tô secado aqui embaixo, papai, me ajuda! Naru, você morreu pro zumbis! Ai, eu vou vingar! Vocês mataram ele! Ataque nos zumbis! Tem muitos zumbis subindo aqui! Eu não posso mais tomar dano! Porque eu tô quase morrendo! Sai, zumbis, sai! Tem alguns zumbis subindo aqui no seu lugar! Mas... Naru! Naru! Papai, eu tô aqui fora! Os zumbis estão me cercando de novo! Eu vou aí te salvar, Naru! Eu tô descendo!""",Avaliador_D,Avaliador_F
21,"Que que é isso? Mano, por que tem um villager aqui? Pera, pera, pera, pera Ah! Roubei o ferro que ele tinha aqui já Roubei, tu né? Meu Deus Olha, Eduarda, mano, eu tô entendendo O Iron Golem, ele é controlado pelo villager, mano Para tudo, Eduarda, para tudo Faz todo sentido agora, Marcelo Fi, roubei teu lugar Agora eu sou piloto de Iron Golem Bora, pra esquerda Bora, pra direita Bora Marcelo, eu vou procurar um villager Villager Porque eu vou entrar dentro do villager Você vai entrar dentro do villager? Aham Você é louca, garota? Sou Meu Deus do céu, vamos que eu vou estar bem junto Cadê, cadê, cadê o villager? Vamos procurar o villager Cadê os villager dessa vida, Eduarda? Estão trabalhando não, Fi? Estão de férias? Não, acho que estão de férias Vou tocar o sino, hein? Aí que eles vão ficar de férias, né, Eduarda? Achei, achei Opa, cadê? Opa E reunião? Reunião Reunião, galerinha Bora entrar então aqui na cabeça desses malucos?",0.1116344034671783,0.4931941926479339,0.3951714038848877,NEU,0.6695389151573181,0.0026194469537585,0.0507086366415023,0.0051993322558701,0.0840108469128608,0.0021420279517769,0.0082106757909059,0.37751234,Marcelodrv,Minecraft,podemos ENTRAR em qualquer YOUTUBER no minecraft - O FILME [8cqOfBbvmtY],,GZ,GZ,GZ,"🎬 Canal: Marcelodrv | 🎥 Vídeo: podemos ENTRAR em qualquer YOUTUBER no minecraft - O FILME [8cqOfBbvmtY]
⏱️ Segmento/Index: 21
──────────────────────────────────────────────────
Fala transcrita:
""Que que é isso? Mano, por que tem um villager aqui? Pera, pera, pera, pera Ah! Roubei o ferro que ele tinha aqui já Roubei, tu né? Meu Deus Olha, Eduarda, mano, eu tô entendendo O Iron Golem, ele é controlado pelo villager, mano Para tudo, Eduarda, para tudo Faz todo sentido agora, Marcelo Fi, roubei teu lugar Agora eu sou piloto de Iron Golem Bora, pra esquerda Bora, pra direita Bora Marcelo, eu vou procurar um villager Villager Porque eu vou entrar dentro do villager Você vai entrar dentro do villager? Aham Você é louca, garota? Sou Meu Deus do céu, vamos que eu vou estar bem junto Cadê, cadê, cadê o villager? Vamos procurar o villager Cadê os villager dessa vida, Eduarda? Estão trabalhando não, Fi? Estão de férias? Não, acho que estão de férias Vou tocar o sino, hein? Aí que eles vão ficar de férias, né, Eduarda? Achei, achei Opa, cadê? Opa E reunião? Reunião Reunião, galerinha Bora entrar então aqui na cabeça desses malucos?""",Avaliador_D,Avaliador_F
64,"Um exemplo da menina, não sei, de... Do cara de... Não sei, do Homem de Ferro. Boa, boa. Quem encontrar fala aí, velho. Aonde tá o impostor, pessoal? Comenta aí. Tem, ó... Vamos fazer pelas fileiras, mano. De cima pra baixo, pessoal. É a fileira 1, 2, 3, 4, 5 e 6. São 6 fileiras. Adivinha primeiro qual fileira ele tá. Eu já encontrei o impostor já, mano. Aí, eu tô aqui, voltei. Não achei. Achei, achei. A galera já mandou que achei, mano. Coisinha. Quem tá achando esse aqui agora, achei. Tá ali no meio. Eu achei. Não, mas tem que falar do lado de... Do que ele tá, mano. Tem que falar fileira, galera. Tem que falar fileira e pelo menos... Na pessoa que tá ao lado dele, mano. Deixa eu ver se o pessoal acha o mesmo, mano. Já vi. Tá sentado ali. Ah, mas é o sentado ali. Ele vai tá sentado, né? Encontrei. Ali. Aí, modo bocetinha.",0.0848520323634147,0.8682386875152588,0.0469092391431331,NEU,0.3782424926757812,0.0013614206109195,0.1098504438996315,0.0008024127455428,0.0554017387330532,0.0011856129858642,0.1914033889770507,0.24924077,AuthenticGames,Minecraft,ENCONTRE o IMPOSTOR DISFARÇADO no MINECRAFT [xMoryvvV2ms],,GZ,GZ,GZ,"🎬 Canal: AuthenticGames | 🎥 Vídeo: ENCONTRE o IMPOSTOR DISFARÇADO no MINECRAFT [xMoryvvV2ms]
⏱️ Segmento/Index: 64
──────────────────────────────────────────────────
Fala transcrita:
""Um exemplo da menina, não sei, de... Do cara de... Não sei, do Homem de Ferro. Boa, boa. Quem encontrar fala aí, velho. Aonde tá o impostor, pessoal? Comenta aí. Tem, ó... Vamos fazer pelas fileiras, mano. De cima pra baixo, pessoal. É a fileira 1, 2, 3, 4, 5 e 6. São 6 fileiras. Adivinha primeiro qual fileira ele tá. Eu já encontrei o impostor já, mano. Aí, eu tô aqui, voltei. Não achei. Achei, achei. A galera já mandou que achei, mano. Coisinha. Quem tá achando esse aqui agora, achei. Tá ali no meio. Eu achei. Não, mas tem que falar do lado de... Do que ele tá, mano. Tem que falar fileira, galera. Tem que falar fileira e pelo menos... Na pessoa que tá ao lado dele, mano. Deixa eu ver se o pessoal acha o mesmo, mano. Já vi. Tá sentado ali. Ah, mas é o sentado ali. Ele vai tá sentado, né? Encontrei. Ali. Aí, modo bocetinha.""",Avaliador_D,Avaliador_F
18,"É um jogo de palavras complicadas, eu gosto da paçoca, não, não é da paçoca não, eu amo, mas eu gosto da esmeralda, só que ela vai ficar aqui no paçoca mano, espero que vocês me entendam. O bico, vou colocar junto no paçoca porque ele é muito útil, não, ele poderia ser mais útil, o bico é tão difícil de conseguir que ele poderia ser bem mais útil. Ah, mas todas as vezes que eu precisei dele para destruir o junk inteiro. É, vou botar no Maria Mole, vai no paçoca mano, porque o bico, cara, já economizei muito tempo por causa do bico, ele facilita muito para quebrar os blocos, então vou deixar ali mano, vou deixar o bico aqui porque eu gostei dele. O muro de pedregulho, é, não gosto, mas eu vou no Maria Mole porque ele é, não, não, vai no mel, é porque ele é meio, é um bloco de decoração legalzinho mano, não vou repugnar ele. O bloco de cabeça do Steve, eu vou considerar que tá falando de todas as cabeças juntos, se for todas as cabeças eu boto aqui, e eu boto no mel, porque vamos lá, vamos pensar. A cabeça de esqueleto não serve para nada, você pode pegar mas é inútil, só para, sei lá, o esqueleto te atacar de menos longe.",0.1970454156398773,0.706775963306427,0.0961785763502121,NEU,0.4160703122615814,0.0087593374773859,0.0495919659733772,0.0065646502189338,0.0685153976082801,0.009603695012629,0.0159336067736148,0.3250515,Geleia,Minecraft,rankeando TODOS os BLOCOS do MINECRAFT DO MELHOR AO PIOR [iUeeNy4TyKY],,GZ,GZ,GZ,"🎬 Canal: Geleia | 🎥 Vídeo: rankeando TODOS os BLOCOS do MINECRAFT DO MELHOR AO PIOR [iUeeNy4TyKY]
⏱️ Segmento/Index: 18
──────────────────────────────────────────────────
Fala transcrita:
""É um jogo de palavras complicadas, eu gosto da paçoca, não, não é da paçoca não, eu amo, mas eu gosto da esmeralda, só que ela vai ficar aqui no paçoca mano, espero que vocês me entendam. O bico, vou colocar junto no paçoca porque ele é muito útil, não, ele poderia ser mais útil, o bico é tão difícil de conseguir que ele poderia ser bem mais útil. Ah, mas todas as vezes que eu precisei dele para destruir o junk inteiro. É, vou botar no Maria Mole, vai no paçoca mano, porque o bico, cara, já economizei muito tempo por causa do bico, ele facilita muito para quebrar os blocos, então vou deixar ali mano, vou deixar o bico aqui porque eu gostei dele. O muro de pedregulho, é, não gosto, mas eu vou no Maria Mole porque ele é, não, não, vai no mel, é porque ele é meio, é um bloco de decoração legalzinho mano, não vou repugnar ele. O bloco de cabeça do Steve, eu vou considerar que tá falando de todas as cabeças juntos, se for todas as cabeças eu boto aqui, e eu boto no mel, porque vamos lá, vamos pensar. A cabeça de esqueleto não serve para nada, você pode pegar mas é inútil, só para, sei lá, o esqueleto te atacar de menos longe.""",Avaliador_D,Avaliador_F
7,"Aí quando eu entro, eu tenho um sofá Tem um sofá De três escadas com os bracinhos Tem placas Tem dos dois lados Dos dois lados, beleza Tá, daí tem o sofá da frente Ok, sofá da frente Aqui e também tem o bracinho dos dois lados Bracinho dos dois lados Sim, mas parece que você tem mais sofá Eu tenho... eu tenho aqui, ó Ah, é que tem lá no outro canto, né? Tem aqui também Certo? Pera, ah, isso aqui é diferente mesmo? Que? Ai, eu já errei, tá, vai Você errou? O tempo tá diminuindo Tá, pera aí, é muito sofá, Ju Aqui nesse cantinho você tem que ir do lado de lá, Ju Você tá do lado de cá? Sim, desse lado Tem um sofazinho que é um marrom escuro e tem um marrom claro Sim E tem o bracinho dele dos dois lados, certo?",0.0955515503883361,0.8367112874984741,0.0677371695637703,NEU,0.0017757000168785,0.0043743485584855,0.0345216877758502,0.0058576031588017,0.0287175830453634,0.0017897324869409,0.0012532896362245,0.18554166,Julia MineGirl,Roblox,ENCONTRE A DIFERENÇA NO MINECRAFT [9dwVRgzIJr0],,NT,NT,NT,"🎬 Canal: Julia MineGirl | 🎥 Vídeo: ENCONTRE A DIFERENÇA NO MINECRAFT [9dwVRgzIJr0]
⏱️ Segmento/Index: 7
──────────────────────────────────────────────────
Fala transcrita:
""Aí quando eu entro, eu tenho um sofá Tem um sofá De três escadas com os bracinhos Tem placas Tem dos dois lados Dos dois lados, beleza Tá, daí tem o sofá da frente Ok, sofá da frente Aqui e também tem o bracinho dos dois lados Bracinho dos dois lados Sim, mas parece que você tem mais sofá Eu tenho... eu tenho aqui, ó Ah, é que tem lá no outro canto, né? Tem aqui também Certo? Pera, ah, isso aqui é diferente mesmo? Que? Ai, eu já errei, tá, vai Você errou? O tempo tá diminuindo Tá, pera aí, é muito sofá, Ju Aqui nesse cantinho você tem que ir do lado de lá, Ju Você tá do lado de cá? Sim, desse lado Tem um sofazinho que é um marrom escuro e tem um marrom claro Sim E tem o bracinho dele dos dois lados, certo?""",Avaliador_D,Avaliador_F
12,"tem queair eu não vou shader luluc dái door baud wondering Já irritou, né gente? Cheguei a plantar a luz só agora, Lu! Uuuuh! Tô com aquela nariz! Gente, você não ia chegar no final, né? Agora tem que pular dentro desse vulcônis! Era isso? Uuuuuuh! Você saiu, Luca! Mas eu não... Que? Esse lugar é assustador! Mas... Mas o que? Ahn? Oi? Tudo bom. Gente, não sei o que tá acontecendo! E aí, Luca? Não abriu? A gente conseguiu fugir? Sim! Que? Pera! Não! Mas você continua preso! Nããããããããããããããããããããããããããããããããããããããã magnetic! Você foi transportada pra uma casa! Agora é aquela casa do terror, mami!",0.6273809671401978,0.3243219554424286,0.0482970513403415,NEG,0.6418625116348267,0.0048482823185622,0.0641857981681823,0.004465589299798,0.0271761901676654,0.0046712197363376,0.0049185534007847,0.3245134,Luluca Games,Roblox,Roblox - ESCAPAMOS DO PARQUE DE DIVERSÕES MALUCO Escape The Carnival of Terror Obby  Luluca Games [rGiULqncLvk],0.627381443977356,GZ,GZ,GZ,"🎬 Canal: Luluca Games | 🎥 Vídeo: Roblox - ESCAPAMOS DO PARQUE DE DIVERSÕES MALUCO Escape The Carnival of Terror Obby  Luluca Games [rGiULqncLvk]
⏱️ Segmento/Index: 12
──────────────────────────────────────────────────
Fala transcrita:
""tem queair eu não vou shader luluc dái door baud wondering Já irritou, né gente? Cheguei a plantar a luz só agora, Lu! Uuuuh! Tô com aquela nariz! Gente, você não ia chegar no final, né? Agora tem que pular dentro desse vulcônis! Era isso? Uuuuuuh! Você saiu, Luca! Mas eu não... Que? Esse lugar é assustador! Mas... Mas o que? Ahn? Oi? Tudo bom. Gente, não sei o que tá acontecendo! E aí, Luca? Não abriu? A gente conseguiu fugir? Sim! Que? Pera! Não! Mas você continua preso! Nããããããããããããããããããããããããããããããããããããããã magnetic! Você foi transportada pra uma casa! Agora é aquela casa do terror, mami!""",Avaliador_D,Avaliador_F
5,"Eu acho que é. Eu acho que sim, né, mano. Temos que nadar pelo visto, não. Ai, bola! Olha, um diamante! Tá, pegar o diamante não dá porque eu não tenho espada. Então eu esnago assim aqui. Ai, eu tô subindo! Eu tô subindo! Tu tá flutuando! Volta aqui, mano! Não me deixa sozinho! Eu também tô. Na verdade, eu acho que o caminho é por aqui, bobo. Ah, já sabia! Você acha que eu não sabia, mano, que o caminho era por aqui? Claro que eu sabia. Claro, com certeza eu sabia. Vamos usar a velocidade do Gui que a gente chega bem mais rápido. Olha isso, mano, eu tô bem rápido, hein, mano. Isso aqui é muito bom, até mais fácil pra fazer os desafios, cara. Beleza, galera, a gente já tá aqui na metade do caminho pra salvar o próximo youtuber. Opa, consegui, K.R. Até a velocidade eu tô caindo, cara, tá doido. Opa, mais uma plaquinha de pressão e aqui estamos bem salvos, K.R. Se a gente cair, a gente nasce aqui agora. E o bom é que esse bioma aqui é bem bonito, né? Vermelho, legal demais. Isso aqui é muito perigoso, velho. Olha esse ladinho aqui, se cair já era. Cuidado, mano, vai com cuidado. Vou com cuidado e... Aaaaaaaah, socorro!",0.10725948959589,0.8349632024765015,0.057777289301157,NEU,0.2300491034984588,0.0037377029657363,0.0338768474757671,0.0027701316867023,0.053461018949747,0.005773311946541,0.0057161855511367,0.37795907,Kass e KR,Minecraft,Athos está em PERIGO na Torre dos Youtubers [Fy9e5tXjglI],,GZ,GZ,GZ,"🎬 Canal: Kass e KR | 🎥 Vídeo: Athos está em PERIGO na Torre dos Youtubers [Fy9e5tXjglI]
⏱️ Segmento/Index: 5
──────────────────────────────────────────────────
Fala transcrita:
""Eu acho que é. Eu acho que sim, né, mano. Temos que nadar pelo visto, não. Ai, bola! Olha, um diamante! Tá, pegar o diamante não dá porque eu não tenho espada. Então eu esnago assim aqui. Ai, eu tô subindo! Eu tô subindo! Tu tá flutuando! Volta aqui, mano! Não me deixa sozinho! Eu também tô. Na verdade, eu acho que o caminho é por aqui, bobo. Ah, já sabia! Você acha que eu não sabia, mano, que o caminho era por aqui? Claro que eu sabia. Claro, com certeza eu sabia. Vamos usar a velocidade do Gui que a gente chega bem mais rápido. Olha isso, mano, eu tô bem rápido, hein, mano. Isso aqui é muito bom, até mais fácil pra fazer os desafios, cara. Beleza, galera, a gente já tá aqui na metade do caminho pra salvar o próximo youtuber. Opa, consegui, K.R. Até a velocidade eu tô caindo, cara, tá doido. Opa, mais uma plaquinha de pressão e aqui estamos bem salvos, K.R. Se a gente cair, a gente nasce aqui agora. E o bom é que esse bioma aqui é bem bonito, né? Vermelho, legal demais. Isso aqui é muito perigoso, velho. Olha esse ladinho aqui, se cair já era. Cuidado, mano, vai com cuidado. Vou com cuidado e... Aaaaaaaah, socorro!""",Avaliador_D,Avaliador_F
8,"Que eu saí de verdade Vamos agora pra dificuldade Enderman Vamos nessa, dificuldade Enderman Lucky Block de Enderman Nossa, olha isso Tem um monte de Enderman Como eu vou olhar pra eles? Não olha pra eles, não olha pra... Ai, que bicho feio Bicho feio, quase colhi Melhor não olhar Melhor não olhar mesmo Porque bicho feio sai pra lá, sai pra lá, sai pra lá Vamos dar uma olhada onde que tá esse Lucky Block Tá, JP, pelo que eu vi não tem parkour, então acho que é mais fácil É, não tem parkour, então a gente tem que encontrar esse botão Aqui embaixo mesmo, não tem outro lugar que ele possa estar Ah, McFly, certeza que não tem parkour Porque olha a altura que o botão tá ali em cima Só pular Será que dá?",0.9281721115112304,0.0559028536081314,0.0159250423312187,NEG,0.3126621544361114,0.0112729277461767,0.050826858729124,0.0078030531294643,0.0477373674511909,0.0052365632727742,0.0076373470947146,0.28312725,JP Plays,Minecraft,NÃO APERTE O BOTÃO DE LUCKY BLOCK NO MINECRAFT  Botão da Sorte ou Azar [2xsYuKOtt1E],,GZ,GZ,GZ,"🎬 Canal: JP Plays | 🎥 Vídeo: NÃO APERTE O BOTÃO DE LUCKY BLOCK NO MINECRAFT  Botão da Sorte ou Azar [2xsYuKOtt1E]
⏱️ Segmento/Index: 8
──────────────────────────────────────────────────
Fala transcrita:
""Que eu saí de verdade Vamos agora pra dificuldade Enderman Vamos nessa, dificuldade Enderman Lucky Block de Enderman Nossa, olha isso Tem um monte de Enderman Como eu vou olhar pra eles? Não olha pra eles, não olha pra... Ai, que bicho feio Bicho feio, quase colhi Melhor não olhar Melhor não olhar mesmo Porque bicho feio sai pra lá, sai pra lá, sai pra lá Vamos dar uma olhada onde que tá esse Lucky Block Tá, JP, pelo que eu vi não tem parkour, então acho que é mais fácil É, não tem parkour, então a gente tem que encontrar esse botão Aqui embaixo mesmo, não tem outro lugar que ele possa estar Ah, McFly, certeza que não tem parkour Porque olha a altura que o botão tá ali em cima Só pular Será que dá?""",Avaliador_D,Avaliador_F
5,"O tom da primeira coroa da história dos tampogais, pô Dentro deles tudo eu sou, mas eu Tá bom, então, vamos jogar Ei, mas o meu jogo bugou aqui, olha Não apareceu nenhum meu budo aqui correndo, eu acho que eu não vou conseguir entrar, não, véi Ah, entrou, entrou aqui o mapa, o mapa É a internet do vizinho, tô usando sem ele saber aqui, na próxima eu vou lá reclamar Ué, ajeita a internet aí, tô jogando os tampogais aqui com meu amigo, ô Na próxima não vai bugar não, viu? Eita, mas esses que aí tu ganhou é massa, viu? Jogo um master Eu tô ligado, pô, nada que a lenda já não merecesse, tá ligado? Nada, nada mais do que isso Sei não, viu? Não sei mesmo Ei não, pô, mas fica triste, não, até que olha na tua assim de perto Até que ela é bonitinha, pô Ah, tá se achando demais, ó Se eu fosse desumilde era pra me ter botado, era uma skin especial, mano Pra te humilhar também, eu tava me humilhando demais, mano Mancofinha aí com minha cara Ei, mano, ei, mano Vê como tu me ajudar, cara? Oxa, olha, um budo, olha Olha aí, fala Cara, é porque assim, eu que sou muito novo nesse jogo aqui, sabe? E eu tô cansado, cara, porque todo mundo que vai me ajudar me passa a perna, cara Eu tô só fixo que vai me ajudar e no final eu que sai perdendo, cara Tem como tu me ajudar assim, tu passar um ancal e tal, tem? É, então mano, o cara tá me pedindo ajuda e agora, mano, o que que eu faço? Não, mano, o cara tá de boot, né, velho?",0.386361688375473,0.5446627736091614,0.0689756199717521,NEU,0.3939225673675537,0.0094175972044467,0.049653872847557,0.0062750857323408,0.0489379353821277,0.0043505188077688,0.0150470957159996,0.2524482,meu nome é david,Roblox,STUMBLE GUYS NA VIDA REAL 4  - LAVA LAND [HJJS4vChP8g],,GZ,GZ,GZ,"🎬 Canal: meu nome é david | 🎥 Vídeo: STUMBLE GUYS NA VIDA REAL 4  - LAVA LAND [HJJS4vChP8g]
⏱️ Segmento/Index: 5
──────────────────────────────────────────────────
Fala transcrita:
""O tom da primeira coroa da história dos tampogais, pô Dentro deles tudo eu sou, mas eu Tá bom, então, vamos jogar Ei, mas o meu jogo bugou aqui, olha Não apareceu nenhum meu budo aqui correndo, eu acho que eu não vou conseguir entrar, não, véi Ah, entrou, entrou aqui o mapa, o mapa É a internet do vizinho, tô usando sem ele saber aqui, na próxima eu vou lá reclamar Ué, ajeita a internet aí, tô jogando os tampogais aqui com meu amigo, ô Na próxima não vai bugar não, viu? Eita, mas esses que aí tu ganhou é massa, viu? Jogo um master Eu tô ligado, pô, nada que a lenda já não merecesse, tá ligado? Nada, nada mais do que isso Sei não, viu? Não sei mesmo Ei não, pô, mas fica triste, não, até que olha na tua assim de perto Até que ela é bonitinha, pô Ah, tá se achando demais, ó Se eu fosse desumilde era pra me ter botado, era uma skin especial, mano Pra te humilhar também, eu tava me humilhando demais, mano Mancofinha aí com minha cara Ei, mano, ei, mano Vê como tu me ajudar, cara? Oxa, olha, um budo, olha Olha aí, fala Cara, é porque assim, eu que sou muito novo nesse jogo aqui, sabe? E eu tô cansado, cara, porque todo mundo que vai me ajudar me passa a perna, cara Eu tô só fixo que vai me ajudar e no final eu que sai perdendo, cara Tem como tu me ajudar assim, tu passar um ancal e tal, tem? É, então mano, o cara tá me pedindo ajuda e agora, mano, o que que eu faço? Não, mano, o cara tá de boot, né, velho?""",Avaliador_D,Avaliador_F
5,"Não consigo entender, cara. Esses gráficos pixelados. Meu Deus, cara. O prédio tá caindo, galera. Tá virando de lado, de ponta cabeça. Olha isso. Que isso, mano. Começamos bem. Como que eu saio daqui? Ah, vai capotar tudo, cara. Eu vou morrer depois de ter morrido. Esse jogo aqui se passa depois, né? Do que eu já morri. Mas eu acho que vou morrer de novo. Ó. Uh-oh. Luizinho ali, ó. Que isso? Telefone tocou. Celular. Olá, senhor Tex. É Tex, ele cortou ali, ó. Você está aí? Sim, eu estou, cara. Estou. Ah, legal. E você não está o quê? É, incapacitado. Senhor, está tudo bem aí? Eu ouvi um barulho muito estranho no elevador. E eu não pude perceber se era você ou se eram os cabos do elevador. Ah, cara. Tá complicado, hein?",0.9420080184936525,0.0336735397577285,0.0243184138089418,NEG,0.3375283479690552,0.0024936420377343,0.0283013135194778,0.0022138487547636,0.0362285785377025,0.0127446120604872,0.0069802957586944,0.36095104,Tex HS,Roblox,Fui No Hotel Mais Alto do Mundo [GPaSxaEkG2s],,GZ,GZ,GZ,"🎬 Canal: Tex HS | 🎥 Vídeo: Fui No Hotel Mais Alto do Mundo [GPaSxaEkG2s]
⏱️ Segmento/Index: 5
──────────────────────────────────────────────────
Fala transcrita:
""Não consigo entender, cara. Esses gráficos pixelados. Meu Deus, cara. O prédio tá caindo, galera. Tá virando de lado, de ponta cabeça. Olha isso. Que isso, mano. Começamos bem. Como que eu saio daqui? Ah, vai capotar tudo, cara. Eu vou morrer depois de ter morrido. Esse jogo aqui se passa depois, né? Do que eu já morri. Mas eu acho que vou morrer de novo. Ó. Uh-oh. Luizinho ali, ó. Que isso? Telefone tocou. Celular. Olá, senhor Tex. É Tex, ele cortou ali, ó. Você está aí? Sim, eu estou, cara. Estou. Ah, legal. E você não está o quê? É, incapacitado. Senhor, está tudo bem aí? Eu ouvi um barulho muito estranho no elevador. E eu não pude perceber se era você ou se eram os cabos do elevador. Ah, cara. Tá complicado, hein?""",Avaliador_D,Avaliador_F
8,"Caralho Respeita não tem pra hack não porra hoje também é clube Putozinho A lenda Respeita Eu ainda não sei quem ta pilotando esse avião A lenda Não vem não não vem não eles deixam a mina aqui abortar a missão abortar a missão Tem mina aqui tem mina aqui Oxe mais tema que eu vou voltar não já peguei o lançador já to na metade do caminho já to no ar já vou morrer vou morrer Esse cara fui seguir a casa do cara aqui na moral ai cai pra uma mina agora to aqui no chão vou perder meus pontos e nem salvo aqui não na moral é sério Peraí não era pra vocês terem de atras desse capa do lançador não só pra morrer Ó turzinha aqui ta dizendo que não era pra ter indo não né turzinha Vê naí eu disse Vai salvar vocês mas se vocês ficar caindo não vai salvar não né não vai salvar dessa vez né não Ô ver Ah, o encontrei! E aí, meu pite? Aproveitando que a gente tá aqui sozinho, como é? Me libera um código aí, mano. Pô, mano, nunca te pedi nada, cara. Para de pedir que não tá me vendo, mano. Tu não vai me liberar o código... Ah, não, velho. Vai se matar só pra não liberar o código, mano. Na moral, vou só vai em consideração ao tempo que a gente se conhece, beleza? Aê, não. Mas tu é fuloso, viu, bicho? Poxa, eu tava ali, aí eu apareci aqui do nada. O que é que tá acontecendo? Será que minha mãe pagou a internet esse mês, bicho? Sei lá, velho. Ó, Gene Phillips, eu vou falar só uma vez. Só porque a menina atacou tua vila lá no coimé, se tu fica querendo atrapalhar o meu jogo, bugando o meu jogo. Ó, eu até parado eu tô andando. Isso é matematicamente impossível.",0.8260063529014587,0.0814717710018158,0.0925219282507896,NEG,0.9668708443641664,0.0281464383006095,0.0772306323051452,0.0122518707066774,0.0600338093936443,0.0129180653020739,0.1162548810243606,0.681338,meu nome é david,Roblox,FREE FIRE BATTLEGROUNDS NA VIDA REAL 10 [YkxB7tZIQV8],,T,T,T,"🎬 Canal: meu nome é david | 🎥 Vídeo: FREE FIRE BATTLEGROUNDS NA VIDA REAL 10 [YkxB7tZIQV8]
⏱️ Segmento/Index: 8
──────────────────────────────────────────────────
Fala transcrita:
""Caralho Respeita não tem pra hack não porra hoje também é clube Putozinho A lenda Respeita Eu ainda não sei quem ta pilotando esse avião A lenda Não vem não não vem não eles deixam a mina aqui abortar a missão abortar a missão Tem mina aqui tem mina aqui Oxe mais tema que eu vou voltar não já peguei o lançador já to na metade do caminho já to no ar já vou morrer vou morrer Esse cara fui seguir a casa do cara aqui na moral ai cai pra uma mina agora to aqui no chão vou perder meus pontos e nem salvo aqui não na moral é sério Peraí não era pra vocês terem de atras desse capa do lançador não só pra morrer Ó turzinha aqui ta dizendo que não era pra ter indo não né turzinha Vê naí eu disse Vai salvar vocês mas se vocês ficar caindo não vai salvar não né não vai salvar dessa vez né não Ô ver Ah, o encontrei! E aí, meu pite? Aproveitando que a gente tá aqui sozinho, como é? Me libera um código aí, mano. Pô, mano, nunca te pedi nada, cara. Para de pedir que não tá me vendo, mano. Tu não vai me liberar o código... Ah, não, velho. Vai se matar só pra não liberar o código, mano. Na moral, vou só vai em consideração ao tempo que a gente se conhece, beleza? Aê, não. Mas tu é fuloso, viu, bicho? Poxa, eu tava ali, aí eu apareci aqui do nada. O que é que tá acontecendo? Será que minha mãe pagou a internet esse mês, bicho? Sei lá, velho. Ó, Gene Phillips, eu vou falar só uma vez. Só porque a menina atacou tua vila lá no coimé, se tu fica querendo atrapalhar o meu jogo, bugando o meu jogo. Ó, eu até parado eu tô andando. Isso é matematicamente impossível.""",Avaliador_D,Avaliador_F
7,"Não sei, Ju Não dá pra fechar, tá, beleza Ok, vamos ter que explorar agora Ih, mas eu tô com muita fome, Ju Aqui, gente Eu vou morrer de fome Eu tenho aqui, vem aqui Então, eu morri Morri e não de fome, gente De queda mesmo Nossa, mãe, mas não era pra você sair assim, pulando Como um avatar Cadê você? Aqui Toma Vamos entrar nessa casa aqui e ver se tem alguma coisa Você pegou a melancia? Você não pegou a minha melancia? Ah, você jogou a melancia? Nossa, que fã de educação Desculpa, gente, melancia adoro Só que não Toma melancia Tinha uma coisa melhor? Não, gente, eu não gosto de melancia Tá desrespeitando minha melancia, não acredito A Ju ama melancia Nossa, não dou mais melancia Gente, sério, eu já tentei comer várias vezes, as pessoas comem com muita vontade Mas eu não consigo gostar, não adianta Melancia é muito bom Melancia, vou pegar mais Agora você quer a melancia? A única coisa que tem pra comer, gente O que você tá fazendo?",0.4978366196155548,0.4239995777606964,0.0781637877225875,NEG,0.3266060650348663,0.0086424574255943,0.051777858287096,0.0080441189929842,0.0374331437051296,0.0036921091377735,0.0078544477000832,0.23812068,Julia MineGirl,Roblox,MOBS GIGANTES NO MINECRAFT [zRyr0jemQWM],,GZ,GZ,GZ,"🎬 Canal: Julia MineGirl | 🎥 Vídeo: MOBS GIGANTES NO MINECRAFT [zRyr0jemQWM]
⏱️ Segmento/Index: 7
──────────────────────────────────────────────────
Fala transcrita:
""Não sei, Ju Não dá pra fechar, tá, beleza Ok, vamos ter que explorar agora Ih, mas eu tô com muita fome, Ju Aqui, gente Eu vou morrer de fome Eu tenho aqui, vem aqui Então, eu morri Morri e não de fome, gente De queda mesmo Nossa, mãe, mas não era pra você sair assim, pulando Como um avatar Cadê você? Aqui Toma Vamos entrar nessa casa aqui e ver se tem alguma coisa Você pegou a melancia? Você não pegou a minha melancia? Ah, você jogou a melancia? Nossa, que fã de educação Desculpa, gente, melancia adoro Só que não Toma melancia Tinha uma coisa melhor? Não, gente, eu não gosto de melancia Tá desrespeitando minha melancia, não acredito A Ju ama melancia Nossa, não dou mais melancia Gente, sério, eu já tentei comer várias vezes, as pessoas comem com muita vontade Mas eu não consigo gostar, não adianta Melancia é muito bom Melancia, vou pegar mais Agora você quer a melancia? A única coisa que tem pra comer, gente O que você tá fazendo?""",Avaliador_D,Avaliador_F
1,"Eu vou pegar e tacar poção de invisibilidade e vou tá tomando balde também de leite. pra eles me vêm um lugar do nada e eu doter em outro lugar e com essa poção meu objetivo era aparecer atrás deles do nada será que eles vão se assustar? então agora é só eu esperar eles olharem pra cá pra eu começar a fazer isso ô mofinha, aquela sua coleção de cabeça que você falou que você tem ó mané, é dentro da tartaruga mano ah, mas o que é aquilo ali mano? ali na árvore? tá vendo alguma coisa? pera ué vou tacar aqui e vou sumir ué ué desapareceu ué eu acho que a gente tá ficando louco ué, os dois juntos? é talvez, eu não sei, bug foi do... é do baianco mano guarda baianco é talvez o baianco, vamos ver aí parece que é aqui do lado agora tá, já me posicionei agora eu vou pegar e tomar o leite e vou voltar olhando pra eles ai, desapareceu ali de novo, vai-se ué eu acho que... eu acho que talvez não é um bug mufin acho que é melhor a gente...",0.2949875891208648,0.627705454826355,0.0773069113492965,NEU,0.3463217914104461,0.0063941380940377,0.0498797893524169,0.0053546670824289,0.0470470935106277,0.0174093209207057,0.0057298499159514,0.3827457,Cadres,Minecraft,FINGI SER O HUGGY E ASSUSTEI MEUS AMIGOS no Minecraft [qVlwO00NCoc],,GZ,GZ,GZ,"🎬 Canal: Cadres | 🎥 Vídeo: FINGI SER O HUGGY E ASSUSTEI MEUS AMIGOS no Minecraft [qVlwO00NCoc]
⏱️ Segmento/Index: 1
──────────────────────────────────────────────────
Fala transcrita:
""Eu vou pegar e tacar poção de invisibilidade e vou tá tomando balde também de leite. pra eles me vêm um lugar do nada e eu doter em outro lugar e com essa poção meu objetivo era aparecer atrás deles do nada será que eles vão se assustar? então agora é só eu esperar eles olharem pra cá pra eu começar a fazer isso ô mofinha, aquela sua coleção de cabeça que você falou que você tem ó mané, é dentro da tartaruga mano ah, mas o que é aquilo ali mano? ali na árvore? tá vendo alguma coisa? pera ué vou tacar aqui e vou sumir ué ué desapareceu ué eu acho que a gente tá ficando louco ué, os dois juntos? é talvez, eu não sei, bug foi do... é do baianco mano guarda baianco é talvez o baianco, vamos ver aí parece que é aqui do lado agora tá, já me posicionei agora eu vou pegar e tomar o leite e vou voltar olhando pra eles ai, desapareceu ali de novo, vai-se ué eu acho que... eu acho que talvez não é um bug mufin acho que é melhor a gente...""",Avaliador_D,Avaliador_F
17,"Eu não acredito nisso Eles me falaram que eu construí a maior estátua do mundo e constroi isso Mas a gente falou que a gente fez outra Vamos ver o que eles vão fazer agora, galera Mas enfim, K.R., eu acho que já está na hora Da gente construir o nosso portal e zerar o Minecraft Tá, você tem razão Deixa eu pegar aqui nossas ubisides e fazer o portalzinho Olha, agora eles estão fazendo o portal para o Nether Eles vão para o Nether, vou ficar escondido aqui Eu vou atrás também e vou trollar eles Eu vou virar agora o Chucky Agora eu posso virar o Chucky para assustar eles Estou entrando no portal, vou para o Nether O K.R. acharam uma fortaleza Aí até que enfim, a gente achou, K.R., tá aqui Vamos pegar os Blazes então que a gente vai precisar de bastante Encontrei eles, eles estão aqui na fortaleza com os Blazes Eu vou esperar aparecer mais uns Blazes e aí vou colocar TNT lá Agora, agora é a minha chance O que é isso aqui, mano? TNT, TNT, um bonequinho colocando aqui Ai, vou explodir tudo, K.R. Não, não, não, K.R., você é derrotado Ai, eu também, eu não acredito Posso explodir eles e eles morreram Mas vocês ouviram isso, galera? Eles estão indo para o End A gente tem que chegar no End antes deles e virar dragão Vai ser a melhor trollagem de todas Ô, Chucky, o que você está tentando com o Blaze e o bonequinho?",0.2486866116523742,0.5932711958885193,0.1580421477556228,NEU,0.3444523811340332,0.0121172070503234,0.0544050373136997,0.0064834328368306,0.0524571202695369,0.0105596277862787,0.0046852701343595,0.2854733,Athos,Minecraft,24 HORAS ENGANANDO SUPER HERÓIS NO MINECRAFT [JhMUaIRqNlE],,GZ,GZ,GZ,"🎬 Canal: Athos | 🎥 Vídeo: 24 HORAS ENGANANDO SUPER HERÓIS NO MINECRAFT [JhMUaIRqNlE]
⏱️ Segmento/Index: 17
──────────────────────────────────────────────────
Fala transcrita:
""Eu não acredito nisso Eles me falaram que eu construí a maior estátua do mundo e constroi isso Mas a gente falou que a gente fez outra Vamos ver o que eles vão fazer agora, galera Mas enfim, K.R., eu acho que já está na hora Da gente construir o nosso portal e zerar o Minecraft Tá, você tem razão Deixa eu pegar aqui nossas ubisides e fazer o portalzinho Olha, agora eles estão fazendo o portal para o Nether Eles vão para o Nether, vou ficar escondido aqui Eu vou atrás também e vou trollar eles Eu vou virar agora o Chucky Agora eu posso virar o Chucky para assustar eles Estou entrando no portal, vou para o Nether O K.R. acharam uma fortaleza Aí até que enfim, a gente achou, K.R., tá aqui Vamos pegar os Blazes então que a gente vai precisar de bastante Encontrei eles, eles estão aqui na fortaleza com os Blazes Eu vou esperar aparecer mais uns Blazes e aí vou colocar TNT lá Agora, agora é a minha chance O que é isso aqui, mano? TNT, TNT, um bonequinho colocando aqui Ai, vou explodir tudo, K.R. Não, não, não, K.R., você é derrotado Ai, eu também, eu não acredito Posso explodir eles e eles morreram Mas vocês ouviram isso, galera? Eles estão indo para o End A gente tem que chegar no End antes deles e virar dragão Vai ser a melhor trollagem de todas Ô, Chucky, o que você está tentando com o Blaze e o bonequinho?""",Avaliador_D,Avaliador_F
9,"Ok! Vamos então! Uh... Surpresa de pet! Escolha o pet Mega Neon que você quiser! Eu quero uma girafa! Então eu cliquei em clan! E parece que eu já ganhei a girafa! Ah! Eu tenho que ir até o outro lado pra conseguir o pet! Um, dois, três, quatro, cinco, seis, sete, oito... E eu cheguei até o final! E pronto! Uh... Tá pedindo pra eu colocar a minha senha do Roblox aqui! Que eu não vou fazer isso de jeito nenhum, pessoal! Tá na cara que é uma enganação? Se eu colocar a minha senha aqui, a minha conta vai ser hackeada!",0.1000581979751586,0.7989765405654907,0.1009652838110923,NEU,0.2062353491783142,0.0015912487870082,0.033025000244379,0.0011690858518704,0.0295968223363161,0.0100303944200277,0.0029965860303491,0.30452284,Papile,Roblox,GANHE PETS GRÁTIS NO ADOPT ME TRUQUES DO ROBLOX [dujKPs-fw_I],,GZ,GZ,GZ,"🎬 Canal: Papile | 🎥 Vídeo: GANHE PETS GRÁTIS NO ADOPT ME TRUQUES DO ROBLOX [dujKPs-fw_I]
⏱️ Segmento/Index: 9
──────────────────────────────────────────────────
Fala transcrita:
""Ok! Vamos então! Uh... Surpresa de pet! Escolha o pet Mega Neon que você quiser! Eu quero uma girafa! Então eu cliquei em clan! E parece que eu já ganhei a girafa! Ah! Eu tenho que ir até o outro lado pra conseguir o pet! Um, dois, três, quatro, cinco, seis, sete, oito... E eu cheguei até o final! E pronto! Uh... Tá pedindo pra eu colocar a minha senha do Roblox aqui! Que eu não vou fazer isso de jeito nenhum, pessoal! Tá na cara que é uma enganação? Se eu colocar a minha senha aqui, a minha conta vai ser hackeada!""",Avaliador_D,Avaliador_F
11,"E agora, cara, morreu todo mundo, olha só, ficou eu e tu que nem antes, e agora, e agora? Oxe, mas relaxa, pô, tu não lembra não de todas as vezes que a gente deu buia, não, pô? Nós éramos bom, pô! Nós era? Nós era? Nós somos bons! Pois é, pois é, isso aí mesmo, pô, nós é imparável, incansável, tá ligado? Imbatível, indestrutível! É o cara da luva de prender o melhor do mundo, graças a Deus, pai! Tá com medo do quê? Pois é, somos imparáveis, pô, imbatíveis! Vai ter medo de quê? Tu já viu o trem tremer, rapaz? Trem no trem minuca! Eita, mulher, lá vem um esquadrinho todo ali! E agora o que é que nós vamos fazer? Nossos fotos! Não, pera, pera, você vai pensar, viu? Se tudo é isso, nós já vamos quebrar os caras, tá? Pronto, já sei, vamos se fingir de morto, pô, tá ligado? Os caras, como é que os caras vão matar quem já tá morto, pô? Oxe! Muito esperto, vai, vai, vai! Olha aí, o que é que tu acha da minha imitação? O que é que tu acha? Ficou boa? Não, não, não, fica mais exagerado, pô, bota a mão no peito, tá ligado?",0.1693738251924514,0.7343835830688477,0.0962426215410232,NEU,0.5613572001457214,0.0026044335681945,0.0235148724168539,0.0009355609654448,0.0245332084596157,0.0889733657240867,0.0709877088665962,0.2820025,meu nome é david,Roblox,FREE FIRE BATTLEGROUNDS NA VIDA REAL 14 [q3jlbXreTt4],,GZ,GZ,GZ,"🎬 Canal: meu nome é david | 🎥 Vídeo: FREE FIRE BATTLEGROUNDS NA VIDA REAL 14 [q3jlbXreTt4]
⏱️ Segmento/Index: 11
──────────────────────────────────────────────────
Fala transcrita:
""E agora, cara, morreu todo mundo, olha só, ficou eu e tu que nem antes, e agora, e agora? Oxe, mas relaxa, pô, tu não lembra não de todas as vezes que a gente deu buia, não, pô? Nós éramos bom, pô! Nós era? Nós era? Nós somos bons! Pois é, pois é, isso aí mesmo, pô, nós é imparável, incansável, tá ligado? Imbatível, indestrutível! É o cara da luva de prender o melhor do mundo, graças a Deus, pai! Tá com medo do quê? Pois é, somos imparáveis, pô, imbatíveis! Vai ter medo de quê? Tu já viu o trem tremer, rapaz? Trem no trem minuca! Eita, mulher, lá vem um esquadrinho todo ali! E agora o que é que nós vamos fazer? Nossos fotos! Não, pera, pera, você vai pensar, viu? Se tudo é isso, nós já vamos quebrar os caras, tá? Pronto, já sei, vamos se fingir de morto, pô, tá ligado? Os caras, como é que os caras vão matar quem já tá morto, pô? Oxe! Muito esperto, vai, vai, vai! Olha aí, o que é que tu acha da minha imitação? O que é que tu acha? Ficou boa? Não, não, não, fica mais exagerado, pô, bota a mão no peito, tá ligado?""",Avaliador_D,Avaliador_F
21,Tem algo diferente para a gente resolver primeiro. Tem que descobrir o que que é. Ali ó. Vocês estão vendo ali pessoal o negócio ali ó. Tá mais baixo né. Aqui ele talvez dê certo. Cara não vai capotar o negócio. Aqui ó. Isso aqui tá muito fácil. Calma passou passou. Voltou. Assim tá bom né. Tá bom né. Tá bom. Ó tô girando. Não eu grudei no balde eu acho. Isso isso. Dá licença cara. Isso o que eu consegui galera. Não era para girar não era só para quebrar mesmo. Agora eu imagino que isso aqui vai alagar e eu vou poder pegar o próximo. Isso boa. Inclusive a gente pode sair daqui agora não pode não.,0.2411007434129715,0.6262713074684143,0.1326279491186142,NEU,0.0040291510522365,0.000471834820928,0.0061755231581628,0.0002640049206092,0.0031412558164447,0.0006945195491425,0.0006586104864254,0.13214645,Tex HS,Roblox,FINAL a GANGUE PEIXE vai deixar saudades I am Fish  Parte 5 [eA3bewHYFF0],,NT,NT,NT,"🎬 Canal: Tex HS | 🎥 Vídeo: FINAL a GANGUE PEIXE vai deixar saudades I am Fish  Parte 5 [eA3bewHYFF0]
⏱️ Segmento/Index: 21
──────────────────────────────────────────────────
Fala transcrita:
""Tem algo diferente para a gente resolver primeiro. Tem que descobrir o que que é. Ali ó. Vocês estão vendo ali pessoal o negócio ali ó. Tá mais baixo né. Aqui ele talvez dê certo. Cara não vai capotar o negócio. Aqui ó. Isso aqui tá muito fácil. Calma passou passou. Voltou. Assim tá bom né. Tá bom né. Tá bom. Ó tô girando. Não eu grudei no balde eu acho. Isso isso. Dá licença cara. Isso o que eu consegui galera. Não era para girar não era só para quebrar mesmo. Agora eu imagino que isso aqui vai alagar e eu vou poder pegar o próximo. Isso boa. Inclusive a gente pode sair daqui agora não pode não.""",Avaliador_D,Avaliador_F
10,"a família piga de verdade tá presa e a do mal tá solta nossa, depois de 42 anos de história a peppa não estava comendo comida normal é, pela coloração disso oh não, ela tomou uma comida tóxica e acabou virando a peppa do mal graças a essas pessoas que se transformam que? eu não tô entendendo nada eu não tô entendendo nada gente primeiro eu achei que a peppa era do mal, depois eu vi que ela não era do mal, agora ela é do mal de novo eu não, eu não sei, eu não sei, sabe o que a gente vai ter que fazer?",0.98446387052536,0.0114540439099073,0.0040820017457008,NEG,0.3073272407054901,0.0004886378301307,0.0275598317384719,0.0053275688551366,0.1890068650245666,0.0010113077005371,0.0033145169727504,0.39441586,Papile,Roblox,A VERDADEIRA HISTÓRIA DA PIGGY do ROBLOX CAPÍTULO 1  Vídeo Reagindo [WY2geSdZSiA],,GZ,GZ,GZ,"🎬 Canal: Papile | 🎥 Vídeo: A VERDADEIRA HISTÓRIA DA PIGGY do ROBLOX CAPÍTULO 1  Vídeo Reagindo [WY2geSdZSiA]
⏱️ Segmento/Index: 10
──────────────────────────────────────────────────
Fala transcrita:
""a família piga de verdade tá presa e a do mal tá solta nossa, depois de 42 anos de história a peppa não estava comendo comida normal é, pela coloração disso oh não, ela tomou uma comida tóxica e acabou virando a peppa do mal graças a essas pessoas que se transformam que? eu não tô entendendo nada eu não tô entendendo nada gente primeiro eu achei que a peppa era do mal, depois eu vi que ela não era do mal, agora ela é do mal de novo eu não, eu não sei, eu não sei, sabe o que a gente vai ter que fazer?""",Avaliador_D,Avaliador_F
0,"Meu Deus, meu senhor, me ajuda, por favor, é na escola",0.2195357978343963,0.7138823866844177,0.0665817782282829,NEU,0.0247047618031501,0.0004559789376799,0.0169927142560482,0.0004531943413894,0.007407883182168,0.0009134323336184,0.0021028916817158,0.019854378,Amy Scarlet,Roblox,Alguém está com esse problema Hahaha [N-Xv2401JJo],,NT,NT,NT,"🎬 Canal: Amy Scarlet | 🎥 Vídeo: Alguém está com esse problema Hahaha [N-Xv2401JJo]
⏱️ Segmento/Index: 0
──────────────────────────────────────────────────
Fala transcrita:
""Meu Deus, meu senhor, me ajuda, por favor, é na escola""",Avaliador_D,Avaliador_F
14,"olha olha a mini lima uau pegou a murder uau agora é tu lulu agora é tu gente por favor que seja eu agora agora é tu lulu agora é tu vamos ver se eu vou conseguir ser a heroina? provavelmente não né mas vamos ver quem sabe a murder pega todo mundo rápido e ai a proxima você sera com certeza pode ser que eu queria tanto ser nesse estúdio esse estúdio. Eu também, mas a gente bota de novo dele, tá bom, Luca? Se tiver, né, mames? Vai ter, vai ter, que eu tenho... What to do, what to do, what to do... Cadê xerefe? Cadê tu xerefe? Mames, eu tô fazendo parkour, muito louco aqui. Já viu esse parque? Você tá numa sala de reuniões? Não. Não? Tô fazendo aqui o parkour, mame. Parkour de que, Luca? De doces? O parkour, o par... Ai, eu matei com ela aqui, a morderei com aquele manequim, sabe, aquele que tem um corpo de manequim? Ah, sei, sei, um corpo de manequim. Olha, pegaram, pegaram, pega-te! Não, mas elas não pegaram não.",0.1239066869020462,0.6565345525741577,0.2195587009191513,NEU,0.8759885430335999,0.0037166271358728,0.039922472089529,0.0017631287919357,0.2209592014551162,0.1329052597284317,0.0048650251701474,0.4475325,Luluca Games,Roblox,Roblox - UMA BRUXA MUITO ATRAPALHADA NO MURDER Murder Mystery 2  Luluca Games [kuhvlShcXxE],0.1239067837595939,T,T,T,"🎬 Canal: Luluca Games | 🎥 Vídeo: Roblox - UMA BRUXA MUITO ATRAPALHADA NO MURDER Murder Mystery 2  Luluca Games [kuhvlShcXxE]
⏱️ Segmento/Index: 14
──────────────────────────────────────────────────
Fala transcrita:
""olha olha a mini lima uau pegou a murder uau agora é tu lulu agora é tu gente por favor que seja eu agora agora é tu lulu agora é tu vamos ver se eu vou conseguir ser a heroina? provavelmente não né mas vamos ver quem sabe a murder pega todo mundo rápido e ai a proxima você sera com certeza pode ser que eu queria tanto ser nesse estúdio esse estúdio. Eu também, mas a gente bota de novo dele, tá bom, Luca? Se tiver, né, mames? Vai ter, vai ter, que eu tenho... What to do, what to do, what to do... Cadê xerefe? Cadê tu xerefe? Mames, eu tô fazendo parkour, muito louco aqui. Já viu esse parque? Você tá numa sala de reuniões? Não. Não? Tô fazendo aqui o parkour, mame. Parkour de que, Luca? De doces? O parkour, o par... Ai, eu matei com ela aqui, a morderei com aquele manequim, sabe, aquele que tem um corpo de manequim? Ah, sei, sei, um corpo de manequim. Olha, pegaram, pegaram, pega-te! Não, mas elas não pegaram não.""",Avaliador_D,Avaliador_F
0,"Com certeza você já conhece a elytra do Minecraft, mas você já imaginou em fazer uma elytra do Geleia e uma elytra do Vinícius XIII? É exatamente isso que a gente vai fazer hoje! E o melhor, cada elytra vai te dar uma habilidade especial! Mas e agora? O que será que deve acontecer se a gente usar uma elytra do TazerCraft e uma elytra do Jazz Ghost? Fica até o final do vídeo pra descobrir! E antes de começar o vídeo, já deixa o seu like e se inscreva no canal! Aproveitando o sininho pra não perder nenhum vídeo! Falta pouquinho pra gente chegar a 1 milhão de inscritos aqui no canal! Compartilha esse vídeo pra algum amigo seu pra ajudar! Então é isso galera, vamos falar de enrolação e vamos testar essas elytras dos youtubers aqui no Minecraft! Rimaro Black, estamos aqui hoje para testar as elytras customizadas dos youtubers aqui no Minecraft! Elytras dos youtubers, Marcelo? Dois youtubers!",0.0278814379125833,0.8740307688713074,0.0980878472328186,NEU,0.0007329624495469,0.0020979463588446,0.0136828226968646,0.0023688201326876,0.0117554198950529,0.0012009821366518,0.0005496397498063,0.12086493,Marcelodrv,Minecraft,minecraft mas YOUTUBERS são ELYTRAS customizadas [uv27O2_iDT0],,NT,NT,NT,"🎬 Canal: Marcelodrv | 🎥 Vídeo: minecraft mas YOUTUBERS são ELYTRAS customizadas [uv27O2_iDT0]
⏱️ Segmento/Index: 0
──────────────────────────────────────────────────
Fala transcrita:
""Com certeza você já conhece a elytra do Minecraft, mas você já imaginou em fazer uma elytra do Geleia e uma elytra do Vinícius XIII? É exatamente isso que a gente vai fazer hoje! E o melhor, cada elytra vai te dar uma habilidade especial! Mas e agora? O que será que deve acontecer se a gente usar uma elytra do TazerCraft e uma elytra do Jazz Ghost? Fica até o final do vídeo pra descobrir! E antes de começar o vídeo, já deixa o seu like e se inscreva no canal! Aproveitando o sininho pra não perder nenhum vídeo! Falta pouquinho pra gente chegar a 1 milhão de inscritos aqui no canal! Compartilha esse vídeo pra algum amigo seu pra ajudar! Então é isso galera, vamos falar de enrolação e vamos testar essas elytras dos youtubers aqui no Minecraft! Rimaro Black, estamos aqui hoje para testar as elytras customizadas dos youtubers aqui no Minecraft! Elytras dos youtubers, Marcelo? Dois youtubers!""",Avaliador_D,Avaliador_F
1,"Naru, opa Opa, tudo bom Cadris? Bom, ô Naru, eu quero te fazer uma pergunta e eu quero que você seja sincero O que é que foi? Você tá me trollando? Quê? Tá me trollando? Você tá vestido assim de um bicho e fica me atentando, colocando placa na minha casa, essas coisas? Bicho? Que bicho, cara? Não sei, porque tipo, eu mal reparei, mas tipo meus inscritos viram e eles falaram pra mim Eu quero saber se você tá fazendo alguma coisa, me conta Maluco, meu irmão, não tô fazendo nada não, cara Tá Olha, ó pra minha cara, vê se eu tenho tempo de ficar trollando alguém Hmm, deixa eu olhar bem É, não tem muita cara não, mas vai saber né, vai saber Mas então Cadris, o que é que é aquilo ali? Você me assustou velho, eu achei que era o bicho Eu quero falar com você sobre aquele bicho Você já viu aquele bicho, velho? Se não é você que tá me trollando, você já viu ele? Pera aí, calma lá Cadris, calma lá Mas que bicho é que você tá falando, velho?",0.392938882112503,0.5590595006942749,0.048001654446125,NEU,0.5639714002609253,0.0038926068227738,0.0403091870248317,0.0050942082889378,0.0618930533528327,0.0025033347774297,0.0109628550708293,0.36095104,Cadres,Minecraft,SE VOCÊ VER ESSE MONSTRO NO MINECRAFT 1.18 CORRA IMEDIATAMENTE - 4 BlockTeam [yHhR315304w],,GZ,GZ,GZ,"🎬 Canal: Cadres | 🎥 Vídeo: SE VOCÊ VER ESSE MONSTRO NO MINECRAFT 1.18 CORRA IMEDIATAMENTE - 4 BlockTeam [yHhR315304w]
⏱️ Segmento/Index: 1
──────────────────────────────────────────────────
Fala transcrita:
""Naru, opa Opa, tudo bom Cadris? Bom, ô Naru, eu quero te fazer uma pergunta e eu quero que você seja sincero O que é que foi? Você tá me trollando? Quê? Tá me trollando? Você tá vestido assim de um bicho e fica me atentando, colocando placa na minha casa, essas coisas? Bicho? Que bicho, cara? Não sei, porque tipo, eu mal reparei, mas tipo meus inscritos viram e eles falaram pra mim Eu quero saber se você tá fazendo alguma coisa, me conta Maluco, meu irmão, não tô fazendo nada não, cara Tá Olha, ó pra minha cara, vê se eu tenho tempo de ficar trollando alguém Hmm, deixa eu olhar bem É, não tem muita cara não, mas vai saber né, vai saber Mas então Cadris, o que é que é aquilo ali? Você me assustou velho, eu achei que era o bicho Eu quero falar com você sobre aquele bicho Você já viu aquele bicho, velho? Se não é você que tá me trollando, você já viu ele? Pera aí, calma lá Cadris, calma lá Mas que bicho é que você tá falando, velho?""",Avaliador_D,Avaliador_F
9,continuando com essa série então mano se gostou deixa o like e se inscreve no canal de notificações e segue no instagram até o próximo vídeo e tchau tchau,0.0482078418135643,0.813579261302948,0.138212963938713,NEU,0.002757609123364,0.0019501035567373,0.0236092787235975,0.0026096461806446,0.0178682748228311,0.0011045208666473,0.001166415750049,0.15490346,Geleia,Minecraft,Sobrevivendo em APENAS UM CHUNCK no Minecraft [VwwBTO42d_E],,NT,NT,NT,"🎬 Canal: Geleia | 🎥 Vídeo: Sobrevivendo em APENAS UM CHUNCK no Minecraft [VwwBTO42d_E]
⏱️ Segmento/Index: 9
──────────────────────────────────────────────────
Fala transcrita:
""continuando com essa série então mano se gostou deixa o like e se inscreve no canal de notificações e segue no instagram até o próximo vídeo e tchau tchau""",Avaliador_D,Avaliador_F
0,"a cada minuto que passa o Minecraft fica mais assustador e o meu objetivo vai ser conseguir um diamante e a primeira coisa que eu vou pegar vai ser madeira para conseguir cra... AI! QUE ISSO?! APARECEU UM PALHAÇO ASSASSINO AQUI ATRÁS DE MIM COM 3 CABEÇAS AI! FOGE DELE! e... ele sumiu? AI! MAS AQUI UM MINUTO VAI APARECER OUTRO preciso achar esse diamante logo ai, será que nessa caverna eu encontro algum diamante? tem uma placa aqui, e... espelho mágico será que se eu pedir pra esse espelho ele me dá um diamante? AI! QUE ISSO?! É UM ESPELHO ASSUSTADOR ISSO DAÍ! ah, quer saber? Eu cansei eu vou tentar achar um diamante nessa vila e olha, tem um villager aqui, será que ele não troca nada por diamantes? ah, eu vou falar com ele AH! QUE ISSO?! ESSE VILLAGER AQUI É DO TERROR! ah, eu não quero mais ficar nesse mundo EU VOU EMBORA! NU",0.4672593772411346,0.4706833958625793,0.0620572231709957,NEU,0.8845015168190002,0.0067210597917437,0.0794950425624847,0.0036416486836969,0.057132963091135,0.0302670765668153,0.0122494595125317,0.568186,Cadres,Minecraft,A CADA MINUTO FICA MAIS ASSUSTADOR minecraft shorts [PaYlFjR5Oeg],,T,T,T,"🎬 Canal: Cadres | 🎥 Vídeo: A CADA MINUTO FICA MAIS ASSUSTADOR minecraft shorts [PaYlFjR5Oeg]
⏱️ Segmento/Index: 0
──────────────────────────────────────────────────
Fala transcrita:
""a cada minuto que passa o Minecraft fica mais assustador e o meu objetivo vai ser conseguir um diamante e a primeira coisa que eu vou pegar vai ser madeira para conseguir cra... AI! QUE ISSO?! APARECEU UM PALHAÇO ASSASSINO AQUI ATRÁS DE MIM COM 3 CABEÇAS AI! FOGE DELE! e... ele sumiu? AI! MAS AQUI UM MINUTO VAI APARECER OUTRO preciso achar esse diamante logo ai, será que nessa caverna eu encontro algum diamante? tem uma placa aqui, e... espelho mágico será que se eu pedir pra esse espelho ele me dá um diamante? AI! QUE ISSO?! É UM ESPELHO ASSUSTADOR ISSO DAÍ! ah, quer saber? Eu cansei eu vou tentar achar um diamante nessa vila e olha, tem um villager aqui, será que ele não troca nada por diamantes? ah, eu vou falar com ele AH! QUE ISSO?! ESSE VILLAGER AQUI É DO TERROR! ah, eu não quero mais ficar nesse mundo EU VOU EMBORA! NU""",Avaliador_D,Avaliador_F
3,"E Beto, eu já encontrei uma estrutura subterrânea deixada pelo Herobrine, é como se fosse o templo desse fantasma, inclusive acho bom a gente dar uma olhada pra ver se continua da mesma maneira que eu encontrei. Nossa, vou matar essa vaca de olhos brancos. Cara, sempre aparece isso e essa lava fica aqui, isso é bizarro. Essa lava é estranha porque a gente não toma dano, mas foi aqui, tinha uma casa abandonada nesse lugar. Eu quebrei a casa e encontrei uma estrutura deixada pelo fantasma, eu tô sem picareta, você tem aí? Olha, comigo eu também não tenho, pera, eu vou fazer uma rápida aqui, Robin, pera aí. Já faz uma picareta aí, Beto, porque a gente quebra e opa, os blocos ficaram invisíveis, e quando isso acontece eu consigo ver, eu consigo ver a estrutura aqui embaixo. E aí, mas o que você tá vendo? Parece que tá tudo normal, do jeito que eu encontrei. Olha Robin, eu peguei três pedras, fica com a de madeira aí, mas eu vou fazer a picareta de pedra já.",0.4205792844295501,0.447289764881134,0.132130965590477,NEU,0.235862910747528,0.0015353916678577,0.0041196192614734,0.0112335281446576,0.0479509830474853,0.0273687653243541,0.0014550933847203,0.31686464,Robin Hood Gamer,Minecraft,DESENTERREI OS ANIMATRONICS DO HEROBRINE - Minecraft Herobrine 36 [afPH6Sxzcog],,GZ,GZ,GZ,"🎬 Canal: Robin Hood Gamer | 🎥 Vídeo: DESENTERREI OS ANIMATRONICS DO HEROBRINE - Minecraft Herobrine 36 [afPH6Sxzcog]
⏱️ Segmento/Index: 3
──────────────────────────────────────────────────
Fala transcrita:
""E Beto, eu já encontrei uma estrutura subterrânea deixada pelo Herobrine, é como se fosse o templo desse fantasma, inclusive acho bom a gente dar uma olhada pra ver se continua da mesma maneira que eu encontrei. Nossa, vou matar essa vaca de olhos brancos. Cara, sempre aparece isso e essa lava fica aqui, isso é bizarro. Essa lava é estranha porque a gente não toma dano, mas foi aqui, tinha uma casa abandonada nesse lugar. Eu quebrei a casa e encontrei uma estrutura deixada pelo fantasma, eu tô sem picareta, você tem aí? Olha, comigo eu também não tenho, pera, eu vou fazer uma rápida aqui, Robin, pera aí. Já faz uma picareta aí, Beto, porque a gente quebra e opa, os blocos ficaram invisíveis, e quando isso acontece eu consigo ver, eu consigo ver a estrutura aqui embaixo. E aí, mas o que você tá vendo? Parece que tá tudo normal, do jeito que eu encontrei. Olha Robin, eu peguei três pedras, fica com a de madeira aí, mas eu vou fazer a picareta de pedra já.""",Avaliador_D,Avaliador_F
7,"Vou pegar minhas batatas aqui, ó. E o que mais que eu tenho? O meu mapa, pelo menos ficou ali, né. Minha batata, minha espadinha de diamante. Vivo que vou, na cara e na coragem. Vamos subir e enfrentar esse amigão. Apareceu até um zumbi aqui, galera. Do nada. Vai fora, meu querido. Tô nervoso, hein. Já vou avisando. Pra falar a verdade, eu tava com esperança de conseguir um pouco do meu loot ainda, cara. Vai que eu consigo, né. Porque se eu voltar rapidinho, pode ser que ainda tenha um pouco de loot ali, ó. Cadê o bonitão? Vem. Cadê você aí, cara? Ah, ele tá lá em cima, ó. Oh, meu. O machadinho tá ali. Dá uns bloquinhos, cara. Acho que agora vai dar bom. Vem, vem, vem. Oh, meu loot tá aqui, ó. Tô na, tô na, tô na. Qual que eu tenho que bater aqui? Eu nem sei o que eu tenho que bater, cara. Vem. Eu não sei qual que eu tenho que bater. Esse aqui, ó. Isso. Morreu. Ah, ele perdeu o escudo dele agora. Beleza. Menos mal. Calma, calma. Eu não sei por onde ele teleportou. Ai, zumbizinho.",0.2712148129940033,0.6049714088439941,0.1238137781620025,NEU,0.5569207072257996,0.0034663658589124,0.0504736900329589,0.0034271017648279,0.098781332373619,0.0216149613261222,0.0192873422056436,0.2854903,Tex HS,Roblox,O REI ZÉ FLECHINHA não me dá paz Minecraft Twilight Forest  Parte 3 [1Wg5-zjwrCE],,GZ,GZ,GZ,"🎬 Canal: Tex HS | 🎥 Vídeo: O REI ZÉ FLECHINHA não me dá paz Minecraft Twilight Forest  Parte 3 [1Wg5-zjwrCE]
⏱️ Segmento/Index: 7
──────────────────────────────────────────────────
Fala transcrita:
""Vou pegar minhas batatas aqui, ó. E o que mais que eu tenho? O meu mapa, pelo menos ficou ali, né. Minha batata, minha espadinha de diamante. Vivo que vou, na cara e na coragem. Vamos subir e enfrentar esse amigão. Apareceu até um zumbi aqui, galera. Do nada. Vai fora, meu querido. Tô nervoso, hein. Já vou avisando. Pra falar a verdade, eu tava com esperança de conseguir um pouco do meu loot ainda, cara. Vai que eu consigo, né. Porque se eu voltar rapidinho, pode ser que ainda tenha um pouco de loot ali, ó. Cadê o bonitão? Vem. Cadê você aí, cara? Ah, ele tá lá em cima, ó. Oh, meu. O machadinho tá ali. Dá uns bloquinhos, cara. Acho que agora vai dar bom. Vem, vem, vem. Oh, meu loot tá aqui, ó. Tô na, tô na, tô na. Qual que eu tenho que bater aqui? Eu nem sei o que eu tenho que bater, cara. Vem. Eu não sei qual que eu tenho que bater. Esse aqui, ó. Isso. Morreu. Ah, ele perdeu o escudo dele agora. Beleza. Menos mal. Calma, calma. Eu não sei por onde ele teleportou. Ai, zumbizinho.""",Avaliador_D,Avaliador_F
1,"Eduardo, eu acabei de fazer uma espada de madeira. Olha como ela é. Marcelo, isso é um papelão. É um espada de madeira. Mano, isso aqui é tão feio que a espada de madeira parece um papelão mesmo. Você tem razão, Eduardo. Mas vamos ver se tá machucando. Ai, ai, ai, tá machucando. Para, para, para! Tem que testar, Eduardo. Se eu não testar... Tá machucando, para! Mas se eu não testar, Eduardo, se eu não testar, eu não vou saber se é uma espada. Porque não fala o nome aqui, né garota? Aqui, aqui... É, galera, a espada tá funcionando. Realmente é uma espada de madeira. Marcelo, olha essa galinha. Mano, ela não tem cara! Tadinha... Tadinha... Deixa eu matar ela, que eu acho que ela vai XP. Deu XP? Me deu, me deu, me deu! Tá com um de XP já? Beleza, vamos matar alguns animais pra gente ganhar alguns XPs aqui, né? Oi, Eduardo! Conseguiu um XP? Conseguiu! Isso quer dizer que o Minecraft ficou normal. Nossa, eu pensei que ele ia ficar bonito já. Graças a Deus... Mas pelo menos...",0.597797155380249,0.3638018071651459,0.0384010821580886,NEG,0.5082145929336548,0.0053662909194827,0.0370769128203392,0.0018338164081797,0.0521625503897666,0.0482946075499057,0.0069346376694738,0.28548008,Marcelodrv,Minecraft,Minecraft fica MAIS REALISTA a cada NÍVEL de XP [w-UJbf22Ep4],,GZ,GZ,GZ,"🎬 Canal: Marcelodrv | 🎥 Vídeo: Minecraft fica MAIS REALISTA a cada NÍVEL de XP [w-UJbf22Ep4]
⏱️ Segmento/Index: 1
──────────────────────────────────────────────────
Fala transcrita:
""Eduardo, eu acabei de fazer uma espada de madeira. Olha como ela é. Marcelo, isso é um papelão. É um espada de madeira. Mano, isso aqui é tão feio que a espada de madeira parece um papelão mesmo. Você tem razão, Eduardo. Mas vamos ver se tá machucando. Ai, ai, ai, tá machucando. Para, para, para! Tem que testar, Eduardo. Se eu não testar... Tá machucando, para! Mas se eu não testar, Eduardo, se eu não testar, eu não vou saber se é uma espada. Porque não fala o nome aqui, né garota? Aqui, aqui... É, galera, a espada tá funcionando. Realmente é uma espada de madeira. Marcelo, olha essa galinha. Mano, ela não tem cara! Tadinha... Tadinha... Deixa eu matar ela, que eu acho que ela vai XP. Deu XP? Me deu, me deu, me deu! Tá com um de XP já? Beleza, vamos matar alguns animais pra gente ganhar alguns XPs aqui, né? Oi, Eduardo! Conseguiu um XP? Conseguiu! Isso quer dizer que o Minecraft ficou normal. Nossa, eu pensei que ele ia ficar bonito já. Graças a Deus... Mas pelo menos...""",Avaliador_D,Avaliador_F
6,"Opa, que eu não estou conseguindo ir embora! Eu quero ir embora! Ei! Eu quero ir embora! Fui! Fui embora! Não fui! Ai, está difícil! Vou dar reset! Vou dar reset porque eu estou tão ansiosa que eu não estou conseguindo! Tudo bem, lá vamos nós agora! Subir muitas e muitas escadas! Mas agora é por um motivo que vale muito a pena! Tudo bem, lá vamos nós então! Fazer isso, subir muitas e muitas escadas é difícil, mas não é impossível! Nós chegamos na última! E lá vamos nós para o caminho da felicidade! Chegamos aqui e eu consegui entrar! Eu sou o George Pig Robô! Eu nem acredito nisso! Eu consegui que conquista gigante!",0.1016174778342247,0.6670622229576111,0.2313202917575836,NEU,0.0725863575935363,0.0031641104724258,0.0404514707624912,0.003036978887394,0.0267064198851585,0.0020956406369805,0.0021069289650768,0.16331999,Papile,Roblox,DESCOBRI O SEGREDO DE PIGGY NOVO GEORGE PIGGY ROBÔ ROBLOX [IVbsXTa0YuI],,NT,NT,NT,"🎬 Canal: Papile | 🎥 Vídeo: DESCOBRI O SEGREDO DE PIGGY NOVO GEORGE PIGGY ROBÔ ROBLOX [IVbsXTa0YuI]
⏱️ Segmento/Index: 6
──────────────────────────────────────────────────
Fala transcrita:
""Opa, que eu não estou conseguindo ir embora! Eu quero ir embora! Ei! Eu quero ir embora! Fui! Fui embora! Não fui! Ai, está difícil! Vou dar reset! Vou dar reset porque eu estou tão ansiosa que eu não estou conseguindo! Tudo bem, lá vamos nós agora! Subir muitas e muitas escadas! Mas agora é por um motivo que vale muito a pena! Tudo bem, lá vamos nós então! Fazer isso, subir muitas e muitas escadas é difícil, mas não é impossível! Nós chegamos na última! E lá vamos nós para o caminho da felicidade! Chegamos aqui e eu consegui entrar! Eu sou o George Pig Robô! Eu nem acredito nisso! Eu consegui que conquista gigante!""",Avaliador_D,Avaliador_F
12,"Nunca vi, eu to vendo agora Nossa, na verdade eu nunca vi uma abóbora que tem osso dentro né Mami pra começar Verdade eu acho que é osso de gente Tchau Tchau que eu to saindo daqui E a abóbora comeu Mami pessoa Ah mas eu acho que a gente já saiu dela Eu acho que era pra ser o contrário A gente comer a abóbora, não a abóbora comer a pessoa Cuidado Malu, as madeiras quebram Ai ainda bem que você falou Essa madeira ta com uma cara de quebra mesmo hein Mami Ui ui ui Tem que tomar muito cuidado Tem uma mãozinha que empurra Uma mãozinha sai dali, vamos esperar ela sair Saiu, corre, corre Ui, ui, ui, ui, ui, ui Cheguei menina Ela é um palhaço Malu Ela é um palhaço Ela é um palhaço Luluca Ela é um palhaço do mal Ai carinha barulho Por que tu é que roda? Pois é, até a cabeça roda Ai meu Deus, tem uma mãozinha que sai daqui também Mami Ah não, eu já não passasse as barinhas Que são super complicadas Mas ela demora um pouco pra aparecer Mami Então toma cuidado que você consegue Ai Mami, a mãozinha apareceu na minha tela Apareceu pra você também? Apareceu Passando o portal do nether do Minecraft Tá bom, conseguimos sair A saída Vamos sair daqui Gente, ele tá com um bauzinho cheio de doce Lula Um bauzinho? É um baldezinho É, é o cabelão Como é que é um bauzinho?",0.6466040015220642,0.2777280211448669,0.0756679624319076,NEG,0.6633110046386719,0.0124923875555396,0.0573469251394271,0.0080809043720364,0.0504607483744621,0.0036595040000975,0.0141515890136361,0.2648175,Luluca Games,Roblox,Roblox - FUI EM UMA FESTA MUITO ASSUSTADORA DE HALLOWEEN Haunted House Onny  Luluca Games [3CX_oeNSpZ0],0.6466041207313538,GZ,GZ,GZ,"🎬 Canal: Luluca Games | 🎥 Vídeo: Roblox - FUI EM UMA FESTA MUITO ASSUSTADORA DE HALLOWEEN Haunted House Onny  Luluca Games [3CX_oeNSpZ0]
⏱️ Segmento/Index: 12
──────────────────────────────────────────────────
Fala transcrita:
""Nunca vi, eu to vendo agora Nossa, na verdade eu nunca vi uma abóbora que tem osso dentro né Mami pra começar Verdade eu acho que é osso de gente Tchau Tchau que eu to saindo daqui E a abóbora comeu Mami pessoa Ah mas eu acho que a gente já saiu dela Eu acho que era pra ser o contrário A gente comer a abóbora, não a abóbora comer a pessoa Cuidado Malu, as madeiras quebram Ai ainda bem que você falou Essa madeira ta com uma cara de quebra mesmo hein Mami Ui ui ui Tem que tomar muito cuidado Tem uma mãozinha que empurra Uma mãozinha sai dali, vamos esperar ela sair Saiu, corre, corre Ui, ui, ui, ui, ui, ui Cheguei menina Ela é um palhaço Malu Ela é um palhaço Ela é um palhaço Luluca Ela é um palhaço do mal Ai carinha barulho Por que tu é que roda? Pois é, até a cabeça roda Ai meu Deus, tem uma mãozinha que sai daqui também Mami Ah não, eu já não passasse as barinhas Que são super complicadas Mas ela demora um pouco pra aparecer Mami Então toma cuidado que você consegue Ai Mami, a mãozinha apareceu na minha tela Apareceu pra você também? Apareceu Passando o portal do nether do Minecraft Tá bom, conseguimos sair A saída Vamos sair daqui Gente, ele tá com um bauzinho cheio de doce Lula Um bauzinho? É um baldezinho É, é o cabelão Como é que é um bauzinho?""",Avaliador_D,Avaliador_F
7,"Ai, ele chuta! Agora foi, mami! Eu dei uma cabeçada assim, ó! Assim, ó, mami! Assim, ó! Nossa, se fosse um vidro, hein, Lulu? Ai, mami, abaixem! Pô, dá outra ventilação, Lulu! Como é isso? É uma lojinha de brinquedos tamanho miniatura! Eu não sei nem saber, não, Lulu! Cadê esse desfile? Eu tô com medo, tô com medo! Vou entrar de novo na ventilação! Opa! Apressione o botão vermelho! Tu, Luca! Oi? A cara dele tá ali! A cara de quê? A cara daquele brinquedo nosso! Ai, eu quero ver não, mami! Meu Deus! Não! Porque eu tô muito nervosa! Vamos só tentar fugir daqui, né, mami? O máximo que a gente... o mais rápido que a gente conseguir! Eita, pera aí, mami! Eu não era pra apertar o botão? Sim! É! Acho que era melhor não ter apertado, né, mami? Ele mexe a cabeça! Mami, agora! Ele entrou! Corre, gente! Ele entrou, Luca! Mami, eu não sei! Mami, a única coisa que eu sei é entrar correndo! Não, eu tô com muita dor de medo!",0.9138218760490416,0.071416288614273,0.014761809259653,NEG,0.3992324471473694,0.0019973039161413,0.0644574239850044,0.0008766075479798,0.0234847627580165,0.0519977584481239,0.0118240909650921,0.3234372,Luluca Games,Roblox,Roblox - GANHEI UM BONECO ESTRANHO e ASSUSTADOR Scary Doll Curse  Luluca Games [96CAUf705gA],0.9138218760490416,GZ,GZ,GZ,"🎬 Canal: Luluca Games | 🎥 Vídeo: Roblox - GANHEI UM BONECO ESTRANHO e ASSUSTADOR Scary Doll Curse  Luluca Games [96CAUf705gA]
⏱️ Segmento/Index: 7
──────────────────────────────────────────────────
Fala transcrita:
""Ai, ele chuta! Agora foi, mami! Eu dei uma cabeçada assim, ó! Assim, ó, mami! Assim, ó! Nossa, se fosse um vidro, hein, Lulu? Ai, mami, abaixem! Pô, dá outra ventilação, Lulu! Como é isso? É uma lojinha de brinquedos tamanho miniatura! Eu não sei nem saber, não, Lulu! Cadê esse desfile? Eu tô com medo, tô com medo! Vou entrar de novo na ventilação! Opa! Apressione o botão vermelho! Tu, Luca! Oi? A cara dele tá ali! A cara de quê? A cara daquele brinquedo nosso! Ai, eu quero ver não, mami! Meu Deus! Não! Porque eu tô muito nervosa! Vamos só tentar fugir daqui, né, mami? O máximo que a gente... o mais rápido que a gente conseguir! Eita, pera aí, mami! Eu não era pra apertar o botão? Sim! É! Acho que era melhor não ter apertado, né, mami? Ele mexe a cabeça! Mami, agora! Ele entrou! Corre, gente! Ele entrou, Luca! Mami, eu não sei! Mami, a única coisa que eu sei é entrar correndo! Não, eu tô com muita dor de medo!""",Avaliador_D,Avaliador_F
2,"Eu vou conferir isso agora mesmo! Eu só preciso acessar a câmera aqui no tablet. Parece que tava tudo normal na minha casa. Nada de estranho nessa gravação aqui. Pera! Olha só! O ladrão! Realmente! Ele foi capturado nas câmeras! E esse ladrão, ele é... Ele é o McFly! Olha só, ele roubando meus diamantes! Calma que a câmera tá um pouco bugada! Mas eu tô filmando tudo! Ele roubou até o diamante da moldura! E tá indo embora! Nossa! Eu consegui descobrir tudo! Quer dizer então que o McFly é o ladrão dos meus diamantes! E ele é muito Zé Mané de não ter percebido que tem uma câmera de segurança bem aqui! Eu acho que já tem um plano pra recuperar os meus diamantes! Vou cavar um túnel até a casa do McFly! Eu espero que isso dê certo! Tem um longo trabalho pela frente! Muitos blocos vão ter que ser quebrados!",0.371887594461441,0.5650120377540588,0.0631003454327583,NEU,0.2287372350692749,0.0007011650595813,0.0106530934572219,0.0003962566552218,0.0483245775103569,0.0329357683658599,0.0008526763413101,0.3666224,JP Plays,Minecraft,24 Horas ESCONDIDO EMBAIXO da CASA do Meu Amigo [h2QGNptxGOk],,GZ,GZ,GZ,"🎬 Canal: JP Plays | 🎥 Vídeo: 24 Horas ESCONDIDO EMBAIXO da CASA do Meu Amigo [h2QGNptxGOk]
⏱️ Segmento/Index: 2
──────────────────────────────────────────────────
Fala transcrita:
""Eu vou conferir isso agora mesmo! Eu só preciso acessar a câmera aqui no tablet. Parece que tava tudo normal na minha casa. Nada de estranho nessa gravação aqui. Pera! Olha só! O ladrão! Realmente! Ele foi capturado nas câmeras! E esse ladrão, ele é... Ele é o McFly! Olha só, ele roubando meus diamantes! Calma que a câmera tá um pouco bugada! Mas eu tô filmando tudo! Ele roubou até o diamante da moldura! E tá indo embora! Nossa! Eu consegui descobrir tudo! Quer dizer então que o McFly é o ladrão dos meus diamantes! E ele é muito Zé Mané de não ter percebido que tem uma câmera de segurança bem aqui! Eu acho que já tem um plano pra recuperar os meus diamantes! Vou cavar um túnel até a casa do McFly! Eu espero que isso dê certo! Tem um longo trabalho pela frente! Muitos blocos vão ter que ser quebrados!""",Avaliador_D,Avaliador_F
6,"Olha ali, eles estão passando por cima daquelas placas de pressão E aí toda vez que algum passa numa placa de pressão a gente ganha velocidade Vamos tentar pular agora nessa ilha, essa ilha aqui do lado Olha aqui, Bala, tem um slime aqui desse lado Eu vou tentar pular nele Ai, não deu, mas eu cheguei na ilha Dá, deixa eu tentar Pode vir também, vai Boa Aí, agora a gente vem nesses blocos que estão flutuando e tenta pular em cima da corrente Olha só, eu já tô em cima de uma corrente Nossa, que equilíbrio Agora vou me equilibrar em outra Boa Vem, vem Bala Ae E agora o último bloco, aquele ali Ai, eu caí Mais uma vez eu ganhei efeito de super velocidade E eles estão jogando os outros inimigos na lava A gente nem precisa fazer nada, Bala Eu só esperar eles se jogarem na lava Ai, agora eles me jogaram na lava, Bala, eles me jogaram na lava Agora quem vai jogar vocês na lava, só eu Joguei, joguei eles E tem esse inimigo também Vai, vai pra lava Seu moço Ai, ai, ai Minha vida tá muito baixa Eu morri Não pise nessa placa Não pise nessa placa, senão eu vou ganhar velocidade Eu ganhei velocidade Bala, a gente tem duas opções O que, o que? Hoje a gente derrota os inimigos, hoje a gente ganha velocidade e passa reto por eles e pega a bandeira Vamos passar reto, papai Vamos 3, 2, 1 e já Lava é o...",0.0544651113450527,0.6698663830757141,0.2756685316562652,NEU,0.0905753821134567,0.0067851739004254,0.0381436981260776,0.0031914771534502,0.0333501659333705,0.0125751579180359,0.0038810921832919,0.14429577,Athos,Minecraft,A Cada XP eu viro um JOGO no Minecraft [HiShNlWkD5E],,NT,NT,NT,"🎬 Canal: Athos | 🎥 Vídeo: A Cada XP eu viro um JOGO no Minecraft [HiShNlWkD5E]
⏱️ Segmento/Index: 6
──────────────────────────────────────────────────
Fala transcrita:
""Olha ali, eles estão passando por cima daquelas placas de pressão E aí toda vez que algum passa numa placa de pressão a gente ganha velocidade Vamos tentar pular agora nessa ilha, essa ilha aqui do lado Olha aqui, Bala, tem um slime aqui desse lado Eu vou tentar pular nele Ai, não deu, mas eu cheguei na ilha Dá, deixa eu tentar Pode vir também, vai Boa Aí, agora a gente vem nesses blocos que estão flutuando e tenta pular em cima da corrente Olha só, eu já tô em cima de uma corrente Nossa, que equilíbrio Agora vou me equilibrar em outra Boa Vem, vem Bala Ae E agora o último bloco, aquele ali Ai, eu caí Mais uma vez eu ganhei efeito de super velocidade E eles estão jogando os outros inimigos na lava A gente nem precisa fazer nada, Bala Eu só esperar eles se jogarem na lava Ai, agora eles me jogaram na lava, Bala, eles me jogaram na lava Agora quem vai jogar vocês na lava, só eu Joguei, joguei eles E tem esse inimigo também Vai, vai pra lava Seu moço Ai, ai, ai Minha vida tá muito baixa Eu morri Não pise nessa placa Não pise nessa placa, senão eu vou ganhar velocidade Eu ganhei velocidade Bala, a gente tem duas opções O que, o que? Hoje a gente derrota os inimigos, hoje a gente ganha velocidade e passa reto por eles e pega a bandeira Vamos passar reto, papai Vamos 3, 2, 1 e já Lava é o...""",Avaliador_D,Avaliador_F
9,Não! Eu não tenho medo não! Não! Locks está com o bracinho! Tenho não! Não tenho! Bensim! Então vou ver o filme de terror! Tá bom! Pode ir para o filme de terror! Que barulho é esse? Fantasma! Esconde! Esconde! Eu vou esconder! Eu vou esconder! Não adianta esconder! Coi que tem um fantasma ai gente! Coi! Sou eu Locks! É a Nath! Esse fantasma é a priminha Nath! Exatamente! Eu enganei você! Abre para minha casa! Abre! Não é para me deixar trancado! Deixa ele sair fora! Vai vir ficar parei no frio! Apenas caia com o urso!,0.2482708841562271,0.6241220831871033,0.1276070475578308,NEU,0.5839354991912842,0.0037497521843761,0.0605383403599262,0.0019970424473285,0.0348742231726646,0.0583023279905319,0.0032634963281452,0.29039988,Lokis,Roblox,QUEM FEZ BAGUNÇA  Roblox - Cabin Roleplay [GygqU0Q-_Mg],,GZ,GZ,GZ,"🎬 Canal: Lokis | 🎥 Vídeo: QUEM FEZ BAGUNÇA  Roblox - Cabin Roleplay [GygqU0Q-_Mg]
⏱️ Segmento/Index: 9
──────────────────────────────────────────────────
Fala transcrita:
""Não! Eu não tenho medo não! Não! Locks está com o bracinho! Tenho não! Não tenho! Bensim! Então vou ver o filme de terror! Tá bom! Pode ir para o filme de terror! Que barulho é esse? Fantasma! Esconde! Esconde! Eu vou esconder! Eu vou esconder! Não adianta esconder! Coi que tem um fantasma ai gente! Coi! Sou eu Locks! É a Nath! Esse fantasma é a priminha Nath! Exatamente! Eu enganei você! Abre para minha casa! Abre! Não é para me deixar trancado! Deixa ele sair fora! Vai vir ficar parei no frio! Apenas caia com o urso!""",Avaliador_D,Avaliador_F
0,"Prontinho, postei mais um vídeo, eu estou aqui pra te ver sorrindo Mas não se esqueça de fazer sua parte, tem que se inscrever e deixar o seu like Não se esqueça de usar o código JUPAPILI na loja de robux, apoie o meu canal Hoje eu vou me transformar na pig, e como a pig é uma porquinha e ela é um animalzinho Eu quero que vocês comentem ai embaixo se vocês tem ou não algum animal de estimação Comentem que eu quero muito saber, eu tenho uma cachorrinha e eu também tenho um porquinho da India Olha, contei um segredo aqui pra vocês da minha vida que vocês não sabiam, hein Também não se esqueçam de deixar o like e se inscrever no canal, assim como a música pediu para vocês",0.0318824350833892,0.2821393311023712,0.6859782338142395,POS,0.2209041267633438,0.0033044663723558,0.0444641485810279,0.0049416841939091,0.05492589995265,0.0014147909823805,0.0043540499173104,0.2540519,Papile,Roblox,VIVENDO COMO A PIGGY no ROBLOX Peppa Granny [CjS5pABZ9TI],,GZ,GZ,GZ,"🎬 Canal: Papile | 🎥 Vídeo: VIVENDO COMO A PIGGY no ROBLOX Peppa Granny [CjS5pABZ9TI]
⏱️ Segmento/Index: 0
──────────────────────────────────────────────────
Fala transcrita:
""Prontinho, postei mais um vídeo, eu estou aqui pra te ver sorrindo Mas não se esqueça de fazer sua parte, tem que se inscrever e deixar o seu like Não se esqueça de usar o código JUPAPILI na loja de robux, apoie o meu canal Hoje eu vou me transformar na pig, e como a pig é uma porquinha e ela é um animalzinho Eu quero que vocês comentem ai embaixo se vocês tem ou não algum animal de estimação Comentem que eu quero muito saber, eu tenho uma cachorrinha e eu também tenho um porquinho da India Olha, contei um segredo aqui pra vocês da minha vida que vocês não sabiam, hein Também não se esqueçam de deixar o like e se inscrever no canal, assim como a música pediu para vocês""",Avaliador_D,Avaliador_F
6,"Pelo menos esse outro aqui eu vi que ela não tá perto Sim, vai, vai, vai, liberta ele Meu Deus Que que tá acontecendo Texin Não Texin Não Texin Você não conseguiu Meu Deus, que que eu vou fazer Não Não, o Texin Você não foi mal Foi mal meu amigo Eu perdi o E na frente da cápsula E não soltou ele Então, e você não percebeu, você saiu andando Eu sou muito noob Foi mal meu querido Nossa Texin, não acredito Galera Papai Galera, conseguimos Bora galera Hum, eu quase É a vingança do Texin Agora é a vingança, eu vou começar Já pela Julia já Já vai ser a primeira",0.7240050435066223,0.2157260924577713,0.0602688267827034,NEG,0.21274034678936,0.0084288287907838,0.047944214195013,0.006344636902213,0.0409985370934009,0.0045202835462987,0.0054200603626668,0.25462922,Julia MineGirl,Roblox,Roblox - A MARRETÃO FEZ A LIMPA Flee The Facility [SWn4fyZRSgs],,GZ,GZ,GZ,"🎬 Canal: Julia MineGirl | 🎥 Vídeo: Roblox - A MARRETÃO FEZ A LIMPA Flee The Facility [SWn4fyZRSgs]
⏱️ Segmento/Index: 6
──────────────────────────────────────────────────
Fala transcrita:
""Pelo menos esse outro aqui eu vi que ela não tá perto Sim, vai, vai, vai, liberta ele Meu Deus Que que tá acontecendo Texin Não Texin Não Texin Você não conseguiu Meu Deus, que que eu vou fazer Não Não, o Texin Você não foi mal Foi mal meu amigo Eu perdi o E na frente da cápsula E não soltou ele Então, e você não percebeu, você saiu andando Eu sou muito noob Foi mal meu querido Nossa Texin, não acredito Galera Papai Galera, conseguimos Bora galera Hum, eu quase É a vingança do Texin Agora é a vingança, eu vou começar Já pela Julia já Já vai ser a primeira""",Avaliador_D,Avaliador_F
2,"Tá Mano, olha o ouro, eu posso ficar com ouro? Eu peguei os diamantes aqui Tem um pouquinho de esmeralda também, eu vou pegar Será que cadê ele? Cuidado, Muffin, cuidado, cuidado Se ele ver a gente Eu vou puxar a porta Ó, tem essa lava aqui, ó Que tal se a gente jogar dentro dela? Vamos, vamos Ah, vamos Tem que ser rápido, Muffin Joga tudo, joga tudo Vai, vai, vai, vai Pronto? Joguei tudo, joguei tudo Vai, vai, vamos embora, corre, Muffin, corre Ah, espera aí, Eld, vamos deixar uma plaquinha Pra avisar que a gente pegou os itens dele? Tá Ah, tá Pronto, Eld, coloquei aqui a plaquinha Tá, vamos embora, vai que ele vê que é a gente Eu tô sendo atacado por um Steve que corre, mas vai, vou matar ele Ele dá muito dano, ele dá muito dano, ai, matei E agora eu vou voltar pra minha casa Eu acho que eu tenho que tirar essa lava aqui que ela tá meio perigosa E tem esse minério aqui na frente que é um minério de cobre Vamos levar lá em cima no meu baú dos minérios Ué, uma placa? Joguei todos os seus itens na lava? Não, não, não fizeram isso Meus itens, cadê meus itens? Meus itens, que tal nesse baú? Sumiram todos Ah, quem será que fez isso?",0.070664957165718,0.860521674156189,0.0688133239746093,NEU,0.6885104775428772,0.0108629595488309,0.0532895289361476,0.0040430109947919,0.0423592589795589,0.0452016815543174,0.0105607090517878,0.28425202,Athos,Minecraft,CHOREI ATÉ FAZER UM TSUNAMI NO MINECRAFT [poi2DfhlnxM],,GZ,GZ,GZ,"🎬 Canal: Athos | 🎥 Vídeo: CHOREI ATÉ FAZER UM TSUNAMI NO MINECRAFT [poi2DfhlnxM]
⏱️ Segmento/Index: 2
──────────────────────────────────────────────────
Fala transcrita:
""Tá Mano, olha o ouro, eu posso ficar com ouro? Eu peguei os diamantes aqui Tem um pouquinho de esmeralda também, eu vou pegar Será que cadê ele? Cuidado, Muffin, cuidado, cuidado Se ele ver a gente Eu vou puxar a porta Ó, tem essa lava aqui, ó Que tal se a gente jogar dentro dela? Vamos, vamos Ah, vamos Tem que ser rápido, Muffin Joga tudo, joga tudo Vai, vai, vai, vai Pronto? Joguei tudo, joguei tudo Vai, vai, vamos embora, corre, Muffin, corre Ah, espera aí, Eld, vamos deixar uma plaquinha Pra avisar que a gente pegou os itens dele? Tá Ah, tá Pronto, Eld, coloquei aqui a plaquinha Tá, vamos embora, vai que ele vê que é a gente Eu tô sendo atacado por um Steve que corre, mas vai, vou matar ele Ele dá muito dano, ele dá muito dano, ai, matei E agora eu vou voltar pra minha casa Eu acho que eu tenho que tirar essa lava aqui que ela tá meio perigosa E tem esse minério aqui na frente que é um minério de cobre Vamos levar lá em cima no meu baú dos minérios Ué, uma placa? Joguei todos os seus itens na lava? Não, não, não fizeram isso Meus itens, cadê meus itens? Meus itens, que tal nesse baú? Sumiram todos Ah, quem será que fez isso?""",Avaliador_E,Avaliador_F
8,"Tiã, que eu tava falando a hélia, não veio pra da norte. Caraca, como foi que tu conseguiu dessas coisas, hein? Oxe, eu tava num drop aí, meu filho, peguei foi tudo, matei 3 cara. Oxe, pega aí o que tu quiser, pô. E eu vou ficar perto dela, porque ela joga muito. Oxe, miserável, mano, ele passou por cima da mina e a mina não explodiu não. Ele não tá prestes não essa bicha. Vou lá de perto. Toando em și, bichalinha.",0.6474567651748657,0.3142186403274536,0.0383245237171649,NEG,0.9774038791656494,0.0131540866568684,0.4648056626319885,0.0113090295344591,0.3308970630168915,0.0409577712416648,0.2199862748384475,0.6027529,meu nome é david,Roblox,FREE FIRE BATTLEGROUNDS NA VIDA REAL 14 [q3jlbXreTt4],,T,T,T,"🎬 Canal: meu nome é david | 🎥 Vídeo: FREE FIRE BATTLEGROUNDS NA VIDA REAL 14 [q3jlbXreTt4]
⏱️ Segmento/Index: 8
──────────────────────────────────────────────────
Fala transcrita:
""Tiã, que eu tava falando a hélia, não veio pra da norte. Caraca, como foi que tu conseguiu dessas coisas, hein? Oxe, eu tava num drop aí, meu filho, peguei foi tudo, matei 3 cara. Oxe, pega aí o que tu quiser, pô. E eu vou ficar perto dela, porque ela joga muito. Oxe, miserável, mano, ele passou por cima da mina e a mina não explodiu não. Ele não tá prestes não essa bicha. Vou lá de perto. Toando em și, bichalinha.""",Avaliador_E,Avaliador_F
6,"Eu tomei dano, eu tomei dano Eu tô pagando por todos os pecados que eu já fiz na vida Ele vai fazer 2 capas, né? Vai farpar também, tá aprendendo a respeitar a figura pública aqui, a magistrade Muito ruim, muito ruim Aqui ele tá todo minhado, aqui ele tá todo minhado Pode deixar que eu mato, você quer que eu mato? Eu vou matar, onde é que ele tá? Onde é que ele tá, Patiã, matar? Vem matar ele, mata ele Vou matar ele no murro, vou matar ele no murro Ele tá aí nessa casa Onde? Onde ele tá? Eita, Luiz, Luiz Luiz, Luiz, Luiz, eu tomei dano, Luiz, mas o que é isso, Luiz?",0.7977648973464966,0.1676724106073379,0.0345626883208751,NEG,0.9647396206855774,0.0125160682946443,0.0343939289450645,0.0063310638070106,0.0471915639936924,0.3032771646976471,0.023321634158492,0.5559701,Amy Scarlet,Roblox,TOMAR DANO  TOMAR LIMÃO  DESAFIO FREE FIRE [fFTFeci_dZg],,T,T,T,"🎬 Canal: Amy Scarlet | 🎥 Vídeo: TOMAR DANO  TOMAR LIMÃO  DESAFIO FREE FIRE [fFTFeci_dZg]
⏱️ Segmento/Index: 6
──────────────────────────────────────────────────
Fala transcrita:
""Eu tomei dano, eu tomei dano Eu tô pagando por todos os pecados que eu já fiz na vida Ele vai fazer 2 capas, né? Vai farpar também, tá aprendendo a respeitar a figura pública aqui, a magistrade Muito ruim, muito ruim Aqui ele tá todo minhado, aqui ele tá todo minhado Pode deixar que eu mato, você quer que eu mato? Eu vou matar, onde é que ele tá? Onde é que ele tá, Patiã, matar? Vem matar ele, mata ele Vou matar ele no murro, vou matar ele no murro Ele tá aí nessa casa Onde? Onde ele tá? Eita, Luiz, Luiz Luiz, Luiz, Luiz, eu tomei dano, Luiz, mas o que é isso, Luiz?""",Avaliador_E,Avaliador_F
28,Ah pera aí deixa eu fazer de volta ó. Grudo aqui cara grudo aqui. Cara eu tô ficando prático já nessa nossa bagaça aqui ó. Ali não dá né? Se eu vier aqui ó. Quando essa boia descer eu vou descer junto? Vamos descobrir agora. Grudooo outro lado cara para fechar. Isso. Fechou. Ó eu tô descendo. Ah mas eu fiquei preso. Vocês estão vendo? Era isso que era para acontecer? Não entendi foi nada agora. Abre de volta. Mano você vai morrer cara. Meu peixinho tá preso galera. O que eu fiz?,0.6749552488327026,0.2761741578578949,0.0488706119358539,NEG,0.9028542041778564,0.012235146947205,0.0547053702175617,0.0070426324382424,0.0470312237739563,0.0990461558103561,0.0230820421129465,0.4269174,Tex HS,Roblox,FINAL a GANGUE PEIXE vai deixar saudades I am Fish  Parte 5 [eA3bewHYFF0],,T,T,T,"🎬 Canal: Tex HS | 🎥 Vídeo: FINAL a GANGUE PEIXE vai deixar saudades I am Fish  Parte 5 [eA3bewHYFF0]
⏱️ Segmento/Index: 28
──────────────────────────────────────────────────
Fala transcrita:
""Ah pera aí deixa eu fazer de volta ó. Grudo aqui cara grudo aqui. Cara eu tô ficando prático já nessa nossa bagaça aqui ó. Ali não dá né? Se eu vier aqui ó. Quando essa boia descer eu vou descer junto? Vamos descobrir agora. Grudooo outro lado cara para fechar. Isso. Fechou. Ó eu tô descendo. Ah mas eu fiquei preso. Vocês estão vendo? Era isso que era para acontecer? Não entendi foi nada agora. Abre de volta. Mano você vai morrer cara. Meu peixinho tá preso galera. O que eu fiz?""",Avaliador_E,Avaliador_F
0,"Hoje eu vou trollar os meus amigos fingindo ser o Hug. E pra fazer isso eu vistei essa skin e coloquei essa voz. Será que eles se assustaram? E olha, já tô vendo a primeira vítima ali. O Elde, ele tá moscando na noite e eu vou pegar e dar um susto nele. Se eu conseguir eu até mato ele. Aqui ó, tem um papel que esconderam aqui, eu acho que é pra alguém. Elde! Que que é isso, velho? O Hug! Sai daqui! Elde! Que que? Eu vou pegar você, Elde! Eu vou pegar você, Elde! Eu vou pegar você, Elde! OUIIIIIIIIIII Mano, oque é isso cara? Volta aqui, volta aqui! EEEE, coi, coi, coi, coi! Volta aqui, Elde! Elde! Ai não, fechinho! EUDEEEEE Não, ele saiu do servidor! E a próxima vítima vai ser aqueles dois ali. Eles estão conversando e eles estão meio que distraídos. E pra trollar eles eu vou fazer de um jeito diferente.",0.2409683316946029,0.6929338574409485,0.0660977959632873,NEU,0.8690577149391174,0.0044925729744136,0.0302133727818727,0.003092142753303,0.0975763127207756,0.4217346012592315,0.0061652129516005,0.4850187,Cadres,Minecraft,FINGI SER O HUGGY E ASSUSTEI MEUS AMIGOS no Minecraft [qVlwO00NCoc],,T,T,T,"🎬 Canal: Cadres | 🎥 Vídeo: FINGI SER O HUGGY E ASSUSTEI MEUS AMIGOS no Minecraft [qVlwO00NCoc]
⏱️ Segmento/Index: 0
──────────────────────────────────────────────────
Fala transcrita:
""Hoje eu vou trollar os meus amigos fingindo ser o Hug. E pra fazer isso eu vistei essa skin e coloquei essa voz. Será que eles se assustaram? E olha, já tô vendo a primeira vítima ali. O Elde, ele tá moscando na noite e eu vou pegar e dar um susto nele. Se eu conseguir eu até mato ele. Aqui ó, tem um papel que esconderam aqui, eu acho que é pra alguém. Elde! Que que é isso, velho? O Hug! Sai daqui! Elde! Que que? Eu vou pegar você, Elde! Eu vou pegar você, Elde! Eu vou pegar você, Elde! OUIIIIIIIIIII Mano, oque é isso cara? Volta aqui, volta aqui! EEEE, coi, coi, coi, coi! Volta aqui, Elde! Elde! Ai não, fechinho! EUDEEEEE Não, ele saiu do servidor! E a próxima vítima vai ser aqueles dois ali. Eles estão conversando e eles estão meio que distraídos. E pra trollar eles eu vou fazer de um jeito diferente.""",Avaliador_E,Avaliador_F
6,"Opa, opa, opa Calma, vamos descer, vamos descer Oi, McFly Oi, McFly, aciona aqui, aciona aqui Não, não aciona não, você tá doido Nossa, a gente vai cair nesse balão Opa, opa Olha, eu quero explicar Desculpa por destruir aqui o seu balãozinho Mas é que eu vi que você tava já pondo fogo nele Eu falei, deixa eu ajudar o McFly e colocar lava aqui no negócio Você não fez isso Foi uma trollagem só que eu acho que passei um pouco dos limites Eu vou te ajudar Calma aí, McFly, só um segundo Tá de sacanagem comigo, né? Eu vou tirar essa lá Ai, tá quente, tá quente, tá muito quente Tá muito quente, você tem água aí Ah Não, me põe daqui, não Ah, não Ai, ai, ai, ai, ai Ai, brincadeira, meu Nossa, gente Ok, fui pro Beleléu Deixa eu ver onde eu renasci Eu nem sei McFly, eu não sei onde que eu tô Cadê o balão? Eu renasci num lugar muito aleatório Me dá TP aí pra cima, McFly Eu sei que você é o dono aqui do mapa Você pode dar TP pra mim, né? É brincadeira, você tá pelo fazer isso É porque eu quero conversar com você Tá, mas puxa eu pra ir, não você pra cá Eita, beleza, tô aqui, tô aqui Você me puxou pra cá, beleza? Você é o dono do servidor Por que você fez isso? Mano, é o seguinte, cara, eu queria te trollar Acho que eu te passei muito do limite Eu destruí o seu balão Olha, eu vou te ajudar a consertar Mas eu admito que foi uma trollagem engraçada Porque você não sabia que eu tava aqui no mundo E eu acabei pôndo fogo É que assim, você ia acabar pôndo fogo e explodir no balão mesmo, né? Então adiantei o processo, só isso, entendeu?",0.2485656887292862,0.686924159526825,0.0645101517438888,NEU,0.7093130946159363,0.0164486542344093,0.0523628033697605,0.0076172943226993,0.051535852253437,0.0091827372089028,0.0142800817266106,0.30136615,JP Plays,Minecraft,INVADI O MUNDO DO MEU AMIGO E FIZ UMA ARMADILHA PRA ELE NO MINECRAFT [LAOqEhfh9_0],,GZ,GZ,GZ,"🎬 Canal: JP Plays | 🎥 Vídeo: INVADI O MUNDO DO MEU AMIGO E FIZ UMA ARMADILHA PRA ELE NO MINECRAFT [LAOqEhfh9_0]
⏱️ Segmento/Index: 6
──────────────────────────────────────────────────
Fala transcrita:
""Opa, opa, opa Calma, vamos descer, vamos descer Oi, McFly Oi, McFly, aciona aqui, aciona aqui Não, não aciona não, você tá doido Nossa, a gente vai cair nesse balão Opa, opa Olha, eu quero explicar Desculpa por destruir aqui o seu balãozinho Mas é que eu vi que você tava já pondo fogo nele Eu falei, deixa eu ajudar o McFly e colocar lava aqui no negócio Você não fez isso Foi uma trollagem só que eu acho que passei um pouco dos limites Eu vou te ajudar Calma aí, McFly, só um segundo Tá de sacanagem comigo, né? Eu vou tirar essa lá Ai, tá quente, tá quente, tá muito quente Tá muito quente, você tem água aí Ah Não, me põe daqui, não Ah, não Ai, ai, ai, ai, ai Ai, brincadeira, meu Nossa, gente Ok, fui pro Beleléu Deixa eu ver onde eu renasci Eu nem sei McFly, eu não sei onde que eu tô Cadê o balão? Eu renasci num lugar muito aleatório Me dá TP aí pra cima, McFly Eu sei que você é o dono aqui do mapa Você pode dar TP pra mim, né? É brincadeira, você tá pelo fazer isso É porque eu quero conversar com você Tá, mas puxa eu pra ir, não você pra cá Eita, beleza, tô aqui, tô aqui Você me puxou pra cá, beleza? Você é o dono do servidor Por que você fez isso? Mano, é o seguinte, cara, eu queria te trollar Acho que eu te passei muito do limite Eu destruí o seu balão Olha, eu vou te ajudar a consertar Mas eu admito que foi uma trollagem engraçada Porque você não sabia que eu tava aqui no mundo E eu acabei pôndo fogo É que assim, você ia acabar pôndo fogo e explodir no balão mesmo, né? Então adiantei o processo, só isso, entendeu?""",Avaliador_E,Avaliador_F
1,"Ai ai ai ai, é o meu, é o meu! Cabeçuda, feia e esformeada, só vive com fome! Comenta aí quem acha eu feia, que eu acho que não vai ter nenhum comentário assim seu bobo! Galera, Eduarda não vai escutando tá? Todo mundo comenta que ela é feia aí embaixo tá? Ah não, vai não, vai não, vai não! Tu tava escutando? É claro! Ai, nem sabia, nem sabia! Beleza Eduarda, vamos ver que tem nesse baú aqui, pelo que eu vi tem um pincel fi! Ah saiu na notícia que se a gente desenhar o negócio vai acontecer mesmo fi! Sério? É, eu vi falar né, a gente precisa testar né Eduarda, pra saber, não tem como a gente saber sem testar! Já fiz aqui o meu, o meu... Minha tela né, vou desenhar desse lado aqui, por causa do sol né, porque eu tenho uma técnica né, eu vou desenhar Eduarda, vou desenhar... Vou desenhar o rugi rugi! Menino, não desenha isso não, isso dá zá! Quem te falou isso? Deus!",0.7037307024002075,0.2469858527183532,0.0492834337055683,NEG,0.9158328771591188,0.0022080589551478,0.0649099051952362,0.0016731292707845,0.2821346819400787,0.0024328515864908,0.0085468599572777,0.5779532,Marcelodrv,Minecraft,Minecraft MAS tudo que eu DESENHAR os MONSTROS vão me dar [8vd2gpnHnUI],,T,T,T,"🎬 Canal: Marcelodrv | 🎥 Vídeo: Minecraft MAS tudo que eu DESENHAR os MONSTROS vão me dar [8vd2gpnHnUI]
⏱️ Segmento/Index: 1
──────────────────────────────────────────────────
Fala transcrita:
""Ai ai ai ai, é o meu, é o meu! Cabeçuda, feia e esformeada, só vive com fome! Comenta aí quem acha eu feia, que eu acho que não vai ter nenhum comentário assim seu bobo! Galera, Eduarda não vai escutando tá? Todo mundo comenta que ela é feia aí embaixo tá? Ah não, vai não, vai não, vai não! Tu tava escutando? É claro! Ai, nem sabia, nem sabia! Beleza Eduarda, vamos ver que tem nesse baú aqui, pelo que eu vi tem um pincel fi! Ah saiu na notícia que se a gente desenhar o negócio vai acontecer mesmo fi! Sério? É, eu vi falar né, a gente precisa testar né Eduarda, pra saber, não tem como a gente saber sem testar! Já fiz aqui o meu, o meu... Minha tela né, vou desenhar desse lado aqui, por causa do sol né, porque eu tenho uma técnica né, eu vou desenhar Eduarda, vou desenhar... Vou desenhar o rugi rugi! Menino, não desenha isso não, isso dá zá! Quem te falou isso? Deus!""",Avaliador_E,Avaliador_F
0,"Família, hoje nós vamos jogar Minecraft Congelado. Basicamente é uma mistura de Murder mais esconde-esconde. Nós começamos no mapa e uma pessoa é escolhida como Pegador. Só que dessa vez, ao ela encostar em outro jogador, ela congela esse jogador. Daí, as outras pessoas que estão espalhadas pelo mapa precisam chegar num jogador que está congelado e descongelar ele. Cara, eu falei tanto jogador e congelado que eu acho que até congelei meu cérebro. Mas, fiquem agora com o Minecraft Congelado. Música Uuuuh! Estamos aqui mais um Freeze Tag, que é a mistura de Murder mais esconde-esconde. Mas qual jogo aí também? Pode ser o Murder Congelado, né? Murder Congelado. É o Murder de gelo, velho. Meu Deus. Só que agora eu tenho o quê? Galera, são três Pegadores, mano. Eu vou ficar longe de todo mundo, mano. Ah, mano. Quem é? Quem é? É o K-Game. Ah, eu não sei, mano. É por isso que você não sabe. Isso é Murder, mano.",0.100766122341156,0.687864363193512,0.211369514465332,NEU,0.605867326259613,0.0058648684062063,0.0390234664082527,0.0069511216133832,0.0698192343115806,0.0109604354947805,0.0099536161869764,0.23379272,AuthenticGames,Minecraft,CONGELEI O MEU AMIGO NO NOVO ESCONDE-ESCONDE DO MINECRAFT  - Minecraft Congelado [ixuzIk4QUpI],,GZ,GZ,GZ,"🎬 Canal: AuthenticGames | 🎥 Vídeo: CONGELEI O MEU AMIGO NO NOVO ESCONDE-ESCONDE DO MINECRAFT  - Minecraft Congelado [ixuzIk4QUpI]
⏱️ Segmento/Index: 0
──────────────────────────────────────────────────
Fala transcrita:
""Família, hoje nós vamos jogar Minecraft Congelado. Basicamente é uma mistura de Murder mais esconde-esconde. Nós começamos no mapa e uma pessoa é escolhida como Pegador. Só que dessa vez, ao ela encostar em outro jogador, ela congela esse jogador. Daí, as outras pessoas que estão espalhadas pelo mapa precisam chegar num jogador que está congelado e descongelar ele. Cara, eu falei tanto jogador e congelado que eu acho que até congelei meu cérebro. Mas, fiquem agora com o Minecraft Congelado. Música Uuuuh! Estamos aqui mais um Freeze Tag, que é a mistura de Murder mais esconde-esconde. Mas qual jogo aí também? Pode ser o Murder Congelado, né? Murder Congelado. É o Murder de gelo, velho. Meu Deus. Só que agora eu tenho o quê? Galera, são três Pegadores, mano. Eu vou ficar longe de todo mundo, mano. Ah, mano. Quem é? Quem é? É o K-Game. Ah, eu não sei, mano. É por isso que você não sabe. Isso é Murder, mano.""",Avaliador_E,Avaliador_F
3,"Ah, então quer dizer que ele colocou gelo infinito, né? Aí tá só, eu manchei duas escravas, aí! Oxe, vai ser só bala, mano! Dia que eu gosto de escrava, mas pegado de longe acima, vai ser só agachou, levantou, subiu o capa, tá ligado? Mas lembrando bem qual é a regra do x1 dos crime! Ah, tô ligado, pô! Acho que o negócio é matar e matar, tá ligado? Eu lembro de um vez, eu joguei com um primo meu, ele tava com duas MP40, acho que pode depender de duas escravas, então acho que quando eu pegar o cabelo de lança vai ser só bala, tá ligado? Não, mas lembrando bem, se eu for num drop e pegar um lança, vai ser mais rápido, né? Que vai ser só um abacatão nele, tá ligado? Acho que fica mais de boa, né?",0.3382434844970703,0.6400644779205322,0.0216921120882034,NEU,0.4936550855636596,0.0008745610248297,0.0147149544209241,0.001434649922885,0.0206922944635152,0.2717876434326172,0.0020544894505292,0.37955463,meu nome é david,Roblox,X1 DOS CRIAS NA VIDA REAL   SUPER COMPILADOS [j-FPKmfw-c8],,GZ,GZ,GZ,"🎬 Canal: meu nome é david | 🎥 Vídeo: X1 DOS CRIAS NA VIDA REAL   SUPER COMPILADOS [j-FPKmfw-c8]
⏱️ Segmento/Index: 3
──────────────────────────────────────────────────
Fala transcrita:
""Ah, então quer dizer que ele colocou gelo infinito, né? Aí tá só, eu manchei duas escravas, aí! Oxe, vai ser só bala, mano! Dia que eu gosto de escrava, mas pegado de longe acima, vai ser só agachou, levantou, subiu o capa, tá ligado? Mas lembrando bem qual é a regra do x1 dos crime! Ah, tô ligado, pô! Acho que o negócio é matar e matar, tá ligado? Eu lembro de um vez, eu joguei com um primo meu, ele tava com duas MP40, acho que pode depender de duas escravas, então acho que quando eu pegar o cabelo de lança vai ser só bala, tá ligado? Não, mas lembrando bem, se eu for num drop e pegar um lança, vai ser mais rápido, né? Que vai ser só um abacatão nele, tá ligado? Acho que fica mais de boa, né?""",Avaliador_E,Avaliador_F
11,"Ai, ele abriu muito espaço agora! Não, não, não, não! Vou morrer, vou morrer! Caraca, ainda bem que eu consegui sair! Agora você tá preso nesse buraco! E eu vou explodir ele inteiro! Ué, cadê o Utsu? Será que ele morreu? Não, no chat não tá aparecendo nada! Eu acho que ele fugiu de mim! Ah, eu não queria usar isso, mas eu vou ter que usar! Pra fazer a trollagem final e acabar com o Utsu! Então deixa eu vir aqui e ativar o comando! Boa! Eu virei o buraco negro! E agora quando eu usar o meu poder, eu vou engolir esse mundo inteiro! Aí quer saber, o primeiro poder que eu vou usar vai ser o mais fraco dele! São 3, 2, 1, Buzer! O que é isso? Eu destruí toda essa parte com o poder mais fraco! Imagina com mais sorte! Eu vou destruir o resto do mundo inteiro! Eu só preciso encontrar o Utsu! Aonde será que ele tá? Utsu, cadê você? Ai, caramba! Será que o meteoro sumiu? Peraí, o que tá acontecendo? Que barulho é esse? Que que é isso? Eu não tô entendendo nada! Quer saber? Eu não vou ficar procurando ele não! Eu vou pegar e dar um TP nele pra mim!",0.928222358226776,0.0512275584042072,0.0205501094460487,NEG,0.958660364151001,0.0170739255845546,0.075999267399311,0.0055036181584,0.0493078306317329,0.0718670412898063,0.0522377490997314,0.6289369,Cadres,Minecraft,24 Horas Virando DESASTRES NATURAIS no Minecraft [aoS7KciXL4Q],,T,T,T,"🎬 Canal: Cadres | 🎥 Vídeo: 24 Horas Virando DESASTRES NATURAIS no Minecraft [aoS7KciXL4Q]
⏱️ Segmento/Index: 11
──────────────────────────────────────────────────
Fala transcrita:
""Ai, ele abriu muito espaço agora! Não, não, não, não! Vou morrer, vou morrer! Caraca, ainda bem que eu consegui sair! Agora você tá preso nesse buraco! E eu vou explodir ele inteiro! Ué, cadê o Utsu? Será que ele morreu? Não, no chat não tá aparecendo nada! Eu acho que ele fugiu de mim! Ah, eu não queria usar isso, mas eu vou ter que usar! Pra fazer a trollagem final e acabar com o Utsu! Então deixa eu vir aqui e ativar o comando! Boa! Eu virei o buraco negro! E agora quando eu usar o meu poder, eu vou engolir esse mundo inteiro! Aí quer saber, o primeiro poder que eu vou usar vai ser o mais fraco dele! São 3, 2, 1, Buzer! O que é isso? Eu destruí toda essa parte com o poder mais fraco! Imagina com mais sorte! Eu vou destruir o resto do mundo inteiro! Eu só preciso encontrar o Utsu! Aonde será que ele tá? Utsu, cadê você? Ai, caramba! Será que o meteoro sumiu? Peraí, o que tá acontecendo? Que barulho é esse? Que que é isso? Eu não tô entendendo nada! Quer saber? Eu não vou ficar procurando ele não! Eu vou pegar e dar um TP nele pra mim!""",Avaliador_E,Avaliador_F
14,"Tem, tem, tem... Tem, tem, tem... Tem, tem, tem... Tem, tem, tem... Tem, tem, tem... Tem, tem, tem...",0.0650004893541336,0.7908495664596558,0.1441499441862106,NEU,0.0009091438842006,3.716213905136101e-05,0.0005134511739015,7.45299257687293e-05,0.0005675433785654,5.677153603755869e-05,6.543623749166727e-05,0.0070369947,Kass e KR,Minecraft,INVADIMOS a FESTA de ANO NOVO dos RICOS no Minecraft [K2pCDWy-p9U],,NT,NT,NT,"🎬 Canal: Kass e KR | 🎥 Vídeo: INVADIMOS a FESTA de ANO NOVO dos RICOS no Minecraft [K2pCDWy-p9U]
⏱️ Segmento/Index: 14
──────────────────────────────────────────────────
Fala transcrita:
""Tem, tem, tem... Tem, tem, tem... Tem, tem, tem... Tem, tem, tem... Tem, tem, tem... Tem, tem, tem...""",Avaliador_E,Avaliador_F
12,"Ah, potrejo, potrejo, pode ir, pode ir. Ah, se eu pegasse um... Não, lança granada, não, se eu pegasse um... Não, um Rambam, se eu pegasse um A-W, bichinha, cês... Av, Maria, que é isso, pô? O drop só triscou em mim, cara, já tinha parado e eu morri. Que é isso, meu freefax? E aí, Zé Paulvin, tem o que no drop? Zé Paulvin? Zé Paulvin? Não, cara! O que vai que aconteceu? Reage! Sai daí, sai daí! Reage, reage! Cara, em todos esses anos, tu nunca me abandonou, pô, vai me deixar sozinho agora, pô, reage! Eu ainda tô aqui, pô!",0.2630526721477508,0.6877626180648804,0.0491847395896911,NEU,0.656586229801178,0.0059590288437902,0.0729849115014076,0.0057703759521245,0.0514235123991966,0.0051755299791693,0.1328401565551757,0.3389984,meu nome é david,Roblox,FREE FIRE BATTLEGROUNDS NA VIDA REAL 10 [YkxB7tZIQV8],,GZ,GZ,GZ,"🎬 Canal: meu nome é david | 🎥 Vídeo: FREE FIRE BATTLEGROUNDS NA VIDA REAL 10 [YkxB7tZIQV8]
⏱️ Segmento/Index: 12
──────────────────────────────────────────────────
Fala transcrita:
""Ah, potrejo, potrejo, pode ir, pode ir. Ah, se eu pegasse um... Não, lança granada, não, se eu pegasse um... Não, um Rambam, se eu pegasse um A-W, bichinha, cês... Av, Maria, que é isso, pô? O drop só triscou em mim, cara, já tinha parado e eu morri. Que é isso, meu freefax? E aí, Zé Paulvin, tem o que no drop? Zé Paulvin? Zé Paulvin? Não, cara! O que vai que aconteceu? Reage! Sai daí, sai daí! Reage, reage! Cara, em todos esses anos, tu nunca me abandonou, pô, vai me deixar sozinho agora, pô, reage! Eu ainda tô aqui, pô!""",Avaliador_E,Avaliador_F
4,"Eduardo, eu vou tacar no teu peito, não! A Jazz Ghost! Não, toma cuidado, não! Eu vou tacar no teu peito! Eu vou tacar no teu peito! Eu vou tacar no teu peito! A Jazz Ghost! Não, toma cuidado! O que é, Eduardo? É que ele tá mais bonito! Bonita! Não, peraí! É que ele tá mais bonito que... Ué, ele tá preto? Ah, mas esse Jazz tá meio escuro! O que aconteceu, velho? Vou testar! Teste, Eduardo, porque isso aí, eu tenho medo do que vai acontecer! Vai lá, Duda! Boa sorte! Meu Deus! Não! Que isso, gente? Ela vai explodir o baú! Que isso, gente? Nossa Senhora! Meu... Explodiu até o baú, gente! É que eu não sei voar com isso aqui, não! Não, é... É, percebemos, né, Eduardo? Calma que eu acho que agora vai dar certo! Não, é o mínimo, né? Que tem que... Morri! Gente, então eu acho que eu morri! É, gente, vimos que a do Jazz Ghost é meio perigosa, né? Vai ser usada aqui! Eu vou até tirar ela, porque senão não pode ser que aconteça alguma catástrofe! Inclusive, eu vou testar agora do Vinicius13, galera!",0.1077529117465019,0.6570541858673096,0.2351929098367691,NEU,0.9269726276397704,0.0111624095588922,0.0502154678106308,0.0078399386256933,0.0442236848175525,0.1532524973154068,0.0825520157814025,0.47323486,Marcelodrv,Minecraft,minecraft mas YOUTUBERS são ELYTRAS customizadas [uv27O2_iDT0],,T,T,T,"🎬 Canal: Marcelodrv | 🎥 Vídeo: minecraft mas YOUTUBERS são ELYTRAS customizadas [uv27O2_iDT0]
⏱️ Segmento/Index: 4
──────────────────────────────────────────────────
Fala transcrita:
""Eduardo, eu vou tacar no teu peito, não! A Jazz Ghost! Não, toma cuidado, não! Eu vou tacar no teu peito! Eu vou tacar no teu peito! Eu vou tacar no teu peito! A Jazz Ghost! Não, toma cuidado! O que é, Eduardo? É que ele tá mais bonito! Bonita! Não, peraí! É que ele tá mais bonito que... Ué, ele tá preto? Ah, mas esse Jazz tá meio escuro! O que aconteceu, velho? Vou testar! Teste, Eduardo, porque isso aí, eu tenho medo do que vai acontecer! Vai lá, Duda! Boa sorte! Meu Deus! Não! Que isso, gente? Ela vai explodir o baú! Que isso, gente? Nossa Senhora! Meu... Explodiu até o baú, gente! É que eu não sei voar com isso aqui, não! Não, é... É, percebemos, né, Eduardo? Calma que eu acho que agora vai dar certo! Não, é o mínimo, né? Que tem que... Morri! Gente, então eu acho que eu morri! É, gente, vimos que a do Jazz Ghost é meio perigosa, né? Vai ser usada aqui! Eu vou até tirar ela, porque senão não pode ser que aconteça alguma catástrofe! Inclusive, eu vou testar agora do Vinicius13, galera!""",Avaliador_E,Avaliador_F
1,"Vocês entendem, vocês entendem, então antes da gente sair andando com os nossos equipamentos Porque tem várias armas diferentes e também alguns acessórios que eu já vou estar mostrando Clica agora no botão de gostei, deixa muito joinha aí embaixo, se inscrevam no canal E ativem o sininho de notificações pra receber todos os vídeos novos, fechou? Então, opa, opa, calma, calma, McFly, abaixa isso, usa a pistolinha, você é melhor nem usar arma Vai na mão, você vai só no soquinho, tá bom? Queto bater é potente, hein? É, é potente, mas é... é... é... parou, parou, parou, parou, parou, parou, parou Porque a gente tem uma missão, nós temos primeiro de tudo, chegar até aquele baú no meio daqueles zumbis ali embaixo Eles estão protegendo aquele baú, então com certeza deve ter algo valioso lá dentro E pra chegar até lá teremos que usar as nossas armas, vai ser uma espécie de aquecimento Ô, pera aí, a gente tem que fazer um plano, tem que pensar um pouco Tá, o plano é chegar e atirar, tá bom? Não, não é só chegar e atirar, a gente pode já sair atirando de longe usando a nossa sniper Olha só, coloca o zumbi na mira e atira, viu?",0.1235262304544448,0.7715935111045837,0.1048802360892295,NEU,0.4910206198692322,0.0024039610289037,0.0207880027592182,0.0011758941691368,0.0170637834817171,0.4014527201652527,0.0029338104650378,0.3972142,JP Plays,Minecraft,MINECRAFT mas COM ARMAS [h1qn5jPVobU],,GZ,GZ,GZ,"🎬 Canal: JP Plays | 🎥 Vídeo: MINECRAFT mas COM ARMAS [h1qn5jPVobU]
⏱️ Segmento/Index: 1
──────────────────────────────────────────────────
Fala transcrita:
""Vocês entendem, vocês entendem, então antes da gente sair andando com os nossos equipamentos Porque tem várias armas diferentes e também alguns acessórios que eu já vou estar mostrando Clica agora no botão de gostei, deixa muito joinha aí embaixo, se inscrevam no canal E ativem o sininho de notificações pra receber todos os vídeos novos, fechou? Então, opa, opa, calma, calma, McFly, abaixa isso, usa a pistolinha, você é melhor nem usar arma Vai na mão, você vai só no soquinho, tá bom? Queto bater é potente, hein? É, é potente, mas é... é... é... parou, parou, parou, parou, parou, parou, parou Porque a gente tem uma missão, nós temos primeiro de tudo, chegar até aquele baú no meio daqueles zumbis ali embaixo Eles estão protegendo aquele baú, então com certeza deve ter algo valioso lá dentro E pra chegar até lá teremos que usar as nossas armas, vai ser uma espécie de aquecimento Ô, pera aí, a gente tem que fazer um plano, tem que pensar um pouco Tá, o plano é chegar e atirar, tá bom? Não, não é só chegar e atirar, a gente pode já sair atirando de longe usando a nossa sniper Olha só, coloca o zumbi na mira e atira, viu?""",Avaliador_E,Avaliador_F
13,"Ou a gente luta com vampiros que tem aqui, ou a gente vai atrás dele. Mas, família, eu vou deixar para fazer isso no próximo episódio. Se vocês tiverem gostado desse vídeo de Minecraft Lobisomimus Vampiros, já sabem, deixem muitos joinhas aí embaixo. Fiquem com Deus. Jesus te ama muito. Um grande abraço e tchau! Falou! Falou!",0.0263175088912248,0.561924159526825,0.4117583334445953,NEU,0.0125954179093241,0.0006393169169314,0.0106885433197021,0.0015131321270018,0.0056542702950537,0.0007364667835645,0.0015957442810758,0.12520397,AuthenticGames,Minecraft,VAMPIROS SUPER FORTES NO MINECRAFT - Vampiro Vs Lobisomem 29 [23d_R4q54rc],,NT,NT,NT,"🎬 Canal: AuthenticGames | 🎥 Vídeo: VAMPIROS SUPER FORTES NO MINECRAFT - Vampiro Vs Lobisomem 29 [23d_R4q54rc]
⏱️ Segmento/Index: 13
──────────────────────────────────────────────────
Fala transcrita:
""Ou a gente luta com vampiros que tem aqui, ou a gente vai atrás dele. Mas, família, eu vou deixar para fazer isso no próximo episódio. Se vocês tiverem gostado desse vídeo de Minecraft Lobisomimus Vampiros, já sabem, deixem muitos joinhas aí embaixo. Fiquem com Deus. Jesus te ama muito. Um grande abraço e tchau! Falou! Falou!""",Avaliador_E,Avaliador_F
10,"Empurra a menininha! Empurra a menininha! Empurra todo mundo! Ai! Ai! Eu peguei o barate! Eu peguei o barate! Eu peguei a coroa! Eu estou bravo agora! Vou voltar porque eu estou bravo! Não, Mordinha! Eu vou ganhar a coroa! Eu quero ganhar porque eu corro mais! Eu corro mais rápido porque eu cheguei primeiro! Porque a coroa é minha! Não é sua não! Não, a coroa é minha! Eu vou chegar primeiro! Vou chegar primeiro! E vou empurrar a mantinha! Não! Peguei a coroa! Agora eu peguei a coroa! Eu peguei agora! Eu peguei agora! Ai! Eu seguro?",0.1002115979790687,0.7695567607879639,0.1302316337823867,NEU,0.2841308712959289,0.0012824537698179,0.0187212284654378,0.0014745402149856,0.0115675562992692,0.0327920094132423,0.009201836772263,0.36867723,Lokis,Roblox,SUBINDO ESCADA QUE VAI NAS NUVENS  Roblox - Ragdoll King [qBKH09o-0lg],,GZ,GZ,GZ,"🎬 Canal: Lokis | 🎥 Vídeo: SUBINDO ESCADA QUE VAI NAS NUVENS  Roblox - Ragdoll King [qBKH09o-0lg]
⏱️ Segmento/Index: 10
──────────────────────────────────────────────────
Fala transcrita:
""Empurra a menininha! Empurra a menininha! Empurra todo mundo! Ai! Ai! Eu peguei o barate! Eu peguei o barate! Eu peguei a coroa! Eu estou bravo agora! Vou voltar porque eu estou bravo! Não, Mordinha! Eu vou ganhar a coroa! Eu quero ganhar porque eu corro mais! Eu corro mais rápido porque eu cheguei primeiro! Porque a coroa é minha! Não é sua não! Não, a coroa é minha! Eu vou chegar primeiro! Vou chegar primeiro! E vou empurrar a mantinha! Não! Peguei a coroa! Agora eu peguei a coroa! Eu peguei agora! Eu peguei agora! Ai! Eu seguro?""",Avaliador_E,Avaliador_F
11,"De espada não vai dar certo, não, e agora, pô, como que eu vou... Ah, eu já sei, pô, vou colocar em pratica, o Zé Pônia me ensinou, ele falou que é só imaginar as coisas, vou montar aqui nessa craft teva, um copo, e vou prestar também de fita pra amarrar a dinamite e também fogo, né, porque a dinamite tem fogo na dinamite, deixa eu ver, oxi, foi um arma, eu quero arma, eu quero dinamite, pera aí, uma preda, um fita, fita, fita, fita pra amarrar a corda, pra amarrar a dinamite e também um parril, isso, um parril pra botar na dinamite e aqui a dinamite, ó, por favor, segura aqui seu zumbi, essa dinamite pra mim tem que segurar, segura aí, pô, arma lisa, é, aah, meu Deus do céu. Meu Deus do céu. Consegui escapar, mano, matei o zumbi e tudo, é isso, mas ele matou o Zé Pônia, pô, como é que pode, o Zé Pônia tava me ajudando e tudo, aah, meu Deus do céu.",0.0980397835373878,0.8652681708335876,0.0366920158267021,NEU,0.2511497437953949,0.0022733104415237,0.0197124611586332,0.0014327651588246,0.0087035726755857,0.0822037234902381,0.0035067328717559,0.24603334,meu nome é david,Roblox,MINECRAFT NA VIDA REAL [ObvELdAZn-I],,GZ,GZ,GZ,"🎬 Canal: meu nome é david | 🎥 Vídeo: MINECRAFT NA VIDA REAL [ObvELdAZn-I]
⏱️ Segmento/Index: 11
──────────────────────────────────────────────────
Fala transcrita:
""De espada não vai dar certo, não, e agora, pô, como que eu vou... Ah, eu já sei, pô, vou colocar em pratica, o Zé Pônia me ensinou, ele falou que é só imaginar as coisas, vou montar aqui nessa craft teva, um copo, e vou prestar também de fita pra amarrar a dinamite e também fogo, né, porque a dinamite tem fogo na dinamite, deixa eu ver, oxi, foi um arma, eu quero arma, eu quero dinamite, pera aí, uma preda, um fita, fita, fita, fita pra amarrar a corda, pra amarrar a dinamite e também um parril, isso, um parril pra botar na dinamite e aqui a dinamite, ó, por favor, segura aqui seu zumbi, essa dinamite pra mim tem que segurar, segura aí, pô, arma lisa, é, aah, meu Deus do céu. Meu Deus do céu. Consegui escapar, mano, matei o zumbi e tudo, é isso, mas ele matou o Zé Pônia, pô, como é que pode, o Zé Pônia tava me ajudando e tudo, aah, meu Deus do céu.""",Avaliador_E,Avaliador_F
1,"O Hugwug tem 4 blocos e meio de altura. Então acho que uma pedra com uma laje vai funcionar. Ele não vai conseguir pular. Eu só vou colocar uma plaquinha aqui. Dentro das portas de ferro, escondi meus diamantes. Será que o Hugwug vai acreditar? Ah, se ele acreditar, ele é muito burro. Ih, ih, peraí, ele tá vindo. O Hugwug tá chegando e eu tô só observando ele. E ele parou pra olhar a placa e viu as portas. Será que ele vai ir? Ah, não. Ah, não, ele vai entrar ali mesmo. Ele ficou preso! Funcionou, galera! Eu não acredito que ele caiu nisso. E aparentemente o Hugwug esqueceu de trazer picareta. Vamos colocar blocos aqui ao redor. Aí, boa, perfeito. Hugwug preso. Mas esse aqui é só o primeiro de 12 monstros que querem roubar meus diamantes. O azul está vindo. Ele é um pouco mais inteligente que o Hugwug. Mas eu acabei de perceber uma coisa onde eu guardo meus diamantes. Eles estão em um baú embrulhado pra presente. Eu acho que é por isso que os mobs querem roubar meus diamantes.",0.5826203227043152,0.3823834359645843,0.034996286034584,NEG,0.2898415327072143,0.0008111846982501,0.0149476695805788,0.0012190331472083,0.1514307260513305,0.0023140250705182,0.0006219642818905,0.35186127,Athos,Minecraft,12 Jeitos de Proteger Diamantes dos Monstros no Minecraft [9R-bt2WsBt8],,GZ,GZ,GZ,"🎬 Canal: Athos | 🎥 Vídeo: 12 Jeitos de Proteger Diamantes dos Monstros no Minecraft [9R-bt2WsBt8]
⏱️ Segmento/Index: 1
──────────────────────────────────────────────────
Fala transcrita:
""O Hugwug tem 4 blocos e meio de altura. Então acho que uma pedra com uma laje vai funcionar. Ele não vai conseguir pular. Eu só vou colocar uma plaquinha aqui. Dentro das portas de ferro, escondi meus diamantes. Será que o Hugwug vai acreditar? Ah, se ele acreditar, ele é muito burro. Ih, ih, peraí, ele tá vindo. O Hugwug tá chegando e eu tô só observando ele. E ele parou pra olhar a placa e viu as portas. Será que ele vai ir? Ah, não. Ah, não, ele vai entrar ali mesmo. Ele ficou preso! Funcionou, galera! Eu não acredito que ele caiu nisso. E aparentemente o Hugwug esqueceu de trazer picareta. Vamos colocar blocos aqui ao redor. Aí, boa, perfeito. Hugwug preso. Mas esse aqui é só o primeiro de 12 monstros que querem roubar meus diamantes. O azul está vindo. Ele é um pouco mais inteligente que o Hugwug. Mas eu acabei de perceber uma coisa onde eu guardo meus diamantes. Eles estão em um baú embrulhado pra presente. Eu acho que é por isso que os mobs querem roubar meus diamantes.""",Avaliador_E,Avaliador_F
26,se eu perdi a chave eu vou ficar muito chata não não pera vou ficar muito chateada vou ficar muito chateada ai gente essa foi boa essa foi muito boa eu falei muita chave galera que daí ficou chata na minha cabeça entendeu ai ai ai suguro tem umas setas verde tem umas setas verde tem um raio ahhh obrigada vai ter um raio amarelo pra você em tua direção entendeu mamis vamos achar a chave ta tudo tranquilo ta tudo ótimo ta tudo bem entendeu daí aqui cadê a porta achei achei abre abre de sésamo ai eu vi que tinha bicho aqui aaaaaaa sucoo sucoo bicho,0.598840594291687,0.1561833769083023,0.2449760735034942,NEG,0.6397100687026978,0.0099052162840962,0.0619149133563041,0.0077921217307448,0.0411906242370605,0.0038759817834943,0.0290905479341745,0.37795907,Julia MineGirl,Roblox,Roblox - O ROUBO MAIS DIFÍCIL Castle Heist Adventure [njRpQ7CvBqE],,GZ,GZ,GZ,"🎬 Canal: Julia MineGirl | 🎥 Vídeo: Roblox - O ROUBO MAIS DIFÍCIL Castle Heist Adventure [njRpQ7CvBqE]
⏱️ Segmento/Index: 26
──────────────────────────────────────────────────
Fala transcrita:
""se eu perdi a chave eu vou ficar muito chata não não pera vou ficar muito chateada vou ficar muito chateada ai gente essa foi boa essa foi muito boa eu falei muita chave galera que daí ficou chata na minha cabeça entendeu ai ai ai suguro tem umas setas verde tem umas setas verde tem um raio ahhh obrigada vai ter um raio amarelo pra você em tua direção entendeu mamis vamos achar a chave ta tudo tranquilo ta tudo ótimo ta tudo bem entendeu daí aqui cadê a porta achei achei abre abre de sésamo ai eu vi que tinha bicho aqui aaaaaaa sucoo sucoo bicho""",Avaliador_E,Avaliador_F
75,"Ó, eu tenho que focar lá os encantador, família. Eles são os mais fortes. Vou morrer, vou morrer, vou morrer. Caraca, caraca. Caraca, saí no pinote. Meu senhor Jesus, velho. Corre. Corre que eu tô morrendo. Nossa, tomei poção de vida. Nossa, agora foi pedrada ali, hein, galera. Quase morri. Sai, sai, sai. Acho que o Kawei tá fazendo live também, né, Pokão? Peraí, ó, eu já sei o que eu vou fazer. Galera, essa pena eu não tô usando tanto. Eu vou trocar. Eu vou trocar. Peraí. Calma aí, galera, ó, eu vou fazer o seguinte. Eu vou colocar isso aqui no lugar da pena. Qual que é esse aqui? Esse aqui é aquele tiro explosivo, tá ligado? É esse aí, ó. Acabaram de ver ele em ação. Chama o lobo. Vem pro fight, vem pro fight. Nossa, olha os bichos gigantes aqui. Mano, os bichos dão muito dano. Corre, corre.",0.1131601855158805,0.4063376486301422,0.4805022478103637,POS,0.6951210498809814,0.0044185165315866,0.0747724622488021,0.00262345909141,0.0526014864444732,0.0323966369032859,0.0125812338665127,0.36095104,AuthenticGames,Minecraft,NOVOS ITENS NO MINECRAFT DUNGEONS  Novo Minecraft [im8Gi_xYEgE],,GZ,GZ,GZ,"🎬 Canal: AuthenticGames | 🎥 Vídeo: NOVOS ITENS NO MINECRAFT DUNGEONS  Novo Minecraft [im8Gi_xYEgE]
⏱️ Segmento/Index: 75
──────────────────────────────────────────────────
Fala transcrita:
""Ó, eu tenho que focar lá os encantador, família. Eles são os mais fortes. Vou morrer, vou morrer, vou morrer. Caraca, caraca. Caraca, saí no pinote. Meu senhor Jesus, velho. Corre. Corre que eu tô morrendo. Nossa, tomei poção de vida. Nossa, agora foi pedrada ali, hein, galera. Quase morri. Sai, sai, sai. Acho que o Kawei tá fazendo live também, né, Pokão? Peraí, ó, eu já sei o que eu vou fazer. Galera, essa pena eu não tô usando tanto. Eu vou trocar. Eu vou trocar. Peraí. Calma aí, galera, ó, eu vou fazer o seguinte. Eu vou colocar isso aqui no lugar da pena. Qual que é esse aqui? Esse aqui é aquele tiro explosivo, tá ligado? É esse aí, ó. Acabaram de ver ele em ação. Chama o lobo. Vem pro fight, vem pro fight. Nossa, olha os bichos gigantes aqui. Mano, os bichos dão muito dano. Corre, corre.""",Avaliador_E,Avaliador_F
8,"Começa logo! Estou esperando! Estou esperando junto com vocês! Aqui é final! Tá mudando de cor a tela! Mas por que não vai logo? Fica mudando a boca dele! Mas o jogo não entra! Eu vou contar até 10! Se não entrar eu vou trocar! 1 2 3 4 5 6 7 8 9 10 Ah, não entrou! Bacaria de jogo! Deixa eu tentar esse! Diz que está em construção esse... Vamos ver! Vamos ver se entra pelo menos! Posso estar brigando com o jogo, mas talvez seja a minha internet!",0.2749440670013428,0.6573635339736938,0.0676923766732215,NEU,0.2822163999080658,0.0039558014832437,0.0488108024001121,0.0029638698324561,0.0293948892503976,0.004781256429851,0.0072332052513957,0.22311419,Papile,Roblox,VIVENDO COMO SORVETEIRO ROD DO ICE SCREAM no ROBLOX [NFQt4xDH_1g],,GZ,GZ,GZ,"🎬 Canal: Papile | 🎥 Vídeo: VIVENDO COMO SORVETEIRO ROD DO ICE SCREAM no ROBLOX [NFQt4xDH_1g]
⏱️ Segmento/Index: 8
──────────────────────────────────────────────────
Fala transcrita:
""Começa logo! Estou esperando! Estou esperando junto com vocês! Aqui é final! Tá mudando de cor a tela! Mas por que não vai logo? Fica mudando a boca dele! Mas o jogo não entra! Eu vou contar até 10! Se não entrar eu vou trocar! 1 2 3 4 5 6 7 8 9 10 Ah, não entrou! Bacaria de jogo! Deixa eu tentar esse! Diz que está em construção esse... Vamos ver! Vamos ver se entra pelo menos! Posso estar brigando com o jogo, mas talvez seja a minha internet!""",Avaliador_E,Avaliador_F
10,"Eu tenho a gangorra. Vou colocar ela aqui nessa. Boa. Davi, vamos brincar. Cadê você? Calma aí, calma aí. Está aqui, está aqui. Olha só, eu tenho aqui uma... Ele está aqui. Coloca aí na árvore. Nossa, que legal. Calma aí. Eu vou botar aqui alguns balanços aqui. É uma festa. É uma festa. Tem muitos... Ah, que é isso? Que que é isso? Tem um zumbi aqui. Corre para casa. Corre, filho, para casa. Corre, corre, corre. Fecha a porta, fecha a porta. O fulé é muito forte. O que foi? O que foi isso? O que está acontecendo aqui, meu? Olhem pela janela. É um zumbi mutante. A gente tem que acabar com ele. Ele não pode estragar o nosso dia. Sobe, Beto. Vamos colocar a nossa armadura. Vem, Davi. Eu estou indo, Robin. Fica calmo. Meu, que coisa estranha. Do nada um zumbi. A gente estava preparando a nossa casa para o dia das crianças. Construindo um parque, colocando vários brinquedos aqui na frente. E de repente um zumbi mutante enorme apareceu para nos atacar e destruir tudo. Mas isso não vai ficar assim.",0.1101050227880477,0.8025602698326111,0.0873347222805023,NEU,0.3168044984340668,0.0008769434061832,0.0266843736171722,0.0007172637851908,0.0543122105300426,0.0726327523589134,0.0020877299830317,0.2330714,Robin Hood Gamer,Minecraft,AO VIVO FAMÍLIA ARQUEIRA NO DIA DAS CRIANÇAS NO MINECRAFT [KH7OGnqwN8U],,GZ,GZ,GZ,"🎬 Canal: Robin Hood Gamer | 🎥 Vídeo: AO VIVO FAMÍLIA ARQUEIRA NO DIA DAS CRIANÇAS NO MINECRAFT [KH7OGnqwN8U]
⏱️ Segmento/Index: 10
──────────────────────────────────────────────────
Fala transcrita:
""Eu tenho a gangorra. Vou colocar ela aqui nessa. Boa. Davi, vamos brincar. Cadê você? Calma aí, calma aí. Está aqui, está aqui. Olha só, eu tenho aqui uma... Ele está aqui. Coloca aí na árvore. Nossa, que legal. Calma aí. Eu vou botar aqui alguns balanços aqui. É uma festa. É uma festa. Tem muitos... Ah, que é isso? Que que é isso? Tem um zumbi aqui. Corre para casa. Corre, filho, para casa. Corre, corre, corre. Fecha a porta, fecha a porta. O fulé é muito forte. O que foi? O que foi isso? O que está acontecendo aqui, meu? Olhem pela janela. É um zumbi mutante. A gente tem que acabar com ele. Ele não pode estragar o nosso dia. Sobe, Beto. Vamos colocar a nossa armadura. Vem, Davi. Eu estou indo, Robin. Fica calmo. Meu, que coisa estranha. Do nada um zumbi. A gente estava preparando a nossa casa para o dia das crianças. Construindo um parque, colocando vários brinquedos aqui na frente. E de repente um zumbi mutante enorme apareceu para nos atacar e destruir tudo. Mas isso não vai ficar assim.""",Avaliador_E,Avaliador_F
12,"Eu acho que ele fez alguma coisa pra eu não conseguir atirar nele Ai, eu vou falar com ele, não importa Ô, jogador! Ai, quem é você? Não, eu sou um esqueleto que segura a espada Se você não falar comigo, eu vou te dar espadada E o que você quer? Eu quero ver se a minha flecha, eu consigo acertar ela em ti Ah, consegui! É só isso que você veio fazer aqui? Claro, eu vim pegar contigo! Não, calma, calma, calma Calma, não vamos se atacar Tem até uma coisa melhor Eu tô procurando o raio X Eu quero analisar meus ossos porque, acredite ou não, eu não era um esqueleto Eu morri, meus amigos me mataram Deixa eu até tirar essa armadura pra você ver melhor Aqui, até vou tirar o capacete Ai, ai, não, tô queimando, tô queimando, não Não, não, não, deixa pra água O capacete eu não posso tirar porque é dia Então, eu tô procurando o raio X pra eu descobrir qual é o meu problema E como eu faço pra voltar a ter um corpo? Raio X, eu acho que eu tenho alguma coisa no baú aqui É, eu preciso ir pro hospital, sabe? Hospital? Eu tenho exatamente isso Isso, deixa eu ver Localização do hospital pra você Ah, perfeito Eu não consigo pegar ela!",0.2402144968509674,0.7023776173591614,0.0574079155921936,NEU,0.8321837782859802,0.0143771115690469,0.0548439584672451,0.0047278911806643,0.0432246588170528,0.0699920728802681,0.0227525345981121,0.47886392,Athos,Minecraft,ATHOS VIROU ESQUELETO NO MINECRAFT [b87av7af748],,T,T,T,"🎬 Canal: Athos | 🎥 Vídeo: ATHOS VIROU ESQUELETO NO MINECRAFT [b87av7af748]
⏱️ Segmento/Index: 12
──────────────────────────────────────────────────
Fala transcrita:
""Eu acho que ele fez alguma coisa pra eu não conseguir atirar nele Ai, eu vou falar com ele, não importa Ô, jogador! Ai, quem é você? Não, eu sou um esqueleto que segura a espada Se você não falar comigo, eu vou te dar espadada E o que você quer? Eu quero ver se a minha flecha, eu consigo acertar ela em ti Ah, consegui! É só isso que você veio fazer aqui? Claro, eu vim pegar contigo! Não, calma, calma, calma Calma, não vamos se atacar Tem até uma coisa melhor Eu tô procurando o raio X Eu quero analisar meus ossos porque, acredite ou não, eu não era um esqueleto Eu morri, meus amigos me mataram Deixa eu até tirar essa armadura pra você ver melhor Aqui, até vou tirar o capacete Ai, ai, não, tô queimando, tô queimando, não Não, não, não, deixa pra água O capacete eu não posso tirar porque é dia Então, eu tô procurando o raio X pra eu descobrir qual é o meu problema E como eu faço pra voltar a ter um corpo? Raio X, eu acho que eu tenho alguma coisa no baú aqui É, eu preciso ir pro hospital, sabe? Hospital? Eu tenho exatamente isso Isso, deixa eu ver Localização do hospital pra você Ah, perfeito Eu não consigo pegar ela!""",Avaliador_E,Avaliador_F
11,"Vida louca! Mami, esse jogo tá meio fácil, viu? Tô me sentindo hoje! Eu caí no sorvete e não morri! O que? Lula, joga lá pra ver, luluca! Pode se jogar? Você já passou no checkpoint? Não tem... Calma, calma! Primeiro deixa eu passar no checkpoint aí! Tô passando, checkpoint! Ok, peguei! Se voltar eu vou matar no sorvete! Vem, vem! Pera aí! Sorvete tete você! Oh! Eu consegui ficar um tempo! Eu pulei três vezes dentro do sorvete azul! E aí, o que você fez? Aí eu passei pra cá! Peraí! Oh! Viu isso? Viu? Falei que dá! Não pode segurar o pé de zicula! É, não pode! Mas vamos acabar, agora a gente tem que... Achei legal, hein? Achei legal! Let's go! Sabe o que ele falou? Oh! Oh! My! God!",0.132267341017723,0.677675187587738,0.1900575011968612,NEU,0.506239652633667,0.0019044608343392,0.0792212635278701,0.0008517461828887,0.0498917438089847,0.018578240647912,0.0046516358852386,0.37458646,Luluca Games,Roblox,Roblox - ESCAPAMOS DA SORVETERIA MALUCA Escape The Ice Cream Obby  Luluca Games [2XXK8RDBgn0],0.1322672367095947,GZ,GZ,GZ,"🎬 Canal: Luluca Games | 🎥 Vídeo: Roblox - ESCAPAMOS DA SORVETERIA MALUCA Escape The Ice Cream Obby  Luluca Games [2XXK8RDBgn0]
⏱️ Segmento/Index: 11
──────────────────────────────────────────────────
Fala transcrita:
""Vida louca! Mami, esse jogo tá meio fácil, viu? Tô me sentindo hoje! Eu caí no sorvete e não morri! O que? Lula, joga lá pra ver, luluca! Pode se jogar? Você já passou no checkpoint? Não tem... Calma, calma! Primeiro deixa eu passar no checkpoint aí! Tô passando, checkpoint! Ok, peguei! Se voltar eu vou matar no sorvete! Vem, vem! Pera aí! Sorvete tete você! Oh! Eu consegui ficar um tempo! Eu pulei três vezes dentro do sorvete azul! E aí, o que você fez? Aí eu passei pra cá! Peraí! Oh! Viu isso? Viu? Falei que dá! Não pode segurar o pé de zicula! É, não pode! Mas vamos acabar, agora a gente tem que... Achei legal, hein? Achei legal! Let's go! Sabe o que ele falou? Oh! Oh! My! God!""",Avaliador_E,Avaliador_F
13,"Caramba. Chato. Mas não tava muito longe daqui não, K.R. Tava não, não tava não. Nossa, deixa eu fazer um pouquinho de back, que eu tô cheio de lixo aqui. Eu também tô. Tem alguma outra estrutura terra... Terreno aí? Hum, não. Só tem o templo e essa daí. Agora são duas do nether. É duas aqui, duas no nether e o stronghold, né? Beleza, galera. A gente vai fazer um portalzinho aqui. E a gente já volta. Beleza, galera! Conseguimos aqui fazer o portal. Agora a gente vai pro portal e fazer a estrutura lá. Vamos lá. A gente precisa de um monte de coisa, um negócio assim chato. A gente precisa disso aqui. Deixa eu ver aqui o que a gente precisa. Ih rapaz, nem esse não. E precisa, e precisa fazer estrutura? Olha ela aqui. Nascemos do lado da estrutura, velho. Como assim? Vamos lá, velho. Então, que sorte. Ai, a gente não precisa, velho. Olha isso, mano. Meu Deus. Como assim, cara? Que sorte, acho que a gente precisa desse bloco aqui também, ó. Pedra negra. Preciso de cinco pedra negra. Preciso dessa... É um netherrack mais vermelho. Não é um netherrack desse aqui comum. Não? Não é esse netherrack aqui. É uma pedra vermelha mais forte, sabe? Eu não lembro, eu não sei como é que é o nome dessa pedra ali.",0.9583699107170104,0.033469308167696,0.0081607066094875,NEG,0.3342882096767425,0.0059599722735583,0.0537673942744731,0.0043592494912445,0.0464525148272514,0.0051695401780307,0.0073917224071919,0.39441586,Kass e KR,Minecraft,Posso CRIAR ESTRUTURAS no Minecraft [aV9uPovI15w],,GZ,GZ,GZ,"🎬 Canal: Kass e KR | 🎥 Vídeo: Posso CRIAR ESTRUTURAS no Minecraft [aV9uPovI15w]
⏱️ Segmento/Index: 13
──────────────────────────────────────────────────
Fala transcrita:
""Caramba. Chato. Mas não tava muito longe daqui não, K.R. Tava não, não tava não. Nossa, deixa eu fazer um pouquinho de back, que eu tô cheio de lixo aqui. Eu também tô. Tem alguma outra estrutura terra... Terreno aí? Hum, não. Só tem o templo e essa daí. Agora são duas do nether. É duas aqui, duas no nether e o stronghold, né? Beleza, galera. A gente vai fazer um portalzinho aqui. E a gente já volta. Beleza, galera! Conseguimos aqui fazer o portal. Agora a gente vai pro portal e fazer a estrutura lá. Vamos lá. A gente precisa de um monte de coisa, um negócio assim chato. A gente precisa disso aqui. Deixa eu ver aqui o que a gente precisa. Ih rapaz, nem esse não. E precisa, e precisa fazer estrutura? Olha ela aqui. Nascemos do lado da estrutura, velho. Como assim? Vamos lá, velho. Então, que sorte. Ai, a gente não precisa, velho. Olha isso, mano. Meu Deus. Como assim, cara? Que sorte, acho que a gente precisa desse bloco aqui também, ó. Pedra negra. Preciso de cinco pedra negra. Preciso dessa... É um netherrack mais vermelho. Não é um netherrack desse aqui comum. Não? Não é esse netherrack aqui. É uma pedra vermelha mais forte, sabe? Eu não lembro, eu não sei como é que é o nome dessa pedra ali.""",Avaliador_E,Avaliador_F
3,"Aí eu vim pra trás dessa caixa aqui Pra esperar a movimentação do squad inimigo E eu pensei que eu ia ficar sozinha aqui Mas quando eu me dei conta O meu squad estava todo comigo aqui na base Sena linda de união no free fry E eu acabei de decretar que essa moleque Essa moleque A partir de hoje é a minha melhor amiga Vai BFF, me ajuda a atirar aí por favor Me ajuda a atirar, como é que é a atira de USP?",0.0204332061111927,0.1005704030394554,0.8789963722229004,POS,0.7246162295341492,0.0050623249262571,0.0419535562396049,0.0025850243400782,0.0331600122153759,0.058080181479454,0.0101079195737838,0.27412915,Amy Scarlet,Roblox,EU FINGI SER UM BOT [KL-ePj0xPrY],,GZ,GZ,GZ,"🎬 Canal: Amy Scarlet | 🎥 Vídeo: EU FINGI SER UM BOT [KL-ePj0xPrY]
⏱️ Segmento/Index: 3
──────────────────────────────────────────────────
Fala transcrita:
""Aí eu vim pra trás dessa caixa aqui Pra esperar a movimentação do squad inimigo E eu pensei que eu ia ficar sozinha aqui Mas quando eu me dei conta O meu squad estava todo comigo aqui na base Sena linda de união no free fry E eu acabei de decretar que essa moleque Essa moleque A partir de hoje é a minha melhor amiga Vai BFF, me ajuda a atirar aí por favor Me ajuda a atirar, como é que é a atira de USP?""",Avaliador_E,Avaliador_F
1,"Já que vamos enfrentar Endermans Mutantes antes do desafio do Enderman de Lucky Blocks, é melhor a gente se preparar. E aqui na parte de cima da nossa casa tem alguns itens especiais. Tem uma espada de ferro com afiação 2 e um arco super encantado que tem flechas infinitas. Faísca, tudo bem com você? Eu espero que esteja tudo bem, pois hoje eu vou correr um grande perigo aqui junto com o Davi. Vamos enfrentar Endermans Mutantes e depois iremos enfrentar o desafio Enderman de Lucky Blocks. Olha só, a faísca tá aqui, cala aí. O Rominho não tá vendo nada, eu vou roubar a faísca dele. Que história é essa de roubar a faísca, Davi? Melhor deixar ela aqui no quarto, porque se não ela vai correr perigo nesse desafio. Então vai pra lá que eu vou me preparar aqui agora. Minha espada tá aqui, minha armadura de Capitão Vaca, meu arco. Vai ser muito fera enfrentar Endermans Mutantes. Davi, tem um problema aqui! Você mexeu na minha porta e agora eu não tô conseguindo sair da minha... da minha casa. O que aconteceu aí? Ah, quebrei a porta e agora tudo foi resolvido.",0.030061712488532,0.8387220501899719,0.131216213107109,NEU,0.0157803315669298,0.0013625887222588,0.0155272232368588,0.0012068034848198,0.0142280487343668,0.0038718471769243,0.0008196923299692,0.13561769,Robin Hood Gamer,Minecraft,SOBREVIVA AO DESAFIO DO ENDERMAN DE LUCKY BLOCK PRETO NO MINECRAFT [HPdnEAFYWlY],,NT,NT,NT,"🎬 Canal: Robin Hood Gamer | 🎥 Vídeo: SOBREVIVA AO DESAFIO DO ENDERMAN DE LUCKY BLOCK PRETO NO MINECRAFT [HPdnEAFYWlY]
⏱️ Segmento/Index: 1
──────────────────────────────────────────────────
Fala transcrita:
""Já que vamos enfrentar Endermans Mutantes antes do desafio do Enderman de Lucky Blocks, é melhor a gente se preparar. E aqui na parte de cima da nossa casa tem alguns itens especiais. Tem uma espada de ferro com afiação 2 e um arco super encantado que tem flechas infinitas. Faísca, tudo bem com você? Eu espero que esteja tudo bem, pois hoje eu vou correr um grande perigo aqui junto com o Davi. Vamos enfrentar Endermans Mutantes e depois iremos enfrentar o desafio Enderman de Lucky Blocks. Olha só, a faísca tá aqui, cala aí. O Rominho não tá vendo nada, eu vou roubar a faísca dele. Que história é essa de roubar a faísca, Davi? Melhor deixar ela aqui no quarto, porque se não ela vai correr perigo nesse desafio. Então vai pra lá que eu vou me preparar aqui agora. Minha espada tá aqui, minha armadura de Capitão Vaca, meu arco. Vai ser muito fera enfrentar Endermans Mutantes. Davi, tem um problema aqui! Você mexeu na minha porta e agora eu não tô conseguindo sair da minha... da minha casa. O que aconteceu aí? Ah, quebrei a porta e agora tudo foi resolvido.""",Avaliador_E,Avaliador_F
5,"Tamo rico! Tamo rico, Eduarda! Tamo rico! Meu Deus, eu tô enxergando nada, meu filho, calma aí Mano, eu lanço um raio, olha isso, eu transformo... Olha como esse village é ostentação, olha a casa dele, Eduarda Caraca aí! Mano, agora eu queria ser um village, de verdade, olha a casa do maluco, mano Eu consigo acertar alguém assim? Não Consigo! Eu acertei a ovelha, ela virou... Uma esmeralda Que loucura Meu Deus Deixa eu te perguntar uma coisa, cadê os outros itens? Não, tá aqui, ó! Relaxa, filho, ó, ele foi o único... Olha, furo Rapaz, ele foi o único que sobreviveu, tá tudo certo Eduarda, vou fazer o de lava agora Faz o de lava, faz o de lava Porque eu tô com medo, eu tenho que fazer o de lava, vamos fazer o de lava Ó, vou até me afastar um pouco Meu Deus, tá Meu Deus do céu Vamos... Vamos vir pra cá? É, vamos se afastar, né? Porque é bem perigoso Vamos... Vamos... Aiaiaiai! Meu Deus, corre! Que isso? É o de lava, Eduarda, o que que tá acontecendo? Eu vou morrer! Aaaaaaah!",0.1551152169704437,0.5906468033790588,0.254237949848175,NEU,0.4855551421642303,0.0067801857367157,0.0553749166429042,0.0032380879856646,0.0356029160320758,0.0115289157256484,0.0086287865415215,0.24603334,Marcelodrv,Minecraft,MINECRAFT mas podemos fazer MÃOS CUSTOMIZADAS [NrQLEh7EWqU],,GZ,GZ,GZ,"🎬 Canal: Marcelodrv | 🎥 Vídeo: MINECRAFT mas podemos fazer MÃOS CUSTOMIZADAS [NrQLEh7EWqU]
⏱️ Segmento/Index: 5
──────────────────────────────────────────────────
Fala transcrita:
""Tamo rico! Tamo rico, Eduarda! Tamo rico! Meu Deus, eu tô enxergando nada, meu filho, calma aí Mano, eu lanço um raio, olha isso, eu transformo... Olha como esse village é ostentação, olha a casa dele, Eduarda Caraca aí! Mano, agora eu queria ser um village, de verdade, olha a casa do maluco, mano Eu consigo acertar alguém assim? Não Consigo! Eu acertei a ovelha, ela virou... Uma esmeralda Que loucura Meu Deus Deixa eu te perguntar uma coisa, cadê os outros itens? Não, tá aqui, ó! Relaxa, filho, ó, ele foi o único... Olha, furo Rapaz, ele foi o único que sobreviveu, tá tudo certo Eduarda, vou fazer o de lava agora Faz o de lava, faz o de lava Porque eu tô com medo, eu tenho que fazer o de lava, vamos fazer o de lava Ó, vou até me afastar um pouco Meu Deus, tá Meu Deus do céu Vamos... Vamos vir pra cá? É, vamos se afastar, né? Porque é bem perigoso Vamos... Vamos... Aiaiaiai! Meu Deus, corre! Que isso? É o de lava, Eduarda, o que que tá acontecendo? Eu vou morrer! Aaaaaaah!""",Avaliador_E,Avaliador_F
8,"Vem cá, vem cá, vem cá, vem cá, vem cá Vem cá que eu acho que eu tenho uma solução Eles não sabem que eu tenho um ovo de TNT Ai, não, ele veio, não Meu Deus do céu Eduardo, cadê você? Não tô nem te vendo Então é isso, galera, o vídeo vai ficando por aqui Espero que você que tá assistindo tenha gostado Aproveita e deixa o like aqui embaixo Também se inscreva no canal e ativa o sininho Pra não perder nenhum vídeo aqui desse canal maravilhoso O Eduardo também postou um vídeo, galera Tá aqui na descrição e também nos comentários Vai lá ver o canal dela Tem que deixar o like lá, hein Compartilhar também Segue também o Eduardo lá no Instagram Que tá aparecendo aqui na tela e também tá na descrição, galera Falta pouquinho pra gente chegar a 1 milhão de inscritos aqui no canal Então já vai compartilhando esse vídeo com 3 amigos seus Então é isso, galera, valeu Falou e tchau Eduardo, vamos fazer um Tira-O-Alvo aqui? Será que a gente consegue acertar essa abelha no ar? Será?",0.068302646279335,0.4626089036464691,0.4690883755683899,POS,0.0488617680966854,0.0035069196019321,0.041093360632658,0.0034863105975091,0.0246790144592523,0.0018604190554469,0.0023489447776228,0.19939905,Marcelodrv,Minecraft,MINECRAFT mas AS GALINHAS BOTAM OVOS CUSTOMIZADOS [9I7YQo0rK7o],,NT,NT,NT,"🎬 Canal: Marcelodrv | 🎥 Vídeo: MINECRAFT mas AS GALINHAS BOTAM OVOS CUSTOMIZADOS [9I7YQo0rK7o]
⏱️ Segmento/Index: 8
──────────────────────────────────────────────────
Fala transcrita:
""Vem cá, vem cá, vem cá, vem cá, vem cá Vem cá que eu acho que eu tenho uma solução Eles não sabem que eu tenho um ovo de TNT Ai, não, ele veio, não Meu Deus do céu Eduardo, cadê você? Não tô nem te vendo Então é isso, galera, o vídeo vai ficando por aqui Espero que você que tá assistindo tenha gostado Aproveita e deixa o like aqui embaixo Também se inscreva no canal e ativa o sininho Pra não perder nenhum vídeo aqui desse canal maravilhoso O Eduardo também postou um vídeo, galera Tá aqui na descrição e também nos comentários Vai lá ver o canal dela Tem que deixar o like lá, hein Compartilhar também Segue também o Eduardo lá no Instagram Que tá aparecendo aqui na tela e também tá na descrição, galera Falta pouquinho pra gente chegar a 1 milhão de inscritos aqui no canal Então já vai compartilhando esse vídeo com 3 amigos seus Então é isso, galera, valeu Falou e tchau Eduardo, vamos fazer um Tira-O-Alvo aqui? Será que a gente consegue acertar essa abelha no ar? Será?""",Avaliador_E,Avaliador_F
10,"Peraí, viu? Famas? Oxe, tu é doido, é? Meu Deus, não me livre, meu Deus, não me livre. Eu jogar de famas? Pra que que eu vou jogar de famas se eu tenho uma arma melhor do que a famas? Quem nunca jogou de clar, né? Ih, rapaz, já achei um gelin? Ah, meu Deus, já é meu dia de sorte. E ele acha que ele é quem? Eu sou o Mobile e faço gelin agachado. Já vou testar ali que é pra entender aí. Visca, mano, e quando ele vê esse gelin agachado ele vai se treinando todo dia, meu bom.",0.6283430457115173,0.3188488781452179,0.052808117121458,NEG,0.676051139831543,0.002900046762079,0.0491933114826679,0.0071966452524065,0.1054460406303405,0.0033422745764255,0.01259948592633,0.32074678,meu nome é david,Roblox,X1 DOS CRIAS NA VIDA REAL   SUPER COMPILADOS [j-FPKmfw-c8],,GZ,GZ,GZ,"🎬 Canal: meu nome é david | 🎥 Vídeo: X1 DOS CRIAS NA VIDA REAL   SUPER COMPILADOS [j-FPKmfw-c8]
⏱️ Segmento/Index: 10
──────────────────────────────────────────────────
Fala transcrita:
""Peraí, viu? Famas? Oxe, tu é doido, é? Meu Deus, não me livre, meu Deus, não me livre. Eu jogar de famas? Pra que que eu vou jogar de famas se eu tenho uma arma melhor do que a famas? Quem nunca jogou de clar, né? Ih, rapaz, já achei um gelin? Ah, meu Deus, já é meu dia de sorte. E ele acha que ele é quem? Eu sou o Mobile e faço gelin agachado. Já vou testar ali que é pra entender aí. Visca, mano, e quando ele vê esse gelin agachado ele vai se treinando todo dia, meu bom.""",Avaliador_E,Avaliador_F
3,"Eu sei! E Sofía, não esquece do outro braço não, tá bom, Sofía? Tá bom? Uhum. E Sofía, é pra pintar de verde, tá bom? Tá bom? Tá bom? Eu sei! A Mandinha, depois você não esquece de pintar de verde também não, tá, Mandinha? Tá bom! E a Mandinha, pra você é fácil lembrar, porque você é verde, né, Mandinha? Sim! Aí a Mandinha, como você é verde, não tem como esquecer porque essa você olha pra cor da sua roupinha, né? Isso! Aí, Mandinha, se você esquecer qual a cor dele é só pintar pro seu sapo, ele sabe o sapo, né? Sim, ele sabe. É que... Trapassa! Trapassa! Ô, Nath, você falou que ia ser sem cabeça e o seu tem cabeça, Nath, eu tô vendo a cabeça, Nath. Agora eu não quero mais com cabeça, eu quero ele bocudo. Bocudo, você vai fazer ele com bocão, Nath? Sim, com bocão enorme. Ô, Nath, eu só não coloco uma tromba nele porque ele não é elefante igual você, tá bom, Nath? Ah, eu queria! Não, Nath, porque o verde do Rainbow Friends, ele não tem tromba, tá bom? Tá bom? Não tem, não. Tá bom?",0.0993022546172142,0.7976358532905579,0.1030619069933891,NEU,0.4065095782279968,0.0035837232135236,0.0520996302366256,0.0032610388007014,0.0550406649708747,0.0141860824078321,0.0130595695227384,0.20265625,Lokis,Roblox,VERDE DESENHO NA PAREDE DO RAINBOW FRIENDS  Roblox - Spray Paint [Z0f5cwYKWZY],,GZ,GZ,GZ,"🎬 Canal: Lokis | 🎥 Vídeo: VERDE DESENHO NA PAREDE DO RAINBOW FRIENDS  Roblox - Spray Paint [Z0f5cwYKWZY]
⏱️ Segmento/Index: 3
──────────────────────────────────────────────────
Fala transcrita:
""Eu sei! E Sofía, não esquece do outro braço não, tá bom, Sofía? Tá bom? Uhum. E Sofía, é pra pintar de verde, tá bom? Tá bom? Tá bom? Eu sei! A Mandinha, depois você não esquece de pintar de verde também não, tá, Mandinha? Tá bom! E a Mandinha, pra você é fácil lembrar, porque você é verde, né, Mandinha? Sim! Aí a Mandinha, como você é verde, não tem como esquecer porque essa você olha pra cor da sua roupinha, né? Isso! Aí, Mandinha, se você esquecer qual a cor dele é só pintar pro seu sapo, ele sabe o sapo, né? Sim, ele sabe. É que... Trapassa! Trapassa! Ô, Nath, você falou que ia ser sem cabeça e o seu tem cabeça, Nath, eu tô vendo a cabeça, Nath. Agora eu não quero mais com cabeça, eu quero ele bocudo. Bocudo, você vai fazer ele com bocão, Nath? Sim, com bocão enorme. Ô, Nath, eu só não coloco uma tromba nele porque ele não é elefante igual você, tá bom, Nath? Ah, eu queria! Não, Nath, porque o verde do Rainbow Friends, ele não tem tromba, tá bom? Tá bom? Não tem, não. Tá bom?""",Avaliador_E,Avaliador_F
16,"Ah, Cadris, pera aí, rapidinho! Deixa eu só terminar de ajeitar aqui, aqui... Ah, não, não, NARU, para com isso! Que isso, NARU, eu vim aqui ver essa construção, você tacou lava nela! Eu não taquei lava nada, essa lava apareceu do nada! Assim como aquele negócio ali esquisito que tem uma assombração dentro! Uma assombração? Como assim uma assombração? É, entra aqui pra você ver, ó! Um bicho esquisito que tem ali dentro, ó lá, ó! Ah, esse daqui, nossa, esse daqui é muito fofo! Essa daqui é sua construção? Que? Fofo? É, olha só a carinha dele! Cadris, olha pra cá desse bicho! Bicho é feio demais, não é fofo, não! Ele é muito fofo a boquinha dele, nossa! Eu acho que as daqui você vai viver, você! Esse bicho aqui tá incrível, esse outro aqui tá horrível, né? Mas o outro lá tá incrível! Não, Cadris, o panda é o fofinho, Cadris! Não, o panda tá horrível, o panda me dá medo! Mas, ó, NARU, vem aqui! O panda te dá medo? Pra você ver, a minha construção, ela também ficou muito fofa, igual a sua! Cadris, que bicho é esse, Cadris?",0.9394814968109132,0.0519848987460136,0.0085335224866867,NEG,0.4118740260601043,0.0046291118487715,0.0500093102455139,0.0031724204309284,0.0515256933867931,0.0047581479884684,0.0095715783536434,0.29039988,Cadres,Minecraft,Usei MÃO DA WANDINHA PRONTA na BATALHA DE CONSTRUÇÃO do MINECRAFT [Bnj6Yj1UXrg],,GZ,GZ,GZ,"🎬 Canal: Cadres | 🎥 Vídeo: Usei MÃO DA WANDINHA PRONTA na BATALHA DE CONSTRUÇÃO do MINECRAFT [Bnj6Yj1UXrg]
⏱️ Segmento/Index: 16
──────────────────────────────────────────────────
Fala transcrita:
""Ah, Cadris, pera aí, rapidinho! Deixa eu só terminar de ajeitar aqui, aqui... Ah, não, não, NARU, para com isso! Que isso, NARU, eu vim aqui ver essa construção, você tacou lava nela! Eu não taquei lava nada, essa lava apareceu do nada! Assim como aquele negócio ali esquisito que tem uma assombração dentro! Uma assombração? Como assim uma assombração? É, entra aqui pra você ver, ó! Um bicho esquisito que tem ali dentro, ó lá, ó! Ah, esse daqui, nossa, esse daqui é muito fofo! Essa daqui é sua construção? Que? Fofo? É, olha só a carinha dele! Cadris, olha pra cá desse bicho! Bicho é feio demais, não é fofo, não! Ele é muito fofo a boquinha dele, nossa! Eu acho que as daqui você vai viver, você! Esse bicho aqui tá incrível, esse outro aqui tá horrível, né? Mas o outro lá tá incrível! Não, Cadris, o panda é o fofinho, Cadris! Não, o panda tá horrível, o panda me dá medo! Mas, ó, NARU, vem aqui! O panda te dá medo? Pra você ver, a minha construção, ela também ficou muito fofa, igual a sua! Cadris, que bicho é esse, Cadris?""",Avaliador_E,Avaliador_F
6,"Volta e dá um nesse pouquinho, tá atrás de tu aí, só de mal. Não, não deu, não deu. Que foi um golpe reversa. Reversa, reversa! Aí, ó, pega agora da frente. No ar, ó. Ah, não deu, não deu. Que trago, ó. Olha, x1, x1, eu e o samurai, vem. Toma! O samurai, vê? Ele não treinou com o mestre super dinamitration. Tá o dinamitron que treinou com o dinamitration. Ah... Vai, eita, aí ó, o famoso bloc-bloc. Tu quer que eu faça o quê com esse show-tigum verde, velho? Ele não é dinamitron, velho. Tu mata ele aí, mano. Tu pega ele, tá caindo no laser, aí vai ser épico, tá ligado? Tu pega ele no coração, volta ele para o lateral, mas tu tem que parar ele... Meu Deus! E menina, tu quer passar uma nervosa na força, é? Meu Deus, cadê ele? Foi de F já? Já, tô... Por que ele caiu? Porque ele não é dinamitron. Eu fui o primeiro que caiu, ó, de um ali, ó. Vai, vai, vai, eu quero ver... Elimina o povo, cara, elimina o povo, quero ver a agressividade. Tu é um cara muito pacífico, velho. Aqui, ó, ó, ó. Eu vou fingir que não vi.",0.5661858320236206,0.399209976196289,0.0346042364835739,NEG,0.405001699924469,0.0022932693827897,0.0307202786207199,0.0026625038590282,0.0644508376717567,0.018315739929676,0.0102194864302873,0.33338684,meu nome é david,Roblox,O DYNAMITRON TEM PODERES ESPECIAIS  DESAFIO DAS SKINS SPECIAIS NO STUMBLE GUYS [j_YgvR6mngA],,GZ,GZ,GZ,"🎬 Canal: meu nome é david | 🎥 Vídeo: O DYNAMITRON TEM PODERES ESPECIAIS  DESAFIO DAS SKINS SPECIAIS NO STUMBLE GUYS [j_YgvR6mngA]
⏱️ Segmento/Index: 6
──────────────────────────────────────────────────
Fala transcrita:
""Volta e dá um nesse pouquinho, tá atrás de tu aí, só de mal. Não, não deu, não deu. Que foi um golpe reversa. Reversa, reversa! Aí, ó, pega agora da frente. No ar, ó. Ah, não deu, não deu. Que trago, ó. Olha, x1, x1, eu e o samurai, vem. Toma! O samurai, vê? Ele não treinou com o mestre super dinamitration. Tá o dinamitron que treinou com o dinamitration. Ah... Vai, eita, aí ó, o famoso bloc-bloc. Tu quer que eu faça o quê com esse show-tigum verde, velho? Ele não é dinamitron, velho. Tu mata ele aí, mano. Tu pega ele, tá caindo no laser, aí vai ser épico, tá ligado? Tu pega ele no coração, volta ele para o lateral, mas tu tem que parar ele... Meu Deus! E menina, tu quer passar uma nervosa na força, é? Meu Deus, cadê ele? Foi de F já? Já, tô... Por que ele caiu? Porque ele não é dinamitron. Eu fui o primeiro que caiu, ó, de um ali, ó. Vai, vai, vai, eu quero ver... Elimina o povo, cara, elimina o povo, quero ver a agressividade. Tu é um cara muito pacífico, velho. Aqui, ó, ó, ó. Eu vou fingir que não vi.""",Avaliador_E,Avaliador_F
7,"Ela vai ficar lá em cima mesmo, segurando o ponto Aí eu fiquei esperando mais ainda ela aqui para ver se ela ia descer E nada de Lucrecia Ela não pulou, não fez nada, nada de Lucrecia Eu falei, vou me embora, vou me picar A safe está fechando Mas agora eu vou contar um mistério que vai deixar vocês muito assustados Eu vou voltar para uma parte do vídeo que ninguém percebeu nada E eu que só vim perceber quando vim editar o vídeo Então se liga, olha o que aconteceu quando eu pulei Olha o corpo de Lucrecia aqui no chão e eu não tinha percebido Eu só percebi agora depois que eu fui editar o vídeo, gente Eu to muito assustada Aí eu lembrei que no início do vídeo Eu tinha dado um murro de 72 na Lucrecia, gente Eu matei a Lucrecia E ela pulou comigo, ou seja, eu fui a pessoa que induziu ela ao suicídio Gente, eu to muito assustada Mas é aquilo, vida que segue, ela que lute Agora eu quero fazer o meu boiá para ganhar minha missão E cá estou eu como de costume andando no aberto Que é a coisa que eu mais amo fazer na minha vida Achar que eu sonjava ali, correndo aberto no mato E tava tudo bem até eu inventar de ir na zona amarela pra ver quem tava perto de mim Só curiosidade mesmo porque eu nem ia matar ninguém Eu cheguei lá e não é que tinha um pontinho vermelho Eu falei, olha, tem um marginal aqui, vou correr logo E foi aí que começou tudo a dar errado O pontinho vermelho tava se aproximando de mim, cara Eu falei, oh meu Deus, eu só vim ver, eu só vim fofocar Eu não quero, não, não, o pontinho vermelho se aproximando Fui aí que eu fui ao meu primeiro 150 Nessa hora você não sabe que é gelo agachado Você não sabe que é gelo deitado Você só sabe se segurar pra você não morrer Eu não tinha mais gelo, não tinha mais dignidade Eu não tinha mais nada Pra mim humilhação é isso, você tá se escondendo atrás de um árvore pra você não morrer E isso pra mim que é humilhação, né? Nem você morrer, você tá se escondendo atrás de um árvore Todo mundo sempre me disse na vida Se tiver em choque, liga pro Batman Não tinha telefoninho, não tinha nada, eu tava em choque Não tinha quem me socorresse Nessa hora não tinha um duo, não tinha um squad E toma 150, o menino tava errando num tiro, gente É nessas horas que eu me pergunto Por que é que eu jogo free fire? Vai passar raiva, vai ser humilhada?",0.1756296753883361,0.609947919845581,0.2144223600625991,NEU,0.5323365926742554,0.0144186178222298,0.051055546849966,0.0060987467877566,0.0446574725210666,0.0177435372024774,0.0137892924249172,0.20335422,Amy Scarlet,Roblox,Não use o portal do Free Fire [BwSrIqzeJVE],,GZ,GZ,GZ,"🎬 Canal: Amy Scarlet | 🎥 Vídeo: Não use o portal do Free Fire [BwSrIqzeJVE]
⏱️ Segmento/Index: 7
──────────────────────────────────────────────────
Fala transcrita:
""Ela vai ficar lá em cima mesmo, segurando o ponto Aí eu fiquei esperando mais ainda ela aqui para ver se ela ia descer E nada de Lucrecia Ela não pulou, não fez nada, nada de Lucrecia Eu falei, vou me embora, vou me picar A safe está fechando Mas agora eu vou contar um mistério que vai deixar vocês muito assustados Eu vou voltar para uma parte do vídeo que ninguém percebeu nada E eu que só vim perceber quando vim editar o vídeo Então se liga, olha o que aconteceu quando eu pulei Olha o corpo de Lucrecia aqui no chão e eu não tinha percebido Eu só percebi agora depois que eu fui editar o vídeo, gente Eu to muito assustada Aí eu lembrei que no início do vídeo Eu tinha dado um murro de 72 na Lucrecia, gente Eu matei a Lucrecia E ela pulou comigo, ou seja, eu fui a pessoa que induziu ela ao suicídio Gente, eu to muito assustada Mas é aquilo, vida que segue, ela que lute Agora eu quero fazer o meu boiá para ganhar minha missão E cá estou eu como de costume andando no aberto Que é a coisa que eu mais amo fazer na minha vida Achar que eu sonjava ali, correndo aberto no mato E tava tudo bem até eu inventar de ir na zona amarela pra ver quem tava perto de mim Só curiosidade mesmo porque eu nem ia matar ninguém Eu cheguei lá e não é que tinha um pontinho vermelho Eu falei, olha, tem um marginal aqui, vou correr logo E foi aí que começou tudo a dar errado O pontinho vermelho tava se aproximando de mim, cara Eu falei, oh meu Deus, eu só vim ver, eu só vim fofocar Eu não quero, não, não, o pontinho vermelho se aproximando Fui aí que eu fui ao meu primeiro 150 Nessa hora você não sabe que é gelo agachado Você não sabe que é gelo deitado Você só sabe se segurar pra você não morrer Eu não tinha mais gelo, não tinha mais dignidade Eu não tinha mais nada Pra mim humilhação é isso, você tá se escondendo atrás de um árvore pra você não morrer E isso pra mim que é humilhação, né? Nem você morrer, você tá se escondendo atrás de um árvore Todo mundo sempre me disse na vida Se tiver em choque, liga pro Batman Não tinha telefoninho, não tinha nada, eu tava em choque Não tinha quem me socorresse Nessa hora não tinha um duo, não tinha um squad E toma 150, o menino tava errando num tiro, gente É nessas horas que eu me pergunto Por que é que eu jogo free fire? Vai passar raiva, vai ser humilhada?""",Avaliador_E,Avaliador_F
29,"Olha o diamante, olha pra trás Tá, agora deu certo, jovem Escondem Pronto Estou escondido, deu certo Eu já Sai Eu já sai Eu já sai, já mergulhei aqui Pô, aqui Cronometrem então Agora conte dez minutos Então Estou contando dez minutos Saudades Deixa eu ver se eu estou bem camuflado aqui Calma um pouquinho pra direita Aqui eu consigo ver o Spock Se ele aparecer Estou vendo ele já E aí, hipocão? O que você está fazendo aí Perto da Redstone, velho? Tá no alto, velho Vou começar a denunciar essas coisas aí Estou no esconderijo Tá bom galera, eu vou parar de ficar falando E denunciando as coisas Ah, aproveitando pra lembrar Maninhos e maninhas que moram em Florianópolis Dia 4 de junho Eu estou aí em Florianópolis Com o Authentic Games O show vai ser no centro de convenções Centro-sul, então espero ver todos vocês lá Galera, vai aqui na descrição do vídeo Chama seu papai, mamãe, tia, mamãe Todo mundo Pra comprar seu ingresso e te levar lá No show do Authentic, que vai ser muito bacana Minha primeira vez em Florianópolis Ok?",0.0486856698989868,0.8212891817092896,0.130025178194046,NEU,0.0144971599802374,0.0036945552565157,0.0330705568194389,0.0028437112923711,0.0365841016173362,0.001724564936012,0.003378291381523,0.004775103,AuthenticGames,Minecraft,ESCONDE-ESCONDE de MINÉRIOS no MINECRAFT - FILME [vF2wvoc8Q84],,NT,NT,NT,"🎬 Canal: AuthenticGames | 🎥 Vídeo: ESCONDE-ESCONDE de MINÉRIOS no MINECRAFT - FILME [vF2wvoc8Q84]
⏱️ Segmento/Index: 29
──────────────────────────────────────────────────
Fala transcrita:
""Olha o diamante, olha pra trás Tá, agora deu certo, jovem Escondem Pronto Estou escondido, deu certo Eu já Sai Eu já sai Eu já sai, já mergulhei aqui Pô, aqui Cronometrem então Agora conte dez minutos Então Estou contando dez minutos Saudades Deixa eu ver se eu estou bem camuflado aqui Calma um pouquinho pra direita Aqui eu consigo ver o Spock Se ele aparecer Estou vendo ele já E aí, hipocão? O que você está fazendo aí Perto da Redstone, velho? Tá no alto, velho Vou começar a denunciar essas coisas aí Estou no esconderijo Tá bom galera, eu vou parar de ficar falando E denunciando as coisas Ah, aproveitando pra lembrar Maninhos e maninhas que moram em Florianópolis Dia 4 de junho Eu estou aí em Florianópolis Com o Authentic Games O show vai ser no centro de convenções Centro-sul, então espero ver todos vocês lá Galera, vai aqui na descrição do vídeo Chama seu papai, mamãe, tia, mamãe Todo mundo Pra comprar seu ingresso e te levar lá No show do Authentic, que vai ser muito bacana Minha primeira vez em Florianópolis Ok?""",Avaliador_E,Avaliador_F
17,"Sofía caiu Sofía caiu, sofía caiu Caiu Essa Sofía atrapalhada E agora como que ela vai voltar Não sei, tá bom O loquinho vai pulando Todos os quadradinhos Gente, vamos ficar juntinho pra gente ajudar os amiguinhos, né Espera, eu tô ensalada Vamos esperar todo mundo chegar Espera um pouquinho Ai, sabe, sabe, sabe Sabe, sabe, sabe, sabe Todo mundo sabe, sabe, sabe Sabe, sabe, sabe, sabe Sabe todo mundo Sabe no cabeção Ai, é assim que pode ajudar os amiguinhos Vai no buraquinho Na bolinha, na bolinha Vai, vai, pula Ai, ai Ae Me pulou, me pulou Não gostei Pula, o loquinho, pula, pula",0.3298276960849762,0.5799519419670105,0.0902203544974327,NEU,0.0601091496646404,0.0024893993977457,0.0315209329128265,0.0026945995632559,0.0337696224451065,0.0026322896592319,0.0035096416249871,0.11057663,Lokis,Roblox,QUEM PULA MAIS ALTO  Roblox - Jump Out The Hole [-b4exlEjRJw],,NT,NT,NT,"🎬 Canal: Lokis | 🎥 Vídeo: QUEM PULA MAIS ALTO  Roblox - Jump Out The Hole [-b4exlEjRJw]
⏱️ Segmento/Index: 17
──────────────────────────────────────────────────
Fala transcrita:
""Sofía caiu Sofía caiu, sofía caiu Caiu Essa Sofía atrapalhada E agora como que ela vai voltar Não sei, tá bom O loquinho vai pulando Todos os quadradinhos Gente, vamos ficar juntinho pra gente ajudar os amiguinhos, né Espera, eu tô ensalada Vamos esperar todo mundo chegar Espera um pouquinho Ai, sabe, sabe, sabe Sabe, sabe, sabe, sabe Todo mundo sabe, sabe, sabe Sabe, sabe, sabe, sabe Sabe todo mundo Sabe no cabeção Ai, é assim que pode ajudar os amiguinhos Vai no buraquinho Na bolinha, na bolinha Vai, vai, pula Ai, ai Ae Me pulou, me pulou Não gostei Pula, o loquinho, pula, pula""",Avaliador_E,Avaliador_F
21,"Espero que você não tenha ficado entediado, não, fiquei mais assim como posso dizer, assustado do que entediado né. O que? Anotações? Tarefas? Criaturas estranhas dos campos e da floresta? Eu certamente enviei pra você apenas uma carta e deixei apenas uma anotação na porta da frente antes de você chegar. Você provavelmente teve um pesadelo de algum tipo e eu não culpo você. Realmente é um pouco assustador aqui às vezes. Especialmente quando você está sozinho. Bem você não precisa mais se preocupar com isso. Que tal se eu fizer um pouco de café da manhã pra gente e dar um tour pra você pela propriedade? Pode ser tio, pode ser. Espero que você esteja pronto para a diversão de verão. Eu estou pronto tio. Ending 2. Eu fiz o, galera eu fiz o final 2. Então quer dizer que tem o final 1 que eu não fiz. Será que o final 1 seria aquele quando eu abri, quando eu, aliás quando eu tranquei as portas na ordem errada? Porque nessa segunda play que eu fiz eu tranquei na ordem certa né? Aí eu fiz o final 2.",0.2938913702964782,0.5689932107925415,0.137115404009819,NEU,0.004094807896763,0.0001762873434927,0.0047438777983188,0.0001704641617834,0.0033534006215631,0.0001893617591122,0.0001576665526954,0.17631748,Tex HS,Roblox,fui passar a SEXTA DO TERROR na fazenda assombrada do meu tio [eqlttFPO1l4],,NT,NT,NT,"🎬 Canal: Tex HS | 🎥 Vídeo: fui passar a SEXTA DO TERROR na fazenda assombrada do meu tio [eqlttFPO1l4]
⏱️ Segmento/Index: 21
──────────────────────────────────────────────────
Fala transcrita:
""Espero que você não tenha ficado entediado, não, fiquei mais assim como posso dizer, assustado do que entediado né. O que? Anotações? Tarefas? Criaturas estranhas dos campos e da floresta? Eu certamente enviei pra você apenas uma carta e deixei apenas uma anotação na porta da frente antes de você chegar. Você provavelmente teve um pesadelo de algum tipo e eu não culpo você. Realmente é um pouco assustador aqui às vezes. Especialmente quando você está sozinho. Bem você não precisa mais se preocupar com isso. Que tal se eu fizer um pouco de café da manhã pra gente e dar um tour pra você pela propriedade? Pode ser tio, pode ser. Espero que você esteja pronto para a diversão de verão. Eu estou pronto tio. Ending 2. Eu fiz o, galera eu fiz o final 2. Então quer dizer que tem o final 1 que eu não fiz. Será que o final 1 seria aquele quando eu abri, quando eu, aliás quando eu tranquei as portas na ordem errada? Porque nessa segunda play que eu fiz eu tranquei na ordem certa né? Aí eu fiz o final 2.""",Avaliador_E,Avaliador_F
2,"Não, não Tem que trabalhar Quem trabalha no restaurante só almoça quando todos os clientes comerem primeiro Nossa, sério, eu tô com fome agora Três, dois, um e começou Tá, eu tô esperando aqui pra servir, hein Tá, eu tenho que falar aqui com as pessoas o que ele quer, vamos ver Não tem nenhum pedido pra mim ainda Eu não tenho nada pra servir ainda Batatinha frita Só quero ver o Texin preparar essas comidas, gente Eu tô fritando a batatinha, calma, calma A gente não pode falir o restaurante, hein Tá saindo mais Não pode falir o restaurante, não vai não vou pagar as contas Não, gente, ó, e aqui, pessoal, meu menú Temos batatinha frita, temos hambúrguer Nossa, ajuda devagar, hein, olha o tamanho da fila Devagar? Ah, entregou a batata? Já entrei, já, ô, garçomete, vamos aí Já tô indo, já tô indo, vou servir, vou servir Prontinho Já servi, já Tá, beleza Nossa Tem um monte de hambúrguer aqui, vai queimar, vai Tem que sim, ô Vamos Não há de queimar hambúrguer, não, hein Olha o tanto de hambúrguer Texinho, meu Deus, o Texinho tem muita coisa pra preparar, gente Você é a vergonha da profissão Você é a vergonha da profissão Meu Deus, gente E daí, batatinha? Texinho, você tem tempo Eu sou a garçomete, eu não quero nem saber, eu não gosto de ajudar ninguém Vamos lá, os hamburguerzinhos aqui, ó Nossa, quatro hambúrguer, quem que pediu tudo isso? Então Não é uma pessoa que pediu tudo Vai, fake é pra família, né? É, mas eu sou só um aqui, o cozinheiro, né?",0.4129397273063659,0.4744358658790588,0.1126244217157363,NEU,0.2223383784294128,0.0054000164382159,0.0502140186727047,0.0058377189561724,0.0377252623438835,0.0024228640832006,0.0065491264685988,0.22311419,Julia MineGirl,Roblox,Roblox - FAÇA SEU PEDIDO DE LANCHE AQUI Burger Bay [OSoyv1KoXR4],,GZ,GZ,GZ,"🎬 Canal: Julia MineGirl | 🎥 Vídeo: Roblox - FAÇA SEU PEDIDO DE LANCHE AQUI Burger Bay [OSoyv1KoXR4]
⏱️ Segmento/Index: 2
──────────────────────────────────────────────────
Fala transcrita:
""Não, não Tem que trabalhar Quem trabalha no restaurante só almoça quando todos os clientes comerem primeiro Nossa, sério, eu tô com fome agora Três, dois, um e começou Tá, eu tô esperando aqui pra servir, hein Tá, eu tenho que falar aqui com as pessoas o que ele quer, vamos ver Não tem nenhum pedido pra mim ainda Eu não tenho nada pra servir ainda Batatinha frita Só quero ver o Texin preparar essas comidas, gente Eu tô fritando a batatinha, calma, calma A gente não pode falir o restaurante, hein Tá saindo mais Não pode falir o restaurante, não vai não vou pagar as contas Não, gente, ó, e aqui, pessoal, meu menú Temos batatinha frita, temos hambúrguer Nossa, ajuda devagar, hein, olha o tamanho da fila Devagar? Ah, entregou a batata? Já entrei, já, ô, garçomete, vamos aí Já tô indo, já tô indo, vou servir, vou servir Prontinho Já servi, já Tá, beleza Nossa Tem um monte de hambúrguer aqui, vai queimar, vai Tem que sim, ô Vamos Não há de queimar hambúrguer, não, hein Olha o tanto de hambúrguer Texinho, meu Deus, o Texinho tem muita coisa pra preparar, gente Você é a vergonha da profissão Você é a vergonha da profissão Meu Deus, gente E daí, batatinha? Texinho, você tem tempo Eu sou a garçomete, eu não quero nem saber, eu não gosto de ajudar ninguém Vamos lá, os hamburguerzinhos aqui, ó Nossa, quatro hambúrguer, quem que pediu tudo isso? Então Não é uma pessoa que pediu tudo Vai, fake é pra família, né? É, mas eu sou só um aqui, o cozinheiro, né?""",Avaliador_E,Avaliador_F
4,"você não consegue reviver tá vivo aproveita a sua vida vou trazer aqui pra barreira aí, derrubou aqui calma, cadê? aqui reviveram já, não larguei a pessoa pra trás eu tava revivendo mas o Vinicius Jr. tava vindo atrás de mim agora eu tô vivão como que vocês estão morrendo povo? vocês não param de morrer meu Deus do céu eu não tô vencendo não é preciso citar todo mundo não aí ó melhor eu sair daqui um pouquinho porque o bot não...",0.8699676990509033,0.0809374675154686,0.0490948967635631,NEG,0.7998053431510925,0.0104710822924971,0.0610262304544448,0.0078390780836343,0.0589925795793533,0.0108859632164239,0.0102151567116379,0.3827457,Tex HS,Roblox,FIGURINHAS DA COPA DO MUNDO no EVADE Roblox Evade [c0jP6Ksdt5k],,GZ,GZ,GZ,"🎬 Canal: Tex HS | 🎥 Vídeo: FIGURINHAS DA COPA DO MUNDO no EVADE Roblox Evade [c0jP6Ksdt5k]
⏱️ Segmento/Index: 4
──────────────────────────────────────────────────
Fala transcrita:
""você não consegue reviver tá vivo aproveita a sua vida vou trazer aqui pra barreira aí, derrubou aqui calma, cadê? aqui reviveram já, não larguei a pessoa pra trás eu tava revivendo mas o Vinicius Jr. tava vindo atrás de mim agora eu tô vivão como que vocês estão morrendo povo? vocês não param de morrer meu Deus do céu eu não tô vencendo não é preciso citar todo mundo não aí ó melhor eu sair daqui um pouquinho porque o bot não...""",Avaliador_E,Avaliador_F
15,"Deixa para lá, se ele desaparecer, tudo bem, mas se ele não desaparecer, a gente pode fazer algo bem maneiro com ele no futuro. Traz um machado que eu ainda tô precisando de machado. Tudo bem, vou trazer o machado, falar que aqui tem ferro, falar que aqui tem ferro, aqui não tem ferro. Vai falar que tem pedra, tem pedra, mas não tanto de pedra que eu preciso. Se você puder, Davi, já traga dois machados de pedra. Eu vou ter que fazer aqui muita laje para fazer o telhado do estábulo. Os cavalos não podem tomar chuva. Eu gosto muito de cavalo, mano, seria muito top ter um cavalo na vida real, mas como é muito difícil, eu vou ter um cavalo aqui nesse mundo quadrado. Muitos cavalos, na verdade. Esse cavalo aqui das pintinhas, ele agora é o novo cavalo mais bonito. Rami, consegui achar muita pedra, então eu vou poder aí tirar o machado de pedra. Traga os machados urgente, Davi, porque eu já comecei o telhado, esse telhado aqui vai ser top. E os cavalos agora ficarão protegidos da chuva, com toda certeza.",0.1819735914468765,0.7315486073493958,0.0864778459072113,NEU,0.0071443007327616,0.000908434332814,0.0096917897462844,0.0004721423320006,0.0056702438741922,0.0042732004076242,0.0006808456382714,0.11336674,Robin Hood Gamer,Minecraft,CONSEGUIMOS MUITOS CAVALOS E ELES GANHARAM UMA CASA MINECRAFT ERA DA REDSTONE 11 [C2RTibwtohM],,NT,NT,NT,"🎬 Canal: Robin Hood Gamer | 🎥 Vídeo: CONSEGUIMOS MUITOS CAVALOS E ELES GANHARAM UMA CASA MINECRAFT ERA DA REDSTONE 11 [C2RTibwtohM]
⏱️ Segmento/Index: 15
──────────────────────────────────────────────────
Fala transcrita:
""Deixa para lá, se ele desaparecer, tudo bem, mas se ele não desaparecer, a gente pode fazer algo bem maneiro com ele no futuro. Traz um machado que eu ainda tô precisando de machado. Tudo bem, vou trazer o machado, falar que aqui tem ferro, falar que aqui tem ferro, aqui não tem ferro. Vai falar que tem pedra, tem pedra, mas não tanto de pedra que eu preciso. Se você puder, Davi, já traga dois machados de pedra. Eu vou ter que fazer aqui muita laje para fazer o telhado do estábulo. Os cavalos não podem tomar chuva. Eu gosto muito de cavalo, mano, seria muito top ter um cavalo na vida real, mas como é muito difícil, eu vou ter um cavalo aqui nesse mundo quadrado. Muitos cavalos, na verdade. Esse cavalo aqui das pintinhas, ele agora é o novo cavalo mais bonito. Rami, consegui achar muita pedra, então eu vou poder aí tirar o machado de pedra. Traga os machados urgente, Davi, porque eu já comecei o telhado, esse telhado aqui vai ser top. E os cavalos agora ficarão protegidos da chuva, com toda certeza.""",Avaliador_E,Avaliador_F
