comments_total,authors_total,comments_mean_day,comments_avg_day,comments_median_day,comments_max_day
127,110,0.8089171974522293,3.154430660892998,0.0,36
304,263,1.8650306748466257,5.459746452557457,1.0,58
1721,1430,8.917098445595855,35.368497162547534,1.0,404
