comments_total,authors_total,comments_mean_day,comments_avg_day,comments_median_day,comments_max_day
68,58,0.2328767123287671,1.7974441414944142,0.0,25
46,38,0.13897280966767372,1.1620348541626229,0.0,20
138,117,0.3612565445026178,1.9468977927402877,0.0,29
