comments_total,authors_total,comments_mean_day,comments_avg_day,comments_median_day,comments_max_day
64,59,0.14446952595936793,1.0895990693772561,0.0,21
1750,1402,4.032258064516129,12.519504264833134,0.0,195
79,70,1.0972222222222223,3.0264548228896757,0.0,17
