index,tiras,negatividade,neutralidade,positividade,sentimento_dominante,toxicity,severe_toxicity,obscene,identity_attack,insult,threat,sexual_explicit,p_toxicity,Creator Name,Game Environment,Video Name,toxicidade,class_detoxify,class_perspective,classificacao_ia,texto_exibicao,Anotador_1,Anotador_2
4,"Pra janta, olha eu não sei cara, umas 3 maçãs talvez, umas 3 maçãs vai, vá para casa, por que eu tô olhando para baixo? Vá para casa, é comigo mesmo, vou levar minhas três maçãs para casa, essa vai ser minha janta. Não quero comer nada muito pesado, porque já tá tarde da noite, não vai dar para fazer a digestão direito e tal, eu disse que não é bom comer nada muito pesado a noite né, antes de dormir, quem ouve eu falando acho que eu faço isso, eu não bato uma pratada a noite, não tá nem aí, a minha casa era uma das últimas? Era essa aqui? Meu Deus cara, que susto, o cara tá me stalkeando aqui em casa, o Ismaelimã, o que está fazendo da sua vida cara? O que está fazendo? Vai morar na sua casa lá cara, vai dormir, tá tarde da noite e você fica stalkeando os outros aqui meu?",0.1922368854284286,0.7737963199615479,0.0339668504893779,NEU,0.0448640398681163,0.000611393013969,0.0083371736109256,0.0035559320822358,0.011781339533627,0.0020847059786319,0.0012549494858831,0.1104733,Tex HS,Roblox,cuidado com o SMILING MAN [5A4NyBJFqYI],,NT,NT,NT,"🎬 Canal: Tex HS | 🎥 Vídeo: cuidado com o SMILING MAN [5A4NyBJFqYI]
⏱️ Segmento/Index: 4
──────────────────────────────────────────────────
Fala transcrita:
""Pra janta, olha eu não sei cara, umas 3 maçãs talvez, umas 3 maçãs vai, vá para casa, por que eu tô olhando para baixo? Vá para casa, é comigo mesmo, vou levar minhas três maçãs para casa, essa vai ser minha janta. Não quero comer nada muito pesado, porque já tá tarde da noite, não vai dar para fazer a digestão direito e tal, eu disse que não é bom comer nada muito pesado a noite né, antes de dormir, quem ouve eu falando acho que eu faço isso, eu não bato uma pratada a noite, não tá nem aí, a minha casa era uma das últimas? Era essa aqui? Meu Deus cara, que susto, o cara tá me stalkeando aqui em casa, o Ismaelimã, o que está fazendo da sua vida cara? O que está fazendo? Vai morar na sua casa lá cara, vai dormir, tá tarde da noite e você fica stalkeando os outros aqui meu?""",Avaliador_A,Avaliador_B
15,"É isso, mesa de encantamentos, tá na hora, eu vou pegar a fiação 1 aqui pra minha espada, ah, eu tirei da mesa de encantamentos, ela já virou outra coisa, mas eu ainda vou encantar o meu peitoral e a minha calça, inclusive eu já vou deixar o meu peitoral aqui no meu inventário, porque aí quando eu ver a próxima mesa de encantamentos eu já tô prontinho pra colocar o peitoral na mesa. Aham, beleza, cadê? Eu tô andando um monte aqui, até agora não vi um bloco de lápis lazuli, diamante eu não preciso mais! Eu acho que nem é necessário tanto assim encantar, David, porque você não vai conseguir coisas tão boas, o que eu preciso, que eu tô precisando muito, é uma mesa de trabalho, mas eu não encontro! O Creeper apareceu aqui bem na hora que eu encontrei mais um bloco de diamante, eu também tô precisando de uma mesa de trabalho agora! Ah, eu tô com um bloco de lápis lazuli, calma! Não, não, Creeper, não, meu bloco, cara! Ah, veio lápis! Fiz a armadura completa de diamante, finalmente! Robin, você quer diamante? Eu já tenho diamante, só falta a mesa de trabalho, só falta eu ficar com o diamante aqui, você e o David já ficaram! É, mas cadê a mesa de encantamentos? Achei, eu preciso só encostar nela, não, ela virou outra coisa!",0.0503536090254783,0.6892471313476562,0.2603992819786072,NEU,0.3070980906486511,0.0074313543736934,0.0590021349489688,0.0037928211968392,0.0343584194779396,0.011044418439269,0.0139926085248589,0.21642438,Robin Hood Gamer,Minecraft,Minecraft mas onde você olha blocos aleatórios aparecem... [vTfvO00a6CI],,GZ,GZ,GZ,"🎬 Canal: Robin Hood Gamer | 🎥 Vídeo: Minecraft mas onde você olha blocos aleatórios aparecem... [vTfvO00a6CI]
⏱️ Segmento/Index: 15
──────────────────────────────────────────────────
Fala transcrita:
""É isso, mesa de encantamentos, tá na hora, eu vou pegar a fiação 1 aqui pra minha espada, ah, eu tirei da mesa de encantamentos, ela já virou outra coisa, mas eu ainda vou encantar o meu peitoral e a minha calça, inclusive eu já vou deixar o meu peitoral aqui no meu inventário, porque aí quando eu ver a próxima mesa de encantamentos eu já tô prontinho pra colocar o peitoral na mesa. Aham, beleza, cadê? Eu tô andando um monte aqui, até agora não vi um bloco de lápis lazuli, diamante eu não preciso mais! Eu acho que nem é necessário tanto assim encantar, David, porque você não vai conseguir coisas tão boas, o que eu preciso, que eu tô precisando muito, é uma mesa de trabalho, mas eu não encontro! O Creeper apareceu aqui bem na hora que eu encontrei mais um bloco de diamante, eu também tô precisando de uma mesa de trabalho agora! Ah, eu tô com um bloco de lápis lazuli, calma! Não, não, Creeper, não, meu bloco, cara! Ah, veio lápis! Fiz a armadura completa de diamante, finalmente! Robin, você quer diamante? Eu já tenho diamante, só falta a mesa de trabalho, só falta eu ficar com o diamante aqui, você e o David já ficaram! É, mas cadê a mesa de encantamentos? Achei, eu preciso só encostar nela, não, ela virou outra coisa!""",Avaliador_A,Avaliador_B
2,"Cadê, vai! Vai pra essa... Não, tem que matar ela mesmo, mata você primeiro pra você testar, Eduardo Meu Deus... Eduardo, acerta tudo, menos a galinha Matei! Tadinha da galinha, gente! Agora o que que eu faço? Agora, vê se desbloqueou, pra mim não desbloqueou, né? Porque não fui eu que matei a galinha Desbloqueou, desbloqueou, desbloqueou! Vai, Eduardo, testa esse negócio aí então Tem que apertar... Olha, tudo que sobe é... Não sei se você sabe, desce Pera, você tá descendo... Eu pensei que ia descer igual a galinha Não desceu Eduardo, eu não vou dar mole e já vou pegar aqui uma madeira que eu também quero pegar uma galinha Vou te ajudar Pega a outra madeira, não pega a mesma que eu não, né, maluca? Isso aqui é craft interval, vou fazer uma picareta porque eu vou pegar emprestado, né? A casa do amigo aqui, ó Porque...",0.9290189146995544,0.0551084242761135,0.0158727131783962,NEG,0.9297595620155334,0.0090491734445095,0.0414635241031646,0.0041811717674136,0.0504553951323032,0.2445729374885559,0.0093729207292199,0.584095,Marcelodrv,Minecraft,COMO GANHAR os PODERES dos MOBS DO MINECRAFT [aT6dun2i92g],,T,T,T,"🎬 Canal: Marcelodrv | 🎥 Vídeo: COMO GANHAR os PODERES dos MOBS DO MINECRAFT [aT6dun2i92g]
⏱️ Segmento/Index: 2
──────────────────────────────────────────────────
Fala transcrita:
""Cadê, vai! Vai pra essa... Não, tem que matar ela mesmo, mata você primeiro pra você testar, Eduardo Meu Deus... Eduardo, acerta tudo, menos a galinha Matei! Tadinha da galinha, gente! Agora o que que eu faço? Agora, vê se desbloqueou, pra mim não desbloqueou, né? Porque não fui eu que matei a galinha Desbloqueou, desbloqueou, desbloqueou! Vai, Eduardo, testa esse negócio aí então Tem que apertar... Olha, tudo que sobe é... Não sei se você sabe, desce Pera, você tá descendo... Eu pensei que ia descer igual a galinha Não desceu Eduardo, eu não vou dar mole e já vou pegar aqui uma madeira que eu também quero pegar uma galinha Vou te ajudar Pega a outra madeira, não pega a mesma que eu não, né, maluca? Isso aqui é craft interval, vou fazer uma picareta porque eu vou pegar emprestado, né? A casa do amigo aqui, ó Porque...""",Avaliador_A,Avaliador_B
2,Onde é que é? Onde é que é? Onde é que é? Onde é que é? Onde é que é? Onde é que é? Onde é que é?,0.1368171423673629,0.8278830647468567,0.0352998040616512,NEU,0.0011380949290469,0.0035878394264727,0.0283036213368177,0.0037463172338902,0.0215559061616659,0.001693672616966,0.0008003447437658,0.0068799187,Luluca Games,Roblox,Roblox - FUI PRESA COM MINHA MÃE NA PRISÃO DO SR. BOOMER Escape Mr. Boomers Prison  Luluca Games [ZF-hWVvBXA0],0.1368171870708465,NT,NT,NT,"🎬 Canal: Luluca Games | 🎥 Vídeo: Roblox - FUI PRESA COM MINHA MÃE NA PRISÃO DO SR. BOOMER Escape Mr. Boomers Prison  Luluca Games [ZF-hWVvBXA0]
⏱️ Segmento/Index: 2
──────────────────────────────────────────────────
Fala transcrita:
""Onde é que é? Onde é que é? Onde é que é? Onde é que é? Onde é que é? Onde é que é? Onde é que é?""",Avaliador_A,Avaliador_B
4,"Pronto. Nossa, lá vai. Lá vai. Tem que bater a hundi pra responder. Mano, você... eu vou botar aqui, ó, vou botar o botão aqui, ó. Pera aí. Então, beleza, vai. Quem está de vermelho é o Lipão, não é isso? Isso, vai. Passa ou repassa ao vivo? Quem está de branco, quem é que está de branco? Sou eu, sou eu, bibi. Boa. Bibi, muito bem. Pergunta. Atenção, mão na orelha. Mão na orelha. Mão na orelha. Mão na orelha, bota... Ai, meu Deus. Tira a mão do mouse, Lipão, tira a mão do mouse. Eu tire a mão do mouse, estou aqui com a mão na orelha já. Como é que se diz arco-íris em inglês? A bibi. A bibi. Foi a bibi, foi a bibi. Bibi. Arco-íris... Rainbow. Certa a resposta. A gente não sabia. Bota na cara do Bibi. Bibi! Não vou lhe dar uma tratada, não. Não vou lhe dar uma tratada, não. Bota na cara do Bibi. Vai, espoque Kauê agora, hein, mano? Vai lá, espoque Kauêzinho no passo ou repassa no Minecraft. Assim, Kauê. Levanta a mão, os dois levantam a mão. A gente está aqui, eu sou o juiz dos dois, mano. Ó, a galera vai ver, mano. O primeiro, ó, eu vou ter que me mear meu pontinho. Isso aqui é apertar, né? Quem está de verde? É, quem é apertar?",0.0584390312433242,0.5512672066688538,0.3902937769889831,NEU,0.2248035371303558,0.0031983412336558,0.0456046499311924,0.0049427603371441,0.0299373343586921,0.0097682094201445,0.0258393250405788,0.295883,AuthenticGames,Minecraft,SURVIVAL COM CELSO PORTIOLLI E BIBI [Bs1767uhq84],,GZ,GZ,GZ,"🎬 Canal: AuthenticGames | 🎥 Vídeo: SURVIVAL COM CELSO PORTIOLLI E BIBI [Bs1767uhq84]
⏱️ Segmento/Index: 4
──────────────────────────────────────────────────
Fala transcrita:
""Pronto. Nossa, lá vai. Lá vai. Tem que bater a hundi pra responder. Mano, você... eu vou botar aqui, ó, vou botar o botão aqui, ó. Pera aí. Então, beleza, vai. Quem está de vermelho é o Lipão, não é isso? Isso, vai. Passa ou repassa ao vivo? Quem está de branco, quem é que está de branco? Sou eu, sou eu, bibi. Boa. Bibi, muito bem. Pergunta. Atenção, mão na orelha. Mão na orelha. Mão na orelha. Mão na orelha, bota... Ai, meu Deus. Tira a mão do mouse, Lipão, tira a mão do mouse. Eu tire a mão do mouse, estou aqui com a mão na orelha já. Como é que se diz arco-íris em inglês? A bibi. A bibi. Foi a bibi, foi a bibi. Bibi. Arco-íris... Rainbow. Certa a resposta. A gente não sabia. Bota na cara do Bibi. Bibi! Não vou lhe dar uma tratada, não. Não vou lhe dar uma tratada, não. Bota na cara do Bibi. Vai, espoque Kauê agora, hein, mano? Vai lá, espoque Kauêzinho no passo ou repassa no Minecraft. Assim, Kauê. Levanta a mão, os dois levantam a mão. A gente está aqui, eu sou o juiz dos dois, mano. Ó, a galera vai ver, mano. O primeiro, ó, eu vou ter que me mear meu pontinho. Isso aqui é apertar, né? Quem está de verde? É, quem é apertar?""",Avaliador_A,Avaliador_B
20,"a esmeralda, vê se da pra comprar uma pelo menos pra você ir lá aham, da comprei uma só que eu não preciso de eles não colocaram a desidia? eu acho que era você acha? eu acho que sim ai gente como eu quase quebrei a cama deles só tava com uma mãe você tem alguma coisa? porque eu não tenho nada mãe ele ta vindo pra cá ai meu deus ali ali a que que é isso? ai ele jogou um monte de bicho na gente socorro ai ai ai sai dai sai dai não, mata esse bicho onde? ali, construindo ponte ai ele ta aqui? sim, ta é que tem um que ta invisível, ele deve ta tentando quebrar a nossa cama ai, to indo pra deles cadê você?",0.7186915278434753,0.221496045589447,0.0598124340176582,NEG,0.343061238527298,0.0019494021544232,0.055209957063198,0.0014474893687292,0.0529225207865238,0.0226462166756391,0.0032681049779057,0.34757367,Julia MineGirl,Roblox,Minecraft - BED WARS MAIS EMOCIONANTE [GqgSxP7uLBc],,GZ,GZ,GZ,"🎬 Canal: Julia MineGirl | 🎥 Vídeo: Minecraft - BED WARS MAIS EMOCIONANTE [GqgSxP7uLBc]
⏱️ Segmento/Index: 20
──────────────────────────────────────────────────
Fala transcrita:
""a esmeralda, vê se da pra comprar uma pelo menos pra você ir lá aham, da comprei uma só que eu não preciso de eles não colocaram a desidia? eu acho que era você acha? eu acho que sim ai gente como eu quase quebrei a cama deles só tava com uma mãe você tem alguma coisa? porque eu não tenho nada mãe ele ta vindo pra cá ai meu deus ali ali a que que é isso? ai ele jogou um monte de bicho na gente socorro ai ai ai sai dai sai dai não, mata esse bicho onde? ali, construindo ponte ai ele ta aqui? sim, ta é que tem um que ta invisível, ele deve ta tentando quebrar a nossa cama ai, to indo pra deles cadê você?""",Avaliador_A,Avaliador_B
1,"Eles estão todos aqui nesses mini baús Se eu abro o baú... Ai! Ai, eu não consigo abrir o baú de tão pequeno que ele é Mas se vocês olharem ali tem os móveis Só que agora eu preciso colocar todos esses móveis dentro da minha casa E eu não tô com muita vontade de fazer isso Eu preciso conseguir alguém pra colocar os mini móveis dentro da minha casa Eu já tenho uma ideia, os meus amigos estão lá embaixo e eu vou chamar eles pra brincar comigo Mas na verdade o que eu vou fazer eles é colocar na minha casinha de boneca e vou colocar eles pra trabalhar Ô Bala! Oi, oi, oi, eu tô afim de brincar na casa do Atus Ah, eu quero ir também, olha essa casona, deve ser muito legal brincar lá Bora, bora brincar, ô Naru, bora! Bora, Naru, bora! Não dá, gente, pra ir agora, o cachorro tá latindo e chorando, eu não sei o que que ele quer Bora, bora brincar com o Atus Bora lá, bora lá, olha também essa casona Mas agora não dá, ele tá chorando Toque, toque Toque, toque, toque Olha só, acho que meus amigos chegaram, e aí o Bala e o Furious, eu vou abrir a porta pra eles Oi, Bala, Furious!",0.1456707417964935,0.5870258212089539,0.2673034369945526,NEU,0.0348536223173141,0.0037000668235123,0.0372898429632186,0.0031085666269063,0.0293555073440074,0.0034352717921137,0.0018213798757642,0.1641865,Athos,Minecraft,TRANQUEI MEUS AMIGOS EM UMA CASA DE BONECAS NO MINECRAFT [a0byNXW8BJQ],,NT,NT,NT,"🎬 Canal: Athos | 🎥 Vídeo: TRANQUEI MEUS AMIGOS EM UMA CASA DE BONECAS NO MINECRAFT [a0byNXW8BJQ]
⏱️ Segmento/Index: 1
──────────────────────────────────────────────────
Fala transcrita:
""Eles estão todos aqui nesses mini baús Se eu abro o baú... Ai! Ai, eu não consigo abrir o baú de tão pequeno que ele é Mas se vocês olharem ali tem os móveis Só que agora eu preciso colocar todos esses móveis dentro da minha casa E eu não tô com muita vontade de fazer isso Eu preciso conseguir alguém pra colocar os mini móveis dentro da minha casa Eu já tenho uma ideia, os meus amigos estão lá embaixo e eu vou chamar eles pra brincar comigo Mas na verdade o que eu vou fazer eles é colocar na minha casinha de boneca e vou colocar eles pra trabalhar Ô Bala! Oi, oi, oi, eu tô afim de brincar na casa do Atus Ah, eu quero ir também, olha essa casona, deve ser muito legal brincar lá Bora, bora brincar, ô Naru, bora! Bora, Naru, bora! Não dá, gente, pra ir agora, o cachorro tá latindo e chorando, eu não sei o que que ele quer Bora, bora brincar com o Atus Bora lá, bora lá, olha também essa casona Mas agora não dá, ele tá chorando Toque, toque Toque, toque, toque Olha só, acho que meus amigos chegaram, e aí o Bala e o Furious, eu vou abrir a porta pra eles Oi, Bala, Furious!""",Avaliador_A,Avaliador_B
5,"Olha pra tu ver se tem arma aqui É mesmo aqui, não tem arma não Não tem não, só achei essa daqui mandando pra cima É verdade, é verdade Eu tive aqui ó, quero atravessar rios e mares pra pegar essa arma aqui Ah é verdade, não tem arma aqui não Tu é uma ótima du, tu é sincero, extrovertido, confiável Eu gosto de jogar com tu por causa disso Ó, mas se tu tivesse... se tu tivesse arma tu me dava né? Dava pô, é porque eu só tenho essa daqui Tu quer que eu dê ela pra tu e eu fico sem arma? Não, é melhor tu ficar com ela, tu joga melhor, derdável Tá vendo? Pois é, mas se eu tivesse ela tu dava Ó pô, eu vou lá na frente tentar pegar a arma e tu me protege viu Pode ir pô, pode ir Tu vai olhando Tu vai nas minhas costas Quase de olho fechado meu parceiro Tu vai nas minhas costas, tá vendo?",0.140211284160614,0.6487056016921997,0.211083173751831,NEU,0.64927077293396,0.0096057951450347,0.05893175303936,0.0032611363567411,0.0482086353003978,0.0277335811406373,0.0160062927752733,0.30514878,meu nome é david,Roblox,FREE FIRE NA VIDA REAL - EXPECTATIVA VS REALIDADE 3 [mP0M-3P1Ae4],,GZ,GZ,GZ,"🎬 Canal: meu nome é david | 🎥 Vídeo: FREE FIRE NA VIDA REAL - EXPECTATIVA VS REALIDADE 3 [mP0M-3P1Ae4]
⏱️ Segmento/Index: 5
──────────────────────────────────────────────────
Fala transcrita:
""Olha pra tu ver se tem arma aqui É mesmo aqui, não tem arma não Não tem não, só achei essa daqui mandando pra cima É verdade, é verdade Eu tive aqui ó, quero atravessar rios e mares pra pegar essa arma aqui Ah é verdade, não tem arma aqui não Tu é uma ótima du, tu é sincero, extrovertido, confiável Eu gosto de jogar com tu por causa disso Ó, mas se tu tivesse... se tu tivesse arma tu me dava né? Dava pô, é porque eu só tenho essa daqui Tu quer que eu dê ela pra tu e eu fico sem arma? Não, é melhor tu ficar com ela, tu joga melhor, derdável Tá vendo? Pois é, mas se eu tivesse ela tu dava Ó pô, eu vou lá na frente tentar pegar a arma e tu me protege viu Pode ir pô, pode ir Tu vai olhando Tu vai nas minhas costas Quase de olho fechado meu parceiro Tu vai nas minhas costas, tá vendo?""",Avaliador_A,Avaliador_B
1,"Esse aqui é o meu segundo livro, é um livrão de atividades. Olha que demais, pessoal! Vou virar aqui pra vocês verem atrás. Lu Luca no mundo dos desafios! E aqui dentro tá cheeeeeenho de desafios pra gente brincar e se divertir muuuuito juntinhos! Aí, pessoal! Eu amei demais! Um spoiler, eu vou ser muito rápida pra vocês. Lu Luca, mas quanto que vai lançar? Vocês são curiosos assim como eu, né? Logo, logo, o nosso livro já vai ser lançado! Então, fiquem ligadinhos nas minhas redes sociais aqui no YouTube, lá no meu Instagram, que eu vou contando tudo pra vocês! Dato de lançamento, tarde de autógrafos que eu adoro demais porque eu amo encontrar os meus pandinhas! E eu tenho certeza que vocês vão amar o livro assim como eu! Vamos pro vídeo! Então, vamos em Estados Unidos... Olha, vamos ler aqui.",0.013051439076662,0.1982917785644531,0.7886567115783691,POS,0.0346302837133407,0.0013229658361524,0.0281647201627492,0.0015586428344249,0.0099259726703166,0.0008255374850705,0.001769024413079,0.058490243,Luluca Games,Roblox,Roblox - A COZINHEIRA MALUCA Restaurant Tycoon 2  Luluca Games [BDXD1EzOWOg],0.0130514064803719,NT,NT,NT,"🎬 Canal: Luluca Games | 🎥 Vídeo: Roblox - A COZINHEIRA MALUCA Restaurant Tycoon 2  Luluca Games [BDXD1EzOWOg]
⏱️ Segmento/Index: 1
──────────────────────────────────────────────────
Fala transcrita:
""Esse aqui é o meu segundo livro, é um livrão de atividades. Olha que demais, pessoal! Vou virar aqui pra vocês verem atrás. Lu Luca no mundo dos desafios! E aqui dentro tá cheeeeeenho de desafios pra gente brincar e se divertir muuuuito juntinhos! Aí, pessoal! Eu amei demais! Um spoiler, eu vou ser muito rápida pra vocês. Lu Luca, mas quanto que vai lançar? Vocês são curiosos assim como eu, né? Logo, logo, o nosso livro já vai ser lançado! Então, fiquem ligadinhos nas minhas redes sociais aqui no YouTube, lá no meu Instagram, que eu vou contando tudo pra vocês! Dato de lançamento, tarde de autógrafos que eu adoro demais porque eu amo encontrar os meus pandinhas! E eu tenho certeza que vocês vão amar o livro assim como eu! Vamos pro vídeo! Então, vamos em Estados Unidos... Olha, vamos ler aqui.""",Avaliador_A,Avaliador_B
6,"Eu também, gente! Eu vou pelo trio, que aí pelo trio não tem risco! Vou pular esse foguito... Tu-tu-tu-tu-tu-tu-tu-tu-tu-tu-tu-tu-tu... Tu-tu-tu-tu-tu-tu-tu-tu-tu-tu-tu-tu-tu-tu-tu-tu-tu-tu-tu... Gente, gente, eu tô toda desafinada, mami! Não vou nem cantar aqui, porque tá tudo... Sabe? Cê! Ai, gente, nervosa! Cheguei! Eu quero ser ondem, mas... Ailer! Ailer! Vai, o Lúca, vem logo, por favor! Eu tenho que esperar! Olá! Cuidado com a cobra! Mami? Me responda uma coisa. Sim, Lúca? Você gosta de filmes de terror? Eu gosto, mas eu tô me sentindo aqui Indiana Jones! Indiana Jones? Jumanji! Jumanji! Ai, ai, ai! Ai, ai, ai! Ai, ai! Ai, ai, ai! Ai, ai, ai! Ai, ai, ai! Ai, ai, ai! Eu só falei ai, ai, ai pra pular em todos, né, gente? É porque ajuda na concentração, né, mami? Ajuda, sim, o Lúca! E agora parece barras de ouro!",0.073651485145092,0.3071136474609375,0.6192349195480347,POS,0.232877492904663,0.0021884837187826,0.0316485427320003,0.0018476775148883,0.0167102888226509,0.006795922294259,0.0073665687814354,0.3389984,Luluca Games,Roblox,Roblox - ESCAPAMOS DA PRISÃO no MUNDO do VELHO OESTE Escape the Wild West Obby  Luluca Games [gmCQsZ_AuGk],0.07365133613348,GZ,GZ,GZ,"🎬 Canal: Luluca Games | 🎥 Vídeo: Roblox - ESCAPAMOS DA PRISÃO no MUNDO do VELHO OESTE Escape the Wild West Obby  Luluca Games [gmCQsZ_AuGk]
⏱️ Segmento/Index: 6
──────────────────────────────────────────────────
Fala transcrita:
""Eu também, gente! Eu vou pelo trio, que aí pelo trio não tem risco! Vou pular esse foguito... Tu-tu-tu-tu-tu-tu-tu-tu-tu-tu-tu-tu-tu... Tu-tu-tu-tu-tu-tu-tu-tu-tu-tu-tu-tu-tu-tu-tu-tu-tu-tu-tu... Gente, gente, eu tô toda desafinada, mami! Não vou nem cantar aqui, porque tá tudo... Sabe? Cê! Ai, gente, nervosa! Cheguei! Eu quero ser ondem, mas... Ailer! Ailer! Vai, o Lúca, vem logo, por favor! Eu tenho que esperar! Olá! Cuidado com a cobra! Mami? Me responda uma coisa. Sim, Lúca? Você gosta de filmes de terror? Eu gosto, mas eu tô me sentindo aqui Indiana Jones! Indiana Jones? Jumanji! Jumanji! Ai, ai, ai! Ai, ai, ai! Ai, ai! Ai, ai, ai! Ai, ai, ai! Ai, ai, ai! Ai, ai, ai! Eu só falei ai, ai, ai pra pular em todos, né, gente? É porque ajuda na concentração, né, mami? Ajuda, sim, o Lúca! E agora parece barras de ouro!""",Avaliador_A,Avaliador_B
9,Detective ped mostrou micão trans payoff Detective card Cump annh Ferroこれ que se chama hitch,0.337801843881607,0.6297444105148315,0.0324537195265293,NEU,0.0076064243912696,0.000461498304503,0.0158768165856599,0.0006862453301437,0.0081660524010658,0.000427790248068,0.0008009936427697,0.057005897,Julia MineGirl,Roblox,O ROUBO DA COROA Murder Be The King [mq8qXz9Qp-0],,NT,NT,NT,"🎬 Canal: Julia MineGirl | 🎥 Vídeo: O ROUBO DA COROA Murder Be The King [mq8qXz9Qp-0]
⏱️ Segmento/Index: 9
──────────────────────────────────────────────────
Fala transcrita:
""Detective ped mostrou micão trans payoff Detective card Cump annh Ferroこれ que se chama hitch""",Avaliador_A,Avaliador_B
2,"Eu acho que em todas A especial Não é só nessa ai que tu pode ganhar especial Nas outras só pode ganhar lendário e só é 1% Vamos ver agora Lendário 3% Épico 31% É especial é só nessa E tem essa daqui que é comum Lendário 1% 30% está comum Vamos girar logo a hara aqui Eu quero tudo, tudo rapaz Já vai 20 gira aqui 1800 gemas Não, 20 gira, eu quero ver a girana aqui Vamos lá Já ganhei o ET O dinossauro Ganhei o hams fashion O samurai, samurai massa Uma época Vai devagar menina O bicho vai gastar o dinheiro ali Eu estou épico, raro É um lendário, vai lendário Raro, tem só um lendário aqui que eu já vi",0.06006895378232,0.7966834306716919,0.1432475745677948,NEU,0.0024601151235401,0.0019068224355578,0.0173224434256553,0.0017503775889053,0.014236525632441,0.0009575503063388,0.0031837560236454,0.10696511,meu nome é david,Roblox,GASTEI MAIS DE 3 MIL GEMAS NO STUMBLE GUYS E LIBEREI QUASE TUDO [8Qz5QI7X4mU],,NT,NT,NT,"🎬 Canal: meu nome é david | 🎥 Vídeo: GASTEI MAIS DE 3 MIL GEMAS NO STUMBLE GUYS E LIBEREI QUASE TUDO [8Qz5QI7X4mU]
⏱️ Segmento/Index: 2
──────────────────────────────────────────────────
Fala transcrita:
""Eu acho que em todas A especial Não é só nessa ai que tu pode ganhar especial Nas outras só pode ganhar lendário e só é 1% Vamos ver agora Lendário 3% Épico 31% É especial é só nessa E tem essa daqui que é comum Lendário 1% 30% está comum Vamos girar logo a hara aqui Eu quero tudo, tudo rapaz Já vai 20 gira aqui 1800 gemas Não, 20 gira, eu quero ver a girana aqui Vamos lá Já ganhei o ET O dinossauro Ganhei o hams fashion O samurai, samurai massa Uma época Vai devagar menina O bicho vai gastar o dinheiro ali Eu estou épico, raro É um lendário, vai lendário Raro, tem só um lendário aqui que eu já vi""",Avaliador_A,Avaliador_B
43,"Tá trancado aqui, ok, vou continuar nessa direção aqui, vamos ver o que vai dar, departamento de animação, já tinha lido isso, tem um armário aqui, eu posso me esconder aqui, que legal, estúdio principal tá escrito aqui, onde comprei ingresso pelo jeito, vou abrir ainda não, o que é esses negócios aqui pessoal? Onde que descarrega o mundo de tinta? Aqui estava aberto, perfeito, estou ouvindo barulho, aqui eu posso me esconder, nossa é muito grande essa área, olha isso aqui pessoal, é uma parede de tijolinhos, parece que dá para entrar ali né, tá vamos olhar primeiro para esse lado, depois eu olho o outro, nada aqui, aqui é só para esconder, nossa olha isso, o que é isso aqui?",0.0651003792881965,0.5247417092323303,0.4101578891277313,NEU,0.0020649856887757,0.0011383318342268,0.0168540924787521,0.0013040582416579,0.0090199429541826,0.0007891178247518,0.0005762650980614,0.15490346,Tex HS,Roblox,BENDY AND THE DARK REVIVAL Chapter 1 [JOniHi5CZRU],,NT,NT,NT,"🎬 Canal: Tex HS | 🎥 Vídeo: BENDY AND THE DARK REVIVAL Chapter 1 [JOniHi5CZRU]
⏱️ Segmento/Index: 43
──────────────────────────────────────────────────
Fala transcrita:
""Tá trancado aqui, ok, vou continuar nessa direção aqui, vamos ver o que vai dar, departamento de animação, já tinha lido isso, tem um armário aqui, eu posso me esconder aqui, que legal, estúdio principal tá escrito aqui, onde comprei ingresso pelo jeito, vou abrir ainda não, o que é esses negócios aqui pessoal? Onde que descarrega o mundo de tinta? Aqui estava aberto, perfeito, estou ouvindo barulho, aqui eu posso me esconder, nossa é muito grande essa área, olha isso aqui pessoal, é uma parede de tijolinhos, parece que dá para entrar ali né, tá vamos olhar primeiro para esse lado, depois eu olho o outro, nada aqui, aqui é só para esconder, nossa olha isso, o que é isso aqui?""",Avaliador_A,Avaliador_B
3,"Deve estar morto já, essa hora já virou um zumbi né Chegou, chegou, chegou a zumbizada, essa que está bem segura aqui em cima Vou ficar aqui em cima do armário, porque daí eu não levo dano e posso atirar também Ah calma, deve ser a polícia vindo nos salvar, eu estou falando isso, eu não sei de nada inocente Abreu Vai vai, vai dar dano nele Atira, atira, atira nele Ai vai vai, morreu, morreu, boa Será que ele está morto?",0.779717206954956,0.1844119429588318,0.0358708053827285,NEG,0.9634896516799928,0.0089391963556408,0.0329263918101787,0.0055264388211071,0.0614895150065422,0.6890612244606018,0.0105523709207773,0.4269174,Tex HS,Roblox,ROBLOX FIELD TRIP Z mas fiz o ending do NATHAN [WKLMrRT6oJI],,T,T,T,"🎬 Canal: Tex HS | 🎥 Vídeo: ROBLOX FIELD TRIP Z mas fiz o ending do NATHAN [WKLMrRT6oJI]
⏱️ Segmento/Index: 3
──────────────────────────────────────────────────
Fala transcrita:
""Deve estar morto já, essa hora já virou um zumbi né Chegou, chegou, chegou a zumbizada, essa que está bem segura aqui em cima Vou ficar aqui em cima do armário, porque daí eu não levo dano e posso atirar também Ah calma, deve ser a polícia vindo nos salvar, eu estou falando isso, eu não sei de nada inocente Abreu Vai vai, vai dar dano nele Atira, atira, atira nele Ai vai vai, morreu, morreu, boa Será que ele está morto?""",Avaliador_A,Avaliador_B
9,"Não tem nenhum túnel aqui, gente? Me responde uma coisa. Se você acha que eu fui tão burrinho e interfeito num buraco aqui, como é que ele saiu daqui? Isso aqui nem tem final. Quebrando a terra com a mão linda. Se é um buraco sem saída, como é que ele saiu pela saída? Porque ele fez uma saída, Levita! Tu tá lento demais! E vai ser exatamente aqui. Eu preciso botar essa lã azul e em cima o bloco de ouro, que é coroa do azul babão. E quando eu botar, ficou de noite! Meu Deus, ficou de noite sozinho, galera! Que isso? Oxe! Duda, você não brinca comigo, Duda. Não, não estou brincando com você, não. Eu estava... Você espirrou e ficou de noite. Agora tá chovendo, vou pra casa. Vou pra casa que tá chovendo. Vamos pra casa que tá chovendo. Eu não quero ficar fedendo de cachorro molhado de chuva, não. Começou a chover! Será que aconteceu alguma coisa comigo? Meu Deus do céu, eu virei uma azul babão, galera! Funcionou o ritual! Agora eu preciso fazer essa vingança, galera! O clima tá perfeito, tá de noite e chovendo. Tá ótimo pra assustar eles.",0.6902890205383301,0.2922691106796264,0.0174418836832046,NEG,0.2247123718261718,0.0007750955410301,0.0574030615389347,0.0013737784465774,0.0585247948765754,0.0009837984107434,0.0023013339377939,0.32397532,Marcelodrv,Minecraft,Minecraft Vai Ficando MUITO Assustador... MEDO [P6vWHMsdkAA],,GZ,GZ,GZ,"🎬 Canal: Marcelodrv | 🎥 Vídeo: Minecraft Vai Ficando MUITO Assustador... MEDO [P6vWHMsdkAA]
⏱️ Segmento/Index: 9
──────────────────────────────────────────────────
Fala transcrita:
""Não tem nenhum túnel aqui, gente? Me responde uma coisa. Se você acha que eu fui tão burrinho e interfeito num buraco aqui, como é que ele saiu daqui? Isso aqui nem tem final. Quebrando a terra com a mão linda. Se é um buraco sem saída, como é que ele saiu pela saída? Porque ele fez uma saída, Levita! Tu tá lento demais! E vai ser exatamente aqui. Eu preciso botar essa lã azul e em cima o bloco de ouro, que é coroa do azul babão. E quando eu botar, ficou de noite! Meu Deus, ficou de noite sozinho, galera! Que isso? Oxe! Duda, você não brinca comigo, Duda. Não, não estou brincando com você, não. Eu estava... Você espirrou e ficou de noite. Agora tá chovendo, vou pra casa. Vou pra casa que tá chovendo. Vamos pra casa que tá chovendo. Eu não quero ficar fedendo de cachorro molhado de chuva, não. Começou a chover! Será que aconteceu alguma coisa comigo? Meu Deus do céu, eu virei uma azul babão, galera! Funcionou o ritual! Agora eu preciso fazer essa vingança, galera! O clima tá perfeito, tá de noite e chovendo. Tá ótimo pra assustar eles.""",Avaliador_A,Avaliador_B
14,"Vou soltar fogos, hein? Soltei. Ih, tá fico. Achei, achei! Achei, achei! Achei, achei, tá em cima da skin, tá em cima da skin. Vem gelé, vem! Onde é que sobe, onde é que sobe? Aqui, no botão, no botão, no botão. Aqui, aqui, aqui, aqui! Ele sumiu, ele sumiu! Eu morri. Ele... Todo mundo... Eu tô preso. O Robi morreu, perdeu, perdeu, perdeu. Oh, Cadu! Eu vi alguém aqui. Oh, Robi, Robi, tem que botar o peitoral, hein? Tem que botar o peitoral de caçador. Mas eu morri de queda, gente. Ah, deu do mesmo jeito. Perdeu feio, perdeu feio. Beleza. Então você vai ver, Cadu. Eu tô atrás do Tufique. Eita! Aquele aqui! Ah, o gelé, eu achei que era o Tufique. Aquele aqui, o Cadu! O Cadu aqui! Onde, onde, onde? Aqui, aqui, aqui! Onde, onde, onde? Ai, tô vendo, tô vendo! Vai, gelé, vamos que dá tempo, vamos que dá tempo. Eu vou secar ele! Eu vou secar ele! Não, não clica no botão, não clica no botão! Clica no botão, clica no botão! Isso! Boa, boa! Autofique, autofique! Vai, Gabriel, vai, Gabriel! Bora, bora, bora, bora!",0.180216833949089,0.7427420616149902,0.0770411044359207,NEU,0.2590460479259491,0.0014263441553339,0.0252553988248109,0.0003936921129934,0.0443028211593627,0.0330686382949352,0.0037425232585519,0.3317266,Geleia,Minecraft,ESCONDE-ESCONDE COM YOUTUBERS NO MINECRAFT [dy0TdwGe-W4],,GZ,GZ,GZ,"🎬 Canal: Geleia | 🎥 Vídeo: ESCONDE-ESCONDE COM YOUTUBERS NO MINECRAFT [dy0TdwGe-W4]
⏱️ Segmento/Index: 14
──────────────────────────────────────────────────
Fala transcrita:
""Vou soltar fogos, hein? Soltei. Ih, tá fico. Achei, achei! Achei, achei! Achei, achei, tá em cima da skin, tá em cima da skin. Vem gelé, vem! Onde é que sobe, onde é que sobe? Aqui, no botão, no botão, no botão. Aqui, aqui, aqui, aqui! Ele sumiu, ele sumiu! Eu morri. Ele... Todo mundo... Eu tô preso. O Robi morreu, perdeu, perdeu, perdeu. Oh, Cadu! Eu vi alguém aqui. Oh, Robi, Robi, tem que botar o peitoral, hein? Tem que botar o peitoral de caçador. Mas eu morri de queda, gente. Ah, deu do mesmo jeito. Perdeu feio, perdeu feio. Beleza. Então você vai ver, Cadu. Eu tô atrás do Tufique. Eita! Aquele aqui! Ah, o gelé, eu achei que era o Tufique. Aquele aqui, o Cadu! O Cadu aqui! Onde, onde, onde? Aqui, aqui, aqui! Onde, onde, onde? Ai, tô vendo, tô vendo! Vai, gelé, vamos que dá tempo, vamos que dá tempo. Eu vou secar ele! Eu vou secar ele! Não, não clica no botão, não clica no botão! Clica no botão, clica no botão! Isso! Boa, boa! Autofique, autofique! Vai, Gabriel, vai, Gabriel! Bora, bora, bora, bora!""",Avaliador_A,Avaliador_B
13,"Ele precisa construir como se fosse uma piscina! Agora ele vai pegar e colocar água ali! É, mas essa água tá normal, né? Agora ele ativou o modo realista! E essa água deixa ele colocar um bote em cima! Olha isso! Isso daqui definitivamente é a coisa mais realista que eu já vi no Minecraft! Mas esse foi como seria o Minecraft na vida real! Não esquece de me seguir no Instagram! E tchau!",0.0280681420117616,0.2046365439891815,0.7672953605651855,POS,0.0071271224878728,0.0007411194383166,0.0098625747486948,0.0006022496963851,0.0023130753543227,0.001525693340227,0.0007677722605876,0.12260055,Cadres,Minecraft,Minecraft mais REALISTA do Mundo [p6yXWV_gmY4],,NT,NT,NT,"🎬 Canal: Cadres | 🎥 Vídeo: Minecraft mais REALISTA do Mundo [p6yXWV_gmY4]
⏱️ Segmento/Index: 13
──────────────────────────────────────────────────
Fala transcrita:
""Ele precisa construir como se fosse uma piscina! Agora ele vai pegar e colocar água ali! É, mas essa água tá normal, né? Agora ele ativou o modo realista! E essa água deixa ele colocar um bote em cima! Olha isso! Isso daqui definitivamente é a coisa mais realista que eu já vi no Minecraft! Mas esse foi como seria o Minecraft na vida real! Não esquece de me seguir no Instagram! E tchau!""",Avaliador_A,Avaliador_B
1,"Ah, eu vou empurrar você aqui nessa lava, meu que esperto não Ah, vai nada, eu vou pegar madeira, fazer uma espada e vou acabar com você, você vai ver só Vai lá, Ulson, pega ele, deixa ele Eu tô perto, eu tô perto, vou pegar ele Ulson, vou fazer o seguinte, vou tá pegando algumas madeiras pra gente tá vazando algumas ferramentas Não, não, não, você tá ali que você tá Roubou minha madeira, roubou minha madeira, ladrão Deixa ele fugir não Ali, você joga ele na lava aqui Não, não, não, não, não vou ficar nem perto disso Eu peguei ele de vista, Ulson Calma, calma, eu acho que ele tá perto dessa montanha Não, Ulson tá aqui Ali, ali Pega a madeira, pega a madeira logo, sai daqui, sai daqui Aí, você pegou ele Ai, que raiva de vocês, não deixa eu pegar madeira Então vem aqui, agora transforma e corre, corre Vem aqui, Cadri Ah não, tem que dar um jeito de escapar dele Volta aqui, Cadri, volta Tá, deixa eu vir aqui atrás dessa árvore, agora ativa o comando Pô, eu fiquei pequenininho Ué, sumiu ele, eu tô na árvore aqui É, o quê?",0.1029288917779922,0.8291058540344238,0.0679652318358421,NEU,0.6601278781890869,0.0105977123603224,0.058100089430809,0.0043922220356762,0.0524952709674835,0.0450819544494152,0.0093622030690312,0.37458646,Cadres,Minecraft,2 CAÇADORES vs CADRES PEQUENO NO MINECRAFT [oIzvMIjTSqU],,GZ,GZ,GZ,"🎬 Canal: Cadres | 🎥 Vídeo: 2 CAÇADORES vs CADRES PEQUENO NO MINECRAFT [oIzvMIjTSqU]
⏱️ Segmento/Index: 1
──────────────────────────────────────────────────
Fala transcrita:
""Ah, eu vou empurrar você aqui nessa lava, meu que esperto não Ah, vai nada, eu vou pegar madeira, fazer uma espada e vou acabar com você, você vai ver só Vai lá, Ulson, pega ele, deixa ele Eu tô perto, eu tô perto, vou pegar ele Ulson, vou fazer o seguinte, vou tá pegando algumas madeiras pra gente tá vazando algumas ferramentas Não, não, não, você tá ali que você tá Roubou minha madeira, roubou minha madeira, ladrão Deixa ele fugir não Ali, você joga ele na lava aqui Não, não, não, não, não vou ficar nem perto disso Eu peguei ele de vista, Ulson Calma, calma, eu acho que ele tá perto dessa montanha Não, Ulson tá aqui Ali, ali Pega a madeira, pega a madeira logo, sai daqui, sai daqui Aí, você pegou ele Ai, que raiva de vocês, não deixa eu pegar madeira Então vem aqui, agora transforma e corre, corre Vem aqui, Cadri Ah não, tem que dar um jeito de escapar dele Volta aqui, Cadri, volta Tá, deixa eu vir aqui atrás dessa árvore, agora ativa o comando Pô, eu fiquei pequenininho Ué, sumiu ele, eu tô na árvore aqui É, o quê?""",Avaliador_A,Avaliador_B
9,"A gente precisa de uma casa na árvore, velho. O que que você acha? Eu acho bobo, mano. Bom, pessoal, a gente acabou encontrando essa árvore aqui, né? Essa... Na verdade, isso aqui é uma raiz de uma árvore que era bem grande. Como a gente ainda tá conhecendo esse mundo, galera? Eu não quero me arriscar tanto, né? Tanto que tem, mano... Tem um tal de gecko aqui do lado, Rimaro. Vou meter a mãozada nesse... Mano, cadê o gecko? Mano, o gecko tá, mano. O gecko tomou um peteleco aqui, fi. Já foi. Já sentou no gecko? Já nem vi o gecko, já sentou no mesmo lugar. Então, Rimaro, eu acho que aqui é um lugar perfeito pra gente poder fazer uma casa na árvore, hein, mano? Olha, minha, já tem uma beira aqui, um puxadinho, fi. Ai, tá puxadinho. A madeira, você percebeu que ela é diferente, mano? Ela por fora é de um jeito, de dentro é outro, mano. É tipo o casco dela, né, parece? É. Ó, eu vou fazer um crafting table aqui pra gente. Vou deixar aí dentro. Rimaro, eu não sei como é que funciona a tocha desse mundo, tá, velho? Esse lugar aqui é meio bizarro.",0.2049703598022461,0.7527998089790344,0.0422298163175582,NEU,0.3162986040115356,0.0005354300374165,0.0182725563645362,0.0015089801745489,0.1812179535627365,0.001101144705899,0.0012186418753117,0.39021665,AuthenticGames,Minecraft,AUTHENTICGAMES ENTROU NA DIMENSÃO DOS LOBOS  - Minecraft Lobos 3 [4mRtdeguJUo],0.204970508813858,GZ,GZ,GZ,"🎬 Canal: AuthenticGames | 🎥 Vídeo: AUTHENTICGAMES ENTROU NA DIMENSÃO DOS LOBOS  - Minecraft Lobos 3 [4mRtdeguJUo]
⏱️ Segmento/Index: 9
──────────────────────────────────────────────────
Fala transcrita:
""A gente precisa de uma casa na árvore, velho. O que que você acha? Eu acho bobo, mano. Bom, pessoal, a gente acabou encontrando essa árvore aqui, né? Essa... Na verdade, isso aqui é uma raiz de uma árvore que era bem grande. Como a gente ainda tá conhecendo esse mundo, galera? Eu não quero me arriscar tanto, né? Tanto que tem, mano... Tem um tal de gecko aqui do lado, Rimaro. Vou meter a mãozada nesse... Mano, cadê o gecko? Mano, o gecko tá, mano. O gecko tomou um peteleco aqui, fi. Já foi. Já sentou no gecko? Já nem vi o gecko, já sentou no mesmo lugar. Então, Rimaro, eu acho que aqui é um lugar perfeito pra gente poder fazer uma casa na árvore, hein, mano? Olha, minha, já tem uma beira aqui, um puxadinho, fi. Ai, tá puxadinho. A madeira, você percebeu que ela é diferente, mano? Ela por fora é de um jeito, de dentro é outro, mano. É tipo o casco dela, né, parece? É. Ó, eu vou fazer um crafting table aqui pra gente. Vou deixar aí dentro. Rimaro, eu não sei como é que funciona a tocha desse mundo, tá, velho? Esse lugar aqui é meio bizarro.""",Avaliador_A,Avaliador_B
15,deixa o like Ativa o sininho Se inscreve no canal Segue a gente lá no Instagram D.D. deixa o like,0.0271322261542081,0.6740471124649048,0.2988207042217254,NEU,0.0047079725190997,0.00348616624251,0.0354817286133766,0.0058608581312,0.0390862710773944,0.0018241935176774,0.0015718470094725,0.054037213,Marcelodrv,Minecraft,trolei minha AMIGA com VIDRO SÓ DE UM LADO na BATALHA DE CONSTRUÇÃO [4egtuLCm-6o],,NT,NT,NT,"🎬 Canal: Marcelodrv | 🎥 Vídeo: trolei minha AMIGA com VIDRO SÓ DE UM LADO na BATALHA DE CONSTRUÇÃO [4egtuLCm-6o]
⏱️ Segmento/Index: 15
──────────────────────────────────────────────────
Fala transcrita:
""deixa o like Ativa o sininho Se inscreve no canal Segue a gente lá no Instagram D.D. deixa o like""",Avaliador_A,Avaliador_B
3,"Deia volta E vai pular agora nessa armadinha aqui, lá é ele pulando na armadinha Pula aí bonitinho, certinho que vai dar tudo certo, confia na calma Dórimé, irá irá irá, dá a menor, quase caí, mas vida que segue Como eu já disse aí você pula aqui a armadinha aqui no maior, só pula a madeira aqui Aí você vai chegar aqui em cima que é o momento mais difícil Você vai ter que pular na grade, depois da grade você vai pulando aquele negócio de caixote ali Quase deu tudo errado, eu quase caí na vala aqui, mas tá tudo bem, vou lá conseguir Lá quem vejou, as vezes que fica, vou seguir pular, gente eu consegui pular Agora é só você pulando esse negocinho aqui que é outra situação complicada pra vocês Pronto, eu consegui E depois que você pulou aqui, pronto, você já chegou lá no carrossel, você já conseguiu subir no negocinho Porque agora é a parte mais fácil, só pular, pular, pular e pular Tira, não é fácil nada, esqueci que faltava essa parte aqui que é difícil também Você vai pular aqui, ó, vai pular aqui nessa madeira aqui, lá ele de novo",0.2740671038627624,0.5460654497146606,0.1798675060272216,NEU,0.032167263329029,0.0022652542684227,0.0276044178754091,0.0013697650283575,0.0258680507540702,0.0047511304728686,0.0016058741603046,0.13214645,Amy Scarlet,Roblox,Entrei pela primeira vez no Rolê  FREE FIRE [6XkJPKPx-jI],,NT,NT,NT,"🎬 Canal: Amy Scarlet | 🎥 Vídeo: Entrei pela primeira vez no Rolê  FREE FIRE [6XkJPKPx-jI]
⏱️ Segmento/Index: 3
──────────────────────────────────────────────────
Fala transcrita:
""Deia volta E vai pular agora nessa armadinha aqui, lá é ele pulando na armadinha Pula aí bonitinho, certinho que vai dar tudo certo, confia na calma Dórimé, irá irá irá, dá a menor, quase caí, mas vida que segue Como eu já disse aí você pula aqui a armadinha aqui no maior, só pula a madeira aqui Aí você vai chegar aqui em cima que é o momento mais difícil Você vai ter que pular na grade, depois da grade você vai pulando aquele negócio de caixote ali Quase deu tudo errado, eu quase caí na vala aqui, mas tá tudo bem, vou lá conseguir Lá quem vejou, as vezes que fica, vou seguir pular, gente eu consegui pular Agora é só você pulando esse negocinho aqui que é outra situação complicada pra vocês Pronto, eu consegui E depois que você pulou aqui, pronto, você já chegou lá no carrossel, você já conseguiu subir no negocinho Porque agora é a parte mais fácil, só pular, pular, pular e pular Tira, não é fácil nada, esqueci que faltava essa parte aqui que é difícil também Você vai pular aqui, ó, vai pular aqui nessa madeira aqui, lá ele de novo""",Avaliador_A,Avaliador_B
1,"Era só um tutorial aquilo? Ah era um tutorial, eu acho, caramba, não tem saída, louco bicho, tomei logo uma pancada, mano, meu Deus que susto, é uma pintura na parede, o cara é muito forte, ele, que isso que cara, o que você está fazendo aqui? Uma cabeça humana, ela fica consciente ainda por 20 segundos depois de ser arrancada, louco cara, oh uma seta, achei, peguei um sanduba, você não pode, eu acho que esse é o caminho errado, provavelmente, você vai ficar me seguindo cara? Você é apenas mais uma coisa na lista dele, você está falando do dodge? Por que a tua voz está ficando meio estranha? Cara se apagar a lanterna fica muito escuro, pera aí, o que isso, o que? Como que você apareceu aqui?",0.1726161837577819,0.4133104383945465,0.4140733778476715,POS,0.8124725818634033,0.0064186290837824,0.0636089891195297,0.0031345647294074,0.0678063109517097,0.0043667359277606,0.0204682666808366,0.4575469,Tex HS,Roblox,QUEM É O MAIS CHATO DAS BACKROOMS Buff Doge [Awp981lDEB4],,T,T,T,"🎬 Canal: Tex HS | 🎥 Vídeo: QUEM É O MAIS CHATO DAS BACKROOMS Buff Doge [Awp981lDEB4]
⏱️ Segmento/Index: 1
──────────────────────────────────────────────────
Fala transcrita:
""Era só um tutorial aquilo? Ah era um tutorial, eu acho, caramba, não tem saída, louco bicho, tomei logo uma pancada, mano, meu Deus que susto, é uma pintura na parede, o cara é muito forte, ele, que isso que cara, o que você está fazendo aqui? Uma cabeça humana, ela fica consciente ainda por 20 segundos depois de ser arrancada, louco cara, oh uma seta, achei, peguei um sanduba, você não pode, eu acho que esse é o caminho errado, provavelmente, você vai ficar me seguindo cara? Você é apenas mais uma coisa na lista dele, você está falando do dodge? Por que a tua voz está ficando meio estranha? Cara se apagar a lanterna fica muito escuro, pera aí, o que isso, o que? Como que você apareceu aqui?""",Avaliador_A,Avaliador_B
11,"Vai, mata, mata, mata, mata, mata, mata, mãe Eu não consigo voltar pra ajudar Eu sei, socorro Eu não acredito, gente Gente, elas só não podem me bater Acho que eu consigo Tá, vai uma por uma, assim que você consegue, Ju Vai, que é a sua, Ju Ó, eu tô eliminando uma antes Pô, Ju, eu acredito em você Isso Julinha PVP Não Vai morrer, não vai morrer Come, come, come, come Não, não, não vou comer Vai Sai correndo, sai correndo Não, não, não, não Meu Deus, gente Vai, tá quase acabando Falta três, falta três Vai, Ju Nossa, nossa Você tá com um pouquinho em coração, Ju Come Vai, vai Não Eu não devia ter comido, gente Não acredito Eu falhei, mãe Foi por pouco essa Nossa Tá, esse aqui, ó É sobreviva os esqueletos por 30 segundos Ou lutar contra dois Revengers invisíveis Ai, visível não, gente Esqueleto, gente Esqueleto, né Esqueleto, você tá correndo Sim Né Gente, enxergando já tá difícil, imagina não Nossa Olha Ah Ah Morreu Ok, pessoal Então a gente não saiu do lugar mames, meu Deus do céu Olha, gente, é difícil A gente não é pro, como vocês podem ver A gente tá entre noob e normal, pessoal Sim Mais pro noob do que pro normal, mas tudo bem, né, galera Quem sabe no futuro um dia a gente chega no Elite É, talvez daqui uns 10 anos, quem sabe, né, gente É",0.3503986597061157,0.4901705384254455,0.1594308018684387,NEU,0.8780704140663147,0.0126213291659951,0.0451387055218219,0.0048996689729392,0.0550115257501602,0.0957793667912483,0.0169651471078395,0.53579444,Julia MineGirl,Roblox,QUAL VOCÊ PREFERE LUTAR NO MINECRAFT [rjD8XLEM9pQ],,T,T,T,"🎬 Canal: Julia MineGirl | 🎥 Vídeo: QUAL VOCÊ PREFERE LUTAR NO MINECRAFT [rjD8XLEM9pQ]
⏱️ Segmento/Index: 11
──────────────────────────────────────────────────
Fala transcrita:
""Vai, mata, mata, mata, mata, mata, mata, mãe Eu não consigo voltar pra ajudar Eu sei, socorro Eu não acredito, gente Gente, elas só não podem me bater Acho que eu consigo Tá, vai uma por uma, assim que você consegue, Ju Vai, que é a sua, Ju Ó, eu tô eliminando uma antes Pô, Ju, eu acredito em você Isso Julinha PVP Não Vai morrer, não vai morrer Come, come, come, come Não, não, não vou comer Vai Sai correndo, sai correndo Não, não, não, não Meu Deus, gente Vai, tá quase acabando Falta três, falta três Vai, Ju Nossa, nossa Você tá com um pouquinho em coração, Ju Come Vai, vai Não Eu não devia ter comido, gente Não acredito Eu falhei, mãe Foi por pouco essa Nossa Tá, esse aqui, ó É sobreviva os esqueletos por 30 segundos Ou lutar contra dois Revengers invisíveis Ai, visível não, gente Esqueleto, gente Esqueleto, né Esqueleto, você tá correndo Sim Né Gente, enxergando já tá difícil, imagina não Nossa Olha Ah Ah Morreu Ok, pessoal Então a gente não saiu do lugar mames, meu Deus do céu Olha, gente, é difícil A gente não é pro, como vocês podem ver A gente tá entre noob e normal, pessoal Sim Mais pro noob do que pro normal, mas tudo bem, né, galera Quem sabe no futuro um dia a gente chega no Elite É, talvez daqui uns 10 anos, quem sabe, né, gente É""",Avaliador_A,Avaliador_B
2,"Ainda não sei, mas essa vez ele vai virar na frente, mano Porra, essa de personagem, véi Comecei a buscar um clima porra dessa Tu, mano Vai Fica assim, abre o ar, abri os braços por lá Vai ficar um pedaço Tem respirante no boneco, mano Por favor, me desculpe Ele marcou massa Falta só ele e o negocinho assim Não sei nois aí não, ó Não é legal? Só só um pouquinho Não é no final não, é... Aduken!",0.7750157713890076,0.1387517601251602,0.0862324759364128,NEG,0.9626737236976624,0.0132342875003814,0.0856024175882339,0.0045550516806542,0.0672634020447731,0.0039523988962173,0.0956222265958786,0.42985553,meu nome é david,Roblox,MAKING OFF - FREE FIRE NA VIDA REAL WUKONG MELHORADO [biX_T6l57ls],,T,T,T,"🎬 Canal: meu nome é david | 🎥 Vídeo: MAKING OFF - FREE FIRE NA VIDA REAL WUKONG MELHORADO [biX_T6l57ls]
⏱️ Segmento/Index: 2
──────────────────────────────────────────────────
Fala transcrita:
""Ainda não sei, mas essa vez ele vai virar na frente, mano Porra, essa de personagem, véi Comecei a buscar um clima porra dessa Tu, mano Vai Fica assim, abre o ar, abri os braços por lá Vai ficar um pedaço Tem respirante no boneco, mano Por favor, me desculpe Ele marcou massa Falta só ele e o negocinho assim Não sei nois aí não, ó Não é legal? Só só um pouquinho Não é no final não, é... Aduken!""",Avaliador_A,Avaliador_B
3,"Você sempre destrói a casa do monstro Não, mas ele não vai nem saber, Eduardo Eu vou só pegar um pedaço da casa dele aqui emprestado, entendeu? Ele nunca sabe e ele sempre vem ver Vem ver não, ó Tu vai ver que não vai vir ninguém ver aqui, ó Tem nem mais porta a casa do menino, meu Deus do céu Cadê a irmã daquela galinha? Não tem, né? Aqui tem, vai... Não tem, não apareceu Tem a família inteira aqui, filha Morri! Meu Deus! Toma, pronto Deixa eu testar esse negócio aqui Vamos lá Ai, ai, ai, ai, ai, ai, ai, ai, ai, ai, ai, ai, ai, ai, ai, ai, ai, ai, ai, ai, ai, ai, ai, ai, ai, ai, ai, ai, ai Corre pra... Eu apintei Ai Tá Foi melhor, né? Levitação Ai, Eduardo, pode ficar apertando sem parar Pode? Não, a gente literalmente consegue voar, mano Eu acho que não pode, não Retiro o que eu disse Calma aí, eu acho que pode, sim, cara Calma aí, deixa eu tentar fazer desse negócio de novo aqui Vai, flying Ó, beleza, ó 3 minutos de queda lenta Apertei de novo lenta, apertei de novo, boa, vou apertar de novo, foi. Ah, aprendeu, como é que usa?",0.3627165555953979,0.5564270615577698,0.0808563753962516,NEU,0.4576994776725769,0.0044221575371921,0.0460058003664016,0.0016134022735059,0.0666242912411689,0.0327702388167381,0.0062183807604014,0.31132057,Marcelodrv,Minecraft,COMO GANHAR os PODERES dos MOBS DO MINECRAFT [aT6dun2i92g],,GZ,GZ,GZ,"🎬 Canal: Marcelodrv | 🎥 Vídeo: COMO GANHAR os PODERES dos MOBS DO MINECRAFT [aT6dun2i92g]
⏱️ Segmento/Index: 3
──────────────────────────────────────────────────
Fala transcrita:
""Você sempre destrói a casa do monstro Não, mas ele não vai nem saber, Eduardo Eu vou só pegar um pedaço da casa dele aqui emprestado, entendeu? Ele nunca sabe e ele sempre vem ver Vem ver não, ó Tu vai ver que não vai vir ninguém ver aqui, ó Tem nem mais porta a casa do menino, meu Deus do céu Cadê a irmã daquela galinha? Não tem, né? Aqui tem, vai... Não tem, não apareceu Tem a família inteira aqui, filha Morri! Meu Deus! Toma, pronto Deixa eu testar esse negócio aqui Vamos lá Ai, ai, ai, ai, ai, ai, ai, ai, ai, ai, ai, ai, ai, ai, ai, ai, ai, ai, ai, ai, ai, ai, ai, ai, ai, ai, ai, ai, ai Corre pra... Eu apintei Ai Tá Foi melhor, né? Levitação Ai, Eduardo, pode ficar apertando sem parar Pode? Não, a gente literalmente consegue voar, mano Eu acho que não pode, não Retiro o que eu disse Calma aí, eu acho que pode, sim, cara Calma aí, deixa eu tentar fazer desse negócio de novo aqui Vai, flying Ó, beleza, ó 3 minutos de queda lenta Apertei de novo lenta, apertei de novo, boa, vou apertar de novo, foi. Ah, aprendeu, como é que usa?""",Avaliador_A,Avaliador_B
13,"Oh, K.E.R. K.E.R. Quem que foi, garoto? Tu é... Tu é cabeçudo ou o quê? O que que foi, menino? Deixa eu botar essa vassoura aqui no lugar aqui, eu hein? Caramba, aí cadê a minha espada? Peraí, vou pegar a espada de lava aqui. Por quê? Você viu onde é que tá a mesinha de centro aqui da nossa sala? O que aconteceu com a nossa casa, hein? Você vai ficar se fazendo de bobão, é? Não, tchau! Tchau!",0.921649932861328,0.0698922500014305,0.0084578245878219,NEG,0.8340114951133728,0.0060341227799654,0.0636729672551155,0.0064098802395164,0.0999345928430557,0.0048262141644954,0.0093467691913247,0.42568782,Kass e KR,Minecraft,O KR FINGIU ser um CLONE do KASS para TROLLAR ele no Minecraft [iHCGiLHSBOk],,T,T,T,"🎬 Canal: Kass e KR | 🎥 Vídeo: O KR FINGIU ser um CLONE do KASS para TROLLAR ele no Minecraft [iHCGiLHSBOk]
⏱️ Segmento/Index: 13
──────────────────────────────────────────────────
Fala transcrita:
""Oh, K.E.R. K.E.R. Quem que foi, garoto? Tu é... Tu é cabeçudo ou o quê? O que que foi, menino? Deixa eu botar essa vassoura aqui no lugar aqui, eu hein? Caramba, aí cadê a minha espada? Peraí, vou pegar a espada de lava aqui. Por quê? Você viu onde é que tá a mesinha de centro aqui da nossa sala? O que aconteceu com a nossa casa, hein? Você vai ficar se fazendo de bobão, é? Não, tchau! Tchau!""",Avaliador_A,Avaliador_B
18,"Não é só porque ela é única, não, tá, gente? É a minha favorita mesmo! Tem uma legirinha de trator aqui dentro! Nossa! Gente, tem umas coisas... Nossa, olha esse carrinho aqui! Pois é, ele voa, mas ele custa 184 robôs! Meu Deus! Nossa, mas, gente, tem uns muito legais! Amei demais isso, mano! E tem um carrinho aqui pra ET, olha! Nossa, que chique esse carrinho! Não, esse é 45 robôs, não é esse! Esse aqui, ó! Esse aqui, então, a ET vai amar! Dois mil dinheirinhos aqui, ó! Ah, esse de monstrinho, né? É, tem que ser! 250, ó! Você vai amar, ET! Vai amar, você já tem 250! Mas eu não quero comprar esse aqui, eu quero comprar um bonitinho aqui de monstrinho pra ET! E como ganha? Será que a gente pode trabalhar nesse lugar? Ai, eu espero que sim, mami! Mas, gente, o nosso vídeo é ficando por aqui, não se esqueçam! Que perninha! Que perninha! Que perninha! Que perninha! Gente, esse jogo é muito, muito, muito legal! Então, se vocês quiserem, deixem muitos likes, porque assim a gente consegue trazer mais pra vocês! E eu quero muito continuar com a ET, porque a ET é muito legal!",0.0050283544696867,0.0153092397376894,0.9796623587608336,POS,0.1215864047408104,0.0008893619524315,0.0337655246257782,0.0014134786324575,0.0202852766960859,0.0006339136161841,0.0029387609101831,0.14950264,Luluca Games,Roblox,Roblox - ADOTEI UM BEBÊ MUITO ESTRANHO NO CLUB ROBLOX  Luluca Games [ND34d_Cjk4U],0.005028351675719,NT,NT,NT,"🎬 Canal: Luluca Games | 🎥 Vídeo: Roblox - ADOTEI UM BEBÊ MUITO ESTRANHO NO CLUB ROBLOX  Luluca Games [ND34d_Cjk4U]
⏱️ Segmento/Index: 18
──────────────────────────────────────────────────
Fala transcrita:
""Não é só porque ela é única, não, tá, gente? É a minha favorita mesmo! Tem uma legirinha de trator aqui dentro! Nossa! Gente, tem umas coisas... Nossa, olha esse carrinho aqui! Pois é, ele voa, mas ele custa 184 robôs! Meu Deus! Nossa, mas, gente, tem uns muito legais! Amei demais isso, mano! E tem um carrinho aqui pra ET, olha! Nossa, que chique esse carrinho! Não, esse é 45 robôs, não é esse! Esse aqui, ó! Esse aqui, então, a ET vai amar! Dois mil dinheirinhos aqui, ó! Ah, esse de monstrinho, né? É, tem que ser! 250, ó! Você vai amar, ET! Vai amar, você já tem 250! Mas eu não quero comprar esse aqui, eu quero comprar um bonitinho aqui de monstrinho pra ET! E como ganha? Será que a gente pode trabalhar nesse lugar? Ai, eu espero que sim, mami! Mas, gente, o nosso vídeo é ficando por aqui, não se esqueçam! Que perninha! Que perninha! Que perninha! Que perninha! Gente, esse jogo é muito, muito, muito legal! Então, se vocês quiserem, deixem muitos likes, porque assim a gente consegue trazer mais pra vocês! E eu quero muito continuar com a ET, porque a ET é muito legal!""",Avaliador_A,Avaliador_B
6,"Ai Scarlett você é tão inteligente Ai como eu sou pilantra Gbzim deve estar achando que ta brincando de pular a corda porque ta brincando com minha carinha saindo da árvore Pra achar que eu vou meter a cara e ele me dar um capa To de boa aqui, aqui ficarei, toma ai um gel pra você ficar quieto Eu só tinha um gel gente, um gel e um menino nei que não serve pra nada mas pelo menos serviu E agora é a hora do vamo ver, vamo ver agora, vem cá ruxaquinha e me toma capa, capa de novo Agora o ultimo capa, próxima vez alguém me lembra de tirar as habilidades porque o clar não ta dando Gbzim já deve ter sofrido muito na vida dele porque ele ta fazendo esse tipo de coisa comigo, me humilhando dessa forma Ultimo round eu puxei uma 12 veia pra dar na cara dele Jogar de 12 veia é fácil, só você segurar na pessoa e acabou Mas era na pessoa e não no chão Inclusive tomo uma dica pra vocês, a 12 você segura na pessoa, não é no chão Nunca mais eu puxo uma 12 veia na minha vida Quero dizer que eu vou sumir por alguns meses porque eu não tenho condições de pagar 500 reais Ou que o Gbzim perdoe a minha dívida Uma pessoa dessa tão novinha já ta devendo outro ser humano mas faz parte É isso ai galera o vídeo vai terminar por aqui Não esqueça de se inscrever no canal e deixar o seu like e o seu comentário Um beijo e até a próxima",0.6464953422546387,0.1893223524093628,0.1641823798418045,NEG,0.272474855184555,0.0089603178203105,0.0509251318871974,0.0039227232336997,0.0377691239118576,0.0079264175146818,0.0131835089996457,0.2855005,Amy Scarlet,Roblox,AmyScarlet vs Gbzin [rx9lwPmQ4A4],,GZ,GZ,GZ,"🎬 Canal: Amy Scarlet | 🎥 Vídeo: AmyScarlet vs Gbzin [rx9lwPmQ4A4]
⏱️ Segmento/Index: 6
──────────────────────────────────────────────────
Fala transcrita:
""Ai Scarlett você é tão inteligente Ai como eu sou pilantra Gbzim deve estar achando que ta brincando de pular a corda porque ta brincando com minha carinha saindo da árvore Pra achar que eu vou meter a cara e ele me dar um capa To de boa aqui, aqui ficarei, toma ai um gel pra você ficar quieto Eu só tinha um gel gente, um gel e um menino nei que não serve pra nada mas pelo menos serviu E agora é a hora do vamo ver, vamo ver agora, vem cá ruxaquinha e me toma capa, capa de novo Agora o ultimo capa, próxima vez alguém me lembra de tirar as habilidades porque o clar não ta dando Gbzim já deve ter sofrido muito na vida dele porque ele ta fazendo esse tipo de coisa comigo, me humilhando dessa forma Ultimo round eu puxei uma 12 veia pra dar na cara dele Jogar de 12 veia é fácil, só você segurar na pessoa e acabou Mas era na pessoa e não no chão Inclusive tomo uma dica pra vocês, a 12 você segura na pessoa, não é no chão Nunca mais eu puxo uma 12 veia na minha vida Quero dizer que eu vou sumir por alguns meses porque eu não tenho condições de pagar 500 reais Ou que o Gbzim perdoe a minha dívida Uma pessoa dessa tão novinha já ta devendo outro ser humano mas faz parte É isso ai galera o vídeo vai terminar por aqui Não esqueça de se inscrever no canal e deixar o seu like e o seu comentário Um beijo e até a próxima""",Avaliador_A,Avaliador_B
7,"Acho que eu peguei uma galerinha, mami! Ai, coitadinhos! Pronto! Qual é? Os últimos serão os primeiros, Luca! Nossa! Consegui, consegui, consegui! Nossa, gente! Vai vir uma galerinha aqui! Preciso arrumar o dela! Eu estou dando risada! Você é doida! Tu é doida, menina! Por que você está dando risada, Luca? Não sei também, mami! Ai, eu vou esperar! Porque a Luca está doida ou ela não controle! Ahahahahaha! Ahahahahaha! Ahahahahaha! O Luca, como você está má? Sou má! Ahahahahaha! Nossa! E agora, essa pontica! Ai, pegou os miguelinhos! Quase me pegou com os tirinhos do cabelo rosa! Ahahahahaha! Tirinho de cabelo rosa, mami!",0.2926501631736755,0.5499873757362366,0.157362475991249,NEU,0.8757254481315613,0.0061887712217867,0.07574263215065,0.0058731730096042,0.0650150328874588,0.0046541295014321,0.0209317337721586,0.4014846,Luluca Games,Roblox,Roblox - UM NOVO MAPA COLORIDO E DIVERTIDO Deathrun GameShow  Luluca Games [4YTSot83szw],0.2926503419876098,T,T,T,"🎬 Canal: Luluca Games | 🎥 Vídeo: Roblox - UM NOVO MAPA COLORIDO E DIVERTIDO Deathrun GameShow  Luluca Games [4YTSot83szw]
⏱️ Segmento/Index: 7
──────────────────────────────────────────────────
Fala transcrita:
""Acho que eu peguei uma galerinha, mami! Ai, coitadinhos! Pronto! Qual é? Os últimos serão os primeiros, Luca! Nossa! Consegui, consegui, consegui! Nossa, gente! Vai vir uma galerinha aqui! Preciso arrumar o dela! Eu estou dando risada! Você é doida! Tu é doida, menina! Por que você está dando risada, Luca? Não sei também, mami! Ai, eu vou esperar! Porque a Luca está doida ou ela não controle! Ahahahahaha! Ahahahahaha! Ahahahahaha! O Luca, como você está má? Sou má! Ahahahahaha! Nossa! E agora, essa pontica! Ai, pegou os miguelinhos! Quase me pegou com os tirinhos do cabelo rosa! Ahahahahaha! Tirinho de cabelo rosa, mami!""",Avaliador_A,Avaliador_B
15,Não vou deixar eles onzos eles tão gigante galera e eles querem me eliminar Nesse momento o goldfish e o golfinho devem ser mais um player Jogando né enquanto eu sou apenas um peixinho normal pra eles mas calma meus queridos Apesar de eu ser um grande fã de vocês eu não vou poupar vocês não beleza Eu to preso cara eu to preso Você não atrapalhou Eu to preso cara eu to preso Você não atacado Ah o golfinho ele vem comendo tudo galera Quer ver ele comer aquele barco olha lá Pensa no bichinho guloso esse golfinho ai Ta parte boa é que eu já posso comer os navios com isso vai avançar um pouquinho a fase Opa parece que eles tão comendo Parece que eles tão comendo de mim Parece que o jogo virou Quem que eu deveria comer primeiro galera Primeiro vai ser o goldfish que vai ser só um petisquinho Agora o prato principal vai ser o golfinho que beleza Mais uma fase aqui de iceberg pessoal vambora Estamos aqui nos alimentando das baleias beluga olha que beleza Cadinha delas Eu preciso ficar comendo aqui baleia até que eu seja grandinho o suficiente pra começar a engolir iceberg né Acho que não vai demorar muito não,0.1638475507497787,0.4261226654052734,0.4100298285484314,NEU,0.4701603353023529,0.0103899221867322,0.0566282719373703,0.0066932248882949,0.0412170253694057,0.0146231427788734,0.0245646201074123,0.2853768,Tex HS,Roblox,MEU TUBARÃO COMEU O BRASIL e o resto do mundo também Tasty Blue  Parte 3 [kVtqjz5fKi8],,GZ,GZ,GZ,"🎬 Canal: Tex HS | 🎥 Vídeo: MEU TUBARÃO COMEU O BRASIL e o resto do mundo também Tasty Blue  Parte 3 [kVtqjz5fKi8]
⏱️ Segmento/Index: 15
──────────────────────────────────────────────────
Fala transcrita:
""Não vou deixar eles onzos eles tão gigante galera e eles querem me eliminar Nesse momento o goldfish e o golfinho devem ser mais um player Jogando né enquanto eu sou apenas um peixinho normal pra eles mas calma meus queridos Apesar de eu ser um grande fã de vocês eu não vou poupar vocês não beleza Eu to preso cara eu to preso Você não atrapalhou Eu to preso cara eu to preso Você não atacado Ah o golfinho ele vem comendo tudo galera Quer ver ele comer aquele barco olha lá Pensa no bichinho guloso esse golfinho ai Ta parte boa é que eu já posso comer os navios com isso vai avançar um pouquinho a fase Opa parece que eles tão comendo Parece que eles tão comendo de mim Parece que o jogo virou Quem que eu deveria comer primeiro galera Primeiro vai ser o goldfish que vai ser só um petisquinho Agora o prato principal vai ser o golfinho que beleza Mais uma fase aqui de iceberg pessoal vambora Estamos aqui nos alimentando das baleias beluga olha que beleza Cadinha delas Eu preciso ficar comendo aqui baleia até que eu seja grandinho o suficiente pra começar a engolir iceberg né Acho que não vai demorar muito não""",Avaliador_A,Avaliador_B
3,"Bora David Vai David David, David Atira, atira, atira Morri Que diabo de vida é essa Eu comprou o jogo eu ganhei 30 de vida Tu é doido Tu é doido, eu ia dar direito só a peste no monstro que o bicho não morreu Vou comprar fama Desgraçada só tem 2 Vou me reclamar no final pra jogando de quê? De fama De fama O cara chegou nae, o cara chegou nae Vai, vai, vai, vamos, vamos Ah, é doido Ah é doido Vou jogar esse capacete não, tu é doido Tem um só pra ir tão Ah mano Vocês são vergonhosos Ele fez capo moleque Ele fez, olha Pode jogar cedo?",0.9411283135414124,0.0389269962906837,0.0199447106570005,NEG,0.9855661392211914,0.0274358950555324,0.0633596926927566,0.0122497882694005,0.1014553979039192,0.0298332851380109,0.0640911161899566,0.50789946,meu nome é david,Roblox,VIRAMOS O CLUB DAS WINX NO FREE FIRE COM VOZ DE GALINHA [pkPqDqLmL7o],,T,T,T,"🎬 Canal: meu nome é david | 🎥 Vídeo: VIRAMOS O CLUB DAS WINX NO FREE FIRE COM VOZ DE GALINHA [pkPqDqLmL7o]
⏱️ Segmento/Index: 3
──────────────────────────────────────────────────
Fala transcrita:
""Bora David Vai David David, David Atira, atira, atira Morri Que diabo de vida é essa Eu comprou o jogo eu ganhei 30 de vida Tu é doido Tu é doido, eu ia dar direito só a peste no monstro que o bicho não morreu Vou comprar fama Desgraçada só tem 2 Vou me reclamar no final pra jogando de quê? De fama De fama O cara chegou nae, o cara chegou nae Vai, vai, vai, vamos, vamos Ah, é doido Ah é doido Vou jogar esse capacete não, tu é doido Tem um só pra ir tão Ah mano Vocês são vergonhosos Ele fez capo moleque Ele fez, olha Pode jogar cedo?""",Avaliador_A,Avaliador_B
5,"Então deixa eu ver aqui a primeira câmera Que é do lado de dentro da casa dele e até agora não tem nada Deixa eu ver do lado de fora! Ih, é o quê? O Atus ali! Mas o Atus tá diferente, o que ele tá usando? Ah, eu preciso pensar outro jeito! Eu tentei me atirar de montanha, tentei atirar bigorna na minha cabeça Talvez fornalha! Se eu entrar na fornalha e me queimar dentro dela! Ah, o Atus entrou dentro da casa! Deixa eu ver o que ele tá fazendo ali! Ah, não é possível! É isso mesmo que eu tô vendo? Ha ha! Nossa, tá de biquíni, velho! Que coisa feia! Não, não, não! O quê? Ele tá colocando fogo! Ha ha! Que coisa feia, velho, mano! Eu preciso muito ver o Atus aqui agora! Nossa, ele tá muito esquisito! Deve ser por isso que ele não queria vir pra praia, ele tava enrolando muito! Nossa, tá, tá, tá! Eu vou tirar uma foto, vou tirar uma print, vou mostrar pra todo mundo! Eu não consigo! Isso não sai de jeito nenhum! E se eu tentar colocar uma roupa por cima? Já sei! Uma armadura! Eu vou descer até a caverna e vou pegar uns ferros pra fazer uma armadura de ferro! Talvez isso dê certo! Ah, não! Eu vou ligar pro Atus! Eu quero ver a cara dele!",0.1681826412677765,0.8088322281837463,0.0229850802570581,NEU,0.4494920670986175,0.0039957193657755,0.0357637554407119,0.0017170746577903,0.0340209193527698,0.0865107625722885,0.0062978225760161,0.32764325,Athos,Minecraft,ATHOS FOI PARA A PRAIA NO MINECRAFT [2Q6pUqS-jyA],,GZ,GZ,GZ,"🎬 Canal: Athos | 🎥 Vídeo: ATHOS FOI PARA A PRAIA NO MINECRAFT [2Q6pUqS-jyA]
⏱️ Segmento/Index: 5
──────────────────────────────────────────────────
Fala transcrita:
""Então deixa eu ver aqui a primeira câmera Que é do lado de dentro da casa dele e até agora não tem nada Deixa eu ver do lado de fora! Ih, é o quê? O Atus ali! Mas o Atus tá diferente, o que ele tá usando? Ah, eu preciso pensar outro jeito! Eu tentei me atirar de montanha, tentei atirar bigorna na minha cabeça Talvez fornalha! Se eu entrar na fornalha e me queimar dentro dela! Ah, o Atus entrou dentro da casa! Deixa eu ver o que ele tá fazendo ali! Ah, não é possível! É isso mesmo que eu tô vendo? Ha ha! Nossa, tá de biquíni, velho! Que coisa feia! Não, não, não! O quê? Ele tá colocando fogo! Ha ha! Que coisa feia, velho, mano! Eu preciso muito ver o Atus aqui agora! Nossa, ele tá muito esquisito! Deve ser por isso que ele não queria vir pra praia, ele tava enrolando muito! Nossa, tá, tá, tá! Eu vou tirar uma foto, vou tirar uma print, vou mostrar pra todo mundo! Eu não consigo! Isso não sai de jeito nenhum! E se eu tentar colocar uma roupa por cima? Já sei! Uma armadura! Eu vou descer até a caverna e vou pegar uns ferros pra fazer uma armadura de ferro! Talvez isso dê certo! Ah, não! Eu vou ligar pro Atus! Eu quero ver a cara dele!""",Avaliador_A,Avaliador_B
5,"Olha o que acontece, galera Tá, aqui vai ser a nossa pachada em secreta Agora a gente tem que construir aqui um local para a gente ficar Vamos pelo menos botar uma luz aqui nesse local, né? Beleza, agora ficou um pouquinho mais completo, galera A gente já consegue se enxergar Então deixa eu só ver como está do lado de fora Para ver se está realmente... Ela voltou Ela voltou, beleza, a árvore está normal Está normal, está normal Agora a Eduardo tem que apertar esse botão aqui para ela me descobrir Ah, galera, vamos combinar Dá nem para ver que tem um botão ali, filho Só se você chegar do lado e ficar assim aí Dá para ver que tem um botão ali, filho Só se você chegar do lado e ficar assim aí Dá para ver que tem um botão ali, filho Só se você chegar do lado e ficar assim aí Dá para ver que tem um botão Vamos voltar para o nosso esconderijo, pronto E vamos esperar O moço está saindo da jaula Marcelo Oi, Eduardo, tudo bom? Vou te achar, hein Ai, ai, você agora é piadista, comediante Isso aí é uma piada, né? Você me achar? Calma, assim, calma, assim Nunca, nunca na história Eu vou te achar Eduardo, a única coisa que você vai aqui É perder... Na cama, galera, ela está procurando lá na cama Não, aqui vai ser a minha cozinha, tá? Porque eu estou montando uma casa, tá, Eduardo?",0.0214330926537513,0.1523051261901855,0.8262618184089661,POS,0.0375379547476768,0.0061794025823473,0.0477778539061546,0.0029950463213026,0.0302408169955015,0.0031445110216736,0.0061384821310639,0.1893425,Marcelodrv,Minecraft,24 HORAS TROLLANDO minha amiga no Esconde-Esconde - O FILME [S5Bfat_1vdc],,NT,NT,NT,"🎬 Canal: Marcelodrv | 🎥 Vídeo: 24 HORAS TROLLANDO minha amiga no Esconde-Esconde - O FILME [S5Bfat_1vdc]
⏱️ Segmento/Index: 5
──────────────────────────────────────────────────
Fala transcrita:
""Olha o que acontece, galera Tá, aqui vai ser a nossa pachada em secreta Agora a gente tem que construir aqui um local para a gente ficar Vamos pelo menos botar uma luz aqui nesse local, né? Beleza, agora ficou um pouquinho mais completo, galera A gente já consegue se enxergar Então deixa eu só ver como está do lado de fora Para ver se está realmente... Ela voltou Ela voltou, beleza, a árvore está normal Está normal, está normal Agora a Eduardo tem que apertar esse botão aqui para ela me descobrir Ah, galera, vamos combinar Dá nem para ver que tem um botão ali, filho Só se você chegar do lado e ficar assim aí Dá para ver que tem um botão ali, filho Só se você chegar do lado e ficar assim aí Dá para ver que tem um botão ali, filho Só se você chegar do lado e ficar assim aí Dá para ver que tem um botão Vamos voltar para o nosso esconderijo, pronto E vamos esperar O moço está saindo da jaula Marcelo Oi, Eduardo, tudo bom? Vou te achar, hein Ai, ai, você agora é piadista, comediante Isso aí é uma piada, né? Você me achar? Calma, assim, calma, assim Nunca, nunca na história Eu vou te achar Eduardo, a única coisa que você vai aqui É perder... Na cama, galera, ela está procurando lá na cama Não, aqui vai ser a minha cozinha, tá? Porque eu estou montando uma casa, tá, Eduardo?""",Avaliador_A,Avaliador_B
13,"escapatória, escapatória escapatória eu vou quebrar aqui, porque eu sei que tem uma coisa que eu não sabia eu sabia, tem uma passagem secreta mas essa passagem secreta tem só dois blocos de alto, McFly, eu sou seu amigo e você construiu uma passagem secreta onde eu não posso entrar exatamente, porque eu fiquei muito medo de você, eu fiz tipo um bunker secreto, mas agora você descobriu é, agora eu acabei de descobrir aqui o seu bunker secreto de dois blocos de altura, você devia ter feito de obsidian, porque eu tenho, não é machado eu posso quebrar, e agora ele não é mais tão secreto desculpa, mas cara, eu não acredito eu tô tentando ser um Endermin jovinho é, é que as vezes assustaram de saber o que eu tomei com a porta achei que você era meio malvado, sei lá McFly, eu sou um Endermin do bem eu tô realmente tentando te ajudar e você, tá só desconfiado eu não tô gostando, cara tem razão, depois que você veio começar a tacar fogo na minha casa inteira fiquei, nossa, fiquei assustado não entendi, é, beleza vou fingir que eu acredito não, mas vai ver só, só porque você não confiou em mim, sabe, eu te dei uma casa de presente você não tá gravando isso? olha, e eu ainda sou bonzinho, eu sou tão bonzinho que eu vou te dar uma espada e é bom você usar ela com sabedoria mais tarde guarde o que eu tô falando, mais tarde você vai ter que usar essa espada com sabedoria você não tá gravando isso, né?",0.0830858945846557,0.7792468667030334,0.1376672536134719,NEU,0.3517678678035736,0.0116143785417079,0.0462323203682899,0.0061162328347563,0.0465116091072559,0.0099855121225118,0.0087614664807915,0.37751234,JP Plays,Minecraft,JOGUEI MINECRAFT SENDO UM ENDERMAN DO BEM [3j31U5ZRjRk],,GZ,GZ,GZ,"🎬 Canal: JP Plays | 🎥 Vídeo: JOGUEI MINECRAFT SENDO UM ENDERMAN DO BEM [3j31U5ZRjRk]
⏱️ Segmento/Index: 13
──────────────────────────────────────────────────
Fala transcrita:
""escapatória, escapatória escapatória eu vou quebrar aqui, porque eu sei que tem uma coisa que eu não sabia eu sabia, tem uma passagem secreta mas essa passagem secreta tem só dois blocos de alto, McFly, eu sou seu amigo e você construiu uma passagem secreta onde eu não posso entrar exatamente, porque eu fiquei muito medo de você, eu fiz tipo um bunker secreto, mas agora você descobriu é, agora eu acabei de descobrir aqui o seu bunker secreto de dois blocos de altura, você devia ter feito de obsidian, porque eu tenho, não é machado eu posso quebrar, e agora ele não é mais tão secreto desculpa, mas cara, eu não acredito eu tô tentando ser um Endermin jovinho é, é que as vezes assustaram de saber o que eu tomei com a porta achei que você era meio malvado, sei lá McFly, eu sou um Endermin do bem eu tô realmente tentando te ajudar e você, tá só desconfiado eu não tô gostando, cara tem razão, depois que você veio começar a tacar fogo na minha casa inteira fiquei, nossa, fiquei assustado não entendi, é, beleza vou fingir que eu acredito não, mas vai ver só, só porque você não confiou em mim, sabe, eu te dei uma casa de presente você não tá gravando isso? olha, e eu ainda sou bonzinho, eu sou tão bonzinho que eu vou te dar uma espada e é bom você usar ela com sabedoria mais tarde guarde o que eu tô falando, mais tarde você vai ter que usar essa espada com sabedoria você não tá gravando isso, né?""",Avaliador_A,Avaliador_B
6,"Deixa eu tentar despistar ele. Tá, estou aqui dentro, estou aqui dentro. Ele está me vendo, ele está dropando. Ele está dropando peixe, eu não posso pegar. Eu tenho que fingir que eu estou com medo dele. Ele não desiste, ele quer muito domesticar, mano. Meu Deus do céu. Ele não para de sair de trás de mim. Espera, eu vou tentar fazer algo arriscado. Eu acho que eu não tomo dano de queda, né? Espera, deixa eu testar. Tá, eu não tomo dano de queda. Eu vou tentar fazer um negócio. Não, eu pesquei errado, eu pesquei o peixe. Tá, mas eu não tomo dano de queda, mas ele toma. Então eu vou tentar pescar ele. Ele vai ver só um peixe tentando pescar ele. Eu pesquei, eu pesquei. Foi, vem. Não, ele não caiu. Eu vou tentar matar ele sendo um gato. Ele não deve estar entendendo nada. Um gato assassino tentando matar ele. Será que eu pesquei ele? Não, eu não consegui pescar. Tá, quer saber? Eu vou desaparecer aqui, senão ele vai descobrir que sou eu. Ele já deve estar pensando que tem alguma coisa estranha. Só por estar um gato tentando pescar ele.",0.3651661574840545,0.5928511023521423,0.0419827215373516,NEU,0.5419256687164307,0.002257129875943,0.0237432848662138,0.001314096734859,0.0233645401895046,0.3092540502548218,0.0032994009088724,0.31547862,Cadres,Minecraft,trollei meus amigos me disfarçando de animais no minecraft [gzwA9RRLu1A],,GZ,GZ,GZ,"🎬 Canal: Cadres | 🎥 Vídeo: trollei meus amigos me disfarçando de animais no minecraft [gzwA9RRLu1A]
⏱️ Segmento/Index: 6
──────────────────────────────────────────────────
Fala transcrita:
""Deixa eu tentar despistar ele. Tá, estou aqui dentro, estou aqui dentro. Ele está me vendo, ele está dropando. Ele está dropando peixe, eu não posso pegar. Eu tenho que fingir que eu estou com medo dele. Ele não desiste, ele quer muito domesticar, mano. Meu Deus do céu. Ele não para de sair de trás de mim. Espera, eu vou tentar fazer algo arriscado. Eu acho que eu não tomo dano de queda, né? Espera, deixa eu testar. Tá, eu não tomo dano de queda. Eu vou tentar fazer um negócio. Não, eu pesquei errado, eu pesquei o peixe. Tá, mas eu não tomo dano de queda, mas ele toma. Então eu vou tentar pescar ele. Ele vai ver só um peixe tentando pescar ele. Eu pesquei, eu pesquei. Foi, vem. Não, ele não caiu. Eu vou tentar matar ele sendo um gato. Ele não deve estar entendendo nada. Um gato assassino tentando matar ele. Será que eu pesquei ele? Não, eu não consegui pescar. Tá, quer saber? Eu vou desaparecer aqui, senão ele vai descobrir que sou eu. Ele já deve estar pensando que tem alguma coisa estranha. Só por estar um gato tentando pescar ele.""",Avaliador_A,Avaliador_B
14,"Que espertinho. Parece que ele sabe que eu tô com a chave na minha mão. E tá indo cuidar ali pra ver se eu não vou fugir. Ô bonitão! Ô bonitão! Vai lá ver se não tá a comida queimando no fogão, alguma coisa assim. Eu vou ter que dar o dibre nele, pessoal. Vou dar uma volta na casa, tentar me afastar dele, pra dar a e abrir o portão. Beleza, pessoal. O caminho tá livre. Vamos ver se eu consigo abrir rapidinho, rapidinho, rapidinho. Aí, abriu. Completamos o ato dois. O ato três agora vai ser o apartamento. O apartamento, pessoal, é quando o nosso personagem, até alguém batendo aqui, vai deixar uma carta. Cadê a carta? Isso! O ato três, pessoal, do apartamento, é quando a gente tinha saído daquela vizinhança, o nosso personagem aqui, e ido morar num apartamento. Ali, ó! Ali o nosso personagem, quem quer? Vou dar foto ali, ó, que legal! Dá pra ler a cartinha? Eu estou trancado na minha própria casa, é uma beleza.",0.1714982241392135,0.6066899299621582,0.2218118607997894,NEU,0.2615711987018585,0.0004111502494197,0.0242333617061376,0.0004442414210643,0.1526530534029007,0.0057471971958875,0.0045748217962682,0.3561489,Tex HS,Roblox,O VIZINHO ESTÁ DE VOLTA Roblox Hello Neighbor The New Neighborhood [vjyF80mQiSo],,GZ,GZ,GZ,"🎬 Canal: Tex HS | 🎥 Vídeo: O VIZINHO ESTÁ DE VOLTA Roblox Hello Neighbor The New Neighborhood [vjyF80mQiSo]
⏱️ Segmento/Index: 14
──────────────────────────────────────────────────
Fala transcrita:
""Que espertinho. Parece que ele sabe que eu tô com a chave na minha mão. E tá indo cuidar ali pra ver se eu não vou fugir. Ô bonitão! Ô bonitão! Vai lá ver se não tá a comida queimando no fogão, alguma coisa assim. Eu vou ter que dar o dibre nele, pessoal. Vou dar uma volta na casa, tentar me afastar dele, pra dar a e abrir o portão. Beleza, pessoal. O caminho tá livre. Vamos ver se eu consigo abrir rapidinho, rapidinho, rapidinho. Aí, abriu. Completamos o ato dois. O ato três agora vai ser o apartamento. O apartamento, pessoal, é quando o nosso personagem, até alguém batendo aqui, vai deixar uma carta. Cadê a carta? Isso! O ato três, pessoal, do apartamento, é quando a gente tinha saído daquela vizinhança, o nosso personagem aqui, e ido morar num apartamento. Ali, ó! Ali o nosso personagem, quem quer? Vou dar foto ali, ó, que legal! Dá pra ler a cartinha? Eu estou trancado na minha própria casa, é uma beleza.""",Avaliador_A,Avaliador_B
5,que tava com o barrio andando no medo aberto achando que ninguém ia me ver ou se foi o cara que passou na minha frente e não me viu ou é aquilo né acho que ele me viu mas ele falou pobre coitada correndo deve ta sem vida nenhuma tentando segurar os pontos acho que ele ficou com pena de mim não é possível porque como é que aquele cara não me viu gente pelo amor de Deus a tela dele deve ta quebrada ele deve ta vendo só um pontinho assim na tela que não é possível o cara não me viu ali passando na frente dele atirei sem querer entreguei minha localização falei pronto e agora aquele rusha em mim eu vou perder todos os meus pontos só que eu sou mais esperta mirei na cabeça ai TAYLOR famoso de dois capinhas é agora eu nunca vou ter que correr no inimigo pra ver se ele tem alguma vida alguma coisa eu tenho que me proteger tem outro inimigo me atirando o cara começou a me atirar eu pego lute pego lute pego lute sai correndo agora eu tenho que rilar minha vida toda agora é a única chance que eu tenho de sair desse lugar aqui tão frio aqui tão frio preciso sair daqui correndo mas agora uma coisa é certa tem um cara lá no fundo que ta me marcando,0.7121138572692871,0.1600098609924316,0.12787626683712,NEG,0.4502874314785003,0.0021086621563881,0.0348169095814228,0.0019296234240755,0.0547246597707271,0.086826205253601,0.0031062562484294,0.27750343,Amy Scarlet,Roblox,Não consigo pegar MESTRE no Free Fire [1ZL1HFdBvD8],,GZ,GZ,GZ,"🎬 Canal: Amy Scarlet | 🎥 Vídeo: Não consigo pegar MESTRE no Free Fire [1ZL1HFdBvD8]
⏱️ Segmento/Index: 5
──────────────────────────────────────────────────
Fala transcrita:
""que tava com o barrio andando no medo aberto achando que ninguém ia me ver ou se foi o cara que passou na minha frente e não me viu ou é aquilo né acho que ele me viu mas ele falou pobre coitada correndo deve ta sem vida nenhuma tentando segurar os pontos acho que ele ficou com pena de mim não é possível porque como é que aquele cara não me viu gente pelo amor de Deus a tela dele deve ta quebrada ele deve ta vendo só um pontinho assim na tela que não é possível o cara não me viu ali passando na frente dele atirei sem querer entreguei minha localização falei pronto e agora aquele rusha em mim eu vou perder todos os meus pontos só que eu sou mais esperta mirei na cabeça ai TAYLOR famoso de dois capinhas é agora eu nunca vou ter que correr no inimigo pra ver se ele tem alguma vida alguma coisa eu tenho que me proteger tem outro inimigo me atirando o cara começou a me atirar eu pego lute pego lute pego lute sai correndo agora eu tenho que rilar minha vida toda agora é a única chance que eu tenho de sair desse lugar aqui tão frio aqui tão frio preciso sair daqui correndo mas agora uma coisa é certa tem um cara lá no fundo que ta me marcando""",Avaliador_A,Avaliador_B
32,meu deus vei que silêncio ta tenso mano ta muito mano tipo assim eu não sei você mas o que eu to nervoso não é brincadeira tipo assim será que é melhor caraca eu não pensei nisso é melhor fazer isso cadu oi sinto de informar não sente nada ah foi você? cara eu vi isso foi você? foi você? ah velho do nada do nada ah velho lhe falta ódio cadu me faltava em derpil mano não tinha derpil você é fraco carlos eduardo ah ah ah ah jump do,0.9487076997756958,0.0282743964344263,0.0230178982019424,NEG,0.8319954872131348,0.0093471128493547,0.0472096316516399,0.0107866739854216,0.0639494210481643,0.0042551890946924,0.0241848286241292,0.52007306,Geleia,Minecraft,então eu fiz uma BATALHA de LUCKY BLOCK de TIKTOK no minecraft com 4 YOUTUBERS [nqKFiMvykU4],,T,T,T,"🎬 Canal: Geleia | 🎥 Vídeo: então eu fiz uma BATALHA de LUCKY BLOCK de TIKTOK no minecraft com 4 YOUTUBERS [nqKFiMvykU4]
⏱️ Segmento/Index: 32
──────────────────────────────────────────────────
Fala transcrita:
""meu deus vei que silêncio ta tenso mano ta muito mano tipo assim eu não sei você mas o que eu to nervoso não é brincadeira tipo assim será que é melhor caraca eu não pensei nisso é melhor fazer isso cadu oi sinto de informar não sente nada ah foi você? cara eu vi isso foi você? foi você? ah velho do nada do nada ah velho lhe falta ódio cadu me faltava em derpil mano não tinha derpil você é fraco carlos eduardo ah ah ah ah jump do""",Avaliador_A,Avaliador_B
20,manda e aí bonitão ele tá descendo de volta galera vou usar mais uma cama toma a flechada ele quebrou quebrou quem tá me batendo era ele ou era o enderman não sei minha vontade era deixar uma cama aqui já mas ele parece que ele bate as asas ele quebra né a cama não vale muito a pena não pegar essa minha flecha espectral aqui ó essa aqui não é infinita ele tá descendo quando ele começa a fazer isso aqui essas pirueta dele ó tipo a dança né a dança do agora fica aí fica aí bonitão nossa tirou a vida dele mas tirou,0.2976882457733154,0.4448860585689544,0.2574256956577301,NEU,0.274375170469284,0.0023190383799374,0.0335971526801586,0.0022929126862436,0.0325470454990863,0.0125696528702974,0.0051172478124499,0.3666224,Tex HS,Roblox,DISSERAM QUE EU NÃO IA CONSEGUIR Minecraft Zero Mortes  E49 [2MmW0icYsK4],,GZ,GZ,GZ,"🎬 Canal: Tex HS | 🎥 Vídeo: DISSERAM QUE EU NÃO IA CONSEGUIR Minecraft Zero Mortes  E49 [2MmW0icYsK4]
⏱️ Segmento/Index: 20
──────────────────────────────────────────────────
Fala transcrita:
""manda e aí bonitão ele tá descendo de volta galera vou usar mais uma cama toma a flechada ele quebrou quebrou quem tá me batendo era ele ou era o enderman não sei minha vontade era deixar uma cama aqui já mas ele parece que ele bate as asas ele quebra né a cama não vale muito a pena não pegar essa minha flecha espectral aqui ó essa aqui não é infinita ele tá descendo quando ele começa a fazer isso aqui essas pirueta dele ó tipo a dança né a dança do agora fica aí fica aí bonitão nossa tirou a vida dele mas tirou""",Avaliador_A,Avaliador_B
2,"AAAAAH! Yes! Você era você mesma, eu não acredito! Ah, gente, como assim? Texinho, texinho, você é o texinho mesmo? Não, não sou eu esse aí não, pode atacar ele! Não! Ai, eu tô perdendo o coração, não era! Nossa! O que aconteceu com a Cris? O que aconteceu comigo? Hahahaha! Ali, ó, o texinho! Volta aqui! Volta aqui! Morreu! Morreu! Nossa, ele tá correndo! Oloco! Ah, morri! Morreu! Ah, parou! Você se transformou bem na hora, texinho! Você não soube disfarçar bem! Não teve como não! Tá, falta quantas pessoas, será? Deixa eu ver! Não, eu não consigo saber! Não dá pra ver, né? Não dá pra ver! Só dá pra ver quem é policial! Eu tô vendo um que tá ali disfarçando muito bem! Não! Ah, eu só tenho dois corações! Deixa eu ver, deixa eu ver as pessoas! Ai, esse daqui tá correndo demais!",0.9514204859733582,0.0345208048820495,0.0140586020424962,NEG,0.5306761860847473,0.0018476292025297,0.040294624865055,0.0009028280619531,0.0745581462979316,0.0263898130506277,0.0045430893078446,0.3827457,Julia MineGirl,Roblox,Roblox - JULIA MINEGIRL DISFARÇADA Incognito [hVRTGUTr3a4],,GZ,GZ,GZ,"🎬 Canal: Julia MineGirl | 🎥 Vídeo: Roblox - JULIA MINEGIRL DISFARÇADA Incognito [hVRTGUTr3a4]
⏱️ Segmento/Index: 2
──────────────────────────────────────────────────
Fala transcrita:
""AAAAAH! Yes! Você era você mesma, eu não acredito! Ah, gente, como assim? Texinho, texinho, você é o texinho mesmo? Não, não sou eu esse aí não, pode atacar ele! Não! Ai, eu tô perdendo o coração, não era! Nossa! O que aconteceu com a Cris? O que aconteceu comigo? Hahahaha! Ali, ó, o texinho! Volta aqui! Volta aqui! Morreu! Morreu! Nossa, ele tá correndo! Oloco! Ah, morri! Morreu! Ah, parou! Você se transformou bem na hora, texinho! Você não soube disfarçar bem! Não teve como não! Tá, falta quantas pessoas, será? Deixa eu ver! Não, eu não consigo saber! Não dá pra ver, né? Não dá pra ver! Só dá pra ver quem é policial! Eu tô vendo um que tá ali disfarçando muito bem! Não! Ah, eu só tenho dois corações! Deixa eu ver, deixa eu ver as pessoas! Ai, esse daqui tá correndo demais!""",Avaliador_A,Avaliador_B
6,"Só que aí eu lembro que não precisa nem de inimigo pra matar a Gracia, porque ela mesma se mata com a cabeça dela. Ela morreu do nada, porque bateu em uma casa de madeira. Foi hoje, hoje, que nós percebemos que somos ruins e temos que aceitar isso. E é por isso então que a gente resolveu jogar modo clássico. Mas foi justamente aqui no modo clássico que a gente percebeu que a gente era ruim mesmo. Assistam essa partida completa pra vocês verem o que foi que aconteceu. Já estávamos nós em Kalahari caindo para conseguir alguns dadinhos pra tentar pegar um emot de flexão. Sim, o evento acaba amanhã, a gente ainda não completou, então a gente foi de última hora fazer o evento. E a gente jurava que estávamos safe. Foi quando eu coloquei o pé no chão que eu percebia a cagada que a gente tinha feito de cair aqui. Um cara chegou ali, eu consegui matar ele de plasma, errei não sei como, mas consegui matar ele. Ele derrubou minhas duas amigas e aí eu fui lá levantar de novo elas duas, porque elas só vivem caindo a partida toda.",0.616309404373169,0.2552619576454162,0.1284285932779312,NEG,0.4679822921752929,0.0012562595074996,0.0353841260075569,0.0012277797795832,0.0369612574577331,0.1312137693166732,0.0027942436281591,0.24282593,Amy Scarlet,Roblox,MELHOR SQUAD DO FREE FIRE [g46ZO-8UwLM],,GZ,GZ,GZ,"🎬 Canal: Amy Scarlet | 🎥 Vídeo: MELHOR SQUAD DO FREE FIRE [g46ZO-8UwLM]
⏱️ Segmento/Index: 6
──────────────────────────────────────────────────
Fala transcrita:
""Só que aí eu lembro que não precisa nem de inimigo pra matar a Gracia, porque ela mesma se mata com a cabeça dela. Ela morreu do nada, porque bateu em uma casa de madeira. Foi hoje, hoje, que nós percebemos que somos ruins e temos que aceitar isso. E é por isso então que a gente resolveu jogar modo clássico. Mas foi justamente aqui no modo clássico que a gente percebeu que a gente era ruim mesmo. Assistam essa partida completa pra vocês verem o que foi que aconteceu. Já estávamos nós em Kalahari caindo para conseguir alguns dadinhos pra tentar pegar um emot de flexão. Sim, o evento acaba amanhã, a gente ainda não completou, então a gente foi de última hora fazer o evento. E a gente jurava que estávamos safe. Foi quando eu coloquei o pé no chão que eu percebia a cagada que a gente tinha feito de cair aqui. Um cara chegou ali, eu consegui matar ele de plasma, errei não sei como, mas consegui matar ele. Ele derrubou minhas duas amigas e aí eu fui lá levantar de novo elas duas, porque elas só vivem caindo a partida toda.""",Avaliador_B,Avaliador_C
13,"E dentro de uma gaiola de rocha matriz, o Itter Boss não escapa, não consegue destruir nada! Eu vou te dar uma ajuda aí, aumentar o tamanho, tem que ser uma gaiola um pouquinho grande, porque também tem que lembrar que a gente vai estar aqui dentro! Não, Beto! A gente vai ficar na parte de cima, a gente só vai soltar a TNT lá de cima e deixar explodir no Itter Boss! Ah, mas tem que spawnar o Itter Boss, né, Robin? Aí que tá! Olha, eu já ative até um plano para a gente não precisar ficar fazendo uma parede gigante! A gente deixa o espaço de um bloco! Ó, vamos colocar grade! Quebra essas grades aqui, Beto! Eu vou quebrar, eu vou quebrar, fica tranquilo! Ó, Robin! Já tô colocando grade em tudo, isso aqui vai ficar realmente seguro! Espero que a gente saia com vida dessa vez! Albertão do papelão! Isso vai ser insano! Eu acho que a explosão, ela vai ser tão grande que vai destruir os blocos que estão em volta dessa gaiola gigante! Vai destruir todas as grades, eu acho, hein! Com certeza! Vai!",0.1551922708749771,0.7814540863037109,0.0633536279201507,NEU,0.5549819469451904,0.0047137476503849,0.0321356616914272,0.002134068403393,0.0250401012599468,0.1445241421461105,0.003754673525691,0.25462922,Robin Hood Gamer,Minecraft,TNT MAIS FORTE DERROTOU ENDER DRAGON  TESTANDO TNTS ESPECIAIS CONTRA MONSTROS NO MINECRAFT [NKBLzLHhI-M],,GZ,GZ,GZ,"🎬 Canal: Robin Hood Gamer | 🎥 Vídeo: TNT MAIS FORTE DERROTOU ENDER DRAGON  TESTANDO TNTS ESPECIAIS CONTRA MONSTROS NO MINECRAFT [NKBLzLHhI-M]
⏱️ Segmento/Index: 13
──────────────────────────────────────────────────
Fala transcrita:
""E dentro de uma gaiola de rocha matriz, o Itter Boss não escapa, não consegue destruir nada! Eu vou te dar uma ajuda aí, aumentar o tamanho, tem que ser uma gaiola um pouquinho grande, porque também tem que lembrar que a gente vai estar aqui dentro! Não, Beto! A gente vai ficar na parte de cima, a gente só vai soltar a TNT lá de cima e deixar explodir no Itter Boss! Ah, mas tem que spawnar o Itter Boss, né, Robin? Aí que tá! Olha, eu já ative até um plano para a gente não precisar ficar fazendo uma parede gigante! A gente deixa o espaço de um bloco! Ó, vamos colocar grade! Quebra essas grades aqui, Beto! Eu vou quebrar, eu vou quebrar, fica tranquilo! Ó, Robin! Já tô colocando grade em tudo, isso aqui vai ficar realmente seguro! Espero que a gente saia com vida dessa vez! Albertão do papelão! Isso vai ser insano! Eu acho que a explosão, ela vai ser tão grande que vai destruir os blocos que estão em volta dessa gaiola gigante! Vai destruir todas as grades, eu acho, hein! Com certeza! Vai!""",Avaliador_B,Avaliador_C
8,É já peguei 6 gelos ali numa caixa de lute só de boa Depois eu fui pegando os restos um pouquinho aqui um pouquinho ali Ai completei os 7 esquece já tô com 10 gelos Esquece o pai tá estourado agora cadê o cara pô Tô aqui no meio do aberto se viu uma trocação do nada Tá demorando demais pô Ei mano tu demorou véi Não tá vendo que tu tá dizendo que tu tem coragem de dizer que eu demorei não bicho na moral Tu sabe como é que foi difícil eu conseguir esse gelo aqui bicho É gelo mesmo é Ó quatro gelos desse aqui tava no meio da trocação a nova peste Acabou de dar ganança de granada da W grossa bagaceira desgraçada lá Ai pegou mais dois tava com tiringa mas com peixeira Tiringa level 100 tá ligado Sabe como é que foi difícil tu margenha do tiringa O resto eu tenho que ver ó eu fui na dungeon eu fui em lojinha eu fui em drople pra ver se era fácil Pera ai não Mas tu pegou o gelo deu certo pegou Peguei Se tu tá aqui é porque deu certo é não esquece o pai tá estourado tu também tá estourado pô,0.7273529767990112,0.1763927191495895,0.096254326403141,NEG,0.2530305981636047,0.0041137742809951,0.042185004800558,0.0029763369821012,0.0414806418120861,0.005503905005753,0.0044051646254956,0.3140926,meu nome é david,Roblox,FREE FIRE NA VIDA REAL - ZERANDO O PASSE DE ELITE [OcqIPf_Vxwg],,GZ,GZ,GZ,"🎬 Canal: meu nome é david | 🎥 Vídeo: FREE FIRE NA VIDA REAL - ZERANDO O PASSE DE ELITE [OcqIPf_Vxwg]
⏱️ Segmento/Index: 8
──────────────────────────────────────────────────
Fala transcrita:
""É já peguei 6 gelos ali numa caixa de lute só de boa Depois eu fui pegando os restos um pouquinho aqui um pouquinho ali Ai completei os 7 esquece já tô com 10 gelos Esquece o pai tá estourado agora cadê o cara pô Tô aqui no meio do aberto se viu uma trocação do nada Tá demorando demais pô Ei mano tu demorou véi Não tá vendo que tu tá dizendo que tu tem coragem de dizer que eu demorei não bicho na moral Tu sabe como é que foi difícil eu conseguir esse gelo aqui bicho É gelo mesmo é Ó quatro gelos desse aqui tava no meio da trocação a nova peste Acabou de dar ganança de granada da W grossa bagaceira desgraçada lá Ai pegou mais dois tava com tiringa mas com peixeira Tiringa level 100 tá ligado Sabe como é que foi difícil tu margenha do tiringa O resto eu tenho que ver ó eu fui na dungeon eu fui em lojinha eu fui em drople pra ver se era fácil Pera ai não Mas tu pegou o gelo deu certo pegou Peguei Se tu tá aqui é porque deu certo é não esquece o pai tá estourado tu também tá estourado pô""",Avaliador_B,Avaliador_C
64,"Tem tnt de dano, farofa, mano. A farofa é melhor que o lobo, velho. O lobo é muito ruim, mano. É, depende do nível, né, do artefato. Acho que o lobo do Tué é preguiçoso. Caraca, meu lobo é muito zoado, velho. Nossa, caiu o pão lá embaixo, velho. Que do pãozinho... Curei pra... Nossa, Ghegan, cura, cura. Curex. Ô, agora tá dando 128 de cura o seu, hein. Não, é que quando eu tenho mais alma, eu curo mais, entendeu? Quando eu tenho pouca alma, eu não curo quase nada. É que eu tô lotado de alma aqui agora. Aí, arrumamos. Cara, eu tô usando a correntada aqui, ó, da minha espada de diamante, isso é muito bom, ó. Então, tipo, cada um tem que ficar com um, né, mano? Porque... ai, eu caí lá embaixo. Tá vivo? Morreu? Então, cada um tem que ficar com um desse. Nossa, cuidado, vai explodir o Creeper ali, ó. Nossa, esse acorrentado, ó. Mano, acorrenta até a ovelinha, a ovelinha não tem nada a ver com isso, vai pra...",0.7866975665092468,0.1644960343837738,0.0488063916563987,NEG,0.2364895492792129,0.0013985483674332,0.0299975126981735,0.0006953249103389,0.0624912828207016,0.0127233620733022,0.004117137286812,0.3250515,AuthenticGames,Minecraft,AUTHENTICGAMES JOGANDO MINECRAFT DUNGEONS COM MEUS AMIGOS - Novo Minecraft [0cC0gB0-Ug0],,GZ,GZ,GZ,"🎬 Canal: AuthenticGames | 🎥 Vídeo: AUTHENTICGAMES JOGANDO MINECRAFT DUNGEONS COM MEUS AMIGOS - Novo Minecraft [0cC0gB0-Ug0]
⏱️ Segmento/Index: 64
──────────────────────────────────────────────────
Fala transcrita:
""Tem tnt de dano, farofa, mano. A farofa é melhor que o lobo, velho. O lobo é muito ruim, mano. É, depende do nível, né, do artefato. Acho que o lobo do Tué é preguiçoso. Caraca, meu lobo é muito zoado, velho. Nossa, caiu o pão lá embaixo, velho. Que do pãozinho... Curei pra... Nossa, Ghegan, cura, cura. Curex. Ô, agora tá dando 128 de cura o seu, hein. Não, é que quando eu tenho mais alma, eu curo mais, entendeu? Quando eu tenho pouca alma, eu não curo quase nada. É que eu tô lotado de alma aqui agora. Aí, arrumamos. Cara, eu tô usando a correntada aqui, ó, da minha espada de diamante, isso é muito bom, ó. Então, tipo, cada um tem que ficar com um, né, mano? Porque... ai, eu caí lá embaixo. Tá vivo? Morreu? Então, cada um tem que ficar com um desse. Nossa, cuidado, vai explodir o Creeper ali, ó. Nossa, esse acorrentado, ó. Mano, acorrenta até a ovelinha, a ovelinha não tem nada a ver com isso, vai pra...""",Avaliador_B,Avaliador_C
3,"Vamos ver o que mais a gente consegue fazer aqui de inútil, a gente consegue fazer essas engrenagens que eu vou fazer algumas aqui pra ver o que acontece O que eu libero aqui, não liberei nada, dá pra fazer um bloco de inutilidade Mano esse bloco é bonito véi, meu Deus, tá ó, aqui a gente consegue fazer uma tesoura inútil, será que ela é inútil mesmo? Deixa eu colocar uma ovelha aqui, sumar um chip e não é inútil mano, não é inútil Não é inútil, não é inútil, não gostei, não gostei, tem que ser inútil Ah, tesoura inútil, mas daí dá pra usar Ai ai ai, não faz sentido nem isso aí mano, que é isso Ó, eu vou ver aqui o que mais dá pra fazer, dá pra fazer super useless rod mano, useless rod Então, dá pra fazer, deixa eu pegar stick aqui, stick, stick e vou tentar fazer umas ferramentas useless mano Vou conseguir fazer aqui uma picareta, uma espada useless, ela dá mais dano que uma picareta, do que uma espada de diamante velho Como assim mano?",0.25627201795578,0.4956715106964111,0.2480563968420028,NEU,0.3389994502067566,0.0095253819599747,0.0424416996538639,0.0063670813106,0.0412862338125705,0.0038571052718907,0.0055382549762725,0.3722269,Geleia,Minecraft,TESTEI O NOVO MOD MAIS INÚTIL DO MUNDO NO MINECRAFT [5zcPi7vuZhU],,GZ,GZ,GZ,"🎬 Canal: Geleia | 🎥 Vídeo: TESTEI O NOVO MOD MAIS INÚTIL DO MUNDO NO MINECRAFT [5zcPi7vuZhU]
⏱️ Segmento/Index: 3
──────────────────────────────────────────────────
Fala transcrita:
""Vamos ver o que mais a gente consegue fazer aqui de inútil, a gente consegue fazer essas engrenagens que eu vou fazer algumas aqui pra ver o que acontece O que eu libero aqui, não liberei nada, dá pra fazer um bloco de inutilidade Mano esse bloco é bonito véi, meu Deus, tá ó, aqui a gente consegue fazer uma tesoura inútil, será que ela é inútil mesmo? Deixa eu colocar uma ovelha aqui, sumar um chip e não é inútil mano, não é inútil Não é inútil, não é inútil, não gostei, não gostei, tem que ser inútil Ah, tesoura inútil, mas daí dá pra usar Ai ai ai, não faz sentido nem isso aí mano, que é isso Ó, eu vou ver aqui o que mais dá pra fazer, dá pra fazer super useless rod mano, useless rod Então, dá pra fazer, deixa eu pegar stick aqui, stick, stick e vou tentar fazer umas ferramentas useless mano Vou conseguir fazer aqui uma picareta, uma espada useless, ela dá mais dano que uma picareta, do que uma espada de diamante velho Como assim mano?""",Avaliador_B,Avaliador_C
84,"Vamos lá então, 1, 2, 3 e toma! Mano, olha que bicho tenebroso que a gente virou galera, olha o tamanho dessa boca mano! Mano, eu acho que agora a gente ficou forte e uma coisa que eu percebi parece que a gente tá no criativo, velho! Caraca, pera aí, a gente é imortal, a gente tem o coração infinito, é isso? E eu ganhei um laser aqui, um laser cósmico K.R. Olha mano, que da hora, o que será que isso que faz? Calma aí, esse bicho é muito aterrorizante velho, eu não sei dele. Dá um medo também, deixa eu dar um foco aqui, veja pra mim aqui ó, deixa eu mostrar pra galera como é que esse bicho é. Olha isso mano. Mostra aí velho. Meu Deus, que bicho medonho, o cara tá doido! Agora me observe K.R., continua me observando e mostrando pra galera aí porque eu vou usar esse laser aqui e vamos ver o que ele faz. Eu vou usar aí e toma essa! Meu Deus, você fica cuspindo laser pela boca, que da hora! Caraca, cuspi velho pra eu ver! Calma aí, deixa eu cuspir o laser aqui e coloco o laser aqui, vamos ver, vamos cuspir o laser pela boca! Nossa mano, que da hora galera!",0.7475810647010803,0.1958053708076477,0.0566135719418525,NEG,0.7019801139831543,0.0036112265661358,0.067393772304058,0.0019617576617747,0.1593217402696609,0.0422696098685264,0.006003547925502,0.37751234,Kass e KR,Minecraft,24 HORAS usando HABILIDADE dos JOGOS no Minecraft - O filme [iZtUF16rR08],,GZ,GZ,GZ,"🎬 Canal: Kass e KR | 🎥 Vídeo: 24 HORAS usando HABILIDADE dos JOGOS no Minecraft - O filme [iZtUF16rR08]
⏱️ Segmento/Index: 84
──────────────────────────────────────────────────
Fala transcrita:
""Vamos lá então, 1, 2, 3 e toma! Mano, olha que bicho tenebroso que a gente virou galera, olha o tamanho dessa boca mano! Mano, eu acho que agora a gente ficou forte e uma coisa que eu percebi parece que a gente tá no criativo, velho! Caraca, pera aí, a gente é imortal, a gente tem o coração infinito, é isso? E eu ganhei um laser aqui, um laser cósmico K.R. Olha mano, que da hora, o que será que isso que faz? Calma aí, esse bicho é muito aterrorizante velho, eu não sei dele. Dá um medo também, deixa eu dar um foco aqui, veja pra mim aqui ó, deixa eu mostrar pra galera como é que esse bicho é. Olha isso mano. Mostra aí velho. Meu Deus, que bicho medonho, o cara tá doido! Agora me observe K.R., continua me observando e mostrando pra galera aí porque eu vou usar esse laser aqui e vamos ver o que ele faz. Eu vou usar aí e toma essa! Meu Deus, você fica cuspindo laser pela boca, que da hora! Caraca, cuspi velho pra eu ver! Calma aí, deixa eu cuspir o laser aqui e coloco o laser aqui, vamos ver, vamos cuspir o laser pela boca! Nossa mano, que da hora galera!""",Avaliador_B,Avaliador_C
3,"daqui a pouco vai acabar as minhas bolinhas de neve explosivas Aí eu quero ver, aí eu quero ver Eu vi que tinha um esqueleto ali, ó A gente tava se escondendo nas rochas, mas eu vou derrotá-lo, peraí E acabou eu acho Tá acabando as minhas bolinhas de neve, McFly E agora, você ainda tem? Vai lá, vai lá, enfrenta esse zumbi aí É acabou, eu só tenho bolinha de neve normal agora Mas você é péssimo de mira, hein? Tá, tá, tá, tá, tá, tá, tá, tô, tô, tô, tô, tô, tô... Tem cinco? Tá, cinco chances pra derrotar um exército de monstros Não sei se vai dar certo não, pessoal, ó Creeper...",0.5462592244148254,0.4093082547187805,0.0444324798882007,NEG,0.3277014195919037,0.0022864311467856,0.0520163886249065,0.0014086202718317,0.0618769824504852,0.0076776356436312,0.0023893360048532,0.36095104,JP Plays,Minecraft,COMO FAZER AS NOVAS BOLINHAS DE NEVE NO MINECRAFT [AHckanf_Seo],,GZ,GZ,GZ,"🎬 Canal: JP Plays | 🎥 Vídeo: COMO FAZER AS NOVAS BOLINHAS DE NEVE NO MINECRAFT [AHckanf_Seo]
⏱️ Segmento/Index: 3
──────────────────────────────────────────────────
Fala transcrita:
""daqui a pouco vai acabar as minhas bolinhas de neve explosivas Aí eu quero ver, aí eu quero ver Eu vi que tinha um esqueleto ali, ó A gente tava se escondendo nas rochas, mas eu vou derrotá-lo, peraí E acabou eu acho Tá acabando as minhas bolinhas de neve, McFly E agora, você ainda tem? Vai lá, vai lá, enfrenta esse zumbi aí É acabou, eu só tenho bolinha de neve normal agora Mas você é péssimo de mira, hein? Tá, tá, tá, tá, tá, tá, tá, tô, tô, tô, tô, tô, tô... Tem cinco? Tá, cinco chances pra derrotar um exército de monstros Não sei se vai dar certo não, pessoal, ó Creeper...""",Avaliador_B,Avaliador_C
1,"Ah meu Deus do céu, os bichos são fortes aí Caes Cuidado mano Caraca, eu não sei qual bicho que eu vou escolher, mas eu acho que eu vou começar por um bem mais... Ah não vou falar, não sei se eu começo por um difícil Não sei se eu começo por um mais fácil E Caes, estou aqui agora transformado no bichinho mano E a gente também esqueceu de uma posição galera que deixa a gente invisível durante algum tempo Porque aí vai ficar mais tranquilo né velho? Isso aí velho MEU DEUS DO CÉU O que foi mano? Pera aí que o bicho me matou HAHAHAHAHA Tá Caes, pode ir velho Beleza meu amigo, estou indo então hein Tá bom, já vou soltar um foguinho isso aqui ó Soltei o foguinho, o Caes ouviu? Ih rapaz, tá longe hein, não vi não, solta mais um aí vai É, cala aí, cala aí que o Caes não está... Ó, soltei hein Caraca!",0.2574327886104584,0.3531474173069,0.3894197642803192,POS,0.4342887997627258,0.005003894213587,0.0524054542183876,0.005628855433315,0.0412134230136871,0.0047936905175447,0.0222910847514867,0.28425202,Kass e KR,Minecraft,Virei MOBS no esconde-esconde para Trollar meu Amigo [PKWdalmhzAU],,GZ,GZ,GZ,"🎬 Canal: Kass e KR | 🎥 Vídeo: Virei MOBS no esconde-esconde para Trollar meu Amigo [PKWdalmhzAU]
⏱️ Segmento/Index: 1
──────────────────────────────────────────────────
Fala transcrita:
""Ah meu Deus do céu, os bichos são fortes aí Caes Cuidado mano Caraca, eu não sei qual bicho que eu vou escolher, mas eu acho que eu vou começar por um bem mais... Ah não vou falar, não sei se eu começo por um difícil Não sei se eu começo por um mais fácil E Caes, estou aqui agora transformado no bichinho mano E a gente também esqueceu de uma posição galera que deixa a gente invisível durante algum tempo Porque aí vai ficar mais tranquilo né velho? Isso aí velho MEU DEUS DO CÉU O que foi mano? Pera aí que o bicho me matou HAHAHAHAHA Tá Caes, pode ir velho Beleza meu amigo, estou indo então hein Tá bom, já vou soltar um foguinho isso aqui ó Soltei o foguinho, o Caes ouviu? Ih rapaz, tá longe hein, não vi não, solta mais um aí vai É, cala aí, cala aí que o Caes não está... Ó, soltei hein Caraca!""",Avaliador_B,Avaliador_C
8,"Eu não reparei mesmo, vamos lá, acabar com todos esses goblins hein, cadê o nosso dragão, nosso dragão vai lá Se o dragão colocar fogo aqui, vai derrotar todos eles de uma vez, eita, eita tá difícil, tá difícil, calma, calma Nosso dragão tá em perigo pessoal, não quero que ele perca a batalha não, ele tá com armadura, tá com tudo ali Mas mesmo assim é muito goblin, olha isso, eu tô com pouca vida Ae pessoal, olha só que legal, até combinou com a nossa armadura, a gente tem agora um mascote dragão junto com a gente Se eu não me engano foi no segundo episódio que a gente teve um mascote também né, muito legal que ele fica sempre aqui por perto Às vezes ele some e tal, mas ele volta também, então vamos tentar invadir essa danjo É muito goblin que não acaba mais pessoal, olha isso, e o nosso dragão agora ele tá só olhando, o dragão, vai ajudar aqui né O bom é que a gente tá ganhando bastante moeda pessoal, a gente tá ganhando realmente bastante moeda enfrentando esses goblins né, olha isso",0.4693237841129303,0.4703350961208343,0.0603411383926868,NEU,0.390580266714096,0.0040195910260081,0.0599003508687019,0.002495611552149,0.0293974243104457,0.0349385105073452,0.0038810020778328,0.32182294,JP Plays,Minecraft,DRAGÃO DE 3 CABEÇAS APARECEU NO MINECRAFT  Aventuras com Dragões 5 [NmMrLiceScM],,GZ,GZ,GZ,"🎬 Canal: JP Plays | 🎥 Vídeo: DRAGÃO DE 3 CABEÇAS APARECEU NO MINECRAFT  Aventuras com Dragões 5 [NmMrLiceScM]
⏱️ Segmento/Index: 8
──────────────────────────────────────────────────
Fala transcrita:
""Eu não reparei mesmo, vamos lá, acabar com todos esses goblins hein, cadê o nosso dragão, nosso dragão vai lá Se o dragão colocar fogo aqui, vai derrotar todos eles de uma vez, eita, eita tá difícil, tá difícil, calma, calma Nosso dragão tá em perigo pessoal, não quero que ele perca a batalha não, ele tá com armadura, tá com tudo ali Mas mesmo assim é muito goblin, olha isso, eu tô com pouca vida Ae pessoal, olha só que legal, até combinou com a nossa armadura, a gente tem agora um mascote dragão junto com a gente Se eu não me engano foi no segundo episódio que a gente teve um mascote também né, muito legal que ele fica sempre aqui por perto Às vezes ele some e tal, mas ele volta também, então vamos tentar invadir essa danjo É muito goblin que não acaba mais pessoal, olha isso, e o nosso dragão agora ele tá só olhando, o dragão, vai ajudar aqui né O bom é que a gente tá ganhando bastante moeda pessoal, a gente tá ganhando realmente bastante moeda enfrentando esses goblins né, olha isso""",Avaliador_B,Avaliador_C
2,"Aconteceu uma coisa engraçada no chat, porque o Creeper, que é esse Adam aqui, ele falou assim comigo, ó. Oi, Tex. Eu até falei, não sabia que você falava português, mas aqui pra cima, ele tá falando tudo em inglês. Eu acho que ele só me deu oi em português, né? Enfim, galera. Depois que eu morri, eu spawnei num lugar diferente. Achei que ia morrer se eu precisasse dessa pedra. Tem um amiguinho aqui, galera. Que criatura que é essa aqui? É um NPC, né? Ah, mano! Eu só encostei nele, eu já morri. E não, joguinho. Eu gosto quando jogos te mandam pra lugares aleatórios, depois de cada morte, por exemplo. Vim parar na frente do mercadinho chamado Die Mart. Ô, minha querida. Eu só entrei aqui pra falar uma coisa. Eu não gostei muito do nome do seu mercado, não. Olha aqui, pessoal. Foto dos clientes satisfeitos. Cinco minutos depois de entrar no mercado, eles ficaram assim, ó. Tem uns itens pra comprar aqui, não tô interessado não, viu? Que isso aqui? Flipperama. Clique em um botão para começar. Não funciona, tá estragado. Teleport para survival. Tá todo estragado esse fliperama aqui, galera. Não confie em nada aqui. Olha isso aqui, por exemplo. Free V-Bucks.",0.1143943071365356,0.5573229193687439,0.3282827734947204,NEU,0.2971561551094055,0.0059987031854689,0.0478184483945369,0.0050701461732387,0.0338583663105964,0.003998308442533,0.0049567483365535,0.30439767,Tex HS,Roblox,Morreu Por Falta de Inteligência no Roblox [uxazyyOCDbE],,GZ,GZ,GZ,"🎬 Canal: Tex HS | 🎥 Vídeo: Morreu Por Falta de Inteligência no Roblox [uxazyyOCDbE]
⏱️ Segmento/Index: 2
──────────────────────────────────────────────────
Fala transcrita:
""Aconteceu uma coisa engraçada no chat, porque o Creeper, que é esse Adam aqui, ele falou assim comigo, ó. Oi, Tex. Eu até falei, não sabia que você falava português, mas aqui pra cima, ele tá falando tudo em inglês. Eu acho que ele só me deu oi em português, né? Enfim, galera. Depois que eu morri, eu spawnei num lugar diferente. Achei que ia morrer se eu precisasse dessa pedra. Tem um amiguinho aqui, galera. Que criatura que é essa aqui? É um NPC, né? Ah, mano! Eu só encostei nele, eu já morri. E não, joguinho. Eu gosto quando jogos te mandam pra lugares aleatórios, depois de cada morte, por exemplo. Vim parar na frente do mercadinho chamado Die Mart. Ô, minha querida. Eu só entrei aqui pra falar uma coisa. Eu não gostei muito do nome do seu mercado, não. Olha aqui, pessoal. Foto dos clientes satisfeitos. Cinco minutos depois de entrar no mercado, eles ficaram assim, ó. Tem uns itens pra comprar aqui, não tô interessado não, viu? Que isso aqui? Flipperama. Clique em um botão para começar. Não funciona, tá estragado. Teleport para survival. Tá todo estragado esse fliperama aqui, galera. Não confie em nada aqui. Olha isso aqui, por exemplo. Free V-Bucks.""",Avaliador_B,Avaliador_C
7,"Eu vou pegar você porque eu sou mordezinho, seu xerife! Vem! Ah, ah, não, a badinha, a badinha! Eu vou pegar! Ai, ai! Ai, corre! Amandinha, para de correr atrás de mim! Então, então, deixa de você correr atrás! Você vê que eu vou atrás logo de ver a badinha! Não, mas você é xerife! Ai, ai, Amandinha! Eu sou xerife, bonzinho! Não, não! Ei, isso! Ih, ih! Vem, Amandinha, vem! Aparece aqui a badinha, vem! Oi, badinha! Oi, Amandinha, oi! Não, vocês não vendo! Aqui, o nome pega! Pega não! Eu pego assim, quer ver? Pega não, Amandinha! Pega não! Ai, me guarde! Você chegou perto de me! Você chegou perto de me, Niki! Ih, ih! Salva! Amandinha, para de pular, Amandinha! Só porque você tem um sapo na cabeça! Você fica pulando, parecendo um sapo! Eu não! Agora eu vou pegar! Vou pegar! Eu acho que a Amandinha é um sapo! Oi! Ai, ai, ai! Ela fica me pegando!",0.1547163873910904,0.6871474385261536,0.1581361442804336,NEU,0.941876232624054,0.009818835183978,0.0770725235342979,0.007040265481919,0.080967292189598,0.0128966681659221,0.0493656657636165,0.41445592,Lokis,Roblox,FAQUINHA DO CORAÇÃO NO MURDER MYSTERY  Roblox - Murder Mystery 2 [iWc89ElzCvg],,T,T,T,"🎬 Canal: Lokis | 🎥 Vídeo: FAQUINHA DO CORAÇÃO NO MURDER MYSTERY  Roblox - Murder Mystery 2 [iWc89ElzCvg]
⏱️ Segmento/Index: 7
──────────────────────────────────────────────────
Fala transcrita:
""Eu vou pegar você porque eu sou mordezinho, seu xerife! Vem! Ah, ah, não, a badinha, a badinha! Eu vou pegar! Ai, ai! Ai, corre! Amandinha, para de correr atrás de mim! Então, então, deixa de você correr atrás! Você vê que eu vou atrás logo de ver a badinha! Não, mas você é xerife! Ai, ai, Amandinha! Eu sou xerife, bonzinho! Não, não! Ei, isso! Ih, ih! Vem, Amandinha, vem! Aparece aqui a badinha, vem! Oi, badinha! Oi, Amandinha, oi! Não, vocês não vendo! Aqui, o nome pega! Pega não! Eu pego assim, quer ver? Pega não, Amandinha! Pega não! Ai, me guarde! Você chegou perto de me! Você chegou perto de me, Niki! Ih, ih! Salva! Amandinha, para de pular, Amandinha! Só porque você tem um sapo na cabeça! Você fica pulando, parecendo um sapo! Eu não! Agora eu vou pegar! Vou pegar! Eu acho que a Amandinha é um sapo! Oi! Ai, ai, ai! Ela fica me pegando!""",Avaliador_B,Avaliador_C
9,"Gente, todo mundo me atacou! Gente, ela tá com a miguelinha, tá com queimando todo mundo! Queimei, queimei a Cris! Fogo Cris, né? Não sei! Eu fui atingida! Atingida! Eu já não sei... Queimei o miguelinho! Ah, não, queimaram! Gente, eu preciso queimar os miguelinhos! Eu não enxergo direito meu raio, meu alvo! Queimei a budinha! Eita! Vem aqui! Queimou, tá com a miguelinha! Gente, tá com a miguelinha todo mundo! Tá com a miguelinha todo mundo! 99% estão jogando, viu? 99% tinha saído! É sério? É que eu sou duvida, eu tô com a miguelinha, tá com ninguém! Olha, tem uma miguelinha aqui que tá parada, né? Eu vou ficar queimando ela, que aí eu vou ficar... Vou ficar de queimada! Isso aí, gente! Vou queimar todo mundo! Eita! Eu tenho praia de me queimar! Olha, Suluca! Oi! Achei alguém que era de costas e falaram que era de traçoagem, tá? Ele tá tentando queimar a bomba! Tadinho! Eu não sei, gente, eu tô muito de mal! Ai, ai, queimei queimado de novo! Gente, olha lá a bomba! Isso é perfeito! Eu joguei a bomba para o Couto López! E eu, e eu, gente? Cadê eu?",0.782757580280304,0.1989250630140304,0.0183173231780529,NEG,0.9309483766555786,0.0115888053551316,0.0481250174343586,0.0034988652914762,0.0265515353530645,0.1442623436450958,0.0262135062366724,0.4398409,Luluca Games,Roblox,Roblox - ENTRAMOS NO MUNDO DOS JOGOS DA NIKELAND  Luluca Games [ulkDYMnM8VI],0.7827578186988831,T,T,T,"🎬 Canal: Luluca Games | 🎥 Vídeo: Roblox - ENTRAMOS NO MUNDO DOS JOGOS DA NIKELAND  Luluca Games [ulkDYMnM8VI]
⏱️ Segmento/Index: 9
──────────────────────────────────────────────────
Fala transcrita:
""Gente, todo mundo me atacou! Gente, ela tá com a miguelinha, tá com queimando todo mundo! Queimei, queimei a Cris! Fogo Cris, né? Não sei! Eu fui atingida! Atingida! Eu já não sei... Queimei o miguelinho! Ah, não, queimaram! Gente, eu preciso queimar os miguelinhos! Eu não enxergo direito meu raio, meu alvo! Queimei a budinha! Eita! Vem aqui! Queimou, tá com a miguelinha! Gente, tá com a miguelinha todo mundo! Tá com a miguelinha todo mundo! 99% estão jogando, viu? 99% tinha saído! É sério? É que eu sou duvida, eu tô com a miguelinha, tá com ninguém! Olha, tem uma miguelinha aqui que tá parada, né? Eu vou ficar queimando ela, que aí eu vou ficar... Vou ficar de queimada! Isso aí, gente! Vou queimar todo mundo! Eita! Eu tenho praia de me queimar! Olha, Suluca! Oi! Achei alguém que era de costas e falaram que era de traçoagem, tá? Ele tá tentando queimar a bomba! Tadinho! Eu não sei, gente, eu tô muito de mal! Ai, ai, queimei queimado de novo! Gente, olha lá a bomba! Isso é perfeito! Eu joguei a bomba para o Couto López! E eu, e eu, gente? Cadê eu?""",Avaliador_B,Avaliador_C
9,"O segundo é perdedor porque o primeiro é ganhado! Perdedor! Trapaceou então! Trapacei, coisa nenhuma, Nath, eu joguei limpo porque eu só jogo limpo. Porque eu não jogo sujo, porque quando é sujo é muito sujo. Eu jogo limpo! Não, você ali pegou o pano pra limpar a sujeira! O meu nome é Loquinho e eu jogo limpinho. Não! Você se chama a Mantinha e você joga sujinha. Não, nada disso! Tudo isso, tudo isso! Não! Agora eu vou mostrar uma outra coisa que eu vou comprar. É uma lancha! Lanche! Não é lanche, não é lancha! Lancha! Você vai na boia, Mantinha, na boia, na boia? Sim, eu vou na boia! Olha que legal, gente! A Mantinha tá numa boia e tem uma cordinha que vai puxar a Mantinha. E a gente se torna!",0.9007959961891174,0.085320733487606,0.013883207924664,NEG,0.8640872836112976,0.0008871778845787,0.0322258584201335,0.0009254118194803,0.5574032068252563,0.0016213352791965,0.001947431708686,0.46716887,Lokis,Roblox,LOKIS NO CAMINHÃO DE BOMBEIRO  Roblox [DLe-ohKuuiM],,T,T,T,"🎬 Canal: Lokis | 🎥 Vídeo: LOKIS NO CAMINHÃO DE BOMBEIRO  Roblox [DLe-ohKuuiM]
⏱️ Segmento/Index: 9
──────────────────────────────────────────────────
Fala transcrita:
""O segundo é perdedor porque o primeiro é ganhado! Perdedor! Trapaceou então! Trapacei, coisa nenhuma, Nath, eu joguei limpo porque eu só jogo limpo. Porque eu não jogo sujo, porque quando é sujo é muito sujo. Eu jogo limpo! Não, você ali pegou o pano pra limpar a sujeira! O meu nome é Loquinho e eu jogo limpinho. Não! Você se chama a Mantinha e você joga sujinha. Não, nada disso! Tudo isso, tudo isso! Não! Agora eu vou mostrar uma outra coisa que eu vou comprar. É uma lancha! Lanche! Não é lanche, não é lancha! Lancha! Você vai na boia, Mantinha, na boia, na boia? Sim, eu vou na boia! Olha que legal, gente! A Mantinha tá numa boia e tem uma cordinha que vai puxar a Mantinha. E a gente se torna!""",Avaliador_B,Avaliador_C
20,Cai dentro Apontar fogo Dança do dia Aplausos Aplausos Onda do braço Loh Onda no braço Ameaçar Bom apetite Soco fogo Apontar fogo Ocizle Jutsu Flexão Bora amor,0.0234808232635259,0.6610737442970276,0.3154454231262207,NEU,0.074884720146656,0.0091686695814132,0.0542975924909114,0.0054403222166001,0.0379818640649318,0.01005120575428,0.0052121980115771,0.059232414,meu nome é david,Roblox,BATALHAS DE EMOTES FREE FIRE  SUPER COMPILADOS [Ib_NDhd4xgA],,NT,NT,NT,"🎬 Canal: meu nome é david | 🎥 Vídeo: BATALHAS DE EMOTES FREE FIRE  SUPER COMPILADOS [Ib_NDhd4xgA]
⏱️ Segmento/Index: 20
──────────────────────────────────────────────────
Fala transcrita:
""Cai dentro Apontar fogo Dança do dia Aplausos Aplausos Onda do braço Loh Onda no braço Ameaçar Bom apetite Soco fogo Apontar fogo Ocizle Jutsu Flexão Bora amor""",Avaliador_B,Avaliador_C
12,"Eu tô preso aqui dentro Então, ai você quebra esse bloco, na mão Ah, mas você passou lá antes de quebrar o primeiro bloco? Ah, não, outro também eu quebrei na mão Na sua prisão Ah, mas lá tinha um botão, é que você não achou Ah, eu não achei o botão, eu quebrei na mão Ah, não, Atos E aí, vem cá ver, vem cá ver uma coisa O que, o que tem na tua prisão? Ué, ela bugou, os esqueletos sumiram! É, eu acho que eles não sobreviveram Ah, não, ainda bem que você não conseguiu passar da primeira fase Nossa, Atos, mas você me prendeu lá, não valia isso Eu ganhei, então eu quero nem saber, eu ganhei Ah, e tá bom então, Atos O segundo já foi e tá 1 a 1 Que é 1 a 1, por que você colocou verde aqui? Eu coloquei verde porque a gente fez o verde Não, é o laranja aqui, quer dizer que eu ganhei Ai, tá bom, Atos, tá bom Agora, Atos, escolhe um desses dois injetores Qualquer um Qualquer um dos dois Esse aqui Esse daí, quanto tempo você pegou?",0.1800471395254135,0.7934777736663818,0.0264750868082046,NEU,0.2205771058797836,0.0058149513788521,0.0467991195619106,0.00396833056584,0.0425937324762344,0.0085528986528515,0.0033802457619458,0.30439767,Cadres,Minecraft,Prisão Segura de NOOB Vs PRO no Minecraft [d-t7vowmM58],,GZ,GZ,GZ,"🎬 Canal: Cadres | 🎥 Vídeo: Prisão Segura de NOOB Vs PRO no Minecraft [d-t7vowmM58]
⏱️ Segmento/Index: 12
──────────────────────────────────────────────────
Fala transcrita:
""Eu tô preso aqui dentro Então, ai você quebra esse bloco, na mão Ah, mas você passou lá antes de quebrar o primeiro bloco? Ah, não, outro também eu quebrei na mão Na sua prisão Ah, mas lá tinha um botão, é que você não achou Ah, eu não achei o botão, eu quebrei na mão Ah, não, Atos E aí, vem cá ver, vem cá ver uma coisa O que, o que tem na tua prisão? Ué, ela bugou, os esqueletos sumiram! É, eu acho que eles não sobreviveram Ah, não, ainda bem que você não conseguiu passar da primeira fase Nossa, Atos, mas você me prendeu lá, não valia isso Eu ganhei, então eu quero nem saber, eu ganhei Ah, e tá bom então, Atos O segundo já foi e tá 1 a 1 Que é 1 a 1, por que você colocou verde aqui? Eu coloquei verde porque a gente fez o verde Não, é o laranja aqui, quer dizer que eu ganhei Ai, tá bom, Atos, tá bom Agora, Atos, escolhe um desses dois injetores Qualquer um Qualquer um dos dois Esse aqui Esse daí, quanto tempo você pegou?""",Avaliador_B,Avaliador_C
2,"E claro que tem que farpar, né? Porque todo pro player farpa, porque a gente se garante. Aí eu parei pra dar uma descansada aqui antes de lutear mais. Fui lá visitar o túmulo do cara que eu matei também, né? Vida que segue agora. E agora eu fui fazer outras vítimas. Enquanto eu estava passando por pique eu avistei um cara dentro do celeiro. Então óbvio que eu fui lá estacionar o meu carro no celeiro. Ai, sem querer, bati aqui, peraí. Fui estacionar meu carro lá no celeiro pra matar ele. Eu deixei uma mina aqui caso ele pulasse o celeiro, né? Estratégia é tudo. Fiz um desenho aqui na parede pra mostrar que eu sou rebelde. Eu desenhei tudo pra ele ficar com medo de mim. E quando eu me dei conta o cara não tava aqui, né? Porque eu procurei, procurei e não achei ninguém. Mas quando eu vi tiros no mapa pro OC pro player eu sabia onde o cara estava. Então fui, mirei lá, aí avistei o cara ali mesmo. Estava a minha próxima vítima. Eu fiquei mirando esperando o momento exato para matar a vítima.",0.1110357344150543,0.8100585341453552,0.0789056941866874,NEU,0.4306145012378692,0.0009329105960205,0.0036108940839767,0.0013728798367083,0.0102467546239495,0.3122222423553467,0.0012784888967871,0.34328604,Amy Scarlet,Roblox,MELHOR JOGADOR DE FREE FIRE 2021 [ws6CI2TKXIs],,GZ,GZ,GZ,"🎬 Canal: Amy Scarlet | 🎥 Vídeo: MELHOR JOGADOR DE FREE FIRE 2021 [ws6CI2TKXIs]
⏱️ Segmento/Index: 2
──────────────────────────────────────────────────
Fala transcrita:
""E claro que tem que farpar, né? Porque todo pro player farpa, porque a gente se garante. Aí eu parei pra dar uma descansada aqui antes de lutear mais. Fui lá visitar o túmulo do cara que eu matei também, né? Vida que segue agora. E agora eu fui fazer outras vítimas. Enquanto eu estava passando por pique eu avistei um cara dentro do celeiro. Então óbvio que eu fui lá estacionar o meu carro no celeiro. Ai, sem querer, bati aqui, peraí. Fui estacionar meu carro lá no celeiro pra matar ele. Eu deixei uma mina aqui caso ele pulasse o celeiro, né? Estratégia é tudo. Fiz um desenho aqui na parede pra mostrar que eu sou rebelde. Eu desenhei tudo pra ele ficar com medo de mim. E quando eu me dei conta o cara não tava aqui, né? Porque eu procurei, procurei e não achei ninguém. Mas quando eu vi tiros no mapa pro OC pro player eu sabia onde o cara estava. Então fui, mirei lá, aí avistei o cara ali mesmo. Estava a minha próxima vítima. Eu fiquei mirando esperando o momento exato para matar a vítima.""",Avaliador_B,Avaliador_C
19,"Gente, pessoal, gente, pessoal O que que tá acontecendo comigo? Gente, por que eu não tô conseguindo subir ali? Eu tô ficando um pouquinho chateada Eu tô um pouquinho, mami Por que, filha? Eu não sei que você já vai tapar, Lu Já, pegou, menina Gente, ela tá louca Gente, por que ela tá indo? Será? Sabe onde eu cheguei? Onde? Naquela baú, Lu Meu peito, sabia, sem cuidar Sempre dá certo, mami Olha, o que que eu quero? Eu tô tentando, eu tô tentando Meus pulos super tônicos aqui, mami Não, eu não sei, não sei, super difícil Você sabia que isso ia acontecer de novo? Poxa, pessoal, nossa, eu tô com muita experiência E de um lado, você tá com muita espirulosa Eu queria te falar uma coisa Nós estamos no fácil Já imaginou que a gente estivesse no difícil?",0.8475140929222107,0.1328831166028976,0.0196028538048267,NEG,0.2462867945432663,0.0034375400282442,0.0418260768055915,0.005937113892287,0.0377461276948452,0.0021880255080759,0.0105885369703173,0.26104406,Luluca Games,Roblox,Roblox - ESCAPAMOS DE UM POLICIAL MUITO DOIDÃO Barrys Prison Run  Luluca Games [ZxNdYpShWug],0.8475146293640137,GZ,GZ,GZ,"🎬 Canal: Luluca Games | 🎥 Vídeo: Roblox - ESCAPAMOS DE UM POLICIAL MUITO DOIDÃO Barrys Prison Run  Luluca Games [ZxNdYpShWug]
⏱️ Segmento/Index: 19
──────────────────────────────────────────────────
Fala transcrita:
""Gente, pessoal, gente, pessoal O que que tá acontecendo comigo? Gente, por que eu não tô conseguindo subir ali? Eu tô ficando um pouquinho chateada Eu tô um pouquinho, mami Por que, filha? Eu não sei que você já vai tapar, Lu Já, pegou, menina Gente, ela tá louca Gente, por que ela tá indo? Será? Sabe onde eu cheguei? Onde? Naquela baú, Lu Meu peito, sabia, sem cuidar Sempre dá certo, mami Olha, o que que eu quero? Eu tô tentando, eu tô tentando Meus pulos super tônicos aqui, mami Não, eu não sei, não sei, super difícil Você sabia que isso ia acontecer de novo? Poxa, pessoal, nossa, eu tô com muita experiência E de um lado, você tá com muita espirulosa Eu queria te falar uma coisa Nós estamos no fácil Já imaginou que a gente estivesse no difícil?""",Avaliador_B,Avaliador_C
3,"Aí ela falou, amiga, socorri, ele tá com muita dor Aí eu fui lá olhar nos aparelhos pra ver como é que ele tá Não entendi nada porque eu não sou enfermeira, eu sou um anjo caído Aí eu perguntei, tu tá com dor de quê, Plutão?",0.5683255791664124,0.3507466316223144,0.0809277892112732,NEG,0.0446815006434917,0.0003081502800341,0.0115791847929358,0.0009753104532137,0.0106367180123925,0.0004253305669408,0.0017184583703055,0.022846194,Amy Scarlet,Roblox,Meu Squad não é normal [8TpmyPpcHkk],,NT,NT,NT,"🎬 Canal: Amy Scarlet | 🎥 Vídeo: Meu Squad não é normal [8TpmyPpcHkk]
⏱️ Segmento/Index: 3
──────────────────────────────────────────────────
Fala transcrita:
""Aí ela falou, amiga, socorri, ele tá com muita dor Aí eu fui lá olhar nos aparelhos pra ver como é que ele tá Não entendi nada porque eu não sou enfermeira, eu sou um anjo caído Aí eu perguntei, tu tá com dor de quê, Plutão?""",Avaliador_B,Avaliador_C
6,"eu tô escondido em algum lugar, não vou falar onde você está, né, seu doido deixa eu ver, é, você escondeu bem, né? muito bem escondido você vai demorar muito pra me achar perco, eu não tô achando mesmo deixa eu dar B ai, eu tô te vendo, tô te vendo não, não achou, não me achou, ai, ai, ai que droga, que droga ai, tá bom, tá bom, você me achou eu quero fazer um teste, já que nós podemos ficar pequenininho, eu vou subir em cima da mesa de sinuca, na verdade, antes da mesa de sinuca eu vou subir em cima do computador e ficar minúsculo pessoal, eu vou ficar minúsculo, hein 1, 2, 3 e... mano, eu tô em cima do teclado eu vou digitar aqui, olha só eu sou do tamanho de uma tecla tá, como é que a gente faz pra jogar Minecraft assim? eu não sei, eu controlo a câmera e você pisa ali nas setinhas, tá bom?",0.5470881462097168,0.4032622575759887,0.0496495999395847,NEG,0.8244750499725342,0.0109004918485879,0.0648107603192329,0.0064519895240664,0.0549879893660545,0.007025433704257,0.0101513192057609,0.509388,JP Plays,Minecraft,A CADA MINUTO VOCÊ FICA MENOR NO MINECRAFT [RBhL8dQSTw0],,T,T,T,"🎬 Canal: JP Plays | 🎥 Vídeo: A CADA MINUTO VOCÊ FICA MENOR NO MINECRAFT [RBhL8dQSTw0]
⏱️ Segmento/Index: 6
──────────────────────────────────────────────────
Fala transcrita:
""eu tô escondido em algum lugar, não vou falar onde você está, né, seu doido deixa eu ver, é, você escondeu bem, né? muito bem escondido você vai demorar muito pra me achar perco, eu não tô achando mesmo deixa eu dar B ai, eu tô te vendo, tô te vendo não, não achou, não me achou, ai, ai, ai que droga, que droga ai, tá bom, tá bom, você me achou eu quero fazer um teste, já que nós podemos ficar pequenininho, eu vou subir em cima da mesa de sinuca, na verdade, antes da mesa de sinuca eu vou subir em cima do computador e ficar minúsculo pessoal, eu vou ficar minúsculo, hein 1, 2, 3 e... mano, eu tô em cima do teclado eu vou digitar aqui, olha só eu sou do tamanho de uma tecla tá, como é que a gente faz pra jogar Minecraft assim? eu não sei, eu controlo a câmera e você pisa ali nas setinhas, tá bom?""",Avaliador_B,Avaliador_C
44,"Isso aqui é vermelho Opa, possivelmente, ó, galera Vamos ver que blocos são esses São nether bricks, velho, que podem ser colocadas nos granitos Vamos até ver se isso vai funcionar mesmo Polis granites são esses granitos aqui Opa, é isso aí, Pokão Só vai, só vai Só vai, velho, ó Coloquei tudo isso aqui Meu Deus, apareceu uma shulker box Uma shulker box com uma lã vermelha Que Pokão Eu acho que essa lã, ela pode ser colocada num red glazer terracotta São aqueles blocos diferentes de clay Lá no começo Lá no começo, que você até perguntou que quadro é esse aqui, velho Então aqui, pessoal, possivelmente nós vamos ter que preencher aqueles quadros inteiros com as lãs correspondentes das salas O lado bom é que nós já temos aqui a lã vermelha, o que nos ajuda muito, Pokão E vamos aqui para os próximos itens, ó Aqui é o baú preto Ah, olha aqui, ó, já tem a lã preta dentro dele, Pokão Então, lã vermelha e lã preta Legal, ó, a sala rosa nós vamos precisar de um bloco chamado purple pillar Isso aqui, se eu não me engano, é do The End, velho É um bloco que fica lá no The End Então, para sala rosa Para sala azul nós vamos precisar quebrar um bloco de prismarine",0.064009815454483,0.8662053346633911,0.0697848200798034,NEU,0.0056658587418496,0.0077849882654845,0.0349442288279533,0.0054843253456056,0.0291345342993736,0.0050588818266987,0.0022726582828909,0.054779384,AuthenticGames,Minecraft,FUJA da PRISÃO COLORIDA - O FILME [rPKEGv50EEU],,NT,NT,NT,"🎬 Canal: AuthenticGames | 🎥 Vídeo: FUJA da PRISÃO COLORIDA - O FILME [rPKEGv50EEU]
⏱️ Segmento/Index: 44
──────────────────────────────────────────────────
Fala transcrita:
""Isso aqui é vermelho Opa, possivelmente, ó, galera Vamos ver que blocos são esses São nether bricks, velho, que podem ser colocadas nos granitos Vamos até ver se isso vai funcionar mesmo Polis granites são esses granitos aqui Opa, é isso aí, Pokão Só vai, só vai Só vai, velho, ó Coloquei tudo isso aqui Meu Deus, apareceu uma shulker box Uma shulker box com uma lã vermelha Que Pokão Eu acho que essa lã, ela pode ser colocada num red glazer terracotta São aqueles blocos diferentes de clay Lá no começo Lá no começo, que você até perguntou que quadro é esse aqui, velho Então aqui, pessoal, possivelmente nós vamos ter que preencher aqueles quadros inteiros com as lãs correspondentes das salas O lado bom é que nós já temos aqui a lã vermelha, o que nos ajuda muito, Pokão E vamos aqui para os próximos itens, ó Aqui é o baú preto Ah, olha aqui, ó, já tem a lã preta dentro dele, Pokão Então, lã vermelha e lã preta Legal, ó, a sala rosa nós vamos precisar de um bloco chamado purple pillar Isso aqui, se eu não me engano, é do The End, velho É um bloco que fica lá no The End Então, para sala rosa Para sala azul nós vamos precisar quebrar um bloco de prismarine""",Avaliador_B,Avaliador_C
8,"Aqui, ó. Vamos ver se o cachorro do FUNK vai pra cima aqui, ó. Ó, pulou, pulou, Pokão. Briga de cachorro e cavalo, mano. Briga de cachorro e calango, mano. Aonde que tá? Ah, tá lá em cima, tá lá em cima. Pessoal, esses bichos tão dropando coro. Será que dá pra fazer armadura com isso? Com certeza. Eu acho que dá, hein. Ó, ó, tem outro, tem outro! Você que bateu... Ah, não, não. Vocês têm esse coro aqui, Iagão? Deixa eu ver. Tem azuzinho? Tem, tem, ó. Segura. Eu vou tentar, Pokão, eu vou tentar fazer aqui, ó. Tem coro disso aqui? Eu vou tentar fazer uma... Não, não tem coro, não. Eu vou tentar fazer uma... Uma calça. Vamos ver se tem como. Tem como? Cuidado, cuidado, pessoal! Ó, fume... Tô me lembrando de The Grounded aqui, né, cara? Tem... Já tô vendo um bichão aqui, ó, véi. Cuidado, cuidado, Pok. Eu tenho um bicho aqui e nós não tem medo de matar ele. Ai, matei. Opa! Pokão, tropou a perna dele, véi! Sai, eu quero perna, não! Come, Pok. Sai fora!",0.2079261392354965,0.7555052042007446,0.0365686155855655,NEU,0.5363724827766418,0.0034681037068367,0.0343208909034729,0.0017291904659941,0.0452779456973075,0.0929900184273719,0.0112272910773754,0.37751234,AuthenticGames,Minecraft,SOBREVIVENDO A PRIMEIRA NOITE NA DIMENSÃO MALUCA  - Minecraft PE com Mobs 1 [jRsOLYTlcU4],0.2079259604215622,GZ,GZ,GZ,"🎬 Canal: AuthenticGames | 🎥 Vídeo: SOBREVIVENDO A PRIMEIRA NOITE NA DIMENSÃO MALUCA  - Minecraft PE com Mobs 1 [jRsOLYTlcU4]
⏱️ Segmento/Index: 8
──────────────────────────────────────────────────
Fala transcrita:
""Aqui, ó. Vamos ver se o cachorro do FUNK vai pra cima aqui, ó. Ó, pulou, pulou, Pokão. Briga de cachorro e cavalo, mano. Briga de cachorro e calango, mano. Aonde que tá? Ah, tá lá em cima, tá lá em cima. Pessoal, esses bichos tão dropando coro. Será que dá pra fazer armadura com isso? Com certeza. Eu acho que dá, hein. Ó, ó, tem outro, tem outro! Você que bateu... Ah, não, não. Vocês têm esse coro aqui, Iagão? Deixa eu ver. Tem azuzinho? Tem, tem, ó. Segura. Eu vou tentar, Pokão, eu vou tentar fazer aqui, ó. Tem coro disso aqui? Eu vou tentar fazer uma... Não, não tem coro, não. Eu vou tentar fazer uma... Uma calça. Vamos ver se tem como. Tem como? Cuidado, cuidado, pessoal! Ó, fume... Tô me lembrando de The Grounded aqui, né, cara? Tem... Já tô vendo um bichão aqui, ó, véi. Cuidado, cuidado, Pok. Eu tenho um bicho aqui e nós não tem medo de matar ele. Ai, matei. Opa! Pokão, tropou a perna dele, véi! Sai, eu quero perna, não! Come, Pok. Sai fora!""",Avaliador_B,Avaliador_C
13,"ah, mas esse aqui é outro percurso achei que fosse o mesmo ele está diminuindo o tempo cada vez mais, ele ou ela né na verdade era ela eu acho para cá, não vai me enganar não não vai me enganar não tomei um dano ali, tomei né, mas estou vivo ainda eu acho que vai ter mais uma fase, eu acho que vai ok, fechou a porta ó estava uma numeração gigante acho que bugou o cérebro dela deu erro eu não anotei aqueles números não era nenhuma senha para eu anotar não era muito grande a Chloe ela está aqui, eu estou sozinho né além delas né, nossa nós quase não conseguimos sair de lá vivos eu né, a gente poderia ter morrido lá eu também acho ah isso é muito mal eu ainda não consegui consertar o blusão também você está só enrolando Chloe eu sei, vocês duas é realmente uma vergonha Chloe eu acho que",0.4009791314601898,0.4930154085159302,0.1060054972767829,NEU,0.3369147181510925,0.0012525097699835,0.0395062454044818,0.002854147227481,0.1050775572657585,0.0018968677613884,0.000833605939988,0.28857216,Tex HS,Roblox,UMA HISTÓRIA MISTERIOSA NO ROBLOX... Roblox Deserted Story [wrye67V601E],,GZ,GZ,GZ,"🎬 Canal: Tex HS | 🎥 Vídeo: UMA HISTÓRIA MISTERIOSA NO ROBLOX... Roblox Deserted Story [wrye67V601E]
⏱️ Segmento/Index: 13
──────────────────────────────────────────────────
Fala transcrita:
""ah, mas esse aqui é outro percurso achei que fosse o mesmo ele está diminuindo o tempo cada vez mais, ele ou ela né na verdade era ela eu acho para cá, não vai me enganar não não vai me enganar não tomei um dano ali, tomei né, mas estou vivo ainda eu acho que vai ter mais uma fase, eu acho que vai ok, fechou a porta ó estava uma numeração gigante acho que bugou o cérebro dela deu erro eu não anotei aqueles números não era nenhuma senha para eu anotar não era muito grande a Chloe ela está aqui, eu estou sozinho né além delas né, nossa nós quase não conseguimos sair de lá vivos eu né, a gente poderia ter morrido lá eu também acho ah isso é muito mal eu ainda não consegui consertar o blusão também você está só enrolando Chloe eu sei, vocês duas é realmente uma vergonha Chloe eu acho que""",Avaliador_B,Avaliador_C
9,A gente pode completar com esse telhadinho aqui. Eu acho que vai ficar maneiro hein. Até mesmo fechar aqui a própria garagem. Com esse telhadinho eu acho que vai ficar bom mano. Tá ficando um resultado legal aqui. Vamos ver. A garagem aqui. E olha mano. Eu acho que vou fazer a casa toda com essa estrutura aqui. Com esse telhadinho. Só que agora aqui atrás eu acho que vou fechar igual eu fiz aqui na frente. Sabe? Com essa parte da janelinha aqui. Pra ficar bem proporcional. Bem parecido né. Mas eu vou fechar aqui normal e depois eu vou trocando. Eu vou trocando com vocês galera. Pra vocês verem eu trocando essa partezinha aqui. Pra ver o que vocês acham. A parte de trás agora eu tenho que fazer uma saidinha. Só que eu acho que não vou fazer junto da... Da mesma parte da porta. Porque isso vai ficar meio esquisito. Eu acho que vou fazer tipo aqui sim no cantinho sabe. Eu não vou nem colocar a porta. Eu vou deixar talvez um pedaço vazio aqui assim pra passar. E aqui eu vou fazer a parte da...,0.056156862527132,0.3637846708297729,0.5800584554672241,POS,0.0034972745925188,0.0020506088621914,0.0247536282986402,0.0014006715500727,0.0109574785456061,0.0021323813125491,0.0009230447467416,0.123468354,Kass e KR,Minecraft,Batalha de Construção de Casa MODERNA Vs. Casa ANTIGA [lkHrYTcaNDE],,NT,NT,NT,"🎬 Canal: Kass e KR | 🎥 Vídeo: Batalha de Construção de Casa MODERNA Vs. Casa ANTIGA [lkHrYTcaNDE]
⏱️ Segmento/Index: 9
──────────────────────────────────────────────────
Fala transcrita:
""A gente pode completar com esse telhadinho aqui. Eu acho que vai ficar maneiro hein. Até mesmo fechar aqui a própria garagem. Com esse telhadinho eu acho que vai ficar bom mano. Tá ficando um resultado legal aqui. Vamos ver. A garagem aqui. E olha mano. Eu acho que vou fazer a casa toda com essa estrutura aqui. Com esse telhadinho. Só que agora aqui atrás eu acho que vou fechar igual eu fiz aqui na frente. Sabe? Com essa parte da janelinha aqui. Pra ficar bem proporcional. Bem parecido né. Mas eu vou fechar aqui normal e depois eu vou trocando. Eu vou trocando com vocês galera. Pra vocês verem eu trocando essa partezinha aqui. Pra ver o que vocês acham. A parte de trás agora eu tenho que fazer uma saidinha. Só que eu acho que não vou fazer junto da... Da mesma parte da porta. Porque isso vai ficar meio esquisito. Eu acho que vou fazer tipo aqui sim no cantinho sabe. Eu não vou nem colocar a porta. Eu vou deixar talvez um pedaço vazio aqui assim pra passar. E aqui eu vou fazer a parte da...""",Avaliador_B,Avaliador_C
6,"Minha cama tá pela metade, meu Deus do céu, o que tá acontecendo mano? Meu Deus, isso buga minha visão, deixa eu sair de dentro dessa casa que é uma imagem muito esquisita isso aqui. Mas é um geleia, Kai, parabéns pela criatividade, viu velho? Gostou mano, eu fiz uma casinha de chapeu, mas mano, por que que me caçam de cabeça pra baixo velho? Eu gostei da parte que a casa tá de cabeça pra baixo e você também. Caraca, que negócio bizarro mano, vem Kai, encosta aqui. Meu Deus do céu, eu nunca vi uma coisa dessa velho. Eu também não. Eu tô andando aqui no teto, eu tô pulando no teto, como assim cara? É, da próxima vez tenta fazer uma casa no chão, tá bom? Ah tá, mas eu tinha feito uma casa no chão. Agora eu vou pra lá. E o próximo desafio é fazer uma pixel art de youtuber que você goste. Tá beleza então mano, tá beleza. É, tem como você ficar de cabeça pra cima aí velho? Mas como é que faz isso mano, eu não sei. Eu acho que é só tu entrar aqui no lobby de novo que tu fica de cabeça pra cima mano. Deixa eu entrar no lobby de novo aqui então, calma aí.",0.7577462792396545,0.0792158171534538,0.1630379557609558,NEG,0.2326250523328781,0.0029379574116319,0.0457172840833663,0.0026632384397089,0.0432735532522201,0.003095214953646,0.0076991361565887,0.2359567,Kass e KR,Minecraft,Trolei meu AMIGO girando a CASA dele na Batalha de Construção [OI7R1WqxRFw],,GZ,GZ,GZ,"🎬 Canal: Kass e KR | 🎥 Vídeo: Trolei meu AMIGO girando a CASA dele na Batalha de Construção [OI7R1WqxRFw]
⏱️ Segmento/Index: 6
──────────────────────────────────────────────────
Fala transcrita:
""Minha cama tá pela metade, meu Deus do céu, o que tá acontecendo mano? Meu Deus, isso buga minha visão, deixa eu sair de dentro dessa casa que é uma imagem muito esquisita isso aqui. Mas é um geleia, Kai, parabéns pela criatividade, viu velho? Gostou mano, eu fiz uma casinha de chapeu, mas mano, por que que me caçam de cabeça pra baixo velho? Eu gostei da parte que a casa tá de cabeça pra baixo e você também. Caraca, que negócio bizarro mano, vem Kai, encosta aqui. Meu Deus do céu, eu nunca vi uma coisa dessa velho. Eu também não. Eu tô andando aqui no teto, eu tô pulando no teto, como assim cara? É, da próxima vez tenta fazer uma casa no chão, tá bom? Ah tá, mas eu tinha feito uma casa no chão. Agora eu vou pra lá. E o próximo desafio é fazer uma pixel art de youtuber que você goste. Tá beleza então mano, tá beleza. É, tem como você ficar de cabeça pra cima aí velho? Mas como é que faz isso mano, eu não sei. Eu acho que é só tu entrar aqui no lobby de novo que tu fica de cabeça pra cima mano. Deixa eu entrar no lobby de novo aqui então, calma aí.""",Avaliador_B,Avaliador_C
2,"AAAAAAAAHHHHHHHH! Eu estou lá! Eu estou de frente! Eu estou tipo... Tem 4 anos de avião, Luka! Eu estou muito pouco! Eu estou na final! Eu estou pegando! Eu estou pegando! Luba, você não está pegando, você está... AAAAAAAAHHHH! E agora, o que vai acontecer? Ah, tipo... Tipo, quase tudo, Luba! Só o seu de cabelo! Nossa, direita, direita! Eu estou com a cara muito ruim, meu Deus! AAAAAAAAHHHH! Gente, tem muita miglinha, né, Luka? AAAAAAAAHHHH! Eu estou com a cara muito ruim, meu Deus! Tem bastante miglinha, né, Luka? E ainda que não é para partida! Tem! Então, ó gente, temos aqui... Estamos em 4.600... Não! É, 4.600... A recompensa! A recompensa... 11... 11... Não é aquele dinheirinho? 11 é... É o dinheiro no coreano, não é? Sei não, Luka, você está muito curta! O que é isso? Puta! Luba, Luba, Luba, Luba! Calma, gente! Agora eu vou conseguir! Vai, Luba, vai, vai, vai, vai, vai! Vai, Luba, você está caindo, vai, vai, vai! Vai, vai, vai, vai, vai! Nossa, gente, como eu não vou... Vai, Luba, vai!",0.1316517889499664,0.7486010789871216,0.1197470873594284,NEU,0.3339897394180298,0.0023473193868994,0.0619962774217128,0.0021167343948036,0.02524920925498,0.0023213240783661,0.0079302927479147,0.3722269,Luluca Games,Roblox,Roblox - CHEGUEI NO FINAL DO JOGO BATATINHA FRITA 1 2 3 ROUND 6 Hexa Game Luluca Games [qBAcvs_2xSw],0.1316514611244201,GZ,GZ,GZ,"🎬 Canal: Luluca Games | 🎥 Vídeo: Roblox - CHEGUEI NO FINAL DO JOGO BATATINHA FRITA 1 2 3 ROUND 6 Hexa Game Luluca Games [qBAcvs_2xSw]
⏱️ Segmento/Index: 2
──────────────────────────────────────────────────
Fala transcrita:
""AAAAAAAAHHHHHHHH! Eu estou lá! Eu estou de frente! Eu estou tipo... Tem 4 anos de avião, Luka! Eu estou muito pouco! Eu estou na final! Eu estou pegando! Eu estou pegando! Luba, você não está pegando, você está... AAAAAAAAHHHH! E agora, o que vai acontecer? Ah, tipo... Tipo, quase tudo, Luba! Só o seu de cabelo! Nossa, direita, direita! Eu estou com a cara muito ruim, meu Deus! AAAAAAAAHHHH! Gente, tem muita miglinha, né, Luka? AAAAAAAAHHHH! Eu estou com a cara muito ruim, meu Deus! Tem bastante miglinha, né, Luka? E ainda que não é para partida! Tem! Então, ó gente, temos aqui... Estamos em 4.600... Não! É, 4.600... A recompensa! A recompensa... 11... 11... Não é aquele dinheirinho? 11 é... É o dinheiro no coreano, não é? Sei não, Luka, você está muito curta! O que é isso? Puta! Luba, Luba, Luba, Luba! Calma, gente! Agora eu vou conseguir! Vai, Luba, vai, vai, vai, vai, vai! Vai, Luba, você está caindo, vai, vai, vai! Vai, vai, vai, vai, vai! Nossa, gente, como eu não vou... Vai, Luba, vai!""",Avaliador_B,Avaliador_C
6,"Eu tô achando que esse aqui não vai estar o nome dele não hein. Começa da página inicial ó, Ruben Daniel, Cindy, Carim, como que é o nome dele mesmo? O nome do Scott né? Ô, ô, o senhor Scott seu nome não tá na lista. Que isso meu amigo? Ele me xingou galera. Que cara boca suja. Vai embora, tomara que a polícia venha, que aquele outro cara chamou, aí eu aviso sobre o que você tá fazendo, beleza? Vai pela sombra. Ah, o elevador tá abrindo de novo mano. Eles precisam consertar esse elevador logo. Não dá para mexer mais ó. O relógio começa a fazer um barulhinho de repente. É... Ai meu Deus. Que isso cara? Deixa sair por favor, meu Deus do céu. Meu Deus, cara, o que aconteceu nesse elevador? Agora lascou gente.",0.6298131942749023,0.3307576775550842,0.0394291877746582,NEG,0.4062157273292541,0.00401725852862,0.0509293377399444,0.005363751668483,0.0474753901362419,0.0022463279310613,0.0066936053335666,0.39231625,Tex HS,Roblox,ESSE ELEVADOR NÃO É O QUE PARECE The Elevator [XF1pfG2viPI],,GZ,GZ,GZ,"🎬 Canal: Tex HS | 🎥 Vídeo: ESSE ELEVADOR NÃO É O QUE PARECE The Elevator [XF1pfG2viPI]
⏱️ Segmento/Index: 6
──────────────────────────────────────────────────
Fala transcrita:
""Eu tô achando que esse aqui não vai estar o nome dele não hein. Começa da página inicial ó, Ruben Daniel, Cindy, Carim, como que é o nome dele mesmo? O nome do Scott né? Ô, ô, o senhor Scott seu nome não tá na lista. Que isso meu amigo? Ele me xingou galera. Que cara boca suja. Vai embora, tomara que a polícia venha, que aquele outro cara chamou, aí eu aviso sobre o que você tá fazendo, beleza? Vai pela sombra. Ah, o elevador tá abrindo de novo mano. Eles precisam consertar esse elevador logo. Não dá para mexer mais ó. O relógio começa a fazer um barulhinho de repente. É... Ai meu Deus. Que isso cara? Deixa sair por favor, meu Deus do céu. Meu Deus, cara, o que aconteceu nesse elevador? Agora lascou gente.""",Avaliador_B,Avaliador_C
5,"Não, não vai não Eu não quero tomar a ajeição daquele médico Eu quero de um médico que não seja biruta Log, estázio, estou loucinho Ajuda ele Tadinho desse pozinho, gente Olha o que que está fazendo com ele Ah Ele está pegando uma coisinha de fazer De fazer Coisinha Pedacinhos Vamos embora Ai, ai, ai Dá no pé Vamos dar no pé E olha o que tem aqui É um buraco na parede O que será que fez um buraco tão grande assim na parede? Será que foi o médico? Vamos pular no buraco Ai, caí O que é isso? Gente, o Caim me ajuda a levantar Me ajuda Ai, levanta aí Vou ajudar, Sofia Levanta aí Puxa Puxei Ai, ai, ai, ai, ai Eu acho agora que tem umas coisas aqui no chão que são coisas radioativas São vistanhas São essas coisinhas verdes E nós temos que dar um, dois, três e Pá, pá, pá, pá, pá, pá Escapei Ei Gente, olha Por que ele está caído? Eu acho que o médico caiu no chão Ai Inventou? Onde ele caiu esse botelho, Nath?",0.7281421422958374,0.1740432381629943,0.09781464189291,NEG,0.2364668548107147,0.0064549064263701,0.0456425324082374,0.0050739697180688,0.0401309505105018,0.0048628603108227,0.0057298662140965,0.30319387,Lokis,Roblox,CORRE DO MÉDICO FURIOSO  Roblox [QZEhbErMHDI],,GZ,GZ,GZ,"🎬 Canal: Lokis | 🎥 Vídeo: CORRE DO MÉDICO FURIOSO  Roblox [QZEhbErMHDI]
⏱️ Segmento/Index: 5
──────────────────────────────────────────────────
Fala transcrita:
""Não, não vai não Eu não quero tomar a ajeição daquele médico Eu quero de um médico que não seja biruta Log, estázio, estou loucinho Ajuda ele Tadinho desse pozinho, gente Olha o que que está fazendo com ele Ah Ele está pegando uma coisinha de fazer De fazer Coisinha Pedacinhos Vamos embora Ai, ai, ai Dá no pé Vamos dar no pé E olha o que tem aqui É um buraco na parede O que será que fez um buraco tão grande assim na parede? Será que foi o médico? Vamos pular no buraco Ai, caí O que é isso? Gente, o Caim me ajuda a levantar Me ajuda Ai, levanta aí Vou ajudar, Sofia Levanta aí Puxa Puxei Ai, ai, ai, ai, ai Eu acho agora que tem umas coisas aqui no chão que são coisas radioativas São vistanhas São essas coisinhas verdes E nós temos que dar um, dois, três e Pá, pá, pá, pá, pá, pá Escapei Ei Gente, olha Por que ele está caído? Eu acho que o médico caiu no chão Ai Inventou? Onde ele caiu esse botelho, Nath?""",Avaliador_B,Avaliador_C
61,"Vamos quebrar aqui pra ver. Caramba, essa picareta ela quebrou um tinta inteiro. Que que é isso galera, que da hora. Bom, assim vai ser fácil de conseguir minério, mas caramba é muito lixo que fica aqui no inventário. Olha isso, deixa eu jogar umas coisas fora daqui. Pronto, dessa forma só vem ferro e carvão no meu inventário. Poxa, o que eu queria achar era esmeralda, mas acho que não vou achar não. Vai ser difícil encontrar esmeralda nesse monte de lixo aqui. Bom, parece que eu acho que eu encontrei um pouquinho de diamante. Ai meu Deus do céu, tá caindo lava. Ai, quase que deu ruim. Que perigo galera, que perigo. Enquanto isso vamos continuar minerando, não tô pensando se consegue mais alguma coisa. E eu consegui mais diamante nesse bolo aqui. Ih, mais diamante, perfeito. A gente já conseguiu 15. Nossa, muito bom. Eu acho que não vai valer pra nem ficar carvando isso aqui tudo não galera. Acho que eu vou trocar só os ferros que eu já tenho. Vou começar a montar minha casa que eu não quero perder tempo não. Caramba galera, olha que bloco doido que eu achei que ia. Eu acho que esse aqui vai pegar um pouquinho pra mim. Ele é bonitão. Vou levar e vai ficar bem legal que eles fazem a nossa casinha hein. Eu não sei se ele vai ficar com essas cores aqui que a gente construiu. Deixa eu ver. É, ele perde a cor. Mas não tem problema, acho que ele vai ficar bonito.",0.9740144610404968,0.0175974313169717,0.0083881374448537,NEG,0.5255793333053589,0.0044753449037671,0.0836825743317604,0.002509837038815,0.0451257787644863,0.0040222853422164,0.0045802732929587,0.3827457,Kass e KR,Minecraft,100 CONTRUÇÕES de NOOB vs. PRO vs. HACKER em 24 horas no Minecraft [wZa0YUasGy4],,GZ,GZ,GZ,"🎬 Canal: Kass e KR | 🎥 Vídeo: 100 CONTRUÇÕES de NOOB vs. PRO vs. HACKER em 24 horas no Minecraft [wZa0YUasGy4]
⏱️ Segmento/Index: 61
──────────────────────────────────────────────────
Fala transcrita:
""Vamos quebrar aqui pra ver. Caramba, essa picareta ela quebrou um tinta inteiro. Que que é isso galera, que da hora. Bom, assim vai ser fácil de conseguir minério, mas caramba é muito lixo que fica aqui no inventário. Olha isso, deixa eu jogar umas coisas fora daqui. Pronto, dessa forma só vem ferro e carvão no meu inventário. Poxa, o que eu queria achar era esmeralda, mas acho que não vou achar não. Vai ser difícil encontrar esmeralda nesse monte de lixo aqui. Bom, parece que eu acho que eu encontrei um pouquinho de diamante. Ai meu Deus do céu, tá caindo lava. Ai, quase que deu ruim. Que perigo galera, que perigo. Enquanto isso vamos continuar minerando, não tô pensando se consegue mais alguma coisa. E eu consegui mais diamante nesse bolo aqui. Ih, mais diamante, perfeito. A gente já conseguiu 15. Nossa, muito bom. Eu acho que não vai valer pra nem ficar carvando isso aqui tudo não galera. Acho que eu vou trocar só os ferros que eu já tenho. Vou começar a montar minha casa que eu não quero perder tempo não. Caramba galera, olha que bloco doido que eu achei que ia. Eu acho que esse aqui vai pegar um pouquinho pra mim. Ele é bonitão. Vou levar e vai ficar bem legal que eles fazem a nossa casinha hein. Eu não sei se ele vai ficar com essas cores aqui que a gente construiu. Deixa eu ver. É, ele perde a cor. Mas não tem problema, acho que ele vai ficar bonito.""",Avaliador_B,Avaliador_C
10,"Isso, boa E daí, ligar algo Aquela outra porta Ai, achei que era essa Ai, vai ter outra louca também Coendo atrás de mim, certeza, gente De certeza Já pega uns bombons aí Não vou nem pegar o bombom, porque o bombom é importante Ai, gente, não quero nem ver o grito Ai, meu Deus Vamos lá Ah, não Pinky, querida Será que tem que ir ali? Calma, calma Vamos pensar antes de fazer algo Arrasta as coisas aí, por se der Não tem nada Vai ter que ir lá Pinky A chave ali em cima da mesa Dá pra você...",0.2515693008899688,0.6451629996299744,0.1032677516341209,NEU,0.1813123226165771,0.0048625096678733,0.0513683818280696,0.0041867741383612,0.037348061800003,0.0072760158218443,0.0045492807403206,0.17458448,Julia MineGirl,Roblox,NÃO VÁ A FESTA DA PINKIE PIE Pinkie Pie Cupcake Party [fPUk1I_I8VY],,NT,NT,NT,"🎬 Canal: Julia MineGirl | 🎥 Vídeo: NÃO VÁ A FESTA DA PINKIE PIE Pinkie Pie Cupcake Party [fPUk1I_I8VY]
⏱️ Segmento/Index: 10
──────────────────────────────────────────────────
Fala transcrita:
""Isso, boa E daí, ligar algo Aquela outra porta Ai, achei que era essa Ai, vai ter outra louca também Coendo atrás de mim, certeza, gente De certeza Já pega uns bombons aí Não vou nem pegar o bombom, porque o bombom é importante Ai, gente, não quero nem ver o grito Ai, meu Deus Vamos lá Ah, não Pinky, querida Será que tem que ir ali? Calma, calma Vamos pensar antes de fazer algo Arrasta as coisas aí, por se der Não tem nada Vai ter que ir lá Pinky A chave ali em cima da mesa Dá pra você...""",Avaliador_B,Avaliador_C
3,"Gente, que doideira! Caiu aqui num buraco! Eu tô aqui com a Sun! Vamos lá, Sun! Então, é o Sol, né, Mami? É, meu Luca! O Sol pediu a Lua em casamento e a Lua disse não sei, não sei, não sei, me dá um tempo... É assim, não é? Não sei, Luca! Como você consegue cantar, Mami? Como é? Cantar me deixa feliz! Quem canta seus males espanta! Exatamente! Eu quero espantar os males, entendeu? Que é ela, entendeu, Mami? Quem canta os males espanta, né? Que lugar feio, Luca! Ai, gente, realmente, realmente! Não canta muito, não, porque você pode atrair a atenção da tabela! Porque eu sou que nem sereias, Mami! Sereias! Que quando você canta, como é que é? Quando a sereia canta, atrai, Mami!",0.1311766952276229,0.6635858416557312,0.2052374631166458,NEU,0.4264038801193237,0.0012231621658429,0.066698782145977,0.0027543434407562,0.1064895763993263,0.0015487766359001,0.0024824384599924,0.30854854,Luluca Games,Roblox,Roblox - ESCAPAMOS DA COZINHEIRA MALUCA Escape Creepy Little Kitchen  Luluca Games [GRV3DgBJuOE],0.131176546216011,GZ,GZ,GZ,"🎬 Canal: Luluca Games | 🎥 Vídeo: Roblox - ESCAPAMOS DA COZINHEIRA MALUCA Escape Creepy Little Kitchen  Luluca Games [GRV3DgBJuOE]
⏱️ Segmento/Index: 3
──────────────────────────────────────────────────
Fala transcrita:
""Gente, que doideira! Caiu aqui num buraco! Eu tô aqui com a Sun! Vamos lá, Sun! Então, é o Sol, né, Mami? É, meu Luca! O Sol pediu a Lua em casamento e a Lua disse não sei, não sei, não sei, me dá um tempo... É assim, não é? Não sei, Luca! Como você consegue cantar, Mami? Como é? Cantar me deixa feliz! Quem canta seus males espanta! Exatamente! Eu quero espantar os males, entendeu? Que é ela, entendeu, Mami? Quem canta os males espanta, né? Que lugar feio, Luca! Ai, gente, realmente, realmente! Não canta muito, não, porque você pode atrair a atenção da tabela! Porque eu sou que nem sereias, Mami! Sereias! Que quando você canta, como é que é? Quando a sereia canta, atrai, Mami!""",Avaliador_B,Avaliador_C
3,"Eu tô tentando clicar aqui pra abrir o inventário Mas eu não consigo O poder da figurinha é só me deixar voar mesmo Mas pelo menos isso é bom, eu consigo chegar muito longe e muito rápido Mas a próxima que eu quero é a figurinha do Creeper Ai, eu tô caindo Eu tirei a figurinha da minha mão Mas tá, pra conseguir a figurinha do Creeper Eu preciso vir aqui no estádio e fazer o time do Creeper vencer E olha, eu cheguei bem na hora Os times já estão entrando em campo E pelo visto vai ser a Alemanha contra o Brasil Deixa eu entrar ali dentro do campo então Ei, não entra aí não Quem falou isso? Por que eu não vou entrar? Eu tenho que fazer esse time vencer Não, os Creepers são bons, eles vão vencer sozinhos Ai, tá bom, vamos ver Tomara que eles vençam mesmo Porque eu preciso que eles vençam esse jogo Pra eu conseguir a figurinha do Creeper Olha, o jogo já começou E o Creeper que saiu com a bola Será que ele vai conseguir fazer o gol? Ah não, agora o time inteiro foi pra cima Olha, o Creeper conseguiu Tá um dibre no time da Alemanha, agora ele vai fazer o gol Realmente, ele é muito bom Falta só mais um pouquinho, Creeper, vai lá Vai lá, Creeper, você já tá muito perto O que você fez, Creeper?",0.1455502063035965,0.5081981420516968,0.3462516367435455,NEU,0.0031441852916032,0.0043109408579766,0.0365177579224109,0.0040937522426247,0.0291165802627801,0.0023967011366039,0.0009819396072998,0.11316007,Cadres,Minecraft,Consegui as Figurinhas da Copa dos MOBS do Minecraft [DljjoezUf5g],,NT,NT,NT,"🎬 Canal: Cadres | 🎥 Vídeo: Consegui as Figurinhas da Copa dos MOBS do Minecraft [DljjoezUf5g]
⏱️ Segmento/Index: 3
──────────────────────────────────────────────────
Fala transcrita:
""Eu tô tentando clicar aqui pra abrir o inventário Mas eu não consigo O poder da figurinha é só me deixar voar mesmo Mas pelo menos isso é bom, eu consigo chegar muito longe e muito rápido Mas a próxima que eu quero é a figurinha do Creeper Ai, eu tô caindo Eu tirei a figurinha da minha mão Mas tá, pra conseguir a figurinha do Creeper Eu preciso vir aqui no estádio e fazer o time do Creeper vencer E olha, eu cheguei bem na hora Os times já estão entrando em campo E pelo visto vai ser a Alemanha contra o Brasil Deixa eu entrar ali dentro do campo então Ei, não entra aí não Quem falou isso? Por que eu não vou entrar? Eu tenho que fazer esse time vencer Não, os Creepers são bons, eles vão vencer sozinhos Ai, tá bom, vamos ver Tomara que eles vençam mesmo Porque eu preciso que eles vençam esse jogo Pra eu conseguir a figurinha do Creeper Olha, o jogo já começou E o Creeper que saiu com a bola Será que ele vai conseguir fazer o gol? Ah não, agora o time inteiro foi pra cima Olha, o Creeper conseguiu Tá um dibre no time da Alemanha, agora ele vai fazer o gol Realmente, ele é muito bom Falta só mais um pouquinho, Creeper, vai lá Vai lá, Creeper, você já tá muito perto O que você fez, Creeper?""",Avaliador_B,Avaliador_C
8,"Porque esses palhaços aqui, eles tomam muita vida, ó. Conseguimos. Agora, não sei se tem como acertar ela, né? Olha, tem umas rochas ali que estão levando para um túnel. Vamos parar lá, pode ser. Uma boa ideia. Por aqui, pessoal. Ninguém caia, beleza? Espero que vocês consigam fazer esse parkour aqui, ó. Tá faltando alguém ou não? Tá faltando alguém, hein? Qual lado vocês querem ir? Tem que escolher um lado. Existem dois caminhos. Galera, nós começamos em seis, agora só tem três, ó. Temos que escolher um. Qual caminho será que a gente escolhe? E agora? Vamos nesse aqui, ó. Vamos pela direita. Ela desceu comigo, beleza. Dá para pular o obje se quiser, ou senão a gente pode fazer. Nossa, cara, que que é isso, mano? Não, isso aqui, detalhe, né, pessoal? É tudo debaixo da casa daquele casal que adotou a criançada. Eu acho que eles estão por trás de tudo isso, ó. Não temos nenhuma escolha, se não, a gente vai começar a lava. Só vem, pessoal. Siga-me, siga os meus bons. Só vem.",0.389601856470108,0.5629887580871582,0.0474093817174434,NEU,0.6608089208602905,0.0002288847899762,0.0106488075107336,0.0006502628675661,0.5999075174331665,0.0010813149856403,0.0006652174633927,0.3827457,Tex HS,Roblox,A história do dia que fui adotado no Roblox [0RD11uBA-fM],,GZ,GZ,GZ,"🎬 Canal: Tex HS | 🎥 Vídeo: A história do dia que fui adotado no Roblox [0RD11uBA-fM]
⏱️ Segmento/Index: 8
──────────────────────────────────────────────────
Fala transcrita:
""Porque esses palhaços aqui, eles tomam muita vida, ó. Conseguimos. Agora, não sei se tem como acertar ela, né? Olha, tem umas rochas ali que estão levando para um túnel. Vamos parar lá, pode ser. Uma boa ideia. Por aqui, pessoal. Ninguém caia, beleza? Espero que vocês consigam fazer esse parkour aqui, ó. Tá faltando alguém ou não? Tá faltando alguém, hein? Qual lado vocês querem ir? Tem que escolher um lado. Existem dois caminhos. Galera, nós começamos em seis, agora só tem três, ó. Temos que escolher um. Qual caminho será que a gente escolhe? E agora? Vamos nesse aqui, ó. Vamos pela direita. Ela desceu comigo, beleza. Dá para pular o obje se quiser, ou senão a gente pode fazer. Nossa, cara, que que é isso, mano? Não, isso aqui, detalhe, né, pessoal? É tudo debaixo da casa daquele casal que adotou a criançada. Eu acho que eles estão por trás de tudo isso, ó. Não temos nenhuma escolha, se não, a gente vai começar a lava. Só vem, pessoal. Siga-me, siga os meus bons. Só vem.""",Avaliador_B,Avaliador_C
18,"Tá liberando os mobs. Tá tudo livre já. Eles podem sair. Opa, pulando ali. Eita, louco, meu. Agora tu vai ter que sobreviver por dois minutos. Sério? Dentro dessa aljala aí. Tá aí. É a maçã dourada sério pra quê? Ela dá um pouquinho de vida a mais. Eu como ela só... Não sei. Tem que sobreviver por dois minutos. Eita. Se morrer em menos de dois minutos vai ter mais um pouco de batom. De tinta. Então, ó. Tá aí, tu sobreviveria ali dois minutos? Não sei, nunca tentei. Eu vou... Tu vai ter que... Ó, quando tu abrir a alavanca eu começo a contar o tempo. Tá. O que que sabe? Pera aí. Foi? Tá. Contou o tempo, dois minutos. Vai pra lá. Tem que ir? Eita. Tem que sobreviver do jeito que quiser. Ai, para lá. Eita, louco, bicho. Sai, escada, escada. Com a maçã, come a maçã. A maçã, a maçã. Eita, ai, eu dei 30. Deu quanto segundo? Deu 14. Tente de novo, vai. 3, 2, 1.",0.4595889449119568,0.4885122776031494,0.0518986992537975,NEU,0.288606733083725,0.0005146052571944,0.0153830554336309,0.000440201110905,0.2060749679803848,0.0061137722805142,0.0018158548045903,0.3048984,Geleia,Minecraft,10 Formas de TROLLAR SEU PAI no minecraft [PwPIZvjbBFM],,GZ,GZ,GZ,"🎬 Canal: Geleia | 🎥 Vídeo: 10 Formas de TROLLAR SEU PAI no minecraft [PwPIZvjbBFM]
⏱️ Segmento/Index: 18
──────────────────────────────────────────────────
Fala transcrita:
""Tá liberando os mobs. Tá tudo livre já. Eles podem sair. Opa, pulando ali. Eita, louco, meu. Agora tu vai ter que sobreviver por dois minutos. Sério? Dentro dessa aljala aí. Tá aí. É a maçã dourada sério pra quê? Ela dá um pouquinho de vida a mais. Eu como ela só... Não sei. Tem que sobreviver por dois minutos. Eita. Se morrer em menos de dois minutos vai ter mais um pouco de batom. De tinta. Então, ó. Tá aí, tu sobreviveria ali dois minutos? Não sei, nunca tentei. Eu vou... Tu vai ter que... Ó, quando tu abrir a alavanca eu começo a contar o tempo. Tá. O que que sabe? Pera aí. Foi? Tá. Contou o tempo, dois minutos. Vai pra lá. Tem que ir? Eita. Tem que sobreviver do jeito que quiser. Ai, para lá. Eita, louco, bicho. Sai, escada, escada. Com a maçã, come a maçã. A maçã, a maçã. Eita, ai, eu dei 30. Deu quanto segundo? Deu 14. Tente de novo, vai. 3, 2, 1.""",Avaliador_B,Avaliador_C
4,"Toma de volta Agora tu vai sentir o rajadão só porque você tava me farpando, a gente tá correndo não Não corre não Ninguém mandou você procurar briga comigo, agora aguenta, vem, vem no pau Mete o pau, tá com duas vegas, então vem no pau Pega ela, pega ela, ai, morri Segue o fluxo, 4 a 2, embora Tá se escondendo de quem gatinha, já te vi A mãe tá aí ó, apareceu aí pra me dar o capa, capa de 4, vai Lá é ele, eu hein Famoso 4 capas, acabei de inventar Ela me bagaçou toda na vega, tô sem o mado O jogo virou eu que tô correndo, ai meu Deus É agora ou nunca, capa E Scarlett tá chata, viu? Bota o gelo agachado da mulher que teu pé tá parecendo todo Você acha que ela tá cega? Então olhe pra mim, mirei na cabeça, desceu pro peito É brincadeira esse jogo, jogo ladrão Mas eu dei a sequência de vários capas Corre Lady que eu vou te pegar, corre mulher, vou te pegar Olha aí como ela parece um cio correndo, corre mais rápido, corre mais rápido, vai É agora ou nunca, eu dou um capa, eu morro Ai, fiquei presa no pneu da Van A Van apelhona Ela gosta de brincar de pique e esconde essa menina hein Ai Scarlett, por que você não tá usando a W?",0.2553253471851349,0.6182785630226135,0.1263961046934127,NEU,0.9750765562057496,0.0228827223181724,0.0893651768565177,0.0071511431597173,0.0678612440824508,0.0090509438887238,0.5170583724975586,0.54823303,Amy Scarlet,Roblox,Amy Scarlet vs Lady Perigosa [5O8kYhtTHt4],,T,T,T,"🎬 Canal: Amy Scarlet | 🎥 Vídeo: Amy Scarlet vs Lady Perigosa [5O8kYhtTHt4]
⏱️ Segmento/Index: 4
──────────────────────────────────────────────────
Fala transcrita:
""Toma de volta Agora tu vai sentir o rajadão só porque você tava me farpando, a gente tá correndo não Não corre não Ninguém mandou você procurar briga comigo, agora aguenta, vem, vem no pau Mete o pau, tá com duas vegas, então vem no pau Pega ela, pega ela, ai, morri Segue o fluxo, 4 a 2, embora Tá se escondendo de quem gatinha, já te vi A mãe tá aí ó, apareceu aí pra me dar o capa, capa de 4, vai Lá é ele, eu hein Famoso 4 capas, acabei de inventar Ela me bagaçou toda na vega, tô sem o mado O jogo virou eu que tô correndo, ai meu Deus É agora ou nunca, capa E Scarlett tá chata, viu? Bota o gelo agachado da mulher que teu pé tá parecendo todo Você acha que ela tá cega? Então olhe pra mim, mirei na cabeça, desceu pro peito É brincadeira esse jogo, jogo ladrão Mas eu dei a sequência de vários capas Corre Lady que eu vou te pegar, corre mulher, vou te pegar Olha aí como ela parece um cio correndo, corre mais rápido, corre mais rápido, vai É agora ou nunca, eu dou um capa, eu morro Ai, fiquei presa no pneu da Van A Van apelhona Ela gosta de brincar de pique e esconde essa menina hein Ai Scarlett, por que você não tá usando a W?""",Avaliador_B,Avaliador_C
3,"De não quebrar o feno de baixo primeiro. Eu estava quebrando. Não me interessa, não me interessa. Era só você não construir do lado do feno. Eu fui construir do lado do Iron Golem. Você não me provou que eu vou te dar uma espadada, hein? Eu vou te dar uma machadada. Eu tô te avisando. Eu tô te avisando também. Ah, seu maldito! Ah, seu maldito! Que isso, cara! Pois é, pois é. Tá, agora... Pode fazer você a primeira coisinha aí. Só precisa de pólvora e de areia. Isso, a gente precisa também de... Como é que é o nome? De uma... Como é que é o nome? De um Silex pra fazer a pedeneira, que a gente não vai conseguir acender. Nossa, é verdade, mano. Deu quantos ferros? Ah, então tá bom, vou encontrar o Silex. Calma aí.",0.9645965099334716,0.0271956510841846,0.0082078203558921,NEG,0.9272840023040771,0.0171411577612161,0.0918307825922966,0.0044942926615476,0.0615726523101329,0.0222713593393564,0.0406474843621254,0.52139956,Kass e KR,Minecraft,Transformei TNT em YOUTUBERS [ccNLMdyHNdw],,T,T,T,"🎬 Canal: Kass e KR | 🎥 Vídeo: Transformei TNT em YOUTUBERS [ccNLMdyHNdw]
⏱️ Segmento/Index: 3
──────────────────────────────────────────────────
Fala transcrita:
""De não quebrar o feno de baixo primeiro. Eu estava quebrando. Não me interessa, não me interessa. Era só você não construir do lado do feno. Eu fui construir do lado do Iron Golem. Você não me provou que eu vou te dar uma espadada, hein? Eu vou te dar uma machadada. Eu tô te avisando. Eu tô te avisando também. Ah, seu maldito! Ah, seu maldito! Que isso, cara! Pois é, pois é. Tá, agora... Pode fazer você a primeira coisinha aí. Só precisa de pólvora e de areia. Isso, a gente precisa também de... Como é que é o nome? De uma... Como é que é o nome? De um Silex pra fazer a pedeneira, que a gente não vai conseguir acender. Nossa, é verdade, mano. Deu quantos ferros? Ah, então tá bom, vou encontrar o Silex. Calma aí.""",Avaliador_B,Avaliador_C
7,"Eu vou ter que pesquisar na internet, não tem jeito, pessoal Eu vou ter que pesquisar aqui e entender Cadê ele? McFly, calma aí McFly, onde você tá? McFly Eu tô aqui, eu tô aqui fora Da perna de cima aqui ó Eu vou lá pro sofá e tire uma soneca É sério, é sério, pessoal Deixa eu pesquisar aqui O que fazer? Tá, eu preciso pesquisar aqui o que fazer Meu amigo foi mordido Por uma aranha, o que fazer? É, se os efeitos colaterais Persistem, tá?",0.525283694267273,0.4365379214286804,0.0381783805787563,NEG,0.0927911326289177,0.0039686565287411,0.0373465195298194,0.0028157574124634,0.0247882846742868,0.0034186094999313,0.0036678430624306,0.09525062,JP Plays,Minecraft,MEU AMIGO FOI MORDIDO POR UMA ARANHA [4aVU04AB2Bs],,NT,NT,NT,"🎬 Canal: JP Plays | 🎥 Vídeo: MEU AMIGO FOI MORDIDO POR UMA ARANHA [4aVU04AB2Bs]
⏱️ Segmento/Index: 7
──────────────────────────────────────────────────
Fala transcrita:
""Eu vou ter que pesquisar na internet, não tem jeito, pessoal Eu vou ter que pesquisar aqui e entender Cadê ele? McFly, calma aí McFly, onde você tá? McFly Eu tô aqui, eu tô aqui fora Da perna de cima aqui ó Eu vou lá pro sofá e tire uma soneca É sério, é sério, pessoal Deixa eu pesquisar aqui O que fazer? Tá, eu preciso pesquisar aqui o que fazer Meu amigo foi mordido Por uma aranha, o que fazer? É, se os efeitos colaterais Persistem, tá?""",Avaliador_B,Avaliador_C
8,"Vai lá, vai lá, ataca ele, ataca ele! Boa, boa! Unido somos mais fortes! Acabamos com o Golem! Tive a ajuda de alguns zumbis! O Creeper é uma criatura que eu detesto! Por conta das explosões que acaba destruindo as construções que a gente faz! Mas hoje eu sou amigo dele, como o Herobrine! Opa, nem tão amigo assim! Se eu ataco ele, ele vem e ataca de volta com a explosão! Tem mais alguns monstros ali na frente, tá bem escuro! Mesmo assim eu vou me aproximar pra ver se eles vão me atacar! Ó a montanha aranha aqui! Caraca! Ataquei a aranha e ela vem me atacar! Então, parece que é isso! Os monstros só me atacam se eu atacar primeiro! Matei o esqueleto, consegui até alguns ossos! Vamos ver se eu consigo domesticar aquele lobo, mesmo sendo Herobrine! Isso vai ser louco! Lobinho vem pra cá! Dois ossos também acho que não é o suficiente pra domesticar um lobo! Mesmo assim eu vou tentar! Pelo menos agradar o lobinho! Que tava furioso com a minha aparência! A aparência do Herobrine! O lobo ele tava bem aqui!",0.1678128838539123,0.7184800505638123,0.1137070730328559,NEU,0.6098029613494873,0.002142539480701,0.0317046195268631,0.0010620376560837,0.0332197472453117,0.3585683107376098,0.0026986636221408,0.3977292,Robin Hood Gamer,Minecraft,VIDA DE HEROBRINE POR 1 DIA NO MINECRAFT VIREI O FANTASMA MAIS FORTE [BF6BiOo6c3M],,GZ,GZ,GZ,"🎬 Canal: Robin Hood Gamer | 🎥 Vídeo: VIDA DE HEROBRINE POR 1 DIA NO MINECRAFT VIREI O FANTASMA MAIS FORTE [BF6BiOo6c3M]
⏱️ Segmento/Index: 8
──────────────────────────────────────────────────
Fala transcrita:
""Vai lá, vai lá, ataca ele, ataca ele! Boa, boa! Unido somos mais fortes! Acabamos com o Golem! Tive a ajuda de alguns zumbis! O Creeper é uma criatura que eu detesto! Por conta das explosões que acaba destruindo as construções que a gente faz! Mas hoje eu sou amigo dele, como o Herobrine! Opa, nem tão amigo assim! Se eu ataco ele, ele vem e ataca de volta com a explosão! Tem mais alguns monstros ali na frente, tá bem escuro! Mesmo assim eu vou me aproximar pra ver se eles vão me atacar! Ó a montanha aranha aqui! Caraca! Ataquei a aranha e ela vem me atacar! Então, parece que é isso! Os monstros só me atacam se eu atacar primeiro! Matei o esqueleto, consegui até alguns ossos! Vamos ver se eu consigo domesticar aquele lobo, mesmo sendo Herobrine! Isso vai ser louco! Lobinho vem pra cá! Dois ossos também acho que não é o suficiente pra domesticar um lobo! Mesmo assim eu vou tentar! Pelo menos agradar o lobinho! Que tava furioso com a minha aparência! A aparência do Herobrine! O lobo ele tava bem aqui!""",Avaliador_B,Avaliador_C
2,não vai ser fácil não vai ser fácil olha seguinte vou contar até três e aí você pula beleza então aí eu pulo também temos por adjunto porque esse não já era então é um é dois é três e pula vai lá vamos lá e calma calma calma eu acho que eu pulei para um lado e você pulou para o outro lado pessoal ok ok já começamos mal não deu para descer a montanha então vai lá McFly vai lá isso vou deixar você na frente que se não não não não não tá realmente não funciona não funciona o que eu queria fazer pessoal tava com um plano aqui na cabeça mas vocês viram que não deu certo né ele acabou saindo e se distanciando então vamos ter que descer mesmo lado a lado não dá para pular não tá vai ter que ser alpinismo aqui agora vem exatamente nesse bloco que eu tô quando contar quando falar já desce então um dois três e já desce aqui desce aqui desce por pouco por pouco beleza o campo não nos matou então de novo desce ai calma para de me empurrar calma eu tô vivo a gente tá vivo estamos vivos estamos vivos beleza agora dá para ir descer um pouco mais normalmente ai ok tô vivo tô vivo cadê você McFly cadê você,0.4680778682231903,0.3688418269157409,0.1630802750587463,NEG,0.3171256482601166,0.0057738376781344,0.0539161898195743,0.0045665535144507,0.0407323613762855,0.0052268649451434,0.0048815985210239,0.28548008,JP Plays,Minecraft,NÃO PODE SE SEPARAR NO MINECRAFT  FIQUE JUNTO OU MORRA [7Stxw-K_RSo],,GZ,GZ,GZ,"🎬 Canal: JP Plays | 🎥 Vídeo: NÃO PODE SE SEPARAR NO MINECRAFT  FIQUE JUNTO OU MORRA [7Stxw-K_RSo]
⏱️ Segmento/Index: 2
──────────────────────────────────────────────────
Fala transcrita:
""não vai ser fácil não vai ser fácil olha seguinte vou contar até três e aí você pula beleza então aí eu pulo também temos por adjunto porque esse não já era então é um é dois é três e pula vai lá vamos lá e calma calma calma eu acho que eu pulei para um lado e você pulou para o outro lado pessoal ok ok já começamos mal não deu para descer a montanha então vai lá McFly vai lá isso vou deixar você na frente que se não não não não não tá realmente não funciona não funciona o que eu queria fazer pessoal tava com um plano aqui na cabeça mas vocês viram que não deu certo né ele acabou saindo e se distanciando então vamos ter que descer mesmo lado a lado não dá para pular não tá vai ter que ser alpinismo aqui agora vem exatamente nesse bloco que eu tô quando contar quando falar já desce então um dois três e já desce aqui desce aqui desce por pouco por pouco beleza o campo não nos matou então de novo desce ai calma para de me empurrar calma eu tô vivo a gente tá vivo estamos vivos estamos vivos beleza agora dá para ir descer um pouco mais normalmente ai ok tô vivo tô vivo cadê você McFly cadê você""",Avaliador_B,Avaliador_C
1,"Vai começar, Davi! Pode correr, porque o tubarão aqui tá pronto, hein? Ai, então tá bom, né? Eu vou aqui pegar logo aqui o meu barco. Opa, eu não tenho cabelo, mas eu tenho uma touca de Natal. Se tem Robin Hood careca no vídeo, se tem Robin Hood tubarão, tem like, então deixa seu like, se inscreve no canal, ativa o sininho. Se você não deixar seu like, sabe o que vai acontecer? Você vai ficar careca. Já imaginou, Davi, todo mundo careca? Todos os inscritos carecas? Eu só sei que todos os inscritos iam brilhar, brilhar que a terra ia até esquentar e explodir. É, a careca é brilhante, hein? A minha careca no sol, ela brilha. Eu já tô vendo um barquinho aqui, eu não sei se é o do Davi, mas o meu grande objetivo aqui é devorar o Davi. Se eu conseguir matar o Davi, eu já me considero o campeão dessa rodada. É, eu já te achei, senhor Robin Hood carecão. Robin Hood carecão tubarão. E é fácil de você me encontrar, porque quando você é um humano, mostra onde tá o tubarão no mapa.",0.0514409877359867,0.8007960915565491,0.1477629095315933,NEU,0.3291725814342499,0.0012937444262206,0.0212536491453647,0.0020258268341422,0.0671274065971374,0.0382184199988842,0.0036580509040504,0.3308965,Robin Hood Gamer,Minecraft,MEU AMIGO VIROU UM TUBARÃO E ME DEVOROU NO ROBLOX SharkBite [UrHMejgx3XE],,GZ,GZ,GZ,"🎬 Canal: Robin Hood Gamer | 🎥 Vídeo: MEU AMIGO VIROU UM TUBARÃO E ME DEVOROU NO ROBLOX SharkBite [UrHMejgx3XE]
⏱️ Segmento/Index: 1
──────────────────────────────────────────────────
Fala transcrita:
""Vai começar, Davi! Pode correr, porque o tubarão aqui tá pronto, hein? Ai, então tá bom, né? Eu vou aqui pegar logo aqui o meu barco. Opa, eu não tenho cabelo, mas eu tenho uma touca de Natal. Se tem Robin Hood careca no vídeo, se tem Robin Hood tubarão, tem like, então deixa seu like, se inscreve no canal, ativa o sininho. Se você não deixar seu like, sabe o que vai acontecer? Você vai ficar careca. Já imaginou, Davi, todo mundo careca? Todos os inscritos carecas? Eu só sei que todos os inscritos iam brilhar, brilhar que a terra ia até esquentar e explodir. É, a careca é brilhante, hein? A minha careca no sol, ela brilha. Eu já tô vendo um barquinho aqui, eu não sei se é o do Davi, mas o meu grande objetivo aqui é devorar o Davi. Se eu conseguir matar o Davi, eu já me considero o campeão dessa rodada. É, eu já te achei, senhor Robin Hood carecão. Robin Hood carecão tubarão. E é fácil de você me encontrar, porque quando você é um humano, mostra onde tá o tubarão no mapa.""",Avaliador_B,Avaliador_C
0,"Mas pelo menos eu achei a chave da cor amarela, vamos ver se você... AHHH! É você aqui? Sou. NÃO! Me solta sua maluada! Nossa! OU, oi pessoal, tudo bem? Hoje você aqui pra gravar mais series de Roblox e hoje tá a semana daqui de manhã! Olá pessoal, tudo bem? E hoje pessoal, nós estamos aqui para tentar sobreviver dos ratos. Isso mesmo! Será que a gente vai conseguir? Eu acho que sim! Tomara que sim pessoal, então bora vídeo, vaiam! Bora lá, escapando! Ju, eu sou o rato! Sou o rato? Sim, ai tão batendo em mim! Já peguei alguém pela boca! Mami, eu tô aqui com uma chave vermelha, então assim pessoal, a Mami é um rato, certo? E ela tem que fazer com que a gente não escape. Exatamente! E a gente tem que escapar, certo? Pegando suas chaves e abrindo portas, tem quatro portas. E eu tenho queijinho aqui pra comer e também tem umas ratoeiras que quem quer fugir precisa ativar pra prender o rato.",0.0754779651761055,0.8186496496200562,0.1058724299073219,NEU,0.5278798341751099,0.0015239351196214,0.0742201283574104,0.0016382688190788,0.1576172411441803,0.0089104231446981,0.0030199170578271,0.37751234,Julia MineGirl,Roblox,Roblox - A RATINHA MINEGIRL Rat Maze Survive  Escape [wxAyTBTqsHc],,GZ,GZ,GZ,"🎬 Canal: Julia MineGirl | 🎥 Vídeo: Roblox - A RATINHA MINEGIRL Rat Maze Survive  Escape [wxAyTBTqsHc]
⏱️ Segmento/Index: 0
──────────────────────────────────────────────────
Fala transcrita:
""Mas pelo menos eu achei a chave da cor amarela, vamos ver se você... AHHH! É você aqui? Sou. NÃO! Me solta sua maluada! Nossa! OU, oi pessoal, tudo bem? Hoje você aqui pra gravar mais series de Roblox e hoje tá a semana daqui de manhã! Olá pessoal, tudo bem? E hoje pessoal, nós estamos aqui para tentar sobreviver dos ratos. Isso mesmo! Será que a gente vai conseguir? Eu acho que sim! Tomara que sim pessoal, então bora vídeo, vaiam! Bora lá, escapando! Ju, eu sou o rato! Sou o rato? Sim, ai tão batendo em mim! Já peguei alguém pela boca! Mami, eu tô aqui com uma chave vermelha, então assim pessoal, a Mami é um rato, certo? E ela tem que fazer com que a gente não escape. Exatamente! E a gente tem que escapar, certo? Pegando suas chaves e abrindo portas, tem quatro portas. E eu tenho queijinho aqui pra comer e também tem umas ratoeiras que quem quer fugir precisa ativar pra prender o rato.""",Avaliador_B,Avaliador_C
5,"Ô moça, então aperta minha barriga rapidinho pra você ver uma coisa? Ai, eu não sei se eu quero! Eu vou chacalhar você! Ai, você soltou pom! Ai, eu não quero mais ser babá não! Tá, deixa eu pegar o carrinho agora! Carrinho, apareça! Ai, eu não sei o que fazer! Vou jogar você no chão! Ai, você não sai do meu polo! Não, você não vai me soltar! Ai, soltei! Nada de choro, eu já vou pegar o carrinho! Ai, pra pegar o carrinho eu tenho que pegar você de novo, eu tô totalmente perdida! Agora foi! Saindo! Olha que lindo dia! Se você quiser você pode brincar aqui fora! Mas nada de pular na água, hein! Ah não, fica tranquila, vai dar tudo certo! Ai, eu espero que sim! Ai, eu tô... Não, sai daí!",0.187422826886177,0.552251935005188,0.2603252232074737,NEU,0.8230437636375427,0.0039160437881946,0.0488910786807537,0.0018679376225918,0.0443167723715305,0.3043495416641235,0.0173117406666278,0.44933176,Papile,Roblox,O PIOR BEBÊ DA CRECHE NO ROBLOX   Twilight Daycare  PAPILE HISTÓRIA ENGRAÇADA [Z1gSWlLr9xA],,T,T,T,"🎬 Canal: Papile | 🎥 Vídeo: O PIOR BEBÊ DA CRECHE NO ROBLOX   Twilight Daycare  PAPILE HISTÓRIA ENGRAÇADA [Z1gSWlLr9xA]
⏱️ Segmento/Index: 5
──────────────────────────────────────────────────
Fala transcrita:
""Ô moça, então aperta minha barriga rapidinho pra você ver uma coisa? Ai, eu não sei se eu quero! Eu vou chacalhar você! Ai, você soltou pom! Ai, eu não quero mais ser babá não! Tá, deixa eu pegar o carrinho agora! Carrinho, apareça! Ai, eu não sei o que fazer! Vou jogar você no chão! Ai, você não sai do meu polo! Não, você não vai me soltar! Ai, soltei! Nada de choro, eu já vou pegar o carrinho! Ai, pra pegar o carrinho eu tenho que pegar você de novo, eu tô totalmente perdida! Agora foi! Saindo! Olha que lindo dia! Se você quiser você pode brincar aqui fora! Mas nada de pular na água, hein! Ah não, fica tranquila, vai dar tudo certo! Ai, eu espero que sim! Ai, eu tô... Não, sai daí!""",Avaliador_B,Avaliador_D
43,"Mas, Marcelo, vamos aproveitar que a gente já está aqui, vamos embora. Vamos embora, vamos embora. Sonic, então, você foi, né? E a gente? A gente não... A gente não voa. Marcelo, eu tenho um negócio aqui. Por que você tem... Que isso? Pega uma carona aí, Marcelo, vamos embora! Eduarda, eu vou de helicóptero. Me busca aqui, garota. Eu estou sozinho aqui, ó. Olha o Ender Dragon aí, galera, eu estou com medo dele. Chegamos, galera! Ah, ok. Que isso? O Hulk-Wug? O Hulk-Wug! Bate nele, Eduarda. Meu Deus, é Hulk-Wug aqui? Por que você tem Hulk-Wug aqui, gente? Tá pessoal, Eduarda? Eu não sabia que tinha Hulk-Wug aqui, né? Eduarda, vamos começar, então, que a gente tem que conseguir matar o Ender Dragon. O problema é que está cheio de Hulk-Wug, né? Então vamos fazer assim. Ô, Sonic, ajuda a gente! Explora... Que isso? Eduarda, me dá a minha bazuca, garota! Ah, tá, tá comigo. Toma. Ô, Sonic, ajuda a gente a quebrar os totens, por favor, do Ender Dragon. Vamos, vamos, vamos, vamos, Marcelo, vamos embora! Bora, bora, Eduarda, bora, bora, bora! Ele vai quebrar pra gente! Boa, boa, boa! Olha lá, vou tentar acertar o Ender Dragon! Ele acertou a minha cara! Vai isso, Sonic, quebra tudo!",0.1214283257722854,0.797906219959259,0.0806655287742614,NEU,0.2515773475170135,0.0040108608081936,0.0375942774116992,0.0027108364738523,0.0208254642784595,0.0101934308186173,0.0106066213920712,0.31825066,Marcelodrv,Minecraft,Minecraft MAS tudo que eu DESENHAR os MONSTROS vão me dar [8vd2gpnHnUI],,GZ,GZ,GZ,"🎬 Canal: Marcelodrv | 🎥 Vídeo: Minecraft MAS tudo que eu DESENHAR os MONSTROS vão me dar [8vd2gpnHnUI]
⏱️ Segmento/Index: 43
──────────────────────────────────────────────────
Fala transcrita:
""Mas, Marcelo, vamos aproveitar que a gente já está aqui, vamos embora. Vamos embora, vamos embora. Sonic, então, você foi, né? E a gente? A gente não... A gente não voa. Marcelo, eu tenho um negócio aqui. Por que você tem... Que isso? Pega uma carona aí, Marcelo, vamos embora! Eduarda, eu vou de helicóptero. Me busca aqui, garota. Eu estou sozinho aqui, ó. Olha o Ender Dragon aí, galera, eu estou com medo dele. Chegamos, galera! Ah, ok. Que isso? O Hulk-Wug? O Hulk-Wug! Bate nele, Eduarda. Meu Deus, é Hulk-Wug aqui? Por que você tem Hulk-Wug aqui, gente? Tá pessoal, Eduarda? Eu não sabia que tinha Hulk-Wug aqui, né? Eduarda, vamos começar, então, que a gente tem que conseguir matar o Ender Dragon. O problema é que está cheio de Hulk-Wug, né? Então vamos fazer assim. Ô, Sonic, ajuda a gente! Explora... Que isso? Eduarda, me dá a minha bazuca, garota! Ah, tá, tá comigo. Toma. Ô, Sonic, ajuda a gente a quebrar os totens, por favor, do Ender Dragon. Vamos, vamos, vamos, vamos, Marcelo, vamos embora! Bora, bora, Eduarda, bora, bora, bora! Ele vai quebrar pra gente! Boa, boa, boa! Olha lá, vou tentar acertar o Ender Dragon! Ele acertou a minha cara! Vai isso, Sonic, quebra tudo!""",Avaliador_B,Avaliador_D
15,"Essa espada é muito boa! Espero que eu encontre logo a última Jóia do Poder! Só falta uma! Só falta uma! Que bom que meu mundo não fechou! Estava tendo um problema! Sempre que eu consegui evoluir, o meu mundo fechava sozinho e eu não conseguia recuperar! Isso parou de acontecer, mas em compensação surgiram monstros terríveis! Olha isso! Uma ovelha mutante! Consegui mais uma Jóia do Poder! Só falta mais uma! A última! E esse Aerobrine vai se ver comigo! Eu encontrei o Aerobrine com aquele monstro vermelho! E agora na casa eu encontrei eles novamente, só que eles estavam meio apagados! Como se fosse o espírito deles! Bem estranho! Vou voltar para casa! Vou ver se a área onde eu construí minha casa recebeu mais algum ataque! Porque isso está acontecendo o tempo todo! Primeiro foram os monstros de fogo! Depois esses demônios explosivos com fogo também!",0.0426436476409435,0.1411816477775573,0.8161746263504028,POS,0.4015569686889648,0.0011245431378483,0.0288711618632078,0.0011196379782631,0.0880218371748924,0.0678082406520843,0.0010110138682648,0.22043827,Robin Hood Gamer,Minecraft,HEROBRINE ESTÁ CONTROLANDO MONSTROS ASSUSTADORES - Minecraft Herobrine 58 [DU0WMq0GH3E],,GZ,GZ,GZ,"🎬 Canal: Robin Hood Gamer | 🎥 Vídeo: HEROBRINE ESTÁ CONTROLANDO MONSTROS ASSUSTADORES - Minecraft Herobrine 58 [DU0WMq0GH3E]
⏱️ Segmento/Index: 15
──────────────────────────────────────────────────
Fala transcrita:
""Essa espada é muito boa! Espero que eu encontre logo a última Jóia do Poder! Só falta uma! Só falta uma! Que bom que meu mundo não fechou! Estava tendo um problema! Sempre que eu consegui evoluir, o meu mundo fechava sozinho e eu não conseguia recuperar! Isso parou de acontecer, mas em compensação surgiram monstros terríveis! Olha isso! Uma ovelha mutante! Consegui mais uma Jóia do Poder! Só falta mais uma! A última! E esse Aerobrine vai se ver comigo! Eu encontrei o Aerobrine com aquele monstro vermelho! E agora na casa eu encontrei eles novamente, só que eles estavam meio apagados! Como se fosse o espírito deles! Bem estranho! Vou voltar para casa! Vou ver se a área onde eu construí minha casa recebeu mais algum ataque! Porque isso está acontecendo o tempo todo! Primeiro foram os monstros de fogo! Depois esses demônios explosivos com fogo também!""",Avaliador_B,Avaliador_D
3,"Que cachorrinho bonitinho! Isso aqui é carne, isso aqui é... Ah! Ela era pra estar assustada. Quem é bom garoto? Quem é bom garoto? Não é ela que tá se assustando? Ela tá me dando carne. Bom garoto, não sou bom garoto. Eu vou bater nela. Ai, nossa, você é meio agressivo, né? Quem é bom garoto? Quem que é? Não, não. Não tá dando certo. Ela não tá com medo. Vem cá, você quer morar comigo? Vem cá. Olha só que legal que tem aqui dentro. Quero morar com ela. Eu vou embora. Vou trocar de monstro. Rápido, rápido. Troca de monstro. Cachorrinho... Meu cachorrinho foi embora. Eu vou voltar a dormir. Eu vou virar esse outro monstro aqui. É uma mulher com várias cabeças. Esse aqui não parece cachorrinho. Esse aqui eu acho que ela vai se assustar. Booo! Se assusta! Mãe, você tá meio estranha. O quê? Ela me chamou de mãe. Mãe, eu falei pra você parar e te ir pra que ir em um lugar demais de irritado. Vai tomar poção de cura, vai. Ah, ela não ficou com medo. Ela não ficou com medo. Isso não funciona.",0.1908918470144271,0.4210402965545654,0.3880679011344909,NEU,0.3986051976680755,0.0011496822116896,0.0167361088097095,0.0011451494647189,0.208713486790657,0.0187057480216026,0.0070927604101598,0.3974717,Athos,Minecraft,7 Jeitos de Assustar a WANDINHA no Minecraft [7Qe0tlojErA],,GZ,GZ,GZ,"🎬 Canal: Athos | 🎥 Vídeo: 7 Jeitos de Assustar a WANDINHA no Minecraft [7Qe0tlojErA]
⏱️ Segmento/Index: 3
──────────────────────────────────────────────────
Fala transcrita:
""Que cachorrinho bonitinho! Isso aqui é carne, isso aqui é... Ah! Ela era pra estar assustada. Quem é bom garoto? Quem é bom garoto? Não é ela que tá se assustando? Ela tá me dando carne. Bom garoto, não sou bom garoto. Eu vou bater nela. Ai, nossa, você é meio agressivo, né? Quem é bom garoto? Quem que é? Não, não. Não tá dando certo. Ela não tá com medo. Vem cá, você quer morar comigo? Vem cá. Olha só que legal que tem aqui dentro. Quero morar com ela. Eu vou embora. Vou trocar de monstro. Rápido, rápido. Troca de monstro. Cachorrinho... Meu cachorrinho foi embora. Eu vou voltar a dormir. Eu vou virar esse outro monstro aqui. É uma mulher com várias cabeças. Esse aqui não parece cachorrinho. Esse aqui eu acho que ela vai se assustar. Booo! Se assusta! Mãe, você tá meio estranha. O quê? Ela me chamou de mãe. Mãe, eu falei pra você parar e te ir pra que ir em um lugar demais de irritado. Vai tomar poção de cura, vai. Ah, ela não ficou com medo. Ela não ficou com medo. Isso não funciona.""",Avaliador_B,Avaliador_D
3,"Mas como morri muito cedo, tomara que você morra também Hihihihihi Vamos pra próxima, por favor, Brasil Como eu realmente não posso perder ponto Dessa vez vai ser a safe da safe da safe A safe Nós caímos aqui, aparentemente não tinha inimigo, não tinha nada Estavamos tranquilo aqui, luteando O único inimigo que tinha pra mim era a Gretchen roubando o meu loot Mas até então tava tudo tranquilo, tudo de boa Depois de dar uma bela de uma luteada A Aninha foi lutear lá no boraró Ela foi lutear no sei aonde Acho que ela foi lutear no buraco E tinha um squad no buraco Aí eu falei, gente, vamos ajudar a Aninha, pelo amor de Deus O Niel tava vindo ajudar A Gretchen se fingiu de cega e muda, suuda Aí eu falei, Gretchen, tu não vai ficar pra trás, não Tu vai ajudar também, porque se eu morrer, tu vai morrer junto Eu tô indo aí te buscar, rapariga Entra aí na minha moto Então eu fui lá buscar ela Vem cá, rapariga, tu não vai ficar de fora, não, entra na moto aí",0.1811629980802536,0.5602847933769226,0.258552223443985,NEU,0.6652160882949829,0.0109995249658823,0.0521257035434246,0.0041272183880209,0.0438627824187278,0.0557567775249481,0.0060499017126858,0.37955463,Amy Scarlet,Roblox,Meu Squad é profissional VEJA A JOGABILIDADE [q32ldyf_s8w],,GZ,GZ,GZ,"🎬 Canal: Amy Scarlet | 🎥 Vídeo: Meu Squad é profissional VEJA A JOGABILIDADE [q32ldyf_s8w]
⏱️ Segmento/Index: 3
──────────────────────────────────────────────────
Fala transcrita:
""Mas como morri muito cedo, tomara que você morra também Hihihihihi Vamos pra próxima, por favor, Brasil Como eu realmente não posso perder ponto Dessa vez vai ser a safe da safe da safe A safe Nós caímos aqui, aparentemente não tinha inimigo, não tinha nada Estavamos tranquilo aqui, luteando O único inimigo que tinha pra mim era a Gretchen roubando o meu loot Mas até então tava tudo tranquilo, tudo de boa Depois de dar uma bela de uma luteada A Aninha foi lutear lá no boraró Ela foi lutear no sei aonde Acho que ela foi lutear no buraco E tinha um squad no buraco Aí eu falei, gente, vamos ajudar a Aninha, pelo amor de Deus O Niel tava vindo ajudar A Gretchen se fingiu de cega e muda, suuda Aí eu falei, Gretchen, tu não vai ficar pra trás, não Tu vai ajudar também, porque se eu morrer, tu vai morrer junto Eu tô indo aí te buscar, rapariga Entra aí na minha moto Então eu fui lá buscar ela Vem cá, rapariga, tu não vai ficar de fora, não, entra na moto aí""",Avaliador_B,Avaliador_D
12,"ah não, eu não me mexi Eu não me mexi Buneca mentirosa, eu não me mexi Pior que você se mexeu, velho Ah não, não me mexi Caraca, nossa, isso é muito difícil, não dá tempo não Buneca ridícula, velho Buneca ridícula, eu não gosto dessa boneca Meu Deus O que faz perder tempo é porque ela demora muito tempo a virar É, vai, vai, vai, vai Não Mano, eu morri sempre no mesmo lugar, velho Ah não Vamos tentar, vamos tentar mais uma vez Caramba, vamos tentar no... A gente está vindo bem, a gente está vindo... não, vamos tentar de novo 40?",0.9809889197349548,0.012109201401472,0.0069018159992992,NEG,0.7805726528167725,0.0083585605025291,0.0474486052989959,0.0096475379541516,0.0622507110238075,0.0033889908809214,0.0092947240918874,0.3140926,Kass e KR,Minecraft,KASS e KR VS. ATAQUE da BONECA no Minecraft ROUND 6 [AMumBuB4ofQ],,GZ,GZ,GZ,"🎬 Canal: Kass e KR | 🎥 Vídeo: KASS e KR VS. ATAQUE da BONECA no Minecraft ROUND 6 [AMumBuB4ofQ]
⏱️ Segmento/Index: 12
──────────────────────────────────────────────────
Fala transcrita:
""ah não, eu não me mexi Eu não me mexi Buneca mentirosa, eu não me mexi Pior que você se mexeu, velho Ah não, não me mexi Caraca, nossa, isso é muito difícil, não dá tempo não Buneca ridícula, velho Buneca ridícula, eu não gosto dessa boneca Meu Deus O que faz perder tempo é porque ela demora muito tempo a virar É, vai, vai, vai, vai Não Mano, eu morri sempre no mesmo lugar, velho Ah não Vamos tentar, vamos tentar mais uma vez Caramba, vamos tentar no... A gente está vindo bem, a gente está vindo... não, vamos tentar de novo 40?""",Avaliador_B,Avaliador_D
12,caiu na minha treta aí na que tinha um buraco ali era uma treta e se caiu nele cê caiu nele se foi ludibriado a gente calma relaxa relaxa é só só voltar só voltar tá bom volta aí vem vou te dar uns itens aqui beleza aqui cadê você brinéb estou na base liga o chefe o que você quer ver um liga boa aqui tem um pouquinho também o que é isso é aquela conquista lá que matam gaste é verdade tá to indo pra gente vem cá tomei tá eu tô preparando um negócio aqui que vai ser muito bom pra gente hoje está precisando daquela armadura top né é então exatamente que eu fui fazer o ligão são lado ou se são lado n,0.0800036415457725,0.5482663512229919,0.3717299997806549,NEU,0.9076501727104188,0.0085397474467754,0.0907056480646133,0.0053408741950988,0.0511225871741771,0.002867461182177,0.0804566815495491,0.54823303,Geleia,Minecraft,3 Caçadores vs Speedrunner sem mods no Minecraft [uIqBMdqVSX0],,T,T,T,"🎬 Canal: Geleia | 🎥 Vídeo: 3 Caçadores vs Speedrunner sem mods no Minecraft [uIqBMdqVSX0]
⏱️ Segmento/Index: 12
──────────────────────────────────────────────────
Fala transcrita:
""caiu na minha treta aí na que tinha um buraco ali era uma treta e se caiu nele cê caiu nele se foi ludibriado a gente calma relaxa relaxa é só só voltar só voltar tá bom volta aí vem vou te dar uns itens aqui beleza aqui cadê você brinéb estou na base liga o chefe o que você quer ver um liga boa aqui tem um pouquinho também o que é isso é aquela conquista lá que matam gaste é verdade tá to indo pra gente vem cá tomei tá eu tô preparando um negócio aqui que vai ser muito bom pra gente hoje está precisando daquela armadura top né é então exatamente que eu fui fazer o ligão são lado ou se são lado n""",Avaliador_B,Avaliador_D
0,"Fala pessoal, tudo bem com vocês? Aqui é o Tex trazendo mais um vídeo no canal e hoje pessoal voltamos com nosso coelhinho maluco aqui o Pretty Odd Bunny. Vamos continuar então da onde a gente parou da última vez que foi... peraí, ilha do porquinho é isso né? Essa que a gente parou deve ter mais um mundo ainda depois desse. Vamos lá galera, ilha do porquinho então, deixa eu ver, é pra cá que eu tenho que ir ou o que? Coloca a máscara... Ah mas eu não posso pular com a máscara. Cara, o que eu tô fazendo? É pra cá ou não é? Parece que eu comecei numa fase que já é tipo assim no meio dela né? Tá, vamos pra cá então ó... Eu vou descendo pra aprender o caminho. Ah mas foi tão fácil assim essa fase? Que tem uma coisa errada nessa fase aqui viu?",0.0704675614833831,0.7986010909080505,0.1309313625097274,NEU,0.2064294219017028,0.0013623163104057,0.0340360812842845,0.0014960243133828,0.0463115684688091,0.0010841654147952,0.0022353054955601,0.35186127,Tex HS,Roblox,DOIS COELHOS MALUCOS A Pretty Odd Bunny  E9 [0iQIwF4uPog],,GZ,GZ,GZ,"🎬 Canal: Tex HS | 🎥 Vídeo: DOIS COELHOS MALUCOS A Pretty Odd Bunny  E9 [0iQIwF4uPog]
⏱️ Segmento/Index: 0
──────────────────────────────────────────────────
Fala transcrita:
""Fala pessoal, tudo bem com vocês? Aqui é o Tex trazendo mais um vídeo no canal e hoje pessoal voltamos com nosso coelhinho maluco aqui o Pretty Odd Bunny. Vamos continuar então da onde a gente parou da última vez que foi... peraí, ilha do porquinho é isso né? Essa que a gente parou deve ter mais um mundo ainda depois desse. Vamos lá galera, ilha do porquinho então, deixa eu ver, é pra cá que eu tenho que ir ou o que? Coloca a máscara... Ah mas eu não posso pular com a máscara. Cara, o que eu tô fazendo? É pra cá ou não é? Parece que eu comecei numa fase que já é tipo assim no meio dela né? Tá, vamos pra cá então ó... Eu vou descendo pra aprender o caminho. Ah mas foi tão fácil assim essa fase? Que tem uma coisa errada nessa fase aqui viu?""",Avaliador_B,Avaliador_D
9,"Ai, pera aí que eu vou chorar, cara O Elvis foi embora Mano, eles levaram o Elvis Eles levaram o nosso escravo, TT Não, pera, escravo também não Era o nosso artista em tempos livres, né, Caue? Não era... Isso aqui não tinha comida, nem um trabalho digno Tá bom A gente andou matando alguns vampiros E aí, basicamente, eu consegui evoluir mais ainda os meus pontos de habilidade como caçador de monstros E aí, pessoal, uma das habilidades que eu tenho pra liberar é essa daqui, ó A de squeeze, velho Permite que você se esconda de mobs e também, mano, você fica invisível para outros players, cara Essa daqui TT O quê? Você ficou metade invisível O que quer dizer metade invisível? Eu não sei te dizer É tipo assim, sabe o fantasma minha camarada? É tipo isso Essa minha habilidade, ela diz que eu fico invisível tanto pra mobs quanto pra players então Então, cara, bora testar isso com monstros lá fora, né?",0.7746561169624329,0.1665539592504501,0.0587899275124073,NEG,0.3399010300636291,0.0052310596220195,0.0382782332599163,0.006309940945357,0.0418159030377864,0.0040593817830085,0.0151105476543307,0.3286776,AuthenticGames,Minecraft,MELHORES MOMENTOS VAMPIROS AUTHENTICGAMES  - Vampiro Vs Lobisomem [iSpMBSK5QXw],,GZ,GZ,GZ,"🎬 Canal: AuthenticGames | 🎥 Vídeo: MELHORES MOMENTOS VAMPIROS AUTHENTICGAMES  - Vampiro Vs Lobisomem [iSpMBSK5QXw]
⏱️ Segmento/Index: 9
──────────────────────────────────────────────────
Fala transcrita:
""Ai, pera aí que eu vou chorar, cara O Elvis foi embora Mano, eles levaram o Elvis Eles levaram o nosso escravo, TT Não, pera, escravo também não Era o nosso artista em tempos livres, né, Caue? Não era... Isso aqui não tinha comida, nem um trabalho digno Tá bom A gente andou matando alguns vampiros E aí, basicamente, eu consegui evoluir mais ainda os meus pontos de habilidade como caçador de monstros E aí, pessoal, uma das habilidades que eu tenho pra liberar é essa daqui, ó A de squeeze, velho Permite que você se esconda de mobs e também, mano, você fica invisível para outros players, cara Essa daqui TT O quê? Você ficou metade invisível O que quer dizer metade invisível? Eu não sei te dizer É tipo assim, sabe o fantasma minha camarada? É tipo isso Essa minha habilidade, ela diz que eu fico invisível tanto pra mobs quanto pra players então Então, cara, bora testar isso com monstros lá fora, né?""",Avaliador_B,Avaliador_D
10,"Agora que o Cadris tá sem internet Vamos procurar por uma esquemática de dragão no Minecraft Nossa, a gente vai achar um dragão muito mais bonito que o dele Só abrir em imagens e eu quero Esse dragão é pago, esse aqui também Tem que ser um dragão grátis Ah, aqui é um dragão vermelho Olha, esse tá muito bonito Vamos baixar esse dragão então Agora que eu peguei aquele dragão, eu vou colar ele aqui O nome tá salvo como Dagrão Eu nem sabia escrever direito Vamos só esperar carregar e colar o dragão Pronto, colei Tá aí o nosso dragão E ele deve tá muito mais bonito que o do Cadris Até porque o Cadris não conseguiu fazer nada E ele caiu da partida Eu vou agora ligar a internet do Cadris E ele vai entrar de novo Liguei Vamos ver se funciona Entrou, entrou Ué, apareceu ali no chat de novo que eu entrei na partida Eu acho que eu tinha bugado e é como se eu tivesse caído Mas agora tá rodando tudo lisinho Eu vou conseguir colar minha esquemática Cadris, acabou o tempo O quê? Não, o quê acabou o tempo?",0.0169396083801984,0.0841845870018005,0.898875892162323,POS,0.0061157834716141,0.0079757310450077,0.0413694083690643,0.0070592374540865,0.0427215620875358,0.002490027109161,0.0019294545054435,0.15435068,Cadres,Minecraft,Trolei meu AMIGO com PIKACHU PRONTO na BATALHA DE CONSTRUÇÃO do MINECRAFT [XgtJEOSJDgs],,NT,NT,NT,"🎬 Canal: Cadres | 🎥 Vídeo: Trolei meu AMIGO com PIKACHU PRONTO na BATALHA DE CONSTRUÇÃO do MINECRAFT [XgtJEOSJDgs]
⏱️ Segmento/Index: 10
──────────────────────────────────────────────────
Fala transcrita:
""Agora que o Cadris tá sem internet Vamos procurar por uma esquemática de dragão no Minecraft Nossa, a gente vai achar um dragão muito mais bonito que o dele Só abrir em imagens e eu quero Esse dragão é pago, esse aqui também Tem que ser um dragão grátis Ah, aqui é um dragão vermelho Olha, esse tá muito bonito Vamos baixar esse dragão então Agora que eu peguei aquele dragão, eu vou colar ele aqui O nome tá salvo como Dagrão Eu nem sabia escrever direito Vamos só esperar carregar e colar o dragão Pronto, colei Tá aí o nosso dragão E ele deve tá muito mais bonito que o do Cadris Até porque o Cadris não conseguiu fazer nada E ele caiu da partida Eu vou agora ligar a internet do Cadris E ele vai entrar de novo Liguei Vamos ver se funciona Entrou, entrou Ué, apareceu ali no chat de novo que eu entrei na partida Eu acho que eu tinha bugado e é como se eu tivesse caído Mas agora tá rodando tudo lisinho Eu vou conseguir colar minha esquemática Cadris, acabou o tempo O quê? Não, o quê acabou o tempo?""",Avaliador_B,Avaliador_D
12,"Não, injusto, injusto Justo nada, tem que usar o que te quer Vamos lá, galera, vamos lá, galera Olha ele aqui, ai mano, pra bom, meu Sai, tropa, sai, não, sai Galera, narra pra nós, galera Nós saímos, aqui caiu Vai ter que ter outro aí, vai ter que ter outro aí Galera, vamos fazer outro aqui, a internet caiu aqui, olha Deus não achou justo, eu acho Foi verdade, Deus disse não, isso tá muito injusto Aí derrubou nossa internet, velho Ei, Eric, tava certo Nossa vitória, mano Nós ganhamos aqui, viu Vamos lá, galera, última chance Ele ganhou aquela lá, mas isso não significa que nós vamos ganhar essa aqui Não deixamos pra dar...",0.7302096486091614,0.2334180027246475,0.0363723710179328,NEG,0.0052439533174037,0.001372639206238,0.0206993445754051,0.0012941985623911,0.0137459523975849,0.0008756220340728,0.0010228378232568,0.008105109,meu nome é david,Roblox,TODO MUNDO CONTRA O  ERIK CARR NA PARTIDA DO STUMBLE GUYS [QpMtBEqyVpM],,NT,NT,NT,"🎬 Canal: meu nome é david | 🎥 Vídeo: TODO MUNDO CONTRA O  ERIK CARR NA PARTIDA DO STUMBLE GUYS [QpMtBEqyVpM]
⏱️ Segmento/Index: 12
──────────────────────────────────────────────────
Fala transcrita:
""Não, injusto, injusto Justo nada, tem que usar o que te quer Vamos lá, galera, vamos lá, galera Olha ele aqui, ai mano, pra bom, meu Sai, tropa, sai, não, sai Galera, narra pra nós, galera Nós saímos, aqui caiu Vai ter que ter outro aí, vai ter que ter outro aí Galera, vamos fazer outro aqui, a internet caiu aqui, olha Deus não achou justo, eu acho Foi verdade, Deus disse não, isso tá muito injusto Aí derrubou nossa internet, velho Ei, Eric, tava certo Nossa vitória, mano Nós ganhamos aqui, viu Vamos lá, galera, última chance Ele ganhou aquela lá, mas isso não significa que nós vamos ganhar essa aqui Não deixamos pra dar...""",Avaliador_B,Avaliador_D
5,"Ah, temos visitantes! Eu tô vendo eles ali! Pera, pera, pera! Olha só que legal, Iagão! Eu ganhei esse machado aqui do nosso chefe! Nossa, vira um... É, que ele tem uma propriedade diferente galera! Quando eu quebro qualquer madeira com esse bloco, olha só com esse machado, olha o que ele faz! Ele quebra todas as madeiras de uma vez! Eu fiquei sabendo que o tiozão lá da fazenda falou de plantar uma maçã, uma macieira! Então vamos dar uma olhada lá na fazenda pra ver como a gente pode trollar eles! Eu já tô até tomando aqui minha porção de visibilidade! Vou tomar a porção também! Bora mano! Vamos lá rapazes! Pocão, vamos passando aqui do lado! Vamos chegar perto aqui! Ó, eu tô vendo o Nick dos três ali do lado, hein! Calma, vamos passando devagar pra gente ver o que eles estão fazendo, família! Pessoal, ó! Os três estão ali, ó! Ó, tô vendo! Parece que agora eles pegaram uma macieira e estão também levando um bonimil, Poc! Pra fazer alguma coisa! Olha, vocês estão escondidos, hein? Os dois? Tô vendo, tô vendo!",0.0704288110136985,0.8311096429824829,0.0984615832567215,NEU,0.0266784578561782,0.0003699796798173,0.0078534102067351,0.0002852156758308,0.0104460129514336,0.001895256107673,0.0014509346801787,0.11192002,AuthenticGames,Minecraft,NOVA SÉRIE TROLLAMOS a FAZENDA dos NOSSOS AMIGOS no MINECRAFT - Minecraft Troll EP.01 [jgNPW2fuyQE],,NT,NT,NT,"🎬 Canal: AuthenticGames | 🎥 Vídeo: NOVA SÉRIE TROLLAMOS a FAZENDA dos NOSSOS AMIGOS no MINECRAFT - Minecraft Troll EP.01 [jgNPW2fuyQE]
⏱️ Segmento/Index: 5
──────────────────────────────────────────────────
Fala transcrita:
""Ah, temos visitantes! Eu tô vendo eles ali! Pera, pera, pera! Olha só que legal, Iagão! Eu ganhei esse machado aqui do nosso chefe! Nossa, vira um... É, que ele tem uma propriedade diferente galera! Quando eu quebro qualquer madeira com esse bloco, olha só com esse machado, olha o que ele faz! Ele quebra todas as madeiras de uma vez! Eu fiquei sabendo que o tiozão lá da fazenda falou de plantar uma maçã, uma macieira! Então vamos dar uma olhada lá na fazenda pra ver como a gente pode trollar eles! Eu já tô até tomando aqui minha porção de visibilidade! Vou tomar a porção também! Bora mano! Vamos lá rapazes! Pocão, vamos passando aqui do lado! Vamos chegar perto aqui! Ó, eu tô vendo o Nick dos três ali do lado, hein! Calma, vamos passando devagar pra gente ver o que eles estão fazendo, família! Pessoal, ó! Os três estão ali, ó! Ó, tô vendo! Parece que agora eles pegaram uma macieira e estão também levando um bonimil, Poc! Pra fazer alguma coisa! Olha, vocês estão escondidos, hein? Os dois? Tô vendo, tô vendo!""",Avaliador_B,Avaliador_D
3,"Eu tô caindo! NÃO! Eu falei pra você que você vai cair pro mundo normal agora! Não, não, não! Eu não vou, não vou! Eu vou tentar me ressa... NÃO! Nossa, eu caí em cima de uma nuvem! Pra cá, mano! Coen, eu tô pegando nuvens, velho! Mas como assim? Mas você não cai no mundo normal? Não, eu caí... Antes de cair no mundo normal, eu caí nesse mundo aqui, que eu tô agora, velho! Eu tô chegando aí, pra te ajudar! Tô chegando, fraco! Olha, Coen, tem várias nuvens de várias cores, velho! Pera, ó! Eu vou caindinho aqui, galera! Pera aí, vamos com o coelhinho... Ó, o que que é essa nuvem? Mano... NÃO! Nossa, ela joga! Caraca! Coen, a nuvem verde joga! Meu Deus, vou largar o coelho! Ah, meu Deus do céu! Eu ia te falar exatamente isso, tá? Algumas nuvens, elas jogam pro lado ou pra cima! Eu acho que agora a gente descobriu que a verde joga pro lado! Eu vou aproveitar o seguinte, galera! Eu vou deixar todos os itens que são do mundo normal, ou seja, né? Do Minecraft tradicional... Entra aqui do baú e vou jogar agora somente com as coisas desse mundo! Até a minha espada tá ficando pra trás, coelhinho! Porque aqui é sobrevivência nova!",0.4892515838146209,0.454133540391922,0.0566148683428764,NEG,0.2750162482261657,0.0064260442741215,0.0526895485818386,0.0042381705716252,0.0354874730110168,0.0062761954031884,0.0058724605478346,0.26859093,AuthenticGames,Minecraft,NOVOS ANIMAIS DA DIMENSÃO DO CÉU  - Minecraft Anjos 2 [n27IzqoScTQ],,GZ,GZ,GZ,"🎬 Canal: AuthenticGames | 🎥 Vídeo: NOVOS ANIMAIS DA DIMENSÃO DO CÉU  - Minecraft Anjos 2 [n27IzqoScTQ]
⏱️ Segmento/Index: 3
──────────────────────────────────────────────────
Fala transcrita:
""Eu tô caindo! NÃO! Eu falei pra você que você vai cair pro mundo normal agora! Não, não, não! Eu não vou, não vou! Eu vou tentar me ressa... NÃO! Nossa, eu caí em cima de uma nuvem! Pra cá, mano! Coen, eu tô pegando nuvens, velho! Mas como assim? Mas você não cai no mundo normal? Não, eu caí... Antes de cair no mundo normal, eu caí nesse mundo aqui, que eu tô agora, velho! Eu tô chegando aí, pra te ajudar! Tô chegando, fraco! Olha, Coen, tem várias nuvens de várias cores, velho! Pera, ó! Eu vou caindinho aqui, galera! Pera aí, vamos com o coelhinho... Ó, o que que é essa nuvem? Mano... NÃO! Nossa, ela joga! Caraca! Coen, a nuvem verde joga! Meu Deus, vou largar o coelho! Ah, meu Deus do céu! Eu ia te falar exatamente isso, tá? Algumas nuvens, elas jogam pro lado ou pra cima! Eu acho que agora a gente descobriu que a verde joga pro lado! Eu vou aproveitar o seguinte, galera! Eu vou deixar todos os itens que são do mundo normal, ou seja, né? Do Minecraft tradicional... Entra aqui do baú e vou jogar agora somente com as coisas desse mundo! Até a minha espada tá ficando pra trás, coelhinho! Porque aqui é sobrevivência nova!""",Avaliador_B,Avaliador_D
7,"Mas o nosso irmão ta doido O que será que aconteceu, mami? Não sei, Lucas, será que ele jogou muito esse jogo? E ele ta preso aqui agora? Isso é Peck Peck, é você? Eu deveria segui-lo Eu acho que ele é um youtuber E ficou aqui Que isso gente, ele vai me pegar? Ele vai me pegar? Me pegou, mami O que é isso, Lucas? Ele ta comendo Filha, volta Ele tem a cabeça atrás O que é pra fazer, Lucas? Mami, aqui você tem que encontrar uma chave Enquanto você foge dele É isso, mami? Meu Deus, ele fica xingando Parece que é estúpido Dumb, pior não ser feio Nossa, você é?",0.1592167615890503,0.8113458156585693,0.0294374041259288,NEU,0.9424899220466614,0.009498082101345,0.0625716298818588,0.0084222666919231,0.0732223913073539,0.0037235957570374,0.0141183920204639,0.42349213,Luluca Games,Roblox,Roblox - ESCAPAMOS DA MENTE DO BONECO PACKSTABBER Mind of Packstabber Obby  Luluca Games [zWMUXcVGGsc],0.1592165976762771,T,T,T,"🎬 Canal: Luluca Games | 🎥 Vídeo: Roblox - ESCAPAMOS DA MENTE DO BONECO PACKSTABBER Mind of Packstabber Obby  Luluca Games [zWMUXcVGGsc]
⏱️ Segmento/Index: 7
──────────────────────────────────────────────────
Fala transcrita:
""Mas o nosso irmão ta doido O que será que aconteceu, mami? Não sei, Lucas, será que ele jogou muito esse jogo? E ele ta preso aqui agora? Isso é Peck Peck, é você? Eu deveria segui-lo Eu acho que ele é um youtuber E ficou aqui Que isso gente, ele vai me pegar? Ele vai me pegar? Me pegou, mami O que é isso, Lucas? Ele ta comendo Filha, volta Ele tem a cabeça atrás O que é pra fazer, Lucas? Mami, aqui você tem que encontrar uma chave Enquanto você foge dele É isso, mami? Meu Deus, ele fica xingando Parece que é estúpido Dumb, pior não ser feio Nossa, você é?""",Avaliador_B,Avaliador_D
12,"Vocês estão jogando um dinossauro ali? Devagar, devagar, devagar! Tem que ir bem devagar. Isso, mais um pouco. Tá rápido! Mais um pouco. Tem que ir devagar! Isso, mais um pouco. Mais, mais, mais, mais, mais, mais devagar! Pronto, agora não vai cair. Tá quebrando! Não tá quebrando não, Amandinha, para de fazer medo. Tá sim! É, conseguimos! Viu? Aí! Agora não vai mais quebrar, a gente vai conseguir chegar no final. É, o trem é intacto. Eu acho que não pode ficar muito rápido também lá na chegada, viu? Porque senão vai quebrar. Será que vai? Tá balançando! Não, eu vou ir com toda a velocidade no final. Não! Eu vou! Tá balançando! Tá balançando, gente, segura! Vai cair! Vai cair! Passo, não! Não vai cair, não. Eu vou rápido porque eu gosto de rápido. Vai cair, vai cair, vai cair, vai cair! Não, Sofia, ele é forte!",0.8706826567649841,0.1035110130906105,0.0258062649518251,NEG,0.0303709506988525,0.0004453654692042,0.0082641616463661,0.0002412631583865,0.0039523425512015,0.0089367302134633,0.0019405189668759,0.19219314,Lokis,Roblox,BURACO DE AREIA MOVEDIÇA  Roblox - Fall into Quicksand [IR1qt9ECV1s],,NT,NT,NT,"🎬 Canal: Lokis | 🎥 Vídeo: BURACO DE AREIA MOVEDIÇA  Roblox - Fall into Quicksand [IR1qt9ECV1s]
⏱️ Segmento/Index: 12
──────────────────────────────────────────────────
Fala transcrita:
""Vocês estão jogando um dinossauro ali? Devagar, devagar, devagar! Tem que ir bem devagar. Isso, mais um pouco. Tá rápido! Mais um pouco. Tem que ir devagar! Isso, mais um pouco. Mais, mais, mais, mais, mais, mais devagar! Pronto, agora não vai cair. Tá quebrando! Não tá quebrando não, Amandinha, para de fazer medo. Tá sim! É, conseguimos! Viu? Aí! Agora não vai mais quebrar, a gente vai conseguir chegar no final. É, o trem é intacto. Eu acho que não pode ficar muito rápido também lá na chegada, viu? Porque senão vai quebrar. Será que vai? Tá balançando! Não, eu vou ir com toda a velocidade no final. Não! Eu vou! Tá balançando! Tá balançando, gente, segura! Vai cair! Vai cair! Passo, não! Não vai cair, não. Eu vou rápido porque eu gosto de rápido. Vai cair, vai cair, vai cair, vai cair! Não, Sofia, ele é forte!""",Avaliador_B,Avaliador_D
0,"Hoje a gente tem que construir um labirinto. Eu sou o senhor banana, eu quero que vocês façam labirinto, mas primeiro um labirinto bem simples, mas o que ficar melhor ganha e eu que decido. Pode deixar senhor banana, a gente vai fazer um labirinto bem simples e bem bonito, e é claro que eu vou ganhar, tchau. Não, vai ganhar, quero ver só então, peraí senhor banana, já volto. É, calma que eu esqueci de fechar a porta, agora sim, tchau. Como a gente tem que começar com um labirinto simples galera, eu vou começar fazendo com um bloco de ouro. Então eu vou subir apenas uma estrutura aqui, eu acho que aqui vai ser o começo do labirinto. Já sei o que eu vou fazer, vou pegar uma cerquinha aqui, vou fazer isso aqui e essa cerquinha vai indicar o início do labirinto, então o início ele é aqui, beleza? E eu vou fazer esse labirinto de ouro mano, então eu já vou fazer a passagem certa aqui. Então vou começar fazendo uma coisa doida assim, bem enroscada, mas também não pode ser muito grande né galera, que o primeiro labirinto é bem tranquilo. Então eu acho que essa aqui vai ser a saída e beleza.",0.0615694299340248,0.5081639289855957,0.4302666187286377,NEU,0.0052056848071515,0.0052127344533801,0.0402316451072692,0.0052702957764267,0.0363437533378601,0.0028443604242056,0.0014840128133073,0.18744208,Kass e KR,Minecraft,LABIRINTO de R1 vs LABIRINTO de R1.000.00000 no minecraft [PB1ZqATaxmc],,NT,NT,NT,"🎬 Canal: Kass e KR | 🎥 Vídeo: LABIRINTO de R1 vs LABIRINTO de R1.000.00000 no minecraft [PB1ZqATaxmc]
⏱️ Segmento/Index: 0
──────────────────────────────────────────────────
Fala transcrita:
""Hoje a gente tem que construir um labirinto. Eu sou o senhor banana, eu quero que vocês façam labirinto, mas primeiro um labirinto bem simples, mas o que ficar melhor ganha e eu que decido. Pode deixar senhor banana, a gente vai fazer um labirinto bem simples e bem bonito, e é claro que eu vou ganhar, tchau. Não, vai ganhar, quero ver só então, peraí senhor banana, já volto. É, calma que eu esqueci de fechar a porta, agora sim, tchau. Como a gente tem que começar com um labirinto simples galera, eu vou começar fazendo com um bloco de ouro. Então eu vou subir apenas uma estrutura aqui, eu acho que aqui vai ser o começo do labirinto. Já sei o que eu vou fazer, vou pegar uma cerquinha aqui, vou fazer isso aqui e essa cerquinha vai indicar o início do labirinto, então o início ele é aqui, beleza? E eu vou fazer esse labirinto de ouro mano, então eu já vou fazer a passagem certa aqui. Então vou começar fazendo uma coisa doida assim, bem enroscada, mas também não pode ser muito grande né galera, que o primeiro labirinto é bem tranquilo. Então eu acho que essa aqui vai ser a saída e beleza.""",Avaliador_B,Avaliador_D
14,"Porque todo mundo tá com a molinha, né? Tá com a molinha! Eu não tava! A mantinha, agora você aperta a parede! Tá bom! Olha! Agora eu acho que é uma florestinha! Uma florestinha! Olha, dá pra subir! Será que a gente consegue chegar no topo da florestinha com as nuvens? Eu acho que sim! Eu tô subindo a florestinha! 1, 2, 3, 4, 5... Cheguei! Cheguei na florestinha! Loquinho, Loquinho, Loquinho, campeão! Agora eu acho que eu vou... Gente, Tsunami! Tsunami! Sobe, sobe, sobe! Vai rápido! Sobe, sobe, sobe, sobe! Sobe, sobe, sobe, sobe! Sobe, sobe, sobe, sobe! Eu quero ficar na outra! Na outra? Amantinha, que que você vai fazer, Amantinha? Aperta! Quem mandou você fazer essa maldita, Amantinha? Você não viu que tinha um Tsunami do tamanho do mundo chegando, Amantinha?",0.0542103350162506,0.8440735340118408,0.1017160788178443,NEU,0.5829259753227234,0.0021273728925734,0.3329017758369446,0.0012143556959927,0.0451033078134059,0.0030629932880401,0.0030589811503887,0.20839658,Lokis,Roblox,CABEÇÃO AMARELINHO  Roblox [LGC0YFJjUy8],,GZ,GZ,GZ,"🎬 Canal: Lokis | 🎥 Vídeo: CABEÇÃO AMARELINHO  Roblox [LGC0YFJjUy8]
⏱️ Segmento/Index: 14
──────────────────────────────────────────────────
Fala transcrita:
""Porque todo mundo tá com a molinha, né? Tá com a molinha! Eu não tava! A mantinha, agora você aperta a parede! Tá bom! Olha! Agora eu acho que é uma florestinha! Uma florestinha! Olha, dá pra subir! Será que a gente consegue chegar no topo da florestinha com as nuvens? Eu acho que sim! Eu tô subindo a florestinha! 1, 2, 3, 4, 5... Cheguei! Cheguei na florestinha! Loquinho, Loquinho, Loquinho, campeão! Agora eu acho que eu vou... Gente, Tsunami! Tsunami! Sobe, sobe, sobe! Vai rápido! Sobe, sobe, sobe, sobe! Sobe, sobe, sobe, sobe! Sobe, sobe, sobe, sobe! Eu quero ficar na outra! Na outra? Amantinha, que que você vai fazer, Amantinha? Aperta! Quem mandou você fazer essa maldita, Amantinha? Você não viu que tinha um Tsunami do tamanho do mundo chegando, Amantinha?""",Avaliador_B,Avaliador_D
5,"Como o terror... Pera aí. O Nub errou um pulo de um bloco, esse bloco ele veio. Ele errou isso. Nossa... Não, pô, é o leg, é o leg. Pera aí, deixa eu fazer uma baliza aqui, pera aí. Ué, como é que nem saiu do bot? A graminha alta. Nossa, mano, essa graminha tá acabando com tudo. Eita, gente, vocês viram que eu pisei na grama? Eita, eu tô de hack. Não, tá tudo longe, tá voltando aí. Mano, eu pisei na grama aqui, véi. Só que tipo assim, só na quilinha, mas eu pisei. Deixa eu ver se eu consigo ficar na quilinha da grama então. Tá, tenta aí. Zumbi, zumbi, zumbi, zumbi. Nossa, eu esqueci que eu não posso pisar na grama. Eu esqueci, velho. Vem cá pra caverninha, olha o que tá acontecendo aqui, véi. Eu tô lutando com o zumbi, calma aí. Mano, eu tô literalmente em cima da grama, véi. Ele tá lutando com o irmão dele, o zumbizinho. Ah, não. Ai, ai.",0.6502140164375305,0.3201394379138946,0.0296465251594781,NEG,0.2166660577058792,0.0012479786528274,0.0248396098613739,0.0018684194656088,0.0547195933759212,0.009444891475141,0.005093574989587,0.38601747,Geleia,Minecraft,minecraft mas você NÃO PODE TOCAR NA GRAMA [c0gmy8glSjs],,GZ,GZ,GZ,"🎬 Canal: Geleia | 🎥 Vídeo: minecraft mas você NÃO PODE TOCAR NA GRAMA [c0gmy8glSjs]
⏱️ Segmento/Index: 5
──────────────────────────────────────────────────
Fala transcrita:
""Como o terror... Pera aí. O Nub errou um pulo de um bloco, esse bloco ele veio. Ele errou isso. Nossa... Não, pô, é o leg, é o leg. Pera aí, deixa eu fazer uma baliza aqui, pera aí. Ué, como é que nem saiu do bot? A graminha alta. Nossa, mano, essa graminha tá acabando com tudo. Eita, gente, vocês viram que eu pisei na grama? Eita, eu tô de hack. Não, tá tudo longe, tá voltando aí. Mano, eu pisei na grama aqui, véi. Só que tipo assim, só na quilinha, mas eu pisei. Deixa eu ver se eu consigo ficar na quilinha da grama então. Tá, tenta aí. Zumbi, zumbi, zumbi, zumbi. Nossa, eu esqueci que eu não posso pisar na grama. Eu esqueci, velho. Vem cá pra caverninha, olha o que tá acontecendo aqui, véi. Eu tô lutando com o zumbi, calma aí. Mano, eu tô literalmente em cima da grama, véi. Ele tá lutando com o irmão dele, o zumbizinho. Ah, não. Ai, ai.""",Avaliador_B,Avaliador_D
1,"E, galera, meu objetivo é chegarmos ali em cima juntos pra conseguirmos levar o nosso guarda que tá lá na base ali pra cima, velho, porque não tem como, galera. Ele tá atrapalhando o churrasco, atrapalhando a nossa Xepa, filho. Tem como nada acontecer mais, né, Imarô? Ó, pessoal, o que a gente vai precisar é de um pouco de bloco pra tentar chegar lá no topo daquela ilha, porque eu quero muito, família, ver o que tem ali em cima. Lembrando, se vocês estão gostando da nossa série de Minecraft temporada de caça, cara, não se esquece de deixar um joinha nesse vídeo, de se inscrever aqui no canal. Tamo mano, Authentic Games, que ajuda muito a nossa família a continuar crescendo a cada dia mais, né, Iagão? Nossa, que susto! Ajuda muita família, então vamos lá. O que aconteceu? Eu peguei bloco aqui, ó, tá pegando uns bloquinhos aqui. Imarô, você vai ficar aí embaixo fazendo churrasco, filho? Ah, filho, você quer que eu vá junto? Você quer que eu leve meus treinos lá pra cima? Imarô, velho, você já sabe a resposta, né, velho, ó. Eu vou subindo aqui, galera, deixa eu aproveitar que, ó, jogar o nosso grappling hook aqui em cima. Opa, opa, opa, mano.",0.2754141986370086,0.6419560313224792,0.0826297923922538,NEU,0.0371278449892997,0.0013267309404909,0.0165266580879688,0.0011940286494791,0.0178443845361471,0.0016126796836033,0.0040429667569696,0.1460314,AuthenticGames,Minecraft,CASA DO GUARDIAN NO MINECRAFT - Minecraft Temporada de Caça EP.09 [HTa3xiNN03E],,NT,NT,NT,"🎬 Canal: AuthenticGames | 🎥 Vídeo: CASA DO GUARDIAN NO MINECRAFT - Minecraft Temporada de Caça EP.09 [HTa3xiNN03E]
⏱️ Segmento/Index: 1
──────────────────────────────────────────────────
Fala transcrita:
""E, galera, meu objetivo é chegarmos ali em cima juntos pra conseguirmos levar o nosso guarda que tá lá na base ali pra cima, velho, porque não tem como, galera. Ele tá atrapalhando o churrasco, atrapalhando a nossa Xepa, filho. Tem como nada acontecer mais, né, Imarô? Ó, pessoal, o que a gente vai precisar é de um pouco de bloco pra tentar chegar lá no topo daquela ilha, porque eu quero muito, família, ver o que tem ali em cima. Lembrando, se vocês estão gostando da nossa série de Minecraft temporada de caça, cara, não se esquece de deixar um joinha nesse vídeo, de se inscrever aqui no canal. Tamo mano, Authentic Games, que ajuda muito a nossa família a continuar crescendo a cada dia mais, né, Iagão? Nossa, que susto! Ajuda muita família, então vamos lá. O que aconteceu? Eu peguei bloco aqui, ó, tá pegando uns bloquinhos aqui. Imarô, você vai ficar aí embaixo fazendo churrasco, filho? Ah, filho, você quer que eu vá junto? Você quer que eu leve meus treinos lá pra cima? Imarô, velho, você já sabe a resposta, né, velho, ó. Eu vou subindo aqui, galera, deixa eu aproveitar que, ó, jogar o nosso grappling hook aqui em cima. Opa, opa, opa, mano.""",Avaliador_B,Avaliador_D
1,"Então, vamos embora aqui, a gente tem que pegar bastante madeira aqui, aí a gente constrói umas pontes e algumas coisas assim, entendeu? Pra gente sobreviver, é só isso. Ah, tá bom, é simples. Tá bom não, daqui a pouco vocês vão ver só. Parece fácil. Só parece mesmo, não, ela é bem difícil, viu? Mas é melhor a gente pegar a pedra então, porque a madeira vai queimar, não é? Não, mas eu tirei o firetick, é porque se botar o firetick o firetick... Ah, boa. Trava muito, entendeu? E aí vai ficar muito... É, porque vai pegar uma... E aí ela já tá aqui, mano! Nossa, mas ela já tá aqui em cima! O que? A lava já está aqui em cima! Não, é porque você desceu muito! Não, não, não, é aqui em cima mesmo! Aonde? Aqui em cima e aqui embaixo mesmo. Mano, mas cadê a lava que eu não tô vendo? Eu também não, acho que tá mentindo pra mim. Ah, vocês já vão ver... Vocês já acham que eu tô mentindo? Tá bom, já espera aí então, vocês vão ver... Já, já, eu vou sair daqui... Ah, já vou morrer, já vou morrer! Não, não, não, não, não! Eu não posso morrer, eu não posso morrer!",0.4548926651477813,0.4928657114505768,0.0522417016327381,NEU,0.2678537368774414,0.0026696065906435,0.0465605445206165,0.000714911147952,0.0165883228182792,0.0170914605259895,0.0026158541440963,0.20973456,Kass e KR,Minecraft,A LAVA SOBE A CADA 15 SEGUNDOS NO MINECRAFT Part. MultiGirlBr  N0ylan [p3Xw2OlpJl8],,GZ,GZ,GZ,"🎬 Canal: Kass e KR | 🎥 Vídeo: A LAVA SOBE A CADA 15 SEGUNDOS NO MINECRAFT Part. MultiGirlBr  N0ylan [p3Xw2OlpJl8]
⏱️ Segmento/Index: 1
──────────────────────────────────────────────────
Fala transcrita:
""Então, vamos embora aqui, a gente tem que pegar bastante madeira aqui, aí a gente constrói umas pontes e algumas coisas assim, entendeu? Pra gente sobreviver, é só isso. Ah, tá bom, é simples. Tá bom não, daqui a pouco vocês vão ver só. Parece fácil. Só parece mesmo, não, ela é bem difícil, viu? Mas é melhor a gente pegar a pedra então, porque a madeira vai queimar, não é? Não, mas eu tirei o firetick, é porque se botar o firetick o firetick... Ah, boa. Trava muito, entendeu? E aí vai ficar muito... É, porque vai pegar uma... E aí ela já tá aqui, mano! Nossa, mas ela já tá aqui em cima! O que? A lava já está aqui em cima! Não, é porque você desceu muito! Não, não, não, é aqui em cima mesmo! Aonde? Aqui em cima e aqui embaixo mesmo. Mano, mas cadê a lava que eu não tô vendo? Eu também não, acho que tá mentindo pra mim. Ah, vocês já vão ver... Vocês já acham que eu tô mentindo? Tá bom, já espera aí então, vocês vão ver... Já, já, eu vou sair daqui... Ah, já vou morrer, já vou morrer! Não, não, não, não, não! Eu não posso morrer, eu não posso morrer!""",Avaliador_B,Avaliador_D
0,"JP eu não acredito que a gente encontrou o McFly gigante de Lucky Block É isso é incrível e o mais engraçado é que até com os blocos da sorte ou do azar você continua mais cabeçudo do que nunca Ó e se você continuar falando essa bobagem eu vou pedir pro McFly gigante esmagar Ô calminha aí eu não tô falando bobagem coisa nenhuma tá todo mundo vendo o tamanho do seu cabeção E eu acho que essa nossa aventura de hoje vai ser muito supimpa Nós temos a missão de quebrar esses Lucky Blocks e sobreviver até o final É JP só que eu só vou te ajudar a quebrar todos esses Lucky Blocks por uma condição Ai qual condição é essa hein seu cabeçudo Se todo mundo que estiver assistindo esse vídeo agora deixa o like, se inscrever no canal e ativa o sininho Ai então pra você me ajudar o pessoal tem que deixar muito like e se inscrever no canal e ativar o sininho Vocês escutaram o McFly do cabeção né opa ele vai ficar bravo cara mas eu não tô nem aí",0.0721225515007972,0.1573682874441146,0.7705091834068298,POS,0.2842918634414673,0.0051668561063706,0.0419385321438312,0.0046102371998131,0.0509948246181011,0.005689253564924,0.0059856786392629,0.3625127,JP Plays,Minecraft,SOBREVIVA AO DESAFIO DO MCFLY GIGANTE DE LUCKY BLOCK NO MINECRAFT [gqPx1urhETE],,GZ,GZ,GZ,"🎬 Canal: JP Plays | 🎥 Vídeo: SOBREVIVA AO DESAFIO DO MCFLY GIGANTE DE LUCKY BLOCK NO MINECRAFT [gqPx1urhETE]
⏱️ Segmento/Index: 0
──────────────────────────────────────────────────
Fala transcrita:
""JP eu não acredito que a gente encontrou o McFly gigante de Lucky Block É isso é incrível e o mais engraçado é que até com os blocos da sorte ou do azar você continua mais cabeçudo do que nunca Ó e se você continuar falando essa bobagem eu vou pedir pro McFly gigante esmagar Ô calminha aí eu não tô falando bobagem coisa nenhuma tá todo mundo vendo o tamanho do seu cabeção E eu acho que essa nossa aventura de hoje vai ser muito supimpa Nós temos a missão de quebrar esses Lucky Blocks e sobreviver até o final É JP só que eu só vou te ajudar a quebrar todos esses Lucky Blocks por uma condição Ai qual condição é essa hein seu cabeçudo Se todo mundo que estiver assistindo esse vídeo agora deixa o like, se inscrever no canal e ativa o sininho Ai então pra você me ajudar o pessoal tem que deixar muito like e se inscrever no canal e ativar o sininho Vocês escutaram o McFly do cabeção né opa ele vai ficar bravo cara mas eu não tô nem aí""",Avaliador_B,Avaliador_D
15,"Isso tava fora dos planos, mano. Meu Deus, foi sem querer. Agora a gente tem que arrumar mais trabalho, Caio. Tá indo o patinho, velho. Vamos lá falar com o villager pra ver se ele tem mais trabalho pra gente, então. Eu não tenho mais trabalho, não. Some daqui. Que isso? Que grosseria, cara. A gente tá comprando tanto que você, seu villager. Um diamante, um diamante. Eu dou dinheiro pra vocês. Tá bom, tá bom. Deixa o Ninho e o Nato falar. Ah, sai daqui logo. Ai, meu Deus do céu. Tá bom, desculpa. Hahaha! Credo, mano. Eu não vou voltar mais aqui nessa espeluca, não, viu? Esse villager tá muito chateado. Vou pegar minha bicicletinha e vou sair por aí sem o rumo também. Cadê a sua bica? Caramba, calma aí. Ai, não, peraí! Nunca consegue me pegar minha bicicletinha mais rápido que você. Não, eu consigo, só que eu parei, mano. Ah, tá. Mas agora eu pedia de pilotar minha bicicletinha, hein. Bicicletinha. Oh, mano. Vamos lá. A gente tem que pegar o diamante. A gente tem uma picareta super forte, velho.",0.7769635319709778,0.159253180027008,0.0637832880020141,NEG,0.3616773188114166,0.0019397736759856,0.058244302868843,0.0025728165637701,0.0812803655862808,0.0055392398498952,0.0171516425907611,0.3286776,Kass e KR,Minecraft,Minecraft de R100 vs R1.00000 [L7c2a8YM3w0],,GZ,GZ,GZ,"🎬 Canal: Kass e KR | 🎥 Vídeo: Minecraft de R100 vs R1.00000 [L7c2a8YM3w0]
⏱️ Segmento/Index: 15
──────────────────────────────────────────────────
Fala transcrita:
""Isso tava fora dos planos, mano. Meu Deus, foi sem querer. Agora a gente tem que arrumar mais trabalho, Caio. Tá indo o patinho, velho. Vamos lá falar com o villager pra ver se ele tem mais trabalho pra gente, então. Eu não tenho mais trabalho, não. Some daqui. Que isso? Que grosseria, cara. A gente tá comprando tanto que você, seu villager. Um diamante, um diamante. Eu dou dinheiro pra vocês. Tá bom, tá bom. Deixa o Ninho e o Nato falar. Ah, sai daqui logo. Ai, meu Deus do céu. Tá bom, desculpa. Hahaha! Credo, mano. Eu não vou voltar mais aqui nessa espeluca, não, viu? Esse villager tá muito chateado. Vou pegar minha bicicletinha e vou sair por aí sem o rumo também. Cadê a sua bica? Caramba, calma aí. Ai, não, peraí! Nunca consegue me pegar minha bicicletinha mais rápido que você. Não, eu consigo, só que eu parei, mano. Ah, tá. Mas agora eu pedia de pilotar minha bicicletinha, hein. Bicicletinha. Oh, mano. Vamos lá. A gente tem que pegar o diamante. A gente tem uma picareta super forte, velho.""",Avaliador_B,Avaliador_D
7,"Chegou a pig de novo Eu vou dar um tiro na pig de longe Gente, pronto, acho que foi meu tiro Eu acho que foi meu tiro que funcionou e fez ela ser destruída Mas eu vou esperar porque ela renasce bem aqui que ela renasce Então eu vou esperar aqui com a espada Porque quando ela renascer vai ser eu quem vai destruí-la Eu já estou cansada dessa história aí das pessoas me destruindo Eu que destruo a cabeça da pig está voando, gente Olha onde ela está indo para É uma bola rosa gigante Ela voltou Ela voltou e lá vou eu Lá vou eu Olha, estou dando espadada Eu acho que tiro é bem mais legal Acho que tiro ajuda a destruir bem mais Tá, mas tiro não dá para dar muitas vezes Opa, eu não tiro em outra pessoa É na pig Tá, também não pode encostar nela que já era Nossa, isso aqui é muito complicado para mim Eu não tenho capacidade Ai, agora a pig está funcionando Mas nunca funciona direito Eu estava tentando correr atrás das pessoas Só que as pessoas destroem primeiro É, gente Eu acho que esse jogo também não ia servir para ser um capítulo secreto da pig Eu acho que a gente vai ter que ir atrás de outro Esse está dizendo ser uma montanha russa de pig",0.4447651505470276,0.3622701168060303,0.1929647326469421,NEG,0.8587124347686768,0.0128208277747035,0.0528613924980163,0.0071725477464497,0.0429484583437442,0.0906782671809196,0.0171572305262088,0.4269174,Papile,Roblox,DESCOBRI UM MAPA SECRETO DA PIGGY DO ROBLOX INACREDITÁVEL [_wyPyan5mDY],,T,T,T,"🎬 Canal: Papile | 🎥 Vídeo: DESCOBRI UM MAPA SECRETO DA PIGGY DO ROBLOX INACREDITÁVEL [_wyPyan5mDY]
⏱️ Segmento/Index: 7
──────────────────────────────────────────────────
Fala transcrita:
""Chegou a pig de novo Eu vou dar um tiro na pig de longe Gente, pronto, acho que foi meu tiro Eu acho que foi meu tiro que funcionou e fez ela ser destruída Mas eu vou esperar porque ela renasce bem aqui que ela renasce Então eu vou esperar aqui com a espada Porque quando ela renascer vai ser eu quem vai destruí-la Eu já estou cansada dessa história aí das pessoas me destruindo Eu que destruo a cabeça da pig está voando, gente Olha onde ela está indo para É uma bola rosa gigante Ela voltou Ela voltou e lá vou eu Lá vou eu Olha, estou dando espadada Eu acho que tiro é bem mais legal Acho que tiro ajuda a destruir bem mais Tá, mas tiro não dá para dar muitas vezes Opa, eu não tiro em outra pessoa É na pig Tá, também não pode encostar nela que já era Nossa, isso aqui é muito complicado para mim Eu não tenho capacidade Ai, agora a pig está funcionando Mas nunca funciona direito Eu estava tentando correr atrás das pessoas Só que as pessoas destroem primeiro É, gente Eu acho que esse jogo também não ia servir para ser um capítulo secreto da pig Eu acho que a gente vai ter que ir atrás de outro Esse está dizendo ser uma montanha russa de pig""",Avaliador_B,Avaliador_D
46,"Você só tá andando. Você foi embora? Você me largou? Eu fui fazer um teste, né, velho. Eu fui fazer um teste rapidamente rápido. Nossa, eu saí do jogo. Pô, Rimaro, o que você acha de a gente jogar um Mucky, velho? Cara, eu acho que ia ser massa, hein. Nós já evoluímos muito aqui, né, no Bendy. Galera, esse mapa do Bendy é muito legal, muito fera. Eu queria só deixar aqui, ó, agradecer. Todo mundo tá na live, a gente vai jogar Mucky. Bota a gente no chat ali. Deixa pra que a galera tá falando, Matheusão. Show the bolas. Show the bolas. Show the bolas. Aquele Muckyzinho de leve, galera. Pô. Bora, mano. Pô, Bendy aqui. A gente tem que sobreviver mais no Mucky, né, meu? A gente tava ruim nesse... Galera, esses dias a gente fez uma live jogando Mucky, velho. O jogo é muito diferente. Muito, muito, muito diferente. A Julia falou assim, ó, tem gente que te amo.",0.0673594623804092,0.862084150314331,0.0705563426017761,NEU,0.2124793380498886,0.004303045105189,0.0368118956685066,0.0039241355843842,0.0379954390227794,0.0023795200977474,0.0154239730909466,0.29953843,AuthenticGames,Minecraft,AUTHENTICGAMES VIROU o BEN 10 no MINECRAFT - Livestream [38hilB0RKrU],,GZ,GZ,GZ,"🎬 Canal: AuthenticGames | 🎥 Vídeo: AUTHENTICGAMES VIROU o BEN 10 no MINECRAFT - Livestream [38hilB0RKrU]
⏱️ Segmento/Index: 46
──────────────────────────────────────────────────
Fala transcrita:
""Você só tá andando. Você foi embora? Você me largou? Eu fui fazer um teste, né, velho. Eu fui fazer um teste rapidamente rápido. Nossa, eu saí do jogo. Pô, Rimaro, o que você acha de a gente jogar um Mucky, velho? Cara, eu acho que ia ser massa, hein. Nós já evoluímos muito aqui, né, no Bendy. Galera, esse mapa do Bendy é muito legal, muito fera. Eu queria só deixar aqui, ó, agradecer. Todo mundo tá na live, a gente vai jogar Mucky. Bota a gente no chat ali. Deixa pra que a galera tá falando, Matheusão. Show the bolas. Show the bolas. Show the bolas. Aquele Muckyzinho de leve, galera. Pô. Bora, mano. Pô, Bendy aqui. A gente tem que sobreviver mais no Mucky, né, meu? A gente tava ruim nesse... Galera, esses dias a gente fez uma live jogando Mucky, velho. O jogo é muito diferente. Muito, muito, muito diferente. A Julia falou assim, ó, tem gente que te amo.""",Avaliador_B,Avaliador_D
9,"É uma tartaruga ninja! Tchum! Essa é uma tatatata! Ela pula alto, ela corre rápido, ela faz tudo rápido, porque ela é uma tartaruga! Quem é isso que tu dá? Eu sou o Flash! É muito rápido! Carrega a gente lá, que sacasca gigante! Não, eu vou usar a minha velocidade pra eu pegar todas as frutinhas do mapa! Ah! Deixem um pouquinho! Deixem um pouquinho pra gente! Estou pegando todas as frutinhas do mapa e estou ficando muito forte! Compra, compra, compra! E eu já estou nível 118, será que eu vou conseguir chegar no nível 122? Será que eu vou? O que será que tem lá? Vamos ver, hein gente, vamos ver! Eu estou bem aqui! Oi, Sofia! Oi! Oi, me carrega, vai! Você quer ver eu virando uma outra tartaruga? Sim! Agora eu sou uma tartaruga vermelha!",0.0317195877432823,0.4828140437602997,0.4854663610458374,POS,0.7462400794029236,0.0060348035767674,0.0734010189771652,0.0054743681102991,0.0576973147690296,0.0076935170218348,0.0102129150182008,0.3250515,Lokis,Roblox,INSETO TARTARUGA MUTANTE  Roblox - Little World [EpadU65OYdI],,GZ,GZ,GZ,"🎬 Canal: Lokis | 🎥 Vídeo: INSETO TARTARUGA MUTANTE  Roblox - Little World [EpadU65OYdI]
⏱️ Segmento/Index: 9
──────────────────────────────────────────────────
Fala transcrita:
""É uma tartaruga ninja! Tchum! Essa é uma tatatata! Ela pula alto, ela corre rápido, ela faz tudo rápido, porque ela é uma tartaruga! Quem é isso que tu dá? Eu sou o Flash! É muito rápido! Carrega a gente lá, que sacasca gigante! Não, eu vou usar a minha velocidade pra eu pegar todas as frutinhas do mapa! Ah! Deixem um pouquinho! Deixem um pouquinho pra gente! Estou pegando todas as frutinhas do mapa e estou ficando muito forte! Compra, compra, compra! E eu já estou nível 118, será que eu vou conseguir chegar no nível 122? Será que eu vou? O que será que tem lá? Vamos ver, hein gente, vamos ver! Eu estou bem aqui! Oi, Sofia! Oi! Oi, me carrega, vai! Você quer ver eu virando uma outra tartaruga? Sim! Agora eu sou uma tartaruga vermelha!""",Avaliador_B,Avaliador_D
8,"Senta na cadeira, McFly Eita, eita McFly, me que foda Que demais, que demais Que da hora, eu quero estar indo também, eu vou comprar uma pra mim, pera, eu vou comprar uma pra mim e vou alcançar ele, pessoal, vou alcançar ele Opa! Me vê mais uma cadeira, me vê, vamos apostar uma corrida de pau que eu já te vi, seu, agora Eita, pera, você tá bem, McFly Ah, tá, mas eu volto devagarzinho Volto devagarzinho, tá, então vamos lá Cadê uma, pera aí, pera aí Pera, eu comprei aqui uma pra você, ó, vamos apostar uma, eita, tem três agora Vamos apostar três, tá Eu vou nessa daqui, ó, que você colocou, você vai na outra, vai, aciona a sua Eu aciono a sua e você aciona a minha Tá, um, dois, três e... Aciona! Beleza, beleza Monta na cadeira e vamos decolar, pessoal Os fogos é difícil Opa, tô ganhando Tá estourando fogos é difícil, meu Deus do céu, tá subindo Tá subindo muito alto, hum, que loucura Olha, pra ver, eu tô na selha inteira, tô indo, tá na Disney aqui mesmo Ai, caí Ah, tem amortecedor ainda por cima Tô me sentindo na Disney mesmo, que legal, tudo perseguro Não tem um filme que alguém saiu voando na cadeira Acho que é o Cucu me supando, hein Acho que é, não lembro agora, ó, vamos ver esse aqui De arco-íris, esse aqui também deve ser legal, porque é grandão, né Vamos ver, tá subindo, tá subindo, tá subindo, tá subi...",0.0705064237117767,0.6307862401008606,0.2987073063850403,NEU,0.9102861285209656,0.016941487789154,0.0755981877446174,0.0080449758097529,0.062796451151371,0.0059526432305574,0.0869652777910232,0.52007306,JP Plays,Minecraft,COMO USAR OS NOVOS ITENS ADICIONADOS NO MINECRAFT [QvZyBcOUFyM],,T,T,T,"🎬 Canal: JP Plays | 🎥 Vídeo: COMO USAR OS NOVOS ITENS ADICIONADOS NO MINECRAFT [QvZyBcOUFyM]
⏱️ Segmento/Index: 8
──────────────────────────────────────────────────
Fala transcrita:
""Senta na cadeira, McFly Eita, eita McFly, me que foda Que demais, que demais Que da hora, eu quero estar indo também, eu vou comprar uma pra mim, pera, eu vou comprar uma pra mim e vou alcançar ele, pessoal, vou alcançar ele Opa! Me vê mais uma cadeira, me vê, vamos apostar uma corrida de pau que eu já te vi, seu, agora Eita, pera, você tá bem, McFly Ah, tá, mas eu volto devagarzinho Volto devagarzinho, tá, então vamos lá Cadê uma, pera aí, pera aí Pera, eu comprei aqui uma pra você, ó, vamos apostar uma, eita, tem três agora Vamos apostar três, tá Eu vou nessa daqui, ó, que você colocou, você vai na outra, vai, aciona a sua Eu aciono a sua e você aciona a minha Tá, um, dois, três e... Aciona! Beleza, beleza Monta na cadeira e vamos decolar, pessoal Os fogos é difícil Opa, tô ganhando Tá estourando fogos é difícil, meu Deus do céu, tá subindo Tá subindo muito alto, hum, que loucura Olha, pra ver, eu tô na selha inteira, tô indo, tá na Disney aqui mesmo Ai, caí Ah, tem amortecedor ainda por cima Tô me sentindo na Disney mesmo, que legal, tudo perseguro Não tem um filme que alguém saiu voando na cadeira Acho que é o Cucu me supando, hein Acho que é, não lembro agora, ó, vamos ver esse aqui De arco-íris, esse aqui também deve ser legal, porque é grandão, né Vamos ver, tá subindo, tá subindo, tá subindo, tá subi...""",Avaliador_B,Avaliador_D
1,"A gente tá no parque de diversões, pessoal Acho que esse mapa é novo É novo, é novo Muito massa Opa, tem uma pessoa comprando ingresso... Ah, morri A que está amando? Ai, pai! Eu spawnei do teu lado, Jú Não! Que isso, menina? Eu spawnei do lado da Jú Ai, meu Deus, eu só tô morrendo, gente Oi, eu tô usando o meu... Nossa, que isso Eu tô usando uma arminha que é duas, sabe? Daí sai de duas balas Ah, daí não vale, daí não vale Júlia! Aí, ó, mãe, cadê as suas arminhas? Júlia! Cadê as suas arminhas? Minhas arminhas? Já vou te mostrar as minhas arminhas Quer saber? Deu de brincadeira agora Ah, eu tô com um Você não tava jogando sério?",0.0597814284265041,0.2906347215175628,0.6495838165283203,POS,0.2827126383781433,0.0027680392377078,0.0362143367528915,0.0027912599034607,0.0352011024951934,0.0040024332702159,0.0085783936083316,0.36456755,Julia MineGirl,Roblox,Roblox - PAINTBALL NO PARQUE DE DIVERSÕES Big Paintball [lTqVt0XM9Ug],,GZ,GZ,GZ,"🎬 Canal: Julia MineGirl | 🎥 Vídeo: Roblox - PAINTBALL NO PARQUE DE DIVERSÕES Big Paintball [lTqVt0XM9Ug]
⏱️ Segmento/Index: 1
──────────────────────────────────────────────────
Fala transcrita:
""A gente tá no parque de diversões, pessoal Acho que esse mapa é novo É novo, é novo Muito massa Opa, tem uma pessoa comprando ingresso... Ah, morri A que está amando? Ai, pai! Eu spawnei do teu lado, Jú Não! Que isso, menina? Eu spawnei do lado da Jú Ai, meu Deus, eu só tô morrendo, gente Oi, eu tô usando o meu... Nossa, que isso Eu tô usando uma arminha que é duas, sabe? Daí sai de duas balas Ah, daí não vale, daí não vale Júlia! Aí, ó, mãe, cadê as suas arminhas? Júlia! Cadê as suas arminhas? Minhas arminhas? Já vou te mostrar as minhas arminhas Quer saber? Deu de brincadeira agora Ah, eu tô com um Você não tava jogando sério?""",Avaliador_B,Avaliador_D
4,"Comentem ai embaixo uma nota de 0 a 10 pra Zizi que eu me transformei Eu gostei muito, achei que tá bem parecido e vocês? E agora a gente vai jogar Pig vestidos de Zizi, mas eu estou com uma curiosidade Será que existe algum jogo da Zizi aqui no Roblox? Vamos ver aqui em jogos, vamos observar e tem gente, tem vários jogos aqui que a Zizi aparece Olha só, sobreviva a Zizi, tá mas não tem ninguém jogando, será que é bom jogar isso aqui?",0.0318371951580047,0.5094248652458191,0.4587379395961761,NEU,0.0021336094941943,0.0061011984944343,0.0406765565276145,0.0073052672669291,0.0406116843223571,0.0022261801641434,0.0012970546958968,0.06263174,Papile,Roblox,VIREI A ZIZZY PARA JOGAR PIGGY no ROBLOX [DS9ZOpjLt1A],,NT,NT,NT,"🎬 Canal: Papile | 🎥 Vídeo: VIREI A ZIZZY PARA JOGAR PIGGY no ROBLOX [DS9ZOpjLt1A]
⏱️ Segmento/Index: 4
──────────────────────────────────────────────────
Fala transcrita:
""Comentem ai embaixo uma nota de 0 a 10 pra Zizi que eu me transformei Eu gostei muito, achei que tá bem parecido e vocês? E agora a gente vai jogar Pig vestidos de Zizi, mas eu estou com uma curiosidade Será que existe algum jogo da Zizi aqui no Roblox? Vamos ver aqui em jogos, vamos observar e tem gente, tem vários jogos aqui que a Zizi aparece Olha só, sobreviva a Zizi, tá mas não tem ninguém jogando, será que é bom jogar isso aqui?""",Avaliador_B,Avaliador_D
56,"to fazendo ela agora pro pernambulo aqui é o paraíso dessa namoradinha, que isso, tem muita namoradinha tem muita namoradinha a tnt me nota, volta a gravar, um dia quero ser youtuber não sabia que galera mano essa é a pira, a galera acha que eu virei assim youtuber galera mano isso é a graça de deus família cara eu me pego altas vezes antes de dormir pensando, falando que doidura é essa mano você ta doido, que doidura é que eu tenho as minhas introspecções velho todo mundo tem um dia que tira eu gosto de introspectar eu falo caraca que brisa é essa que nós estamos vivendo e ai mano família nunca imaginei velho caraca que um dia eu ia ter um canal no youtube velho quando eu criei o meu canal família achei que era um, ia ser um negocinho que eu ia começar e ia acabar, pocão deus pra fazer a tnt? fiz três aqui aqui que mano multiplica porque eu já encontrei o bichão aqui velho vou começar a multiplicar eu vou ficar aqui em cima da madeira pra ele não comer meu pé bicho de pé, quem já teve bicho de pé na roça galera?",0.084476888179779,0.2666603922843933,0.6488626599311829,POS,0.6618209481239319,0.0069477255456149,0.0616409704089164,0.0093753430992364,0.0562654808163642,0.00415298063308,0.0420875400304794,0.37955463,AuthenticGames,Minecraft,ÁRVORE QUE MULTIPLICA MINÉRIOS  - Minecraft Orespawn 03 [SvtCFwsfkmM],,GZ,GZ,GZ,"🎬 Canal: AuthenticGames | 🎥 Vídeo: ÁRVORE QUE MULTIPLICA MINÉRIOS  - Minecraft Orespawn 03 [SvtCFwsfkmM]
⏱️ Segmento/Index: 56
──────────────────────────────────────────────────
Fala transcrita:
""to fazendo ela agora pro pernambulo aqui é o paraíso dessa namoradinha, que isso, tem muita namoradinha tem muita namoradinha a tnt me nota, volta a gravar, um dia quero ser youtuber não sabia que galera mano essa é a pira, a galera acha que eu virei assim youtuber galera mano isso é a graça de deus família cara eu me pego altas vezes antes de dormir pensando, falando que doidura é essa mano você ta doido, que doidura é que eu tenho as minhas introspecções velho todo mundo tem um dia que tira eu gosto de introspectar eu falo caraca que brisa é essa que nós estamos vivendo e ai mano família nunca imaginei velho caraca que um dia eu ia ter um canal no youtube velho quando eu criei o meu canal família achei que era um, ia ser um negocinho que eu ia começar e ia acabar, pocão deus pra fazer a tnt? fiz três aqui aqui que mano multiplica porque eu já encontrei o bichão aqui velho vou começar a multiplicar eu vou ficar aqui em cima da madeira pra ele não comer meu pé bicho de pé, quem já teve bicho de pé na roça galera?""",Avaliador_B,Avaliador_D
4,"Não gostei. E a Madinha, por que você tem um sapo na sua cabeça? Por quê? Porque eu gosto de sapo. Gosta de sapo, Madinha? Ai! Não gosta de sapo, não. Quando eu vejo um sapo, eu saio correndo, né? Eu saio correndo. E olha! Olha o que tem ali. É uma outra portinha, e ela fica saindo fumaça. Deve estar muito quente. Vamos abrir, abrir? Gente, é galinha de novo! Fica longe da galinha, não chega perto dela. Não, Madinha, fica longe da galinha. A Madinha fica longe. A galinha explodiu e pegou o nosso menino azulzinho. Oi, gente! Olha como o menininho azulzinho ficou! Olha lá que caiu a barriguinha dele do chão, gente! Ele quebrou! Eu acho que aquela galinha é uma galinha tão maluca quanto a porta. E agora a gente vai abrir a porta de novo. Abrir! Olha, gente, abrir. Gente, olha isso!",0.7703534960746765,0.2000056356191635,0.0296408887952566,NEG,0.3695442080497741,0.0009197022300213,0.0388272777199745,0.0022466711234301,0.151648923754692,0.0044874134473502,0.0059186527505517,0.2855005,Lokis,Roblox,DESAFIOS MALUCOS COM A PORTA SECRETA  Roblox - Horrific Doors [hQXKCHFF0B4],,GZ,GZ,GZ,"🎬 Canal: Lokis | 🎥 Vídeo: DESAFIOS MALUCOS COM A PORTA SECRETA  Roblox - Horrific Doors [hQXKCHFF0B4]
⏱️ Segmento/Index: 4
──────────────────────────────────────────────────
Fala transcrita:
""Não gostei. E a Madinha, por que você tem um sapo na sua cabeça? Por quê? Porque eu gosto de sapo. Gosta de sapo, Madinha? Ai! Não gosta de sapo, não. Quando eu vejo um sapo, eu saio correndo, né? Eu saio correndo. E olha! Olha o que tem ali. É uma outra portinha, e ela fica saindo fumaça. Deve estar muito quente. Vamos abrir, abrir? Gente, é galinha de novo! Fica longe da galinha, não chega perto dela. Não, Madinha, fica longe da galinha. A Madinha fica longe. A galinha explodiu e pegou o nosso menino azulzinho. Oi, gente! Olha como o menininho azulzinho ficou! Olha lá que caiu a barriguinha dele do chão, gente! Ele quebrou! Eu acho que aquela galinha é uma galinha tão maluca quanto a porta. E agora a gente vai abrir a porta de novo. Abrir! Olha, gente, abrir. Gente, olha isso!""",Avaliador_B,Avaliador_D
3,"Ah! Como que esse menino conseguiu essa arminha? Olha quem é uma arminha, eu quero uma arminha também. É a minha. É eu! O espetor... É você, amantinha! É eu! Mas de onde você conseguiu essa arminha, amantinha? Na caixa! Na caixa, amantinha? É! Eu quero também pra eu pegar o espetor. Todo mundo vem aqui, gente. O espetor tá parado, tá bom? O espetor, ele tá bem aqui em frente ao lugar. Vamos, vamos. É, tá todo mundo aqui perto de mim, tá todo mundo, tá? Sim, sim, sim. Agora eu tô correndo porque eu quero pegar a caixa. Eu vou pegar a caixa, depois vou pegar o espetor. Amantinha, você sabe virar o espetor? Eu não! Ah, não, amantinha, eu quero virar o espetor. Olha quem tá aqui, ó. Olha, uma esponja! Não, não, esponja não! É assim! Não, não! É assim! Não, porque a esponja, ele tem a cabeça quadrada e ele tem a cabeça amarela, e esse aqui tem a cabeça azul, e o esponja não tem cabeça azul, amantinha. É uma esponja, né?",0.079055406153202,0.6508191227912903,0.2701255083084106,NEU,0.2104130834341049,0.0045140483416616,0.0477585829794406,0.0028539721388369,0.0345265120267868,0.006029525771737,0.0108896186575293,0.33421695,Lokis,Roblox,CORRENDO DO INSPETOR MALUCO  Roblox - Subway Surfers [4YSmEdOX1AM],,GZ,GZ,GZ,"🎬 Canal: Lokis | 🎥 Vídeo: CORRENDO DO INSPETOR MALUCO  Roblox - Subway Surfers [4YSmEdOX1AM]
⏱️ Segmento/Index: 3
──────────────────────────────────────────────────
Fala transcrita:
""Ah! Como que esse menino conseguiu essa arminha? Olha quem é uma arminha, eu quero uma arminha também. É a minha. É eu! O espetor... É você, amantinha! É eu! Mas de onde você conseguiu essa arminha, amantinha? Na caixa! Na caixa, amantinha? É! Eu quero também pra eu pegar o espetor. Todo mundo vem aqui, gente. O espetor tá parado, tá bom? O espetor, ele tá bem aqui em frente ao lugar. Vamos, vamos. É, tá todo mundo aqui perto de mim, tá todo mundo, tá? Sim, sim, sim. Agora eu tô correndo porque eu quero pegar a caixa. Eu vou pegar a caixa, depois vou pegar o espetor. Amantinha, você sabe virar o espetor? Eu não! Ah, não, amantinha, eu quero virar o espetor. Olha quem tá aqui, ó. Olha, uma esponja! Não, não, esponja não! É assim! Não, não! É assim! Não, porque a esponja, ele tem a cabeça quadrada e ele tem a cabeça amarela, e esse aqui tem a cabeça azul, e o esponja não tem cabeça azul, amantinha. É uma esponja, né?""",Avaliador_B,Avaliador_D
2,"E agora, seu zumbi, nós vamos fazer um túnel de três nibs, de Nub, de Pro e de Hacker! Oh, isso vai ser maravilhoso! Tomamos a obra, Caer! Vamos lá, meu amigo! A primeira coisa que eu fiz com o meu machadinho mágico foi esse túnel gigante aqui! Agora tudo que a gente vai precisar é tapar esses buracos aqui, Caer, me ajuda! Eu não, vou deixar você se virar! Brincadeira, vou te ajudar! Eu, hein? E agora eu dividi ele em três camadas. O nível Nub, que é de terrinha, o nível Pro, que é de diamante, e o nível Bedrock, que é de Hacker! Ficou muito bonito! Então, eu vou construir o lado do Nub e você construir o do Pro, pode ser? Bom, beleza! E aí, o do Hacker, a gente constrói junto! Show de bola então, meu amigo! Usa bastante armadilha, hein? Com certeza! Deixa comigo! Então, vamos lá começar o nosso desafio! O que eu vou fazer aqui é começar com esses negocinhos de fogos aqui, que são, na verdade, atiradoras de fogos. E eu vou deixar bem aqui desse jeito. Aqui em cima, eu vou encher de fogos. Eu coloquei um baú aqui e eu preciso encher esse baú de fogos.",0.0110860168933868,0.1059632375836372,0.8829507827758789,POS,0.6072555184364319,0.010064922273159,0.0567159764468669,0.0059338929131627,0.045398186892271,0.0319054313004016,0.0116235949099063,0.37751234,Kass e KR,Minecraft,TUNEL de NOOB PRO e HACKER no  Minecraft [dlug1Mx6-TA],,GZ,GZ,GZ,"🎬 Canal: Kass e KR | 🎥 Vídeo: TUNEL de NOOB PRO e HACKER no  Minecraft [dlug1Mx6-TA]
⏱️ Segmento/Index: 2
──────────────────────────────────────────────────
Fala transcrita:
""E agora, seu zumbi, nós vamos fazer um túnel de três nibs, de Nub, de Pro e de Hacker! Oh, isso vai ser maravilhoso! Tomamos a obra, Caer! Vamos lá, meu amigo! A primeira coisa que eu fiz com o meu machadinho mágico foi esse túnel gigante aqui! Agora tudo que a gente vai precisar é tapar esses buracos aqui, Caer, me ajuda! Eu não, vou deixar você se virar! Brincadeira, vou te ajudar! Eu, hein? E agora eu dividi ele em três camadas. O nível Nub, que é de terrinha, o nível Pro, que é de diamante, e o nível Bedrock, que é de Hacker! Ficou muito bonito! Então, eu vou construir o lado do Nub e você construir o do Pro, pode ser? Bom, beleza! E aí, o do Hacker, a gente constrói junto! Show de bola então, meu amigo! Usa bastante armadilha, hein? Com certeza! Deixa comigo! Então, vamos lá começar o nosso desafio! O que eu vou fazer aqui é começar com esses negocinhos de fogos aqui, que são, na verdade, atiradoras de fogos. E eu vou deixar bem aqui desse jeito. Aqui em cima, eu vou encher de fogos. Eu coloquei um baú aqui e eu preciso encher esse baú de fogos.""",Avaliador_B,Avaliador_D
3,Se inscreva no canal e curta o vídeo e até a próxima.,0.0241451784968376,0.841442346572876,0.1344125270843505,NEU,0.0009029536740854,0.0004699193523265,0.0067312731407582,0.0004843557544518,0.004368313588202,0.0003005891339853,0.0003063832700718,0.032627538,Amy Scarlet,Roblox,Currículo da Scarletona [FtK_zAYwAno],,NT,NT,NT,"🎬 Canal: Amy Scarlet | 🎥 Vídeo: Currículo da Scarletona [FtK_zAYwAno]
⏱️ Segmento/Index: 3
──────────────────────────────────────────────────
Fala transcrita:
""Se inscreva no canal e curta o vídeo e até a próxima.""",Avaliador_B,Avaliador_D
3,"Aí do lado de uma lhama aqui. Aqui tem uma lhama, né, de repente. E desse lado, olha só isso, McFly. É aquela caverna da nova versão, né, aqui com alguns blocos e tal. Mas também acaba aqui, né? Parece um igu. Parece um igu. Literalmente, pessoal. Parece um igu no meio de um bioma aleatório, né? E ali na frente a gente tem aquele portal já, né? Aqui a gente consegue ver que tem até bloco de diamante. Ah, tá, isso aí eu conheço. Bloco de ouro, né? Bloco de ouro, aquele portal que spawna pelo mapa. Vamos ver o que tem no baú, vamos ver. Deixa eu ver. Ó, aqui no baú tem um relógio, um isqueiro, algumas bolas de fogo e duas obesinhas. Ah, é, pra fazer o portal, né? É, aqui tem mais um monte de bloco, mas a gente não tem picareta de diamante ainda, nem picareta de pedra. Vamos tentar pegar um pouco de pedra? Vamos ver se tem. Eu vou minerar aqui, pessoal, ver o que acontece. Vamos minerar e ver o que acontece. Será que é só bloco de gravel? Não, aqui agora já é outro bloco. Meu, parece que cada camada é um bloco diferente.",0.0880243927240371,0.8593547940254211,0.0526208542287349,NEU,0.0305265076458454,0.0029964179266244,0.0350264534354209,0.0032377447932958,0.0267875492572784,0.0016755028627812,0.0020504838321357,0.165053,JP Plays,Minecraft,TESTEI O NOVO MODO QUEBRADO DO MINECRAFT [f6in9OgoBgI],,NT,NT,NT,"🎬 Canal: JP Plays | 🎥 Vídeo: TESTEI O NOVO MODO QUEBRADO DO MINECRAFT [f6in9OgoBgI]
⏱️ Segmento/Index: 3
──────────────────────────────────────────────────
Fala transcrita:
""Aí do lado de uma lhama aqui. Aqui tem uma lhama, né, de repente. E desse lado, olha só isso, McFly. É aquela caverna da nova versão, né, aqui com alguns blocos e tal. Mas também acaba aqui, né? Parece um igu. Parece um igu. Literalmente, pessoal. Parece um igu no meio de um bioma aleatório, né? E ali na frente a gente tem aquele portal já, né? Aqui a gente consegue ver que tem até bloco de diamante. Ah, tá, isso aí eu conheço. Bloco de ouro, né? Bloco de ouro, aquele portal que spawna pelo mapa. Vamos ver o que tem no baú, vamos ver. Deixa eu ver. Ó, aqui no baú tem um relógio, um isqueiro, algumas bolas de fogo e duas obesinhas. Ah, é, pra fazer o portal, né? É, aqui tem mais um monte de bloco, mas a gente não tem picareta de diamante ainda, nem picareta de pedra. Vamos tentar pegar um pouco de pedra? Vamos ver se tem. Eu vou minerar aqui, pessoal, ver o que acontece. Vamos minerar e ver o que acontece. Será que é só bloco de gravel? Não, aqui agora já é outro bloco. Meu, parece que cada camada é um bloco diferente.""",Avaliador_B,Avaliador_D
8,"Tá bom mamãe Eu posso sentar no carrinho? Pode filhinho hugwug Você quer um sorvetinho? Eu quero Você pode Você quer um salgadinho? Eu quero Salgadinho e também chocolate E também pizza E refrigerante Na verdade eu acho que isso é água E leite E mais refrigerante Eu acho que por hoje é só Deixa eu colocar tudo na sacola Aqui no carrinho Eu vou registrar tudo que a gente pegou Ai filho, você é um monstro mesmo Ficou preso no computador Tá?",0.2173044979572296,0.6020724773406982,0.1806230694055557,NEU,0.7809954285621643,0.0086746038869023,0.0545908100903034,0.0055227186530828,0.0511383786797523,0.0035072728060185,0.024135660380125,0.36095104,Papile,Roblox,PAPILE ADOTOU O BEBÊ HUGGY WUGGY no BROOKHAVEN NOVA MÃE - Poppy Playtime - Historinha ROBLOX [NDmzX5F5AGM],,GZ,GZ,GZ,"🎬 Canal: Papile | 🎥 Vídeo: PAPILE ADOTOU O BEBÊ HUGGY WUGGY no BROOKHAVEN NOVA MÃE - Poppy Playtime - Historinha ROBLOX [NDmzX5F5AGM]
⏱️ Segmento/Index: 8
──────────────────────────────────────────────────
Fala transcrita:
""Tá bom mamãe Eu posso sentar no carrinho? Pode filhinho hugwug Você quer um sorvetinho? Eu quero Você pode Você quer um salgadinho? Eu quero Salgadinho e também chocolate E também pizza E refrigerante Na verdade eu acho que isso é água E leite E mais refrigerante Eu acho que por hoje é só Deixa eu colocar tudo na sacola Aqui no carrinho Eu vou registrar tudo que a gente pegou Ai filho, você é um monstro mesmo Ficou preso no computador Tá?""",Avaliador_B,Avaliador_D
42,eu não sei meu deus eu to tentando entender aqui oi Beto oi Davi seu maldito chega chega de batalha não vou bater em você Davi não vou toma aqui ó Robin a fornalha é a nossa paz o loco a fornalha é espiral perai perai Robin eu matei o seu animal tome outro aqui ah Davi me deu o peixe tome todos esses peixes ai Beto o Beto ta fugindo com os nossos itens perai Robin eu vou dar uma marretada nele Davi pode deixar sai fora vai vem aqui eu vou acertar aquela bola de fogo que ta parada lá no céu em você Robin vem Beto Davi acerta ele ta trecendo o que ta acontecendo?,0.8006867170333862,0.1151758208870887,0.0841375365853309,NEG,0.959133803844452,0.0200477838516235,0.0893867686390876,0.0104535864666104,0.0701717585325241,0.0307442732155323,0.0277767274528741,0.60152835,Robin Hood Gamer,Minecraft,AO VIVO ENCONTRAMOS UM TEMPLO DE LUCKY BLOCKS NO DESERTO DO MINECRAFT [dXciRW1oOuk],,T,T,T,"🎬 Canal: Robin Hood Gamer | 🎥 Vídeo: AO VIVO ENCONTRAMOS UM TEMPLO DE LUCKY BLOCKS NO DESERTO DO MINECRAFT [dXciRW1oOuk]
⏱️ Segmento/Index: 42
──────────────────────────────────────────────────
Fala transcrita:
""eu não sei meu deus eu to tentando entender aqui oi Beto oi Davi seu maldito chega chega de batalha não vou bater em você Davi não vou toma aqui ó Robin a fornalha é a nossa paz o loco a fornalha é espiral perai perai Robin eu matei o seu animal tome outro aqui ah Davi me deu o peixe tome todos esses peixes ai Beto o Beto ta fugindo com os nossos itens perai Robin eu vou dar uma marretada nele Davi pode deixar sai fora vai vem aqui eu vou acertar aquela bola de fogo que ta parada lá no céu em você Robin vem Beto Davi acerta ele ta trecendo o que ta acontecendo?""",Avaliador_B,Avaliador_D
5,"Foi que nós gastei 300 e pouco pra girar Três ganhou o dobro pra girar então não tá certo tá safe ó, estamos com 3 mil de novo ali era garantida mano não era não era não olha um homem vai ser agora vou clicar no especial aqui pra bugar, pra bugar a roleta, vou bugar a roleta tá tudo preparando aqui tá um, tá aqui vários clicks na roleta do especial, vai, vai chama, bora bora bora bora é agora eu acredito, pode ligar pode ligar pode ligar cliquei chama sai daí pumba sai daí pumba vai vai vai eeeita não, ainda não sai daí demônio da tarmona ainda não tá com cara, tá com cara tá com cara ai quase mano mais um pouquinho mano não se anima não po não se anima não vai vai ó vai vai vai raposa ai não vem vai vai vai vai agora chama, chamou vem vem sai daí pumba rei pode não, o demônio rei sai daí pumba rei vai vai vai vai vai vai vai sai daí pumba rei vai eu tô achando que nós não temos que fechar o jogo pumba rei meu deus ganhou pumba ganhou pumba sai daí até que vem, insistiu até que vem ele insistiu, ele insistiu eu quero ser seu skin, eu quero ser pra você vai ó tá com cara tá desgraça tá só sacando aqui, tá maninga sai daí demônio rei vem vai desgraçado vai não, aí já foi no estampo gás na vida real 4 só que você não assistiu a minha força da maninga tá acabando calma tu ganhou pumba ó pelo menos aqui ainda tá com cara vai vai vai vai vai vai vai vai pelo menos aqui ainda tá nas contas... tem...",0.10356967151165,0.7234488725662231,0.1729814112186432,NEU,0.5080636143684387,0.0077303247526288,0.0407092198729515,0.0053792712278664,0.043539673089981,0.0043979994952678,0.0112975612282752,0.27047762,meu nome é david,Roblox,O STUMBLE GUYS ME DEU AS SKINS ESPECIAIS NA MEGA OFERTA PROMOCIONAL    DYNAMITRON [4qi5MmHkhdM],,GZ,GZ,GZ,"🎬 Canal: meu nome é david | 🎥 Vídeo: O STUMBLE GUYS ME DEU AS SKINS ESPECIAIS NA MEGA OFERTA PROMOCIONAL    DYNAMITRON [4qi5MmHkhdM]
⏱️ Segmento/Index: 5
──────────────────────────────────────────────────
Fala transcrita:
""Foi que nós gastei 300 e pouco pra girar Três ganhou o dobro pra girar então não tá certo tá safe ó, estamos com 3 mil de novo ali era garantida mano não era não era não olha um homem vai ser agora vou clicar no especial aqui pra bugar, pra bugar a roleta, vou bugar a roleta tá tudo preparando aqui tá um, tá aqui vários clicks na roleta do especial, vai, vai chama, bora bora bora bora é agora eu acredito, pode ligar pode ligar pode ligar cliquei chama sai daí pumba sai daí pumba vai vai vai eeeita não, ainda não sai daí demônio da tarmona ainda não tá com cara, tá com cara tá com cara ai quase mano mais um pouquinho mano não se anima não po não se anima não vai vai ó vai vai vai raposa ai não vem vai vai vai vai agora chama, chamou vem vem sai daí pumba rei pode não, o demônio rei sai daí pumba rei vai vai vai vai vai vai vai sai daí pumba rei vai eu tô achando que nós não temos que fechar o jogo pumba rei meu deus ganhou pumba ganhou pumba sai daí até que vem, insistiu até que vem ele insistiu, ele insistiu eu quero ser seu skin, eu quero ser pra você vai ó tá com cara tá desgraça tá só sacando aqui, tá maninga sai daí demônio rei vem vai desgraçado vai não, aí já foi no estampo gás na vida real 4 só que você não assistiu a minha força da maninga tá acabando calma tu ganhou pumba ó pelo menos aqui ainda tá com cara vai vai vai vai vai vai vai vai pelo menos aqui ainda tá nas contas... tem...""",Avaliador_B,Avaliador_D
49,"De jogo de quebra-cabeça e de mochilinha. Só vão estar disponíveis, pessoal. Na pré-venda. Depois eles vão sair, ok? Deixa eu voltar aqui pro game, mano. Vamos voltar para o game, velho. Essas são as duas novidades, galera. Vem Maratona Gamer aí pra vocês. E vem também, mano. E os livros do Authentic que estão com brindes imperdíveis. Opa, eu voltei aqui no jogo, Authentic Games que eu ganhei. O que foi? Os livros estão muito bons, sério. Gostaram? Deixa eu dar TP na galera, mano. Vou lá no speed. Vou dar TP no speed, velho. Nossa. Eu subi de nível sem fazer nada, mano. Os caras me carregaram, hein, Iagão? Já tô como, ó. Caraca, eu ganhei uma espada agora que ela dá 193 de dano. Deixa eu ver se ela é boa mesmo, hein. Nossa, quanta slime. Olha, eu tô matando o esqueleto com dois hits, velho.",0.0451187901198864,0.6057600975036621,0.3491211533546448,NEU,0.1487715095281601,0.0008969384361989,0.0206501223146915,0.0009593533468432,0.0444025211036205,0.0084342937916517,0.0023918994702398,0.1693855,AuthenticGames,Minecraft,Minecraft Dungeons - JOGANDO MULTIPLAYER COM MEUS AMIGOS   Jungle Awaken [VZEREmC0CJc],,NT,NT,NT,"🎬 Canal: AuthenticGames | 🎥 Vídeo: Minecraft Dungeons - JOGANDO MULTIPLAYER COM MEUS AMIGOS   Jungle Awaken [VZEREmC0CJc]
⏱️ Segmento/Index: 49
──────────────────────────────────────────────────
Fala transcrita:
""De jogo de quebra-cabeça e de mochilinha. Só vão estar disponíveis, pessoal. Na pré-venda. Depois eles vão sair, ok? Deixa eu voltar aqui pro game, mano. Vamos voltar para o game, velho. Essas são as duas novidades, galera. Vem Maratona Gamer aí pra vocês. E vem também, mano. E os livros do Authentic que estão com brindes imperdíveis. Opa, eu voltei aqui no jogo, Authentic Games que eu ganhei. O que foi? Os livros estão muito bons, sério. Gostaram? Deixa eu dar TP na galera, mano. Vou lá no speed. Vou dar TP no speed, velho. Nossa. Eu subi de nível sem fazer nada, mano. Os caras me carregaram, hein, Iagão? Já tô como, ó. Caraca, eu ganhei uma espada agora que ela dá 193 de dano. Deixa eu ver se ela é boa mesmo, hein. Nossa, quanta slime. Olha, eu tô matando o esqueleto com dois hits, velho.""",Avaliador_B,Avaliador_D
13,"Algo bom não vai acontecer Muito tempo atrás Tinha o Royale Tiki, pessoal Então era tipo um rei deles Eu acho Ele e o grande Macaco ou Gorila, protegiam a vila Ok O Royale Tiki amava As pessoas E amava todo mundo e tudo sobre a jungle O rei Tiki, né Sim, o rei Tiki, pessoal Não o Gorila A realeza, a realeza Um dia, né Eu acho Estava chovoso Estava frio Os animais jungle ficaram estranhos Com a energia dark A vila foi Destruída E o Royale Tiki nunca mais foi visto O menino achou que Essa história é bem assustadora Né, pessoal? Assustadora Como é que a gente vai dormir? Fechando os olhos, pessoal Vai ver que ele ficou com tanto medo que ele não vai conseguir dormir, né, gente?",0.1516109406948089,0.753534197807312,0.0948548763990402,NEU,0.0056129023432731,0.0012466885382309,0.0161627791821956,0.001485095010139,0.0113845700398087,0.0008313289145007,0.0008954398799687,0.09655223,Julia MineGirl,Roblox,Roblox - APUROS UMA HISTÓRIA NA SELVA The Jungle Story [2Tc-R2s5SVo],,NT,NT,NT,"🎬 Canal: Julia MineGirl | 🎥 Vídeo: Roblox - APUROS UMA HISTÓRIA NA SELVA The Jungle Story [2Tc-R2s5SVo]
⏱️ Segmento/Index: 13
──────────────────────────────────────────────────
Fala transcrita:
""Algo bom não vai acontecer Muito tempo atrás Tinha o Royale Tiki, pessoal Então era tipo um rei deles Eu acho Ele e o grande Macaco ou Gorila, protegiam a vila Ok O Royale Tiki amava As pessoas E amava todo mundo e tudo sobre a jungle O rei Tiki, né Sim, o rei Tiki, pessoal Não o Gorila A realeza, a realeza Um dia, né Eu acho Estava chovoso Estava frio Os animais jungle ficaram estranhos Com a energia dark A vila foi Destruída E o Royale Tiki nunca mais foi visto O menino achou que Essa história é bem assustadora Né, pessoal? Assustadora Como é que a gente vai dormir? Fechando os olhos, pessoal Vai ver que ele ficou com tanto medo que ele não vai conseguir dormir, né, gente?""",Avaliador_B,Avaliador_D
4,"Parece que vai aparecer um peixe assassino, é isso mesmo? Opa! É isso mesmo! É um baiacu! Nossa mano, você vai morrer! Eu não vou não, eu não vou não, como que abre isso aqui? Uhuuu, passei, uhuuu! Calma aí! Caraaa, quero o desafio de não escolher a porta errada! O Beto tá passando muito rápido! Acabou, noooo! Ah, que raiva, calma! Você vai ver! Não tão rápido! Ah, você já morreu, sai fora, sai fora! Calma! Eu vou completar agora, Robin, eu vou completar! Mas agora não tenho o que fazer, eu já ativei todas as armadilhas, eu não posso ativar... Opa, parece que eu posso ativar de novo aqui! Tem uma que eu não ativei, na verdade! Beto! Pode continuar, que o botão apareceu aqui! E esse com certeza vai ser muito louco, porque eu não tinha usado! Pode ir, Beto, vai! Beto! Alô! Beto! Uuuuuhuuu!",0.9644063711166382,0.0242234915494918,0.0113701717928051,NEG,0.846165657043457,0.0106812138110399,0.0516781248152256,0.0046657491475343,0.0438539050519466,0.0787054225802421,0.008525245822966,0.4574824,Robin Hood Gamer,Minecraft,DESAFIO CORRIDA COM ARMADILHAS NO AQUÁRIO DO MINECRAFT [DP98waQnWNA],,T,T,T,"🎬 Canal: Robin Hood Gamer | 🎥 Vídeo: DESAFIO CORRIDA COM ARMADILHAS NO AQUÁRIO DO MINECRAFT [DP98waQnWNA]
⏱️ Segmento/Index: 4
──────────────────────────────────────────────────
Fala transcrita:
""Parece que vai aparecer um peixe assassino, é isso mesmo? Opa! É isso mesmo! É um baiacu! Nossa mano, você vai morrer! Eu não vou não, eu não vou não, como que abre isso aqui? Uhuuu, passei, uhuuu! Calma aí! Caraaa, quero o desafio de não escolher a porta errada! O Beto tá passando muito rápido! Acabou, noooo! Ah, que raiva, calma! Você vai ver! Não tão rápido! Ah, você já morreu, sai fora, sai fora! Calma! Eu vou completar agora, Robin, eu vou completar! Mas agora não tenho o que fazer, eu já ativei todas as armadilhas, eu não posso ativar... Opa, parece que eu posso ativar de novo aqui! Tem uma que eu não ativei, na verdade! Beto! Pode continuar, que o botão apareceu aqui! E esse com certeza vai ser muito louco, porque eu não tinha usado! Pode ir, Beto, vai! Beto! Alô! Beto! Uuuuuhuuu!""",Avaliador_B,Avaliador_D
1,"Ela me matou no soco. Como eu já abordei anteriormente, eu gosto de ruchar. Então eu saí na caça daquela mulher. Mas infelizmente a Garena está pecando muito, pois está tendo muito bug no jogo. Eu tinha dado 150 nos dois, depois atirei mais um pouquinho e eles continuaram vivos. Então por favor, isso é uma carta também para a Garena, consertem os bugs, pois a pro player aqui não está conseguindo jogar. Eu deixei de brincar um pouco e falei, tá bom, agora eu vou matar todo mundo de novo, como eu já fiz na primeira e na segunda partida. Nessa terceira partida eu quero matar de novo todo mundo, todo o squad. Levei um, levei dois e olhem quem veio ruchar em mim. Mesmo sem vida, como eu sou pro player, eu consegui matar. Nesse exato momento eu esqueci o jogo, só queria matar ela num murro para ela ser omelhada, que nem eu fui. Tome-lhe murro.",0.4521273672580719,0.4678740203380584,0.0799985975027084,NEU,0.8510449528694153,0.0061120633035898,0.0164800658822059,0.0046111652627587,0.0291912090033292,0.6502792835235596,0.0231944825500249,0.4269174,Amy Scarlet,Roblox,Currículo da Scarletona [FtK_zAYwAno],,T,T,T,"🎬 Canal: Amy Scarlet | 🎥 Vídeo: Currículo da Scarletona [FtK_zAYwAno]
⏱️ Segmento/Index: 1
──────────────────────────────────────────────────
Fala transcrita:
""Ela me matou no soco. Como eu já abordei anteriormente, eu gosto de ruchar. Então eu saí na caça daquela mulher. Mas infelizmente a Garena está pecando muito, pois está tendo muito bug no jogo. Eu tinha dado 150 nos dois, depois atirei mais um pouquinho e eles continuaram vivos. Então por favor, isso é uma carta também para a Garena, consertem os bugs, pois a pro player aqui não está conseguindo jogar. Eu deixei de brincar um pouco e falei, tá bom, agora eu vou matar todo mundo de novo, como eu já fiz na primeira e na segunda partida. Nessa terceira partida eu quero matar de novo todo mundo, todo o squad. Levei um, levei dois e olhem quem veio ruchar em mim. Mesmo sem vida, como eu sou pro player, eu consegui matar. Nesse exato momento eu esqueci o jogo, só queria matar ela num murro para ela ser omelhada, que nem eu fui. Tome-lhe murro.""",Avaliador_B,Avaliador_E
0,Vídeo!,0.0210485886782407,0.5849800705909729,0.39397132396698,NEU,0.0005644355551339,3.347788151586428e-05,0.0002840658416971,0.0001082268208847,0.0002936336386483,6.248550926102325e-05,3.6781570088351145e-05,0.024613906,Amy Scarlet,Roblox,Ativo modo profissional hahahah e vocês [uHvtB3Ea_w4],,NT,NT,NT,"🎬 Canal: Amy Scarlet | 🎥 Vídeo: Ativo modo profissional hahahah e vocês [uHvtB3Ea_w4]
⏱️ Segmento/Index: 0
──────────────────────────────────────────────────
Fala transcrita:
""Vídeo!""",Avaliador_B,Avaliador_E
5,"Deixa a Aninha pra trás. Eu tô com vocês que vai me descer. Ele joga gelo agachando. Corre muito, vai. Corre muito. Tô cagada. Vem cá. Ele nunca vai achar que a gente tá aqui. Vem. Não pegue o carro, Bot. Ah, hoje eu vou me picar? A gente já bateu da pele. Morri. Não, se morrer, morre eu e você. Morre eu e vocês. Morre eu e vocês. Morre eu e vocês. Tem que sobreviver de cogumelo. Come os cogumelos aí na rua. Gente, a Aninha tá voando. Gente, olha o meu ping. Eu só não matei aquele cara ali por causa do meu ping. O meu ping tá muito alto. Grécia, quando tu for usar o Alok, tu ativa pra todo mundo, tá? Tem cara aqui, tem cara aí na frente. Corre. Volta, volta, volta. Dá volta aqui.",0.590518057346344,0.3258675932884216,0.0836143493652343,NEG,0.938517689704895,0.01052688062191,0.0852216929197311,0.0036825165152549,0.085843451321125,0.133797287940979,0.0148399211466312,0.47473195,Amy Scarlet,Roblox,SÓ PODIA LOOTEAR NA FACTORY TENTE NÃO RIR [SNpvIoblQKc],,T,T,T,"🎬 Canal: Amy Scarlet | 🎥 Vídeo: SÓ PODIA LOOTEAR NA FACTORY TENTE NÃO RIR [SNpvIoblQKc]
⏱️ Segmento/Index: 5
──────────────────────────────────────────────────
Fala transcrita:
""Deixa a Aninha pra trás. Eu tô com vocês que vai me descer. Ele joga gelo agachando. Corre muito, vai. Corre muito. Tô cagada. Vem cá. Ele nunca vai achar que a gente tá aqui. Vem. Não pegue o carro, Bot. Ah, hoje eu vou me picar? A gente já bateu da pele. Morri. Não, se morrer, morre eu e você. Morre eu e vocês. Morre eu e vocês. Morre eu e vocês. Tem que sobreviver de cogumelo. Come os cogumelos aí na rua. Gente, a Aninha tá voando. Gente, olha o meu ping. Eu só não matei aquele cara ali por causa do meu ping. O meu ping tá muito alto. Grécia, quando tu for usar o Alok, tu ativa pra todo mundo, tá? Tem cara aqui, tem cara aí na frente. Corre. Volta, volta, volta. Dá volta aqui.""",Avaliador_B,Avaliador_E
13,"Bora para minha casa! Ah meu Deus! Eu tô me assustando galera, com qualquer coisa. Até com miado de gato, latido de cachorro, tô me assustando. Tanto que eu morri! Eu consegui? Eu tô falando. Sim, você conseguiu. E mas ele tá tipo transparente, ele morreu? DudeMan! Você conseguiu derrotar essa criatura do mal. Mas e você meu amigo DudeMan? Eu mal posso acreditar! Finalmente está tudo terminado! Ó, o tanto quanto eu odeio arruinar o seu momento, você tem que continuar! A máquina que você ativou, os cristais lá, ela foi feita para destruir as nossas dimensões. E atualmente ela está fazendo o propósito original dela. Mas aí todo mundo vai morrer! E o Robby? Mas e você? Não se preocupe comigo! A minha existência não deveria ter acontecido, e agora parece que o meu tempo acabou. Tadinho dele cara! Ó, ambos aquela criatura do mal e eu somos seres interdimensionais.",0.2530774474143982,0.3521799445152282,0.3947426378726959,POS,0.7004956603050232,0.0044546201825141,0.0876563861966133,0.0038107850123196,0.0820451229810714,0.0357155315577983,0.0083616357296705,0.39987978,Tex HS,Roblox,DUDE MAN é a voz da sabedoria mas fala demais [gsBryuAqkkY],,GZ,GZ,GZ,"🎬 Canal: Tex HS | 🎥 Vídeo: DUDE MAN é a voz da sabedoria mas fala demais [gsBryuAqkkY]
⏱️ Segmento/Index: 13
──────────────────────────────────────────────────
Fala transcrita:
""Bora para minha casa! Ah meu Deus! Eu tô me assustando galera, com qualquer coisa. Até com miado de gato, latido de cachorro, tô me assustando. Tanto que eu morri! Eu consegui? Eu tô falando. Sim, você conseguiu. E mas ele tá tipo transparente, ele morreu? DudeMan! Você conseguiu derrotar essa criatura do mal. Mas e você meu amigo DudeMan? Eu mal posso acreditar! Finalmente está tudo terminado! Ó, o tanto quanto eu odeio arruinar o seu momento, você tem que continuar! A máquina que você ativou, os cristais lá, ela foi feita para destruir as nossas dimensões. E atualmente ela está fazendo o propósito original dela. Mas aí todo mundo vai morrer! E o Robby? Mas e você? Não se preocupe comigo! A minha existência não deveria ter acontecido, e agora parece que o meu tempo acabou. Tadinho dele cara! Ó, ambos aquela criatura do mal e eu somos seres interdimensionais.""",Avaliador_B,Avaliador_E
12,"É lindo! Meu Deus do céu, garota. Que negócio de doido. Tá, cada um com seu gosto, né galera? Então, vamos, Eduarda, pro último portal, que é o portal de... Que eu não lembro qual é, eu tenho que ver que eu esqueci qual que é o portal. Tem o portal de slime ainda e depois tem o de TNT. Vamos ver o slime aqui pra ver o que que acontece no portal de slime, cara. Espera, é... Vamos, Nudy, pula, pula. Vamos ver aqui. Uhul! É, nada mais, nada menos que... Ei! Ei! Pula daí de cima, Eduarda. Ai, meu Deus! Ai, meu Deus! Tá, melhor a gente sair logo. Entra no portal. Tá perigoso esse mundo aqui, cara. Como que entra no portal, meu Deus do céu. Eduarda, o que que deve acontecer se a gente fazer aqui agora, ó, um portal de TNT? E se a gente explodir lá dentro? O que que vai acontecer? Eu tô com medo. Meu filho, eu acho que ele vai se escudir sozinho por causa dela lá. Eu tô com medo e... Vê o negócio aí. Vai, vai, vai, entra. Não, não quero ir lá, não. Espera, eu desativei o portal sem querer.",0.1832457333803177,0.5165089964866638,0.3002452552318573,NEU,0.610845685005188,0.0043548746034502,0.0505373440682888,0.0048574083484709,0.0441356189548969,0.0028550971765071,0.0194500852376222,0.2786282,Marcelodrv,Minecraft,MINECRAFT mas podemos fazer PORTAIS DE QUALQUER BLOCO [9YJefweBOCg],,GZ,GZ,GZ,"🎬 Canal: Marcelodrv | 🎥 Vídeo: MINECRAFT mas podemos fazer PORTAIS DE QUALQUER BLOCO [9YJefweBOCg]
⏱️ Segmento/Index: 12
──────────────────────────────────────────────────
Fala transcrita:
""É lindo! Meu Deus do céu, garota. Que negócio de doido. Tá, cada um com seu gosto, né galera? Então, vamos, Eduarda, pro último portal, que é o portal de... Que eu não lembro qual é, eu tenho que ver que eu esqueci qual que é o portal. Tem o portal de slime ainda e depois tem o de TNT. Vamos ver o slime aqui pra ver o que que acontece no portal de slime, cara. Espera, é... Vamos, Nudy, pula, pula. Vamos ver aqui. Uhul! É, nada mais, nada menos que... Ei! Ei! Pula daí de cima, Eduarda. Ai, meu Deus! Ai, meu Deus! Tá, melhor a gente sair logo. Entra no portal. Tá perigoso esse mundo aqui, cara. Como que entra no portal, meu Deus do céu. Eduarda, o que que deve acontecer se a gente fazer aqui agora, ó, um portal de TNT? E se a gente explodir lá dentro? O que que vai acontecer? Eu tô com medo. Meu filho, eu acho que ele vai se escudir sozinho por causa dela lá. Eu tô com medo e... Vê o negócio aí. Vai, vai, vai, entra. Não, não quero ir lá, não. Espera, eu desativei o portal sem querer.""",Avaliador_B,Avaliador_E
20,"Você tá admirando essa sujeira aí, meu? Alguém aí viu a Billy? Onde que a pobre Billy foi parar? Eu acho que bugou, pessoal. Ela deve ter sumido do mapa. Tô tentando olhar aqui de cima pra ver se eu enxergo ela, mas nada. Olha o turno do meu voo, pessoal. Esse foi o voo mais alto que eu já fiz na minha vida. Mano, eu tenho que explorar aquelas outras áreas ali. Porém, eu quero salvar a Billy. Peraí um pouquinho, já volto. Pessoal, eu voltei aqui e a Billy tá ali de volta, eu vou salvar ela, essa vez vai dar certo. Porém, eu descobri um recurso nas dicas do jogo, que é a câmera lenta. Olha isso. Mortal de frente. Eu to de cara no chão, mas pelo menos caiu em câmera lenta, né? Minha querida Billy, eu jamais vou deixar você pra trás. Prometo pra você que vou te salvar dessa vez, beleza? Eu já puxei ela, né? Mas eu tenho que pelo menos tirar esses vidros aqui, se eles vão me dar trabalho.",0.3781741559505462,0.5670549273490906,0.0547708719968795,NEU,0.4210454523563385,0.0008142301230691,0.0500936284661293,0.0005698926979675,0.1714773327112198,0.0150783276185393,0.0026758359745144,0.3389984,Tex HS,Roblox,CABRA TOMA CONTA DO ZOOLÓGICO Goat Simulator 3  Parte 7 [ko1OuMCuB7w],,GZ,GZ,GZ,"🎬 Canal: Tex HS | 🎥 Vídeo: CABRA TOMA CONTA DO ZOOLÓGICO Goat Simulator 3  Parte 7 [ko1OuMCuB7w]
⏱️ Segmento/Index: 20
──────────────────────────────────────────────────
Fala transcrita:
""Você tá admirando essa sujeira aí, meu? Alguém aí viu a Billy? Onde que a pobre Billy foi parar? Eu acho que bugou, pessoal. Ela deve ter sumido do mapa. Tô tentando olhar aqui de cima pra ver se eu enxergo ela, mas nada. Olha o turno do meu voo, pessoal. Esse foi o voo mais alto que eu já fiz na minha vida. Mano, eu tenho que explorar aquelas outras áreas ali. Porém, eu quero salvar a Billy. Peraí um pouquinho, já volto. Pessoal, eu voltei aqui e a Billy tá ali de volta, eu vou salvar ela, essa vez vai dar certo. Porém, eu descobri um recurso nas dicas do jogo, que é a câmera lenta. Olha isso. Mortal de frente. Eu to de cara no chão, mas pelo menos caiu em câmera lenta, né? Minha querida Billy, eu jamais vou deixar você pra trás. Prometo pra você que vou te salvar dessa vez, beleza? Eu já puxei ela, né? Mas eu tenho que pelo menos tirar esses vidros aqui, se eles vão me dar trabalho.""",Avaliador_B,Avaliador_E
16,"Abriu, boa, tem uma besta Com várias flechas, peguei, peguei E agora carrega essa besta Toma Azul Babão, pula, ela tá dando em área Toma, toma Azul Babão, ah, dá pra tirar várias flechas com ela Aí, matei tantos eles Vou matar esses aqui também, toma Azul Babão Matei, matei, só falta um, boa Boa, vamos pro próximo nível Eu tô conseguindo cair, Ricardo Você tá indo muito bem, Ati, mas você tem que pegar a chave que tá bem ali no chão, ó É, você acabou de dropar do Azul Babão Ah, essa chave, boa Ah, agora sim ela vai abrir essa porta aqui Ah, eu tô num labirinto Você tá num labirinto e cuidado, mate É um labirinto com bastante armadilha Tem espinho no chão E agora começou, né, agora só lhe para trás, Ati Ai, a parede, a parede tá fechando O que eu faço? Tem umas setas Ai, espinhos, boa, passei, passei Incrível, vamos pular pra cá e pra cá Ih, olha esses espinhos Eu não vou encostar neles Vamos por aqui, tem uma alavanca aqui que essa alavanca faz Ah, ela tira os espinhos E agora, pra onde eu vou? Ah, achei, achei a escada aqui Boa, e agora pra cá Perfeito, subi essa escada e... Pula, que barulho é esse? Ai, não, não, não Tô queimando, tô queimando, mas passei Passei, tô no próximo nível que é o dos lasers Eu tenho uma ideia, e se eu tentar pular Por aqui, por cima dos lasers Dá pra vim por aqui? Boa Ah, parabéns, você conseguiu burlar o meu laser Ah, tu já acreditou Perfeito, aí não vou tocar em nenhum laser Só vou pular aqui por cima Por aqui, e... Boa!",0.0924088954925537,0.76737380027771,0.1402173042297363,NEU,0.741265594959259,0.0136227067559957,0.0540628395974636,0.0058772703632712,0.0526063293218612,0.0223984979093074,0.0127842342481017,0.37458646,Kass e KR,Minecraft,24 horas TROLANDO os YOUTUBERS no Minecraft [UsjsW-4XrZU],,GZ,GZ,GZ,"🎬 Canal: Kass e KR | 🎥 Vídeo: 24 horas TROLANDO os YOUTUBERS no Minecraft [UsjsW-4XrZU]
⏱️ Segmento/Index: 16
──────────────────────────────────────────────────
Fala transcrita:
""Abriu, boa, tem uma besta Com várias flechas, peguei, peguei E agora carrega essa besta Toma Azul Babão, pula, ela tá dando em área Toma, toma Azul Babão, ah, dá pra tirar várias flechas com ela Aí, matei tantos eles Vou matar esses aqui também, toma Azul Babão Matei, matei, só falta um, boa Boa, vamos pro próximo nível Eu tô conseguindo cair, Ricardo Você tá indo muito bem, Ati, mas você tem que pegar a chave que tá bem ali no chão, ó É, você acabou de dropar do Azul Babão Ah, essa chave, boa Ah, agora sim ela vai abrir essa porta aqui Ah, eu tô num labirinto Você tá num labirinto e cuidado, mate É um labirinto com bastante armadilha Tem espinho no chão E agora começou, né, agora só lhe para trás, Ati Ai, a parede, a parede tá fechando O que eu faço? Tem umas setas Ai, espinhos, boa, passei, passei Incrível, vamos pular pra cá e pra cá Ih, olha esses espinhos Eu não vou encostar neles Vamos por aqui, tem uma alavanca aqui que essa alavanca faz Ah, ela tira os espinhos E agora, pra onde eu vou? Ah, achei, achei a escada aqui Boa, e agora pra cá Perfeito, subi essa escada e... Pula, que barulho é esse? Ai, não, não, não Tô queimando, tô queimando, mas passei Passei, tô no próximo nível que é o dos lasers Eu tenho uma ideia, e se eu tentar pular Por aqui, por cima dos lasers Dá pra vim por aqui? Boa Ah, parabéns, você conseguiu burlar o meu laser Ah, tu já acreditou Perfeito, aí não vou tocar em nenhum laser Só vou pular aqui por cima Por aqui, e... Boa!""",Avaliador_B,Avaliador_E
17,"Eu tô começando a ficar preocupado, tem um invasor na cretinsquad Mas não tem? Teoricamente, ticket dinogã Ah, véi, meus tickets estão aqui Tá, da hora, da hora, mano Tá, e cadê o XP? Eu tava com mais XP, hein Tá, Tônegon, tem como você ligar a câmera rapidinho? Como assim? Só que eu quero conversar um negócio cara a cara com você, vou ligar a minha aqui também? Tá, é? Calma, que foi, Geleia Então, Tônegon, lembra da Cal? Lembro É... você disse sim Sim Aí... Tônegon, eu posso usar sua conta pra fazer qualquer coisa dentro do Minecraft, no Hypixel e nos servidores? Sim Quê? Não foi isso que eu falei Eu só falei sim, você perguntou se eu tava gravando o vídeo, tá aqui o vídeo na minha tela Na minha tela tá o vídeo que eu tava gravando Te trolei, mano O que que você fez no servidor? Não, não fiz muita coisa, só...",0.8732097148895264,0.1096243634819984,0.017165994271636,NEG,0.2326663881540298,0.0091625591740012,0.0495899431407451,0.0077405250631272,0.0407521799206733,0.0044121970422565,0.0037901611067354,0.32971194,Geleia,Minecraft,HACKEEI a Conta Do TONIGON no Minecraft... [PFlQF5TMWBo],,GZ,GZ,GZ,"🎬 Canal: Geleia | 🎥 Vídeo: HACKEEI a Conta Do TONIGON no Minecraft... [PFlQF5TMWBo]
⏱️ Segmento/Index: 17
──────────────────────────────────────────────────
Fala transcrita:
""Eu tô começando a ficar preocupado, tem um invasor na cretinsquad Mas não tem? Teoricamente, ticket dinogã Ah, véi, meus tickets estão aqui Tá, da hora, da hora, mano Tá, e cadê o XP? Eu tava com mais XP, hein Tá, Tônegon, tem como você ligar a câmera rapidinho? Como assim? Só que eu quero conversar um negócio cara a cara com você, vou ligar a minha aqui também? Tá, é? Calma, que foi, Geleia Então, Tônegon, lembra da Cal? Lembro É... você disse sim Sim Aí... Tônegon, eu posso usar sua conta pra fazer qualquer coisa dentro do Minecraft, no Hypixel e nos servidores? Sim Quê? Não foi isso que eu falei Eu só falei sim, você perguntou se eu tava gravando o vídeo, tá aqui o vídeo na minha tela Na minha tela tá o vídeo que eu tava gravando Te trolei, mano O que que você fez no servidor? Não, não fiz muita coisa, só...""",Avaliador_B,Avaliador_E
2,"Doutor, meu pulmão está morrendo Eu estou precisando de um novo, gente E se demorar muito Eu não vou conseguir respirar Rápido Ah, essa não Eu preciso correr pra pegar um pulmão pra ele Ele tem pouco tempo de vida Ah, e o problema é que no hospital não tem nenhum pulmão Nunca aconteceu um caso desse A gente só tem osso aqui Porque normalmente a gente troca quem quebrou o osso Ah, mas eu preciso dar um jeito Eu tenho que salvar ele Deixa eu pensar em alguma coisa Ele está com pouco tempo de vida, vai, vai, vai O que eu posso fazer? Pera, eu acho que eu tive uma ideia Dá pra eu tentar pegar um pulmão de uma galinha Porque o dela é muito parecido com o de um humano É, pelo menos no Minecraft é E olha, tem uma galinha aqui Deixa eu tentar pegar e abrir ela pra conseguir o pulmão e... Não! A galinha é muito fraca, ela não aguenta uma cirurgia Pera, mas eu tenho um outro plano E esse daqui, infelizmente, é um pouco pior Porque é esse machadinho Ah, então vem aqui galinha, me desculpa Mas eu preciso salvar aquele paciente Toma! Olha isso, eu consegui E olha isso, isso daqui é o pulmão da galinha Agora eu vou conseguir salvar o paciente Sorte que eu consegui a tempo Pera, o que é isso aqui atrás de mim? Tem uma galinha gigante Que? Cadê minha amiga? Ah, não é possível você derrotar ela Só pra conseguir um pulmão?",0.6302840113639832,0.2385255247354507,0.1311905086040496,NEG,0.0283916313201189,0.0079297898337244,0.0412593185901641,0.0030574344564229,0.0380517914891243,0.0085072154179215,0.0030235140584409,0.15048122,Cadres,Minecraft,VIREI MÉDICO NO MINECRAFT [PRJapeMKMgk],,NT,NT,NT,"🎬 Canal: Cadres | 🎥 Vídeo: VIREI MÉDICO NO MINECRAFT [PRJapeMKMgk]
⏱️ Segmento/Index: 2
──────────────────────────────────────────────────
Fala transcrita:
""Doutor, meu pulmão está morrendo Eu estou precisando de um novo, gente E se demorar muito Eu não vou conseguir respirar Rápido Ah, essa não Eu preciso correr pra pegar um pulmão pra ele Ele tem pouco tempo de vida Ah, e o problema é que no hospital não tem nenhum pulmão Nunca aconteceu um caso desse A gente só tem osso aqui Porque normalmente a gente troca quem quebrou o osso Ah, mas eu preciso dar um jeito Eu tenho que salvar ele Deixa eu pensar em alguma coisa Ele está com pouco tempo de vida, vai, vai, vai O que eu posso fazer? Pera, eu acho que eu tive uma ideia Dá pra eu tentar pegar um pulmão de uma galinha Porque o dela é muito parecido com o de um humano É, pelo menos no Minecraft é E olha, tem uma galinha aqui Deixa eu tentar pegar e abrir ela pra conseguir o pulmão e... Não! A galinha é muito fraca, ela não aguenta uma cirurgia Pera, mas eu tenho um outro plano E esse daqui, infelizmente, é um pouco pior Porque é esse machadinho Ah, então vem aqui galinha, me desculpa Mas eu preciso salvar aquele paciente Toma! Olha isso, eu consegui E olha isso, isso daqui é o pulmão da galinha Agora eu vou conseguir salvar o paciente Sorte que eu consegui a tempo Pera, o que é isso aqui atrás de mim? Tem uma galinha gigante Que? Cadê minha amiga? Ah, não é possível você derrotar ela Só pra conseguir um pulmão?""",Avaliador_B,Avaliador_E
10,"Eu tinha visto 17 mil, eu estou com 171 mil pontos de defesa 27 mil pontos De energia Sim, eu vou desbloquear a transformação de Super Saiyan 2 hoje Sério, eu estou evoluindo muito rápido Deixa eu ver aqui se eu já posso pegar a transformação de Super Saiyan com o Kaioken Sim, eu já posso Vou me transformar agora Nossa, que fera! Sério, está incrível essa aura aqui Está parecendo que eu estou queimando Está pegando fogo, cupicha! Parece a aura do Super Saiyan Deus E com essa transformação eu aumento tudo em 6 mil pontos Só que por ser uma transformação mais forte também Ela consome muito da minha energia E na luta contra o Kuririn já estou vendo tudo Vou ter que ficar correndo dele, carregando a minha energia Vai ser assim de novo Mas está na hora de lutar contra o Kuririn Você vai ser derrotado Vai morrer mais uma vez, Kuririn Kuririn já morreu tanto, coitado Que isso? Parece que está mais fácil lutar com o Kuririn do que lutar com o Gohan Vou esperar usar uma habilidade especial Beleza A técnica que...",0.0118963550776243,0.1573539078235626,0.8307497501373291,POS,0.3237578570842743,0.0108284652233123,0.053541362285614,0.0064160507172346,0.0438298843801021,0.0079789124429225,0.0051710754632949,0.2763787,Robin Hood Gamer,Minecraft,CONSEGUI UMA NOVA TRANSFORMAÇÃO E LUTEI COM GOHAN E RADITZ Dragon Blox Ultimate [inHY6R-7Bzo],,GZ,GZ,GZ,"🎬 Canal: Robin Hood Gamer | 🎥 Vídeo: CONSEGUI UMA NOVA TRANSFORMAÇÃO E LUTEI COM GOHAN E RADITZ Dragon Blox Ultimate [inHY6R-7Bzo]
⏱️ Segmento/Index: 10
──────────────────────────────────────────────────
Fala transcrita:
""Eu tinha visto 17 mil, eu estou com 171 mil pontos de defesa 27 mil pontos De energia Sim, eu vou desbloquear a transformação de Super Saiyan 2 hoje Sério, eu estou evoluindo muito rápido Deixa eu ver aqui se eu já posso pegar a transformação de Super Saiyan com o Kaioken Sim, eu já posso Vou me transformar agora Nossa, que fera! Sério, está incrível essa aura aqui Está parecendo que eu estou queimando Está pegando fogo, cupicha! Parece a aura do Super Saiyan Deus E com essa transformação eu aumento tudo em 6 mil pontos Só que por ser uma transformação mais forte também Ela consome muito da minha energia E na luta contra o Kuririn já estou vendo tudo Vou ter que ficar correndo dele, carregando a minha energia Vai ser assim de novo Mas está na hora de lutar contra o Kuririn Você vai ser derrotado Vai morrer mais uma vez, Kuririn Kuririn já morreu tanto, coitado Que isso? Parece que está mais fácil lutar com o Kuririn do que lutar com o Gohan Vou esperar usar uma habilidade especial Beleza A técnica que...""",Avaliador_B,Avaliador_E
46,"Não atira não McFly, sou eu, tô aqui ó, é um pacote de figurinhas Não acho que isso é uma pista, é uma pista, com certeza Quer dizer que esses bandidos zumbis já roubou mais pessoas, roubou o pacotinho delas também É, exatamente, esse ladrão tá roubando todos os jogadores que estão colecionando o álbum, inclusive roubou até pacotes de figurinhas Tá, provavelmente isso é uma pista muito válida, eu acho que faz sentido se ele veio pra cá e é um pacote de figurinhas É, melhor a gente começar a falar baixo porque ele pode estar em qualquer lugar, fica esperto, hein É, você tem razão, vamos ficar esperto porque ele pode estar na área... Olha ali, tem mais um pacote de figurinhas bem aonde esse ladrão saiu correndo Você disse que ele veio pra cá e bem aqui tem pacotes de figurinhas, isso é mais uma pista E, pera aí Será que ele passou por aqui? Tem meio uma ponte, né? Eu acho que sim, só um zumbi ia fazer uma ponte tão ruim e torta desse jeito, né? É, ele deve estar apressado, né?",0.3973665833473205,0.4908014833927154,0.1118319407105445,NEU,0.483844131231308,0.0034622338134795,0.0448665730655193,0.0033229710534214,0.076096124947071,0.0239055808633565,0.003452215809375,0.38601747,JP Plays,Minecraft,Preciso que COMPLETAR o ALBUM DA COPA no Minecraft - O FILME [BZGs6PfkgvI],,GZ,GZ,GZ,"🎬 Canal: JP Plays | 🎥 Vídeo: Preciso que COMPLETAR o ALBUM DA COPA no Minecraft - O FILME [BZGs6PfkgvI]
⏱️ Segmento/Index: 46
──────────────────────────────────────────────────
Fala transcrita:
""Não atira não McFly, sou eu, tô aqui ó, é um pacote de figurinhas Não acho que isso é uma pista, é uma pista, com certeza Quer dizer que esses bandidos zumbis já roubou mais pessoas, roubou o pacotinho delas também É, exatamente, esse ladrão tá roubando todos os jogadores que estão colecionando o álbum, inclusive roubou até pacotes de figurinhas Tá, provavelmente isso é uma pista muito válida, eu acho que faz sentido se ele veio pra cá e é um pacote de figurinhas É, melhor a gente começar a falar baixo porque ele pode estar em qualquer lugar, fica esperto, hein É, você tem razão, vamos ficar esperto porque ele pode estar na área... Olha ali, tem mais um pacote de figurinhas bem aonde esse ladrão saiu correndo Você disse que ele veio pra cá e bem aqui tem pacotes de figurinhas, isso é mais uma pista E, pera aí Será que ele passou por aqui? Tem meio uma ponte, né? Eu acho que sim, só um zumbi ia fazer uma ponte tão ruim e torta desse jeito, né? É, ele deve estar apressado, né?""",Avaliador_B,Avaliador_E
7,"Então, não sei Será que tem gente trabalhando? Tem Nossa, agora a gente não tá mais de sorvete, Ju Ah é, agora não Verdade, nossa gente Olha a pizza colorida Tem um papagaio ali, eu louco Gente, até os animais estão fazendo pizza aqui Dá pra escolher a cor da pizza? Que massa Vamos pegar Pega a sua massinha Anda logo massa, eu quero uma pizza roxa Tá, vou pra cá Beleza, pizza roxa Agora eu quero escolher Ah, você pegou a minha pizza Eu?",0.1132376939058303,0.7302799224853516,0.1564823687076568,NEU,0.0860722437500953,0.0058824573643505,0.0471036806702613,0.0060343518853187,0.0371314920485019,0.0030252968426793,0.0030852712225168,0.027913637,Julia MineGirl,Roblox,Roblox - CASA DE CASTELO DISNEY Club Roblox [k1btqWzdH5s],,NT,NT,NT,"🎬 Canal: Julia MineGirl | 🎥 Vídeo: Roblox - CASA DE CASTELO DISNEY Club Roblox [k1btqWzdH5s]
⏱️ Segmento/Index: 7
──────────────────────────────────────────────────
Fala transcrita:
""Então, não sei Será que tem gente trabalhando? Tem Nossa, agora a gente não tá mais de sorvete, Ju Ah é, agora não Verdade, nossa gente Olha a pizza colorida Tem um papagaio ali, eu louco Gente, até os animais estão fazendo pizza aqui Dá pra escolher a cor da pizza? Que massa Vamos pegar Pega a sua massinha Anda logo massa, eu quero uma pizza roxa Tá, vou pra cá Beleza, pizza roxa Agora eu quero escolher Ah, você pegou a minha pizza Eu?""",Avaliador_B,Avaliador_E
2,"Eu sou o seu! Nossa senhora! Eu queria deixar bem claro que quem eu tirei aqui, eu não vou pegar a Eve não, beleza? Não vai ser trollar demais! Eu também não vou pegar a Eve não! E agora sim, começou oficialmente a Criativo Squad 2, vambora! Tá, mano, olha só, deixa eu dar uma olhada aqui, vocês não podem saber quem que eu vou trollar mais... Caraca, velho! Eu não vou pegar a Eve com essa pessoa, mano! Que loucura, vai ser demais isso! Agora eu tenho que achar uma forma de quem mais esse papel, jogar fora, pra nem vocês e nem ninguém pegar esse papel de mim, né? Porque senão eles vão descobrir quem é o meu trollagem secreto, mano! Geleia! Opa! Calma aí que eu tô alto aqui, velho! Toma cuidado, mano, que essa montanha é alta! Mano, você viu essas montanhas de 1.18, velho?",0.2818625867366791,0.5248295068740845,0.193307876586914,NEU,0.4395376741886139,0.0027871138881891,0.043932344764471,0.0038352464325726,0.0572651773691177,0.0028378923889249,0.0118403593078255,0.37751234,Geleia,Minecraft,NOVA SÉRIE SURVIVAL NO MINECRAFT 1.18... - Creative Squad II 1 [ESE7DtARxqI],,GZ,GZ,GZ,"🎬 Canal: Geleia | 🎥 Vídeo: NOVA SÉRIE SURVIVAL NO MINECRAFT 1.18... - Creative Squad II 1 [ESE7DtARxqI]
⏱️ Segmento/Index: 2
──────────────────────────────────────────────────
Fala transcrita:
""Eu sou o seu! Nossa senhora! Eu queria deixar bem claro que quem eu tirei aqui, eu não vou pegar a Eve não, beleza? Não vai ser trollar demais! Eu também não vou pegar a Eve não! E agora sim, começou oficialmente a Criativo Squad 2, vambora! Tá, mano, olha só, deixa eu dar uma olhada aqui, vocês não podem saber quem que eu vou trollar mais... Caraca, velho! Eu não vou pegar a Eve com essa pessoa, mano! Que loucura, vai ser demais isso! Agora eu tenho que achar uma forma de quem mais esse papel, jogar fora, pra nem vocês e nem ninguém pegar esse papel de mim, né? Porque senão eles vão descobrir quem é o meu trollagem secreto, mano! Geleia! Opa! Calma aí que eu tô alto aqui, velho! Toma cuidado, mano, que essa montanha é alta! Mano, você viu essas montanhas de 1.18, velho?""",Avaliador_B,Avaliador_E
3,"Além das skins também tem mapas exclusivos na loja tá, tem uns mapas muito daoras, com coisas incríveis, tipo com os add-ons tem carro, tem avião, tem de tudo mano, na moral eu penso muito em começar uma série num mapa desses, porque é muito legal, só que como sempre tem que comprar né mano, porque é uma gente que tem que ganhar dinheiro né. Aqui também tem animações exclusivas ao abrir e fechar interfaces, como o inventário do personagem, interfaces de villagers, o menu do jogo, fornalha, enfim mano, tudo isso tem uma animaçãozinha enquanto no Java você só abre e fecha e não tem animação tá ligado. Ao pescar no bioma de selva ou variantes dele, você nunca vai conseguir peixe tropical ou baiacu, você pode pescar qualquer coisa, mas peixe tropical e baiacu é impossível de conseguir na selva, eu não entendo porque, na verdade é peixe tropical porque é tropical e baiacu eu não sei mano, não entendo de peixe né, não sou pescador.",0.0180422496050596,0.0836922973394393,0.8982654213905334,POS,0.0030119912698864,0.0054520303383469,0.0429763942956924,0.0062696142122149,0.0370397344231605,0.0021859984844923,0.0012131239054724,0.055274166,Geleia,Minecraft,20 COISAS EXCLUSIVAS do MCPE Minecraft Bedrock XBOX PS4 - Parte 2 [OIm6tr3Noiw],,NT,NT,NT,"🎬 Canal: Geleia | 🎥 Vídeo: 20 COISAS EXCLUSIVAS do MCPE Minecraft Bedrock XBOX PS4 - Parte 2 [OIm6tr3Noiw]
⏱️ Segmento/Index: 3
──────────────────────────────────────────────────
Fala transcrita:
""Além das skins também tem mapas exclusivos na loja tá, tem uns mapas muito daoras, com coisas incríveis, tipo com os add-ons tem carro, tem avião, tem de tudo mano, na moral eu penso muito em começar uma série num mapa desses, porque é muito legal, só que como sempre tem que comprar né mano, porque é uma gente que tem que ganhar dinheiro né. Aqui também tem animações exclusivas ao abrir e fechar interfaces, como o inventário do personagem, interfaces de villagers, o menu do jogo, fornalha, enfim mano, tudo isso tem uma animaçãozinha enquanto no Java você só abre e fecha e não tem animação tá ligado. Ao pescar no bioma de selva ou variantes dele, você nunca vai conseguir peixe tropical ou baiacu, você pode pescar qualquer coisa, mas peixe tropical e baiacu é impossível de conseguir na selva, eu não entendo porque, na verdade é peixe tropical porque é tropical e baiacu eu não sei mano, não entendo de peixe né, não sou pescador.""",Avaliador_B,Avaliador_E
16,"Ô Atus, eu tô preso aqui Eu fui explodindo por um desses seus Creepers Ah, pelo menos eles se vingaram Mas me tira daqui agora Eu não tenho como te tirar daí, Cadres Ah, mas eu tenho Eu tenho uma picareta aqui, eu vou ficar livre Então quebra Ah, você vai ver, eu vou descer aí Vou te pegar isso daqui, tá muito alto Ah não, se eu pular aqui, eu não vou sobreviver Vem, Cadres, pode pular, eu vou colocar água Confia Tá bom, coloca então, eu vou pular Aí, coloquei Vem, Cadres 3, 2, 1, pulei, Atus, tô indo Ah não, agora tirei água Tirei água Morreu Atus, que raiva de você, você fez eu morrer O Cadres foi trollado mais uma vez Agora o Cadres tá com muita raiva de mim Ele tá me procurando Atus, em cá, eu vou me vingar, você vai ver Olha só, eu tô escondido aqui em cima da montanha E o Cadres não tá me vendo Ele tá lá embaixo só me procurando na vila Já que o Cadres tá correndo atrás de mim Eu vou diminuir o tamanho dele Nós vamos deixar o Cadres muito pequeno Aí ele vai correr muito mais devagar Vamos usar esse comando aqui E deve funcionar O que aconteceu comigo?",0.1400331109762191,0.7101398706436157,0.1498270183801651,NEU,0.6293512582778931,0.0133322216570377,0.0523442551493644,0.0062869521789252,0.048553816974163,0.0190065242350101,0.0101553155109286,0.20126031,Athos,Minecraft,21 Jeitos de Enganar seu Amigo no Minecraft [w52I8wpuwfY],,GZ,GZ,GZ,"🎬 Canal: Athos | 🎥 Vídeo: 21 Jeitos de Enganar seu Amigo no Minecraft [w52I8wpuwfY]
⏱️ Segmento/Index: 16
──────────────────────────────────────────────────
Fala transcrita:
""Ô Atus, eu tô preso aqui Eu fui explodindo por um desses seus Creepers Ah, pelo menos eles se vingaram Mas me tira daqui agora Eu não tenho como te tirar daí, Cadres Ah, mas eu tenho Eu tenho uma picareta aqui, eu vou ficar livre Então quebra Ah, você vai ver, eu vou descer aí Vou te pegar isso daqui, tá muito alto Ah não, se eu pular aqui, eu não vou sobreviver Vem, Cadres, pode pular, eu vou colocar água Confia Tá bom, coloca então, eu vou pular Aí, coloquei Vem, Cadres 3, 2, 1, pulei, Atus, tô indo Ah não, agora tirei água Tirei água Morreu Atus, que raiva de você, você fez eu morrer O Cadres foi trollado mais uma vez Agora o Cadres tá com muita raiva de mim Ele tá me procurando Atus, em cá, eu vou me vingar, você vai ver Olha só, eu tô escondido aqui em cima da montanha E o Cadres não tá me vendo Ele tá lá embaixo só me procurando na vila Já que o Cadres tá correndo atrás de mim Eu vou diminuir o tamanho dele Nós vamos deixar o Cadres muito pequeno Aí ele vai correr muito mais devagar Vamos usar esse comando aqui E deve funcionar O que aconteceu comigo?""",Avaliador_B,Avaliador_E
20,"Cadê meu portal, véi? Cadê meu portal? Eu quero ir embora, porque agora, eu acho que chegou a grandiosa hora de fazer a TNT, TNT, TNT, TNT, TNT, né, véi? Pegar mais um pouco aqui... Está aqui o portal, mano! Vamos entrar no portal, que lá eu quero descobrir se a TNT 20 níveis ali, explode obsidian. Vamos lá, já quero ver se ela quebra obsidian, ó! E quero ver se ela me dá dano também, véi! Vou ficar com o meu parado aqui... Não, não dá dano, mas ela joga pra baixo e sim! Ela quebra obsidian, cara! Que doideira! Mas, mano, agora, véi, vamos fazer o seguinte, eu vou tentar juntar um pouquinho mais de pó, um pouquinho mais de TNT, pra fazer algumas e ir lá dizimar aquela mansão e essa vila aqui, mano! Beleza, gente! Acho que chegou a grande hora, eu tô com 6 picaretas TNT aqui e tô com... muitas TNT, TNT, TNT! Primeiro eu vou utilizar nessa vila algumas TNT de picareta, né?",0.0727816373109817,0.835706353187561,0.0915120765566825,NEU,0.4582808315753937,0.0079381288960576,0.0555928982794284,0.0069111650809645,0.0429478958249092,0.0086874272674322,0.0167791545391082,0.35186127,Geleia,Minecraft,minecraft mas tnt tnt tnt tnt tnt tnt tnt tnt tnt tnt tnt tnt tnt tnt tnt tnt tnt tnt tnt tnt tnt [zjhPDkxzZGE],,GZ,GZ,GZ,"🎬 Canal: Geleia | 🎥 Vídeo: minecraft mas tnt tnt tnt tnt tnt tnt tnt tnt tnt tnt tnt tnt tnt tnt tnt tnt tnt tnt tnt tnt tnt [zjhPDkxzZGE]
⏱️ Segmento/Index: 20
──────────────────────────────────────────────────
Fala transcrita:
""Cadê meu portal, véi? Cadê meu portal? Eu quero ir embora, porque agora, eu acho que chegou a grandiosa hora de fazer a TNT, TNT, TNT, TNT, TNT, né, véi? Pegar mais um pouco aqui... Está aqui o portal, mano! Vamos entrar no portal, que lá eu quero descobrir se a TNT 20 níveis ali, explode obsidian. Vamos lá, já quero ver se ela quebra obsidian, ó! E quero ver se ela me dá dano também, véi! Vou ficar com o meu parado aqui... Não, não dá dano, mas ela joga pra baixo e sim! Ela quebra obsidian, cara! Que doideira! Mas, mano, agora, véi, vamos fazer o seguinte, eu vou tentar juntar um pouquinho mais de pó, um pouquinho mais de TNT, pra fazer algumas e ir lá dizimar aquela mansão e essa vila aqui, mano! Beleza, gente! Acho que chegou a grande hora, eu tô com 6 picaretas TNT aqui e tô com... muitas TNT, TNT, TNT! Primeiro eu vou utilizar nessa vila algumas TNT de picareta, né?""",Avaliador_B,Avaliador_E
6,"Eu preciso mandar você embora! Oh, não! Ela tá sendo teletransportada, pessoal! Para outro lugar! E a gente também vai ser... A gente veio para um outro lugar muito feio, que não é o céu! Uh! Não dá! Não dá para continuar a história! Continuem! Chegou aqui no lugar do mal! E bem-vinda, Peppa Pig! É agora que você vai virar a Pig! Você vai virar a malvada! Não! Mas você é muito feia também, Peppa! Você é muito feia! Eu não sei o que fazer com você! Ah! Eu vou te levar para o calabouço! Você vai ficar na prisão porque você é muito feia! Gente, a Peppa não é feia! Ela é muito bonita, felanceiro! Ela é muito bonita! Vamos salvar a Peppa da prisão! Por favor! Ela é muito bonita! Ela não pode! Ela é minha amiga! Peppa, eu sou a sua versão no mal! Eu sou a Pig! Mas você é a Peppa lindíssima!",0.961825668811798,0.028950098901987,0.009224179200828,NEG,0.9119893908500672,0.0081469221040606,0.0821015238761901,0.0059817810542881,0.081891119480133,0.0138183226808905,0.0113069349899888,0.62136006,Papile,Roblox,PIGGY CONHECE A PEPPA PIG NO ROBLOX SUPER ENCONTRO [hoWa5ufysK4],,T,T,T,"🎬 Canal: Papile | 🎥 Vídeo: PIGGY CONHECE A PEPPA PIG NO ROBLOX SUPER ENCONTRO [hoWa5ufysK4]
⏱️ Segmento/Index: 6
──────────────────────────────────────────────────
Fala transcrita:
""Eu preciso mandar você embora! Oh, não! Ela tá sendo teletransportada, pessoal! Para outro lugar! E a gente também vai ser... A gente veio para um outro lugar muito feio, que não é o céu! Uh! Não dá! Não dá para continuar a história! Continuem! Chegou aqui no lugar do mal! E bem-vinda, Peppa Pig! É agora que você vai virar a Pig! Você vai virar a malvada! Não! Mas você é muito feia também, Peppa! Você é muito feia! Eu não sei o que fazer com você! Ah! Eu vou te levar para o calabouço! Você vai ficar na prisão porque você é muito feia! Gente, a Peppa não é feia! Ela é muito bonita, felanceiro! Ela é muito bonita! Vamos salvar a Peppa da prisão! Por favor! Ela é muito bonita! Ela não pode! Ela é minha amiga! Peppa, eu sou a sua versão no mal! Eu sou a Pig! Mas você é a Peppa lindíssima!""",Avaliador_B,Avaliador_E
32,"ok vem comigo, Cauê, devagar também você vai ao longe, velho ó, opa, um baúzinho peguei corda, caraca, to bastante corda agora vai, Cacá, desce aí ó, um negocinho fortinho aqui tocha, nossa, aonde a gente chegou poxa, a gente tá ali do lado, velho a gente já tinha conseguido chegar aqui perto ó, Cacá, tem um minério aqui desse lado, velho aqui, ó, deixa eu colocar uma tocha aqui pra dar uma iluminada aqui eu tô tentando entrar, a gente vai quebrar, tá ali? mano, eu vou tirar esse meu baldezinho da cabeça aqui, ele tá muito estranho posicionado aqui, velho defendo vocês, só um guerreiro nossa, vou dar a espada do Spock, velho, é muito forte vai, Cauêzinho, vai cá buscando aí pra frente que eu vou colocando tocha, velho tem slime remanelho ali, hein ó, eu vou colocar uma corda aqui pra gente dar um fora daqui, fechou? vem, galera ó, olha que dá hora, olha que dá hora, olha a cordinha iiiiiiihuuu só pular nela, Pock, e fica mais fácil aí, ó nossa, caraca, o Cauê achou muito minério boa, Cacá calma, calma, vamos levar isso tudo pra casa, velho nossa, mano, tem muito minério cara, a gente só tá encontrando estanho aqui no mundo Pock, a sua espada é de estanho, é de estanho mano, estanho tá encontrando pra caramba no mundo ó, vem aqui eu já tô aqui em cima, eu vou voltar lá pra casa, fechou?",0.0595883019268512,0.8488113880157471,0.0916002765297889,NEU,0.2263616621494293,0.0034610675647854,0.0460183024406433,0.0022665036376565,0.0413219518959522,0.0058414032682776,0.0089709646999835,0.36095104,AuthenticGames,Minecraft,UMA AVENTURA no TERRARIA com MEUS AMIGOS - FILME [JO9Jyd8YuCI],,GZ,GZ,GZ,"🎬 Canal: AuthenticGames | 🎥 Vídeo: UMA AVENTURA no TERRARIA com MEUS AMIGOS - FILME [JO9Jyd8YuCI]
⏱️ Segmento/Index: 32
──────────────────────────────────────────────────
Fala transcrita:
""ok vem comigo, Cauê, devagar também você vai ao longe, velho ó, opa, um baúzinho peguei corda, caraca, to bastante corda agora vai, Cacá, desce aí ó, um negocinho fortinho aqui tocha, nossa, aonde a gente chegou poxa, a gente tá ali do lado, velho a gente já tinha conseguido chegar aqui perto ó, Cacá, tem um minério aqui desse lado, velho aqui, ó, deixa eu colocar uma tocha aqui pra dar uma iluminada aqui eu tô tentando entrar, a gente vai quebrar, tá ali? mano, eu vou tirar esse meu baldezinho da cabeça aqui, ele tá muito estranho posicionado aqui, velho defendo vocês, só um guerreiro nossa, vou dar a espada do Spock, velho, é muito forte vai, Cauêzinho, vai cá buscando aí pra frente que eu vou colocando tocha, velho tem slime remanelho ali, hein ó, eu vou colocar uma corda aqui pra gente dar um fora daqui, fechou? vem, galera ó, olha que dá hora, olha que dá hora, olha a cordinha iiiiiiihuuu só pular nela, Pock, e fica mais fácil aí, ó nossa, caraca, o Cauê achou muito minério boa, Cacá calma, calma, vamos levar isso tudo pra casa, velho nossa, mano, tem muito minério cara, a gente só tá encontrando estanho aqui no mundo Pock, a sua espada é de estanho, é de estanho mano, estanho tá encontrando pra caramba no mundo ó, vem aqui eu já tô aqui em cima, eu vou voltar lá pra casa, fechou?""",Avaliador_B,Avaliador_E
18,dragão mano em bafo ali em cima será que eu consigo pegar estamos aqui mano estamos com bafo do dragão agora a gente coloca isso aqui isso aqui e a gente faz o pulo e que isso caraca que loucura bicho mano essa arma que o dragão dá vei o gg na aqui um pouco o pulo do dragão é bem um pulo ele dá uma arma muito maluca nossa calma no dragão esse que dá muito dano é difícil acertar ele aparentemente mas vamos esperar não vamos esperar tá pelo que eu vi eu consigo tirar isso aqui mano tá isso é bom isso é bom não precisa ficar usando eu quero tentar destruir os outros cristais olha só vou subir um pelar aqui olha só isso aqui mano que sensacional vei o pulo do dragão é o melhor de todos ele remessa uma tnt muito doida estou aqui muito alto já em qualquer lugar que eu atirar ela dá dano do dragão mano que negócio mais maluco,0.0932629331946373,0.3422667682170868,0.5644702911376953,POS,0.9441587924957277,0.0187866669148206,0.0833495333790779,0.0115296486765146,0.0766177773475647,0.0144160566851496,0.0495856069028377,0.4575469,Geleia,Minecraft,nova atualização dos pulos do minecraft [Q42kFTt0jyw],,T,T,T,"🎬 Canal: Geleia | 🎥 Vídeo: nova atualização dos pulos do minecraft [Q42kFTt0jyw]
⏱️ Segmento/Index: 18
──────────────────────────────────────────────────
Fala transcrita:
""dragão mano em bafo ali em cima será que eu consigo pegar estamos aqui mano estamos com bafo do dragão agora a gente coloca isso aqui isso aqui e a gente faz o pulo e que isso caraca que loucura bicho mano essa arma que o dragão dá vei o gg na aqui um pouco o pulo do dragão é bem um pulo ele dá uma arma muito maluca nossa calma no dragão esse que dá muito dano é difícil acertar ele aparentemente mas vamos esperar não vamos esperar tá pelo que eu vi eu consigo tirar isso aqui mano tá isso é bom isso é bom não precisa ficar usando eu quero tentar destruir os outros cristais olha só vou subir um pelar aqui olha só isso aqui mano que sensacional vei o pulo do dragão é o melhor de todos ele remessa uma tnt muito doida estou aqui muito alto já em qualquer lugar que eu atirar ela dá dano do dragão mano que negócio mais maluco""",Avaliador_B,Avaliador_E
2,"Morre Tchê Que palavra aquele Meu Deus, daí reinicia mami, vê ai se reinicia É, eles mandam 10 tapas Lulu Ai então não reinicia né gente Vai Lulu, como você é? Eu to com 18 Ai meu Deus do céu Meu Deus do céu mami Nossa o Miguelinho, você viu que tem um Miguelinho que ele solta alguma coisa assim? Pois é, o tapa dele é super sonico É, o que é isso mami? Tem que pegar esses docinhos, é melancia sei lá Cuidado que se ele te dar um tapa ai você volta para fora Ai meu Deus Mas mami você pode voltar Pode Então vou voltar Lulu Então volta Ai meu Deus Mas então você não morre Será? Acabou E agora? Eu também aconteceu isso Lulu, com 24 tapinhas você?",0.5228872299194336,0.3120259642601013,0.1650867909193039,NEG,0.7551634907722473,0.0098932795226573,0.0586325339972972,0.0066865389235317,0.0368882901966571,0.0212056264281272,0.0130886901170015,0.295883,Luluca Games,Roblox,BATALHA DE TAPAS NO ROBLOX Slap Battles [e7WnQUrJ4vc],0.5228877663612366,GZ,GZ,GZ,"🎬 Canal: Luluca Games | 🎥 Vídeo: BATALHA DE TAPAS NO ROBLOX Slap Battles [e7WnQUrJ4vc]
⏱️ Segmento/Index: 2
──────────────────────────────────────────────────
Fala transcrita:
""Morre Tchê Que palavra aquele Meu Deus, daí reinicia mami, vê ai se reinicia É, eles mandam 10 tapas Lulu Ai então não reinicia né gente Vai Lulu, como você é? Eu to com 18 Ai meu Deus do céu Meu Deus do céu mami Nossa o Miguelinho, você viu que tem um Miguelinho que ele solta alguma coisa assim? Pois é, o tapa dele é super sonico É, o que é isso mami? Tem que pegar esses docinhos, é melancia sei lá Cuidado que se ele te dar um tapa ai você volta para fora Ai meu Deus Mas mami você pode voltar Pode Então vou voltar Lulu Então volta Ai meu Deus Mas então você não morre Será? Acabou E agora? Eu também aconteceu isso Lulu, com 24 tapinhas você?""",Avaliador_B,Avaliador_E
57,"É a minha chance de colocar a cama e explodir ela. Olha o tanto de vida que ele perdeu! Mas olha a minha chance, ele desceu de novo. Venha aqui, cama! Nossa, quase que é o meu fim. Melhor eu vim aqui rápido e colocar mais uma cama. Você deve estar vindo. Não, de novo, de novo, Underpill! Nossa, essa foi por muito pouco. Que sorte que eu consegui pegar Underpill no meu inventário. Aí ele está descendo de novo. É a minha chance, venha aqui. Agora coloca a cama, não! A cama bugou, agora sim! Aí, boa! Consegui derrotar ele. E agora eu consegui um Morph! Deixa eu pegar e me transformar no Underdragão correndo. O Atus já deve estar vindo. E aí, é melhor eu esconder esse ovo aqui também. Senão o Atus vai descobrir tudo. Espera, mas aqui tem terra. Isso quer dizer que o Caduceus já passou por aqui, sim. Ele já chegou. Será que ele já matou o dragão? A barra do dragão não está aparecendo aqui em cima. Vamos ver. Ah, o dragão está ali. Menos mal, e ainda tem alguns cristais. Provavelmente o Cadres veio matar o dragão e morreu para ele. Aí, agora eu estou pronto para encontrar o Atus.",0.1033135056495666,0.680774986743927,0.2159114927053451,NEU,0.3066756725311279,0.0020810132846236,0.0251510702073574,0.0015492183156311,0.0140146920457482,0.0412912182509899,0.0087910629808902,0.36095104,Cadres,Minecraft,24 Horas Trolando o meu Amigo no Minecraft - O FILME [UJJnyYK5qvI],,GZ,GZ,GZ,"🎬 Canal: Cadres | 🎥 Vídeo: 24 Horas Trolando o meu Amigo no Minecraft - O FILME [UJJnyYK5qvI]
⏱️ Segmento/Index: 57
──────────────────────────────────────────────────
Fala transcrita:
""É a minha chance de colocar a cama e explodir ela. Olha o tanto de vida que ele perdeu! Mas olha a minha chance, ele desceu de novo. Venha aqui, cama! Nossa, quase que é o meu fim. Melhor eu vim aqui rápido e colocar mais uma cama. Você deve estar vindo. Não, de novo, de novo, Underpill! Nossa, essa foi por muito pouco. Que sorte que eu consegui pegar Underpill no meu inventário. Aí ele está descendo de novo. É a minha chance, venha aqui. Agora coloca a cama, não! A cama bugou, agora sim! Aí, boa! Consegui derrotar ele. E agora eu consegui um Morph! Deixa eu pegar e me transformar no Underdragão correndo. O Atus já deve estar vindo. E aí, é melhor eu esconder esse ovo aqui também. Senão o Atus vai descobrir tudo. Espera, mas aqui tem terra. Isso quer dizer que o Caduceus já passou por aqui, sim. Ele já chegou. Será que ele já matou o dragão? A barra do dragão não está aparecendo aqui em cima. Vamos ver. Ah, o dragão está ali. Menos mal, e ainda tem alguns cristais. Provavelmente o Cadres veio matar o dragão e morreu para ele. Aí, agora eu estou pronto para encontrar o Atus.""",Avaliador_B,Avaliador_E
22,"até baixei aqui um pouquinho o volume, velho aí, boa nossa, eu te matei, rimarão, foi sem querer a galera tá falando que o rimarão sumiu, velho uai, galera rimarão, mas você tá aqui com a gente, velho só um minuto peraí, mano INSCREVA-SE NO CANAL E aí E aí E aí E aí E aí E aí E aí E aí E aí E aí e aí E aí E aí Volta meu áudio, volta meu áudio aí, porque eu só quero saber de uma coisa. Quando o meu café vai ficar pronto, mano, só preciso saber... Ô, Rimarão, tá aí, velho? Rimaro? Alô, alô, Rimaro? Rimaro, você tá aí, velho? Eu tô vendo que o Rimaro não tá aqui sempre. Putz. O Rimarão... Acho que, mano... Galera, o Rimaro caiu da live, Fih. O Rimaro largou a gente, tá louco. Ô, Rimarão, volta aí, Fih! Volta pra cá! Ah! Ah! Pelo menos a gente conseguiu já, galera. A gente deu... Ô, mano, eu tô te ouvindo. Parece que tá vivo ainda, Fih. Ele tá mandando assim... Ufa, que cansaço! Meu Deus, aí. Ai, meu... Ai, socorro. Socorro, velho. Ah! Nossa. Alô? Aí, Rimarão, tá vivo? Cadê o Rimaro, mano? Galera, você tá doido, velho. O Rimaro largou a gente aqui.",0.2023251354694366,0.673369824886322,0.1243050545454025,NEU,0.8521982431411743,0.006138171069324,0.0397274605929851,0.0058396812528371,0.1004214137792587,0.0167487934231758,0.010371396318078,0.42349213,AuthenticGames,Minecraft,AUTHENTICGAMES VIROU o BEN 10 no MINECRAFT - Livestream [38hilB0RKrU],,T,T,T,"🎬 Canal: AuthenticGames | 🎥 Vídeo: AUTHENTICGAMES VIROU o BEN 10 no MINECRAFT - Livestream [38hilB0RKrU]
⏱️ Segmento/Index: 22
──────────────────────────────────────────────────
Fala transcrita:
""até baixei aqui um pouquinho o volume, velho aí, boa nossa, eu te matei, rimarão, foi sem querer a galera tá falando que o rimarão sumiu, velho uai, galera rimarão, mas você tá aqui com a gente, velho só um minuto peraí, mano INSCREVA-SE NO CANAL E aí E aí E aí E aí E aí E aí E aí E aí E aí E aí e aí E aí E aí Volta meu áudio, volta meu áudio aí, porque eu só quero saber de uma coisa. Quando o meu café vai ficar pronto, mano, só preciso saber... Ô, Rimarão, tá aí, velho? Rimaro? Alô, alô, Rimaro? Rimaro, você tá aí, velho? Eu tô vendo que o Rimaro não tá aqui sempre. Putz. O Rimarão... Acho que, mano... Galera, o Rimaro caiu da live, Fih. O Rimaro largou a gente, tá louco. Ô, Rimarão, volta aí, Fih! Volta pra cá! Ah! Ah! Pelo menos a gente conseguiu já, galera. A gente deu... Ô, mano, eu tô te ouvindo. Parece que tá vivo ainda, Fih. Ele tá mandando assim... Ufa, que cansaço! Meu Deus, aí. Ai, meu... Ai, socorro. Socorro, velho. Ah! Nossa. Alô? Aí, Rimarão, tá vivo? Cadê o Rimaro, mano? Galera, você tá doido, velho. O Rimaro largou a gente aqui.""",Avaliador_B,Avaliador_E
15,"Agora eu tenho dois gatos! Os aldeões estão dormindo. E acho melhor eu dormir também, porque se não vai ter um ataque zumbi aqui na vila. Seu maldito! Malditão! Para de atacar esse aldeo! Nossa! Toma isso! Tive que salvar ali o aldeão. Cadê os gatos? Cadê os gatos? Ai caraca. É melhor dormir. A minha cama ficou lá! Cadê os meus gatos? Cadê a faísca? Era pra aparecer junto comigo. Nossa! Desse jeito eu vou morrer durante a noite. Assim não vou conseguir. Não vou conseguir sobreviver. Tô preocupado com os meus gatos. Eles ficaram na vila. Mas era pros gatos ficarem comigo. Eu não deixei nenhum deles sentados. Gatinho só fica longe quando deixa sentado. Ai ele para de seguir. Ah! Olha eles aí! Apareceram! Agora eu vou dormir. Porque eu não quero que essa vila seja destruída. Sai da minha cama! Sai pra lá! Essa cama é minha! Agora sim! Durante o dia vai ser bem melhor.",0.9512532949447632,0.0278778932988643,0.0208688173443079,NEG,0.938743770122528,0.0132046611979603,0.8791120648384094,0.0053774523548781,0.128358706831932,0.0109132397919893,0.0100262938067317,0.54823303,Robin Hood Gamer,Minecraft,Minecraft mas a cada minuto você mudará de lugar... [G13Gryk4350],,T,T,T,"🎬 Canal: Robin Hood Gamer | 🎥 Vídeo: Minecraft mas a cada minuto você mudará de lugar... [G13Gryk4350]
⏱️ Segmento/Index: 15
──────────────────────────────────────────────────
Fala transcrita:
""Agora eu tenho dois gatos! Os aldeões estão dormindo. E acho melhor eu dormir também, porque se não vai ter um ataque zumbi aqui na vila. Seu maldito! Malditão! Para de atacar esse aldeo! Nossa! Toma isso! Tive que salvar ali o aldeão. Cadê os gatos? Cadê os gatos? Ai caraca. É melhor dormir. A minha cama ficou lá! Cadê os meus gatos? Cadê a faísca? Era pra aparecer junto comigo. Nossa! Desse jeito eu vou morrer durante a noite. Assim não vou conseguir. Não vou conseguir sobreviver. Tô preocupado com os meus gatos. Eles ficaram na vila. Mas era pros gatos ficarem comigo. Eu não deixei nenhum deles sentados. Gatinho só fica longe quando deixa sentado. Ai ele para de seguir. Ah! Olha eles aí! Apareceram! Agora eu vou dormir. Porque eu não quero que essa vila seja destruída. Sai da minha cama! Sai pra lá! Essa cama é minha! Agora sim! Durante o dia vai ser bem melhor.""",Avaliador_B,Avaliador_E
29,"Consegui, Atus! Achei! O quê? Achei os seus diamantes e a sua base secreta Eu vencei! Ah, aquela casa foi só pra me trollar É óbvio, né, Atus? Lá dentro não tinha nada Na verdade, o esconderijo tava aqui do lado Era só você vinha andando Olha o baú aqui, ó Tá cheio de terra dentro É o baú certo! Ah não, não acredito nisso! Ainda bem que o Atus é bobão e eu consegui vencer ele Bobão é você! Volta aqui! Volta aqui! Ai, fode!",0.1770592927932739,0.6026282906532288,0.2203124165534973,NEU,0.9816640615463256,0.0141187822446227,0.0810896828770637,0.0075865630060434,0.0758199170231819,0.0056772730313241,0.0560891069471836,0.5921536,Cadres,Minecraft,CASA SEGURA de R1 vs R1.000.00000 no minecraft [F3MP_yS_1SM],,T,T,T,"🎬 Canal: Cadres | 🎥 Vídeo: CASA SEGURA de R1 vs R1.000.00000 no minecraft [F3MP_yS_1SM]
⏱️ Segmento/Index: 29
──────────────────────────────────────────────────
Fala transcrita:
""Consegui, Atus! Achei! O quê? Achei os seus diamantes e a sua base secreta Eu vencei! Ah, aquela casa foi só pra me trollar É óbvio, né, Atus? Lá dentro não tinha nada Na verdade, o esconderijo tava aqui do lado Era só você vinha andando Olha o baú aqui, ó Tá cheio de terra dentro É o baú certo! Ah não, não acredito nisso! Ainda bem que o Atus é bobão e eu consegui vencer ele Bobão é você! Volta aqui! Volta aqui! Ai, fode!""",Avaliador_B,Avaliador_E
11,"Vamos treinar o cavalo. Aí ele fica andando em círculos, em círculos. Tá, vamos! Olha, o cavalinho vai ficando andando em círculos. Anda em círculos o cavalinho. Assim? É, aí ele fica andando em círculos. É porque o cavalinho, é porque quando o cavalinho não tá treinado, ele não consegue andar direito. Aí fica difícil, né? Olha, agora ele aumentou de nível. Aumentou. Também aumentou. É, aumentou, aumentou. Gente, mas agora ele tá com fome. Fome. Como é que tá com fome? Tadinho. Lá, diz ele que eu tenho. O que você tem, amantinha? Aqui. Cadê? Aqui. Que isso? É um peixe, amante? Um peixe?",0.7921345829963684,0.1796600073575973,0.0282054655253887,NEG,0.0136605994775891,0.0001692859368631,0.0111307902261614,0.0002336937759537,0.0038400038611143,0.0002091080677928,0.0015283011598512,0.17285149,Lokis,Roblox,CAVALO DO LOKIS  Roblox - Horse Valley [Iey1gNSA7cc],,NT,NT,NT,"🎬 Canal: Lokis | 🎥 Vídeo: CAVALO DO LOKIS  Roblox - Horse Valley [Iey1gNSA7cc]
⏱️ Segmento/Index: 11
──────────────────────────────────────────────────
Fala transcrita:
""Vamos treinar o cavalo. Aí ele fica andando em círculos, em círculos. Tá, vamos! Olha, o cavalinho vai ficando andando em círculos. Anda em círculos o cavalinho. Assim? É, aí ele fica andando em círculos. É porque o cavalinho, é porque quando o cavalinho não tá treinado, ele não consegue andar direito. Aí fica difícil, né? Olha, agora ele aumentou de nível. Aumentou. Também aumentou. É, aumentou, aumentou. Gente, mas agora ele tá com fome. Fome. Como é que tá com fome? Tadinho. Lá, diz ele que eu tenho. O que você tem, amantinha? Aqui. Cadê? Aqui. Que isso? É um peixe, amante? Um peixe?""",Avaliador_B,Avaliador_E
13,"Olha, meu Deus, derrubou a menina zumbi! Ai, sai, Sofia, sai! Eu sou uma zumbi! Eu vou virar zumbizinho também no laquinho. Joga, joga, joga, joga, joga o arzinho de zumbizinho. Vira o zumbizinho. Mica, a mandinha. Não, não! Olha a minha cabeça, a gente tá mexendo muito! Fica rolando, ha, ha, ha, ha, ha, ha! Ai, tá rolando muito o meu cabeçal, gente! Ai, tá rolando muito! Nossa mãe! Eu vou ficar tontinho. Vamos nessa máquina! Vai, Mica, sua vez nessa máquina, vai. Vai, pá, pá, pá, pá! Essa é a máquina aumenta a cabeça. Ficou o cabeço gigante! Essa é a cabeça, a cabeça de ficar com cabeção, né? Cabeção. Aí, gostei, gostei, foi legal, né? Legal, né? É! Vamos nessa aqui, agora essa aqui? Ih, legal! É o liquidificador, rapaz! É o liquidificador! Ai, tô preso!",0.2557813227176666,0.5922734141349792,0.1519452184438705,NEU,0.3364222645759582,0.0013838459271937,0.0291003752499818,0.002467252779752,0.0523613579571247,0.0061730425804853,0.0124564561992883,0.37751234,Lokis,Roblox,MÁQUINA MALUCA DE AMASSAR  Roblox - Squish [0h8dUvuk1i0],,GZ,GZ,GZ,"🎬 Canal: Lokis | 🎥 Vídeo: MÁQUINA MALUCA DE AMASSAR  Roblox - Squish [0h8dUvuk1i0]
⏱️ Segmento/Index: 13
──────────────────────────────────────────────────
Fala transcrita:
""Olha, meu Deus, derrubou a menina zumbi! Ai, sai, Sofia, sai! Eu sou uma zumbi! Eu vou virar zumbizinho também no laquinho. Joga, joga, joga, joga, joga o arzinho de zumbizinho. Vira o zumbizinho. Mica, a mandinha. Não, não! Olha a minha cabeça, a gente tá mexendo muito! Fica rolando, ha, ha, ha, ha, ha, ha! Ai, tá rolando muito o meu cabeçal, gente! Ai, tá rolando muito! Nossa mãe! Eu vou ficar tontinho. Vamos nessa máquina! Vai, Mica, sua vez nessa máquina, vai. Vai, pá, pá, pá, pá! Essa é a máquina aumenta a cabeça. Ficou o cabeço gigante! Essa é a cabeça, a cabeça de ficar com cabeção, né? Cabeção. Aí, gostei, gostei, foi legal, né? Legal, né? É! Vamos nessa aqui, agora essa aqui? Ih, legal! É o liquidificador, rapaz! É o liquidificador! Ai, tô preso!""",Avaliador_B,Avaliador_E
5,"Eu já deixei um joinha e me inscrevi no canal e eu sou lindo. Ou linda, né? Então, beleza, já tem essa informação mega passada aqui, Pacão. Descobri que os meus inscritos são lindos, aí. Eu já tinha certeza. É, putz. Eu acho que eu tava com delay a minha informação. Paco, onde que é o nosso vestiário? Aqui é o meu quarto. Onde? Aqui, ó. Eita, pai! Nossa, mano! Vai brincando. Olha aqui meus tenezinhos, se bem que eu sou descalço, né? Nossa, Pacão, você fica com o pé barrindo porque você quer, né, velho? Exatamente. Eu tô querendo ir no vestiário porque eu não sinto que essa nossa roupa é uma roupa muito de espião, né, velho? Fica meio, sei lá. A gente precisa de uma roupa, galera, que seja mais característica da série. Tipo, o meu óculos, ele deu esse pano, né, velho? Porque é um óculos de espião, não sei a gente, né, mano? Mas o tchan, tchan, tchan não foi, Pacão. O seu quarto deve ser em cima. Não, meu quarto é aqui, ó. Uhul! Pula na cama! Pula! Cara, meu quarto tá... Você vê que em todo lugar tem um telefone para eu atender e falar assim...",0.040640577673912,0.1894792020320892,0.7698802947998047,POS,0.2362208813428878,0.0032603647559881,0.0420004241168499,0.0056692063808441,0.0414608530700206,0.0024423946160823,0.017774386331439,0.36456755,AuthenticGames,Minecraft,AGENTE SECRETO AUTHENTICGAMES  - Minecraft Espiões Vs Espiões 01 [L_o0RVfVNjM],,GZ,GZ,GZ,"🎬 Canal: AuthenticGames | 🎥 Vídeo: AGENTE SECRETO AUTHENTICGAMES  - Minecraft Espiões Vs Espiões 01 [L_o0RVfVNjM]
⏱️ Segmento/Index: 5
──────────────────────────────────────────────────
Fala transcrita:
""Eu já deixei um joinha e me inscrevi no canal e eu sou lindo. Ou linda, né? Então, beleza, já tem essa informação mega passada aqui, Pacão. Descobri que os meus inscritos são lindos, aí. Eu já tinha certeza. É, putz. Eu acho que eu tava com delay a minha informação. Paco, onde que é o nosso vestiário? Aqui é o meu quarto. Onde? Aqui, ó. Eita, pai! Nossa, mano! Vai brincando. Olha aqui meus tenezinhos, se bem que eu sou descalço, né? Nossa, Pacão, você fica com o pé barrindo porque você quer, né, velho? Exatamente. Eu tô querendo ir no vestiário porque eu não sinto que essa nossa roupa é uma roupa muito de espião, né, velho? Fica meio, sei lá. A gente precisa de uma roupa, galera, que seja mais característica da série. Tipo, o meu óculos, ele deu esse pano, né, velho? Porque é um óculos de espião, não sei a gente, né, mano? Mas o tchan, tchan, tchan não foi, Pacão. O seu quarto deve ser em cima. Não, meu quarto é aqui, ó. Uhul! Pula na cama! Pula! Cara, meu quarto tá... Você vê que em todo lugar tem um telefone para eu atender e falar assim...""",Avaliador_B,Avaliador_E
8,"Calma, Neymar, eu tô até com a camisa do Brasil, filho. Ele tá avançando muito rápido, Marcelo. Olha onde ele chegou, Eduarda, no tapete vermelho. E eu acho que ele vai andar, porque ele é bobo, ele é bobo, ele é bobo. Ele vai com certeza. O cabelo dele, o cabelo dele tá vermelho. Menino, sai daí. Sai daí, Neymar, você tá doente, tem que jogar na seleção, menino. Eduarda, calma, cara. Tu acha que o Neymar vai sumir aqui, vai morrer? Não vai. O Neymar é o melhor jogador do Brasil. Então ele não tem como ficar... Eu também acho, Marcelo, que o Neymar é o melhor jogador do Brasil. Sabe por quê? Porque ele é o Camisa 10. Ele é o Camisa 10. Cadê o Neymar, Eduarda? Mas eu fiquei com pena do Neymar. Cheguei! Quem chegou aqui é o Richard Alisson. E agora vocês vão levar um gol e eu ainda vou pegar o meu troféu de volta. Agora ferrou, Eduarda. Olha quem tá aí, Richard Alisson. Meu Deus do céu, ele... O Richard... Minha filha, ele fez gol na Copa do Mundo. Ó o Pombo, vem, Pombo! Vem, Pombo! Eduarda, fala baixo, vamos ver se ele vai saber se isso aqui é ou não.",0.7707512378692627,0.2041960656642913,0.0250527132302522,NEG,0.4603275954723358,0.0001768513320712,0.0044052731245756,0.0007800473831593,0.3630391955375671,0.0003044344484806,0.0006659681675955,0.3827457,Marcelodrv,Minecraft,7 Hacks de construção SEGURA contra os JOGADORES DO BRASIL [IZVs7iDC5qM],,GZ,GZ,GZ,"🎬 Canal: Marcelodrv | 🎥 Vídeo: 7 Hacks de construção SEGURA contra os JOGADORES DO BRASIL [IZVs7iDC5qM]
⏱️ Segmento/Index: 8
──────────────────────────────────────────────────
Fala transcrita:
""Calma, Neymar, eu tô até com a camisa do Brasil, filho. Ele tá avançando muito rápido, Marcelo. Olha onde ele chegou, Eduarda, no tapete vermelho. E eu acho que ele vai andar, porque ele é bobo, ele é bobo, ele é bobo. Ele vai com certeza. O cabelo dele, o cabelo dele tá vermelho. Menino, sai daí. Sai daí, Neymar, você tá doente, tem que jogar na seleção, menino. Eduarda, calma, cara. Tu acha que o Neymar vai sumir aqui, vai morrer? Não vai. O Neymar é o melhor jogador do Brasil. Então ele não tem como ficar... Eu também acho, Marcelo, que o Neymar é o melhor jogador do Brasil. Sabe por quê? Porque ele é o Camisa 10. Ele é o Camisa 10. Cadê o Neymar, Eduarda? Mas eu fiquei com pena do Neymar. Cheguei! Quem chegou aqui é o Richard Alisson. E agora vocês vão levar um gol e eu ainda vou pegar o meu troféu de volta. Agora ferrou, Eduarda. Olha quem tá aí, Richard Alisson. Meu Deus do céu, ele... O Richard... Minha filha, ele fez gol na Copa do Mundo. Ó o Pombo, vem, Pombo! Vem, Pombo! Eduarda, fala baixo, vamos ver se ele vai saber se isso aqui é ou não.""",Avaliador_B,Avaliador_E
27,"Nível 60! A cópia do nível 1! É a mesma coisa do nível 1! Só que agora, em vez de lava ali, tem água! Vamos pular ali em cima e pronto! Só esperar eu morrer! E morri! Afogado! Nível 61! Só uma janela está aberta! Qual delas? Aquelas lá de cima! Ah, eu ganhei superpulo! E agora eu vou vir aqui! Ou talvez nessa! Ou nessa aqui! Eu tenho que conseguir! Talvez seja essa aqui! Vai! Uuuuuuuh! Achei a janela! Que isso! Eu sobrevivi! Nossa, então eu tenho que acertar o vácuo! Pulei muito alto e agora eu quero cair no vácuo! Vai! Acertei! Adeus mundo! Nível 62! A corrida da TNT! Vamos ativar todas as TNTs e chegar até o final! Antes delas explodirem! Boa! Nível 63! O botão não está no labirinto! Se ele não está no labirinto, onde ele está? Eu acho que eu sei! Eles estão no teto! Morri! Acertei o botão! Encontre o buraco da cegueira!",0.1059175059199333,0.8478492498397827,0.0462332256138324,NEU,0.220404252409935,0.0009086532518267,0.0086101647466421,0.0007046436076052,0.0046030306257307,0.0956373587250709,0.0014673441182821,0.36095104,Athos,Minecraft,75 Maneiras de Morrer no Minecraft... [xuA47pExwmc],,GZ,GZ,GZ,"🎬 Canal: Athos | 🎥 Vídeo: 75 Maneiras de Morrer no Minecraft... [xuA47pExwmc]
⏱️ Segmento/Index: 27
──────────────────────────────────────────────────
Fala transcrita:
""Nível 60! A cópia do nível 1! É a mesma coisa do nível 1! Só que agora, em vez de lava ali, tem água! Vamos pular ali em cima e pronto! Só esperar eu morrer! E morri! Afogado! Nível 61! Só uma janela está aberta! Qual delas? Aquelas lá de cima! Ah, eu ganhei superpulo! E agora eu vou vir aqui! Ou talvez nessa! Ou nessa aqui! Eu tenho que conseguir! Talvez seja essa aqui! Vai! Uuuuuuuh! Achei a janela! Que isso! Eu sobrevivi! Nossa, então eu tenho que acertar o vácuo! Pulei muito alto e agora eu quero cair no vácuo! Vai! Acertei! Adeus mundo! Nível 62! A corrida da TNT! Vamos ativar todas as TNTs e chegar até o final! Antes delas explodirem! Boa! Nível 63! O botão não está no labirinto! Se ele não está no labirinto, onde ele está? Eu acho que eu sei! Eles estão no teto! Morri! Acertei o botão! Encontre o buraco da cegueira!""",Avaliador_B,Avaliador_E
6,"Oi, Atus, Atus, eu não tá fazendo nada, não Volta lá pro seu Voltei, voltei, voltei Olha o tamanho do Venom dele Nossa, o Atus me viu espionando Mas agora ele vai ver só Ele ainda tem dois minutos pra procurar a Esquimetic E eu não vou deixar ele ficar procurando não Eu vou entrar aqui no espectador e vou trollar ele nesse tempo Nossa, olha a construção dele Não, mas agora ele vai ver só A primeira coisa que eu vou fazer vai ser cair TNT aqui embaixo Então vem aqui e coloca TNT em tudo Tá caindo Cainhos Para de cair Cainhos na minha construção Eu vou colar de novo Eu vou colar a Esquimetic de novo, vai Ah, mas não, ele tá colando a construção dele, olha isso Ele tá conseguindo regenerar ela Ah, mas se ele pensa que vai ser fácil assim Ele tá muito enganado, ele ainda tem um minuto E eu não vou deixar ele procurar mais nenhuma Então eu vou pegar e vim aqui agora e tirar a Esquimetic dele Barra Esquem, agora eu digito remove e digito Coringa E depois Atus E agora eu só preciso dar um enter E pronto, eu removi a construção dele E agora ele vai ver só Eu vou pegar e sumanar um raio aqui só pra pegar fogo Ai, e agora estão aparecendo raios, tá pegando fogo E eu vou ativar um comando pra pegar fogo muito mais rápido Rando o Stick Pistol mil Vai lá, pega fogo em tudo, pega fogo em tudo Eu vou até fazer cair mais raio pra pegar ainda mais fogo Ah, tá caindo raio na minha construção e tá tudo pegando fogo Mas eu não preciso me preocupar porque eu tenho Esquemetic do Coringa salvo Pode cair raio em tudo, eu não me importo Ah, quer saber? Por que não colocar lava de uma vez? Ai, olha ali na direita o Atus só tem mais 10 segundos Ele não tem mais tempo pra fazer nada, eu vou voltar pra casinha Tem lava, tá aparecendo lava Nada disso importa, sabe por quê? Eu vou vir aqui e vou carregar o Coringa de novo, pronto E agora eu vou colar ele aqui Ué, ué, é só um bloco? Não, cadê meu Coringa?",0.138858675956726,0.7606607675552368,0.1004804968833923,NEU,0.2920220196247101,0.0110353855416178,0.0523905865848064,0.0069492519833147,0.0488498136401176,0.0065208710730075,0.0052590458653867,0.3302291,Cadres,Minecraft,Trolei meu AMIGO com PIKACHU PRONTO na BATALHA DE CONSTRUÇÃO do MINECRAFT [XgtJEOSJDgs],,GZ,GZ,GZ,"🎬 Canal: Cadres | 🎥 Vídeo: Trolei meu AMIGO com PIKACHU PRONTO na BATALHA DE CONSTRUÇÃO do MINECRAFT [XgtJEOSJDgs]
⏱️ Segmento/Index: 6
──────────────────────────────────────────────────
Fala transcrita:
""Oi, Atus, Atus, eu não tá fazendo nada, não Volta lá pro seu Voltei, voltei, voltei Olha o tamanho do Venom dele Nossa, o Atus me viu espionando Mas agora ele vai ver só Ele ainda tem dois minutos pra procurar a Esquimetic E eu não vou deixar ele ficar procurando não Eu vou entrar aqui no espectador e vou trollar ele nesse tempo Nossa, olha a construção dele Não, mas agora ele vai ver só A primeira coisa que eu vou fazer vai ser cair TNT aqui embaixo Então vem aqui e coloca TNT em tudo Tá caindo Cainhos Para de cair Cainhos na minha construção Eu vou colar de novo Eu vou colar a Esquimetic de novo, vai Ah, mas não, ele tá colando a construção dele, olha isso Ele tá conseguindo regenerar ela Ah, mas se ele pensa que vai ser fácil assim Ele tá muito enganado, ele ainda tem um minuto E eu não vou deixar ele procurar mais nenhuma Então eu vou pegar e vim aqui agora e tirar a Esquimetic dele Barra Esquem, agora eu digito remove e digito Coringa E depois Atus E agora eu só preciso dar um enter E pronto, eu removi a construção dele E agora ele vai ver só Eu vou pegar e sumanar um raio aqui só pra pegar fogo Ai, e agora estão aparecendo raios, tá pegando fogo E eu vou ativar um comando pra pegar fogo muito mais rápido Rando o Stick Pistol mil Vai lá, pega fogo em tudo, pega fogo em tudo Eu vou até fazer cair mais raio pra pegar ainda mais fogo Ah, tá caindo raio na minha construção e tá tudo pegando fogo Mas eu não preciso me preocupar porque eu tenho Esquemetic do Coringa salvo Pode cair raio em tudo, eu não me importo Ah, quer saber? Por que não colocar lava de uma vez? Ai, olha ali na direita o Atus só tem mais 10 segundos Ele não tem mais tempo pra fazer nada, eu vou voltar pra casinha Tem lava, tá aparecendo lava Nada disso importa, sabe por quê? Eu vou vir aqui e vou carregar o Coringa de novo, pronto E agora eu vou colar ele aqui Ué, ué, é só um bloco? Não, cadê meu Coringa?""",Avaliador_B,Avaliador_E
1,"Sai daqui, você é pobre, você não tem dinheiro. Ai, ele me ofendeu, ele falou que eu não tenho dinheiro, falou que era pra eu sair daqui. Mas eu vou provar pro seu Zé que eu posso ficar rico também. Tem um lugar que os bebês ficam no mapa, é uma creche. Eu fui pra creche pra ver se as professorinhas de lá me dão banho, porque eu tô muito sujinho e tô fedorentinho. Ai, eu não aguento mais esse cheiro. É esse lugar aqui. Vamos tentar abrir esse alçapão e cair lá dentro. Ah, tem vários bebezatos. E o pior de tudo, eles estão vestindo um casaco de cadres. Mas que casaco horroroso é esse que vocês estão usando? Tira isso! Eles tem um martelão. Olha só, esse martelão que eu peguei. E eu posso usar pra atacar animais, ou até atacar eles que estão usando essa coisa horrorosa. Ai, eles estão me batendo. Ah, quer saber de uma coisa? Deixa esses bebês trancados aí. Eles que esperem os pais deles virem buscar eles. E eu vou agora usar o meu machadão pra conseguir comida, porque eu preciso comer pra crescer. Então eu encontrei várias vaquinhas. Só que elas estão no lugar errado.",0.9640562534332277,0.0263707153499126,0.0095731131732463,NEG,0.2794621586799621,0.0005437844665721,0.0165760144591331,0.0021283603273332,0.0715002492070198,0.0231949687004089,0.0038377775344997,0.36095104,Athos,Minecraft,24 Horas pra Ficar Milionário no Minecraft [3On8cuGxnE0],,GZ,GZ,GZ,"🎬 Canal: Athos | 🎥 Vídeo: 24 Horas pra Ficar Milionário no Minecraft [3On8cuGxnE0]
⏱️ Segmento/Index: 1
──────────────────────────────────────────────────
Fala transcrita:
""Sai daqui, você é pobre, você não tem dinheiro. Ai, ele me ofendeu, ele falou que eu não tenho dinheiro, falou que era pra eu sair daqui. Mas eu vou provar pro seu Zé que eu posso ficar rico também. Tem um lugar que os bebês ficam no mapa, é uma creche. Eu fui pra creche pra ver se as professorinhas de lá me dão banho, porque eu tô muito sujinho e tô fedorentinho. Ai, eu não aguento mais esse cheiro. É esse lugar aqui. Vamos tentar abrir esse alçapão e cair lá dentro. Ah, tem vários bebezatos. E o pior de tudo, eles estão vestindo um casaco de cadres. Mas que casaco horroroso é esse que vocês estão usando? Tira isso! Eles tem um martelão. Olha só, esse martelão que eu peguei. E eu posso usar pra atacar animais, ou até atacar eles que estão usando essa coisa horrorosa. Ai, eles estão me batendo. Ah, quer saber de uma coisa? Deixa esses bebês trancados aí. Eles que esperem os pais deles virem buscar eles. E eu vou agora usar o meu machadão pra conseguir comida, porque eu preciso comer pra crescer. Então eu encontrei várias vaquinhas. Só que elas estão no lugar errado.""",Avaliador_B,Avaliador_E
59,"Se você matar, vai multiplicando, velho! Caiu, caiu, caiu. Não, Iago, joga ele dentro do buraco. Não, não, joga ele dentro do buraco. Aqui, ele tá vindo atrás de mim, ó. Tem que deixar esses bichos tudo aí dentro. Vai, Pokão. Aí, ó, pronto. Mano, você tá doido, velho. Pokão, Iago, eu vou fazer um balde aqui agora pra gente, pra gente poder dar um fora daqui. Joga a lava aí! Vem, vem, puxa, porra ele, Pokão, porra ele, porra ele. Ai, seu arvore! Essa armadilha deu boi, essa armadilha, hein! Tá, Iago, é um Pokão. Vamos achar agora, a gente tem que achar uma vaca, velho. Vamos embora, vamos embora, vamos embora achar uma vaca. Tirar esse efeito de fome da gente, mano. 20 minutos depois... Aqui, achei, achei, achei! Spock, Iago, achei a vaca! Meu Deus, tem um creeper do lado, tem um creeper do lado. Vou pegar aqui agora. Nossa, explodiu. Matou a vaca, a única vaca que tinha aqui, ó. Peguei, peguei, peguei. Toma, Iago! Toma, Iago, toma esse daí, velho. Calma.",0.4500361979007721,0.4372428059577942,0.1127209737896919,NEG,0.8579903841018677,0.0069330977275967,0.1382048279047012,0.0023041954264044,0.1788155734539032,0.1366757601499557,0.0114534702152013,0.54325575,AuthenticGames,Minecraft,Minecraft MAS TUDO ACONTECE no JOGO [7bSvZQ815NU],,T,T,T,"🎬 Canal: AuthenticGames | 🎥 Vídeo: Minecraft MAS TUDO ACONTECE no JOGO [7bSvZQ815NU]
⏱️ Segmento/Index: 59
──────────────────────────────────────────────────
Fala transcrita:
""Se você matar, vai multiplicando, velho! Caiu, caiu, caiu. Não, Iago, joga ele dentro do buraco. Não, não, joga ele dentro do buraco. Aqui, ele tá vindo atrás de mim, ó. Tem que deixar esses bichos tudo aí dentro. Vai, Pokão. Aí, ó, pronto. Mano, você tá doido, velho. Pokão, Iago, eu vou fazer um balde aqui agora pra gente, pra gente poder dar um fora daqui. Joga a lava aí! Vem, vem, puxa, porra ele, Pokão, porra ele, porra ele. Ai, seu arvore! Essa armadilha deu boi, essa armadilha, hein! Tá, Iago, é um Pokão. Vamos achar agora, a gente tem que achar uma vaca, velho. Vamos embora, vamos embora, vamos embora achar uma vaca. Tirar esse efeito de fome da gente, mano. 20 minutos depois... Aqui, achei, achei, achei! Spock, Iago, achei a vaca! Meu Deus, tem um creeper do lado, tem um creeper do lado. Vou pegar aqui agora. Nossa, explodiu. Matou a vaca, a única vaca que tinha aqui, ó. Peguei, peguei, peguei. Toma, Iago! Toma, Iago, toma esse daí, velho. Calma.""",Avaliador_B,Avaliador_E
4,"Vamos, vamos O templo está aberto, pessoal, é o templo mais antigo da família No dia seguinte Ah, meu Deus, o que aconteceu comigo? Por que eu tô assim? Destruindo todos os móveis Ah, meu Deus, o que aconteceu? Por que eu tô feia assim? Ah, não, não, não, ninguém pode me ver assim, não, Mei, calma, não se desespera Ninguém, ninguém pode me ver assim, ninguém pode me ver assim Eu vou me esconder Mei? Não, mãe, não Abre a porta, Mei Não, não, não, não Tá bom, Mei, calma, eu já sei o que aconteceu Não, mãe Eu vou resolver a sua situação, filha Não, não, mãe, você não sabe, não Ai, meu Deus, como que eu vou falar pra ela que eu sou um panda vermelho gigante horroroso?",0.878978967666626,0.1071847230195999,0.0138363130390644,NEG,0.4919468462467193,0.0064582247287034,0.0586957037448883,0.0069938106462359,0.0366259813308715,0.0040956479497253,0.0092580448836088,0.2312681,Luluca Games,Roblox,Roblox - A HISTÓRIA DA MENINA QUE VIRA PANDA  PARTE 1 Turning Red Roleplay  Luluca Games [jCDR8ZnhFw4],0.8789789080619812,GZ,GZ,GZ,"🎬 Canal: Luluca Games | 🎥 Vídeo: Roblox - A HISTÓRIA DA MENINA QUE VIRA PANDA  PARTE 1 Turning Red Roleplay  Luluca Games [jCDR8ZnhFw4]
⏱️ Segmento/Index: 4
──────────────────────────────────────────────────
Fala transcrita:
""Vamos, vamos O templo está aberto, pessoal, é o templo mais antigo da família No dia seguinte Ah, meu Deus, o que aconteceu comigo? Por que eu tô assim? Destruindo todos os móveis Ah, meu Deus, o que aconteceu? Por que eu tô feia assim? Ah, não, não, não, ninguém pode me ver assim, não, Mei, calma, não se desespera Ninguém, ninguém pode me ver assim, ninguém pode me ver assim Eu vou me esconder Mei? Não, mãe, não Abre a porta, Mei Não, não, não, não Tá bom, Mei, calma, eu já sei o que aconteceu Não, mãe Eu vou resolver a sua situação, filha Não, não, mãe, você não sabe, não Ai, meu Deus, como que eu vou falar pra ela que eu sou um panda vermelho gigante horroroso?""",Avaliador_B,Avaliador_E
7,"E outro cara chegou e me matou. Que ódio. A Inha foi no murro, morreu também. Vários loot, vários nego bagaçado. Minha meta de ver a porcaria do lugar desse mapa eu não consegui. Hahahaha. Olha aí, eu caindo de novo. Eu caí aqui de novo porque eu percebi que a gente perdeu nossa batida só por causa daquela foice que tava pesando muito minhas costas. Chegando lá na frente tinha nego, eu falei, vou dar a volta porque eu não vou cair nessa maradilha de novo. E sim, eu consegui dar a volta. Plutão morreu, eu falei, agora que eu não consigo mais conhecer o mapa de novo. Aí, eu falei, eu vou fugir, que eu tenho certeza que o problema é esse lugar aqui que atrai inimigo. Aí, se estes dias ir embora, eu falei, eu vou dar um teco em alguém só pra perturbar. Dei um teco no cara e saí correndo. Hahahaha. E piquei e acabou sobrando pra Aninha que ficou com ele lá. Eu falei, vem Aninha, pela orla. Cara seguindo a Aninha, eu falei, eu vou morrer, mas eu vou morrer na praia do Caribe belíssima. Vamos parabenizar o Fifari. Olhem que água belíssima pra você passar as férias com o seu duo. Gente, da cor dos meus olhos. Dei uma nadadinha aqui antes de ir embora e eu dei um passeio de tirolesa.",0.9789231419563292,0.0139678111299872,0.0071090869605541,NEG,0.8160620927810669,0.0067282766103744,0.1256545782089233,0.0043318476527929,0.0694130212068557,0.0138088269159197,0.0053121247328817,0.50789946,Amy Scarlet,Roblox,Novo Mapa do Free Fire [-145pPjxFMo],,T,T,T,"🎬 Canal: Amy Scarlet | 🎥 Vídeo: Novo Mapa do Free Fire [-145pPjxFMo]
⏱️ Segmento/Index: 7
──────────────────────────────────────────────────
Fala transcrita:
""E outro cara chegou e me matou. Que ódio. A Inha foi no murro, morreu também. Vários loot, vários nego bagaçado. Minha meta de ver a porcaria do lugar desse mapa eu não consegui. Hahahaha. Olha aí, eu caindo de novo. Eu caí aqui de novo porque eu percebi que a gente perdeu nossa batida só por causa daquela foice que tava pesando muito minhas costas. Chegando lá na frente tinha nego, eu falei, vou dar a volta porque eu não vou cair nessa maradilha de novo. E sim, eu consegui dar a volta. Plutão morreu, eu falei, agora que eu não consigo mais conhecer o mapa de novo. Aí, eu falei, eu vou fugir, que eu tenho certeza que o problema é esse lugar aqui que atrai inimigo. Aí, se estes dias ir embora, eu falei, eu vou dar um teco em alguém só pra perturbar. Dei um teco no cara e saí correndo. Hahahaha. E piquei e acabou sobrando pra Aninha que ficou com ele lá. Eu falei, vem Aninha, pela orla. Cara seguindo a Aninha, eu falei, eu vou morrer, mas eu vou morrer na praia do Caribe belíssima. Vamos parabenizar o Fifari. Olhem que água belíssima pra você passar as férias com o seu duo. Gente, da cor dos meus olhos. Dei uma nadadinha aqui antes de ir embora e eu dei um passeio de tirolesa.""",Avaliador_B,Avaliador_E
1,"Aiii, o meu veneno Ai, eu sou a durante de gui Toma cuidado Aaaaaaaah Peraí, já não foi pego Ele me pegooooooou Não gostei o Gui-Gui Amantinha Oi Você colocou roupinha azul, amantinha Sim Amantinha, você tá parecendo o Gui-Gui, amantinha Tá bom Tá sim, com os aiúdos Todo mundo coloca uma coisa azul pro Gui-Gui não pegar, tá bom? Tá bom Azul Porque se não for azul, o Gui-Gui pega Aaaaaaah, o cabeção tá vindo Olha o cabeção empurrando as bolinhas Ele tá empurrando as bolinhas com o bocão Olha, amantinha, vamos pular no cabeção?",0.1438692659139633,0.6125512719154358,0.2435794323682785,NEU,0.3872075974941253,0.0069476072676479,0.0638162270188331,0.0080013098195195,0.0376005768775939,0.0034876076970249,0.0272670667618513,0.32182294,Lokis,Roblox,HUGGY WUGGY CORRE DA CABEÇA  Roblox - Wuggy Wuggy [HAwAqnmhfZQ],,GZ,GZ,GZ,"🎬 Canal: Lokis | 🎥 Vídeo: HUGGY WUGGY CORRE DA CABEÇA  Roblox - Wuggy Wuggy [HAwAqnmhfZQ]
⏱️ Segmento/Index: 1
──────────────────────────────────────────────────
Fala transcrita:
""Aiii, o meu veneno Ai, eu sou a durante de gui Toma cuidado Aaaaaaaah Peraí, já não foi pego Ele me pegooooooou Não gostei o Gui-Gui Amantinha Oi Você colocou roupinha azul, amantinha Sim Amantinha, você tá parecendo o Gui-Gui, amantinha Tá bom Tá sim, com os aiúdos Todo mundo coloca uma coisa azul pro Gui-Gui não pegar, tá bom? Tá bom Azul Porque se não for azul, o Gui-Gui pega Aaaaaaah, o cabeção tá vindo Olha o cabeção empurrando as bolinhas Ele tá empurrando as bolinhas com o bocão Olha, amantinha, vamos pular no cabeção?""",Avaliador_B,Avaliador_E
19,"Parece um lustre. Mas e aí? Está pronto para a construção? Sim, eu estou mais que o pronto normal. Então vem para cá. Porque eu já marquei onde você vai construir essas estátuas incríveis. Vai ser a área dos cavalos. E na frente dessa área dos cavalos, teremos duas estátuas. Dois cavalos gigantes que serão feitos pelo Rei Davi. E eu vou ficar aqui só assistindo junto com você aí que já deixou o like no vídeo. Fica aí de longe que vai ser melhor de ver. Beleza, Davi. Eu vou ficar aqui. Vou deixar sem meu braço ainda. Só vou assistir aqui. Tudo bem. Então vamos começar. Eu vou ficar aqui só filmando essa construção do Rei Davi. Vai ficar muito fera. Eu confio em você. O primeiro cavalo foi finalizado.",0.0170978605747222,0.1882075071334839,0.7946946024894714,POS,0.0059124785475432,0.0014796637697145,0.0174810830503702,0.0012676349142566,0.0065183080732822,0.0023220397997647,0.0011270553804934,0.11223003,Robin Hood Gamer,Minecraft,O SANTUÁRIO SAGRADO DOS CAVALOS MINECRAFT ERA DA REDSTONE 14 [HpUShcahNfw],,NT,NT,NT,"🎬 Canal: Robin Hood Gamer | 🎥 Vídeo: O SANTUÁRIO SAGRADO DOS CAVALOS MINECRAFT ERA DA REDSTONE 14 [HpUShcahNfw]
⏱️ Segmento/Index: 19
──────────────────────────────────────────────────
Fala transcrita:
""Parece um lustre. Mas e aí? Está pronto para a construção? Sim, eu estou mais que o pronto normal. Então vem para cá. Porque eu já marquei onde você vai construir essas estátuas incríveis. Vai ser a área dos cavalos. E na frente dessa área dos cavalos, teremos duas estátuas. Dois cavalos gigantes que serão feitos pelo Rei Davi. E eu vou ficar aqui só assistindo junto com você aí que já deixou o like no vídeo. Fica aí de longe que vai ser melhor de ver. Beleza, Davi. Eu vou ficar aqui. Vou deixar sem meu braço ainda. Só vou assistir aqui. Tudo bem. Então vamos começar. Eu vou ficar aqui só filmando essa construção do Rei Davi. Vai ficar muito fera. Eu confio em você. O primeiro cavalo foi finalizado.""",Avaliador_B,Avaliador_E
10,"Vamos lá Estou agora entrando no jogo de sobreviver Eu fiquei muito feia nesse jogo de sobreviver Era pra ter ficado melhor Cadê o sirene head? Gente ele tá ali Ele é gigante Eu achei que eu tava parecida com ele, que eu tava mais assustadora do que ele Ele não tem nada Esse bicho é muito louco Olha isso Aí está ele, a gente tem que tomar muito cuidado pra não ser pego Olha que mãos gigantescas que ele tem Ai que medo Não da pra saber onde ele tá olhando Ele tem duas cabeças Tudo bem Vou ficar aqui do ladinho dele Vocês acham que eu sou parecida? Ele não pega a gente, não é?",0.4372144937515259,0.3115277588367462,0.2512577474117279,NEG,0.2446086257696151,0.0079917134717106,0.0514229051768779,0.0058395704254508,0.0516478009521961,0.0043656616471707,0.0046831825748085,0.36867723,Papile,Roblox,VIVENDO COMO SIREN HEAD no ROBLOX Cabeça De Sirene [EdXXd9-P81Q],,GZ,GZ,GZ,"🎬 Canal: Papile | 🎥 Vídeo: VIVENDO COMO SIREN HEAD no ROBLOX Cabeça De Sirene [EdXXd9-P81Q]
⏱️ Segmento/Index: 10
──────────────────────────────────────────────────
Fala transcrita:
""Vamos lá Estou agora entrando no jogo de sobreviver Eu fiquei muito feia nesse jogo de sobreviver Era pra ter ficado melhor Cadê o sirene head? Gente ele tá ali Ele é gigante Eu achei que eu tava parecida com ele, que eu tava mais assustadora do que ele Ele não tem nada Esse bicho é muito louco Olha isso Aí está ele, a gente tem que tomar muito cuidado pra não ser pego Olha que mãos gigantescas que ele tem Ai que medo Não da pra saber onde ele tá olhando Ele tem duas cabeças Tudo bem Vou ficar aqui do ladinho dele Vocês acham que eu sou parecida? Ele não pega a gente, não é?""",Avaliador_B,Avaliador_E
7,"Não tem baby, vai precisar entrar quem? Eu! Ah, que bonitinha! Olha, aqui igual! O mato de laranja, o violino, o lucro... Pois, mami, agora vamos dar uma passeada, então, na cidade! Bora, Luca! Quero conhecer, quero comer pizza! Eu também! Quero comer pizza, pizza! Tadinha da Luna, gente! Vamos comer lá, corre bonitinho ali, ó! Ah, mas tem um carro na minha garagem mesmo! Quem será que deixou pra mim? Mami! Mami! Tem camping! Ah, eu quero, Luca! Bora! Uhul! Bora acampar! Ih, mami, não vai rolar, não tem barraquinha! Mami, eu tenho carro! Você tem um carro? Eu tenho, apareceu na minha garagem! Mas você comprou? Não! Não, mami, não é seu, é de outra pessoa! Mas o que é que está... Eita, mami! Eita! Luca, onde você entrou? Meu Deus! Que espaço chique, Lulu!",0.0376910716295242,0.3836851418018341,0.5786238312721252,POS,0.0361306741833686,0.0002703587524592,0.01210015732795,0.0006105733918957,0.0042434465140104,0.001082177972421,0.003200092818588,0.19939905,Luluca Games,Roblox,Roblox - ADOTEI UM BEBÊ MUITO ESTRANHO NO CLUB ROBLOX  Luluca Games [ND34d_Cjk4U],0.0376911163330078,NT,NT,NT,"🎬 Canal: Luluca Games | 🎥 Vídeo: Roblox - ADOTEI UM BEBÊ MUITO ESTRANHO NO CLUB ROBLOX  Luluca Games [ND34d_Cjk4U]
⏱️ Segmento/Index: 7
──────────────────────────────────────────────────
Fala transcrita:
""Não tem baby, vai precisar entrar quem? Eu! Ah, que bonitinha! Olha, aqui igual! O mato de laranja, o violino, o lucro... Pois, mami, agora vamos dar uma passeada, então, na cidade! Bora, Luca! Quero conhecer, quero comer pizza! Eu também! Quero comer pizza, pizza! Tadinha da Luna, gente! Vamos comer lá, corre bonitinho ali, ó! Ah, mas tem um carro na minha garagem mesmo! Quem será que deixou pra mim? Mami! Mami! Tem camping! Ah, eu quero, Luca! Bora! Uhul! Bora acampar! Ih, mami, não vai rolar, não tem barraquinha! Mami, eu tenho carro! Você tem um carro? Eu tenho, apareceu na minha garagem! Mas você comprou? Não! Não, mami, não é seu, é de outra pessoa! Mas o que é que está... Eita, mami! Eita! Luca, onde você entrou? Meu Deus! Que espaço chique, Lulu!""",Avaliador_B,Avaliador_E
9,"Eu acho que não, hein Nossa, eu vi a gente na televisão na câmera dele, mas eu acho que ele não viu mesmo Cuidado, vamos ficar atento, vamos ficar atento Agora eu tô aqui na minha câmera Eu tô vendo a câmera dele, aparentemente nada demais O meu medo é ele procurar uma pessoa e a pessoa vir se esconder onde eu tô Aí vai me denunciar sem querer Beto, eu já saí, eu tô indo pelas sombras como deve seguir um ninja e... DEU ESCONDEREJO INSANO, BETO! Eu vou aí e me fala qual é Caraca, mas eu não vou ficar escondido como um rato nesse lugar Quer saber? E aí, deixa esse Lucky Block pra mim Eu vou aproveitar agora AH NÃO! Beto, pode ficar tranquilo que eu usei uma granada de fumaça, ninguém vai te ver agora, vem pra cá Olha, onde você tá, onde você tá? Vamos pegar esse trampolim aqui, vamos pro topo, o tempo já tá acabando Ô Robin, olha o que a gente pode fazer O quê?",0.2151465415954589,0.6854347586631775,0.0994187146425247,NEU,0.2472065985202789,0.0044121909886598,0.0507856309413909,0.0044333860278129,0.0370131023228168,0.0086609683930873,0.0031448551453649,0.2854937,Robin Hood Gamer,Minecraft,DESAFIO ROLETA DO ESCONDE-ESCONDE NO ROBLOX Hide  Seek [TJ3GysGxQYI],,GZ,GZ,GZ,"🎬 Canal: Robin Hood Gamer | 🎥 Vídeo: DESAFIO ROLETA DO ESCONDE-ESCONDE NO ROBLOX Hide  Seek [TJ3GysGxQYI]
⏱️ Segmento/Index: 9
──────────────────────────────────────────────────
Fala transcrita:
""Eu acho que não, hein Nossa, eu vi a gente na televisão na câmera dele, mas eu acho que ele não viu mesmo Cuidado, vamos ficar atento, vamos ficar atento Agora eu tô aqui na minha câmera Eu tô vendo a câmera dele, aparentemente nada demais O meu medo é ele procurar uma pessoa e a pessoa vir se esconder onde eu tô Aí vai me denunciar sem querer Beto, eu já saí, eu tô indo pelas sombras como deve seguir um ninja e... DEU ESCONDEREJO INSANO, BETO! Eu vou aí e me fala qual é Caraca, mas eu não vou ficar escondido como um rato nesse lugar Quer saber? E aí, deixa esse Lucky Block pra mim Eu vou aproveitar agora AH NÃO! Beto, pode ficar tranquilo que eu usei uma granada de fumaça, ninguém vai te ver agora, vem pra cá Olha, onde você tá, onde você tá? Vamos pegar esse trampolim aqui, vamos pro topo, o tempo já tá acabando Ô Robin, olha o que a gente pode fazer O quê?""",Avaliador_B,Avaliador_E
6,"não, não, não, não, não, não, não, não, não, não, não, não, não De novo não Ah, veio logo duas bigornas pra me macetar Pelo menos agora, eu voltei com os meus itens E eu posso continuar testando a minha sorte Tem Bloco de Diamante ali, Bloco de Orroqui O zumbi tá tranquilo Ele nem quer me atacar Eu acho que ele só me ataca se eu atacar ele primeiro E eu só vou atacar ele quando eu tiver item suficiente pra matar ele Eita! Poço da sorte Poço da sorte, eu vou salvar aqui Esse arco, arco da sorte é bom, hein E vamos testar aqui a sorte no poço AI! Azar! Que azar! Coisa horrível! Com certeza abriu um buraco ali em volta do siren head de lucky blocks E o problema é que os lucky blocks não são destruídos Então eu não vou conseguir destruir esse siren head aqui usando dinamite Calma aí! Blocos de ferro? Isso é muito bom! Calma, dá pra pegar com picareta de ouro? NÃO DÁ! EU VUI UM NOB! Eu quebrei o bloco de ferro! A picareta de ouro ela é muito ruim né? Ela é tipo picareta de madeira, ela é péssima! Deixa eu jogar essa porcaria! Perdi um bloco de ferro por sua causa Mas a culpa foi toda minha né? Fui noob demais! Pelo menos o machado pode me ajudar um pouco a conseguir uma madeira aí Fazer uma picareta... Opa! Já tem uma madeira ali ó! Tem uma madeira dropada! Perfeito! Já tem até graveto aqui Nem vou me preocupar em fazer!",0.1972227245569229,0.713006317615509,0.0897709503769874,NEU,0.9467225074768066,0.0193654224276542,0.0751900672912597,0.0073356428183615,0.0560251250863075,0.0222935490310192,0.0468147993087768,0.45243698,Robin Hood Gamer,Minecraft,SOBREVIVA AO DESAFIO DO SIREN HEAD DE LUCKY BLOCK NO MINECRAFT [NiMg8e0bPSw],,T,T,T,"🎬 Canal: Robin Hood Gamer | 🎥 Vídeo: SOBREVIVA AO DESAFIO DO SIREN HEAD DE LUCKY BLOCK NO MINECRAFT [NiMg8e0bPSw]
⏱️ Segmento/Index: 6
──────────────────────────────────────────────────
Fala transcrita:
""não, não, não, não, não, não, não, não, não, não, não, não, não De novo não Ah, veio logo duas bigornas pra me macetar Pelo menos agora, eu voltei com os meus itens E eu posso continuar testando a minha sorte Tem Bloco de Diamante ali, Bloco de Orroqui O zumbi tá tranquilo Ele nem quer me atacar Eu acho que ele só me ataca se eu atacar ele primeiro E eu só vou atacar ele quando eu tiver item suficiente pra matar ele Eita! Poço da sorte Poço da sorte, eu vou salvar aqui Esse arco, arco da sorte é bom, hein E vamos testar aqui a sorte no poço AI! Azar! Que azar! Coisa horrível! Com certeza abriu um buraco ali em volta do siren head de lucky blocks E o problema é que os lucky blocks não são destruídos Então eu não vou conseguir destruir esse siren head aqui usando dinamite Calma aí! Blocos de ferro? Isso é muito bom! Calma, dá pra pegar com picareta de ouro? NÃO DÁ! EU VUI UM NOB! Eu quebrei o bloco de ferro! A picareta de ouro ela é muito ruim né? Ela é tipo picareta de madeira, ela é péssima! Deixa eu jogar essa porcaria! Perdi um bloco de ferro por sua causa Mas a culpa foi toda minha né? Fui noob demais! Pelo menos o machado pode me ajudar um pouco a conseguir uma madeira aí Fazer uma picareta... Opa! Já tem uma madeira ali ó! Tem uma madeira dropada! Perfeito! Já tem até graveto aqui Nem vou me preocupar em fazer!""",Avaliador_B,Avaliador_E
8,"Tem aqui esse detalhe aqui, ó Que é o alto relevo da arma Que foi feita em papelão Pra dar aquela ondulação e tal A mira, tropa A mira foi feita com um pedacinho de cano Também encerrado, ó Vocês podem ver um pedacinho de cano pintado Aqui a base da mira é EVA Temos aqui o cartucho, né Que foi feito de papelão Isopor e EVA também Todo detalhe de papelão isopor e EVA, ó Removido e tal Temos também a coronha, né Que a coronha foi toda revestida em cima de um cano Temos aqui a pontinha do cano Esse cano vem até aqui E foi toda revestida aqui em EVA Por cima desse cano, né Pra poder dar essa facilidade na hora da remoção aqui, ó Temos aqui um cano também aqui dentro, ó Que é onde encaixa, né E é isso, tropa Essa daqui é a nossa Como é o nome dessa arma, né?",0.0803005099296569,0.8644562363624573,0.0552432499825954,NEU,0.0012541338801383,0.0044322689063847,0.0319103002548217,0.004963690880686,0.0261156149208545,0.0023085470311343,0.0009142255294136,0.08953904,meu nome é david,Roblox,CAPACETE DO THURZIN E MOCHILAS RARAS - NOVOS ITENS DO FF NA VIDA REAL [ozKN1isI9ME],,NT,NT,NT,"🎬 Canal: meu nome é david | 🎥 Vídeo: CAPACETE DO THURZIN E MOCHILAS RARAS - NOVOS ITENS DO FF NA VIDA REAL [ozKN1isI9ME]
⏱️ Segmento/Index: 8
──────────────────────────────────────────────────
Fala transcrita:
""Tem aqui esse detalhe aqui, ó Que é o alto relevo da arma Que foi feita em papelão Pra dar aquela ondulação e tal A mira, tropa A mira foi feita com um pedacinho de cano Também encerrado, ó Vocês podem ver um pedacinho de cano pintado Aqui a base da mira é EVA Temos aqui o cartucho, né Que foi feito de papelão Isopor e EVA também Todo detalhe de papelão isopor e EVA, ó Removido e tal Temos também a coronha, né Que a coronha foi toda revestida em cima de um cano Temos aqui a pontinha do cano Esse cano vem até aqui E foi toda revestida aqui em EVA Por cima desse cano, né Pra poder dar essa facilidade na hora da remoção aqui, ó Temos aqui um cano também aqui dentro, ó Que é onde encaixa, né E é isso, tropa Essa daqui é a nossa Como é o nome dessa arma, né?""",Avaliador_B,Avaliador_F
2,"Porque eu tenho que começar de onde a gente parou Vocês se lembram que a gente viu aqui o senhor Batata e a gente viu essa Pig maluca, bosa, que aranha, muito assustadora E aí foi a última coisa que eu mostrei pra vocês A partir daqui começou a atualizar o mapa com novos personagens Aqui nós temos a Pig Ovo de Páscoa, Coelhinho da Clássica Olha só que ela é muito fofa, não dá nem pra eu ter medo dela Ela mata você com uma setinha de ovo de plástico Pera, agora que eu percebi, tem um ovo flutuante bem na cabeça dela, vocês perceberam isso?",0.1014809757471084,0.5992903709411621,0.2992285788059234,NEU,0.5817002654075623,0.0083133485168218,0.0567670837044715,0.007215118035674,0.0579342693090438,0.005122217349708,0.0097299134358763,0.2786282,Papile,Roblox,SUPER NOVOS PERSONAGENS DE PIGGY UNICORNIO RAINHA E GEORGE - ROBLOX [-EIL1PefY9w],,GZ,GZ,GZ,"🎬 Canal: Papile | 🎥 Vídeo: SUPER NOVOS PERSONAGENS DE PIGGY UNICORNIO RAINHA E GEORGE - ROBLOX [-EIL1PefY9w]
⏱️ Segmento/Index: 2
──────────────────────────────────────────────────
Fala transcrita:
""Porque eu tenho que começar de onde a gente parou Vocês se lembram que a gente viu aqui o senhor Batata e a gente viu essa Pig maluca, bosa, que aranha, muito assustadora E aí foi a última coisa que eu mostrei pra vocês A partir daqui começou a atualizar o mapa com novos personagens Aqui nós temos a Pig Ovo de Páscoa, Coelhinho da Clássica Olha só que ela é muito fofa, não dá nem pra eu ter medo dela Ela mata você com uma setinha de ovo de plástico Pera, agora que eu percebi, tem um ovo flutuante bem na cabeça dela, vocês perceberam isso?""",Avaliador_B,Avaliador_F
10,"Mas um mob spawn não gera tanto assim, cara! Isso tá até estranho, pra falar a verdade! Calma! Esqueleto tá caindo de um buraco aqui! Um buraco bem estranho! Que isso? Eita pra lá! Nossa, zumbi! Na verdade esqueleto veio correndo, não sei se você viu isso! Sim, eu vi! O que é? Calma! Aranha! Aqui deve ter gerador de monstro! Davi, eu vou te ajudar! Sai daê, Robin! Pode deixar! Não, não! Agora eu vou ter que correr! ZOMBIZINHO! SAI DAÊ, ROBIN! Calma, calma! Tá tudo sob controle! A gente tem que chegar até ali! Deve ter alguma coisa secreta! Robin, você tem que tomar cuidado, cara! Você tá muito afobado! Não tô não, não tô não! Eu vou chegar! Quebrando tudo! Enderman! NÃO! MUITO MONSTRO! Não dá! Não dá, não dá, não dá, não dá, não dá! Não tem jeito, não tem jeito! Calma! Tô escondido, não tenho comida! Acho que eu vou voltar lá pra pegar alguns peixes!",0.7857427000999451,0.1882925629615783,0.0259647350758314,NEG,0.740519106388092,0.006400806363672,0.0441859811544418,0.0037274379283189,0.0537847690284252,0.022177692502737,0.0094959428533911,0.33255672,Robin Hood Gamer,Minecraft,ESTAMOS PRESOS NA BARREIRA DO MINECRAFT MUITO DIFÍCIL [2QtZTsyTiuo],,GZ,GZ,GZ,"🎬 Canal: Robin Hood Gamer | 🎥 Vídeo: ESTAMOS PRESOS NA BARREIRA DO MINECRAFT MUITO DIFÍCIL [2QtZTsyTiuo]
⏱️ Segmento/Index: 10
──────────────────────────────────────────────────
Fala transcrita:
""Mas um mob spawn não gera tanto assim, cara! Isso tá até estranho, pra falar a verdade! Calma! Esqueleto tá caindo de um buraco aqui! Um buraco bem estranho! Que isso? Eita pra lá! Nossa, zumbi! Na verdade esqueleto veio correndo, não sei se você viu isso! Sim, eu vi! O que é? Calma! Aranha! Aqui deve ter gerador de monstro! Davi, eu vou te ajudar! Sai daê, Robin! Pode deixar! Não, não! Agora eu vou ter que correr! ZOMBIZINHO! SAI DAÊ, ROBIN! Calma, calma! Tá tudo sob controle! A gente tem que chegar até ali! Deve ter alguma coisa secreta! Robin, você tem que tomar cuidado, cara! Você tá muito afobado! Não tô não, não tô não! Eu vou chegar! Quebrando tudo! Enderman! NÃO! MUITO MONSTRO! Não dá! Não dá, não dá, não dá, não dá, não dá! Não tem jeito, não tem jeito! Calma! Tô escondido, não tenho comida! Acho que eu vou voltar lá pra pegar alguns peixes!""",Avaliador_B,Avaliador_F
3,vai dar essa treta quem vai ganhar essa briga por favor produção da um zoom ali na treta que esta acontecendo que eu não estou participando não faço também questão nenhuma de participar não tem mais o que fazer assim que eu deu zoom outro carinha ganhou bagaçou o outro cara todo e cá estou eu farpando o cara aqui de cima que provavelmente ele nem me viu e ele nem é louco de me ver vem cá vem sobe aqui sobe aqui vem cá pra ver se você é esse pro player todo sobe aqui sobe aqui eu lanço uma bandeirão pra você e você não vem aqui em cima me matar eu duvido já que ele não veio me matar eu falei eu vou atrás dele porque se ele não vem eu vou porque hoje eu to afim de briga de treta desci por aqui pra não perder vida mas não foi bem isso que aconteceu né a situação ficou um pouco fora do controle arrebentar a cara dele toda lá pera ai deixa eu agachar aqui pra ele não ouvir que eu to chegando porque eu to sem vida to sem arma e agora eu vou dar um jeito de fugir daqui quem me viu quem me vê quem me conhece sabe que eu gosto de dar treta eu posso estar sem nada vou no soco vou no clá mas eu vou arrebentar a cara dele ai Skargy porque você ta com tanta raiva dele,0.2687626183032989,0.5772448778152466,0.1539925336837768,NEU,0.980958878993988,0.0231602769345045,0.0908686593174934,0.0089057004079222,0.0773184895515441,0.0306799486279487,0.0818083062767982,0.52272606,Amy Scarlet,Roblox,Não consigo pegar MESTRE no Free Fire [1ZL1HFdBvD8],,T,T,T,"🎬 Canal: Amy Scarlet | 🎥 Vídeo: Não consigo pegar MESTRE no Free Fire [1ZL1HFdBvD8]
⏱️ Segmento/Index: 3
──────────────────────────────────────────────────
Fala transcrita:
""vai dar essa treta quem vai ganhar essa briga por favor produção da um zoom ali na treta que esta acontecendo que eu não estou participando não faço também questão nenhuma de participar não tem mais o que fazer assim que eu deu zoom outro carinha ganhou bagaçou o outro cara todo e cá estou eu farpando o cara aqui de cima que provavelmente ele nem me viu e ele nem é louco de me ver vem cá vem sobe aqui sobe aqui vem cá pra ver se você é esse pro player todo sobe aqui sobe aqui eu lanço uma bandeirão pra você e você não vem aqui em cima me matar eu duvido já que ele não veio me matar eu falei eu vou atrás dele porque se ele não vem eu vou porque hoje eu to afim de briga de treta desci por aqui pra não perder vida mas não foi bem isso que aconteceu né a situação ficou um pouco fora do controle arrebentar a cara dele toda lá pera ai deixa eu agachar aqui pra ele não ouvir que eu to chegando porque eu to sem vida to sem arma e agora eu vou dar um jeito de fugir daqui quem me viu quem me vê quem me conhece sabe que eu gosto de dar treta eu posso estar sem nada vou no soco vou no clá mas eu vou arrebentar a cara dele ai Skargy porque você ta com tanta raiva dele""",Avaliador_B,Avaliador_F
24,"Eu não faço ideia, eu aposto que vai ser terra E badrock, é, foi quase Atus Na verdade é terra e diamante E toque sua terra Ah não, o que que eu vou fazer com terra Eu não sei Atus, eu sei que eu Vou fazer uma mega prisão com diamante Quero ver se vai ser maior que a minha Vai ver Atus, eu tenho 10 minutos, você só tem 2 Nossa, ainda bem que eu tirei diamante Agora eu vou conseguir fazer uma prisão gigantesca Até porque eu tenho 10 minutos E o Atus só tem 2 E a minha prisão já vai começar aqui no inicio Porque aqui nesses cantos vai ter diamante Mas eu não vou fazer um corredorzinho tão pequeno assim não Eu vou pegar e vim aqui muito longe E vou colocar diamante em tudo Desse jeito E esse daqui vai ser o corredor que ele vai ter que passar Pra ficar livre dessa prisão Mas não vai ser só ele correr né Até porque aqui no começo já vai ter um bloco Impedindo ele, e o único jeito dele passar Esse bloco vai ser se ele olhar aquele baú Que eu vou deixar nesse canto Porque dentro dele vai ter um alçapão E daí quando o Atus colocar o alçapão e passar por aqui Ele vai chegar no próximo nível E daí vai ter um trilho que vai levar ele pro final É ou não né Porque esse trilho vai na verdade levar ele pra cá E isso vai simplesmente jogar ele Nesse mega buraco Vou até colocar uns espelhotemas aqui pra dar mais dano Agora só deixa eu vim aqui ativar tudo E eu vou até colocar uma porta aqui pra ele pensar Que essa porta não leva lugar nenhum Mas na verdade leva pro final Nossa eu já tava quase esquecendo do carrinho",0.0841591879725456,0.7897171974182129,0.1261236518621444,NEU,0.2000749260187149,0.009243513457477,0.0489623397588729,0.0053432406857609,0.036635685712099,0.0113048339262604,0.0048856325447559,0.23523538,Cadres,Minecraft,Prisão Segura de NOOB Vs PRO no Minecraft [d-t7vowmM58],,GZ,GZ,GZ,"🎬 Canal: Cadres | 🎥 Vídeo: Prisão Segura de NOOB Vs PRO no Minecraft [d-t7vowmM58]
⏱️ Segmento/Index: 24
──────────────────────────────────────────────────
Fala transcrita:
""Eu não faço ideia, eu aposto que vai ser terra E badrock, é, foi quase Atus Na verdade é terra e diamante E toque sua terra Ah não, o que que eu vou fazer com terra Eu não sei Atus, eu sei que eu Vou fazer uma mega prisão com diamante Quero ver se vai ser maior que a minha Vai ver Atus, eu tenho 10 minutos, você só tem 2 Nossa, ainda bem que eu tirei diamante Agora eu vou conseguir fazer uma prisão gigantesca Até porque eu tenho 10 minutos E o Atus só tem 2 E a minha prisão já vai começar aqui no inicio Porque aqui nesses cantos vai ter diamante Mas eu não vou fazer um corredorzinho tão pequeno assim não Eu vou pegar e vim aqui muito longe E vou colocar diamante em tudo Desse jeito E esse daqui vai ser o corredor que ele vai ter que passar Pra ficar livre dessa prisão Mas não vai ser só ele correr né Até porque aqui no começo já vai ter um bloco Impedindo ele, e o único jeito dele passar Esse bloco vai ser se ele olhar aquele baú Que eu vou deixar nesse canto Porque dentro dele vai ter um alçapão E daí quando o Atus colocar o alçapão e passar por aqui Ele vai chegar no próximo nível E daí vai ter um trilho que vai levar ele pro final É ou não né Porque esse trilho vai na verdade levar ele pra cá E isso vai simplesmente jogar ele Nesse mega buraco Vou até colocar uns espelhotemas aqui pra dar mais dano Agora só deixa eu vim aqui ativar tudo E eu vou até colocar uma porta aqui pra ele pensar Que essa porta não leva lugar nenhum Mas na verdade leva pro final Nossa eu já tava quase esquecendo do carrinho""",Avaliador_B,Avaliador_F
11,"1, 2, 3 e... Olha! É o hipopótamo! É o popô! Não é hipopótamo! É o hipopótamo! É o hipopótamo! É o hipopótamo! É o hipopótamo! É o hipopótamo! Não é popótamo, não é hipopótamo! Não é hipopótamo, é o popó! Não é o popótamo! É o popó! Olha a comida! O popótamo come comida! Por isso que ele tem um barrigão, né? Ele come um montão e fica com um barrigão. O popótamo! Popotamo! Agora eu sei porque o popótamo tem barrigão! Porque ele comeu os outros popotinhos, né? Os popotinhos!",0.1242233216762542,0.7908750176429749,0.084901638329029,NEU,0.2951899170875549,0.0005536059616133,0.0080004772171378,0.0038463606033474,0.1096490547060966,0.003406390082091,0.0048018689267337,0.2540519,Lokis,Roblox,LOKIS ENGOLIDO PELO GATO  Roblox - Eaten By Cats [-vClCL1CQUM],,GZ,GZ,GZ,"🎬 Canal: Lokis | 🎥 Vídeo: LOKIS ENGOLIDO PELO GATO  Roblox - Eaten By Cats [-vClCL1CQUM]
⏱️ Segmento/Index: 11
──────────────────────────────────────────────────
Fala transcrita:
""1, 2, 3 e... Olha! É o hipopótamo! É o popô! Não é hipopótamo! É o hipopótamo! É o hipopótamo! É o hipopótamo! É o hipopótamo! É o hipopótamo! Não é popótamo, não é hipopótamo! Não é hipopótamo, é o popó! Não é o popótamo! É o popó! Olha a comida! O popótamo come comida! Por isso que ele tem um barrigão, né? Ele come um montão e fica com um barrigão. O popótamo! Popotamo! Agora eu sei porque o popótamo tem barrigão! Porque ele comeu os outros popotinhos, né? Os popotinhos!""",Avaliador_B,Avaliador_F
10,"Exato Gente, ela é estranha, ela anda com a faca na mão Gente, essa aqui é meio bugada Mas mamãe, você não pode ficar andando com a faca na mão Por que você correu com a faca na mão? A xerife já vai lá e para Tá bom, tirei a faca na mão Mas agora ela já ouviu, não adianta Né? Ah, concentrada aqui, ela entra de novo Ah, peguei a xerife Mentira Peguei, Lula, peguei Ah, mas eu vou acabar com a tua brincadeira agora Ah, peguei a Lula Não, não, não Tchucke, tchucke Não, não Peguei a armíteia, peguei a armíteia Peguei a armíteia, peguei a armíteia Você está pegando tudo, não Gente, desculpa, mas eu preciso pegar esses doces agora Depois que eu terminar de pegar esses docinhos Pronto, agora estou indo lá pegar você Gente, como que eu tiro isso?",0.7550610303878784,0.2221013605594635,0.0228376016020774,NEG,0.4969786405563354,0.0053094290196895,0.0605721287429332,0.0064430790953338,0.0586648695170879,0.0086267599835991,0.0077400160953402,0.32557452,Luluca Games,Roblox,Roblox - UMA BRUXA MUITO ATRAPALHADA NO MURDER Murder Mystery 2  Luluca Games [kuhvlShcXxE],0.7550616264343262,GZ,GZ,GZ,"🎬 Canal: Luluca Games | 🎥 Vídeo: Roblox - UMA BRUXA MUITO ATRAPALHADA NO MURDER Murder Mystery 2  Luluca Games [kuhvlShcXxE]
⏱️ Segmento/Index: 10
──────────────────────────────────────────────────
Fala transcrita:
""Exato Gente, ela é estranha, ela anda com a faca na mão Gente, essa aqui é meio bugada Mas mamãe, você não pode ficar andando com a faca na mão Por que você correu com a faca na mão? A xerife já vai lá e para Tá bom, tirei a faca na mão Mas agora ela já ouviu, não adianta Né? Ah, concentrada aqui, ela entra de novo Ah, peguei a xerife Mentira Peguei, Lula, peguei Ah, mas eu vou acabar com a tua brincadeira agora Ah, peguei a Lula Não, não, não Tchucke, tchucke Não, não Peguei a armíteia, peguei a armíteia Peguei a armíteia, peguei a armíteia Você está pegando tudo, não Gente, desculpa, mas eu preciso pegar esses doces agora Depois que eu terminar de pegar esses docinhos Pronto, agora estou indo lá pegar você Gente, como que eu tiro isso?""",Avaliador_B,Avaliador_F
14,"Tadinho, Tomegues... Não conseguiu, cafezinho. Ele foi embora, mami! Ele foi! Ele setuei. Já peguei ninguém ainda, não? Nossa, mas você está uma péssima, Ted, hein, mami? Eu estou péssima, ele está fazendo lero lero, Luca! Quem está fazendo lero lero? Biglissinho! Ai, meu Deus do céu! Ai, gente, mas essa chave é turquesa! Tudo amarelo pisco e verde? Você pegou, Miguelis? Tô tentando, tô tentando, tô tentando, tô tentando! Ele está pulando! Tadinho do Miguelis... Eu me escondi atrás da parede! Não foi eu! A minha mãe está tão orgulhosa que ela me escondei atrás da parede, gente! Ué! Ô, mamis, onde é a mesma sala que tem o tubo? Tuvo? Aquele tubinho! Perto da saída, Luca! Uou! Meu Deus do céu, gente! Peguei o Miguelis! A minha mãe engana todos os Miguelis!",0.9833418130874634,0.010524820536375,0.0061334026977419,NEG,0.4975192248821258,0.0021226620301604,0.0956100597977638,0.0065894937142729,0.0549882836639881,0.0021484217140823,0.012073908932507,0.3666224,Luluca Games,Roblox,Roblox - MINHA MÃE VIROU UM URSO ASSUSTADOR Teddy  Luluca Games [Et3LmL6lB-o],0.9833418130874634,GZ,GZ,GZ,"🎬 Canal: Luluca Games | 🎥 Vídeo: Roblox - MINHA MÃE VIROU UM URSO ASSUSTADOR Teddy  Luluca Games [Et3LmL6lB-o]
⏱️ Segmento/Index: 14
──────────────────────────────────────────────────
Fala transcrita:
""Tadinho, Tomegues... Não conseguiu, cafezinho. Ele foi embora, mami! Ele foi! Ele setuei. Já peguei ninguém ainda, não? Nossa, mas você está uma péssima, Ted, hein, mami? Eu estou péssima, ele está fazendo lero lero, Luca! Quem está fazendo lero lero? Biglissinho! Ai, meu Deus do céu! Ai, gente, mas essa chave é turquesa! Tudo amarelo pisco e verde? Você pegou, Miguelis? Tô tentando, tô tentando, tô tentando, tô tentando! Ele está pulando! Tadinho do Miguelis... Eu me escondi atrás da parede! Não foi eu! A minha mãe está tão orgulhosa que ela me escondei atrás da parede, gente! Ué! Ô, mamis, onde é a mesma sala que tem o tubo? Tuvo? Aquele tubinho! Perto da saída, Luca! Uou! Meu Deus do céu, gente! Peguei o Miguelis! A minha mãe engana todos os Miguelis!""",Avaliador_B,Avaliador_F
0,"socorro o tal quem rua está me ligando mas eu só vou atender se vocês deixarem o like ai é claro que vocês querem que eu atenda eu vou atender o que será que ele tem pra falar ok ruan como é que você descobriu meu número eu vou ficar quietinho aqui na ligação de vídeo e você me fala o que você quer tá bom? o seguinte papilha, descobriu seu número você vai ter que fazer o que eu mandar então fica de olho no seu whatsapp porque eu vou mandar mensagem liga isso e vamos logo que? vai me chamar no whatsapp? ai que medo tá bom vamos lá vamos lá galera chegou mensagem ele disse oi eu vou responder oi é você mesmo? ele já visualizou tá digitando tá digitando sim e eu tenho quatro missões pra você quatro? eu vou ter que fazer tudo que o tal quem rua mandar? quais?",0.1324731260538101,0.6267606019973755,0.2407662272453308,NEU,0.2234431952238083,0.0101440958678722,0.0544128455221653,0.0066763423383235,0.0443658046424388,0.010376731865108,0.0042357207275927,0.3625127,Papile,Roblox,O TALKING JUAN ME LIGOU [gGo5QlFkDNU],,GZ,GZ,GZ,"🎬 Canal: Papile | 🎥 Vídeo: O TALKING JUAN ME LIGOU [gGo5QlFkDNU]
⏱️ Segmento/Index: 0
──────────────────────────────────────────────────
Fala transcrita:
""socorro o tal quem rua está me ligando mas eu só vou atender se vocês deixarem o like ai é claro que vocês querem que eu atenda eu vou atender o que será que ele tem pra falar ok ruan como é que você descobriu meu número eu vou ficar quietinho aqui na ligação de vídeo e você me fala o que você quer tá bom? o seguinte papilha, descobriu seu número você vai ter que fazer o que eu mandar então fica de olho no seu whatsapp porque eu vou mandar mensagem liga isso e vamos logo que? vai me chamar no whatsapp? ai que medo tá bom vamos lá vamos lá galera chegou mensagem ele disse oi eu vou responder oi é você mesmo? ele já visualizou tá digitando tá digitando sim e eu tenho quatro missões pra você quatro? eu vou ter que fazer tudo que o tal quem rua mandar? quais?""",Avaliador_B,Avaliador_F
20,"Eu sou a Vandinha! Que raiva, eu sabia,деu você o tempo todo. E eu agora vou me vingar da Nissan. Deixa o like e se inscrevam, fui!",0.5266836285591125,0.4021990895271301,0.0711173117160797,NEG,0.1302004903554916,0.0009699557558633,0.0295172147452831,0.0012561996700242,0.0184328351169824,0.0034275688230991,0.002620848827064,0.085582085,Athos,Minecraft,7 Jeitos de Assustar a WANDINHA no Minecraft [7Qe0tlojErA],,NT,NT,NT,"🎬 Canal: Athos | 🎥 Vídeo: 7 Jeitos de Assustar a WANDINHA no Minecraft [7Qe0tlojErA]
⏱️ Segmento/Index: 20
──────────────────────────────────────────────────
Fala transcrita:
""Eu sou a Vandinha! Que raiva, eu sabia,деu você o tempo todo. E eu agora vou me vingar da Nissan. Deixa o like e se inscrevam, fui!""",Avaliador_B,Avaliador_F
27,"Fazer o quê? Tira isso aqui tudo. Vou tirar, deixa eu tirar. Pronto, Marcelo, agora a gente vai botar TNT. Que isso, garota? Não, não, não, não, não, não. Não faz isso não, cara, tá doido? Tá até quebrando a casa do Sonic, gente. Meu Deus. E aí, ele gosta de quê? De ouro. É, deu pra perceber, né? Tem um anel de ouro. E como eu enchei isso aqui tudo de placa de pressão de ouro? Não, não, não, não, não, não, não, não, não, não, não. Eu acho que deu errado. Acho que a trollagem foi pra gente. Pronto, Eduardo, agora vai dar certo isso aqui, hein? Não é possível. Tomei um SUS, foi sem querer, Sonic. Não foi por querer, não, relaxa. Ó, Eduardo, eu tenho que vir entrar aqui dentro pra botar a câmera, botei, deixa eu sair. Meu Deus do céu, ok? Vou botar outro aqui, Eduardo, agora vamos esconder, que daqui a pouco ele tá aí, fi. Corre, corre, corre, corre. Olha aqui, minha casa. Ué, que tapete é esse aqui? O meu tapete era azul. Mas eu não vou reclamar também, né? Porque eu adoro ouro. Mas será que ele é confortável?",0.7341528534889221,0.244455486536026,0.0213917028158903,NEG,0.3098512887954712,0.0016454033320769,0.0403655096888542,0.0015353112248703,0.0368931703269481,0.0012553188716992,0.0098577560856938,0.3308965,Marcelodrv,Minecraft,24 TRAPS pra TROLLAR os MONSTROS [ddEACDZFbTg],,GZ,GZ,GZ,"🎬 Canal: Marcelodrv | 🎥 Vídeo: 24 TRAPS pra TROLLAR os MONSTROS [ddEACDZFbTg]
⏱️ Segmento/Index: 27
──────────────────────────────────────────────────
Fala transcrita:
""Fazer o quê? Tira isso aqui tudo. Vou tirar, deixa eu tirar. Pronto, Marcelo, agora a gente vai botar TNT. Que isso, garota? Não, não, não, não, não, não. Não faz isso não, cara, tá doido? Tá até quebrando a casa do Sonic, gente. Meu Deus. E aí, ele gosta de quê? De ouro. É, deu pra perceber, né? Tem um anel de ouro. E como eu enchei isso aqui tudo de placa de pressão de ouro? Não, não, não, não, não, não, não, não, não, não, não. Eu acho que deu errado. Acho que a trollagem foi pra gente. Pronto, Eduardo, agora vai dar certo isso aqui, hein? Não é possível. Tomei um SUS, foi sem querer, Sonic. Não foi por querer, não, relaxa. Ó, Eduardo, eu tenho que vir entrar aqui dentro pra botar a câmera, botei, deixa eu sair. Meu Deus do céu, ok? Vou botar outro aqui, Eduardo, agora vamos esconder, que daqui a pouco ele tá aí, fi. Corre, corre, corre, corre. Olha aqui, minha casa. Ué, que tapete é esse aqui? O meu tapete era azul. Mas eu não vou reclamar também, né? Porque eu adoro ouro. Mas será que ele é confortável?""",Avaliador_B,Avaliador_F
20,"Dropou dois pra mim aqui. O tiquetinho de ferro é um mar bonito, ele tem esse, é o ponto de enderogação vermelhão, é da hora. Aham. Tá, Tôningon. Ô, ok, ok, ok. Vambora, vambora, eu quero testar, cadê, cadê? Aqui. Uh, quantas? 7 bookshelves. Boa. Botinha de feather foley 5 também. Nossa, mesmo pena 5, cara. Aí, foi. Vamos esperar o Tôningon aqui, véi. Deixa eu ver a espadinha. Aí, boa. Nossa, eu vou colocar todos os tickets aqui na minha hotbar, aí eu vou abrir todo o meu tempo aqui assim. Beleza, véi. Eu tenho que, eu tenho que clicar umas 8 vezes pra funcionar. Tem que clicar sempre no mesmo spot, mano. Quer no meio? Ah, sim. O quê? Ah, veio, veio, veio, enderpeu, enderpeu. Quantas? Duas. Dá pra juntar com as tuas blaze rods lá. Nossa, véi. É o pessoalzinho portal do fim. Isso é muito louco. Sofa suspeita, blaze rod, show de... Boa. Quê? Quantos?",0.0628831386566162,0.5670192837715149,0.3700975775718689,NEU,0.0780589804053306,0.0010133957257494,0.0185123011469841,0.001661994960159,0.029866611585021,0.0016112131997942,0.0043414998799562,0.112953395,Geleia,Minecraft,minecraft mas quem tiver MAIS SORTE GANHA... [tU70ZKwaOGE],,NT,NT,NT,"🎬 Canal: Geleia | 🎥 Vídeo: minecraft mas quem tiver MAIS SORTE GANHA... [tU70ZKwaOGE]
⏱️ Segmento/Index: 20
──────────────────────────────────────────────────
Fala transcrita:
""Dropou dois pra mim aqui. O tiquetinho de ferro é um mar bonito, ele tem esse, é o ponto de enderogação vermelhão, é da hora. Aham. Tá, Tôningon. Ô, ok, ok, ok. Vambora, vambora, eu quero testar, cadê, cadê? Aqui. Uh, quantas? 7 bookshelves. Boa. Botinha de feather foley 5 também. Nossa, mesmo pena 5, cara. Aí, foi. Vamos esperar o Tôningon aqui, véi. Deixa eu ver a espadinha. Aí, boa. Nossa, eu vou colocar todos os tickets aqui na minha hotbar, aí eu vou abrir todo o meu tempo aqui assim. Beleza, véi. Eu tenho que, eu tenho que clicar umas 8 vezes pra funcionar. Tem que clicar sempre no mesmo spot, mano. Quer no meio? Ah, sim. O quê? Ah, veio, veio, veio, enderpeu, enderpeu. Quantas? Duas. Dá pra juntar com as tuas blaze rods lá. Nossa, véi. É o pessoalzinho portal do fim. Isso é muito louco. Sofa suspeita, blaze rod, show de... Boa. Quê? Quantos?""",Avaliador_B,Avaliador_F
2,"Amiga, você acha que já morreu muita gente? Dá pra gente ir agora? Melhor ficar aqui mais um pouquinho. Corre da safe, rapariga da aldeia, que a gente esqueceu dela. Pronto, tomo o safe. Tudo certo por aqui agora. Toda movimentação tem que ser com cautela. Olha um gelinho aqui, vou pegar. Olha outro gelinho aqui, vou pegar de novo. Bora, rapariga, me devolve meu gelo, rapariga. Me devolve, me devolve. Só tô devolvendo porque você precisa mais do que eu. Pra que morrer pro inimigo no campeonato se a gente pode morrer pra safe? Porque a gente sempre esquece. Oh, meu Deus. Tamo safe, tô fazendo a ronda aqui pra ver se tem alguém com minha Doubo Vector. Minha espadachim. Tudo limpo, mas vamos embora, porque vai vir a safe e eu já acabar morrendo pra safe, se embora. Grécia do céu tem um cara ali, vamos ficar escondida pra ele não ver a gente. Tá bom, amiga? Não sei por que eu confio, primeira oportunidade a Grécia tirou. Só pilantra achando que ia matar com o Doubo Vector de longe. Não tem mais o que fazer, não, agora é só correr e orar. Agora o inimigo viu nossa localização, já tá morrendo de terra aqui, fiquei desesperada, ele ligou o menino Ney. Agora tu vem pro meu gelo, né, tua rapariga?",0.2372100949287414,0.6868541240692139,0.0759357959032058,NEU,0.2470058798789978,0.0006816357490606,0.0088046481832861,0.0009463134338147,0.0349025949835777,0.0468859188258647,0.0017331698909401,0.28312725,Amy Scarlet,Roblox,Amy Scarlet e Grécia no Campeonato [Z-TswtJYrao],,GZ,GZ,GZ,"🎬 Canal: Amy Scarlet | 🎥 Vídeo: Amy Scarlet e Grécia no Campeonato [Z-TswtJYrao]
⏱️ Segmento/Index: 2
──────────────────────────────────────────────────
Fala transcrita:
""Amiga, você acha que já morreu muita gente? Dá pra gente ir agora? Melhor ficar aqui mais um pouquinho. Corre da safe, rapariga da aldeia, que a gente esqueceu dela. Pronto, tomo o safe. Tudo certo por aqui agora. Toda movimentação tem que ser com cautela. Olha um gelinho aqui, vou pegar. Olha outro gelinho aqui, vou pegar de novo. Bora, rapariga, me devolve meu gelo, rapariga. Me devolve, me devolve. Só tô devolvendo porque você precisa mais do que eu. Pra que morrer pro inimigo no campeonato se a gente pode morrer pra safe? Porque a gente sempre esquece. Oh, meu Deus. Tamo safe, tô fazendo a ronda aqui pra ver se tem alguém com minha Doubo Vector. Minha espadachim. Tudo limpo, mas vamos embora, porque vai vir a safe e eu já acabar morrendo pra safe, se embora. Grécia do céu tem um cara ali, vamos ficar escondida pra ele não ver a gente. Tá bom, amiga? Não sei por que eu confio, primeira oportunidade a Grécia tirou. Só pilantra achando que ia matar com o Doubo Vector de longe. Não tem mais o que fazer, não, agora é só correr e orar. Agora o inimigo viu nossa localização, já tá morrendo de terra aqui, fiquei desesperada, ele ligou o menino Ney. Agora tu vem pro meu gelo, né, tua rapariga?""",Avaliador_B,Avaliador_F
7,"Ai não adianta explicar não adianta explicar desculpa senhor por isso mas a gente só vai se trocar aqui ó tem bastante opção vamos pegar uma que lembre bastante de capanga beleza? Tem que parecer um capanga do espectre. Então o senhor me desça as piores roupas porque as piores roupas estão nos capangas Tem razão, as piores roupas são dos capangas, vamos procurar aqui. Agora sim nós estamos parecendo capangas do espectre olha só essas roupas de criminosos em nossa cidade. Eu estou feio demais, estou feio demais, tô louco pra tirar essa roupa vamos logo xerife você ficou mais buíza porque essa bandana tampou o rosto inteiro que é bonito. Você é o McFly. Tá desmorda ai gente eu não deixava, eu não deixava. Olha esse McFly eu só não vou te prender agora porque você deu uma ideia muito boa, diferente do seu JP que nunca tem ideia boa né? Eu não tenho ideia boa, olha o meu estilo fala se eu não estou estiloso olha isso eu tô parecendo um criminoso vocês podem fazer uma foto minha igual essa aqui do espectre de procurado com essa roupa vai botar medo em todo mundo na cidade.",0.953253209590912,0.0246038381010293,0.0221430268138647,NEG,0.3442517518997192,0.0058187460526824,0.0434543304145336,0.0056845322251319,0.0722586661577224,0.0071025318466126,0.0025073657743632,0.26293078,JP Plays,Minecraft,ESCONDIDOS DENTRO DA BASE DO SPECTRE NO VELHO OESTE DO MINECRAFT  13 [aO-4_k-su68],,GZ,GZ,GZ,"🎬 Canal: JP Plays | 🎥 Vídeo: ESCONDIDOS DENTRO DA BASE DO SPECTRE NO VELHO OESTE DO MINECRAFT  13 [aO-4_k-su68]
⏱️ Segmento/Index: 7
──────────────────────────────────────────────────
Fala transcrita:
""Ai não adianta explicar não adianta explicar desculpa senhor por isso mas a gente só vai se trocar aqui ó tem bastante opção vamos pegar uma que lembre bastante de capanga beleza? Tem que parecer um capanga do espectre. Então o senhor me desça as piores roupas porque as piores roupas estão nos capangas Tem razão, as piores roupas são dos capangas, vamos procurar aqui. Agora sim nós estamos parecendo capangas do espectre olha só essas roupas de criminosos em nossa cidade. Eu estou feio demais, estou feio demais, tô louco pra tirar essa roupa vamos logo xerife você ficou mais buíza porque essa bandana tampou o rosto inteiro que é bonito. Você é o McFly. Tá desmorda ai gente eu não deixava, eu não deixava. Olha esse McFly eu só não vou te prender agora porque você deu uma ideia muito boa, diferente do seu JP que nunca tem ideia boa né? Eu não tenho ideia boa, olha o meu estilo fala se eu não estou estiloso olha isso eu tô parecendo um criminoso vocês podem fazer uma foto minha igual essa aqui do espectre de procurado com essa roupa vai botar medo em todo mundo na cidade.""",Avaliador_B,Avaliador_F
7,"Eu vou ferreiro abandonado, que eu não sou bobo. Vou pegar os fenos aqui. E o Ferreiro Lato pegou as coisas. Oh, peitoral e mais ferro. Boa, meu. Aí sim, mano. Mano, peitoralzão e mais ferro. E aqui, ó, já tô com uns 8 ferros, mano. Nossa, já é tudo isso? Eu vou deixar a comida aqui, pelo menos. Aqui, ó, beleza, já tem aqui feno. Tem feno pra caramba, que agora quer. Ah, que ótimo, mano. Vamos fazer um coraçãozinho, então. Aqui, ó, estamos aqui o feno pra você. Precisa de 4 fenos e 4 tribos. 4 tribos. Ah, e o vidro ficou pra trás, meu. Ah, tu não fez. É uma atrocidade dessa, meu. Acredito nisso, cara. Eu não acredito. Vai lá, vai lá de novo. Ó, a dupla hoje tá atrapalhada. Eu vou te contar, né, moço? Parece que a gente esqueceu como funciona a aventura. A gente esqueceu como funciona a vida, velho. Meu Deus, mas tá, eu já achei areia aqui já. Tem um monte de areia aqui embaixo. Não, eu já peguei areia, eu vou colocar aqui pra esquentar o ferreiro. Meu Deus do céu, que atrapalhado, gente. Eu acho que eu trouxe...",0.4798379242420196,0.4519303739070892,0.0682316645979881,NEG,0.2880173325538635,0.0017353575676679,0.0551963523030281,0.0018227753462269,0.0725902542471885,0.0023839920759201,0.0051921014674007,0.33255672,Kass e KR,Minecraft,Nossos CORAÇÕES viraram BLOCOS CUSTOMIZADOS no Minecraft [IoM0sBCyTIE],,GZ,GZ,GZ,"🎬 Canal: Kass e KR | 🎥 Vídeo: Nossos CORAÇÕES viraram BLOCOS CUSTOMIZADOS no Minecraft [IoM0sBCyTIE]
⏱️ Segmento/Index: 7
──────────────────────────────────────────────────
Fala transcrita:
""Eu vou ferreiro abandonado, que eu não sou bobo. Vou pegar os fenos aqui. E o Ferreiro Lato pegou as coisas. Oh, peitoral e mais ferro. Boa, meu. Aí sim, mano. Mano, peitoralzão e mais ferro. E aqui, ó, já tô com uns 8 ferros, mano. Nossa, já é tudo isso? Eu vou deixar a comida aqui, pelo menos. Aqui, ó, beleza, já tem aqui feno. Tem feno pra caramba, que agora quer. Ah, que ótimo, mano. Vamos fazer um coraçãozinho, então. Aqui, ó, estamos aqui o feno pra você. Precisa de 4 fenos e 4 tribos. 4 tribos. Ah, e o vidro ficou pra trás, meu. Ah, tu não fez. É uma atrocidade dessa, meu. Acredito nisso, cara. Eu não acredito. Vai lá, vai lá de novo. Ó, a dupla hoje tá atrapalhada. Eu vou te contar, né, moço? Parece que a gente esqueceu como funciona a aventura. A gente esqueceu como funciona a vida, velho. Meu Deus, mas tá, eu já achei areia aqui já. Tem um monte de areia aqui embaixo. Não, eu já peguei areia, eu vou colocar aqui pra esquentar o ferreiro. Meu Deus do céu, que atrapalhado, gente. Eu acho que eu trouxe...""",Avaliador_B,Avaliador_F
12,"Dois negocinhos aqui e os barquinhos. Faz o barquinho e... Foi! Beleza, pura. Ai, carai. Deixa eu ver. Vai morrer. Nossa, muito ferro. Muita pepita de ferro. Vou morrer! Vai correr. Cadê você? Ai, eu tô pegando os baús aqui enquanto você... Morri. Aaaaah! Não morreu. Vem, vem, vem, vem. Como é que tu morreu? Ele tá ali, ó. Fazer uma espada pra mim. Pronto. Que ira de chato. Enjoada, né? Eu tô batendo nele com um... Com um machado. Vou fazer uma espadinha pra mim, porque... Agora, Caen, a gente tem que ir pro Nether pra fazer um negócio lá. Hummm... Ah, eu fiz um mapa, mano. Meu Deus. Por que que eu fiz um mapa, cara? O que que eu fiz um mapa, cara? Tem craft tape? Tem, tem craft tape aqui. Tá, gente. Aonde tava a... A lava? Ah, eita, ali em cima. A gente precisa de... Basalto, netherrack, gold... Aqueles de bloquinho... Ah, precisa de um monte de coisa. Vambora pra lá. Mais fácil. Tá, vamos... A gente precisa primeiro achar o nether, né, mano? É. Achar o nether. Primeiro achar a lava. Sai daqui, querido chato. Toma essa espada, arra de madeira na fuça.",0.3474712669849396,0.3942776918411255,0.2582511007785797,NEU,0.8104972243309021,0.0065417066216468,0.03552757948637,0.0020829618442803,0.0473554171621799,0.1907383650541305,0.0094716688618063,0.43230394,Kass e KR,Minecraft,Posso CRIAR ESTRUTURAS no Minecraft [aV9uPovI15w],,T,T,T,"🎬 Canal: Kass e KR | 🎥 Vídeo: Posso CRIAR ESTRUTURAS no Minecraft [aV9uPovI15w]
⏱️ Segmento/Index: 12
──────────────────────────────────────────────────
Fala transcrita:
""Dois negocinhos aqui e os barquinhos. Faz o barquinho e... Foi! Beleza, pura. Ai, carai. Deixa eu ver. Vai morrer. Nossa, muito ferro. Muita pepita de ferro. Vou morrer! Vai correr. Cadê você? Ai, eu tô pegando os baús aqui enquanto você... Morri. Aaaaah! Não morreu. Vem, vem, vem, vem. Como é que tu morreu? Ele tá ali, ó. Fazer uma espada pra mim. Pronto. Que ira de chato. Enjoada, né? Eu tô batendo nele com um... Com um machado. Vou fazer uma espadinha pra mim, porque... Agora, Caen, a gente tem que ir pro Nether pra fazer um negócio lá. Hummm... Ah, eu fiz um mapa, mano. Meu Deus. Por que que eu fiz um mapa, cara? O que que eu fiz um mapa, cara? Tem craft tape? Tem, tem craft tape aqui. Tá, gente. Aonde tava a... A lava? Ah, eita, ali em cima. A gente precisa de... Basalto, netherrack, gold... Aqueles de bloquinho... Ah, precisa de um monte de coisa. Vambora pra lá. Mais fácil. Tá, vamos... A gente precisa primeiro achar o nether, né, mano? É. Achar o nether. Primeiro achar a lava. Sai daqui, querido chato. Toma essa espada, arra de madeira na fuça.""",Avaliador_B,Avaliador_F
0,"Fer, você tá preparado porque hoje nós vamos a uma festa que eu vou te contar, hein, meu? Uhul! Vamos à festa! Festa, festa, festa! Tchucu, tchucu, tchucu! Festa, festa! Festa, festa! Uhul, uhul! Festa, fe... Me empolguei demais, né? É, um pouquinho, um pouquinho, mas tá bom. Festa é sempre muito bom, ok? Eu entendo sua animação. E é isso aí, vambora pra festa agora? Vambora pra festa, meu! Não, não... Esperante, é que é a festa. A festa é ali na frente, ali ó, naquele salão ali bonitão, ó. Eita meu, aquele salão dourado não, dourado? Um salão dourado, é exatamente esse salão. Caraca! Cadê o Nuco A.I.? E você trouxe os convites? Os convites? Não vai dizer que você esqueceu os convites. É, então, é os convites, né? É, os convites! Aqueles bilhetinhos que você entra, você pode entrar com eles, né?",0.0287808440625667,0.2397596836090088,0.7314594388008118,POS,0.0892917662858963,0.0008155198884196,0.0357717797160148,0.0009460903820581,0.0110306870192289,0.000967938103713,0.0070377993397414,0.1373533,Kass e KR,Minecraft,INVADIMOS a FESTA dos PRINCIPES no Minecraft [3nBhANhaFV8],,NT,NT,NT,"🎬 Canal: Kass e KR | 🎥 Vídeo: INVADIMOS a FESTA dos PRINCIPES no Minecraft [3nBhANhaFV8]
⏱️ Segmento/Index: 0
──────────────────────────────────────────────────
Fala transcrita:
""Fer, você tá preparado porque hoje nós vamos a uma festa que eu vou te contar, hein, meu? Uhul! Vamos à festa! Festa, festa, festa! Tchucu, tchucu, tchucu! Festa, festa! Festa, festa! Uhul, uhul! Festa, fe... Me empolguei demais, né? É, um pouquinho, um pouquinho, mas tá bom. Festa é sempre muito bom, ok? Eu entendo sua animação. E é isso aí, vambora pra festa agora? Vambora pra festa, meu! Não, não... Esperante, é que é a festa. A festa é ali na frente, ali ó, naquele salão ali bonitão, ó. Eita meu, aquele salão dourado não, dourado? Um salão dourado, é exatamente esse salão. Caraca! Cadê o Nuco A.I.? E você trouxe os convites? Os convites? Não vai dizer que você esqueceu os convites. É, então, é os convites, né? É, os convites! Aqueles bilhetinhos que você entra, você pode entrar com eles, né?""",Avaliador_B,Avaliador_F
11,"Eu vou comprar o doce godly, que chama, né? Ah, esse é muito caro. Esse eu não tenho dinheiro. Fertilizante. E eu vou comprar esse aqui, os sprinklers. Que daí ele vai fazer automaticamente a parte de regar, né? Olha lá, já está regando tudo, ó. Agora a gente vai plantar o doce. Como é que faz? Como é que planta? Ah, é só clicar no chão, ó. Plantei dois doces, é isso? Só esperar crescer agora, eu acho. Eu vou fazer uma plantação completa. Eu quero ver no que vai dar isso. Olha que interessante, pessoal, como que a plantação de doce funciona. Esses doces aqui são os dourados. Eles já cresceram 100%. Presta atenção no dinheirinho ali, ó. Eu estou fazendo a colheita. Meu, vai subir muito dinheiro. Olha lá, 4 milhões. Agora com esse aqui já vai para quê? Uns 8? 7, 8? Mais um? Vou passar de 10 milhões. Só dessa brincadeira aqui. Eu vou replantar tudo, cara. Pessoal, aquele doce colorido, aqueles doces que estão piscando em branco ali, ó. Esse aqui dá muito dinheiro, mas dá muito mesmo. Dá uma olhadinha no meu dinheiro ali. 32 milhões? Vai subir para quanto? 45. Melhor jeito de farmar dinheiro é com isso aqui, ó. Eu quero saber o que aquele amiguinho está fazendo lá em cima.",0.1912615448236465,0.7670438885688782,0.0416945442557334,NEU,0.0115539068356156,0.0001167343070846,0.0028371638618409,0.0002161409793188,0.0064637442119419,0.0002260290493723,0.0004255783860571,0.15324512,Tex HS,Roblox,SOU O FLOPPA POR 1 DIA Roblox Raised By a Floppa [84l4sUIcrS4],,NT,NT,NT,"🎬 Canal: Tex HS | 🎥 Vídeo: SOU O FLOPPA POR 1 DIA Roblox Raised By a Floppa [84l4sUIcrS4]
⏱️ Segmento/Index: 11
──────────────────────────────────────────────────
Fala transcrita:
""Eu vou comprar o doce godly, que chama, né? Ah, esse é muito caro. Esse eu não tenho dinheiro. Fertilizante. E eu vou comprar esse aqui, os sprinklers. Que daí ele vai fazer automaticamente a parte de regar, né? Olha lá, já está regando tudo, ó. Agora a gente vai plantar o doce. Como é que faz? Como é que planta? Ah, é só clicar no chão, ó. Plantei dois doces, é isso? Só esperar crescer agora, eu acho. Eu vou fazer uma plantação completa. Eu quero ver no que vai dar isso. Olha que interessante, pessoal, como que a plantação de doce funciona. Esses doces aqui são os dourados. Eles já cresceram 100%. Presta atenção no dinheirinho ali, ó. Eu estou fazendo a colheita. Meu, vai subir muito dinheiro. Olha lá, 4 milhões. Agora com esse aqui já vai para quê? Uns 8? 7, 8? Mais um? Vou passar de 10 milhões. Só dessa brincadeira aqui. Eu vou replantar tudo, cara. Pessoal, aquele doce colorido, aqueles doces que estão piscando em branco ali, ó. Esse aqui dá muito dinheiro, mas dá muito mesmo. Dá uma olhadinha no meu dinheiro ali. 32 milhões? Vai subir para quanto? 45. Melhor jeito de farmar dinheiro é com isso aqui, ó. Eu quero saber o que aquele amiguinho está fazendo lá em cima.""",Avaliador_B,Avaliador_F
10,"Achei ali, ó, tá aqui o Creeper. Calma. Ai, ai, ai, ai. Calma aí, filha. Calma aí, eu vou parar o tempo. Eu paro o tempo. Eu paro, deixa ele se abrir. Sobe, sobe, meu filho, que eu vou parar o tempo. Ele não tá conseguindo nadar, também ele não tem nem mão, né? Parei o tempo. Parou, parou. Ele esplodiu. Ele esplodiu. Ele esplodiu. Ah, não, não. Deixa eu mato ele. Coisa boa, tá vendo, galera? Graças a mim. Agora, Eduardo, testa esse tal poder do Creeper aí pra ver o que que acontece, Eduardo. É... Eu acho que é um poder meio perigoso. Garota, quase que eu morri de infarto do susto que eu tomei. Vai, Eduardo, testa de novo esse negócio. Você vai ficar um pouco longe do que? Isso, pode... Não, então, eu... É, me deu uma dor de barriga, acho que eu vou soltar só um peidinho, tá bom? Peidinho? É. Rapaz...",0.1483466625213623,0.635461151599884,0.2161922305822372,NEU,0.5030086636543274,0.0013106513069942,0.0146321672946214,0.0007780430023558,0.0298072323203086,0.2922845780849457,0.0072031044401228,0.3722269,Marcelodrv,Minecraft,COMO GANHAR os PODERES dos MOBS DO MINECRAFT [aT6dun2i92g],,GZ,GZ,GZ,"🎬 Canal: Marcelodrv | 🎥 Vídeo: COMO GANHAR os PODERES dos MOBS DO MINECRAFT [aT6dun2i92g]
⏱️ Segmento/Index: 10
──────────────────────────────────────────────────
Fala transcrita:
""Achei ali, ó, tá aqui o Creeper. Calma. Ai, ai, ai, ai. Calma aí, filha. Calma aí, eu vou parar o tempo. Eu paro o tempo. Eu paro, deixa ele se abrir. Sobe, sobe, meu filho, que eu vou parar o tempo. Ele não tá conseguindo nadar, também ele não tem nem mão, né? Parei o tempo. Parou, parou. Ele esplodiu. Ele esplodiu. Ele esplodiu. Ah, não, não. Deixa eu mato ele. Coisa boa, tá vendo, galera? Graças a mim. Agora, Eduardo, testa esse tal poder do Creeper aí pra ver o que que acontece, Eduardo. É... Eu acho que é um poder meio perigoso. Garota, quase que eu morri de infarto do susto que eu tomei. Vai, Eduardo, testa de novo esse negócio. Você vai ficar um pouco longe do que? Isso, pode... Não, então, eu... É, me deu uma dor de barriga, acho que eu vou soltar só um peidinho, tá bom? Peidinho? É. Rapaz...""",Avaliador_B,Avaliador_F
19,os nossos presentes acho que isso não foi uma boa ideia foi sim lulu que nossos presentes estão aqui mas eu tenho um saco de presente nas minhas costas mas você não tá pra levar nem metade da galera que pediu olha nossos presentes estão todos aqui e eu to achando que agora que nós vamos usar o bate crianças vocês não eram permitidos de estar aqui vocês não leram a placa escrito não entre a gente tem impressão minha ele cresceu você pegou todos os nossos presentes eu não acredito que você é o verdadeiro papai noel ta bom eu não sou o papai noel é claro mami ele é o great meu Deus lulu olha a cara dele de mal meu Deus olha a cara dele eu sabia que a gente não deveria ter deixado mami meu Deus lulu sabe o que ele fala agora que a gente só vai recuperar o presente e passar por cima dele então vamos passar por cima dele mami ai vem cá ele ta jogando bola de fogo calma calma calma tomei meu chocolate quente agora minha vida ta boa eu vou lá pegar ele tá a vida dele já ta na metade vai a gente consegue vai lucas vai lulu ele atum de novo de novo mami eu consigo sozinha então vai lulu que eu confio em você filha vai mami agora é a hora vai mami eu vou bater nele,0.530744731426239,0.3189265131950378,0.1503288000822067,NEG,0.6281515955924988,0.0068233599886298,0.0599638037383556,0.0023970627225935,0.0378241054713726,0.0420652255415916,0.0176323764026165,0.30993456,Luluca Games,Roblox,Roblox - O GRINCH QUER ACABAR COM O NOSSO NATAL The Grinch Story  Luluca Games [OuGW1h40Zdc],0.5307450890541077,GZ,GZ,GZ,"🎬 Canal: Luluca Games | 🎥 Vídeo: Roblox - O GRINCH QUER ACABAR COM O NOSSO NATAL The Grinch Story  Luluca Games [OuGW1h40Zdc]
⏱️ Segmento/Index: 19
──────────────────────────────────────────────────
Fala transcrita:
""os nossos presentes acho que isso não foi uma boa ideia foi sim lulu que nossos presentes estão aqui mas eu tenho um saco de presente nas minhas costas mas você não tá pra levar nem metade da galera que pediu olha nossos presentes estão todos aqui e eu to achando que agora que nós vamos usar o bate crianças vocês não eram permitidos de estar aqui vocês não leram a placa escrito não entre a gente tem impressão minha ele cresceu você pegou todos os nossos presentes eu não acredito que você é o verdadeiro papai noel ta bom eu não sou o papai noel é claro mami ele é o great meu Deus lulu olha a cara dele de mal meu Deus olha a cara dele eu sabia que a gente não deveria ter deixado mami meu Deus lulu sabe o que ele fala agora que a gente só vai recuperar o presente e passar por cima dele então vamos passar por cima dele mami ai vem cá ele ta jogando bola de fogo calma calma calma tomei meu chocolate quente agora minha vida ta boa eu vou lá pegar ele tá a vida dele já ta na metade vai a gente consegue vai lucas vai lulu ele atum de novo de novo mami eu consigo sozinha então vai lulu que eu confio em você filha vai mami agora é a hora vai mami eu vou bater nele""",Avaliador_B,Avaliador_F
18,"porque ele ficou sozinho, ele não conseguiria levar todas as barras no mesmo inventário ele precisaria de mais gente e a gente conseguia enfrentar os sapoings ele acabou com todo o ouro, isso aqui não é nada, ele deve estar com muito ele é verdade, eu dou pouco mais ouro não, não, não acredito uma parte da riqueza da cidade agora está nas mãos do espectro eu não acredito, eu não acredito, esse cara é muito malvado e fugiu mais uma vez e olha o estrago que ele fez aqui no banco nós vamos ter que pedir ajuda para o pessoal da cidade de estar reformando essa entrada seu JP, eu falei que tinha uma coisa estranha na cidade, por que você não acreditou em mim? desculpa xerife, você estava certo, realmente tinha algo estranho a gente só não sabia bem o que era, né? e com certeza não era culpa daquele porquinho que você quis prender ai ai ai, verdade, mas ele estava muito suspeito, aquele porquinho olha pessoal, olha o que ele fez olha, a gente tem então um jeito de tentar descobrir quais são os planos do espectro, sério a gente precisa descobrir para onde ele levou todas essas barras de ouro e o pior, o que ele vai fazer com todo esse ouro, né?",0.9399454593658448,0.0325467661023139,0.0275078173726797,NEG,0.3116671741008758,0.0004860060871578,0.0394350066781044,0.0009510728996247,0.1825505793094635,0.000567895360291,0.0005462368717417,0.36043653,JP Plays,Minecraft,SPECTRE ROUBOU O BANCO DA CIDADE NO VELHO OESTE DO MINECRAFT  12 [8CExY1DQliE],,GZ,GZ,GZ,"🎬 Canal: JP Plays | 🎥 Vídeo: SPECTRE ROUBOU O BANCO DA CIDADE NO VELHO OESTE DO MINECRAFT  12 [8CExY1DQliE]
⏱️ Segmento/Index: 18
──────────────────────────────────────────────────
Fala transcrita:
""porque ele ficou sozinho, ele não conseguiria levar todas as barras no mesmo inventário ele precisaria de mais gente e a gente conseguia enfrentar os sapoings ele acabou com todo o ouro, isso aqui não é nada, ele deve estar com muito ele é verdade, eu dou pouco mais ouro não, não, não acredito uma parte da riqueza da cidade agora está nas mãos do espectro eu não acredito, eu não acredito, esse cara é muito malvado e fugiu mais uma vez e olha o estrago que ele fez aqui no banco nós vamos ter que pedir ajuda para o pessoal da cidade de estar reformando essa entrada seu JP, eu falei que tinha uma coisa estranha na cidade, por que você não acreditou em mim? desculpa xerife, você estava certo, realmente tinha algo estranho a gente só não sabia bem o que era, né? e com certeza não era culpa daquele porquinho que você quis prender ai ai ai, verdade, mas ele estava muito suspeito, aquele porquinho olha pessoal, olha o que ele fez olha, a gente tem então um jeito de tentar descobrir quais são os planos do espectro, sério a gente precisa descobrir para onde ele levou todas essas barras de ouro e o pior, o que ele vai fazer com todo esse ouro, né?""",Avaliador_B,Avaliador_F
9,"Hum, droga, ele tá aqui, ele tá aqui, tem um poço, conseguir explorar e pegar algumas coisas, uma munição Será que tem como ter uma arma e acabar com esse porco? Hum, pode ser que sim, pode ser que não, mas ele tá atrás de mim, o plano não tá funcionando, o plano tá dando ruim Hum, pera, pera, pra cá não, pra cá não Ai, ali em cima tem peças de engrenagem, encontrei, encontrei o que queria, pera, pera, pera Seguinte, pessoal, as peças da engrenagem tão ali ó, eu vou deixar essa munição em cima da mesa, a gente pega essas peças de engrenagem, leva lá pra fora e coloca na máquina lá Será que isso vai funcionar? Será que não vai? Vamos fechar a porta, deixa o George lá. Beleza, aqui não tem porta, né? O que é ruim é terrível. A gente vai vir aqui e colocar as peças, vamos ver se vai. Boa! Coloquei as peças. Deu certo, deu certo. Agora provavelmente abriu alguma passagem secreta em algum lugar da casa, né? Não sei, dá pra entrar aqui? Não dá pra entrar aqui. Eu acho que não. Tô vivo! McFly, muito obrigado, você já fez com que eu descobrisse bastante coisa nova que eu não sabia.",0.7154546976089478,0.2644955515861511,0.0200498215854167,NEG,0.8917825818061829,0.0062661990523338,0.2803115248680115,0.0028123692609369,0.0580784901976585,0.005556312855333,0.009254808537662,0.47886392,JP Plays,Minecraft,A PORCA MALVADA NO ROBLOX  Creepypasta Peppa Pig [cNDxodQUfbc],,T,T,T,"🎬 Canal: JP Plays | 🎥 Vídeo: A PORCA MALVADA NO ROBLOX  Creepypasta Peppa Pig [cNDxodQUfbc]
⏱️ Segmento/Index: 9
──────────────────────────────────────────────────
Fala transcrita:
""Hum, droga, ele tá aqui, ele tá aqui, tem um poço, conseguir explorar e pegar algumas coisas, uma munição Será que tem como ter uma arma e acabar com esse porco? Hum, pode ser que sim, pode ser que não, mas ele tá atrás de mim, o plano não tá funcionando, o plano tá dando ruim Hum, pera, pera, pra cá não, pra cá não Ai, ali em cima tem peças de engrenagem, encontrei, encontrei o que queria, pera, pera, pera Seguinte, pessoal, as peças da engrenagem tão ali ó, eu vou deixar essa munição em cima da mesa, a gente pega essas peças de engrenagem, leva lá pra fora e coloca na máquina lá Será que isso vai funcionar? Será que não vai? Vamos fechar a porta, deixa o George lá. Beleza, aqui não tem porta, né? O que é ruim é terrível. A gente vai vir aqui e colocar as peças, vamos ver se vai. Boa! Coloquei as peças. Deu certo, deu certo. Agora provavelmente abriu alguma passagem secreta em algum lugar da casa, né? Não sei, dá pra entrar aqui? Não dá pra entrar aqui. Eu acho que não. Tô vivo! McFly, muito obrigado, você já fez com que eu descobrisse bastante coisa nova que eu não sabia.""",Avaliador_B,Avaliador_F
0,"Pronto pra copiar e colar todos os blocos do Minecraft, K.R.? Eu tô pronto pra gente conseguir aquele bloco de diamante mais lindo e sair copiando por aí pelo mundo. Caraca, então galera, hoje vai ser o seguinte, hoje nós podemos craftar uma varinha que vai copiar e colar todos os blocos do Minecraft, o mais seu for, se você, K.R. Eu colocava de dia, porque a gente já começou de noite, né? Eu não vou colocar de dia não, porque o que eu vou colocar de dia vai ser o comando. É, o comando coloca de dia e o pessoal vai deixando like, o comando do like, barra like. Comando, barra like ali, deixa eu ver pra frente que o pessoal vê, barra like aí. Deixa o like, galera. Só faz besteira, né mano? Tá, e pra gente craftar essa varinha que copia todos os blocos, K.R., é bem simples. A gente só vai precisar de uma madeirinha ali, aí a gente pega a madeira, faz uma bancada de trabalho ou se você preferir uma crafting table, né, que é inglês, e aí a gente faz uns dois sticks e pega a lã da alvelha e coloca dois sticks e a lã da alvelha.",0.0481088273227214,0.5424108505249023,0.4094803631305694,NEU,0.3037452697753906,0.0052140005864202,0.0619924217462539,0.0036602986510843,0.0264552105218172,0.0022837177384644,0.0052408222109079,0.2854937,Kass e KR,Minecraft,Podemos COPIAR e COLAR qualquer Bloco no Minecraft [yVs7dhL7hT8],,GZ,GZ,GZ,"🎬 Canal: Kass e KR | 🎥 Vídeo: Podemos COPIAR e COLAR qualquer Bloco no Minecraft [yVs7dhL7hT8]
⏱️ Segmento/Index: 0
──────────────────────────────────────────────────
Fala transcrita:
""Pronto pra copiar e colar todos os blocos do Minecraft, K.R.? Eu tô pronto pra gente conseguir aquele bloco de diamante mais lindo e sair copiando por aí pelo mundo. Caraca, então galera, hoje vai ser o seguinte, hoje nós podemos craftar uma varinha que vai copiar e colar todos os blocos do Minecraft, o mais seu for, se você, K.R. Eu colocava de dia, porque a gente já começou de noite, né? Eu não vou colocar de dia não, porque o que eu vou colocar de dia vai ser o comando. É, o comando coloca de dia e o pessoal vai deixando like, o comando do like, barra like. Comando, barra like ali, deixa eu ver pra frente que o pessoal vê, barra like aí. Deixa o like, galera. Só faz besteira, né mano? Tá, e pra gente craftar essa varinha que copia todos os blocos, K.R., é bem simples. A gente só vai precisar de uma madeirinha ali, aí a gente pega a madeira, faz uma bancada de trabalho ou se você preferir uma crafting table, né, que é inglês, e aí a gente faz uns dois sticks e pega a lã da alvelha e coloca dois sticks e a lã da alvelha.""",Avaliador_B,Avaliador_F
13,"É, mas eu descobri algo agora que vai fazer eu te vencer. O que você descobriu, Cadres? Um mob novo da nova atualização. Um mob da atualização, será que ele descobriu que eu tô usando o mod? O que você tá mutado aí, Atlus? Cadres, valendo, valendo, porque eu já sei o mob que eu vou usar. Eu não sei ainda que mob eu vou usar, vamos observar o que o Cadres vai fazer. O que será que ele descobriu? Ah, agora o Atlus vai ver, ele vai ver só. Eu tava vendo que aqui pros cantos tem um monte de mod, olha isso. E o mais sorte de todos que eu encontrei foi esse daqui. Agora eu vou estar colocando ele no chão, olha só como ele é forte. O Cadres colocou um monstro de gelo. Se ele colocou um monstro de gelo, eu tenho que colocar criaturas de fogo pra combater o gelo. Eu acho que ele descobriu que eu tô usando o mod, mas não tem problema, porque ele não sabe ainda que eu tenho essa parede aqui de vidro e eu consigo observar tudo que ele faz. O Cadres vai reclamar um pouco, mas não importa. Eu vou transformar tudo em magma e nós vamos fazer esse monstro gelado dele pegar fogo.",0.0813104808330535,0.8805601000785828,0.0381294526159763,NEU,0.2611740529537201,0.0102294664829969,0.0501863732933998,0.0075702560134232,0.0487800389528274,0.016566788777709,0.0036311272997409,0.25462922,Athos,Minecraft,TROLEI MEU AMIGO EM UMA BATALHA DE MOBS NO MINECRAFT [dTCDBlqH8a8],,GZ,GZ,GZ,"🎬 Canal: Athos | 🎥 Vídeo: TROLEI MEU AMIGO EM UMA BATALHA DE MOBS NO MINECRAFT [dTCDBlqH8a8]
⏱️ Segmento/Index: 13
──────────────────────────────────────────────────
Fala transcrita:
""É, mas eu descobri algo agora que vai fazer eu te vencer. O que você descobriu, Cadres? Um mob novo da nova atualização. Um mob da atualização, será que ele descobriu que eu tô usando o mod? O que você tá mutado aí, Atlus? Cadres, valendo, valendo, porque eu já sei o mob que eu vou usar. Eu não sei ainda que mob eu vou usar, vamos observar o que o Cadres vai fazer. O que será que ele descobriu? Ah, agora o Atlus vai ver, ele vai ver só. Eu tava vendo que aqui pros cantos tem um monte de mod, olha isso. E o mais sorte de todos que eu encontrei foi esse daqui. Agora eu vou estar colocando ele no chão, olha só como ele é forte. O Cadres colocou um monstro de gelo. Se ele colocou um monstro de gelo, eu tenho que colocar criaturas de fogo pra combater o gelo. Eu acho que ele descobriu que eu tô usando o mod, mas não tem problema, porque ele não sabe ainda que eu tenho essa parede aqui de vidro e eu consigo observar tudo que ele faz. O Cadres vai reclamar um pouco, mas não importa. Eu vou transformar tudo em magma e nós vamos fazer esse monstro gelado dele pegar fogo.""",Avaliador_B,Avaliador_F
22,"mas talvez não estejam na cama toda ta, eu to aqui ó, to invisível ta invisível? ta, ta, ta, ta, ta ta me vendo? aham, to vendo será que eles me veem? tu tu tu tu não viram tu tu tu tu tu tu tu tu tu quebrei, quebro?",0.1830249428749084,0.7928829193115234,0.0240921750664711,NEU,0.6219662427902222,0.005904221907258,0.0445005409419536,0.0049525424838066,0.0571679063141346,0.0104789799079298,0.0116075491532683,0.20219094,Julia MineGirl,Roblox,Minecraft - BED WARS MAIS EMOCIONANTE [GqgSxP7uLBc],,GZ,GZ,GZ,"🎬 Canal: Julia MineGirl | 🎥 Vídeo: Minecraft - BED WARS MAIS EMOCIONANTE [GqgSxP7uLBc]
⏱️ Segmento/Index: 22
──────────────────────────────────────────────────
Fala transcrita:
""mas talvez não estejam na cama toda ta, eu to aqui ó, to invisível ta invisível? ta, ta, ta, ta, ta ta me vendo? aham, to vendo será que eles me veem? tu tu tu tu não viram tu tu tu tu tu tu tu tu tu quebrei, quebro?""",Avaliador_B,Avaliador_F
5,"Tá. Meu Deus do céu, porco. Pega fogo. Faz isso comigo não, velho. Ah, eu tenho aspecto sumerjante. Ah, moleque, é isso, véi. Agora. Deixa eu deixar a mesa aqui, ó. É só... Multiplica, é? Então, véi, basicamente... Eu tô com um pé aqui, eu tô com muito, muito, muito... A fogueira, se for ferramenta, ela vai encantar, se for item, ela vai multiplicar, entende? Caraca. Ah, peraí que eu vou derrubar. Exato, véi. Nossa. E é o seguinte, eu vou fazer mais umas fornalhinhas aqui. Você tem pedregulho? Meu Deus. Tem muito pedregulho, muito. Calma, eu vou colocar aqui uma pedra em cada fornalha aqui, véi. É só porque... Caraca, que... Oi, que picareta é essa? Que isso, me dá, me dá, me dá. Eu quero, eu quero, eu quero. Toma essa aqui, ó. Nossa, mano, você pegou uma picareta de eficiência mil. Velho do céu. Eu vou fazer outro machado. Agora eu vou fazer outro machado e tentar pegar em um quesamento muito bom. Nossa, véi. Mano, é que eu tô fazendo uma grindstone, a gente não precisa fazer outro, entendeu? A gente só... A gente só... Só fica tirando e botando aqui...",0.1490501016378402,0.3844346404075622,0.4665152132511139,POS,0.8776034116744995,0.0066682673059403,0.0746193826198577,0.0036711764987558,0.1439774185419082,0.011702723801136,0.0158762652426958,0.4269174,Geleia,Minecraft,as fogueiras mudaram no minecraft... [oVJ60UlHNYk],,T,T,T,"🎬 Canal: Geleia | 🎥 Vídeo: as fogueiras mudaram no minecraft... [oVJ60UlHNYk]
⏱️ Segmento/Index: 5
──────────────────────────────────────────────────
Fala transcrita:
""Tá. Meu Deus do céu, porco. Pega fogo. Faz isso comigo não, velho. Ah, eu tenho aspecto sumerjante. Ah, moleque, é isso, véi. Agora. Deixa eu deixar a mesa aqui, ó. É só... Multiplica, é? Então, véi, basicamente... Eu tô com um pé aqui, eu tô com muito, muito, muito... A fogueira, se for ferramenta, ela vai encantar, se for item, ela vai multiplicar, entende? Caraca. Ah, peraí que eu vou derrubar. Exato, véi. Nossa. E é o seguinte, eu vou fazer mais umas fornalhinhas aqui. Você tem pedregulho? Meu Deus. Tem muito pedregulho, muito. Calma, eu vou colocar aqui uma pedra em cada fornalha aqui, véi. É só porque... Caraca, que... Oi, que picareta é essa? Que isso, me dá, me dá, me dá. Eu quero, eu quero, eu quero. Toma essa aqui, ó. Nossa, mano, você pegou uma picareta de eficiência mil. Velho do céu. Eu vou fazer outro machado. Agora eu vou fazer outro machado e tentar pegar em um quesamento muito bom. Nossa, véi. Mano, é que eu tô fazendo uma grindstone, a gente não precisa fazer outro, entendeu? A gente só... A gente só... Só fica tirando e botando aqui...""",Avaliador_B,Avaliador_F
0,"Nossa, olha o tanto de cobre! Ai, mãe, tem uma aranha vinda! Aaaaaaah! Tu tem aranha, Ju? Ai, essa aqui! Mata ela! Aaaaaaah! Mata ela, você pode me matar! Não, não, não! Aaaaaaah! Ela vai me matar! Mata ela! Ah, não, não! Uh, olá, pessoal, tudo bem? Hoje em dia é que vira mais de URSA e G-Minecraft, e essa vez somos aqui de Manam! Olá, pessoal! Tudo bem? E hoje, pessoal, voltamos aqui no Diário Mine Girl! Isso mesmo! Pessoal, vocês gostaram do primeiro episódio? Sim! Nossa, gente, vocês foram incríveis! Isso aí, galera, vocês bateram a nossa meta de 60 mil likes e muito mais, né, Mami? Sim, foram quase 100 mil likes a última vez que a gente olhou! Sim, gente! Nossa! Então, galera, já vai deixando esse seu like eletion, beleza? Sim, bora continuar a nossa meta de 60 mil likes pro próximo episódio! Isso aí, galera, que a gente quer saber se vocês estão gostando, né? Exatamente!",0.5345604419708252,0.415852427482605,0.0495871789753437,NEG,0.9551344513893129,0.0072501092217862,0.0325765460729599,0.0066048470325767,0.0498480275273323,0.7351586818695068,0.0105832237750291,0.53579444,Julia MineGirl,Roblox,Diário Minegirl - HOJE O DIA FOI TENSO NO MINECRAFT  E2 [vCK6tQFv5zc],,T,T,T,"🎬 Canal: Julia MineGirl | 🎥 Vídeo: Diário Minegirl - HOJE O DIA FOI TENSO NO MINECRAFT  E2 [vCK6tQFv5zc]
⏱️ Segmento/Index: 0
──────────────────────────────────────────────────
Fala transcrita:
""Nossa, olha o tanto de cobre! Ai, mãe, tem uma aranha vinda! Aaaaaaah! Tu tem aranha, Ju? Ai, essa aqui! Mata ela! Aaaaaaah! Mata ela, você pode me matar! Não, não, não! Aaaaaaah! Ela vai me matar! Mata ela! Ah, não, não! Uh, olá, pessoal, tudo bem? Hoje em dia é que vira mais de URSA e G-Minecraft, e essa vez somos aqui de Manam! Olá, pessoal! Tudo bem? E hoje, pessoal, voltamos aqui no Diário Mine Girl! Isso mesmo! Pessoal, vocês gostaram do primeiro episódio? Sim! Nossa, gente, vocês foram incríveis! Isso aí, galera, vocês bateram a nossa meta de 60 mil likes e muito mais, né, Mami? Sim, foram quase 100 mil likes a última vez que a gente olhou! Sim, gente! Nossa! Então, galera, já vai deixando esse seu like eletion, beleza? Sim, bora continuar a nossa meta de 60 mil likes pro próximo episódio! Isso aí, galera, que a gente quer saber se vocês estão gostando, né? Exatamente!""",Avaliador_B,Avaliador_F
10,"Muita coisa. E os materiais pra fazer essa farm são estes daqui, ó. Você vai precisar de algumas águas, né? Cenouras pra plantar ali ou batata. Alguns blocos de construção e terra, mano. Esses aqui são os materiais, assim, gerais. E os que são o número exato são estes aqui, mano. 8 camas, 11 lajes, 2 barris, 7 placas de carvalho, 2 composteiras e 11 sapões de abeto. E os villagers, obviamente, você vai trazer aqui ou com barquinho, ou com carrinho, ou com cavalinho, ou com motinho, sei lá. O que você tiver aí no seu mapa. Então, Victor, explica pra nós aí mais uma vez como essa farmzinha aqui funciona, velho. Bom, gente, farm de villager é uma farm pré-histórica do Minecraft, mano. Isso aqui existe desde que o Minecraft é Minecraft. Mas é o seguinte, gente. Por que uma farm de villager? Uma farm de villager é importante pra você conseguir aí os seus livros encantados, pra você conseguir fazer uma farm de velha, uma farm de tenoura e batata e, enfim. E não só isso, ela é muito eficiente, rapaziada. Então, tenha um controle no seu mapa, mano. Tenha um jeito de você, meio que, bloquear ela. Um jeito fácil de você bloquear ela é removendo as câmaras. Todos vocês sabem, mas pra essa farm funcionar, o villager precisa dormir.",0.0545466877520084,0.9156988263130188,0.0297544561326503,NEU,0.0074020470492541,0.0050876289606094,0.0350581854581832,0.0034973924048244,0.0253633353859186,0.0030408028978854,0.0021057242993265,0.1269396,Geleia,Minecraft,3 FARMS SIMPLES para o MINECRAFT BEDROCK EDITION MCPE PE Windows 10 Xbox PS4 Switch [hknF7XpV6mg],,NT,NT,NT,"🎬 Canal: Geleia | 🎥 Vídeo: 3 FARMS SIMPLES para o MINECRAFT BEDROCK EDITION MCPE PE Windows 10 Xbox PS4 Switch [hknF7XpV6mg]
⏱️ Segmento/Index: 10
──────────────────────────────────────────────────
Fala transcrita:
""Muita coisa. E os materiais pra fazer essa farm são estes daqui, ó. Você vai precisar de algumas águas, né? Cenouras pra plantar ali ou batata. Alguns blocos de construção e terra, mano. Esses aqui são os materiais, assim, gerais. E os que são o número exato são estes aqui, mano. 8 camas, 11 lajes, 2 barris, 7 placas de carvalho, 2 composteiras e 11 sapões de abeto. E os villagers, obviamente, você vai trazer aqui ou com barquinho, ou com carrinho, ou com cavalinho, ou com motinho, sei lá. O que você tiver aí no seu mapa. Então, Victor, explica pra nós aí mais uma vez como essa farmzinha aqui funciona, velho. Bom, gente, farm de villager é uma farm pré-histórica do Minecraft, mano. Isso aqui existe desde que o Minecraft é Minecraft. Mas é o seguinte, gente. Por que uma farm de villager? Uma farm de villager é importante pra você conseguir aí os seus livros encantados, pra você conseguir fazer uma farm de velha, uma farm de tenoura e batata e, enfim. E não só isso, ela é muito eficiente, rapaziada. Então, tenha um controle no seu mapa, mano. Tenha um jeito de você, meio que, bloquear ela. Um jeito fácil de você bloquear ela é removendo as câmaras. Todos vocês sabem, mas pra essa farm funcionar, o villager precisa dormir.""",Avaliador_B,Avaliador_F
3,"Espera, que coisa horrível, cara! Que horror! Sai daqui! Foi pra cima, foi pra cima! Consegui, consegui, matei. Cara, será que não era... Não, não, não, a gente não deveria prender ele de jeito nenhum, não. Deixa quieto. Já aprendemos coisas horríveis e essa joia, ela está no limite, Beto. Capturamos 25 monstros. Lembra que tem limite, não dá pra sair capturando todos os monstros do mundo. Agora vamos seguir em linha reta, já estou com as barras na mão. A base militar realmente é um bom lugar, Robin. Vai ser a melhor prisão que vamos conseguir. São diversos monstros, então tem que ser grande. Sim, Beto, acho que daqui a pouco vai dar pra gente ver e estamos nos aproximando dessa base. Consigo ver algumas árvores, mas nem sinal até agora. Robin, olha isso aqui, tem um túmulo nessa parte, um túmulo encantado aqui. Peraí, eu vou quebrar, estou com uma picareta aqui, vamos ver se a gente consegue algum item especial.",0.9901064038276672,0.006213548593223,0.0036800736561417,NEG,0.3209512233734131,0.00219376408495,0.0301430150866508,0.0019210678292438,0.0358152650296688,0.0175296496599912,0.0040142107754945,0.39231625,Robin Hood Gamer,Minecraft,LUTAMOS COM O MONSTRO E CONSEGUIMOS A MELHOR ESPADA - Minecraft Herobrine 53 [pz4SOb7Qybs],,GZ,GZ,GZ,"🎬 Canal: Robin Hood Gamer | 🎥 Vídeo: LUTAMOS COM O MONSTRO E CONSEGUIMOS A MELHOR ESPADA - Minecraft Herobrine 53 [pz4SOb7Qybs]
⏱️ Segmento/Index: 3
──────────────────────────────────────────────────
Fala transcrita:
""Espera, que coisa horrível, cara! Que horror! Sai daqui! Foi pra cima, foi pra cima! Consegui, consegui, matei. Cara, será que não era... Não, não, não, a gente não deveria prender ele de jeito nenhum, não. Deixa quieto. Já aprendemos coisas horríveis e essa joia, ela está no limite, Beto. Capturamos 25 monstros. Lembra que tem limite, não dá pra sair capturando todos os monstros do mundo. Agora vamos seguir em linha reta, já estou com as barras na mão. A base militar realmente é um bom lugar, Robin. Vai ser a melhor prisão que vamos conseguir. São diversos monstros, então tem que ser grande. Sim, Beto, acho que daqui a pouco vai dar pra gente ver e estamos nos aproximando dessa base. Consigo ver algumas árvores, mas nem sinal até agora. Robin, olha isso aqui, tem um túmulo nessa parte, um túmulo encantado aqui. Peraí, eu vou quebrar, estou com uma picareta aqui, vamos ver se a gente consegue algum item especial.""",Avaliador_B,Avaliador_F
20,"Ai, ele não deixa passar. Tá, quer que eu vá? Consegui, consegui, vem cá. Venham. Ele vai atrás de você, ele vai atrás de você. É pra ver as torretas funcionando. Nossa, já era K.R. ele tá quase sendo derrotado. Eu também, eu tô com 4 corações aqui só. Ai meu Deus do céu, ele é forte. Ele é forte mano, vai, cuidado. Socorro, ele tá atrás de mim. Olha isso velho. Tu conta soco mano. Meu Deus. Coi muito, coi muito. Ajuda a gente torreta. Ajuda a gente. Olha. Ae. Boa mano, conseguimos. Caramba, que top velho. E olha só, esse aqui tá ativado até agora K.R. É porque tem um itemzinho caído ali ó. Ai a gente poderia ter feito isso né. É, deixar um item jogado ali. Joga um item aqui, outro item aqui, outro item aqui. E ele fica ativado mano, que maneiro. E outro aqui. Ah, ele fica ativado. E fica tudo ativado velho, até a própria coisa. O ventinho, o negocinho. Caraca que da hora, a gente podia ter feito isso, deu uma malha. Bom, mas é isso galera.",0.1275893896818161,0.5524850487709045,0.3199255466461181,NEU,0.2086452692747116,0.0023426108527928,0.1011496633291244,0.0016148070571944,0.0283783357590436,0.0030462851282209,0.0059925653040409,0.26859093,Kass e KR,Minecraft,Construa uma CASA contra o HUGGY WUGGY sem SAIR do CÍRCULO VERMELHO [7YICEmbf8N4],,GZ,GZ,GZ,"🎬 Canal: Kass e KR | 🎥 Vídeo: Construa uma CASA contra o HUGGY WUGGY sem SAIR do CÍRCULO VERMELHO [7YICEmbf8N4]
⏱️ Segmento/Index: 20
──────────────────────────────────────────────────
Fala transcrita:
""Ai, ele não deixa passar. Tá, quer que eu vá? Consegui, consegui, vem cá. Venham. Ele vai atrás de você, ele vai atrás de você. É pra ver as torretas funcionando. Nossa, já era K.R. ele tá quase sendo derrotado. Eu também, eu tô com 4 corações aqui só. Ai meu Deus do céu, ele é forte. Ele é forte mano, vai, cuidado. Socorro, ele tá atrás de mim. Olha isso velho. Tu conta soco mano. Meu Deus. Coi muito, coi muito. Ajuda a gente torreta. Ajuda a gente. Olha. Ae. Boa mano, conseguimos. Caramba, que top velho. E olha só, esse aqui tá ativado até agora K.R. É porque tem um itemzinho caído ali ó. Ai a gente poderia ter feito isso né. É, deixar um item jogado ali. Joga um item aqui, outro item aqui, outro item aqui. E ele fica ativado mano, que maneiro. E outro aqui. Ah, ele fica ativado. E fica tudo ativado velho, até a própria coisa. O ventinho, o negocinho. Caraca que da hora, a gente podia ter feito isso, deu uma malha. Bom, mas é isso galera.""",Avaliador_B,Avaliador_F
2,"Nossa, só foi por pouco, Higgy! Foi por pouco, velho, e Cadris, eu só encontrei naquele baú ali esse flint aqui, olha, que eu não sei pra que serve, não! Esse flint tava nesse baú aqui... Peraí, Higgy, tem um portal aqui atrás? Eu acho que a gente precisa ativar ele e entrar! Ah, é, onde que a gente veio parar? Ah, pera, a gente veio no começo de novo! Eu acho que é pra gente agora passar esse aqui, Cadris, é da sua cor, ó! É o monstro verde! É o monstro verde, mas eu acho que ele não é legal igual eu, não! Ele deve ser muito mau, o primeiro que é o mais fraquinho já foi complicado! Nossa, foi muito difícil! Ah, vamos entrar dentro desse agora e depois eu dou-se o babão! Esse aqui é bonito, pelo menos, ô Cadris, é bem bonito esse mapa aqui! É, eu também achei, a cor dele é linda! Mas agora vamos ver... Peraí, é um parkour de novo e tem um barquinho aqui! Será que é só entrar e ir nadando? Eu acho que é só isso! Ah, peraí, eu tô ficando tonto! Eu tô ficando tonto! A gente tem que sair daqui, é uma água tóxica! Não, não, não! Tá tudo girando pra mim, Higgy! Eu tô com na onde, Cadris, eu vou vomitar! Ah, mas você viu, Higgy, a gente começou a tomar dano também!",0.3604720830917358,0.5852891802787781,0.0542387478053569,NEU,0.4903727769851684,0.0046127676032483,0.0435054935514926,0.0032843409571796,0.0721248090267181,0.0077061629854142,0.0035609789192676,0.25727063,Cadres,Minecraft,NÃO ESCOLHA A PORTA ERRADA NO MINECRAFT RAINBOW FRIENDS [rXb826z4so0],,GZ,GZ,GZ,"🎬 Canal: Cadres | 🎥 Vídeo: NÃO ESCOLHA A PORTA ERRADA NO MINECRAFT RAINBOW FRIENDS [rXb826z4so0]
⏱️ Segmento/Index: 2
──────────────────────────────────────────────────
Fala transcrita:
""Nossa, só foi por pouco, Higgy! Foi por pouco, velho, e Cadris, eu só encontrei naquele baú ali esse flint aqui, olha, que eu não sei pra que serve, não! Esse flint tava nesse baú aqui... Peraí, Higgy, tem um portal aqui atrás? Eu acho que a gente precisa ativar ele e entrar! Ah, é, onde que a gente veio parar? Ah, pera, a gente veio no começo de novo! Eu acho que é pra gente agora passar esse aqui, Cadris, é da sua cor, ó! É o monstro verde! É o monstro verde, mas eu acho que ele não é legal igual eu, não! Ele deve ser muito mau, o primeiro que é o mais fraquinho já foi complicado! Nossa, foi muito difícil! Ah, vamos entrar dentro desse agora e depois eu dou-se o babão! Esse aqui é bonito, pelo menos, ô Cadris, é bem bonito esse mapa aqui! É, eu também achei, a cor dele é linda! Mas agora vamos ver... Peraí, é um parkour de novo e tem um barquinho aqui! Será que é só entrar e ir nadando? Eu acho que é só isso! Ah, peraí, eu tô ficando tonto! Eu tô ficando tonto! A gente tem que sair daqui, é uma água tóxica! Não, não, não! Tá tudo girando pra mim, Higgy! Eu tô com na onde, Cadris, eu vou vomitar! Ah, mas você viu, Higgy, a gente começou a tomar dano também!""",Avaliador_B,Avaliador_F
0,"Tio, você é a Fera da Marreta! Quem é? Eu sou a Fera da Marreta! Olá, meninas e meninos! Tudo bem com vocês? Hoje eu estou aqui junto com o meu tio! O Eva! E hoje nós vamos jogar Fera da Marreta! Uhul! Luca! Você sabe quem eu sou? Quem você? Eu sou a Fera da Marreta! Fera da Marreta! E vou pegá-la! Você vai me pegar? Vou! Não me pegue! Estou indo atrás e eu já sei que tem um computer hackeado ali! Não, não tem nada não tio! Tem sim! Essa tela é muito avermelhada! Ela é escura né tio? É difícil de achar! Ai meu Deus! Gente, meu tio pegou uma amiglia! Eu estou ficando expert! Expert ele!",0.0248153060674667,0.8312094211578369,0.1439752280712127,NEU,0.6127355098724365,0.0046613756567239,0.0438950322568416,0.0038948357105255,0.0377080664038658,0.0032171797938644,0.0139315770938992,0.30854854,Luluca Games,Roblox,Roblox - JOGUEI FERA DA MARRETA COM MEU TIO Flee the Facility  Luluca Games [-lKlRhviCag],0.0248153004795312,GZ,GZ,GZ,"🎬 Canal: Luluca Games | 🎥 Vídeo: Roblox - JOGUEI FERA DA MARRETA COM MEU TIO Flee the Facility  Luluca Games [-lKlRhviCag]
⏱️ Segmento/Index: 0
──────────────────────────────────────────────────
Fala transcrita:
""Tio, você é a Fera da Marreta! Quem é? Eu sou a Fera da Marreta! Olá, meninas e meninos! Tudo bem com vocês? Hoje eu estou aqui junto com o meu tio! O Eva! E hoje nós vamos jogar Fera da Marreta! Uhul! Luca! Você sabe quem eu sou? Quem você? Eu sou a Fera da Marreta! Fera da Marreta! E vou pegá-la! Você vai me pegar? Vou! Não me pegue! Estou indo atrás e eu já sei que tem um computer hackeado ali! Não, não tem nada não tio! Tem sim! Essa tela é muito avermelhada! Ela é escura né tio? É difícil de achar! Ai meu Deus! Gente, meu tio pegou uma amiglia! Eu estou ficando expert! Expert ele!""",Avaliador_B,Avaliador_F
11,"10 diamantes pra você. Opa. Isso aí, agora deixa eu pegar meu corpo de volta. Vem cá, corpinho. Isso, agora cola. Uou, deu certo. Colou meu corpo. Deu certo. Tô vinteira de novo. Vocês estão suspensos. E olha só, o dever de casa de vocês é esse aí. Vai lá estudar. Agora tchau. De ver de casa? Eu não vou fazer dever de casa. Pega o dever de casa, Furus. Faz o dever de casa. Eu não vou fazer dever de nada não, vou deixar isso aí. Então vamos embora daqui. Eu achei que o nosso problema com o corpo estava resolvido. Mas o Furus piorou tudo. Nossa, eu tô muito feliz com esse meu corpo de volta. Furus, o que você vê? Opa, eu tô teleportando aí por aí. Mas com seis braços? Você tá maluco? Seis braços? Antes estava faltando partes do corpo e agora você colocou mais braços. Mas não sei, não desceu não. Acho que bugou a Matrix. Não, você acabou de vir do Nether e alguma coisa lá. Vamos corrigir isso aí. Você tá gostando de ter seis braços? Eu tô bem legal, tô parecendo uma aranha. Sobe, e tem, e é, sobe, tem, e é. Não, você tá maluco, Furus. Vamos pro Nether.",0.1926245242357254,0.7100825309753418,0.0972930118441581,NEU,0.5241643190383911,0.0036638444289565,0.0498700179159641,0.0036151562817394,0.0798195376992225,0.0051471162587404,0.0059243259020149,0.2524482,Athos,Minecraft,A Cada Nível Ganha PARTES DO CORPO no MINECRAFT [hKPaNzyGG-Q],,GZ,GZ,GZ,"🎬 Canal: Athos | 🎥 Vídeo: A Cada Nível Ganha PARTES DO CORPO no MINECRAFT [hKPaNzyGG-Q]
⏱️ Segmento/Index: 11
──────────────────────────────────────────────────
Fala transcrita:
""10 diamantes pra você. Opa. Isso aí, agora deixa eu pegar meu corpo de volta. Vem cá, corpinho. Isso, agora cola. Uou, deu certo. Colou meu corpo. Deu certo. Tô vinteira de novo. Vocês estão suspensos. E olha só, o dever de casa de vocês é esse aí. Vai lá estudar. Agora tchau. De ver de casa? Eu não vou fazer dever de casa. Pega o dever de casa, Furus. Faz o dever de casa. Eu não vou fazer dever de nada não, vou deixar isso aí. Então vamos embora daqui. Eu achei que o nosso problema com o corpo estava resolvido. Mas o Furus piorou tudo. Nossa, eu tô muito feliz com esse meu corpo de volta. Furus, o que você vê? Opa, eu tô teleportando aí por aí. Mas com seis braços? Você tá maluco? Seis braços? Antes estava faltando partes do corpo e agora você colocou mais braços. Mas não sei, não desceu não. Acho que bugou a Matrix. Não, você acabou de vir do Nether e alguma coisa lá. Vamos corrigir isso aí. Você tá gostando de ter seis braços? Eu tô bem legal, tô parecendo uma aranha. Sobe, e tem, e é, sobe, tem, e é. Não, você tá maluco, Furus. Vamos pro Nether.""",Avaliador_B,Avaliador_F
4,"Ê Aí, ó, vim a mesma, canto aqui pra tu não chorar Pra tu não chorar, chorão Vai, vai Vai, vem ver se tu não vacila mesmo não Vai, vai, vai, vai Pô Vai, tira Meu Deus, não Olha aí, mano Acho as bolinhas atrapalhando Eu acho que essa burla aqui é desnecessária É nada, isso E acertar o pulo Tranquilo, tranquilo Tranquilo, ó, tranquilo Mas também tu ficou empancado um pedacinho ali no martelão, viu? Mas tá chegando mais de que, mano? 40 40 segundo 31 Dá certo, pessoal Vamos lá, caros e amigos Espectadores da Globo Vai ter festinha, vamos lá Vai ter festinha? Relaxa, bom Aí vem a fase do giro, olha aí pra mim, ó Vai, eu vou meter um louco aqui, né? Pra salvarar o processo Oxe, eu quero salvarar o processo, me entende? Vai o conômetro, menina Vamos liberando o quadrado aí, hein, tropinha?",0.564540445804596,0.3611187934875488,0.0743408054113388,NEG,0.3072076737880707,0.0019056394230574,0.0388895645737648,0.0024425848387181,0.0716019794344902,0.0033529542852193,0.0132523328065872,0.3245134,meu nome é david,Roblox,A CADA DERROTA EU LEVO UMA TORTADA NA CARA  desafio do tempo no STUMBLE GUYS [FWVoh7biGHc],,GZ,GZ,GZ,"🎬 Canal: meu nome é david | 🎥 Vídeo: A CADA DERROTA EU LEVO UMA TORTADA NA CARA  desafio do tempo no STUMBLE GUYS [FWVoh7biGHc]
⏱️ Segmento/Index: 4
──────────────────────────────────────────────────
Fala transcrita:
""Ê Aí, ó, vim a mesma, canto aqui pra tu não chorar Pra tu não chorar, chorão Vai, vai Vai, vem ver se tu não vacila mesmo não Vai, vai, vai, vai Pô Vai, tira Meu Deus, não Olha aí, mano Acho as bolinhas atrapalhando Eu acho que essa burla aqui é desnecessária É nada, isso E acertar o pulo Tranquilo, tranquilo Tranquilo, ó, tranquilo Mas também tu ficou empancado um pedacinho ali no martelão, viu? Mas tá chegando mais de que, mano? 40 40 segundo 31 Dá certo, pessoal Vamos lá, caros e amigos Espectadores da Globo Vai ter festinha, vamos lá Vai ter festinha? Relaxa, bom Aí vem a fase do giro, olha aí pra mim, ó Vai, eu vou meter um louco aqui, né? Pra salvarar o processo Oxe, eu quero salvarar o processo, me entende? Vai o conômetro, menina Vamos liberando o quadrado aí, hein, tropinha?""",Avaliador_B,Avaliador_F
9,eu destrui ele então não tem como você escapar ah você destruiu o carro beleza tem uma gasolina boa já vi garotinho garotinho outra gasolina só preciso saber onde ta o carro achei uma peça ok matei eu to matando ele gente boa onde é o carro você achou o carro ju ele ta no mapa ah ele ta no mapa que engraçadinha ela né ai eu sei pessoal sou muito engraçada só que não ta cade vocês vocês vem ca vai me ajuda joga uma casca pra ju escorregar não não vem ca meu deus do céu ai nem eu legal que o banana ele chama bastante a canção banana,0.0718111842870712,0.300079196691513,0.6281095743179321,POS,0.8251676559448242,0.0071985782124102,0.0390370041131973,0.0060738883912563,0.0242202505469322,0.0556715317070484,0.0143648060038685,0.56269526,Julia MineGirl,Roblox,Roblox - JASON MINEGIRL NA FAZENDA Lumberjack [GcE0yr-GN5c],,T,T,T,"🎬 Canal: Julia MineGirl | 🎥 Vídeo: Roblox - JASON MINEGIRL NA FAZENDA Lumberjack [GcE0yr-GN5c]
⏱️ Segmento/Index: 9
──────────────────────────────────────────────────
Fala transcrita:
""eu destrui ele então não tem como você escapar ah você destruiu o carro beleza tem uma gasolina boa já vi garotinho garotinho outra gasolina só preciso saber onde ta o carro achei uma peça ok matei eu to matando ele gente boa onde é o carro você achou o carro ju ele ta no mapa ah ele ta no mapa que engraçadinha ela né ai eu sei pessoal sou muito engraçada só que não ta cade vocês vocês vem ca vai me ajuda joga uma casca pra ju escorregar não não vem ca meu deus do céu ai nem eu legal que o banana ele chama bastante a canção banana""",Avaliador_B,Avaliador_F
18,"Eu tô torcendo pro que tá me atacando Quer dizer, pro que tá atacando o que tá me atacando Ah, vocês entenderam Vem cá, Steve, vou tá espadada nesse pro outro vencer Toma a espadada Ai, matei E agora tem um me atacando Vamos trazer ele pra perto de casa pra Sentrys atacarem ele E olha só, todas as Sentrys estão dando tiros nele Esse Steve vai morrer pra Sentrys Ele não vai nem conseguir me atacar direito Vai, Steve, vai, Sentrys, ataque ele Pior é que ele tem muita vida Eu vou ficar aqui atrás das Sentrys e mataram E assim, essas Sentrys podem me defender Agora nossa casa já tá muito protegida e é praticamente impossível te atacar ela Eu vou lá pra dentro que eu vou viver feliz e contente pra sempre É só a gente chegar aqui e nadar na lava Atravessar o nosso labirinto Ai, eu tô pegando fogo E saindo dele, a gente chega na nossa casa Eu posso ficar aqui dentro pra sempre Mas eu esqueci de um pequeno detalhe Eu preciso construir uma prisão pra aprisionar os Steve's malvados Só que essa prisão eu vou fazer um pouco diferente Eu não vou fazer na terra Porque eu sei que eles vão escapar e vão voltar a atacar minha casa Por isso eu criei uma base de lançamento de foguetes na frente da minha casa Vamos colocar um foguete de pra lua aqui em cima Olha o tamanho dele E agora, senhoras e senhores, vamos pro espaço 3, 2, 1 e lança O foguete não tem combustível, peraí Eu consegui vários baldes de combustível e eles nós vamos colocar aqui dentro do foguete Chegou a hora de entrar no foguete É agora, o foguete vai ter que colar Tá subindo, tá subindo, tô na ponta do foguete Que isso, galera, eu tô travado aqui Olha lá o foguete subindo E nós estamos saindo da terra Olha só, eu tô descendo Eu tô descendo na lua",0.3434566557407379,0.5130103826522827,0.1435329318046569,NEU,0.7559168934822083,0.0071344715543091,0.0330135338008403,0.002208603080362,0.0358565375208854,0.1787058413028717,0.0085539864376187,0.39231625,Athos,Minecraft,CASA SEGURA vs GIGANTE ESQUISITO no MINECRAFT [ws2iGnX0uGw],,GZ,GZ,GZ,"🎬 Canal: Athos | 🎥 Vídeo: CASA SEGURA vs GIGANTE ESQUISITO no MINECRAFT [ws2iGnX0uGw]
⏱️ Segmento/Index: 18
──────────────────────────────────────────────────
Fala transcrita:
""Eu tô torcendo pro que tá me atacando Quer dizer, pro que tá atacando o que tá me atacando Ah, vocês entenderam Vem cá, Steve, vou tá espadada nesse pro outro vencer Toma a espadada Ai, matei E agora tem um me atacando Vamos trazer ele pra perto de casa pra Sentrys atacarem ele E olha só, todas as Sentrys estão dando tiros nele Esse Steve vai morrer pra Sentrys Ele não vai nem conseguir me atacar direito Vai, Steve, vai, Sentrys, ataque ele Pior é que ele tem muita vida Eu vou ficar aqui atrás das Sentrys e mataram E assim, essas Sentrys podem me defender Agora nossa casa já tá muito protegida e é praticamente impossível te atacar ela Eu vou lá pra dentro que eu vou viver feliz e contente pra sempre É só a gente chegar aqui e nadar na lava Atravessar o nosso labirinto Ai, eu tô pegando fogo E saindo dele, a gente chega na nossa casa Eu posso ficar aqui dentro pra sempre Mas eu esqueci de um pequeno detalhe Eu preciso construir uma prisão pra aprisionar os Steve's malvados Só que essa prisão eu vou fazer um pouco diferente Eu não vou fazer na terra Porque eu sei que eles vão escapar e vão voltar a atacar minha casa Por isso eu criei uma base de lançamento de foguetes na frente da minha casa Vamos colocar um foguete de pra lua aqui em cima Olha o tamanho dele E agora, senhoras e senhores, vamos pro espaço 3, 2, 1 e lança O foguete não tem combustível, peraí Eu consegui vários baldes de combustível e eles nós vamos colocar aqui dentro do foguete Chegou a hora de entrar no foguete É agora, o foguete vai ter que colar Tá subindo, tá subindo, tô na ponta do foguete Que isso, galera, eu tô travado aqui Olha lá o foguete subindo E nós estamos saindo da terra Olha só, eu tô descendo Eu tô descendo na lua""",Avaliador_B,Avaliador_F
14,"Ai, acerta, acerta, acerta Acerta Corta Corta tudo, corta tudo Ele me derrubou, ele me derrubou Meu Deus, ele me matou mas eu fiquei Com zero de vida e ele com quase zero Espera, eu vou equipar agora Eu vou equipar agora, vou equipar essa Bóbora de Halloween, não é possível Eu acho que pra derrotar aquele chefão específico Essa bóbora, esse poder É muito melhor, eu vou testar agora O poder da bóbora tá equipado Agora eu quero ver, agora eu quero ver Nossa, eu entendi Eu deixo essas bóboras pelo caminho E aí o palhaço ao encostar nessas Bóboras que eu deixo pelo caminho ele toma um dano Absurdo, é assim que eu venço ele com facilidade Ele vem, encosta na Bóbora e toma dano Acertei Morri, não, não, como assim Eu mato de primeira aí, morro duas vezes Seguidas, vou voltar lá e vou acabar com ele Agora vai ser a apelação máxima",0.0877851247787475,0.7299343347549438,0.1822805553674698,NEU,0.7031488418579102,0.0114031648263335,0.0434778444468975,0.0031935134902596,0.0608051754534244,0.080952376127243,0.0094899795949459,0.3317266,Robin Hood Gamer,Minecraft,ME TRANSFORMEI EM PALHAÇO E LUTEI COM O MEGA NOOB DE HALLOWEEN NO ROBLOX Mega Noob Simulator [KuNQxc2p62A],,GZ,GZ,GZ,"🎬 Canal: Robin Hood Gamer | 🎥 Vídeo: ME TRANSFORMEI EM PALHAÇO E LUTEI COM O MEGA NOOB DE HALLOWEEN NO ROBLOX Mega Noob Simulator [KuNQxc2p62A]
⏱️ Segmento/Index: 14
──────────────────────────────────────────────────
Fala transcrita:
""Ai, acerta, acerta, acerta Acerta Corta Corta tudo, corta tudo Ele me derrubou, ele me derrubou Meu Deus, ele me matou mas eu fiquei Com zero de vida e ele com quase zero Espera, eu vou equipar agora Eu vou equipar agora, vou equipar essa Bóbora de Halloween, não é possível Eu acho que pra derrotar aquele chefão específico Essa bóbora, esse poder É muito melhor, eu vou testar agora O poder da bóbora tá equipado Agora eu quero ver, agora eu quero ver Nossa, eu entendi Eu deixo essas bóboras pelo caminho E aí o palhaço ao encostar nessas Bóboras que eu deixo pelo caminho ele toma um dano Absurdo, é assim que eu venço ele com facilidade Ele vem, encosta na Bóbora e toma dano Acertei Morri, não, não, como assim Eu mato de primeira aí, morro duas vezes Seguidas, vou voltar lá e vou acabar com ele Agora vai ser a apelação máxima""",Avaliador_B,Avaliador_F
2,"Se eu sou, eu não sei, luluca! Quanta porta tem nesse... Fique foi solta! Ai, não! Tá bom, então não são essas miguelinhas, porque elas estavam aqui... Ah! Já, luluca! O que aconteceu, gente? Eu sei, eu ouvi um barulho! Desfaca! O traidor foi parado! Como? Como assim? Como, luluca? Ah! O que aconteceu? Ahn? Buguei! O quê? Eu também buguei, luluca! Você entendeu alguma coisa? Play! E lá vamos nós de novo, luluca! Para o hospital! Hospital! E a gente vai votar no traidor? Vamos ver, né, luluca? Vamos ver se agora nós teremos um traidor que aceita ser traidor, né? Porque eu acho que ele desistiu. Será que ele foi? Será que ele foi? A unha bonita! Você gostou da minha unha, mami? Olha aqui, pandinhas! Vocês querem aprender como eu fiz essa unha aqui? Então passa lá no meu vídeo, que vai estar aqui em cima dos cards. Mami, não tem! Ah, luluca! Será que está desistindo? Não, no bot? Bot? Bot?",0.8141939640045166,0.1758063286542892,0.0099996058270335,NEG,0.3175835609436035,0.0007207514718174,0.0355553328990936,0.0067713190801441,0.1381111890077591,0.0040981755591928,0.0046711023896932,0.3389984,Luluca Games,Roblox,Roblox - PIGGY A TRAIDORA BUGADA Piggy Roblox  Luluca Games [_pZ2c8hrKq0],0.8141945600509644,GZ,GZ,GZ,"🎬 Canal: Luluca Games | 🎥 Vídeo: Roblox - PIGGY A TRAIDORA BUGADA Piggy Roblox  Luluca Games [_pZ2c8hrKq0]
⏱️ Segmento/Index: 2
──────────────────────────────────────────────────
Fala transcrita:
""Se eu sou, eu não sei, luluca! Quanta porta tem nesse... Fique foi solta! Ai, não! Tá bom, então não são essas miguelinhas, porque elas estavam aqui... Ah! Já, luluca! O que aconteceu, gente? Eu sei, eu ouvi um barulho! Desfaca! O traidor foi parado! Como? Como assim? Como, luluca? Ah! O que aconteceu? Ahn? Buguei! O quê? Eu também buguei, luluca! Você entendeu alguma coisa? Play! E lá vamos nós de novo, luluca! Para o hospital! Hospital! E a gente vai votar no traidor? Vamos ver, né, luluca? Vamos ver se agora nós teremos um traidor que aceita ser traidor, né? Porque eu acho que ele desistiu. Será que ele foi? Será que ele foi? A unha bonita! Você gostou da minha unha, mami? Olha aqui, pandinhas! Vocês querem aprender como eu fiz essa unha aqui? Então passa lá no meu vídeo, que vai estar aqui em cima dos cards. Mami, não tem! Ah, luluca! Será que está desistindo? Não, no bot? Bot? Bot?""",Avaliador_B,Avaliador_F
0,"Oi, filho, oi! Oi, pai! Oi, filho, oi, eu sou o pai! Oi! Oi! Dá polinho, filho, vai! Aqui! Filho, olha o gato malvado, filho! Olha o que é isso! Gato malvado, pare de dar susto do meu filho, gato! Pára de dar susto do meu filho, gato! Pára de dar susto do meu filho, gato! Pára de dar susto do meu filho, gato! Ô, filhinho, vem cá, filhinho, vem cá. Oi! É porque você é pequenininho, você ainda não tem o babão, né? Aqui, ó. É, não tenho. O grandão tem o babão, o pequenininho não tem a babinha, né? Né, pequenininho? É, não tenho. E não fiquem com medo do gato, não! Do gato! Babão! Nesse vídeo, nós vamos achar os novos bichos que estão faltando! Tem um montão de bicho que a gente não achou! Olha o tantão de bicho que tem!",0.507988452911377,0.3253538906574249,0.1666576415300369,NEG,0.290867805480957,0.0020081591792404,0.0402960330247879,0.00318243377842,0.0693587213754654,0.0042548980563879,0.0100117372348904,0.3625127,Lokis,Roblox,VERDE PEQUENO ENGRAÇADO  Roblox - Find the Rainbow Friends Morphs [TJkIovYj2Cs],,GZ,GZ,GZ,"🎬 Canal: Lokis | 🎥 Vídeo: VERDE PEQUENO ENGRAÇADO  Roblox - Find the Rainbow Friends Morphs [TJkIovYj2Cs]
⏱️ Segmento/Index: 0
──────────────────────────────────────────────────
Fala transcrita:
""Oi, filho, oi! Oi, pai! Oi, filho, oi, eu sou o pai! Oi! Oi! Dá polinho, filho, vai! Aqui! Filho, olha o gato malvado, filho! Olha o que é isso! Gato malvado, pare de dar susto do meu filho, gato! Pára de dar susto do meu filho, gato! Pára de dar susto do meu filho, gato! Pára de dar susto do meu filho, gato! Ô, filhinho, vem cá, filhinho, vem cá. Oi! É porque você é pequenininho, você ainda não tem o babão, né? Aqui, ó. É, não tenho. O grandão tem o babão, o pequenininho não tem a babinha, né? Né, pequenininho? É, não tenho. E não fiquem com medo do gato, não! Do gato! Babão! Nesse vídeo, nós vamos achar os novos bichos que estão faltando! Tem um montão de bicho que a gente não achou! Olha o tantão de bicho que tem!""",Avaliador_B,Avaliador_F
3,"Eu sei quem está com o madame, eu tenho certeza. Mano, que cagado, velho, a pessoa começava a encontrar o madame muito cagado. Se eu tivesse contado, eu já tinha matado você, mano. Gabriel! Ó, ó, ó. Sai, hein? Sai, hein? Meu amigo! Opa, olha só! Caraca, velho! Ai, Deus! Ajuda nós ae, Jesus! Ô, garotinho! Ajudou, ae, Jesus ajudou agora. Ae, complicou agora. Uh! Ajudou nada, meu Deus do céu, que é isso, velho? Olha o tanto de bicho que tem aqui! Ó, tamo como? Tamo como? A gente tinha que se levar pro Nether, né? Não, não, não, não, se você for pro Nether, cara, eu vou te acusar tanto de ar que você não tem noção.",0.9513466954231262,0.0341086126863956,0.0145446760579943,NEG,0.8380084037780762,0.0074281408451497,0.2413639724254608,0.0112120928242802,0.3094362020492553,0.0144485868513584,0.0208162572234869,0.47173777,Geleia,Minecraft,zerando minecraft mas ele me PERSEGUE SPEEDRUNNER VS CAÇADOR [IffrpIilghM],,T,T,T,"🎬 Canal: Geleia | 🎥 Vídeo: zerando minecraft mas ele me PERSEGUE SPEEDRUNNER VS CAÇADOR [IffrpIilghM]
⏱️ Segmento/Index: 3
──────────────────────────────────────────────────
Fala transcrita:
""Eu sei quem está com o madame, eu tenho certeza. Mano, que cagado, velho, a pessoa começava a encontrar o madame muito cagado. Se eu tivesse contado, eu já tinha matado você, mano. Gabriel! Ó, ó, ó. Sai, hein? Sai, hein? Meu amigo! Opa, olha só! Caraca, velho! Ai, Deus! Ajuda nós ae, Jesus! Ô, garotinho! Ajudou, ae, Jesus ajudou agora. Ae, complicou agora. Uh! Ajudou nada, meu Deus do céu, que é isso, velho? Olha o tanto de bicho que tem aqui! Ó, tamo como? Tamo como? A gente tinha que se levar pro Nether, né? Não, não, não, não, se você for pro Nether, cara, eu vou te acusar tanto de ar que você não tem noção.""",Avaliador_B,Avaliador_F
