comments_total,authors_total,comments_mean_day,comments_avg_day,comments_median_day,comments_max_day
183,168,0.3279569892473118,4.115256867574372,0.0,93
83,72,0.14638447971781304,1.2188522726380255,0.0,27
