comments_total,comments_mean_day,comments_avg_day,comments_median_day,comments_max_day,neg_total_threshold,neg_mean,neg_avg,neg_max,neg_percentage,pos_total_threshold,pos_mean,pos_avg,pos_max,pos_percentage,neu_total_threshold,neu_mean,neu_avg,neu_max,neu_percentage
2068,1.118442401297999,23.980433279166498,0.0,906,26,0.10651063121335327,0.09741106773486095,0.9370248317718506,1.2572533849129592,105,0.15113926344488998,0.16295684677627634,0.9715869426727296,5.077369439071567,1904,0.74235010384609,0.16686544159646127,0.93537700176239,92.06963249516441
